ruleset_index	matches	time_ms
0	[(0,38126),(1,10784),(2,30003),(3,10472),(7,21335),(10,12947),(11,28809),(13,3927),(14,18626),(16,20981),(17,16891),(20,11649),(22,34702),(23,26324),(24,16679),(25,5294),(26,8998),(27,22294),(28,39130),(30,29339),(32,26748),(34,34392),(37,8667),(38,13643),(39,21203),(40,16689),(41,32630),(42,2916),(43,39167),(46,35977),(47,2751),(49,5590),(50,36401),(51,2444),(53,9432),(54,6575),(55,28612),(56,1482),(58,37929),(59,6619),(62,32091),(64,92),(65,9600),(69,25255),(70,21504),(72,12960),(76,31802),(77,24914),(80,34898),(82,26503),(83,7294),(84,22791),(85,9688),(87,31522),(90,7140)]	139.848956
1	[(0,1648),(1,32998),(2,37361),(4,24762),(6,21143),(7,36027),(9,19452),(10,37689),(11,15245),(12,13509),(13,38409),(14,32778),(15,18316),(19,25119),(21,19462),(22,21983),(23,17798),(24,5836),(25,38745),(26,9110),(29,22372),(33,30428),(34,12938),(35,14308),(36,32968),(37,22306),(38,32571),(40,16686),(41,30881),(42,406),(44,36698),(45,37723),(46,9271),(47,6138),(49,32732),(52,4415),(53,25614),(60,31015),(66,21183),(68,17294),(69,10813),(70,30443),(71,27692),(72,14125),(73,23587),(75,7992),(79,23097),(80,10010),(81,20447),(82,7034),(85,25334),(86,20800),(87,32816),(88,6508),(89,21290),(90,24990),(91,27287),(92,12277)]	153.862383
2	[(0,21909),(1,34694),(2,8950),(4,31700),(6,22266),(7,28295),(8,23906),(11,7381),(14,35922),(15,6470),(16,10677),(17,33527),(19,8111),(20,8360),(24,3185),(25,29578),(26,8992),(27,14857),(28,24163),(29,24302),(30,25991),(31,30744),(32,19062),(33,28080),(34,19208),(35,32912),(36,19759),(38,38126),(39,24714),(40,4500),(42,32631),(44,7536),(45,22166),(48,8273),(50,19657),(51,6590),(52,12252),(53,12445),(56,35429),(57,16206),(58,38316),(62,13348),(63,36591),(65,34898),(67,9025),(69,33289),(70,31208),(71,20534),(72,15703),(73,11383),(77,14487),(78,26817),(79,35368),(80,23913),(81,38767),(82,1942),(83,18457),(88,17102)]	137.671147
3	[(1,14805),(2,11799),(3,7304),(4,11929),(5,9222),(6,33209),(7,9606),(8,13860),(9,24799),(10,21820),(12,32946),(16,10883),(18,18267),(19,36390),(20,28697),(22,18921),(23,21095),(25,5149),(26,2216),(27,31642),(28,4763),(29,33565),(30,21292),(31,9140),(32,12052),(33,11068),(34,521),(35,1047),(41,20325),(42,23097),(43,10010),(44,35941),(45,37186),(46,13540),(47,14057),(48,24064),(52,28341),(53,10164),(58,32155),(64,18023),(65,1053),(66,22559),(67,24878),(68,17198),(71,15138),(74,26212),(75,32046),(76,5454),(78,1085),(79,5801),(80,23763),(82,6242),(83,29279),(85,20405),(86,2585),(87,21787),(88,29904),(89,9381),(90,24393),(91,23413)]	135.767739
4	[(0,12584),(4,36547),(5,24510),(7,20010),(8,38249),(10,8357),(11,36715),(13,39041),(14,22077),(17,37253),(19,21976),(20,28335),(22,36798),(23,13938),(24,27535),(26,1061),(27,10855),(28,22422),(29,34413),(32,19666),(33,9136),(34,454),(35,38042),(37,2498),(39,10582),(40,5433),(41,7560),(42,802),(43,9413),(47,36022),(48,32173),(49,30712),(51,36755),(52,17299),(53,4779),(54,11040),(55,28466),(56,4228),(57,1117),(58,848),(62,16517),(63,3564),(64,34768),(65,1850),(66,643),(67,29410),(70,5503),(71,1300),(73,13890),(74,34217),(75,29211),(76,4341),(78,33224),(79,10080),(80,19483),(81,19564),(82,38927),(83,23274),(87,23525),(88,23386),(89,28226),(90,33089),(91,29414),(92,17733)]	136.668126
5	[(1,11717),(2,35207),(3,29978),(6,14673),(7,38352),(8,4492),(9,36858),(10,2993),(11,18007),(14,19823),(15,24029),(16,16316),(19,27366),(21,28712),(23,4850),(24,15355),(25,38317),(26,29315),(28,25710),(30,25681),(32,37847),(34,9047),(36,36654),(37,29718),(40,5519),(43,31470),(44,15911),(46,31129),(48,7606),(49,5367),(50,15457),(51,15431),(52,24388),(53,11018),(57,35276),(59,3898),(60,23330),(64,7477),(65,32252),(66,15144),(67,28971),(68,25989),(69,16418),(70,36103),(75,32767),(77,17353),(78,6413),(79,13367),(81,32440),(82,36395),(83,33124),(86,23384),(87,23844),(89,29753),(90,34463),(92,13673)]	133.252537
6	[(0,13248),(2,39001),(7,17301),(8,20357),(9,33859),(10,27070),(12,14851),(13,26311),(14,32317),(15,24657),(16,7590),(19,31112),(20,20416),(22,7329),(23,34620),(24,8502),(25,27334),(27,15124),(29,31546),(30,20540),(32,27337),(34,19893),(35,12769),(36,27141),(37,19246),(38,6283),(39,3085),(41,23641),(43,39159),(45,31071),(46,32533),(52,7804),(53,27289),(55,26409),(57,182),(60,5720),(61,36111),(64,25180),(65,27615),(66,20525),(67,24229),(69,31734),(71,30269),(73,28524),(75,273),(77,28433),(78,35638),(83,17309),(85,7498),(86,5407),(87,37552),(89,36962),(90,19383),(91,28403)]	136.925071
7	[(0,25785),(1,19202),(2,28009),(3,2061),(5,2163),(9,14598),(10,3818),(11,27829),(13,29663),(14,25893),(20,32499),(22,28855),(23,15997),(24,13033),(25,14045),(26,16935),(27,26326),(32,3073),(36,35656),(37,25069),(40,8474),(41,20071),(43,22876),(46,4772),(47,38041),(49,23895),(50,9518),(52,13192),(53,24147),(54,35149),(55,29274),(56,16997),(58,25480),(59,190),(60,8712),(61,5134),(63,34396),(65,22256),(66,28418),(67,30084),(69,14122),(70,9534),(71,35882),(72,29177),(73,37744),(75,9523),(76,36575),(77,11812),(78,14972),(79,27255),(80,15460),(81,39189),(82,3890),(84,9685),(85,904),(86,30678),(87,5123),(89,26007),(90,24941),(91,6913),(92,27693)]	137.296616
8	[(0,24620),(1,5802),(3,31315),(4,38437),(5,35015),(7,11722),(11,9810),(12,23292),(13,29713),(14,16870),(16,25492),(17,16402),(18,34588),(19,1112),(21,23199),(23,38185),(25,35170),(27,32770),(30,20742),(32,13593),(33,14809),(35,4116),(38,33561),(39,30552),(41,36079),(43,5737),(45,23074),(46,16797),(48,5652),(50,34204),(51,38133),(53,31888),(55,33598),(57,26697),(60,19968),(61,284),(63,26763),(64,17959),(67,15224),(68,21753),(70,34623),(71,6358),(79,26291),(80,29934),(84,21336),(85,35234),(86,11008),(87,21631),(88,37227),(91,20607)]	142.013057
9	[(0,31119),(3,22089),(5,2847),(6,736),(7,4874),(10,27955),(13,28359),(14,29433),(16,5167),(17,10170),(20,32967),(26,5126),(27,38616),(28,25266),(29,10299),(31,12503),(33,23212),(37,32437),(38,22472),(40,30220),(41,24191),(42,19431),(43,13432),(44,7739),(45,36188),(46,30407),(47,30843),(48,33757),(50,25239),(53,7065),(54,36196),(55,16031),(56,32454),(57,4656),(61,37813),(62,26110),(63,32914),(64,17769),(66,33009),(68,7457),(69,21230),(70,34640),(71,11600),(74,20000),(76,9007),(79,11523),(81,21165),(82,18713),(83,20146),(86,38847),(87,6208),(89,18025),(91,6613),(92,7852)]	150.606715
10	[(0,10981),(1,15838),(6,35539),(7,7676),(10,22709),(11,10113),(12,22464),(13,37590),(14,15782),(17,37234),(19,31729),(22,8430),(24,8195),(25,6362),(26,13686),(31,29185),(34,429),(35,3747),(36,16046),(38,15962),(40,22771),(43,34092),(45,23071),(47,17490),(48,6251),(52,21793),(53,16537),(55,16121),(57,33217),(58,1725),(59,7491),(60,21053),(70,14985),(71,18674),(72,16061),(73,23600),(74,14154),(77,7255),(79,37543),(80,24438),(81,38015),(82,11859),(83,26046),(84,35370),(86,37845),(88,1193),(89,661),(90,30726),(92,29999)]	191.360732
11	[(0,36911),(1,12237),(3,10623),(6,15717),(8,25230),(9,4086),(10,38008),(12,12147),(13,6980),(15,2666),(16,21022),(18,9666),(19,11470),(20,2999),(21,16818),(22,23435),(25,23473),(26,33990),(27,38158),(28,30231),(30,24424),(37,31336),(39,15850),(40,6664),(41,39192),(43,15184),(44,33998),(47,35954),(48,30141),(49,10783),(50,21848),(53,13825),(54,29208),(56,1494),(57,27750),(58,28742),(61,37469),(62,9912),(66,8958),(67,21998),(70,25781),(71,6667),(72,16185),(74,8315),(75,30709),(76,37974),(78,35413),(82,13916),(83,31731),(84,36357),(85,3270),(86,33580),(88,14201),(89,16289),(90,4011)]	190.508977
12	[(1,17485),(2,29399),(3,28058),(4,22200),(6,28573),(7,34974),(9,35182),(13,10067),(14,11660),(16,33628),(17,34781),(18,24202),(20,35688),(21,19325),(22,17945),(23,5665),(28,19258),(29,32172),(30,28235),(32,34199),(33,12948),(34,34197),(36,7397),(37,9685),(38,904),(40,38396),(43,3765),(44,16422),(45,18395),(47,29163),(49,25658),(50,14363),(51,39189),(53,26395),(54,27692),(55,14125),(56,23587),(57,4528),(61,19817),(62,22238),(65,7505),(66,28255),(67,20851),(68,1691),(69,12819),(70,35394),(71,36293),(72,29616),(73,919),(76,2929),(77,34308),(78,27716),(79,16788),(80,29433),(82,13673),(83,33318),(84,128),(85,19906),(86,3064),(89,26202),(90,12614),(91,25097),(92,2916)]	237.787245
13	[(2,21307),(7,4064),(9,20106),(13,36607),(14,8296),(15,29106),(16,17370),(17,10920),(19,6693),(21,22396),(22,24409),(23,5405),(24,21426),(25,32518),(26,24466),(27,33950),(28,7012),(30,2223),(31,24986),(33,11900),(35,17350),(37,16896),(39,2044),(40,1252),(41,34814),(42,18242),(44,26288),(45,5178),(46,20350),(49,36173),(50,10532),(51,27730),(52,30442),(53,38680),(54,29105),(57,17980),(61,10161),(64,38749),(65,6869),(66,25442),(67,30008),(68,35967),(71,3064),(74,11098),(75,6829),(76,34385),(77,20852),(78,20520),(79,14934),(80,38574),(81,12961),(84,10587),(85,27474),(86,34079),(90,13313),(91,30801),(92,23256)]	209.829432
14	[(0,18996),(1,33389),(5,37525),(6,18216),(10,3283),(11,32277),(14,22477),(17,37064),(21,39084),(22,30956),(29,34377),(30,7410),(31,322),(33,16551),(35,14524),(36,18314),(40,24235),(43,39004),(45,15306),(46,7069),(47,30007),(49,13790),(50,28520),(51,13873),(52,33421),(53,29147),(54,25711),(55,26577),(57,12559),(58,28),(60,34316),(61,18144),(62,5468),(63,27875),(64,42),(67,8244),(68,1642),(69,7165),(70,38020),(71,21876),(72,34780),(73,27586),(74,19691),(76,22580),(78,21518),(80,18939),(81,34408),(83,4962),(84,15554),(85,33979),(86,35677),(89,1170),(92,34544)]	277.067545
15	[(0,8264),(3,20977),(4,13772),(7,14169),(9,2142),(10,1992),(11,24101),(14,22782),(15,27140),(18,26930),(20,35699),(24,36461),(25,38829),(26,7190),(27,23105),(30,22354),(34,22726),(36,26569),(39,10927),(40,9907),(41,22000),(47,14992),(48,34116),(49,36899),(50,8053),(51,29813),(52,20498),(53,15165),(55,10946),(56,34248),(59,23938),(63,18851),(64,30983),(65,8125),(67,30969),(68,24995),(69,30225),(70,27077),(72,1927),(75,38359),(76,22285),(77,36571),(79,31310),(80,15891),(83,5992),(84,13249),(85,25643),(90,13918),(91,28351)]	256.631896
16	[(1,10747),(2,13270),(3,15046),(4,24237),(7,25032),(8,2147),(9,34829),(11,8520),(13,36647),(14,24623),(16,8837),(18,1243),(19,37217),(20,7766),(21,36189),(23,7504),(25,12928),(26,25172),(28,15378),(29,1322),(30,2762),(31,19083),(33,177),(34,11347),(35,5513),(38,8330),(39,2369),(40,3555),(43,20289),(44,16344),(47,17637),(50,37997),(51,21264),(55,9471),(56,35002),(57,17750),(58,12077),(59,31987),(61,28032),(64,25411),(66,25942),(67,25740),(68,13549),(71,3398),(72,31715),(73,6809),(74,1512),(75,20176),(78,6341),(80,3149),(82,9142),(84,570),(85,8956),(86,30870),(89,19504),(92,5703)]	194.369508
17	[(0,973),(5,35374),(6,18575),(7,10460),(8,34188),(9,27059),(10,11752),(12,20674),(13,28885),(15,20694),(16,38247),(21,2608),(23,30077),(25,34858),(26,31332),(27,2649),(29,10178),(31,32329),(33,34602),(35,28866),(37,14194),(38,12523),(43,26470),(47,27968),(48,21101),(52,10588),(53,9721),(54,287),(56,4252),(60,18121),(61,32951),(64,25580),(65,33183),(67,36751),(68,28553),(69,29543),(70,19243),(71,1299),(73,38414),(74,5840),(75,26982),(76,36091),(78,6424),(80,23042),(83,22496),(84,34856),(85,9215),(87,7363),(88,39108),(89,24970),(91,753)]	166.571230
18	[(0,16256),(1,5806),(2,16954),(5,24254),(6,6239),(7,15178),(8,3344),(9,5421),(10,3070),(11,25796),(12,31625),(14,25093),(19,30569),(21,3244),(22,10258),(23,36092),(24,38774),(25,1263),(27,10751),(28,13668),(29,2064),(30,33702),(32,32581),(36,13841),(38,14776),(40,7600),(42,31658),(44,34758),(45,4974),(46,29020),(47,22161),(49,32131),(50,23921),(52,21436),(53,7149),(54,24411),(55,19234),(56,15944),(60,30561),(62,22772),(64,34470),(67,28388),(68,35786),(69,3068),(70,34335),(73,35959),(74,6551),(76,8476),(77,22083),(78,17378),(79,16039),(81,28820),(82,24078),(83,27480),(84,19339),(85,32108),(86,4720),(88,21571),(89,35221),(90,14795),(91,25304)]	142.714527
19	[(0,10810),(1,38456),(2,30790),(3,5858),(4,37247),(5,3397),(7,8242),(8,37668),(9,5514),(12,25296),(14,26124),(19,30841),(22,12463),(23,14567),(24,25306),(25,2464),(26,14280),(28,7195),(33,37818),(35,23734),(36,20386),(38,132),(42,7509),(43,30989),(44,27081),(45,29124),(48,21742),(49,27259),(50,23638),(55,1646),(56,6913),(61,36756),(63,11356),(64,27434),(66,17219),(67,12697),(70,20917),(71,11742),(73,37099),(74,278),(75,32411),(76,37512),(78,33479),(80,19153),(81,34134),(82,38777),(83,37672),(84,5327),(86,10360),(87,15329),(88,38178),(89,14816),(90,178)]	154.026955
20	[(0,3029),(1,23824),(2,2482),(4,33080),(6,11963),(7,17761),(9,7353),(10,36266),(12,32971),(13,24109),(16,31558),(17,20375),(19,38656),(20,14654),(21,19111),(22,21525),(23,26606),(24,32828),(26,10199),(27,39115),(28,36776),(29,32715),(30,16305),(32,35298),(34,9024),(36,33116),(38,16061),(39,23600),(40,32569),(42,4245),(43,26250),(45,21041),(46,11278),(47,13230),(48,31174),(49,9763),(50,26656),(52,12914),(53,22980),(54,12193),(55,31376),(57,9524),(58,33308),(59,24802),(60,17717),(64,15468),(66,28515),(67,37593),(69,11884),(71,21724),(72,3420),(73,10008),(74,3245),(76,18835),(77,16748),(78,10666),(80,35438),(82,10357),(83,29888),(86,22361),(87,3749),(89,4705),(92,18291)]	145.316542
21	[(2,12112),(3,32826),(7,28149),(9,1663),(10,35449),(14,37300),(15,5119),(16,31319),(17,37113),(19,1768),(20,9611),(21,6614),(22,8307),(23,3102),(24,21437),(25,2401),(26,6917),(27,7513),(28,13399),(29,15258),(30,25653),(31,8260),(34,5164),(35,8265),(36,15953),(37,10857),(39,7370),(40,20915),(41,22029),(43,17255),(44,16824),(45,5090),(46,27007),(47,19221),(48,4552),(51,1291),(52,37930),(54,19144),(55,23770),(58,22120),(61,25344),(63,11996),(65,20467),(66,10561),(67,27632),(68,38505),(69,14274),(70,1419),(72,36457),(73,21941),(74,29769),(76,18603),(81,38374),(82,22079),(86,2657),(87,13637),(89,16007),(91,27493),(92,29733)]	135.056984
22	[(0,21973),(2,11839),(4,38197),(5,5000),(6,25522),(7,8487),(8,1389),(11,15279),(13,19452),(15,25978),(16,24541),(18,10278),(19,5694),(22,8220),(24,4233),(25,15801),(27,20114),(28,36431),(30,10206),(31,576),(33,33834),(35,6754),(39,7481),(41,1038),(42,26376),(43,6267),(44,34314),(48,29801),(52,24865),(53,37494),(54,5022),(58,35619),(63,33064),(65,30092),(67,13064),(68,13583),(70,16342),(73,26385),(75,2737),(76,31401),(78,34002),(79,6010),(80,37050),(81,38274),(82,28781),(83,9236),(85,16183),(86,30011),(87,12300),(90,33586),(91,21998),(92,35923)]	143.265287
23	[(1,2432),(3,32505),(4,24991),(6,13551),(7,15496),(9,10914),(10,10081),(11,12331),(12,886),(14,16139),(16,38359),(17,5356),(18,23786),(22,23211),(23,35875),(24,33986),(25,22607),(27,25273),(28,30397),(29,29792),(31,19447),(32,26897),(33,29954),(36,16520),(37,35141),(38,13014),(40,32522),(41,33823),(43,22491),(44,3910),(45,7206),(46,2675),(48,9601),(49,10091),(51,2688),(54,18802),(55,2914),(58,33451),(60,992),(61,2934),(64,14886),(65,37654),(68,8664),(69,7493),(70,16948),(72,906),(79,35225),(81,33498),(82,19649),(83,17397),(84,2037),(85,20787),(87,7296),(90,11409),(91,28533),(92,5484)]	136.570768
24	[(0,18926),(1,20887),(2,7975),(3,29797),(4,2502),(5,20127),(6,16441),(9,32573),(14,20223),(15,17419),(16,1194),(17,3944),(18,15997),(23,27072),(24,13508),(26,24702),(28,20799),(32,33080),(33,4124),(37,30159),(38,28337),(40,10994),(44,27592),(45,38675),(46,3598),(47,34748),(48,12180),(50,12826),(51,38016),(53,36371),(55,34188),(56,27059),(58,14425),(61,29755),(62,28359),(64,477),(67,21601),(68,3405),(71,26637),(73,32331),(77,29379),(79,22196),(82,21541),(84,36596),(85,13490),(86,37124),(87,21370),(88,14598),(90,23387),(91,3048),(92,32333)]	130.205053
25	[(0,1881),(1,27273),(6,2397),(9,36976),(10,24868),(12,35918),(13,30077),(15,7366),(16,34432),(17,9772),(18,21556),(21,36726),(22,6219),(24,26373),(26,29821),(27,35217),(28,31608),(29,21621),(30,26233),(31,27298),(32,30899),(35,12693),(36,37310),(37,20569),(39,20800),(40,10175),(41,8686),(45,23597),(47,19757),(48,24649),(51,5698),(52,2202),(54,36877),(56,14884),(57,23072),(59,9758),(60,34970),(62,10072),(68,3185),(69,16152),(72,116),(73,29480),(75,26962),(77,29185),(80,13934),(81,30286),(82,28634),(84,8294),(85,19055),(86,3189),(87,13556),(88,14424),(90,30907),(91,8353),(92,22186)]	171.934738
26	[(0,24422),(4,7799),(5,9568),(7,34976),(8,32708),(10,21865),(13,31580),(15,25545),(16,12649),(19,25011),(22,16835),(23,18744),(24,1547),(28,516),(29,6615),(32,18162),(33,1009),(34,35158),(35,15233),(36,31867),(37,1473),(38,15798),(39,26328),(42,34522),(43,14618),(46,9982),(49,35421),(50,28485),(51,10818),(52,19531),(53,18147),(56,17011),(58,1101),(59,30140),(60,24419),(62,15351),(64,4824),(66,30823),(67,10027),(68,9923),(69,17624),(70,30051),(72,34088),(74,25426),(75,37604),(78,13901),(79,36454),(81,19375),(83,21045),(84,15538),(85,310),(86,18126),(88,35688),(89,5213),(91,13652),(92,21112)]	280.220567
27	[(1,38848),(2,33084),(3,17106),(4,14709),(7,10323),(10,17140),(11,26595),(12,34037),(13,29707),(14,20743),(15,35749),(16,4722),(19,30227),(21,34421),(22,26123),(24,34141),(26,4115),(31,1080),(32,26510),(33,876),(34,19827),(36,36955),(38,22269),(44,20734),(45,10641),(46,7180),(47,20610),(52,59),(54,34836),(56,29760),(58,21641),(59,1582),(60,3576),(61,29417),(63,4272),(66,16406),(67,20893),(68,11684),(72,22683),(73,37390),(74,27700),(75,4733),(76,26463),(78,11542),(83,14860),(84,22786),(85,13029),(87,3809),(88,20572),(89,10038),(90,36182),(91,32550)]	249.603712
28	[(1,11317),(2,19850),(3,19381),(4,5663),(5,16443),(8,24744),(10,21315),(11,19756),(13,34218),(15,32999),(17,31778),(18,39137),(20,25736),(21,38125),(22,4001),(23,26369),(27,37171),(28,1977),(29,21999),(31,37942),(33,8586),(34,33899),(36,147),(37,35716),(38,24760),(41,25995),(43,18632),(44,15777),(45,86),(47,6212),(48,10406),(50,26220),(53,1845),(58,14662),(59,32876),(61,21299),(62,24091),(65,35085),(66,27647),(67,22504),(69,32184),(70,25687),(71,13251),(72,17016),(73,28147),(74,31480),(79,34044),(80,12398),(81,6508),(82,21290),(83,24939),(84,16823),(86,8314),(87,15188),(88,23756),(89,6162),(90,14775),(92,37228)]	264.348792
29	[(0,7972),(1,14191),(3,10830),(4,25974),(6,34921),(8,28164),(9,12386),(10,18844),(11,1841),(13,8062),(15,13316),(17,35285),(19,23877),(20,32377),(22,21089),(23,21196),(26,32718),(28,26861),(29,36555),(30,1893),(31,26118),(35,507),(36,35037),(38,23571),(39,16548),(40,34420),(41,10904),(42,18126),(44,728),(47,14557),(48,12652),(51,5363),(52,11825),(54,22197),(57,12882),(58,9049),(59,37383),(60,37987),(63,24933),(64,20173),(66,22190),(67,10264),(68,39095),(69,39046),(70,24895),(71,29655),(73,11798),(74,35445),(76,16792),(77,29179),(78,7650),(79,34968),(80,37727),(81,3053),(84,17638),(85,30027),(86,10322),(90,19081),(91,29672)]	243.574968
30	[(0,22996),(1,35563),(2,38565),(3,310),(4,17516),(5,20614),(6,32196),(7,12512),(8,27351),(9,13810),(10,3629),(11,6775),(12,27163),(13,10963),(14,19128),(15,20708),(19,1861),(20,27461),(21,15472),(22,15235),(23,20040),(25,7466),(26,25156),(27,32696),(28,37565),(29,36128),(32,25339),(34,31904),(35,4961),(36,34805),(38,32154),(39,35360),(40,21352),(41,15740),(44,5274),(46,35408),(47,4120),(51,23967),(53,37710),(54,21407),(55,2908),(56,23994),(59,16320),(61,30159),(63,29359),(64,7317),(65,682),(67,33085),(68,27719),(69,19143),(73,12112),(74,20046),(77,19653),(78,5651),(79,3271),(80,30376),(82,10367),(83,39142),(85,1347),(87,18148),(88,13539),(92,6969)]	265.304007
31	[(0,18328),(4,2781),(5,24434),(6,36661),(8,34568),(9,36584),(10,38136),(11,37558),(14,694),(15,26939),(16,4583),(18,2236),(19,7889),(21,7185),(22,25353),(23,5276),(25,32605),(26,10901),(27,20469),(28,24454),(32,7695),(33,27649),(34,9834),(35,28497),(37,30955),(38,18524),(39,19223),(40,32525),(41,13334),(42,20468),(43,29402),(44,9910),(47,14987),(51,37580),(52,32758),(54,31664),(55,13260),(56,26751),(58,30294),(61,27457),(62,22273),(63,13282),(65,17948),(66,27562),(71,27539),(72,36389),(73,3609),(74,35945),(75,1567),(78,27357),(79,16230),(80,11),(84,14827),(85,23776),(86,13650),(87,4390),(88,4849),(89,17164),(90,13925),(91,32945),(92,2540)]	258.869885
32	[(1,567),(2,26915),(4,28541),(7,8750),(8,23175),(9,37030),(13,997),(14,10169),(15,35265),(16,16207),(17,1952),(18,20686),(21,1456),(22,33720),(24,7957),(25,10115),(26,19522),(30,7509),(32,11145),(33,12729),(35,15988),(36,17143),(37,10975),(39,1643),(40,10617),(42,8689),(43,1650),(45,9393),(47,14009),(49,30447),(50,38566),(52,25623),(56,7308),(59,32099),(61,10184),(62,14721),(63,14415),(65,548),(66,28025),(68,5089),(69,33754),(70,13920),(71,21558),(72,32616),(73,36839),(75,16268),(76,26887),(77,23535),(78,7016),(79,6558),(80,17256),(81,27216),(83,10423),(86,32338),(87,6407),(89,2563),(90,28657),(91,34904),(92,26769)]	260.468365
33	[(1,36616),(5,10822),(6,25669),(7,38722),(10,32562),(11,17477),(12,26377),(16,6205),(17,15869),(18,34638),(19,25827),(20,3671),(21,13524),(23,6350),(24,38490),(25,3694),(28,23737),(29,4640),(30,13392),(35,14049),(36,28728),(38,16778),(41,6073),(42,9353),(43,24161),(44,6548),(45,31799),(46,23763),(48,20793),(52,33052),(54,25860),(57,5452),(58,5950),(59,36415),(61,1733),(63,1556),(65,6213),(67,17313),(69,29801),(70,8141),(71,30936),(75,6489),(76,35385),(77,24219),(78,27573),(79,27768),(80,36265),(81,31070),(83,17615),(86,5247),(88,7508),(89,35324),(90,1373),(91,26180),(92,26437)]	244.275572
34	[(0,29101),(3,37938),(5,35979),(6,8761),(7,34854),(9,23258),(10,13830),(13,22723),(14,2877),(15,26708),(17,27425),(18,38555),(21,2413),(25,8657),(26,10826),(27,6266),(28,25300),(29,34349),(30,6751),(32,14532),(34,11370),(35,9626),(36,30766),(37,16634),(39,32269),(43,27025),(44,38069),(45,13437),(46,33102),(47,8990),(49,1012),(51,30567),(53,38146),(54,6807),(55,10793),(56,187),(57,933),(58,12005),(59,10572),(62,16717),(63,17443),(66,26066),(67,5575),(70,32806),(72,13216),(73,36363),(74,17211),(75,10436),(76,1919),(77,11234),(79,18372),(81,14580),(83,16463),(84,17221),(85,13424),(86,23906),(87,25287),(89,2579),(91,17160),(92,27254)]	267.451886
35	[(0,29790),(2,7467),(3,12759),(5,23844),(7,12943),(8,8010),(11,4256),(14,37975),(16,35543),(18,37951),(19,22138),(24,22987),(26,26728),(27,8450),(28,28166),(32,13522),(33,19631),(37,5740),(39,18140),(43,835),(44,18697),(47,23546),(48,30386),(49,25718),(50,35912),(53,1485),(58,27771),(59,16453),(60,20728),(61,12653),(62,31784),(65,25521),(67,34448),(68,33600),(69,19177),(70,7444),(72,4586),(73,18018),(74,15553),(75,8348),(77,21023),(78,4661),(79,21829),(81,22946),(82,17322),(86,32405),(87,4986),(88,21939),(90,20358),(92,35073)]	251.171010
36	[(0,32247),(2,21088),(4,10605),(5,14753),(7,898),(9,22867),(10,2462),(12,20121),(13,34478),(15,14782),(16,7244),(17,14491),(19,10870),(22,38359),(23,5356),(24,3751),(27,449),(28,9050),(29,19867),(30,13711),(31,29311),(32,31331),(33,24681),(34,32925),(38,32953),(39,12144),(40,6904),(45,36408),(46,32795),(47,34170),(48,26595),(50,12223),(52,6669),(55,26285),(56,5184),(57,36204),(61,14220),(62,31054),(63,28224),(64,5781),(66,33997),(68,36875),(69,30461),(72,8840),(73,20580),(75,13016),(77,27437),(78,27998),(79,9993),(80,5152),(81,29245),(85,28936),(87,4113),(89,29940),(90,1660),(91,27876)]	248.298338
37	[(0,3267),(2,37813),(3,26110),(4,9810),(5,7552),(11,20449),(13,19304),(14,12961),(16,28484),(17,25110),(18,27873),(22,10312),(23,30279),(29,4853),(30,12271),(31,13614),(32,29233),(33,12667),(35,5495),(37,17588),(41,22248),(42,5566),(43,8924),(45,35432),(46,31676),(50,10383),(51,34415),(52,9460),(53,21569),(54,33059),(56,4453),(58,511),(59,28387),(61,22693),(66,14591),(68,27675),(69,26728),(70,8450),(71,15274),(72,11266),(74,13633),(76,21612),(78,18066),(79,30355),(80,4317),(82,31143),(83,18790),(84,26925),(87,13320),(89,10613),(90,37661),(92,29715)]	262.593038
38	[(0,38405),(1,30168),(3,11198),(4,10659),(6,39109),(7,31786),(8,37972),(9,384),(11,16620),(12,23697),(15,12920),(17,15805),(18,25006),(19,1023),(21,34401),(22,29651),(23,20808),(26,32146),(29,24301),(32,30272),(33,37298),(36,8948),(37,29909),(39,10498),(40,25424),(41,15149),(43,35657),(45,21041),(47,33400),(50,595),(51,32384),(52,27565),(53,26543),(54,20434),(55,39061),(56,10822),(60,29449),(62,38863),(63,25364),(65,10919),(66,4497),(67,19030),(68,11755),(72,4607),(73,29350),(74,37037),(75,19723),(81,7482),(82,31762),(83,893),(85,32866),(87,29220),(90,935),(91,7050),(92,20674)]	268.790663
39	[(0,42),(1,8979),(2,16226),(4,24445),(6,36102),(7,35153),(8,35122),(12,29608),(13,10723),(15,35292),(17,16460),(19,24828),(21,14485),(22,22813),(25,27378),(26,14652),(27,28792),(31,37764),(33,28020),(34,10043),(35,11879),(36,4989),(38,35027),(39,6670),(41,33374),(42,34692),(43,12058),(44,17135),(45,12936),(46,29618),(47,643),(49,31476),(51,12583),(52,38386),(54,4893),(55,20990),(56,8905),(57,14694),(58,11934),(61,9802),(62,1489),(63,18336),(64,24785),(65,1257),(66,11432),(67,32027),(68,33605),(69,14625),(70,25885),(72,32451),(73,18408),(75,25961),(76,17188),(77,13828),(79,31887),(81,28644),(82,34276),(83,12551),(84,12293),(85,15936),(89,38244),(90,34145),(91,29370),(92,32546)]	286.876983
40	[(0,33374),(1,36724),(2,32771),(3,35313),(5,29060),(6,35629),(7,3815),(9,4535),(10,25954),(11,6674),(12,27703),(13,29737),(14,26817),(17,35032),(19,33225),(21,1920),(22,13348),(23,36591),(25,5192),(26,24462),(27,130),(29,5597),(30,30573),(32,30943),(34,2500),(37,37171),(38,1977),(39,28033),(42,27168),(43,15778),(44,30412),(46,31512),(47,23884),(48,17269),(50,1041),(52,32916),(53,2090),(56,13281),(57,1502),(62,15046),(63,23613),(64,11938),(66,23525),(70,14776),(71,33228),(72,14883),(73,34816),(75,3829),(79,12446),(80,16571),(83,36318),(86,36260),(87,9376),(88,10968),(90,9939),(91,21267)]	144.602394
41	[(3,37932),(4,3071),(5,13099),(8,28105),(11,25057),(12,31418),(16,11351),(17,30478),(19,23920),(21,17060),(23,4285),(24,10339),(25,5550),(27,33733),(28,31025),(29,1111),(32,33362),(33,446),(35,37249),(36,17567),(37,8869),(38,2339),(42,29619),(43,38974),(44,9638),(45,5025),(46,17260),(47,37053),(48,20083),(50,26918),(51,6568),(52,2335),(53,18006),(54,11594),(55,35202),(56,17153),(59,962),(60,1404),(62,1501),(63,2223),(64,12656),(65,13717),(67,14177),(70,932),(71,4304),(72,2625),(74,33881),(75,29553),(76,20840),(78,25764),(79,32683),(81,38305),(83,23540),(85,32769),(86,6644),(88,7759),(89,499),(90,18834),(91,8759)]	132.812144
42	[(0,31741),(1,5707),(3,31420),(4,31492),(7,18607),(8,16678),(9,14327),(10,35954),(11,30141),(12,30691),(13,22258),(17,2063),(18,10278),(19,5694),(20,35352),(21,12492),(22,22739),(23,5683),(26,5591),(28,29161),(29,3186),(31,16986),(32,2027),(34,935),(35,33846),(36,35819),(37,17403),(40,5162),(42,7255),(44,14406),(46,6720),(47,5030),(48,7150),(49,8747),(50,1785),(52,9357),(53,1441),(54,32064),(55,30904),(56,27608),(59,33116),(60,31615),(62,21439),(64,38064),(66,19865),(67,20416),(68,13647),(71,25927),(72,7140),(73,15311),(74,19753),(75,36921),(76,24581),(77,32467),(78,4131),(79,30213),(81,19552),(82,29607),(83,30505),(85,29909),(89,8663),(90,32246),(91,2341)]	120.860503
43	[(1,23833),(2,16453),(3,21638),(4,1311),(7,30586),(8,11076),(9,19717),(11,33689),(12,18293),(14,9592),(15,36502),(16,31624),(19,34220),(20,31826),(22,28562),(23,34478),(25,22967),(27,18472),(28,37189),(30,14434),(31,9431),(32,9460),(33,37060),(34,6160),(37,29655),(39,12500),(41,35973),(44,26165),(45,37936),(49,627),(51,2737),(52,24789),(53,34724),(54,7363),(55,39108),(56,24849),(59,29187),(60,4431),(61,9962),(62,29552),(63,17953),(64,5710),(67,19887),(68,4108),(70,34841),(72,409),(73,31675),(74,28934),(76,35378),(77,38198),(79,36167),(80,39015),(81,29915),(83,1801),(84,31721),(87,10068),(88,27699),(89,12246),(92,16834)]	134.344502
44	[(0,14421),(2,11624),(3,2113),(4,3047),(5,24491),(6,37762),(7,19670),(10,10744),(11,1100),(12,25043),(13,21034),(14,8511),(17,4339),(19,8996),(20,28479),(21,6544),(22,3134),(25,10277),(26,8706),(27,13581),(28,15993),(31,36177),(34,35420),(35,35284),(37,195),(38,17553),(39,5015),(41,11877),(42,29840),(43,2255),(44,12371),(45,14168),(47,9832),(49,5188),(51,18615),(56,753),(57,11881),(60,14391),(61,29977),(62,34046),(63,35953),(64,39079),(65,2943),(66,9926),(67,9335),(68,37965),(69,24628),(74,26679),(76,38841),(77,15383),(79,32815),(80,16419),(81,21559),(85,11701),(86,19851),(88,24177),(89,20829),(90,17352),(91,20925),(92,574)]	127.419431
45	[(0,35032),(1,34723),(2,19246),(3,13006),(5,33397),(7,29746),(10,37017),(12,12627),(14,14608),(15,5162),(17,15057),(21,11450),(22,16798),(24,35654),(25,20342),(26,35634),(28,5636),(30,347),(31,8546),(32,26942),(33,34402),(34,1398),(35,14824),(36,20487),(37,10197),(38,27421),(40,26488),(44,18128),(45,7331),(46,23708),(47,39075),(48,737),(49,8737),(50,191),(51,19129),(52,23402),(53,29820),(55,22431),(57,19767),(58,31758),(59,22106),(60,29953),(63,21429),(64,36655),(65,18774),(66,4159),(67,33122),(69,5941),(74,29583),(75,24821),(77,4198),(78,24962),(79,20374),(81,10512),(83,33332),(84,30983),(86,7624),(87,12697),(89,30824),(90,30596),(92,33698)]	134.417104
46	[(0,1443),(3,26348),(5,1676),(6,16988),(10,37294),(11,25291),(12,31800),(13,33725),(17,32561),(18,31966),(19,37273),(22,20266),(23,11138),(24,229),(25,17753),(26,35898),(27,13671),(29,431),(31,4387),(32,2909),(33,29631),(34,34610),(36,120),(37,19298),(38,14020),(39,1538),(40,26222),(41,33313),(43,7710),(47,24986),(49,11900),(52,3727),(53,32349),(54,18892),(55,38301),(56,4044),(58,19298),(59,25834),(60,29053),(61,3675),(63,18745),(65,25450),(66,30982),(69,37892),(73,24834),(75,37603),(76,1969),(77,12008),(78,12983),(82,2940),(85,33144),(89,19194),(91,19636),(92,11166)]	147.586341
47	[(0,14319),(1,25298),(3,4221),(4,34010),(6,24049),(7,18859),(8,22192),(9,12709),(10,38196),(11,16270),(12,755),(13,594),(14,25034),(15,6617),(17,14034),(19,22010),(20,17898),(21,27513),(22,5086),(23,34293),(25,3983),(26,1517),(28,38691),(30,14724),(31,6113),(32,27837),(33,12378),(34,171),(35,31885),(36,33475),(37,14551),(38,2958),(39,27825),(40,38371),(41,7993),(43,10450),(46,36018),(48,36525),(49,30947),(50,37649),(52,14880),(53,23912),(54,35860),(56,16007),(58,7598),(59,36207),(61,36625),(62,27328),(63,28277),(66,38492),(67,34687),(69,1359),(73,4516),(74,19136),(75,1488),(76,5746),(77,28233),(79,12466),(80,32087),(81,34584),(83,33475),(84,14551),(86,11489),(87,17372),(92,26763)]	136.868535
48	[(0,3610),(2,22970),(7,14992),(8,4281),(9,22315),(10,33271),(11,20082),(12,22635),(15,13002),(27,11323),(28,37622),(30,11577),(34,11733),(36,674),(38,31666),(41,33731),(42,26037),(44,36652),(45,37969),(46,8158),(47,17906),(49,32695),(51,24177),(52,20829),(54,10556),(55,8667),(56,13643),(58,38101),(61,4126),(62,9667),(64,4227),(67,9893),(69,26313),(71,23560),(72,27767),(73,34119),(75,26889),(76,30588),(82,9922),(85,21504),(87,12960),(88,21621),(89,26233),(90,27298),(91,18348)]	122.985207
49	[(0,21845),(2,21468),(7,33543),(8,26702),(9,16009),(11,8353),(12,20262),(16,24536),(17,28674),(19,29073),(22,11195),(23,19167),(24,8350),(25,18687),(28,20938),(29,20380),(34,683),(39,34557),(40,23416),(41,25041),(43,31182),(45,21524),(47,8583),(53,38562),(54,19532),(58,4799),(61,881),(63,20966),(64,4850),(66,29356),(67,33323),(68,25257),(69,30375),(71,37442),(72,13755),(76,13427),(77,27975),(79,22199),(80,1089),(82,15455),(83,31477),(84,2005),(85,3361),(86,34079),(88,5772),(91,27484)]	129.180508
50	[(0,35780),(1,10186),(2,26600),(3,20685),(5,15481),(6,25798),(8,15224),(9,19115),(10,27407),(13,8616),(15,35093),(16,16076),(17,7892),(18,36709),(19,38394),(20,34218),(22,25999),(23,30461),(24,19465),(25,10299),(27,13572),(28,21108),(32,39098),(35,16073),(38,299),(39,18409),(40,14307),(41,16297),(42,13982),(43,36060),(44,9940),(45,23507),(47,7472),(50,4963),(53,34726),(54,5808),(56,26881),(57,15212),(58,29329),(60,20319),(61,22227),(62,22503),(63,29002),(64,35798),(65,15578),(68,7682),(70,4239),(72,33875),(73,9658),(74,7586),(78,29936),(79,11604),(80,34301),(82,35574),(85,9957),(88,18211),(90,20720),(92,13377)]	126.281066
51	[(0,28142),(1,27847),(3,28123),(5,2024),(6,37354),(7,26318),(8,6690),(10,787),(11,33747),(12,27556),(15,10225),(18,36814),(19,12263),(20,21659),(21,14888),(25,38805),(26,24072),(27,1),(28,24159),(29,22604),(31,11864),(33,5666),(36,15686),(37,10291),(38,28279),(39,38350),(42,5414),(43,10679),(46,4026),(47,27623),(48,4891),(52,21833),(53,10214),(54,6910),(55,8930),(58,14707),(59,9428),(60,33157),(62,20142),(64,38111),(65,8985),(67,3010),(70,19200),(71,12408),(72,18980),(74,12334),(75,31707),(76,25848),(77,10805),(78,19209),(79,28055),(81,27717),(85,33510),(87,19904),(88,19935),(89,2388),(91,3059),(92,21282)]	137.914737
52	[(0,37343),(1,209),(3,13000),(4,9014),(5,12211),(6,15265),(8,28154),(12,7328),(13,30867),(14,28466),(15,25450),(16,37657),(17,10594),(18,12713),(19,21395),(20,4925),(21,27358),(22,19930),(23,27561),(24,11676),(25,735),(27,29801),(28,36341),(30,25970),(31,22030),(32,11601),(33,35410),(36,18195),(37,35492),(38,16820),(39,9849),(40,10798),(43,366),(44,39141),(45,9004),(47,18944),(48,20934),(49,29117),(50,23669),(53,30148),(54,31749),(55,9911),(57,10905),(58,24670),(60,22944),(61,15285),(65,35956),(66,27648),(68,8443),(69,29214),(71,24645),(72,25742),(73,11229),(76,25024),(80,36937),(82,19679),(83,29396),(84,23894),(85,26875),(86,11302),(87,14761),(88,1586),(90,22133)]	124.827601
53	[(2,31978),(3,11846),(4,35077),(9,31994),(12,24648),(13,12231),(15,20012),(17,7918),(20,30840),(22,1632),(23,34165),(25,11273),(26,6438),(31,23644),(32,15125),(33,20804),(36,12542),(37,9178),(38,25084),(39,2306),(40,29000),(41,36195),(42,18720),(43,36865),(44,15753),(47,33602),(53,26095),(54,15846),(55,35496),(60,23296),(63,31801),(64,26085),(65,13707),(66,34752),(67,23706),(68,9077),(70,16408),(71,37553),(72,20857),(73,31262),(76,30493),(77,1693),(78,718),(79,23597),(88,6811),(92,5685)]	148.985567
54	[(0,4877),(5,32874),(9,22203),(11,27969),(12,26967),(13,37009),(15,32268),(16,28219),(17,15090),(18,34320),(19,693),(20,34076),(21,6920),(22,37741),(23,36338),(24,19812),(25,27839),(28,3381),(30,1954),(32,27253),(33,4164),(35,8549),(36,22989),(37,23475),(39,10716),(41,18922),(42,25472),(45,6147),(46,30414),(47,35940),(48,23362),(49,34896),(50,26522),(51,28405),(57,4729),(58,33388),(63,37473),(64,35336),(65,1626),(66,28029),(67,19961),(69,3809),(70,20572),(71,24227),(73,36652),(74,34993),(75,34678),(76,38748),(77,7689),(82,24909),(83,30750),(84,29677),(85,38787),(86,4702),(87,30379),(88,33623),(89,7546),(90,6184)]	125.027693
55	[(0,10270),(3,30655),(6,21418),(7,5030),(8,7150),(9,33003),(12,36166),(13,2972),(15,11564),(18,11667),(21,3479),(22,33611),(23,10753),(25,16299),(26,23525),(27,26381),(28,36869),(29,16681),(30,6423),(31,35864),(32,35729),(33,35350),(37,32829),(41,37288),(43,37239),(44,16842),(45,32029),(47,37130),(48,38064),(49,33535),(50,18810),(52,280),(54,22881),(58,33275),(60,20892),(61,14246),(62,38383),(63,26254),(64,22771),(67,2670),(68,6382),(69,29664),(72,36019),(74,1810),(75,17168),(77,2317),(78,29276),(80,29188),(81,8924),(83,29689),(87,38359),(88,30802),(89,10841),(90,3983)]	130.166624
56	[(0,27955),(1,33135),(2,37529),(3,1897),(5,34912),(7,33630),(8,17955),(12,15266),(13,37650),(15,34020),(17,1183),(18,25114),(20,11997),(21,25721),(25,20820),(26,20990),(27,23473),(32,35803),(33,20721),(35,27922),(38,25399),(39,3101),(40,2857),(41,31341),(44,25640),(45,33935),(46,28503),(47,4495),(48,629),(50,13128),(53,20850),(54,24103),(55,20489),(57,1332),(58,29298),(59,27701),(60,27906),(63,25393),(64,30145),(65,24757),(69,38520),(71,20127),(72,21076),(74,25573),(78,16270),(79,17232),(80,22358),(81,15503),(83,18191),(84,14978),(86,35880),(87,2994),(88,8887),(89,34797),(90,18885),(91,27531)]	126.664709
57	[(1,27650),(2,9300),(6,23046),(9,8915),(10,7295),(11,3742),(12,4446),(13,24846),(14,19388),(15,23352),(18,30188),(19,27151),(20,5682),(22,34496),(24,26098),(25,33567),(26,2201),(29,21428),(30,31299),(31,4268),(32,2507),(33,17090),(34,8166),(35,3516),(37,25252),(39,6218),(40,34436),(42,12749),(43,32726),(44,11455),(49,10150),(50,30023),(52,33061),(53,23599),(54,26552),(58,20927),(59,28095),(61,32124),(62,13642),(64,30865),(67,24477),(68,8390),(72,3250),(73,29545),(74,8134),(75,34121),(77,28525),(78,398),(79,7815),(81,11413),(82,30398),(83,2848),(85,29943),(87,9884),(88,8324),(90,21330),(92,3738)]	122.426941
58	[(2,33588),(4,15695),(5,21710),(9,11936),(10,22134),(12,24758),(13,14372),(17,14384),(26,26184),(27,7040),(28,38513),(30,467),(32,13229),(33,6062),(35,946),(37,11244),(38,31089),(39,31374),(40,29769),(42,18603),(46,14898),(48,31025),(51,5209),(52,3087),(54,26957),(56,35534),(57,2510),(59,9665),(60,6201),(61,22034),(64,14749),(65,4051),(66,37081),(67,18520),(69,2572),(70,9774),(71,1728),(72,11612),(73,7453),(74,30865),(75,8397),(77,29153),(78,15692),(80,37654),(82,8452),(83,33846),(84,35819),(85,27997),(87,38486),(88,28297),(90,33524),(91,6681),(92,34941)]	127.175481
59	[(0,20253),(1,21007),(2,31313),(5,14707),(6,11507),(7,37664),(8,19057),(11,26605),(12,2385),(13,15709),(14,28613),(15,2192),(17,20118),(18,15791),(26,36153),(27,21489),(28,17275),(29,8075),(31,318),(32,9780),(35,32830),(36,27375),(38,33216),(39,7397),(40,3210),(42,5009),(43,34508),(44,33356),(45,24897),(48,9279),(49,30624),(50,8291),(51,23949),(53,25302),(55,12848),(56,11736),(58,22964),(59,17408),(60,5267),(63,14039),(64,34868),(66,10099),(67,5762),(68,17971),(73,26143),(74,35383),(75,4631),(78,23557),(80,28779),(81,16133),(82,7102),(83,36492),(84,4665),(85,4624),(87,5650),(88,7807),(89,30816),(92,33628)]	137.580666
60	[(1,27799),(2,3935),(3,35966),(4,10586),(7,26728),(8,8450),(9,15274),(11,16367),(13,6050),(14,23044),(16,29620),(17,25271),(18,5043),(20,28575),(22,3790),(23,38776),(24,1467),(25,16817),(27,19051),(28,9307),(29,27850),(30,27781),(33,22852),(35,3214),(36,6921),(38,37035),(40,21427),(41,36024),(42,20754),(43,37218),(47,37014),(48,29401),(49,16341),(50,33022),(51,33684),(52,26385),(54,30907),(55,20558),(56,24793),(57,17320),(59,6066),(62,18008),(63,34066),(66,30847),(67,3588),(69,19624),(72,24031),(73,26751),(75,30294),(78,32684),(81,10582),(88,17113),(90,29022),(92,21005)]	126.458267
61	[(0,2446),(1,36106),(2,14292),(3,15144),(4,2071),(5,10012),(6,9977),(9,17455),(12,18552),(13,17104),(15,15527),(17,4956),(19,1382),(20,31603),(22,23172),(25,8063),(29,33838),(32,31159),(33,35735),(36,17233),(38,38471),(40,25341),(43,32146),(45,32848),(48,13928),(49,8179),(52,32657),(53,3807),(54,15970),(55,33156),(56,37121),(57,32291),(58,13685),(60,25820),(61,5713),(63,24117),(64,23220),(65,38446),(66,13044),(67,5370),(68,30193),(73,29283),(75,29032),(76,22816),(78,1665),(79,30262),(81,11875),(82,3288),(83,22180),(84,11201),(89,32579),(90,4934),(92,8804)]	145.775006
62	[(1,37064),(4,19422),(5,7834),(6,20325),(7,9292),(8,17375),(9,17171),(11,31034),(12,6662),(16,2993),(18,29939),(20,20902),(23,23023),(26,38585),(27,34978),(30,35536),(32,27161),(34,9920),(35,2541),(36,21137),(37,12444),(39,30958),(40,3362),(41,4589),(42,19100),(44,6385),(47,31830),(49,32828),(52,13396),(53,11204),(56,19668),(57,25233),(59,36610),(60,32800),(61,36992),(62,38397),(66,6011),(67,10795),(68,15667),(70,14202),(71,7905),(72,32747),(76,12151),(77,26221),(78,8989),(80,5289),(81,7654),(85,38131),(86,32239),(88,27411),(89,28864),(90,8578),(92,8756)]	134.776538
63	[(1,5398),(3,20274),(4,11881),(6,27750),(7,5887),(11,20362),(13,24459),(14,5180),(16,35255),(17,14776),(20,31548),(21,31784),(22,29994),(25,20237),(27,27747),(30,1032),(31,22555),(32,23227),(33,38802),(36,28468),(38,7099),(41,31898),(43,1157),(45,17786),(46,27898),(47,2374),(48,35725),(49,27240),(50,8479),(51,3651),(52,799),(53,14228),(57,8255),(58,6300),(60,14497),(61,30932),(62,32547),(63,22585),(66,5328),(67,1015),(68,10172),(69,16838),(73,11308),(74,11060),(76,38693),(78,8113),(80,10516),(82,14820),(84,11964),(85,9088),(86,60),(88,18941),(89,22193),(92,24962)]	128.142614
64	[(0,18716),(1,19727),(2,3677),(3,4952),(7,3017),(8,668),(10,26723),(11,15762),(12,23227),(13,26117),(14,28143),(16,26163),(17,3227),(18,29819),(19,21359),(21,6778),(23,33479),(25,36681),(29,31000),(30,14523),(31,39092),(35,22370),(37,28281),(38,34875),(39,2147),(40,2275),(41,22726),(42,27309),(45,14241),(47,31205),(49,37460),(51,25300),(54,15937),(56,38882),(58,37388),(60,2098),(61,33775),(62,15439),(65,19659),(66,38424),(69,8754),(70,450),(71,1448),(72,14221),(75,38372),(77,25589),(78,13419),(79,9717),(81,10989),(82,2234),(83,5256),(84,2248),(85,30352),(87,19824),(91,37376),(92,20285)]	127.326174
65	[(0,18800),(1,34139),(5,26596),(6,37649),(8,3558),(11,10895),(12,10630),(15,31531),(16,7235),(17,31625),(18,2148),(19,25356),(20,22714),(22,16531),(23,34051),(24,13990),(25,12469),(26,18331),(27,22169),(30,32564),(33,2077),(34,1216),(37,36379),(40,2764),(41,21599),(42,37528),(43,13012),(44,3157),(45,5018),(46,27336),(47,29936),(48,11604),(49,34301),(50,32429),(51,28127),(53,5252),(55,16037),(56,22961),(59,5291),(65,15517),(66,16400),(68,28647),(71,26609),(73,38109),(74,22912),(75,3077),(76,8105),(80,17015),(83,14930),(86,12883),(87,25400),(88,15025),(89,35950),(91,37006)]	124.358113
66	[(0,27802),(1,30788),(3,28964),(4,28541),(5,11752),(7,21468),(8,35431),(9,807),(12,21755),(14,27260),(15,28858),(16,8347),(17,4539),(18,36398),(21,11722),(23,7395),(25,3785),(27,16409),(29,33240),(32,11510),(33,8469),(34,18062),(35,1156),(37,22567),(38,15346),(39,11262),(40,5496),(41,37384),(43,23579),(45,29848),(47,15852),(48,15306),(49,7069),(50,38925),(52,34904),(53,32766),(54,10476),(55,19103),(60,27367),(61,22213),(62,10326),(63,26779),(65,18140),(66,2819),(67,32779),(69,24711),(71,9455),(75,25865),(76,4068),(79,37748),(80,12051),(81,25106),(82,10366),(86,32110),(88,18973),(89,26950),(90,11374),(91,11520),(92,19094)]	145.297332
67	[(0,2982),(2,19265),(4,23082),(5,5948),(6,16225),(8,36755),(9,10595),(11,17895),(12,22182),(13,14714),(17,23439),(18,16225),(20,32633),(21,22986),(23,4817),(25,10132),(26,33650),(27,10059),(28,8999),(29,29061),(30,23809),(31,4122),(32,38444),(33,9569),(35,7688),(37,30040),(38,33385),(41,17623),(42,19713),(43,23302),(44,7465),(45,33054),(47,10349),(48,11593),(49,7714),(51,35133),(53,6733),(54,25772),(56,34915),(57,11032),(61,6895),(63,12964),(67,34237),(68,39070),(70,3451),(71,30161),(72,24235),(73,9055),(74,32194),(76,15722),(80,9430),(81,11562),(82,32439),(84,425),(85,21195),(86,7810),(87,13178),(88,5788),(91,7111),(92,3545)]	137.523434
68	[(1,32576),(4,9917),(7,26150),(9,21608),(11,34148),(12,28901),(17,6060),(19,1406),(20,16518),(23,2371),(24,12758),(26,1777),(27,25806),(29,34974),(31,30517),(32,37552),(34,8468),(36,10711),(37,15),(38,6973),(39,3522),(43,33317),(47,35824),(48,14957),(50,21721),(51,35938),(54,23498),(57,7940),(58,31967),(62,18462),(63,28642),(66,10841),(68,11103),(69,37040),(70,14263),(72,35626),(73,16552),(75,17582),(76,36158),(77,939),(78,36295),(79,39101),(80,31355),(81,12940),(82,38540),(83,4036),(84,17895),(85,13361),(86,11354),(87,14299),(90,4251),(91,9011),(92,10106)]	130.366903
69	[(1,32610),(2,14875),(3,87),(5,15807),(7,37911),(9,29710),(11,37262),(12,27295),(14,31860),(17,7707),(18,14330),(20,1350),(21,15384),(23,23827),(25,7845),(27,9682),(28,24565),(29,11284),(34,28598),(37,10953),(38,18074),(39,5008),(41,2495),(43,26761),(45,5670),(46,32461),(47,17166),(49,26159),(52,10329),(53,38554),(54,18296),(56,27640),(58,9114),(60,17706),(61,30570),(62,18060),(63,20868),(64,17785),(65,5418),(70,29257),(71,1991),(73,28131),(74,4428),(78,25652),(79,19302),(80,32476),(82,24718),(83,34613),(84,20956),(85,6077),(86,30981),(87,30154),(88,4860),(90,8539),(91,1820)]	151.617707
70	[(0,5681),(1,15469),(3,24639),(5,10466),(6,38510),(7,18910),(8,17463),(9,36375),(10,21883),(12,28524),(13,8731),(15,16409),(16,20546),(17,32159),(19,3749),(20,19166),(28,4265),(29,797),(31,21877),(32,32341),(33,1455),(34,9870),(37,38992),(38,28759),(40,14536),(42,5749),(43,6517),(45,34749),(46,2910),(47,12686),(48,37921),(49,32785),(50,29357),(52,15233),(53,23957),(55,4706),(58,11006),(59,29168),(60,36818),(62,7927),(63,3209),(64,17502),(66,8947),(67,12650),(70,29726),(74,4078),(75,35833),(77,6943),(78,5860),(79,21510),(81,4664),(82,11160),(84,33434),(85,9182),(86,3034),(88,11104),(90,1931),(92,19100)]	139.738445
71	[(1,26132),(2,14443),(4,10668),(5,29859),(6,20494),(7,6327),(9,10738),(11,31614),(12,24043),(13,21060),(17,20028),(20,23597),(22,23002),(23,24319),(24,31115),(25,31811),(30,24922),(31,26717),(32,16024),(33,21116),(36,18927),(38,32564),(40,31574),(41,14296),(42,27722),(44,36171),(45,1206),(47,8484),(48,8292),(51,15804),(52,39164),(53,2069),(54,36059),(55,11210),(56,800),(62,12869),(65,32696),(66,24168),(69,12418),(70,9188),(71,34901),(72,32681),(73,23555),(74,746),(77,13934),(78,4465),(80,20663),(82,20460),(85,33750),(86,36249),(88,20373),(92,11244)]	133.499638
72	[(1,25785),(2,19202),(3,5968),(5,24512),(7,36677),(8,13226),(9,4031),(10,31714),(13,29986),(15,15139),(16,39072),(17,8763),(19,17645),(22,36492),(23,32416),(25,25107),(26,36479),(27,23586),(28,8624),(31,37177),(32,5990),(35,26489),(37,17296),(39,11689),(40,34185),(41,6625),(44,1473),(45,16459),(46,13777),(47,28054),(48,7678),(51,34247),(52,15958),(53,16303),(54,24820),(55,11798),(58,28643),(60,1256),(61,5615),(62,34686),(63,6606),(67,9280),(69,8793),(70,30831),(71,31252),(72,12661),(75,37407),(77,26553),(78,20929),(79,20542),(82,26036),(84,31846),(85,30877),(86,10918),(87,33973),(88,19948),(90,21233),(92,30874)]	124.122015
73	[(1,32320),(2,21639),(4,28237),(5,575),(6,31018),(7,19822),(9,33200),(10,16523),(12,31034),(13,22444),(14,15326),(16,11380),(18,12037),(19,16600),(20,34330),(23,14864),(24,25455),(26,13588),(28,13787),(30,20870),(32,32501),(33,22217),(35,24957),(39,30695),(40,21811),(41,4527),(42,9400),(43,30956),(47,36881),(52,8621),(53,21091),(56,29030),(58,35409),(59,36292),(61,7235),(62,31625),(63,2148),(65,9570),(67,29285),(69,1072),(72,30046),(75,31234),(76,17913),(77,14940),(78,37642),(80,20044),(81,32551),(82,13091),(83,21649),(84,22505),(86,29629),(87,22130),(88,34745),(91,3497),(92,31046)]	132.502631
74	[(0,18111),(4,23911),(5,26360),(6,5777),(7,11365),(8,11512),(10,24677),(11,32483),(12,22276),(14,20111),(15,16227),(16,13769),(19,24574),(20,249),(22,12180),(23,24727),(31,27634),(32,15248),(33,16868),(34,2883),(35,17724),(36,6111),(37,17331),(39,23255),(40,20603),(41,10585),(42,1014),(47,29833),(48,30766),(50,24922),(51,26717),(52,16024),(53,21116),(57,16661),(60,25990),(61,4383),(62,22071),(63,7548),(67,7825),(71,22926),(72,29546),(73,7800),(74,37441),(75,24165),(76,10804),(77,28389),(78,26857),(79,11030),(80,9151),(83,20147),(87,8051),(89,16375),(90,8428),(91,34506)]	131.688501
75	[(0,31069),(3,20767),(4,37640),(5,6758),(7,18731),(10,7443),(11,3460),(14,4357),(15,12053),(16,35218),(17,35356),(18,27854),(21,33805),(22,4190),(23,4133),(24,7837),(27,13838),(31,4999),(32,21891),(35,32182),(38,11508),(41,35103),(42,18834),(44,23881),(45,5100),(46,294),(47,12961),(51,6497),(53,1437),(54,8368),(55,31098),(58,21457),(59,31534),(61,3414),(62,32144),(63,30790),(64,3099),(65,1923),(67,19746),(68,31817),(73,30901),(74,34434),(75,20180),(76,30356),(77,17189),(81,18889),(83,28825),(87,7943),(88,18954),(89,13916),(90,18069),(91,23561)]	126.603733
76	[(0,20312),(2,2574),(4,27680),(5,8422),(6,35209),(7,32479),(10,29360),(11,4428),(13,16599),(14,30186),(15,38723),(16,11279),(17,21419),(18,32553),(19,9227),(20,4365),(21,8482),(23,22740),(24,17294),(25,8264),(27,14438),(28,8255),(33,33175),(37,31174),(38,11842),(40,5653),(41,12617),(46,22063),(47,26305),(48,11119),(49,24212),(50,27876),(53,25730),(54,36736),(59,34656),(60,39121),(63,18472),(64,37189),(66,7133),(69,25993),(70,853),(76,31020),(77,21940),(80,25025),(81,5458),(83,19704),(84,2051),(86,31169),(89,7483),(90,18758),(92,28065)]	143.630616
77	[(1,19129),(2,38975),(3,17026),(4,7454),(9,27537),(11,27709),(12,12507),(13,31771),(15,6646),(19,18991),(20,26277),(21,27639),(22,25904),(24,33653),(26,32351),(27,4305),(28,10083),(29,37147),(30,16329),(32,4491),(34,29882),(37,2809),(38,1140),(39,37430),(40,11965),(41,22959),(43,19034),(44,14261),(45,5673),(47,31893),(48,14658),(49,14343),(53,19250),(54,16512),(55,35568),(60,32340),(61,2098),(62,36137),(64,17665),(71,35183),(72,26453),(74,34616),(76,33644),(78,20580),(79,20875),(82,14750),(83,31878),(90,8660)]	158.639011
78	[(7,28611),(8,6798),(9,23247),(11,3054),(14,370),(15,34635),(16,3502),(17,18483),(20,866),(24,35969),(25,25959),(26,6748),(31,31417),(32,23458),(33,10834),(35,27754),(36,4459),(38,13864),(39,3242),(42,23095),(43,22244),(44,20738),(47,5634),(48,31411),(49,29980),(54,7444),(55,30580),(57,27817),(58,18446),(59,10539),(61,24689),(64,23315),(65,21186),(66,35959),(67,6551),(69,31674),(70,28814),(71,12411),(72,31089),(75,29670),(77,10268),(78,22903),(79,33509),(80,6241),(81,4946),(83,15886),(84,12688),(85,7987),(87,37182),(88,10885),(90,30771),(92,18485)]	142.052136
79	[(0,3340),(1,34128),(2,15437),(4,29333),(7,11083),(8,33281),(9,4096),(10,29661),(11,13141),(12,2013),(13,28501),(15,25478),(16,26973),(19,32759),(20,14892),(22,31084),(24,35514),(25,12613),(26,7785),(27,28225),(29,19023),(32,5667),(34,28217),(36,1445),(37,4130),(38,25806),(39,6702),(41,15298),(43,4537),(44,5960),(45,30138),(46,30818),(47,1264),(52,9161),(53,6115),(55,16653),(56,28791),(57,35305),(59,9326),(60,35461),(61,8186),(62,9296),(63,4641),(64,34672),(65,20806),(66,3305),(67,27577),(68,3363),(69,21651),(71,108),(72,36483),(73,23692),(74,30143),(75,3090),(80,17007),(81,13907),(82,31121),(83,38243),(84,10675),(86,7019),(87,27003),(88,14981),(91,35133)]	135.722904
80	[(0,24157),(1,6816),(2,29392),(3,17916),(5,12189),(7,18679),(12,14434),(13,9431),(15,5125),(16,16977),(17,21984),(20,24267),(21,19857),(23,39108),(27,5640),(28,30110),(30,11581),(31,14796),(32,29361),(33,16905),(34,30137),(36,28692),(37,1754),(38,2509),(40,15973),(41,10345),(44,67),(46,30403),(47,38578),(48,13953),(49,29248),(52,37749),(53,22650),(55,19979),(56,7417),(58,27378),(59,27560),(61,19328),(62,29802),(63,36687),(65,17190),(67,39016),(69,4012),(73,12880),(74,32443),(75,3879),(77,25108),(78,15393),(79,26261),(80,15317),(81,18130),(85,41),(86,3889),(87,7633),(88,26771),(91,11990)]	126.616126
81	[(4,18003),(5,20442),(9,10881),(11,6762),(13,2276),(15,23721),(16,5003),(17,38583),(21,20264),(22,9982),(24,6499),(26,25550),(32,1953),(33,17643),(34,2170),(37,8876),(39,26401),(40,22802),(41,6661),(43,24425),(44,10063),(45,33822),(47,26003),(48,11461),(49,18803),(50,33488),(52,18737),(53,14622),(56,23480),(57,35874),(63,11881),(66,1529),(67,9094),(69,5427),(70,12794),(71,38377),(72,36395),(73,25789),(74,8724),(76,30623),(79,36896),(80,23223),(81,16737),(82,12140),(83,10645),(85,19129),(86,22578),(87,11325),(88,5410)]	147.940769
82	[(0,19873),(1,3516),(2,29134),(4,12097),(6,33240),(8,13240),(9,3824),(10,2611),(12,2519),(13,25946),(17,35476),(18,17120),(21,197),(22,18117),(23,32581),(24,22038),(25,26817),(27,3737),(29,5405),(31,28926),(32,30685),(35,24689),(36,6998),(40,38443),(41,11883),(42,31867),(43,35865),(44,9141),(47,11922),(48,15387),(49,18402),(50,8001),(52,29127),(54,33235),(56,32767),(57,4467),(58,28866),(60,22963),(63,37286),(66,11912),(67,4872),(70,19383),(75,17384),(76,28726),(77,3818),(78,27829),(79,38931),(80,9325),(82,35854),(83,26746),(84,23562),(85,22247),(86,31953),(88,37193),(89,6761)]	124.430113
83	[(0,7463),(4,28490),(5,34194),(6,6308),(7,15841),(8,3907),(10,2271),(12,24491),(14,1928),(16,32090),(17,19764),(20,17588),(22,2711),(24,27889),(25,38611),(27,12369),(29,34462),(30,27070),(32,20429),(35,14586),(36,14575),(38,38992),(39,34863),(40,19409),(44,20789),(45,25084),(46,23726),(49,19033),(50,17627),(51,38688),(56,21505),(59,16776),(61,25241),(62,1288),(64,26372),(66,29049),(69,28021),(70,13182),(72,19614),(74,7411),(75,10197),(76,38533),(78,37350),(80,20800),(81,10175),(82,8686),(84,14116),(89,6494),(90,27896),(91,24540)]	128.560075
84	[(2,35261),(4,19481),(5,5557),(6,8086),(7,31742),(8,24780),(10,38696),(12,21376),(13,35375),(14,19233),(15,11067),(16,7390),(18,8239),(20,103),(23,11074),(26,36011),(28,12939),(30,21187),(32,6100),(33,16898),(34,10828),(36,15572),(39,30577),(41,17477),(42,26377),(47,28716),(48,25),(50,58),(51,13403),(53,17598),(54,34486),(56,5385),(57,28233),(58,37843),(60,28627),(61,8629),(64,557),(65,2615),(67,18404),(71,21233),(72,12137),(73,32512),(74,28961),(78,34258),(79,4197),(81,29988),(85,35195),(87,8519),(88,4146),(89,35802)]	142.139427
85	[(1,29641),(2,12967),(3,13020),(4,6076),(5,27144),(7,9812),(8,30471),(10,15285),(13,26430),(15,9039),(16,29569),(17,22450),(18,28543),(19,21454),(20,32784),(23,8621),(24,21091),(26,21560),(27,25377),(29,9725),(31,2152),(34,29015),(35,10131),(40,15008),(41,5563),(43,29182),(44,19397),(45,31155),(46,33674),(48,14179),(49,27325),(50,2194),(51,34666),(54,21139),(55,24379),(56,36457),(57,17553),(58,31942),(59,15300),(61,14083),(63,30216),(64,925),(65,38148),(66,28185),(68,4862),(71,35341),(73,24300),(75,5816),(76,38796),(78,19144),(79,21243),(81,37171),(82,1977),(83,31877),(84,8999)]	131.474686
86	[(6,33270),(8,21727),(10,38715),(11,19432),(14,28220),(15,14352),(17,21464),(18,10895),(19,10630),(21,32708),(22,16849),(24,10458),(25,7274),(26,33705),(28,26569),(31,28858),(32,18528),(34,32374),(35,11260),(36,22191),(37,3644),(40,26013),(41,30255),(43,36005),(44,9801),(46,6907),(47,11029),(48,7759),(49,32800),(50,36992),(51,38397),(52,19778),(53,9991),(56,29254),(57,29004),(59,19884),(61,23050),(63,3380),(64,21107),(67,28523),(68,786),(71,27220),(73,9304),(74,27189),(77,26056),(78,14982),(82,3412),(83,31826),(85,7762),(86,27335),(87,7842),(89,4854),(90,21099),(92,21548)]	120.721980
87	[(1,12080),(5,9408),(6,24987),(7,4839),(9,36399),(11,7354),(12,4033),(13,14039),(15,22148),(16,16692),(17,19757),(19,22894),(20,8465),(21,32878),(24,9976),(26,35297),(27,24216),(30,6618),(32,32188),(34,9686),(36,1111),(38,36245),(41,2579),(42,28476),(43,25122),(44,17052),(45,23286),(46,18083),(47,1956),(50,19389),(52,32916),(53,22888),(54,31366),(55,12493),(56,9268),(57,5130),(59,5053),(60,7097),(62,25340),(67,14494),(68,22603),(69,732),(70,37816),(74,519),(75,37896),(78,22373),(80,18499),(82,23945),(84,6557),(85,10417),(86,6132),(89,19731),(90,31773),(91,7567),(92,32382)]	123.428140
88	[(1,8855),(2,11516),(4,686),(5,23200),(7,12710),(8,32875),(9,16986),(10,33697),(11,36503),(14,29927),(17,21735),(21,9987),(22,11879),(23,24667),(24,31569),(25,22616),(26,17845),(29,374),(30,36083),(31,1683),(32,140),(33,11670),(34,11876),(37,11810),(39,24896),(40,22414),(41,12393),(42,9927),(43,37408),(46,24972),(47,33104),(49,28079),(50,17357),(52,4104),(54,28288),(56,4517),(58,18247),(59,6857),(61,9191),(62,32360),(64,27616),(66,29732),(67,38851),(68,30932),(70,36934),(71,35426),(72,27258),(74,21322),(76,29655),(77,2516),(79,10314),(80,9464),(81,32174),(83,16793),(84,20002),(85,18207),(86,37465),(87,3052),(88,13140),(89,27014),(90,13509),(91,22067)]	127.808906
89	[(2,12549),(4,38651),(5,1025),(8,8865),(12,8492),(13,16711),(14,11521),(15,8586),(16,33899),(17,20316),(18,32491),(19,1620),(20,33450),(22,35946),(24,21284),(25,5616),(26,16969),(28,33937),(31,15242),(35,13910),(36,5586),(37,25389),(38,30484),(40,2906),(41,5531),(42,19837),(44,36036),(49,33996),(52,10511),(53,20855),(54,32585),(55,1505),(56,32082),(59,30980),(60,15420),(61,4403),(62,12168),(63,18808),(64,26948),(65,31081),(66,4391),(68,5459),(69,25869),(72,26036),(75,31714),(77,29881),(78,38709),(79,28518),(80,31620),(81,3803),(83,2117),(84,22160),(87,20271),(92,33767)]	137.853033
90	[(0,24829),(1,20654),(4,6470),(5,18507),(6,305),(7,14333),(8,8538),(9,35738),(11,20977),(13,11020),(15,25244),(16,11776),(18,18505),(19,11832),(20,12971),(22,19097),(23,34453),(24,10193),(25,26606),(26,30912),(27,23215),(28,2674),(29,25596),(31,23731),(32,8266),(34,5274),(37,28492),(38,21867),(39,18648),(40,36216),(42,16476),(44,13340),(45,32452),(46,3818),(47,2763),(49,32471),(51,22313),(53,34024),(54,11238),(55,38528),(56,24964),(59,30821),(60,29126),(62,39145),(63,10152),(66,34660),(68,11791),(69,8542),(70,1522),(71,16676),(72,22409),(74,6590),(75,12252),(77,1961),(80,8949),(83,25440),(84,32435),(86,23072),(90,826)]	122.385487
91	[(2,17039),(4,28765),(6,1174),(7,420),(9,5256),(10,2248),(11,30352),(13,25245),(14,23681),(15,37016),(17,10274),(19,6947),(20,26880),(21,25213),(22,23199),(23,21739),(24,6780),(25,2549),(30,34995),(31,4306),(33,11294),(34,23102),(37,14359),(38,9832),(40,17747),(43,29217),(44,28262),(47,565),(48,14650),(50,7189),(54,2568),(55,26448),(57,15787),(58,9712),(61,37159),(63,6484),(64,14843),(66,8586),(67,9347),(68,25449),(69,19461),(70,19596),(71,28745),(72,1672),(73,7757),(75,35467),(79,27030),(80,26206),(82,33782),(84,47),(85,23825),(86,26082),(87,7483),(88,16610),(89,1843),(90,9351),(91,14509)]	140.873688
92	[(1,32029),(3,37130),(4,12416),(5,20034),(7,33806),(9,33894),(10,14047),(11,12424),(13,15292),(14,37104),(16,1900),(17,23609),(18,27752),(20,37388),(21,24744),(24,6413),(25,36660),(27,9194),(29,36058),(30,7941),(32,38864),(33,19345),(34,12065),(35,21765),(36,5000),(37,38551),(38,22138),(40,19351),(42,27756),(43,12527),(44,35009),(46,12321),(50,33402),(53,9696),(54,31163),(55,26484),(56,36862),(57,18819),(59,5648),(60,21084),(61,9516),(62,34973),(66,17132),(67,20091),(68,11341),(69,11782),(70,20688),(71,14177),(73,29335),(77,35897),(79,6864),(80,6945),(82,13085),(83,19187),(84,1690),(87,1192),(89,19138)]	147.023532
93	[(1,34694),(2,8950),(5,7481),(7,1038),(8,16833),(10,37682),(11,8646),(14,24735),(16,9209),(18,5077),(25,1934),(26,19024),(27,26017),(29,20781),(30,9004),(32,3136),(33,32976),(34,35855),(37,21693),(38,7942),(40,37185),(41,11817),(42,7510),(44,12389),(45,28796),(48,36954),(49,5329),(51,27637),(52,20205),(55,33196),(58,28101),(62,13832),(67,28725),(68,1235),(70,21826),(71,3317),(72,6319),(73,18535),(74,15413),(76,12397),(77,12401),(78,20189),(79,35571),(82,32758),(83,37340),(84,18333),(86,15639),(88,20140),(90,34096)]	128.720072
94	[(0,38316),(1,15301),(3,5814),(5,24512),(6,9185),(7,4103),(8,25952),(9,10569),(10,35018),(11,18109),(16,37328),(17,37718),(19,13874),(20,5443),(21,19344),(23,7506),(30,35439),(31,38924),(33,25479),(34,36467),(35,38232),(37,24899),(39,6779),(40,27459),(41,12001),(46,10116),(47,28144),(48,29359),(49,7317),(50,29014),(51,22250),(52,27384),(53,22581),(54,38881),(55,2816),(56,10273),(58,16665),(59,7228),(60,24555),(61,14771),(62,16873),(63,34980),(64,18292),(65,1810),(66,17168),(70,32164),(72,12654),(73,38747),(74,30579),(75,5637),(76,22384),(77,22752),(79,20060),(80,9641),(81,844),(83,15475),(87,36490),(89,37180),(91,31439),(92,12097)]	119.932839
95	[(0,24861),(1,18699),(2,21266),(3,37452),(4,28843),(5,428),(6,11314),(8,17677),(9,10839),(11,35345),(12,21299),(14,11177),(17,7777),(18,33418),(19,6329),(20,34025),(21,33851),(25,22992),(26,7236),(27,6323),(29,7990),(30,25836),(31,14049),(32,21526),(34,27578),(37,38943),(38,24105),(39,22402),(41,9117),(42,31481),(44,35373),(46,35475),(47,15143),(48,39186),(50,10955),(51,32421),(55,19057),(58,8321),(59,25732),(60,26399),(61,33484),(62,38638),(63,7776),(64,36686),(67,12082),(70,7830),(72,33369),(74,36505),(77,33161),(79,261),(80,3586),(83,35040),(84,16411),(85,9128),(86,33382),(88,23464),(92,7056)]	120.762384
96	[(0,22568),(2,5240),(5,10222),(6,7125),(7,24237),(8,25300),(11,21062),(13,30901),(15,32548),(17,15514),(20,29697),(21,9620),(23,10983),(24,10018),(26,12646),(28,7177),(29,7875),(32,29588),(33,31523),(34,34154),(35,28353),(36,19730),(40,16722),(41,7713),(42,2207),(43,22008),(44,6194),(46,28449),(47,15321),(48,17662),(49,400),(50,20196),(53,36848),(54,15926),(55,18730),(58,1060),(60,34744),(61,11671),(62,35859),(63,32517),(64,25013),(65,24280),(67,19220),(69,27733),(72,7258),(77,16969),(79,2563),(82,28258),(86,20778),(88,33996),(89,27037),(90,14794),(91,35119),(92,7313)]	124.932454
97	[(3,24919),(7,4710),(8,6324),(9,23454),(10,8055),(16,2195),(17,7741),(19,3624),(20,6812),(22,21973),(25,9724),(26,3041),(28,3355),(29,33558),(31,19674),(32,14404),(33,34451),(36,38602),(38,37959),(41,31977),(42,26558),(44,30663),(46,38761),(49,26266),(51,33484),(53,12582),(54,3764),(58,27827),(59,9949),(60,17748),(63,10148),(64,23770),(65,18508),(67,31450),(69,15180),(70,34844),(71,5345),(72,34001),(73,23852),(74,23033),(75,10565),(76,38307),(79,31099),(82,38682),(83,12889),(85,15425),(87,10861),(92,38257)]	125.904346
98	[(0,38410),(1,37823),(2,34899),(3,37435),(4,30950),(7,14298),(8,1874),(10,14074),(13,5748),(14,20005),(16,3423),(17,33370),(20,15741),(21,28592),(22,22115),(23,7645),(25,22505),(28,13053),(29,29352),(31,16282),(32,37715),(36,22857),(39,13219),(40,12136),(42,24339),(44,15814),(46,33612),(48,32572),(49,26779),(50,35980),(54,2582),(55,30676),(56,31405),(59,30453),(61,2090),(62,10562),(63,1758),(66,25147),(68,13312),(69,12247),(70,25318),(72,20220),(77,23330),(79,20960),(80,26035),(82,3477),(83,1827),(86,15127),(88,2364),(89,7862),(92,10728)]	123.288358
99	[(0,5741),(4,33786),(5,33430),(8,32211),(9,9867),(10,4482),(11,29426),(12,19349),(13,29708),(14,17769),(16,17385),(17,2168),(19,30508),(22,19271),(23,28712),(24,3910),(25,3157),(26,15911),(28,10997),(29,418),(31,14042),(32,7205),(33,29082),(34,33751),(36,20353),(37,31646),(39,33010),(40,22776),(44,2264),(45,20926),(46,21134),(47,27037),(48,14794),(49,35119),(50,19007),(53,36229),(54,22411),(55,26259),(58,13389),(68,30869),(70,29783),(73,11184),(74,18259),(75,16772),(76,16590),(77,27309),(78,6786),(79,5181),(80,19983),(81,584),(82,24743),(83,34328),(84,37511),(86,27310),(87,26616),(88,3082),(89,5328),(90,1015),(91,20311),(92,33521)]	127.166979
100	[(0,18060),(1,29696),(2,28149),(3,38166),(4,2544),(6,9814),(7,30179),(8,24292),(10,14051),(13,13993),(14,37429),(15,16922),(16,36175),(17,12752),(19,32833),(20,1190),(22,26076),(23,4467),(24,28866),(27,12550),(30,27377),(31,7763),(34,28012),(35,26817),(38,23597),(40,14156),(42,3943),(43,12679),(46,32414),(48,7598),(49,23389),(50,22111),(51,1660),(52,27876),(54,33385),(55,38964),(58,8225),(59,34310),(61,35928),(62,29190),(64,31745),(67,35563),(68,8470),(69,9057),(70,4986),(73,32768),(74,9804),(77,16447),(78,13726),(82,23748),(83,37430),(84,11965),(85,2895),(86,31711),(88,15817),(89,650),(90,28508),(92,3161)]	151.842531
101	[(0,16156),(1,10954),(2,10289),(5,26667),(7,16060),(8,7259),(12,6618),(14,3230),(16,25365),(17,28599),(18,28476),(19,25122),(20,15045),(21,22354),(24,33971),(25,14047),(27,11580),(31,24283),(33,36617),(36,11773),(38,9235),(41,15428),(43,19537),(44,16367),(46,27585),(47,3233),(50,8257),(52,12046),(56,8883),(57,29982),(58,4961),(59,34805),(60,29710),(64,30405),(66,28073),(67,16984),(68,28205),(69,19215),(70,17915),(71,2774),(72,26321),(73,8043),(77,16457),(79,35458),(81,16179),(82,30683),(83,26057),(84,31436),(85,6758),(86,38814),(87,39192),(89,23896),(92,38041)]	132.041139
102	[(0,27249),(1,31949),(2,37942),(4,23658),(6,36521),(7,18577),(8,26307),(9,8135),(14,5204),(15,14480),(16,33427),(17,13840),(18,37845),(21,9794),(23,29326),(24,4341),(27,1544),(28,8153),(30,7963),(31,5827),(32,11861),(35,38607),(37,6110),(38,16327),(39,39089),(40,22635),(41,32362),(43,10050),(44,38171),(47,4798),(48,26056),(49,14982),(51,2391),(52,15118),(53,30817),(54,35777),(56,24405),(58,23808),(64,15818),(67,7601),(68,21640),(70,14410),(71,36844),(72,7303),(73,18759),(74,35868),(75,520),(76,36065),(78,16756),(79,26517),(80,21067),(82,25574),(83,27419),(84,2883),(87,8608),(89,34872),(90,33954),(91,31121),(92,26652)]	130.266645
103	[(0,18863),(1,15395),(3,22925),(4,21637),(5,37075),(7,20616),(8,28764),(10,13759),(12,11699),(13,7590),(14,35591),(15,4893),(18,21830),(20,23480),(21,29338),(22,393),(23,15403),(24,36659),(25,35831),(27,12533),(28,27640),(29,17699),(30,19594),(31,31875),(33,8119),(37,35064),(38,4455),(39,22920),(42,20986),(43,38390),(44,8705),(49,14914),(50,16376),(52,31912),(57,21832),(59,13550),(61,36264),(64,32382),(65,34903),(66,30100),(68,26974),(69,13571),(70,21983),(71,18845),(72,7130),(75,24224),(76,32509),(77,33899),(79,15797),(80,33263),(83,35829),(84,18032),(85,3731),(87,9074),(88,31352)]	129.899179
104	[(0,21135),(4,16010),(5,23312),(7,5187),(8,32897),(9,1697),(10,2063),(11,9336),(14,23785),(15,3700),(17,728),(22,32761),(25,4958),(26,14924),(29,29621),(30,24587),(32,3578),(34,33230),(35,14053),(36,31109),(37,38160),(38,2418),(39,2775),(42,19415),(44,29547),(45,35305),(47,19233),(48,11067),(51,21578),(53,23),(54,13134),(55,21533),(56,34034),(58,36019),(60,22353),(61,36799),(62,6673),(63,14962),(64,2845),(65,19914),(68,858),(70,2575),(72,23896),(74,38052),(75,20292),(77,19324),(80,16698),(81,35790),(82,708),(83,33235),(84,28416),(85,38005),(87,27349),(88,23033),(91,19043)]	137.250049
105	[(0,28574),(2,9635),(4,22179),(9,15154),(12,24858),(13,7581),(15,4978),(16,14237),(17,552),(18,26428),(19,27286),(21,4454),(22,23414),(23,8907),(24,7334),(26,38605),(31,15625),(32,29332),(33,6085),(35,28680),(36,32815),(39,5800),(42,4650),(43,19414),(44,5737),(45,11155),(46,17363),(48,1838),(49,13516),(50,28171),(53,19525),(56,32499),(59,28050),(60,17241),(61,15403),(62,28861),(63,22667),(65,82),(67,19546),(69,18710),(71,13661),(72,38167),(73,9295),(75,16981),(76,1634),(79,35916),(80,21109),(81,9723),(85,21043),(86,29576),(87,24849),(89,33507),(91,31940),(92,9604)]	123.515830
106	[(0,4986),(2,30575),(5,34214),(6,24028),(7,11520),(9,279),(11,1342),(15,23046),(17,36383),(19,30695),(21,37704),(22,12999),(23,3337),(26,5400),(27,31409),(28,5012),(31,17008),(32,6605),(34,23416),(37,37705),(39,37858),(43,21384),(46,19530),(47,7090),(48,17870),(49,31860),(50,18525),(51,19903),(52,18229),(53,749),(54,18384),(56,34181),(57,18649),(58,3448),(61,5425),(62,29052),(63,13546),(64,27453),(65,12359),(66,27298),(67,18348),(69,35312),(71,2780),(72,8144),(74,36972),(75,12407),(76,13082),(82,6593),(83,23066),(85,26153),(87,14116),(89,18690),(90,35441),(91,2181)]	129.149638
107	[(0,32827),(2,5908),(4,26885),(5,15607),(6,8765),(10,10395),(11,3711),(12,3110),(13,9904),(14,28336),(15,31001),(18,14315),(22,33503),(23,21628),(25,17388),(26,31499),(27,22381),(28,30627),(29,23816),(31,8734),(32,15610),(33,6823),(34,6725),(35,10860),(38,16105),(39,13188),(41,11039),(42,25433),(46,493),(47,3476),(48,12451),(51,8214),(53,30800),(56,4584),(58,34487),(59,7814),(61,33364),(64,27519),(65,29936),(66,11604),(67,34301),(69,16779),(72,7908),(74,25819),(75,11501),(77,25463),(81,31119),(84,159),(85,3542),(86,8323),(88,25844),(89,25156),(90,6167),(91,17188),(92,7647)]	124.103610
108	[(0,35883),(1,36407),(2,34920),(5,462),(6,17111),(9,3816),(10,26321),(12,38362),(13,34107),(14,9376),(18,1778),(20,16914),(22,15534),(24,12602),(25,5105),(26,3376),(27,31511),(28,29047),(29,35393),(30,8692),(31,29719),(33,19445),(34,7568),(35,2889),(37,7533),(38,30312),(39,4180),(40,26187),(42,20421),(47,19121),(50,18052),(51,82),(53,19546),(54,6250),(57,17213),(59,31015),(60,32598),(63,20108),(66,11297),(67,27819),(68,29967),(70,25442),(71,30008),(77,23107),(79,1100),(80,25043),(81,21034),(82,25114),(84,11997),(85,10559),(86,14056),(87,10091),(88,12462),(90,11531),(91,27920),(92,36023)]	149.135052
109	[(0,5025),(2,14156),(3,11085),(6,3727),(7,32349),(8,38800),(9,26383),(11,22430),(12,21729),(13,23942),(14,10844),(20,5828),(21,6668),(22,3358),(23,38825),(24,5016),(25,8978),(26,39187),(27,10691),(28,31890),(31,26636),(35,20453),(36,18330),(37,29391),(39,34526),(42,11444),(43,1179),(48,10169),(49,11429),(53,7728),(54,10638),(55,16167),(57,11313),(59,27390),(60,8291),(61,5802),(62,17502),(63,6834),(67,23564),(68,26710),(69,38686),(71,23180),(72,30201),(73,8729),(77,37887),(78,4265),(79,25684),(80,11333),(81,1432),(85,5399),(86,6684),(88,22464),(89,38023),(90,24981)]	120.197323
110	[(0,14085),(4,9172),(6,31531),(7,7235),(8,34495),(10,8077),(11,36076),(12,15673),(14,2819),(15,32779),(16,15626),(19,25942),(22,28021),(23,37481),(25,12775),(26,12244),(27,32970),(29,16553),(33,27672),(36,3127),(37,9123),(38,17518),(39,11827),(40,17861),(41,31230),(43,18324),(44,26106),(45,6169),(47,11297),(48,36752),(49,17267),(50,11705),(51,20980),(52,35618),(54,26902),(56,33625),(57,20891),(58,26815),(59,34530),(61,14327),(63,17588),(64,9165),(65,37515),(68,37376),(69,17894),(70,19412),(71,33259),(72,1563),(74,37074),(75,25673),(76,20131),(80,20250),(81,11506),(82,915),(83,12387),(85,9721),(86,22148),(87,16692),(88,30311),(90,1894),(91,29615)]	129.785151
111	[(1,17453),(2,18139),(4,29023),(5,6412),(6,3019),(7,24463),(10,35606),(11,34572),(14,21330),(15,26024),(18,30209),(19,16349),(20,31063),(22,33381),(24,26572),(25,3498),(27,9725),(28,32919),(29,8214),(30,18063),(31,15124),(35,35962),(36,29831),(41,20331),(43,11567),(45,23714),(46,34782),(47,29161),(48,3186),(50,23413),(56,2758),(57,34482),(58,37867),(61,4908),(63,10686),(64,23482),(65,25030),(66,6613),(68,29165),(69,23269),(71,11826),(75,36253),(76,37771),(77,20529),(78,19384),(79,28136),(80,4476),(83,35270),(85,24220),(87,14234),(89,5457),(91,28290),(92,7464)]	140.462001
112	[(1,30212),(3,13464),(4,30063),(5,10156),(6,5530),(8,30465),(9,2122),(10,1094),(13,14308),(14,7571),(16,36594),(17,29592),(18,19858),(19,31638),(21,19946),(22,27523),(25,30968),(26,37566),(29,14317),(30,1665),(32,23050),(33,38493),(34,37913),(35,31445),(36,21451),(39,30890),(40,34127),(41,22072),(43,4842),(44,28987),(46,38323),(47,9985),(52,21195),(53,16694),(54,15814),(56,30709),(57,17547),(58,2997),(59,17249),(60,36557),(61,4858),(63,25280),(64,7236),(65,28595),(66,33071),(67,17054),(68,12191),(69,38832),(70,8899),(71,22760),(72,3267),(73,13421),(74,37224),(75,28926),(77,35238),(78,17784),(79,30261),(80,31665),(81,6974),(82,6305),(83,28386),(86,8596),(87,24083),(91,10291)]	133.071360
113	[(1,17304),(3,11648),(4,35649),(6,10739),(8,22898),(9,38898),(10,9609),(11,2794),(12,34114),(13,37790),(14,11835),(18,36261),(20,11727),(21,28237),(22,575),(24,21366),(25,31983),(26,34923),(28,2518),(29,29108),(30,5609),(31,17660),(32,10077),(33,35969),(34,36042),(35,21295),(39,26879),(41,22880),(43,35437),(46,12942),(47,7073),(48,4058),(49,16255),(51,33230),(52,7254),(54,18971),(55,30038),(56,38778),(57,12378),(59,39012),(60,38813),(61,11281),(64,499),(65,7446),(66,18123),(67,16941),(68,32356),(69,35745),(72,317),(73,22397),(75,29737),(76,10745),(78,5479),(79,9124),(80,9752),(81,27714),(82,3099),(83,38521),(85,7179),(86,8984),(88,21100),(89,30481),(91,36773),(92,34438)]	129.026590
114	[(0,6754),(1,9843),(3,35297),(7,33381),(8,27788),(9,21362),(10,32661),(13,13770),(15,21899),(17,23449),(18,29202),(19,5580),(20,9614),(21,20191),(24,14177),(26,11257),(28,16283),(29,15352),(33,20539),(35,7178),(40,3835),(42,16496),(44,26853),(45,25202),(46,7522),(47,9648),(48,21121),(49,13601),(52,22177),(54,1350),(55,8036),(57,16881),(58,10932),(62,25439),(63,2799),(66,21770),(69,20451),(71,10634),(73,28814),(74,26716),(75,688),(76,8812),(78,28165),(79,31694),(80,3650),(81,28010),(84,18652),(87,379),(88,21424),(89,27866),(90,25493),(91,19528)]	134.858956
115	[(1,784),(2,35596),(3,4377),(4,14797),(7,17095),(8,34207),(12,25114),(13,19939),(14,27010),(18,37263),(19,30318),(20,37051),(22,25055),(26,33906),(28,25301),(29,1163),(30,33511),(31,11668),(32,14122),(33,17598),(37,19364),(39,10916),(41,4626),(43,23020),(44,32466),(47,31926),(48,25694),(49,21786),(50,7462),(52,21058),(54,15678),(55,12146),(56,11793),(57,34723),(58,19246),(59,13006),(61,4049),(64,6332),(65,3785),(68,17434),(69,39093),(70,12949),(73,27144),(74,11798),(75,35445),(78,26965),(79,27547),(80,32337),(81,37948),(82,288),(87,36098),(90,6108),(91,27285),(92,37695)]	206.788667
116	[(1,30667),(3,3089),(6,518),(8,18512),(11,12289),(12,38730),(13,9205),(18,19064),(20,25204),(21,35249),(23,35081),(28,35980),(31,417),(36,15536),(37,39196),(42,13289),(43,14172),(45,25583),(47,9998),(48,30417),(49,30567),(51,11335),(52,19539),(53,1509),(54,13507),(55,8423),(56,29860),(57,10001),(60,10942),(61,38330),(63,5695),(64,37390),(66,12520),(67,20597),(68,23669),(69,34537),(70,16020),(72,23639),(74,17902),(75,36696),(76,5922),(78,36023),(79,34068),(81,17223),(82,525),(84,9487),(85,20920),(86,17286),(88,19005),(89,4266),(90,28491),(92,12389)]	265.438812
117	[(2,19762),(4,19942),(7,28134),(8,11154),(9,36972),(10,12407),(12,17391),(14,8214),(16,3408),(19,37387),(23,35092),(24,15188),(25,31339),(26,2834),(27,789),(28,6355),(33,21584),(35,5366),(37,1075),(38,33243),(39,29130),(40,35040),(41,81),(42,31081),(43,5707),(45,8484),(46,13401),(49,15229),(50,37549),(51,11615),(55,21125),(56,5806),(58,32163),(60,21334),(65,9282),(66,26720),(73,5136),(75,25258),(76,13287),(78,4967),(80,8064),(81,28688),(83,26368),(84,18950),(85,33661),(87,408),(88,25045),(89,6295),(90,20998),(91,22588),(92,26004)]	258.134299
118	[(1,35822),(2,26997),(3,39102),(5,33149),(8,21603),(9,6310),(11,3587),(12,28615),(14,23035),(15,37125),(16,11311),(19,6141),(23,9890),(25,24606),(27,1580),(30,30597),(33,27938),(35,11878),(37,8612),(38,1524),(39,32551),(40,18026),(41,26782),(42,27064),(44,37976),(46,5917),(47,36928),(48,3894),(49,36069),(50,36523),(52,9901),(54,18776),(56,10646),(57,2341),(58,2604),(59,1275),(60,19292),(63,35170),(65,36431),(67,17480),(69,12923),(70,7929),(72,15406),(74,28162),(76,16047),(77,5613),(78,34364),(81,23494),(83,11763),(84,25043),(85,21034),(86,25114),(89,10721)]	256.157318
119	[(0,30386),(2,18776),(3,10695),(7,10592),(11,19810),(17,25767),(18,1819),(19,1677),(20,24503),(22,24162),(24,19949),(25,21685),(26,22550),(27,19954),(30,14272),(33,22131),(34,33796),(35,2624),(36,2528),(38,23004),(40,34179),(42,12334),(43,30602),(44,36629),(46,38136),(47,14007),(48,6644),(49,34273),(51,24958),(52,25603),(53,17300),(54,7801),(55,37659),(58,4173),(59,27404),(60,18579),(61,35508),(62,8660),(65,21128),(66,999),(67,6629),(68,33202),(70,13876),(71,35858),(72,12392),(73,9804),(74,21579),(75,23743),(76,13479),(78,37210),(82,27078),(85,13172),(86,22982),(87,13691),(91,33518)]	248.051863
120	[(0,10127),(1,6235),(5,31141),(8,2689),(11,1863),(13,24817),(14,16826),(18,11916),(19,24405),(22,34904),(25,28321),(26,6577),(27,37007),(29,30981),(31,35799),(32,32933),(33,22983),(34,38236),(35,33815),(38,22133),(41,27306),(42,4589),(43,21946),(46,13973),(48,11115),(50,2296),(51,2069),(52,1998),(53,26410),(54,1929),(55,9616),(56,30216),(57,925),(58,38148),(59,28185),(61,34035),(62,33326),(64,34327),(66,30996),(67,19416),(68,38639),(69,14368),(70,21143),(72,4806),(73,35781),(74,14158),(75,33149),(78,21603),(81,25635),(82,37817),(83,22190),(85,14565),(86,7490),(87,36097),(88,31778),(90,14560),(92,16801)]	281.337101
121	[(0,38979),(1,8801),(2,36016),(3,11),(4,12560),(6,29580),(7,37502),(9,24971),(10,197),(11,18117),(12,25160),(13,4774),(14,36364),(16,36649),(18,30394),(19,2489),(21,11345),(23,16408),(24,8692),(25,2812),(26,14868),(27,27739),(29,26898),(30,30573),(32,10620),(33,4351),(34,5287),(35,33632),(36,9630),(37,1485),(41,19637),(45,25659),(46,17770),(47,14690),(48,32375),(49,27872),(50,15095),(51,38302),(52,16020),(53,13116),(58,7387),(59,12841),(63,13032),(64,6111),(65,13474),(66,30292),(67,27017),(68,35361),(69,8542),(70,1522),(71,11992),(72,33492),(73,2421),(75,28894),(77,35378),(79,29776),(82,36118),(84,9835),(85,5578),(86,28756),(87,34997),(89,28196)]	270.045666
122	[(2,38226),(3,7079),(4,24885),(5,20595),(7,10990),(8,32754),(9,24110),(10,36179),(13,1946),(14,20577),(16,9673),(18,31939),(19,6364),(20,33045),(22,24932),(25,9439),(27,21155),(28,33759),(29,32393),(30,22036),(32,194),(33,15429),(34,38112),(37,29738),(38,26125),(40,13001),(41,5759),(44,33608),(47,4035),(49,27813),(53,24313),(54,4472),(55,17714),(56,8366),(58,32403),(59,15618),(61,11105),(62,2365),(63,28415),(65,28703),(66,7339),(67,14022),(69,24715),(70,32444),(71,17969),(72,765),(73,15909),(74,36931),(75,29721),(76,17933),(77,22291),(78,12711),(80,1746),(81,33740),(83,23642),(85,4378),(87,32566),(88,1529),(89,16693),(90,11122)]	251.638810
123	[(0,17780),(6,26481),(7,32130),(8,8149),(9,36274),(10,38169),(11,12045),(13,26918),(15,34658),(16,29948),(17,22252),(18,9915),(20,8012),(21,13019),(24,7369),(25,7008),(27,557),(28,6677),(30,31942),(34,37552),(36,8468),(39,21383),(40,15872),(41,3463),(43,3501),(44,24896),(45,10164),(47,5429),(50,36378),(51,3033),(54,22701),(55,20292),(56,10172),(57,38829),(58,1186),(59,31410),(62,7360),(63,12957),(64,8488),(65,11331),(69,34753),(70,37959),(72,28500),(73,14659),(74,29439),(75,25027),(77,29076),(78,22795),(79,28202),(81,17902),(82,30997),(83,35264),(84,9512),(86,3717),(87,10461),(88,14660),(89,26827),(90,10602),(92,5033)]	252.134976
124	[(0,12379),(2,56),(5,23122),(6,3447),(9,29567),(12,38007),(13,24824),(14,1472),(15,11921),(16,4684),(17,26378),(20,36640),(22,34876),(23,38130),(25,27142),(28,19609),(29,31845),(30,3310),(31,9130),(32,24391),(33,38029),(35,2849),(36,37714),(42,228),(43,38425),(44,34842),(45,38651),(46,11411),(48,16888),(49,12608),(50,25631),(53,24351),(54,36510),(56,12576),(59,32773),(61,32406),(62,6248),(63,13935),(67,25151),(68,27802),(69,19795),(71,17359),(72,21942),(75,35715),(77,5908),(79,19672),(81,23508),(84,15585),(86,7394),(87,38691),(89,38841),(91,17775),(92,20488)]	265.263973
125	[(3,34087),(5,34545),(6,584),(11,5908),(13,26885),(14,3505),(16,31318),(18,11082),(19,28983),(21,30341),(27,2897),(28,10625),(30,8414),(31,19864),(34,30742),(35,26244),(36,35079),(39,780),(41,35174),(44,25717),(46,21728),(47,24944),(50,29904),(52,36809),(53,649),(54,1865),(55,33862),(56,38662),(57,36964),(58,11507),(59,37664),(60,19057),(61,31368),(63,22536),(64,32960),(66,22457),(67,30508),(69,26032),(70,21803),(71,37748),(72,35837),(74,8223),(75,5972),(76,33176),(77,12991),(78,31302),(80,32313),(82,24764),(83,8321),(84,9370),(85,9717),(87,32386),(91,22091)]	245.778058
126	[(0,36521),(1,18577),(2,26307),(3,8135),(5,29784),(6,32950),(9,29377),(10,25863),(11,22874),(12,29655),(14,2422),(15,8306),(18,19178),(19,7255),(25,21412),(27,6094),(29,28536),(30,25299),(31,7992),(35,14967),(40,36697),(42,36786),(43,35005),(44,11968),(45,15094),(46,14173),(48,30209),(49,31310),(50,37705),(54,20557),(55,18628),(56,16530),(57,4037),(60,18039),(61,1785),(63,36307),(68,9538),(70,35084),(71,8761),(73,32052),(74,7764),(77,10407),(81,33437),(83,28241),(87,12368),(88,31399),(89,21109)]	243.624662
127	[(1,3428),(2,6061),(3,23260),(4,25161),(5,11479),(6,15768),(7,18249),(8,16661),(9,9322),(10,26040),(11,26690),(13,30773),(14,5827),(15,107),(21,5942),(24,30559),(25,35837),(26,15643),(27,11631),(28,10543),(29,21968),(30,2698),(32,33047),(33,10767),(34,8052),(35,36909),(36,14378),(37,15342),(38,5095),(42,29934),(43,2989),(44,31689),(50,32292),(52,28483),(53,8863),(54,6314),(55,7562),(56,32478),(58,18665),(60,19299),(62,23096),(63,17850),(66,17247),(67,5052),(68,846),(70,17661),(73,35534),(75,13078),(77,28672),(79,3371),(82,27811),(84,1761),(85,20809),(87,15978),(88,27852),(89,20762),(90,38289),(92,27832)]	259.040835
128	[(0,17004),(1,10337),(2,4202),(3,12345),(5,17666),(6,9903),(8,38477),(11,5005),(13,9418),(15,35004),(16,3409),(18,30938),(20,20943),(21,18177),(24,11298),(25,22272),(26,24666),(27,12656),(31,7193),(32,13335),(34,8723),(39,18259),(41,3400),(42,4340),(46,18074),(48,38746),(50,35750),(56,9610),(57,17261),(61,7550),(62,32245),(64,6339),(65,38277),(66,26776),(68,36355),(70,12731),(71,7005),(73,15271),(74,38059),(75,38516),(76,39088),(77,9967),(81,5348),(82,33400),(86,2480),(87,622),(88,25486),(91,37656),(92,21371)]	283.436776
129	[(0,28981),(1,7632),(2,32413),(4,23031),(5,33523),(6,31314),(7,666),(11,38206),(12,23257),(13,27670),(14,23498),(15,8866),(16,10246),(18,2548),(19,36547),(23,36644),(24,2220),(27,25705),(28,1984),(29,26818),(31,19761),(32,28180),(33,24361),(35,35314),(36,1744),(37,8084),(38,28226),(40,19439),(41,16987),(45,19226),(46,29361),(49,4676),(51,5987),(54,35327),(56,2058),(57,15542),(61,28469),(62,9102),(63,38235),(64,34909),(65,11323),(67,13114),(68,13304),(73,19372),(74,2827),(75,7510),(77,32646),(80,710),(82,17444),(83,31064),(88,8074),(90,25171),(91,2137)]	266.641877
130	[(0,19360),(1,16286),(2,27729),(4,35362),(5,26358),(6,25183),(7,1574),(8,18357),(9,19599),(13,27611),(16,5476),(18,8475),(19,28532),(20,3184),(21,5972),(23,21548),(24,8665),(26,6285),(30,27803),(31,24125),(32,25857),(33,13730),(34,22654),(35,437),(37,14446),(38,38838),(39,20705),(40,1595),(43,17902),(44,36696),(46,17418),(49,15137),(50,6959),(54,9037),(55,21294),(56,36036),(57,9278),(58,1578),(59,35091),(60,23065),(62,38480),(66,7319),(67,14164),(69,38211),(71,21926),(74,4084),(75,4720),(76,4234),(77,34523),(80,9127),(81,20614),(82,16810),(83,5542),(84,5714),(85,17387),(87,1519),(91,22177),(92,38915)]	131.071399
131	[(0,12818),(1,33371),(3,14598),(5,10829),(6,28456),(7,35260),(9,4155),(14,13595),(15,10513),(16,8411),(17,9390),(18,13518),(22,3645),(25,19467),(26,24088),(27,29224),(28,3585),(30,3559),(33,7816),(34,13536),(35,20495),(37,34128),(39,30383),(41,6243),(42,14545),(44,4738),(45,21666),(48,38378),(50,35096),(51,19170),(52,9013),(53,29325),(57,38405),(58,30168),(60,31371),(63,13973),(64,11639),(65,12885),(66,37717),(68,17474),(69,27757),(70,35899),(71,5075),(73,39200),(74,34021),(75,25065),(76,1821),(78,13789),(80,13580),(83,25509),(84,18926),(85,20887),(86,25617),(87,26850),(90,28082),(92,8981)]	122.850721
132	[(1,2999),(2,13557),(3,22097),(6,15872),(7,2896),(9,4288),(12,950),(14,35882),(15,16709),(17,37329),(19,33103),(20,35469),(22,2400),(24,3120),(28,38141),(29,29803),(30,2683),(33,16957),(38,12484),(40,16909),(41,32160),(42,32067),(43,23276),(44,16763),(49,29206),(50,16885),(51,1887),(52,21668),(58,11358),(59,9293),(61,33042),(63,21264),(65,11900),(69,473),(70,26752),(71,29030),(72,30363),(74,2632),(75,28774),(77,9829),(78,26446),(82,31118),(84,31163),(85,26484),(86,7273),(87,4125),(89,5344),(91,11250),(92,7671)]	130.937601
133	[(1,23407),(2,36303),(3,3469),(4,25225),(5,11709),(7,24140),(8,8668),(9,28294),(10,38937),(12,1550),(14,16454),(16,10220),(18,2479),(21,38728),(25,3244),(27,8379),(30,9599),(32,23584),(35,17500),(38,31955),(40,25220),(41,2781),(42,24969),(44,23226),(46,31691),(47,16464),(48,21912),(49,14268),(50,13791),(52,26428),(53,27286),(55,32086),(56,3511),(57,12173),(58,8999),(61,2674),(65,2364),(67,13341),(68,15314),(69,15059),(70,39116),(71,32907),(72,27268),(73,27732),(75,37317),(76,16325),(77,32698),(80,18415),(81,3115),(82,17838),(83,13122),(84,30649),(85,6443),(86,20854),(87,26532),(90,35935),(92,38903)]	129.399516
134	[(0,32960),(2,27368),(4,17260),(5,23403),(8,3365),(9,33597),(10,20879),(11,20758),(12,709),(14,20642),(15,15303),(18,4427),(20,15067),(21,37001),(22,19820),(23,38324),(24,34294),(26,30849),(28,226),(31,4850),(32,10596),(33,35223),(34,3734),(35,37366),(37,34488),(38,26448),(39,13036),(40,716),(42,4483),(43,20255),(45,7000),(46,6963),(48,15112),(49,2392),(50,2273),(51,15274),(53,31418),(54,31248),(60,13966),(62,38692),(63,10329),(64,15459),(66,3323),(67,15668),(73,2957),(74,3221),(75,35443),(76,15180),(77,38170),(78,35424),(79,17475),(80,6788),(81,258),(82,399),(84,1415),(86,31418),(88,38700),(90,10680),(91,9030),(92,3843)]	127.473036
135	[(3,18185),(5,34518),(6,20821),(7,21933),(8,18179),(9,1078),(10,13533),(12,19601),(13,28089),(14,22244),(15,5726),(16,35352),(17,8614),(18,7253),(19,10720),(21,16702),(22,39069),(25,4469),(26,2096),(27,721),(29,15629),(30,7736),(32,28656),(33,16124),(34,21760),(36,1410),(37,12383),(38,33455),(39,31983),(40,34923),(41,16590),(42,9070),(45,11418),(46,38053),(48,28077),(50,4793),(53,15455),(55,18254),(56,38226),(57,26277),(59,15180),(60,34844),(61,5345),(62,24490),(63,4553),(64,18143),(66,22712),(69,8307),(70,3102),(73,35087),(74,4626),(75,35720),(76,30942),(77,5182),(83,13955),(84,9579),(85,5370),(87,33274),(88,16938),(89,22590),(90,9477),(91,282)]	151.488661
136	[(1,21539),(2,20073),(3,21469),(5,10456),(9,4007),(10,1540),(13,410),(14,20472),(15,10538),(18,8165),(20,33757),(21,27777),(22,28637),(23,29184),(25,37729),(26,34653),(28,12266),(30,22615),(32,19402),(33,31702),(35,37461),(36,24707),(38,5906),(39,21193),(41,2698),(42,32231),(43,12360),(44,37260),(45,19042),(46,14325),(48,37347),(49,25053),(50,15939),(51,16223),(52,29102),(53,13858),(57,19518),(58,15966),(59,2108),(61,27723),(62,3350),(63,23068),(64,10696),(69,26573),(70,28091),(72,28120),(75,38396),(76,14443),(77,26861),(80,19111),(81,30773),(82,15817),(83,16711),(84,6259),(85,38104),(88,5960),(89,19476),(92,12018)]	129.578869
137	[(1,25358),(3,30660),(5,32431),(6,2953),(7,28916),(11,18363),(12,15155),(13,17264),(15,21696),(17,22416),(18,8702),(19,11853),(20,3031),(21,24636),(23,17606),(24,31599),(27,8249),(28,37056),(29,34511),(31,15699),(32,29395),(33,38356),(37,31422),(38,26207),(40,24695),(41,17013),(42,9564),(44,21402),(45,38040),(46,15468),(48,15499),(50,14524),(51,36248),(54,4423),(55,12514),(56,26865),(57,29773),(60,8004),(61,31526),(62,2597),(63,18106),(64,18466),(67,8735),(68,30483),(70,30497),(71,13913),(72,2203),(73,31438),(76,16039),(78,17905),(84,19096),(86,22623),(87,13213),(89,19077),(92,31787)]	121.988789
138	[(0,26184),(1,5193),(4,23079),(5,22048),(8,28601),(9,5910),(10,14965),(11,18416),(13,18644),(16,393),(19,14981),(20,17562),(22,21624),(23,6137),(24,6435),(28,5198),(29,33478),(31,13021),(34,36577),(35,19028),(37,11304),(40,21711),(42,38659),(43,24027),(44,8234),(48,20654),(51,6954),(52,26515),(53,17356),(58,32260),(59,4436),(60,10970),(61,21656),(62,28093),(66,20792),(67,30964),(68,7121),(70,19522),(72,32625),(73,38220),(74,5618),(75,650),(77,37549),(78,18620),(81,20318),(83,12043),(85,37112),(86,38577),(87,6960),(88,28385),(89,18982),(92,26361)]	127.490565
139	[(0,12648),(1,1656),(3,8842),(5,26566),(6,25423),(8,35640),(9,26184),(10,36927),(11,12542),(12,1265),(13,23526),(14,25375),(18,12268),(21,13882),(23,185),(24,30115),(25,33433),(26,34619),(27,4964),(28,12885),(29,475),(31,34847),(32,9136),(33,8860),(37,2640),(38,36595),(39,26956),(40,24862),(41,27471),(45,13569),(47,12011),(48,2072),(49,29703),(50,38202),(51,36204),(55,7741),(56,34851),(58,4342),(59,12211),(64,1839),(65,38506),(66,28309),(67,34918),(69,21922),(74,15871),(77,5276),(78,36424),(79,8232),(81,14071),(83,3162),(85,1320),(86,32020),(87,33001),(88,10386),(90,8967)]	127.997192
140	[(0,19900),(1,37132),(2,23574),(8,22320),(9,37333),(10,22664),(11,29084),(12,27467),(15,17985),(16,32383),(17,23029),(18,30406),(19,26357),(20,33883),(23,27858),(26,33722),(27,23397),(29,37281),(33,26175),(34,32448),(35,3369),(37,8764),(38,19957),(39,12560),(41,29580),(42,37502),(44,21536),(45,12945),(48,37006),(49,31417),(50,23458),(51,37417),(52,32061),(54,31142),(57,37233),(58,12184),(60,30125),(61,28135),(63,20028),(68,12658),(69,3417),(70,2204),(73,31627),(74,37934),(76,16535),(78,25559),(79,36266),(83,9233),(85,15064),(86,13272),(87,28529),(88,34680),(89,3535),(90,19774),(92,3292)]	136.993985
141	[(0,33163),(1,35625),(3,4044),(5,35995),(8,38438),(9,26800),(10,28265),(12,11721),(13,14176),(15,5552),(17,29670),(18,12563),(19,22208),(20,11728),(21,4815),(23,11840),(24,1639),(26,10230),(29,7208),(32,1134),(33,13291),(34,12540),(37,36065),(39,23511),(42,36215),(43,26977),(46,23605),(48,36888),(49,25731),(51,36584),(52,29777),(54,14849),(55,18150),(56,26434),(61,34136),(62,37564),(64,6486),(65,25915),(66,38669),(67,16730),(68,15274),(69,11266),(73,32663),(76,27611),(78,7747),(80,36813),(81,16727),(82,27758),(85,22358),(86,21598),(89,18977)]	138.743421
142	[(3,18639),(5,24268),(6,9562),(7,28661),(8,10020),(9,24751),(11,39074),(14,14965),(16,4758),(17,35736),(19,11246),(29,17469),(30,36741),(34,21739),(35,6780),(40,9619),(41,3105),(42,34906),(44,38994),(45,2609),(49,31731),(53,15685),(54,32045),(55,34943),(56,32771),(57,35313),(59,17986),(61,11509),(63,22082),(67,38963),(68,24288),(69,38953),(71,34698),(72,27355),(73,3391),(74,27473),(75,38665),(76,5480),(77,12479),(78,31820),(82,3913),(85,20133),(86,725),(87,20231),(88,27950),(91,14898),(92,34278)]	126.246405
143	[(1,12),(3,7520),(4,12525),(5,28249),(6,26903),(7,6163),(8,10631),(9,4934),(11,9409),(12,21080),(14,1210),(15,12453),(18,10873),(19,22485),(20,31779),(21,24404),(22,14165),(27,24556),(28,26810),(32,30509),(35,31623),(36,33437),(37,7604),(38,6325),(39,31391),(42,763),(44,25395),(45,2392),(46,39050),(47,6242),(48,20614),(49,32196),(50,12512),(51,2439),(52,737),(53,13899),(54,4268),(55,35205),(56,30799),(59,34564),(60,5944),(61,28718),(62,11925),(63,23319),(66,28299),(67,3229),(71,9609),(73,4322),(75,11111),(76,1989),(77,2899),(78,34931),(80,37719),(82,4318),(83,24842),(85,12648),(86,2996),(89,35597),(91,8745),(92,28348)]	153.263597
144	[(0,34991),(1,24893),(2,14430),(3,15683),(4,10898),(9,11339),(11,38739),(12,22928),(13,2731),(14,5820),(16,10365),(17,38329),(18,15971),(19,36498),(20,4667),(22,37341),(23,10142),(24,9493),(25,33264),(26,30092),(27,9794),(29,29640),(30,38199),(33,26287),(34,33529),(36,36207),(38,28981),(39,7632),(40,19375),(41,6589),(42,37560),(43,38526),(44,28427),(45,27201),(46,30266),(47,33625),(49,5303),(54,18311),(55,30609),(57,37410),(58,15888),(61,18317),(63,8684),(65,24096),(68,16534),(69,6901),(70,38722),(71,24975),(73,7019),(75,13341),(76,28708),(77,10899),(78,9590),(80,27881),(83,3182),(84,5621),(86,6280),(88,275),(90,4546),(92,22462)]	139.823040
145	[(3,25630),(6,5063),(7,22415),(8,2665),(9,32765),(10,26840),(12,6754),(14,12386),(15,38545),(17,6448),(20,35391),(21,1275),(22,19292),(23,28276),(24,9520),(26,8431),(27,13768),(28,38217),(30,13222),(32,18691),(33,7252),(34,19436),(36,26845),(37,35889),(38,4983),(40,10610),(41,13408),(44,20307),(45,4345),(46,7529),(48,12491),(49,20150),(50,24253),(51,8080),(55,30718),(56,18473),(57,19181),(60,3875),(61,22527),(62,22696),(63,15562),(64,10761),(65,33588),(67,39107),(68,28666),(69,613),(70,6386),(73,10597),(75,21441),(76,31538),(78,32560),(79,27313),(80,38291),(81,12737),(82,639),(85,21372),(86,16642),(87,900),(88,25519),(89,14375),(90,10997),(91,418),(92,10648)]	128.930544
146	[(1,18462),(2,5861),(3,6359),(4,11301),(6,534),(7,4392),(10,7679),(15,25325),(16,36047),(19,37743),(23,2039),(25,14635),(28,7180),(31,8961),(33,8373),(35,15479),(36,37657),(37,24149),(40,10602),(41,15359),(43,6333),(46,35702),(48,16451),(51,34580),(53,12438),(54,3610),(58,2543),(59,11843),(60,36573),(63,21573),(64,36688),(68,28211),(70,1898),(72,30327),(73,18249),(74,16661),(75,5205),(77,23610),(78,21769),(79,18152),(80,37456),(81,20680),(82,11926),(86,18458),(87,19988),(89,11065),(90,5993),(91,32995),(92,16488)]	150.821006
147	[(0,15702),(1,18243),(2,20514),(3,15872),(4,7516),(7,32703),(8,38547),(10,3036),(11,37378),(13,18566),(14,22657),(16,35315),(18,16827),(19,11659),(20,27414),(21,8634),(23,15479),(24,37657),(25,27162),(26,32593),(28,15089),(30,22351),(34,14040),(36,26596),(37,37649),(39,4776),(40,29398),(41,20170),(42,6529),(43,1829),(45,29985),(47,12506),(49,24094),(50,22988),(51,26981),(52,30908),(55,20016),(56,469),(59,28292),(60,30),(61,1749),(62,18654),(63,3377),(66,37838),(67,28482),(68,27586),(70,16567),(71,29390),(72,14330),(75,30031),(77,38633),(78,39127),(79,30634),(80,7667),(81,4241),(82,24666),(85,30761),(86,8755),(89,27504),(90,19908),(91,15733),(92,33729)]	142.869129
148	[(0,31675),(1,15494),(2,35934),(3,13149),(6,11794),(8,7799),(9,9568),(10,21133),(11,21770),(12,10609),(13,18676),(14,20203),(15,2527),(16,7477),(18,731),(19,22036),(20,24892),(21,22338),(25,37978),(26,26882),(27,32140),(28,12230),(29,23907),(30,29410),(31,5277),(32,29877),(34,32363),(35,3792),(36,13092),(38,30157),(39,8827),(41,15647),(43,19),(44,13930),(45,32051),(46,10095),(47,19922),(48,21341),(50,27167),(51,14983),(52,16129),(53,29364),(55,29555),(56,38313),(57,38852),(64,10968),(65,13941),(66,4673),(68,30666),(71,20405),(72,11407),(73,3686),(75,35568),(76,28696),(77,15743),(80,14877),(81,12264),(82,23400),(83,36428),(84,26500),(86,26764),(88,12269),(90,33098),(91,30736)]	138.106328
149	[(3,25837),(4,22107),(8,25931),(9,27005),(10,388),(11,7320),(13,22402),(18,5832),(19,7009),(21,3573),(24,9405),(26,29217),(28,34334),(29,607),(31,7404),(33,36435),(34,3877),(35,27120),(39,22845),(40,32460),(41,12726),(42,38665),(43,5480),(44,25997),(46,30592),(47,5590),(49,20947),(52,35570),(53,27161),(57,6023),(58,4954),(60,4185),(61,17400),(62,18151),(64,22012),(65,4278),(67,22856),(68,32568),(69,32896),(71,18638),(73,38563),(75,25201),(76,435),(77,11864),(78,36203),(79,31753),(81,32416),(83,13348),(84,36591),(86,2759),(91,4733),(92,26463)]	124.680069
150	[(1,31402),(2,19586),(5,12636),(7,33559),(8,35558),(10,20397),(13,18140),(14,22120),(17,24648),(19,5493),(22,14439),(23,33505),(26,34311),(27,7563),(29,27072),(30,24109),(32,29466),(35,7444),(36,24498),(39,19477),(40,29058),(44,0),(48,27043),(53,13800),(54,37601),(55,11886),(56,9244),(57,35517),(58,5787),(59,5342),(60,27569),(61,28028),(62,29441),(63,22108),(65,26046),(66,35370),(67,7679),(69,16756),(70,26517),(71,21067),(72,13903),(74,11355),(75,19452),(77,22245),(78,32461),(82,18237),(84,5807),(85,29355),(89,8563),(91,22074),(92,34672)]	229.927511
151	[(1,8546),(2,5984),(3,22144),(7,34132),(9,9133),(10,32689),(13,21922),(16,21816),(17,28542),(18,35612),(19,25168),(20,26734),(21,19846),(23,24827),(25,20629),(26,11150),(27,5589),(31,24680),(34,6660),(35,13703),(36,9937),(37,26405),(38,18989),(39,36315),(40,35397),(42,28321),(45,34897),(47,18852),(50,29316),(51,17830),(52,18622),(54,6012),(56,35974),(57,14990),(58,20600),(59,14951),(62,34876),(63,38130),(66,21656),(67,29173),(71,3197),(74,6675),(75,8790),(78,15466),(79,35713),(80,27778),(82,26344),(85,11204),(88,34496),(92,14851)]	232.035279
152	[(2,31223),(5,3434),(7,11210),(8,222),(9,21114),(11,36216),(12,29475),(17,34298),(18,30434),(19,18739),(21,6346),(22,9646),(23,33903),(26,23346),(29,673),(31,16739),(32,19939),(33,30228),(34,15480),(37,24630),(38,20737),(40,22632),(41,9864),(43,28240),(45,36273),(46,32841),(47,23553),(48,9639),(49,28666),(50,16240),(52,22335),(53,20715),(54,19746),(55,31817),(57,27899),(59,1224),(60,17261),(65,20046),(66,30569),(67,2543),(68,11843),(69,32204),(70,35458),(71,35056),(73,28580),(75,26272),(77,32341),(78,37531),(81,6978),(83,885),(85,5317),(86,17164),(87,2040),(90,7444),(91,24498)]	239.574872
153	[(0,14166),(2,13131),(3,10894),(5,828),(6,2349),(8,1648),(10,94),(11,34530),(14,23350),(15,11341),(16,11782),(17,2992),(18,7803),(19,23783),(21,35505),(25,15352),(28,35189),(29,16952),(32,22070),(35,1375),(36,9411),(38,38904),(39,1447),(40,18108),(41,15932),(44,33466),(45,3811),(46,18335),(47,30382),(48,1275),(49,19292),(51,9065),(52,16107),(53,15756),(54,18282),(55,10775),(57,19759),(59,32446),(60,38595),(62,7311),(64,13148),(65,25214),(67,14093),(68,2564),(69,17408),(70,5267),(72,624),(75,33437),(77,25177),(78,20518),(80,11046),(81,6860),(82,25975),(84,29912),(88,5279),(89,26434),(92,20396)]	209.546646
154	[(3,33413),(4,29242),(6,23154),(7,4424),(10,34214),(11,8788),(12,4757),(13,11323),(14,12448),(15,13773),(16,13617),(17,9716),(19,34518),(20,445),(21,28023),(25,34582),(26,15376),(28,19249),(29,5050),(30,16911),(31,20956),(32,6077),(33,10924),(35,23177),(36,31187),(38,31361),(39,11461),(40,18803),(41,33488),(44,5488),(49,132),(51,27080),(55,20348),(57,31691),(59,10636),(61,9982),(62,10296),(63,29122),(65,22301),(67,34108),(68,16688),(69,34639),(70,2451),(71,17009),(73,1970),(75,6836),(76,23377),(79,10448),(80,38697),(82,37177),(83,29381),(84,34229),(85,37120),(87,29383),(88,348),(89,13185),(91,1360),(92,7905)]	251.293099
155	[(3,33917),(4,11295),(6,31298),(8,7495),(9,31388),(10,11635),(12,9798),(14,11440),(16,3498),(17,2650),(18,9968),(20,30416),(22,1137),(23,7831),(24,8463),(26,17706),(27,30570),(28,6498),(30,30793),(32,31650),(34,19436),(36,38249),(37,35728),(38,24335),(40,36918),(41,16925),(42,34303),(43,39144),(44,15345),(49,26312),(50,7708),(51,19101),(52,6440),(53,7990),(54,80),(55,1336),(56,17814),(57,11686),(58,30599),(59,13531),(62,37266),(63,29106),(65,29636),(66,20885),(67,33681),(68,4144),(71,15321),(73,27212),(74,19385),(75,1392),(76,7705),(77,29077),(78,17212),(79,13501),(81,10523),(86,29105),(91,34362),(92,6574)]	257.725099
156	[(0,38690),(2,21652),(3,27114),(4,10661),(6,18404),(8,11484),(12,34264),(16,38723),(18,25492),(21,806),(24,2876),(26,7515),(27,5639),(28,17598),(29,35607),(30,30802),(31,27222),(32,9204),(34,35216),(35,26472),(37,12529),(38,20697),(40,16814),(41,27877),(43,37970),(44,22841),(46,4683),(49,34937),(51,14823),(52,7728),(53,10638),(55,8410),(59,31641),(61,29647),(62,5127),(63,4259),(64,27205),(66,25993),(67,7283),(68,29646),(69,3796),(70,11883),(71,20062),(73,14851),(75,19986),(76,4837),(78,17005),(79,9267),(82,10237),(83,36810),(85,11428),(87,3194),(90,31243),(91,19407)]	198.078506
157	[(2,8242),(3,3360),(4,35504),(6,29993),(7,15468),(9,32330),(10,11445),(13,13976),(14,3227),(15,4326),(16,1060),(18,24278),(19,36068),(21,25665),(22,30185),(23,11961),(25,27414),(26,22670),(27,37579),(29,18463),(30,19151),(31,31216),(32,28939),(33,27802),(34,19795),(35,35497),(36,26522),(37,28405),(38,23157),(39,28510),(40,27329),(41,22815),(43,14789),(44,9184),(45,38949),(46,2471),(47,15340),(49,219),(50,35905),(51,36666),(52,37521),(53,33956),(54,657),(60,1701),(61,34491),(62,4255),(63,5336),(66,14629),(67,22413),(71,13203),(72,14798),(75,33350),(77,25664),(78,30803),(80,16337),(81,19438),(83,2370),(84,38753),(87,4586),(89,13211),(90,26968),(92,23745)]	154.080028
158	[(0,9398),(3,6563),(4,17544),(6,35754),(7,13947),(8,19606),(13,35127),(17,29879),(18,8494),(19,31333),(20,928),(23,36211),(24,31540),(29,30504),(30,1317),(31,14078),(32,24916),(33,7077),(35,27366),(37,9406),(38,12370),(39,20592),(40,5479),(41,2752),(42,4687),(44,23156),(45,3197),(47,29097),(50,9478),(52,35831),(54,36),(55,10029),(58,24493),(60,9673),(61,16566),(63,9912),(64,5523),(65,26936),(66,27149),(67,14101),(68,21858),(69,28659),(70,30085),(71,17383),(72,9819),(73,4566),(74,248),(75,31642),(76,4763),(78,6925),(79,32179),(81,27132),(83,16524),(85,31430),(86,37810),(87,33931),(88,34864),(89,26987),(90,4025),(91,8741)]	138.362751
159	[(0,4085),(1,23998),(3,6955),(5,34585),(7,26890),(8,19234),(9,20617),(10,28872),(12,15582),(13,6877),(14,1848),(15,34848),(17,24901),(21,25475),(22,21264),(25,1414),(26,24657),(29,30861),(30,14333),(31,8538),(32,35738),(33,16671),(35,29828),(37,20966),(38,6054),(40,26681),(42,623),(44,16882),(45,11281),(46,3392),(47,36299),(48,32300),(49,38955),(50,38448),(51,13150),(53,37409),(54,32284),(55,37570),(56,4070),(57,12240),(58,7011),(59,37968),(60,9869),(62,36532),(63,14594),(64,33325),(65,31406),(66,8496),(67,3816),(68,12697),(70,37429),(72,13427),(73,4141),(74,23709),(75,8359),(76,24838),(79,2728),(81,33757),(82,27777),(83,28637),(87,36414),(88,6302),(89,26295),(90,3524),(91,6614),(92,32011)]	137.141659
160	[(1,31223),(5,29009),(7,24319),(8,21235),(11,29415),(12,28678),(13,7515),(15,20438),(20,38807),(28,8582),(29,9800),(30,28557),(33,37174),(34,17469),(35,38777),(38,24988),(39,39179),(41,22684),(42,1523),(43,28608),(44,32731),(46,448),(47,3141),(49,13759),(51,9045),(52,7614),(54,6073),(57,17845),(59,35199),(60,29599),(63,23564),(64,26710),(67,24322),(69,24268),(71,27798),(73,28653),(78,20045),(80,14447),(81,27766),(84,21954),(85,31755),(87,19232),(88,8128),(92,37416)]	140.791505
161	[(0,37034),(1,24054),(4,9521),(5,26400),(6,13013),(7,7232),(8,29586),(10,29371),(11,9276),(13,27670),(14,37609),(15,6765),(16,34745),(17,37263),(19,22495),(22,3570),(23,22504),(24,25090),(25,9625),(26,14220),(27,31054),(30,37279),(31,4901),(32,5495),(35,31686),(37,37621),(39,15070),(41,2528),(42,26765),(43,72),(44,16360),(45,19569),(46,27914),(47,22419),(48,30452),(50,30064),(51,1980),(52,5935),(53,16996),(55,24215),(56,12483),(57,800),(60,28253),(63,9635),(66,15737),(68,31292),(69,5939),(73,36555),(74,457),(78,2678),(79,8733),(80,18671),(81,27825),(82,38371),(83,22384),(84,7349),(85,8471),(86,20854),(87,26532),(89,35093)]	161.172396
162	[(0,30850),(1,33157),(3,19774),(4,17568),(7,12657),(8,9413),(10,13768),(15,7063),(16,11580),(22,2749),(24,22853),(25,29118),(26,34149),(28,6753),(29,4823),(30,14748),(32,2635),(33,30612),(34,21216),(36,16437),(37,28675),(39,19224),(40,26593),(41,368),(48,29580),(52,36124),(53,38027),(54,15450),(55,14114),(58,37304),(60,30013),(61,28593),(67,36275),(71,33673),(72,17412),(73,5760),(78,28689),(79,4621),(80,24066),(81,32592),(82,24849),(83,38493),(84,37913),(85,5470),(86,31204),(89,12086),(92,9059)]	138.341815
163	[(1,34240),(2,32712),(3,37011),(5,33405),(6,7492),(7,31843),(9,18292),(10,1810),(11,31802),(13,31075),(14,14798),(15,16009),(16,12537),(17,13215),(18,15294),(19,31154),(20,1995),(21,38427),(22,35554),(23,11613),(25,30664),(26,29554),(27,29889),(28,37839),(29,8301),(30,25209),(31,8343),(32,32262),(36,15505),(38,25279),(41,35643),(42,34051),(43,10198),(44,19910),(45,28162),(46,10167),(48,27237),(49,13502),(50,1307),(51,36555),(52,1893),(53,8292),(55,23304),(57,1940),(58,33598),(59,5950),(60,36243),(62,7255),(64,20177),(65,36774),(66,6832),(67,37324),(68,35383),(71,34451),(72,38096),(75,12489),(76,7982),(78,16163),(80,15295),(83,17333),(84,13975),(88,38503),(90,38993),(91,13799)]	138.121560
164	[(0,23370),(3,3575),(4,27292),(5,27994),(6,30525),(7,5953),(8,23431),(9,13959),(10,35011),(13,6402),(14,12423),(15,6435),(16,9707),(18,24989),(21,32939),(25,18695),(26,17679),(27,33458),(28,21102),(29,13273),(31,34945),(33,31486),(35,19250),(37,14811),(39,25929),(41,30766),(42,16634),(43,14716),(44,34743),(45,37159),(46,24709),(47,7778),(49,15116),(50,9367),(51,37605),(52,39126),(53,6118),(54,19467),(56,32336),(57,12406),(59,30005),(60,24920),(61,30057),(66,25590),(68,23644),(69,15125),(72,25414),(73,15519),(76,25394),(77,37524),(79,19436),(80,8884),(83,35596),(85,29785),(88,6597)]	128.584796
165	[(0,1527),(1,26091),(2,7295),(3,37357),(6,35516),(8,36766),(10,3002),(14,1267),(15,2414),(17,4496),(22,36755),(27,9458),(29,496),(30,18897),(31,21997),(32,20244),(34,17927),(35,19448),(36,13027),(37,3726),(40,31266),(41,7493),(44,11139),(45,7405),(48,6088),(50,5133),(55,5633),(57,16910),(58,2133),(59,36367),(62,7808),(63,5054),(64,8091),(66,31442),(68,39187),(69,10691),(71,29245),(73,7613),(74,31801),(75,17122),(76,19080),(78,21458),(81,21768),(83,1409),(84,15702),(85,20312),(87,20545),(89,22743),(92,37506)]	123.368099
166	[(2,9461),(3,27591),(4,12176),(6,35998),(8,35338),(10,17455),(15,20982),(18,11497),(20,32489),(21,10584),(25,22404),(26,31400),(29,11631),(31,9144),(32,20360),(33,37660),(34,28836),(35,17094),(36,17904),(38,35010),(41,38777),(43,9549),(46,31506),(47,9857),(49,29833),(50,30766),(51,19836),(52,19596),(53,14052),(54,35664),(55,13824),(56,7468),(57,23229),(58,16168),(61,29332),(63,1338),(65,19774),(67,7415),(68,13263),(69,21815),(70,35820),(72,27061),(73,12729),(75,27808),(76,14665),(80,16329),(82,31711),(83,6325),(85,20706),(87,6191),(88,14392),(89,37602),(90,29926)]	128.998791
167	[(0,19890),(1,5157),(2,11515),(3,38292),(4,34455),(5,17366),(6,11311),(8,13219),(9,1151),(10,18418),(12,16089),(13,24995),(16,37771),(18,10791),(19,25275),(21,16179),(22,30683),(23,26057),(25,24842),(26,6010),(27,37050),(28,5401),(32,8118),(33,2409),(34,16324),(38,13162),(40,33506),(41,16558),(43,4647),(44,37138),(46,15733),(47,12742),(49,33780),(51,20389),(55,35085),(56,37458),(57,36941),(61,24664),(63,13165),(66,17303),(67,21891),(68,24587),(69,38645),(70,33607),(71,23518),(73,17195),(75,34491),(77,9267),(80,34858),(81,31332),(82,18078),(84,13564),(85,28586),(87,30089),(88,39177),(90,30721),(91,24469)]	144.151104
168	[(0,32744),(2,38339),(4,12024),(5,19357),(6,7396),(9,24052),(11,28375),(12,11925),(13,23319),(15,37069),(16,23684),(17,21861),(19,18277),(21,22264),(25,23659),(26,35309),(27,38610),(28,17449),(31,23850),(32,32791),(35,4101),(36,30119),(39,12792),(40,18788),(41,3502),(43,30364),(45,1266),(46,7468),(47,15431),(48,24388),(50,30565),(51,385),(52,11127),(55,4375),(56,1565),(58,19868),(59,18035),(61,20535),(62,16582),(63,29379),(65,6097),(66,16540),(67,11086),(68,33000),(69,18134),(70,26244),(71,35079),(72,30179),(73,19891),(74,5614),(75,3710),(76,27505),(77,20273),(78,33017),(79,74),(80,3601),(81,32885),(82,38130),(90,36018),(91,27624),(92,24810)]	155.405300
169	[(0,3765),(4,18529),(8,36559),(9,30581),(10,97),(12,9694),(13,24297),(15,22700),(16,28752),(18,24992),(21,30486),(22,14853),(23,3321),(24,14759),(25,31902),(26,28835),(28,16732),(30,18952),(32,38413),(34,24513),(35,23513),(36,31259),(37,38478),(38,9476),(40,32332),(41,29856),(42,34382),(43,15914),(44,15276),(46,33594),(47,38458),(48,26506),(49,16979),(51,26262),(52,12909),(54,9251),(55,37774),(60,5959),(62,19202),(63,28009),(68,9106),(69,34561),(70,18635),(71,36247),(72,27993),(73,12891),(76,6059),(80,8805),(81,15195),(82,17716),(83,20343),(85,11826),(88,28094),(89,26160),(91,38713),(92,26548)]	140.917720
170	[(0,22809),(1,7879),(3,34291),(5,9196),(7,32004),(8,9000),(10,26789),(11,35616),(14,32802),(15,23344),(16,11931),(17,18179),(19,17182),(21,4870),(22,34721),(25,24301),(26,19437),(27,31127),(29,29266),(30,27215),(31,24404),(32,14165),(33,19445),(34,11377),(36,19899),(37,35954),(39,7438),(40,1924),(41,25001),(42,29062),(44,10521),(45,7702),(46,2069),(47,6230),(50,24961),(51,5836),(52,20105),(54,1882),(55,32147),(56,19919),(63,32974),(65,38733),(70,20464),(72,24394),(73,37480),(76,22870),(77,25179),(78,11632),(80,4829),(81,20051),(83,6839),(84,13587),(85,28100),(86,4727),(90,22236),(91,31002),(92,27341)]	139.442952
171	[(0,34322),(2,35806),(3,20464),(6,27260),(7,16705),(8,16729),(9,7826),(10,32267),(11,16187),(12,37123),(13,26979),(14,38836),(17,17352),(23,17731),(25,19507),(27,25900),(28,22097),(30,6563),(31,17544),(33,25724),(34,27671),(36,31364),(38,24331),(44,32339),(45,13152),(47,810),(48,15930),(49,710),(51,18991),(54,23041),(55,10014),(58,3256),(61,33827),(63,27798),(65,33294),(67,35374),(68,18575),(69,10460),(70,9909),(72,20979),(73,16579),(75,13441),(76,11621),(77,11613),(78,22610),(80,14040),(83,16292),(84,38526),(85,22284),(86,23467),(89,21153),(90,30372),(91,1278),(92,32853)]	134.863169
172	[(1,25087),(4,2045),(5,803),(7,38729),(10,21799),(14,12079),(16,1689),(17,23405),(18,13691),(19,25125),(21,31729),(22,29790),(24,22935),(26,1498),(27,3012),(28,14616),(29,25366),(30,29464),(31,21874),(32,19323),(34,24042),(37,11439),(39,11610),(40,29237),(42,38452),(44,20582),(45,33150),(46,24206),(47,38539),(48,452),(49,7589),(51,3009),(52,24035),(54,5083),(55,1868),(56,28109),(58,31369),(60,6844),(61,22782),(62,27140),(63,16533),(64,32286),(66,5562),(72,14669),(73,21606),(75,30233),(76,26666),(78,19239),(80,1479),(81,19446),(82,33381),(83,38470),(84,26305),(86,33639),(87,18436),(88,1189),(91,24732)]	129.947534
173	[(0,1672),(1,19507),(2,12437),(3,38932),(4,12612),(5,16695),(6,12883),(7,3291),(8,21051),(9,14137),(10,33846),(11,602),(12,36314),(13,23189),(14,32953),(15,22761),(17,32437),(18,22472),(19,37616),(20,33570),(23,760),(24,17772),(25,36073),(27,28789),(28,11053),(29,19538),(32,30326),(33,22494),(34,9841),(36,2221),(37,4755),(39,33213),(41,32999),(45,1901),(46,9034),(51,5981),(52,27224),(54,34414),(55,31844),(57,30186),(58,38723),(59,18783),(61,5013),(62,37815),(63,24358),(64,22253),(67,26953),(68,7575),(69,16560),(72,29358),(74,26780),(76,11891),(77,1304),(78,17775),(80,27500),(82,33867),(83,29294),(84,37986),(86,23489),(87,30933)]	130.340232
174	[(1,33966),(3,37645),(5,35209),(6,30815),(7,20163),(9,17377),(11,27690),(12,3768),(14,3094),(15,23886),(19,15462),(21,17721),(23,22913),(25,26546),(27,15808),(28,32499),(30,29912),(31,5900),(34,26918),(37,32939),(38,19252),(39,20337),(40,11086),(42,15688),(43,3834),(46,13339),(47,32059),(48,36045),(50,13144),(51,2984),(54,32413),(55,26715),(57,20017),(58,28148),(59,17991),(60,36515),(61,9752),(62,13849),(63,24956),(64,25346),(65,20645),(67,38050),(68,28931),(69,11005),(70,25092),(71,28888),(74,30112),(75,37961),(77,30316),(78,21914),(80,4830),(81,19708),(84,39087),(85,20972),(86,19969),(87,1816),(89,30911)]	132.216356
175	[(1,4021),(3,35734),(5,20724),(8,4229),(10,29270),(11,26392),(12,38179),(14,12664),(16,14251),(22,13614),(25,22181),(26,3153),(27,9705),(28,37157),(36,24576),(37,34103),(38,28752),(39,24946),(40,13103),(41,3477),(42,1827),(45,26583),(46,14052),(47,35664),(48,13824),(49,13907),(50,31121),(51,38243),(52,10675),(54,4883),(55,13884),(57,36034),(58,18069),(60,38455),(61,7653),(62,1191),(64,1821),(66,2755),(68,96),(69,1753),(70,14136),(72,4396),(75,8164),(77,15674),(78,4042),(80,29201),(82,17000),(83,34799),(84,35796),(85,11233),(86,4041),(90,27216),(91,18907)]	129.952416
176	[(0,16224),(1,12098),(3,12073),(5,30743),(6,25929),(8,5361),(10,33471),(11,36567),(12,22649),(13,5522),(14,14484),(15,6700),(16,2773),(18,12102),(19,33101),(21,31860),(22,2254),(23,21114),(24,38228),(26,19165),(28,35290),(29,20546),(30,8493),(31,8981),(33,16093),(35,10276),(37,25303),(39,12930),(40,18623),(41,36648),(42,20299),(45,37821),(46,27746),(47,15917),(50,10733),(51,31653),(53,22120),(54,26693),(56,35843),(58,154),(59,29127),(60,5042),(61,6514),(62,6402),(64,26590),(65,18048),(66,21817),(67,27693),(68,4725),(70,10374),(71,37168),(72,19132),(73,1203),(74,33051),(75,18651),(76,8726),(78,32272),(79,12253),(80,14680),(84,9929),(85,30344),(86,35288),(88,13240),(89,3824),(90,2611),(91,26484),(92,36862)]	154.729775
177	[(1,10379),(2,1339),(5,13730),(6,22654),(8,5023),(9,25649),(10,11285),(12,25720),(13,1518),(14,24755),(15,17909),(16,1987),(18,8345),(20,26794),(21,10892),(23,19637),(25,32154),(26,35360),(27,21352),(28,15740),(30,37612),(31,22052),(32,30678),(33,18052),(39,16873),(40,22577),(41,25539),(43,19055),(44,16638),(45,11921),(47,14429),(49,36832),(50,7462),(51,31809),(53,7402),(54,22628),(56,29539),(58,32112),(59,15940),(60,35853),(62,20419),(63,6771),(64,1960),(65,24934),(68,34735),(69,17282),(70,3950),(71,10155),(72,4796),(74,219),(76,7450),(77,19291),(78,9768),(79,21773),(80,21916),(81,22840),(82,38239),(84,492),(85,2087),(86,28529),(87,17465),(88,26454),(89,9445),(90,3375)]	150.990063
178	[(0,30015),(1,9700),(2,18608),(5,5656),(7,30304),(12,4857),(13,16322),(17,33246),(18,39065),(19,32075),(21,32804),(22,16021),(23,34549),(27,23694),(29,22993),(30,8601),(33,15004),(34,25526),(35,29712),(36,27371),(37,11174),(38,8697),(40,27231),(41,16798),(43,9298),(45,36463),(47,16382),(49,2443),(50,18906),(51,18003),(52,20442),(55,35303),(56,27191),(57,11488),(58,22927),(59,654),(60,11242),(61,25092),(62,28888),(63,28371),(64,33581),(66,27428),(67,20398),(68,3913),(70,24037),(72,4171),(74,8330),(76,25169),(79,12358),(81,30052),(83,18811),(84,18947),(85,606),(86,27321),(90,11920),(91,8312),(92,28167)]	133.140095
179	[(0,4081),(5,33413),(6,17033),(7,13023),(9,35586),(12,6539),(13,16870),(15,22318),(16,3676),(17,2329),(19,23264),(20,9741),(21,17284),(25,27831),(27,22420),(28,38780),(29,22329),(31,22023),(32,19938),(33,15631),(34,15272),(35,19134),(36,16162),(37,31793),(39,2635),(41,5801),(42,13677),(43,9294),(45,15282),(46,36433),(48,25226),(51,29024),(53,11705),(54,38553),(55,27506),(56,30985),(57,34417),(59,3656),(61,13615),(62,38155),(63,23752),(65,33717),(67,14666),(69,19127),(71,32723),(73,24539),(74,29400),(75,20812),(77,22501),(78,26257),(79,32448),(80,12696),(81,3486),(83,20112),(84,26184),(85,7040),(86,38513),(87,13626),(88,17201),(90,3214)]	127.151323
180	[(0,13500),(1,35149),(4,7418),(5,3785),(12,737),(13,13899),(14,4268),(15,873),(16,15878),(17,23769),(18,15416),(20,11738),(21,10488),(22,22486),(23,13297),(24,19965),(25,2815),(26,35418),(27,33866),(28,22828),(29,2632),(30,27815),(32,6790),(34,32324),(35,18785),(36,18236),(39,28073),(40,12669),(41,5649),(42,39010),(44,35124),(45,20135),(46,2909),(47,425),(48,21195),(49,19303),(50,29346),(51,5647),(52,27822),(54,25820),(55,5713),(56,19158),(58,28139),(59,11447),(60,21399),(62,5797),(63,18770),(65,20147),(67,6577),(68,33727),(69,33269),(70,27672),(71,12093),(72,19024),(73,36178),(75,16708),(76,33702),(80,28125),(83,22936),(84,30193),(85,21457),(86,38465),(87,13009),(88,20607),(90,33844),(91,19055)]	134.113767
181	[(0,299),(1,39089),(2,22635),(3,28185),(4,1775),(8,11954),(9,27136),(10,8879),(11,35526),(12,32358),(13,25957),(14,22875),(16,28622),(19,26402),(20,38072),(21,1837),(22,17254),(23,10420),(24,31901),(26,1060),(30,22177),(31,22012),(32,4278),(34,12244),(38,15583),(39,14791),(40,22715),(42,3466),(43,2865),(44,14788),(45,12104),(47,9257),(52,7202),(54,24453),(55,2710),(57,27803),(59,29),(60,21734),(61,36606),(62,36232),(63,33662),(65,12519),(67,29082),(68,36938),(69,3962),(73,36478),(74,16965),(75,9096),(77,6817),(78,18542),(83,12698),(84,18835),(85,35334),(86,15307),(87,32178),(88,22765),(89,4986),(90,9513),(91,4283),(92,12761)]	141.083632
182	[(0,24711),(1,29333),(4,8390),(6,24182),(7,37839),(8,8220),(9,29467),(10,7487),(11,1171),(13,1468),(20,31913),(21,38732),(22,11318),(23,17973),(24,16238),(25,20303),(26,12120),(28,37972),(30,16728),(31,199),(32,23384),(34,32131),(35,1648),(36,10538),(37,16539),(38,30464),(39,5347),(41,2798),(42,18034),(44,35740),(45,14175),(46,20643),(47,28713),(49,15991),(53,9344),(54,24898),(55,37836),(56,917),(60,12265),(62,12917),(63,21136),(64,22350),(65,15042),(66,4213),(67,13853),(68,15671),(69,26103),(70,26121),(71,18957),(72,39079),(73,4610),(76,37336),(77,18129),(78,18600),(81,35740),(82,25941),(83,9328),(84,32862),(87,33950),(88,5060),(89,37939),(90,17184),(91,14710),(92,33024)]	130.544333
183	[(3,4127),(4,21105),(9,24848),(11,1239),(12,10637),(13,1334),(14,11667),(15,38889),(16,12884),(19,29584),(20,11140),(21,23697),(23,36868),(25,11718),(26,8349),(30,1919),(32,27183),(33,10862),(34,31162),(35,3237),(36,31212),(39,18263),(41,906),(44,15118),(47,29614),(48,6083),(49,4314),(50,21728),(51,4367),(52,9915),(53,16613),(54,973),(55,16665),(56,27510),(57,26776),(58,15261),(59,10437),(60,3630),(61,16424),(63,4908),(67,28120),(68,32673),(70,25727),(72,22372),(74,6365),(75,21615),(76,9640),(77,22375),(80,37122),(81,12333),(82,7988),(84,27292),(89,922),(90,842),(92,9423)]	158.700516
184	[(0,12293),(1,15936),(6,14723),(11,38602),(14,14875),(16,8037),(17,26396),(18,31348),(20,14868),(21,27739),(23,33669),(24,10481),(25,2462),(27,23372),(28,37366),(29,23320),(31,23117),(32,18955),(34,38013),(35,5876),(36,25838),(37,3493),(39,19752),(46,36725),(47,22530),(48,38737),(51,27040),(52,36385),(54,31622),(55,17955),(56,31583),(62,20377),(63,16560),(66,22827),(68,33513),(69,2572),(70,38189),(71,36692),(72,19567),(73,10844),(74,25868),(77,27988),(78,19110),(79,9100),(80,31321),(83,9911),(85,10905),(86,16478),(87,25511),(88,17636),(89,31868),(90,36620),(91,33063)]	136.939976
185	[(0,36515),(1,7680),(2,30259),(4,36289),(5,21443),(6,34324),(7,30242),(9,36622),(10,2808),(11,10414),(13,36014),(16,3991),(17,3669),(18,647),(19,22895),(20,15461),(21,10205),(22,9526),(25,4196),(30,32986),(31,11787),(33,14719),(35,23783),(37,10905),(38,16478),(41,27346),(42,7317),(43,682),(44,34399),(45,3712),(48,37759),(49,33603),(51,32224),(52,13599),(53,12521),(55,25527),(56,20917),(59,15224),(61,19656),(62,2822),(63,24783),(64,7194),(65,33284),(66,25138),(67,35782),(69,16590),(70,9070),(73,7128),(74,33227),(76,13491),(78,12123),(81,31190),(82,22246),(83,6385),(84,31259),(85,9068),(87,20827),(89,29462),(92,30690)]	141.869162
186	[(0,5545),(1,37931),(4,12386),(6,7375),(7,33559),(8,12237),(9,24082),(10,13284),(12,29372),(13,30759),(16,7977),(18,2609),(19,24329),(20,33609),(27,7977),(30,24432),(31,3021),(32,34341),(33,12107),(35,6784),(36,23297),(37,11946),(42,4012),(45,12868),(47,7746),(48,2670),(49,15432),(50,24968),(55,33820),(58,6418),(59,26424),(60,27892),(61,21765),(62,18475),(65,31390),(67,5780),(68,25544),(70,23055),(71,37175),(72,36710),(76,28600),(79,10484),(81,14614),(84,33981),(87,274),(89,1929),(90,16534),(91,6901),(92,38722)]	125.095651
187	[(0,22675),(1,2754),(2,12296),(3,8217),(4,20581),(6,5819),(7,818),(8,33525),(10,8487),(11,1389),(12,23620),(14,15384),(15,21620),(16,23499),(17,34590),(18,1962),(21,7555),(25,20515),(26,11575),(28,33799),(31,1845),(34,5601),(35,22456),(36,987),(37,19534),(38,10445),(43,373),(49,33082),(50,16500),(51,6077),(54,5161),(56,37453),(59,18752),(61,5754),(64,15876),(66,30361),(67,26828),(68,10705),(70,34880),(71,23865),(73,4184),(74,1147),(75,12830),(76,31803),(77,35481),(78,7158),(81,1914),(83,21287),(85,29091),(87,36869),(88,15778),(89,30412),(91,26794),(92,11723)]	129.425274
188	[(1,27512),(3,28964),(4,30945),(6,15943),(7,22018),(9,7283),(10,15605),(11,4062),(12,23297),(13,11946),(15,13032),(16,6111),(17,1206),(18,24399),(19,1303),(20,25658),(21,4872),(24,30686),(25,9530),(26,3391),(28,21633),(29,38736),(30,33519),(31,36630),(32,14918),(33,22393),(34,6265),(35,25514),(36,4140),(40,11685),(41,15471),(45,18906),(46,18003),(47,20442),(48,22506),(49,7760),(50,7475),(51,37920),(52,17919),(53,21794),(55,11936),(59,15560),(60,31760),(62,28204),(63,13928),(64,8179),(66,19397),(69,37100),(70,5134),(73,31450),(75,9206),(78,15603),(79,30780),(80,12470),(81,29993),(83,32656),(85,25077),(87,25509),(88,7920),(89,25157),(91,10399),(92,21537)]	129.888815
189	[(0,30712),(1,10262),(2,3294),(3,16201),(5,32473),(7,12472),(9,1722),(11,33339),(12,30093),(14,3987),(16,33805),(18,37988),(19,6685),(20,12265),(22,12917),(23,21136),(25,30986),(26,33719),(27,24533),(28,29121),(29,25813),(31,5878),(33,26862),(34,31457),(36,28427),(38,38953),(41,30188),(42,27151),(44,19265),(49,497),(50,3263),(52,36854),(54,1699),(55,16374),(60,23114),(61,34321),(62,9097),(63,20090),(66,29479),(67,30946),(68,30590),(69,12600),(70,13145),(71,20460),(72,22386),(73,3538),(74,22643),(75,5124),(76,16946),(77,8485),(78,15120),(79,24826),(80,11308),(82,14854),(83,30796),(84,33878),(86,24931),(87,15224),(88,21753),(89,36775),(90,19349),(91,28354),(92,23292)]	145.013546
190	[(1,35509),(3,24986),(4,4995),(8,21143),(9,36027),(10,5860),(15,22010),(18,8117),(20,5005),(21,14692),(22,20712),(23,11486),(24,14304),(27,9523),(29,36511),(31,3073),(32,5992),(33,6144),(34,11870),(36,7006),(37,30264),(38,3610),(42,31522),(45,9615),(46,22257),(47,26759),(48,4201),(52,7253),(54,39005),(55,2934),(57,1520),(59,11097),(60,6014),(63,11886),(64,21122),(65,16951),(66,30544),(67,35058),(69,20385),(70,20452),(77,24236),(79,13627),(80,37316),(83,38477),(84,33383),(87,21896),(88,20026),(90,6788),(92,34584)]	132.934871
191	[(0,38373),(1,3641),(3,9118),(4,5242),(6,17809),(7,200),(11,672),(12,7198),(13,4130),(14,26574),(17,24852),(18,19790),(19,14429),(20,18781),(22,17912),(23,28897),(31,13247),(32,4690),(33,30038),(35,37809),(36,38754),(37,28351),(39,28419),(41,26359),(42,20724),(43,11304),(44,21954),(45,21238),(47,33391),(49,26282),(52,7310),(53,12741),(56,8819),(57,36866),(58,5758),(59,24716),(60,33823),(61,26519),(62,5615),(63,18154),(64,38884),(65,27763),(66,31807),(67,26738),(70,1477),(74,10814),(75,37524),(77,9738),(78,29249),(80,34070),(81,23276),(83,30294),(86,21898),(88,20961),(89,14282),(90,32961),(92,34490)]	166.620179
192	[(0,11311),(3,17267),(4,31627),(9,16604),(10,33662),(11,7029),(12,36525),(13,12766),(14,26414),(15,8087),(17,11741),(18,34662),(19,21730),(21,23703),(22,28447),(23,35254),(25,155),(26,38774),(28,18227),(31,26676),(36,19588),(38,18373),(39,27239),(40,7360),(42,12211),(44,30020),(45,22803),(46,28258),(48,4162),(49,14843),(53,37020),(54,36920),(55,253),(57,8976),(58,3725),(62,14647),(64,30572),(65,154),(66,29127),(67,5042),(69,17690),(70,22516),(71,1092),(73,26287),(75,30382),(76,26238),(78,3443),(79,27916),(80,1848),(87,34922),(88,23946),(90,2386),(91,34342)]	145.383263
193	[(0,22652),(1,29395),(3,7589),(5,24677),(6,33417),(7,21806),(8,15395),(9,23427),(10,7832),(11,6368),(12,4700),(15,5566),(16,8924),(17,407),(19,23350),(20,35456),(21,3210),(22,23092),(24,11560),(25,14681),(27,28695),(29,20194),(31,37322),(32,37175),(35,1762),(36,33758),(37,32629),(38,30640),(42,13872),(44,31360),(45,17355),(48,36175),(49,12752),(52,37462),(55,1402),(56,9916),(59,9991),(61,25053),(62,15939),(63,16223),(64,29102),(66,27052),(69,3075),(71,12542),(72,1265),(73,12818),(74,21735),(76,25639),(77,24681),(78,28802),(79,21927),(80,2937),(81,19719),(82,2099),(84,35834),(85,18941),(86,22193),(88,19102),(89,10387),(90,81),(91,35746)]	131.452127
194	[(1,16710),(2,2749),(3,5232),(4,11475),(5,32322),(6,12582),(9,30745),(13,26783),(17,8096),(21,14821),(23,36522),(26,5754),(29,2990),(31,34698),(33,30506),(35,280),(38,20107),(40,29304),(42,22164),(43,38630),(45,35670),(46,7372),(47,1190),(48,404),(49,27711),(51,12462),(53,27583),(58,27959),(59,14162),(61,575),(62,20178),(63,17957),(64,28293),(65,36078),(67,18188),(70,29531),(71,17522),(72,32508),(73,24326),(74,37145),(76,12881),(77,35103),(78,18834),(80,32014),(81,36579),(82,28040),(83,25501),(84,1248),(85,38767),(86,24520),(87,4898),(88,17351),(89,25636),(91,12390),(92,10695)]	138.957264
195	[(0,32282),(1,33501),(5,14987),(8,11379),(9,10707),(10,27379),(11,34734),(12,35792),(13,11514),(14,1685),(15,20687),(17,38364),(19,9577),(20,21427),(21,18227),(22,7047),(23,28192),(25,15961),(26,28362),(27,36681),(29,21145),(30,29987),(31,26456),(34,6241),(37,19742),(38,7710),(40,9031),(41,27831),(43,32173),(44,13385),(46,2887),(47,23642),(53,34854),(55,4623),(56,34652),(61,20050),(63,26284),(64,6547),(72,31899),(73,31066),(75,39064),(76,14585),(77,3057),(78,22507),(79,14350),(80,29111),(81,7674),(82,19444),(84,21072),(85,36308),(88,8168),(89,35738),(90,16671),(91,24928),(92,33890)]	139.442414
196	[(0,27790),(1,24291),(2,38291),(3,12737),(4,28207),(7,37166),(9,38013),(11,15157),(12,32298),(13,7399),(14,16032),(16,12021),(18,22898),(19,9467),(22,22576),(23,9955),(26,23119),(27,2357),(28,34756),(29,27240),(30,34693),(31,10629),(33,6721),(34,18815),(35,13015),(39,34703),(45,8707),(47,22192),(48,21948),(50,20239),(51,23335),(52,38799),(54,1350),(55,24777),(56,6713),(57,7985),(58,8312),(60,6566),(61,38428),(62,2881),(63,22459),(64,13559),(66,34657),(67,5808),(69,15850),(71,3648),(72,6399),(74,4199),(76,3765),(77,19184),(78,29496),(79,25543),(81,26014),(82,22962),(83,24671),(86,35742),(87,28624),(88,27280),(89,15202),(90,21508),(92,12083)]	152.304711
197	[(0,9684),(1,33212),(3,32956),(4,27595),(5,24735),(7,30323),(9,38805),(10,24072),(11,5252),(13,20757),(14,30178),(16,4458),(17,17462),(19,39017),(20,36031),(21,7315),(23,33036),(24,24827),(25,25997),(27,26361),(29,13527),(31,11454),(34,21214),(35,25017),(36,24807),(37,38074),(38,29765),(39,10717),(41,15856),(43,32497),(44,2302),(46,17424),(50,11374),(51,21237),(52,249),(55,32340),(56,3996),(57,37197),(58,2842),(59,35605),(60,34890),(61,11408),(62,31010),(63,30276),(65,16383),(66,25148),(67,5416),(68,13792),(69,15230),(70,11765),(71,2557),(72,6853),(73,25544),(76,26000),(82,27543),(83,314),(84,23477),(85,21759),(86,31124),(87,21590),(88,27213),(90,305),(91,25343),(92,21400)]	131.211459
198	[(0,15240),(1,1185),(2,7382),(3,27913),(4,6058),(8,11433),(9,850),(12,11266),(13,19303),(14,32222),(15,37307),(17,18270),(19,18982),(20,35144),(24,8468),(25,11455),(27,30765),(28,1405),(31,8679),(32,12586),(35,26902),(36,12427),(37,15927),(38,962),(39,24116),(40,10183),(44,23321),(45,34476),(46,25297),(49,21450),(50,2397),(51,4607),(55,5700),(57,36106),(58,18666),(62,9611),(63,6614),(64,8307),(65,18874),(67,17985),(68,24499),(70,1740),(71,15482),(73,14707),(74,37144),(75,7703),(76,30903),(77,32913),(78,32534),(80,28189),(81,19944),(82,6252),(83,1011),(85,708),(88,6999),(90,37026),(91,34408)]	287.159673
199	[(0,9276),(1,38708),(2,37808),(3,24069),(10,10147),(14,29698),(15,36270),(16,16847),(17,14741),(19,856),(20,38425),(21,13664),(22,7988),(24,4204),(29,21306),(30,23517),(31,28684),(32,20729),(35,32177),(36,11389),(41,32212),(42,3990),(43,21849),(45,11117),(46,17308),(47,38445),(48,16284),(51,8109),(54,11354),(55,739),(56,32182),(58,17907),(60,27116),(61,18141),(63,15230),(65,23133),(67,828),(69,21326),(74,11674),(75,29108),(78,9563),(79,34600),(82,34638),(83,25827),(84,3671),(86,33342),(87,23211),(88,37504),(91,3241)]	247.443971
200	[(0,24609),(1,12375),(2,19765),(3,35081),(4,20528),(5,28572),(7,24420),(8,26619),(9,28636),(10,38639),(12,22576),(13,9955),(14,22204),(15,18749),(16,17692),(18,7280),(23,11967),(24,8943),(25,37859),(27,20926),(30,16051),(32,36608),(34,12977),(35,12383),(36,13699),(37,32957),(39,7097),(42,26632),(43,18608),(45,18100),(49,18458),(50,33580),(52,37699),(53,12631),(56,20419),(57,26805),(58,34830),(59,23879),(63,19953),(67,27485),(69,33644),(71,9684),(73,37800),(74,22024),(80,21376),(84,12256),(86,20982),(87,16495),(88,37015),(89,22265),(92,33934)]	261.317039
201	[(0,14921),(1,36154),(3,8960),(4,7585),(6,29225),(7,21184),(9,24563),(10,9004),(11,14325),(13,19150),(14,29008),(17,3436),(18,22183),(20,7264),(21,1478),(22,14712),(23,23793),(24,36360),(28,4126),(29,17473),(30,11721),(31,14176),(33,21941),(34,30183),(35,2501),(36,16308),(37,33438),(38,33780),(41,23405),(43,17648),(44,17743),(45,16387),(46,26109),(47,29932),(48,13197),(51,37364),(52,26669),(53,27420),(55,34585),(56,34965),(60,30959),(61,33208),(64,33239),(65,11740),(68,8154),(69,13456),(70,13305),(71,5699),(72,36388),(73,30154),(74,24384),(75,9108),(76,3483),(77,22434),(78,22642),(82,28390),(83,12912),(84,7799),(90,38209),(91,79)]	256.899104
202	[(2,20483),(3,3106),(4,32417),(6,23679),(7,20961),(8,15032),(10,3147),(12,12401),(13,22403),(14,22807),(16,10764),(17,8090),(18,25341),(21,32146),(22,7125),(23,31525),(26,4309),(29,15602),(30,28111),(31,25632),(32,28722),(34,34999),(35,32481),(37,27731),(40,22271),(41,8671),(43,35180),(46,5892),(48,30663),(49,18881),(51,3575),(53,15190),(58,9118),(62,14863),(66,19650),(67,9734),(69,15163),(70,33292),(71,24596),(74,12323),(76,28401),(77,33588),(78,5829),(80,1374),(81,27772),(82,8955),(83,12163),(84,38503),(85,22714),(86,30049),(87,6015),(89,32532),(90,14862),(92,8356)]	266.412417
203	[(0,35663),(2,38586),(3,36708),(4,24204),(5,805),(6,5853),(7,5330),(8,524),(10,19595),(12,20022),(14,27180),(16,930),(18,10800),(20,995),(22,19039),(24,30676),(26,34985),(28,30970),(32,23980),(33,31640),(34,23645),(35,31628),(37,23558),(40,10282),(41,16542),(43,10449),(44,34204),(45,25888),(47,25835),(48,20912),(49,2872),(53,24946),(54,2868),(55,2684),(57,17263),(59,32546),(61,8961),(63,31569),(64,14092),(65,8281),(66,23942),(67,20171),(68,24291),(69,35430),(72,13183),(73,33782),(74,22217),(76,34897),(80,6422),(81,11914),(83,20686),(84,9495),(86,21450),(87,2397),(91,25260),(92,32428)]	252.451564
204	[(4,10407),(5,26012),(7,30087),(13,27891),(15,27528),(20,21880),(21,16358),(22,30840),(27,2571),(28,436),(29,33722),(30,23397),(32,24942),(33,36728),(35,31794),(37,34972),(38,4580),(39,5740),(41,16198),(42,6147),(43,30414),(44,35940),(45,12678),(47,16300),(48,14648),(49,4164),(51,15339),(52,30149),(53,11775),(55,32177),(56,4911),(57,7461),(58,21183),(60,1994),(63,3094),(64,39147),(65,38635),(66,61),(69,29542),(70,30548),(73,28480),(74,5021),(77,38044),(78,15039),(79,37199),(80,17638),(84,1337),(85,1150),(86,7502),(88,31099),(89,5661),(90,32038),(91,37763),(92,18230)]	249.267044
205	[(1,38238),(4,15215),(5,20911),(6,14271),(7,32532),(8,28826),(9,7608),(12,26749),(13,9009),(15,3902),(17,16047),(18,5613),(19,34364),(22,33514),(23,20717),(24,21900),(25,23647),(26,16269),(30,1007),(31,26157),(32,8878),(36,22110),(37,3139),(39,29736),(40,35593),(41,1818),(42,1718),(43,21549),(44,15467),(46,38349),(47,31249),(49,15942),(50,24320),(51,13806),(53,36754),(55,10316),(56,6128),(60,2865),(61,21478),(62,30200),(64,7713),(65,32925),(74,6357),(76,19265),(80,25390),(81,778),(84,28253),(85,23361),(87,3560),(88,5706),(89,16083),(92,32397)]	263.873871
206	[(0,16625),(1,30116),(4,29734),(6,19310),(7,22116),(8,37898),(10,34204),(11,20576),(12,15350),(13,23668),(16,1571),(17,19051),(18,30731),(19,20920),(20,20446),(22,13853),(24,9770),(27,11287),(29,9663),(32,11605),(34,10131),(35,9269),(36,10201),(39,30626),(40,25506),(41,31922),(42,9338),(43,29986),(44,525),(45,32562),(46,694),(47,26939),(48,13485),(53,2925),(54,25607),(55,17044),(56,8556),(57,6207),(58,25591),(60,35228),(62,37263),(64,90),(66,14615),(67,39148),(69,33639),(70,18436),(71,1189),(74,14208),(75,27849),(77,8780),(78,17349),(79,9718),(83,30242),(86,3470),(88,22438),(90,32230),(91,27901),(92,18805)]	268.144196
207	[(0,31080),(1,8352),(5,19357),(6,7396),(7,25004),(9,15953),(11,6553),(12,33104),(13,13342),(15,12016),(16,26763),(17,16629),(20,28753),(21,8124),(22,29955),(23,33825),(24,26819),(25,29986),(27,12779),(28,5845),(29,21707),(31,12660),(32,37897),(33,23234),(34,9800),(39,773),(40,28550),(41,33533),(43,10973),(47,34320),(49,17092),(50,7582),(52,19036),(53,23989),(56,5123),(58,20429),(59,33203),(61,6904),(63,12217),(67,8451),(68,2208),(71,30742),(73,33828),(74,25352),(75,23691),(77,6907),(78,35447),(79,24261),(80,20933),(83,2779),(84,16101),(86,32193),(87,6781),(88,24815),(89,7237),(90,5459),(91,25869)]	248.298134
208	[(0,11674),(2,20520),(4,10678),(5,7597),(7,38359),(12,7285),(13,10538),(14,16539),(15,30464),(17,18921),(18,30250),(19,13022),(20,31967),(25,9821),(27,29680),(29,8476),(30,15577),(31,28475),(32,2184),(33,24207),(34,21573),(35,36688),(37,37047),(39,14835),(40,37510),(43,13418),(48,17160),(49,27254),(50,36737),(55,20283),(56,34392),(58,23496),(59,18445),(60,16029),(61,15397),(62,25961),(63,37442),(64,33105),(66,15659),(67,13705),(71,34731),(73,23050),(74,38493),(75,36514),(76,36122),(79,36073),(81,17506),(82,8325),(83,26842),(84,27150),(87,12681),(89,7748),(91,36314),(92,12783)]	233.476937
209	[(0,1488),(1,6307),(2,2800),(3,17318),(4,36324),(5,23280),(6,28604),(8,38817),(10,2660),(12,32983),(13,1550),(15,34570),(16,27899),(17,18232),(18,24345),(19,14876),(20,5214),(25,38351),(29,28561),(30,1772),(31,24278),(32,37951),(35,28274),(39,20549),(42,1781),(43,30243),(44,28127),(46,4848),(48,16470),(52,12512),(53,2439),(54,737),(55,32687),(56,36350),(61,24779),(62,14849),(63,6696),(64,36710),(65,8396),(66,33664),(67,22537),(69,20467),(71,6356),(72,26550),(73,25415),(74,31754),(76,12404),(77,15087),(78,21301),(79,28424),(82,38237),(83,16108),(84,22922),(85,21068),(86,26267),(90,31567),(91,196),(92,7316)]	250.209750
210	[(0,4834),(3,35707),(4,3823),(5,34731),(7,33764),(10,8837),(12,1485),(14,11499),(15,34251),(16,35563),(17,16654),(19,1376),(20,24325),(21,29812),(22,7488),(23,22315),(25,27422),(26,23934),(27,32853),(29,21927),(31,36931),(32,27138),(33,23927),(35,15531),(36,2270),(37,19218),(38,25135),(39,33388),(42,28226),(44,11956),(46,6254),(47,26856),(48,166),(50,24866),(53,19486),(54,22757),(56,5977),(57,5068),(58,33330),(59,8972),(61,17873),(62,26729),(63,6984),(64,34222),(65,33133),(66,20586),(70,21769),(73,24796),(74,22290),(75,16823),(76,5181),(77,1473),(78,15798),(79,10608),(83,17044),(84,11718),(85,33970),(86,1057),(87,13898),(88,21117),(89,37373),(92,37116)]	268.004708
211	[(1,2607),(3,2145),(6,5049),(11,18935),(13,1497),(14,13574),(15,31362),(16,10425),(19,16609),(20,8173),(22,38650),(23,1740),(24,1647),(25,6178),(26,34608),(27,38152),(30,7995),(32,2907),(33,27606),(34,34493),(35,24198),(36,21875),(39,27775),(40,22801),(41,22285),(42,16130),(43,17494),(44,17763),(45,31922),(49,31083),(50,10125),(51,22267),(53,24715),(54,26654),(55,14001),(59,23142),(60,4717),(61,4612),(62,34621),(63,38127),(64,10057),(68,19904),(70,36707),(71,27409),(73,15758),(74,33184),(75,3901),(76,2256),(77,32048),(79,11377),(80,16524),(82,2249),(84,26602),(86,36743),(88,25285),(92,23006)]	276.516525
212	[(0,16287),(1,2655),(4,12953),(5,29853),(7,6997),(8,16715),(9,32033),(10,1804),(11,2251),(13,19604),(14,2804),(15,36838),(17,32574),(19,34529),(20,1945),(21,32535),(22,25530),(23,19442),(24,10317),(25,23553),(26,1612),(27,17723),(28,33312),(29,37715),(30,37559),(32,18482),(33,36077),(35,38223),(37,17711),(41,23595),(42,875),(43,27658),(44,28751),(45,3292),(47,13491),(51,22682),(52,27224),(53,629),(54,38302),(55,16020),(56,5036),(57,2608),(59,30077),(61,7366),(62,1073),(63,20796),(65,4045),(66,16439),(68,18390),(69,33187),(70,14116),(73,36529),(76,28855),(77,6797),(78,7214),(79,34715),(82,5830),(83,802),(84,9413),(85,24142),(86,8349),(89,32052),(90,27225),(91,10700)]	179.909914
213	[(0,21745),(1,22695),(2,27557),(5,17303),(6,27820),(8,14329),(9,12695),(10,36298),(11,20821),(13,39084),(15,38717),(17,4009),(18,6217),(19,30123),(22,8473),(24,14060),(25,22433),(26,6171),(27,35937),(28,26367),(29,28002),(30,29680),(33,10579),(35,26508),(36,4855),(38,32563),(41,22146),(44,16571),(46,24314),(48,7938),(49,6461),(51,24499),(52,15647),(56,11280),(57,35545),(59,8275),(61,32326),(62,15955),(63,31201),(66,32686),(68,663),(69,18247),(70,17968),(71,33832),(72,26015),(74,11218),(75,37272),(77,14031),(80,38542),(81,12568),(82,33011),(84,32218),(85,20582),(86,15131),(88,11800),(89,21039),(90,31560),(91,28910)]	131.288520
214	[(3,16289),(4,33655),(6,497),(7,32246),(9,24898),(10,38464),(11,20945),(12,34818),(14,33676),(15,35769),(16,21370),(20,38724),(23,36757),(25,27718),(29,37461),(30,10907),(33,10188),(34,4186),(35,28663),(36,13129),(37,31324),(39,14035),(40,22021),(42,37945),(44,12342),(48,16182),(51,19787),(52,28640),(53,337),(55,10576),(57,6137),(59,16933),(60,1722),(61,31487),(63,10389),(66,24575),(67,10902),(70,28064),(71,1182),(72,122),(73,34722),(76,34537),(78,11228),(79,3240),(80,11491),(81,13587),(85,36013),(87,8702),(88,11472),(90,34716),(92,14022)]	125.185442
215	[(0,20404),(1,12149),(2,18914),(4,37516),(5,9872),(8,32617),(11,18546),(12,31443),(13,21365),(15,21362),(16,32661),(19,14838),(20,14144),(21,19148),(23,14295),(24,16131),(25,35362),(28,37035),(29,26837),(30,33732),(31,13746),(35,14519),(36,26856),(37,166),(39,35595),(41,13199),(42,5875),(44,27731),(49,8636),(51,9966),(52,2499),(53,11292),(54,35151),(55,4532),(56,29430),(57,27559),(58,21250),(59,21797),(60,26445),(63,4568),(64,19948),(65,19034),(67,2330),(68,758),(69,9866),(71,31958),(73,2149),(75,5897),(76,21866),(79,14974),(80,24053),(81,19310),(82,22116),(86,6347),(88,3639),(89,8015),(90,25099),(92,32614)]	135.342648
216	[(0,3700),(4,8663),(5,3263),(8,15689),(10,30151),(11,19573),(12,19325),(13,17945),(18,15560),(19,31760),(20,23060),(21,13707),(22,34752),(24,5311),(26,21844),(30,29204),(32,10044),(33,39006),(35,32709),(36,4197),(37,27331),(38,28467),(40,31441),(41,26621),(42,11014),(43,35062),(44,12312),(46,8304),(48,9046),(49,36207),(53,22164),(54,38630),(58,32302),(59,29312),(60,25179),(61,11632),(62,3492),(64,38054),(65,10246),(66,4941),(67,9945),(68,8696),(69,30918),(70,26034),(72,36002),(73,28800),(75,18641),(78,35366),(79,7707),(80,14330),(81,37999),(82,15011),(85,15249),(87,22626),(88,1568),(91,36113),(92,28827)]	135.160616
217	[(0,38742),(1,23187),(2,8874),(4,38952),(5,4728),(7,9610),(9,25301),(11,34509),(12,32),(13,8537),(14,14698),(15,12340),(18,26769),(20,32581),(21,22038),(23,35058),(24,22896),(25,31604),(26,27055),(28,14961),(30,17310),(36,35924),(37,37245),(39,29150),(40,32197),(41,35383),(42,31327),(43,19668),(45,7570),(46,16833),(49,19561),(50,30183),(51,5376),(53,10599),(55,25523),(56,24386),(58,14705),(59,8819),(60,37568),(61,5118),(62,32824),(65,29041),(67,29712),(68,27371),(69,25424),(70,32716),(71,9166),(72,5881),(73,11501),(74,6737),(76,18909),(77,27386),(81,965),(83,10415),(86,35600),(87,11066),(89,16648),(90,28450),(91,13187)]	154.542112
218	[(2,20659),(3,11632),(5,1755),(6,18925),(7,5420),(10,18351),(11,32111),(12,22853),(13,22316),(14,11032),(15,31485),(16,13365),(17,30896),(18,16340),(21,4274),(22,26984),(23,20028),(25,8133),(27,7114),(28,35979),(29,35931),(31,7719),(32,2420),(33,36700),(34,29323),(39,24354),(40,24487),(41,4495),(42,18212),(43,18117),(44,37318),(45,1947),(48,3400),(49,7215),(52,28490),(53,39182),(54,9001),(56,33672),(58,11574),(59,36199),(60,34647),(61,2317),(62,4908),(66,35490),(67,6254),(69,12988),(70,4791),(73,11958),(74,37479),(75,21646),(76,25348),(78,17533),(80,14074),(81,7383),(83,25681),(84,17079),(85,34774),(86,33404),(87,35200),(88,20802),(89,28001),(92,32409)]	137.062015
219	[(1,6214),(3,3948),(4,38065),(5,26809),(6,21226),(7,33467),(8,31828),(11,2929),(14,6382),(20,23405),(21,13691),(22,34015),(24,13055),(25,10103),(26,13190),(27,13611),(28,33417),(29,20137),(31,12097),(34,2229),(35,15426),(37,35197),(38,27097),(39,23823),(40,15822),(41,6855),(42,32828),(45,1845),(48,5601),(49,32761),(52,4958),(55,8863),(56,11175),(57,15314),(59,17064),(60,9847),(61,22825),(62,27029),(63,19059),(64,20317),(65,30750),(66,3680),(67,35708),(68,10953),(69,18074),(73,37176),(74,31090),(75,26259),(77,21578),(78,36767),(79,27353),(80,34586),(82,18029),(83,7742),(84,29230),(86,34444),(87,20030),(89,13428),(90,26592)]	150.183727
220	[(0,28708),(1,10666),(2,7812),(3,29111),(4,7674),(5,15652),(7,24863),(12,4292),(13,647),(15,7735),(17,8852),(20,27135),(21,32466),(25,39132),(26,19140),(27,1194),(28,22886),(29,32585),(30,1505),(34,7141),(36,11016),(37,24359),(39,13774),(40,28904),(41,21399),(43,25941),(44,22612),(45,5498),(48,32343),(49,21100),(50,21022),(51,25208),(52,16287),(56,3982),(58,4572),(59,35710),(61,36603),(62,8802),(63,17453),(68,14961),(71,13118),(72,11478),(73,2592),(74,16843),(75,15339),(76,8891),(77,1035),(78,5244),(79,7655),(80,33505),(81,35692),(82,7452),(83,16551),(84,14858),(85,27134),(86,9234),(90,37059),(91,9842),(92,4035)]	143.223087
221	[(0,905),(1,1677),(3,548),(4,28025),(5,12652),(8,982),(9,4784),(10,22329),(11,4142),(12,22300),(13,23186),(14,1700),(15,30423),(16,15879),(17,20727),(18,10806),(19,35477),(21,21950),(25,2258),(26,7289),(28,6477),(30,36303),(31,36320),(32,25983),(33,20801),(34,7500),(35,11305),(36,33497),(37,19135),(38,21864),(41,24100),(42,4659),(43,27806),(44,27624),(45,23190),(49,37284),(51,33511),(54,7197),(55,28342),(56,5851),(60,25800),(62,36814),(65,13446),(66,32891),(70,10504),(74,11717),(75,18143),(76,13667),(79,27327),(81,32923),(86,37165),(87,112),(90,36027),(91,38331)]	145.210588
222	[(0,2133),(1,36367),(3,16202),(5,13786),(6,22574),(7,37594),(8,36799),(9,35899),(12,3681),(13,13451),(16,35717),(18,35793),(19,17938),(23,35191),(24,7280),(25,19709),(26,17565),(30,29524),(31,38521),(34,4418),(37,9985),(38,38087),(39,12176),(40,19652),(41,34942),(42,11863),(44,17831),(47,35308),(48,16917),(49,24646),(50,34494),(51,15130),(53,7742),(54,17688),(55,21296),(56,7018),(58,17899),(59,20048),(60,16202),(61,14347),(62,19163),(63,2018),(64,29685),(67,7167),(68,18594),(69,2430),(70,32781),(71,36233),(72,34442),(74,13786),(75,22574),(76,4302),(78,18301),(79,24428),(81,27677),(85,31580),(88,3682),(89,5723)]	156.608773
223	[(0,10737),(1,10253),(2,34135),(3,12196),(4,4192),(8,25150),(9,5851),(11,23113),(12,1041),(14,209),(15,13897),(18,21245),(19,31759),(20,14242),(26,8998),(27,22294),(30,14453),(31,15397),(33,24168),(34,11365),(36,12399),(37,12133),(38,28845),(39,6690),(41,4357),(42,18535),(43,14480),(44,13888),(46,6415),(47,32653),(48,17584),(49,24398),(51,37341),(52,19679),(53,29396),(55,28241),(56,28676),(58,325),(60,32924),(61,26212),(62,32046),(65,23368),(66,30263),(67,25399),(69,28036),(70,15383),(73,4153),(74,10083),(81,33286),(82,28515),(84,1620),(85,33450),(86,27970),(91,11676),(92,735)]	134.131052
224	[(2,34014),(3,29856),(4,34382),(6,27741),(7,32403),(8,21552),(10,11257),(11,13222),(12,33372),(13,9626),(14,11502),(15,29228),(16,13627),(18,2364),(20,7199),(21,23933),(22,36926),(23,7146),(24,19618),(25,35517),(26,21947),(28,30220),(32,29307),(33,3647),(36,32877),(37,8829),(39,31175),(40,13235),(43,32993),(45,19017),(47,10873),(48,22485),(49,29695),(50,19519),(51,12105),(54,17449),(55,9858),(56,34328),(59,6152),(60,28250),(61,9479),(62,655),(63,29205),(65,20659),(67,2723),(70,6715),(72,9274),(73,26247),(75,17716),(76,33574),(77,19617),(79,32133),(80,23265),(81,25126),(84,13420),(86,34801),(87,1748),(89,12544),(90,2221),(91,24836)]	135.727723
225	[(0,5332),(3,27334),(7,28639),(9,27877),(10,28177),(15,6865),(20,29264),(21,679),(22,15491),(23,29745),(24,12535),(25,4809),(26,9684),(27,2685),(28,10121),(29,18016),(30,19112),(31,23568),(35,24402),(37,35820),(39,27061),(40,12729),(41,14869),(42,25672),(43,36693),(45,3767),(46,36162),(47,16209),(50,11873),(53,17979),(54,18003),(57,24807),(58,38074),(60,7393),(62,24863),(63,12780),(64,794),(65,35299),(67,30176),(68,20941),(69,25763),(70,22011),(71,16134),(72,28348),(73,7143),(74,22877),(76,659),(80,15318),(83,22215),(91,20168),(92,35564)]	149.284410
226	[(0,35160),(3,3309),(4,16529),(6,34146),(7,37678),(9,22385),(13,12762),(15,4438),(16,35534),(17,32390),(18,3870),(19,4882),(22,21006),(24,22661),(25,15094),(26,38576),(27,4001),(28,18743),(29,17925),(30,36593),(31,2279),(34,4770),(35,38609),(37,19544),(39,18916),(40,842),(42,20052),(43,37357),(44,21985),(45,26219),(47,18603),(49,26638),(54,20647),(55,9096),(56,14879),(58,15962),(60,4199),(61,37114),(65,37491),(66,21592),(67,19235),(68,31333),(69,25421),(71,30905),(73,18035),(74,7718),(75,29637),(77,2275),(78,21090),(83,501),(84,24713),(85,6543),(86,10999),(87,6581),(88,23575),(89,28052),(92,24071)]	159.159077
227	[(0,868),(2,11425),(4,30453),(5,8419),(6,5701),(7,874),(8,21125),(9,5806),(10,16954),(11,12118),(12,12242),(13,36150),(15,16387),(16,26109),(17,29932),(20,20707),(22,4060),(24,30761),(25,25066),(27,36126),(29,38751),(31,13707),(32,21191),(33,18045),(34,7698),(36,38209),(37,14518),(38,2155),(40,32328),(41,15989),(42,29064),(43,18150),(44,17098),(46,21316),(47,19554),(48,26249),(49,36291),(50,1935),(51,21281),(52,16223),(55,10316),(56,11238),(57,18624),(58,26503),(59,6000),(60,19417),(61,4454),(62,23414),(63,16995),(64,25765),(65,39019),(66,29110),(67,13622),(68,32190),(69,29448),(70,25835),(71,26808),(72,35883),(73,26691),(74,23231),(75,13756),(77,29551),(78,29240),(79,23069),(81,36903),(82,19570),(85,21612),(86,5129),(88,28439),(89,11749),(90,26541)]	130.783080
228	[(4,27230),(6,15964),(8,4882),(9,18115),(12,11053),(13,24449),(15,20877),(16,9837),(18,22147),(19,31390),(21,8998),(24,26034),(25,4372),(27,37403),(28,96),(31,10707),(32,29854),(35,17842),(36,9812),(37,9810),(39,31179),(40,19456),(43,7719),(44,2420),(45,6352),(46,19398),(50,2906),(51,13546),(52,27453),(54,15992),(56,11353),(57,7276),(59,22684),(60,1523),(62,26576),(63,34094),(64,5017),(65,7752),(66,12078),(67,8297),(68,14513),(71,32075),(72,1768),(73,7706),(75,23721),(76,32352),(77,38235),(78,29942),(80,27408),(83,29579),(84,35765),(86,33741),(88,5917),(89,9911),(91,14016),(92,6370)]	160.289176
229	[(0,6112),(1,5510),(2,5738),(3,233),(4,18102),(5,20101),(6,4696),(7,7447),(8,5402),(10,17646),(11,17637),(13,15995),(14,36630),(17,662),(19,36726),(20,6219),(22,3863),(23,15474),(28,2860),(30,2689),(32,37923),(35,16724),(36,35089),(37,33514),(38,10702),(40,425),(41,10968),(43,1194),(44,21963),(46,34471),(50,36114),(52,23837),(53,26982),(54,36172),(55,318),(58,13768),(60,39151),(62,19714),(64,10220),(65,17858),(66,33523),(67,25141),(68,25474),(70,10527),(71,35320),(74,37374),(75,22716),(77,4802),(78,229),(79,7985),(80,21147),(81,9940),(85,19356),(86,10365),(87,18504),(90,5814),(92,9613)]	156.695553
230	[(1,14634),(2,1610),(4,38161),(5,4737),(6,8100),(8,33316),(9,1380),(11,18145),(13,26999),(14,19756),(16,8919),(17,19540),(18,38817),(20,27112),(23,35803),(24,20721),(28,37665),(29,12666),(30,12055),(34,3604),(35,30441),(38,17923),(41,33417),(42,21806),(43,15395),(44,23427),(45,157),(46,38431),(48,8870),(50,27707),(51,22310),(54,16916),(56,13726),(58,3368),(60,449),(64,23198),(66,15084),(67,3961),(69,21509),(71,32080),(73,33688),(74,5671),(75,3324),(76,11729),(77,7125),(78,31525),(79,22041),(80,28335),(81,9058),(84,28477),(85,6712),(87,13598),(88,11646),(90,26957),(91,27311)]	145.038164
231	[(1,36314),(2,12783),(4,15618),(5,2345),(6,17414),(7,35812),(9,3530),(10,29836),(11,5171),(12,11600),(14,9342),(15,4784),(18,25914),(21,35583),(23,9983),(24,29781),(25,19193),(27,1335),(29,8709),(30,1073),(31,11825),(32,27451),(33,32796),(34,37792),(35,6835),(37,10267),(38,1964),(40,2037),(42,10972),(43,34009),(44,4204),(45,7351),(48,29421),(49,2524),(51,30836),(53,2756),(54,37755),(57,7554),(58,12130),(63,28190),(65,26970),(66,7642),(67,9981),(68,22056),(69,16776),(70,36063),(71,20077),(72,19359),(73,4111),(78,3026),(79,30687),(84,80),(85,6556),(86,33935),(88,8553),(90,18450),(91,1107),(92,8225)]	141.103760
232	[(0,21670),(1,22194),(2,25058),(3,2324),(4,35494),(6,29152),(7,3005),(8,10942),(10,4535),(11,25954),(12,38544),(14,5912),(18,23802),(22,14949),(23,25180),(27,12758),(28,29354),(30,21940),(31,22205),(32,35647),(33,32595),(34,7662),(35,27478),(36,33671),(38,37480),(42,9636),(44,25077),(45,20407),(46,1055),(49,15399),(50,36410),(52,18141),(54,38807),(55,11457),(58,37018),(59,18097),(60,1505),(62,35293),(63,26461),(65,30118),(68,23436),(69,13570),(72,30845),(73,7432),(76,5571),(77,749),(78,38556),(79,22097),(81,30611),(84,14238),(85,21040),(89,920),(91,608),(92,38850)]	150.500650
233	[(0,22126),(1,11891),(2,1304),(3,23732),(4,36850),(5,31594),(8,744),(10,35012),(11,10883),(12,200),(14,24445),(15,5817),(19,3968),(21,36474),(23,31513),(25,27000),(28,35567),(29,23798),(30,28322),(32,32507),(34,4964),(36,3081),(37,16890),(41,31781),(42,7058),(43,11225),(46,20568),(47,24341),(48,837),(50,33338),(51,38402),(52,25996),(53,37371),(54,35450),(56,15895),(58,8827),(59,32093),(60,4374),(63,30334),(67,11323),(69,13114),(70,13727),(71,2903),(73,15509),(74,30025),(77,26931),(78,30883),(80,32139),(81,16028),(82,8154),(84,9705),(86,25103),(87,22995),(88,23001),(89,15164),(90,28596),(92,26082)]	140.395946
234	[(0,11216),(1,32570),(2,38422),(5,11893),(6,11617),(7,5893),(11,37286),(14,5448),(15,16569),(16,39152),(17,1598),(21,26394),(23,9439),(25,14557),(28,19376),(29,21596),(31,35748),(35,16101),(38,13835),(39,22695),(41,1912),(42,18354),(43,34965),(45,34266),(46,26497),(47,16858),(48,12745),(49,23845),(50,31963),(53,28973),(55,39204),(56,2601),(57,16472),(58,4541),(59,39007),(60,23630),(65,5534),(67,22811),(69,35276),(71,38371),(72,7993),(73,10149),(76,15774),(77,13866),(78,1736),(79,20538),(81,3574),(83,26896),(87,24579),(88,30080),(90,31432),(91,30090),(92,11520)]	127.043492
235	[(0,13392),(1,38603),(5,3859),(6,7348),(7,13214),(8,6271),(9,33189),(11,37370),(12,28102),(13,26739),(16,26418),(18,30153),(20,1122),(21,7899),(22,30293),(23,14865),(24,27524),(26,11931),(27,18179),(29,17182),(30,3897),(33,36834),(36,3966),(38,10961),(39,6777),(41,26036),(43,28940),(45,9886),(47,10735),(49,34775),(50,30257),(52,37665),(55,13250),(58,30096),(60,31289),(61,19433),(62,38730),(64,24419),(65,17053),(68,13667),(70,38024),(71,34375),(72,19478),(73,24392),(75,33287),(77,28581),(78,22758),(79,29917),(80,20244),(81,3056),(82,29682),(83,30525),(85,22958),(86,22591),(87,11700),(89,28419),(91,26710),(92,38686)]	138.368054
236	[(1,35580),(2,26586),(3,13917),(5,38237),(8,12768),(10,28473),(12,20561),(13,27220),(14,20808),(16,3640),(20,17775),(21,22897),(22,37042),(23,36458),(24,30976),(26,18086),(27,12045),(28,31652),(29,15254),(30,33667),(33,18670),(34,1019),(35,38419),(36,18474),(37,6164),(39,8161),(40,31279),(41,15700),(42,16543),(43,33266),(44,30779),(46,5255),(49,3209),(50,17502),(51,36097),(52,33720),(57,5192),(59,29595),(61,12467),(64,6907),(65,19250),(66,16512),(68,29332),(70,1338),(73,28277),(76,38492),(78,3380),(83,14656),(84,19914),(85,35222),(86,3399),(87,13202),(90,4859)]	142.978845
237	[(0,203),(1,16936),(2,27305),(3,25657),(5,30380),(9,2542),(10,12146),(12,11079),(13,32658),(14,9566),(17,12796),(19,19715),(20,31443),(21,1930),(22,37319),(23,35762),(26,19994),(27,16114),(30,32821),(31,34304),(32,35605),(33,23628),(34,18589),(35,9225),(37,38323),(38,9985),(40,33927),(41,8610),(42,11833),(43,8849),(44,1581),(45,10843),(46,14170),(47,27424),(48,21827),(50,28265),(51,38615),(52,2875),(57,25302),(59,12822),(60,14943),(61,1050),(63,15129),(65,38752),(69,30775),(73,1309),(75,19630),(76,21029),(78,19529),(80,32189),(81,15725),(83,28970),(84,15460),(87,26543),(88,10019),(89,36639),(90,17465)]	137.986854
238	[(0,38896),(2,24815),(3,7237),(4,5459),(5,35928),(6,33650),(7,24066),(8,32592),(9,24849),(11,1413),(12,38576),(13,3464),(14,14281),(15,10211),(16,4290),(19,23037),(20,33495),(21,21521),(22,12372),(23,20133),(24,28227),(25,9664),(27,24420),(31,2694),(32,34322),(34,17247),(36,1764),(38,24537),(39,18702),(40,16240),(42,38507),(43,5732),(44,33464),(45,32099),(46,21995),(48,3986),(50,33193),(51,5082),(53,32354),(55,26730),(57,37198),(58,21746),(59,24626),(60,26986),(61,30660),(63,22825),(64,36472),(65,16169),(67,14787),(68,11421),(70,4430),(71,10574),(72,13596),(73,29445),(75,20855),(76,34915),(77,9941),(78,5917),(79,36647),(80,24623),(82,8837),(85,14090),(86,14379),(88,32088),(90,18487),(91,25167),(92,13702)]	133.230445
239	[(1,7195),(2,4040),(7,5062),(9,34740),(12,27442),(16,23077),(17,32727),(18,15538),(19,19791),(21,28455),(22,16895),(23,39041),(24,22077),(26,9976),(27,26669),(28,16042),(29,24150),(32,16807),(33,23019),(36,26284),(37,31951),(38,21186),(39,35959),(40,6551),(42,16998),(44,20215),(46,38775),(47,8477),(48,4011),(49,2948),(51,10268),(52,10361),(53,5968),(54,33280),(55,8191),(56,6918),(57,3616),(58,12178),(59,2382),(61,7015),(62,33404),(63,13763),(64,3474),(65,16391),(67,11572),(68,23661),(71,31125),(72,15187),(73,38824),(74,32281),(75,24443),(77,5803),(79,27558),(80,26112),(85,10819),(87,27969),(89,30082),(90,23194),(91,29686)]	155.146003
240	[(0,18713),(1,20146),(2,22404),(4,10547),(5,23774),(6,13874),(7,5443),(8,10406),(12,29016),(13,35101),(14,19689),(15,4916),(17,1566),(20,38043),(21,21516),(22,18133),(23,22227),(26,31154),(27,1995),(29,35195),(32,26180),(33,2613),(34,10320),(35,23098),(37,25372),(38,18864),(43,11667),(45,9965),(48,1234),(49,29538),(50,798),(51,26865),(54,3868),(56,35926),(57,30314),(58,32228),(59,9230),(60,7398),(61,309),(63,18461),(64,14899),(66,22105),(67,34802),(69,8001),(70,33585),(72,30489),(78,12570),(80,36241),(81,2234),(82,5256),(83,4265),(84,797),(91,26385)]	135.613272
241	[(2,8240),(4,33842),(5,13941),(11,21852),(13,25509),(18,27771),(19,16453),(20,20728),(21,21646),(22,25348),(24,2286),(26,21202),(28,21797),(29,26445),(32,26336),(34,38211),(35,15609),(36,923),(37,7415),(41,18471),(42,34022),(43,20834),(46,18415),(48,10953),(51,16845),(54,23309),(56,18959),(57,33419),(58,34782),(59,32269),(61,31142),(62,2466),(66,9612),(67,4161),(75,408),(76,25045),(77,16703),(78,9854),(79,23623),(80,38983),(81,12720),(86,16120),(88,20495),(90,17023),(91,26672)]	132.111292
242	[(1,25292),(3,8799),(4,21349),(6,30904),(7,33965),(8,6139),(9,12606),(13,2970),(14,29659),(16,22235),(18,36337),(19,35211),(20,35496),(22,37324),(23,28606),(24,22460),(25,35141),(26,13014),(27,18726),(29,2146),(31,33416),(32,4248),(34,7074),(35,16177),(37,14975),(38,16193),(39,14748),(41,2635),(44,21415),(45,15573),(46,20033),(47,12038),(52,30731),(53,37124),(54,21370),(55,14598),(57,10829),(60,3679),(61,8150),(63,4113),(66,7309),(67,32218),(69,32234),(70,7458),(71,7447),(72,14128),(73,1005),(74,34383),(77,6294),(78,25918),(79,24941),(81,21419),(83,6530),(84,34629),(88,34062),(90,22464),(91,30326)]	131.739535
243	[(2,32585),(6,5690),(8,3199),(11,27576),(12,6820),(13,6344),(14,10050),(15,21693),(18,23586),(20,5723),(21,14558),(22,37537),(23,31392),(25,36420),(26,5313),(30,8063),(32,20708),(33,859),(34,9406),(35,31839),(36,17659),(40,23765),(41,21462),(48,2768),(49,6089),(51,38882),(53,37388),(54,24744),(55,10501),(56,9137),(57,1890),(58,8355),(61,7086),(62,35287),(63,4036),(66,12526),(67,17445),(69,18281),(70,15911),(71,7367),(73,25040),(74,6537),(75,25984),(76,15432),(77,35984),(78,16744),(81,21418),(82,23982),(83,29128),(84,13518),(85,8053),(86,29813),(87,20498),(88,24850),(89,16547),(90,28845),(91,29099),(92,2786)]	137.759011
244	[(2,4853),(3,12271),(5,32558),(6,13996),(7,10311),(8,25307),(10,8509),(11,12529),(12,38000),(14,12749),(15,30465),(16,2122),(17,1094),(18,28209),(20,26358),(23,28202),(25,28431),(27,20120),(28,36112),(30,38405),(31,33136),(32,17743),(34,35261),(36,23604),(37,38388),(39,36859),(40,28754),(42,24790),(44,16519),(45,7139),(46,16418),(47,10492),(49,39183),(50,28207),(51,17416),(56,38660),(58,29745),(59,12535),(60,4809),(61,9684),(62,33212),(64,4184),(66,8362),(73,779),(75,10375),(76,18524),(77,23357),(81,33963),(82,3168),(84,3650),(85,11259),(87,29105),(90,17980),(91,4225),(92,23287)]	130.949962
245	[(1,33398),(3,12086),(5,8106),(6,5252),(8,20757),(9,30178),(10,8894),(11,29457),(13,2371),(14,15954),(16,33557),(18,38111),(19,21147),(20,9940),(23,8104),(24,10769),(25,35722),(26,36979),(31,38904),(32,1447),(35,32813),(36,28170),(37,3839),(38,33238),(39,20337),(41,33494),(45,5100),(47,653),(48,30752),(49,4971),(50,11481),(51,18136),(53,25928),(55,35739),(56,34559),(58,26308),(59,6127),(60,12274),(61,4629),(62,29166),(64,27911),(65,13299),(66,26709),(67,24733),(68,29872),(70,17226),(71,20415),(72,27689),(74,37431),(75,9000),(76,7301),(80,17373),(81,36566),(82,690),(83,25663),(86,11326),(87,35423),(88,7452),(89,16551),(91,35058)]	129.996639
246	[(0,12203),(1,15287),(4,32228),(5,20720),(11,37),(12,37888),(14,30552),(16,23233),(18,13524),(20,33023),(23,3378),(27,29603),(29,10397),(30,23451),(31,25251),(32,1590),(34,24797),(37,27030),(38,25071),(39,6674),(41,11502),(42,29228),(44,27120),(45,8048),(46,21037),(51,35992),(52,31715),(54,24519),(55,35651),(56,1504),(58,34433),(60,17662),(62,15053),(63,4139),(67,22345),(68,31237),(71,15041),(73,31891),(76,36582),(78,18052),(79,28234),(80,28201),(81,20887),(82,25617),(83,3325),(84,11899),(89,22810),(90,8633),(91,26218),(92,8246)]	122.371655
247	[(0,1324),(3,24703),(4,11155),(5,17363),(8,1725),(9,7491),(10,21053),(16,26663),(17,9649),(18,6975),(19,14711),(20,8560),(21,8749),(22,11380),(24,35838),(26,28046),(27,23995),(28,37101),(30,13729),(33,25913),(37,33066),(41,29098),(45,11870),(49,8206),(50,17797),(52,32426),(53,36802),(54,35268),(56,21175),(57,14078),(59,32394),(60,33809),(61,27291),(62,8865),(63,2131),(64,28444),(65,14993),(67,8557),(68,25224),(69,13379),(70,11993),(74,33626),(76,29383),(78,7330),(79,12736),(82,3542),(83,8323),(84,31152),(85,22286),(86,6527),(88,29689),(89,21625),(90,34587),(92,25876)]	158.269146
248	[(0,12616),(1,20222),(4,31385),(6,30105),(7,12120),(9,741),(10,599),(12,18103),(14,14822),(15,38096),(18,21876),(19,34780),(20,35105),(21,18347),(22,36891),(23,19818),(26,11419),(27,14435),(28,32618),(29,11553),(30,18187),(32,4483),(33,14619),(39,14731),(41,37262),(42,27295),(44,25558),(45,37888),(47,964),(48,25676),(49,38139),(50,2548),(51,18925),(53,3606),(54,38295),(56,14835),(57,25686),(58,25561),(59,21172),(60,23911),(61,33514),(62,21531),(65,17831),(66,19541),(67,22781),(69,3199),(72,37628),(73,5193),(75,5519),(76,34859),(78,33199),(79,34235),(82,22871),(83,24038),(84,2222),(86,12845),(87,2611),(88,26484),(90,5888),(92,18489)]	134.844039
249	[(1,36346),(2,15576),(3,23731),(4,24983),(5,15495),(6,18155),(8,21979),(10,20267),(11,23216),(12,27472),(13,18563),(14,3517),(15,33491),(16,37425),(17,24538),(18,38131),(19,32239),(22,23366),(23,32396),(27,34703),(30,26471),(31,25649),(32,36785),(33,12328),(34,31373),(35,32963),(36,24269),(38,15116),(39,9367),(40,24151),(41,22719),(42,2358),(43,14652),(44,28792),(46,38659),(47,12441),(48,27218),(50,5588),(53,3276),(58,31004),(60,34454),(63,8774),(66,28816),(68,33255),(70,8046),(71,28160),(73,35482),(75,28330),(76,38044),(78,31105),(79,641),(80,24071),(81,2121),(83,16931),(85,25392),(86,12685),(87,21261),(89,33681),(91,38742),(92,4381)]	136.500229
250	[(0,32418),(2,28127),(3,15921),(8,21524),(10,28531),(12,39190),(13,27149),(14,28024),(16,18546),(17,14933),(18,36583),(21,5841),(22,8270),(23,1172),(25,23907),(26,21272),(27,30184),(28,38939),(29,13028),(30,14839),(31,7324),(34,36325),(37,32064),(40,25162),(43,8828),(44,9363),(45,12958),(49,32880),(50,14774),(51,36575),(52,22878),(55,3859),(56,24395),(57,1009),(58,5709),(59,29539),(60,6269),(61,11646),(63,9159),(65,38920),(67,25695),(68,29166),(70,9731),(73,29230),(76,36064),(77,16396),(78,35248),(81,27402),(82,30707),(83,35482),(87,34265),(88,15905),(89,16492)]	130.525036
251	[(0,27233),(1,16002),(5,3634),(6,20507),(7,24547),(8,13142),(9,35511),(10,7210),(12,12777),(13,34743),(14,22410),(15,22908),(16,13648),(17,31659),(18,26346),(21,22680),(25,23790),(26,2203),(27,29623),(29,36654),(30,29718),(34,20027),(36,8279),(38,33526),(40,22087),(41,31880),(42,27024),(43,5954),(44,32635),(46,8916),(48,8840),(49,20580),(51,38593),(52,12599),(53,24119),(54,12923),(55,6066),(60,28720),(61,11003),(62,1952),(64,25925),(65,10361),(66,17285),(67,3348),(68,20501),(71,16602),(73,9474),(74,22744),(75,21112),(76,17317),(77,10249),(78,29295),(81,29468),(82,15042),(83,6942),(84,24327),(85,4542),(86,27599),(89,17535),(90,16532)]	134.527984
252	[(0,11471),(2,35721),(3,16048),(4,4538),(5,22436),(6,22915),(7,5497),(8,2702),(9,38341),(11,34523),(14,29865),(15,16372),(19,1758),(22,12849),(24,21479),(25,29034),(26,8495),(27,31384),(29,9405),(31,36643),(35,34767),(36,23657),(37,3849),(39,23216),(40,9735),(41,34340),(42,1974),(44,26794),(45,10892),(47,13166),(49,35790),(50,18146),(51,35247),(52,15160),(53,13887),(54,23735),(56,12696),(60,9194),(62,1440),(64,21165),(65,18713),(67,31018),(68,32520),(69,105),(70,16827),(72,14697),(73,7549),(75,14269),(76,38970),(78,5318),(79,22655),(80,33733),(81,31025),(82,1111),(84,35816),(87,26546),(89,30324),(92,11225)]	133.331003
253	[(0,31629),(1,10705),(3,34777),(8,17923),(12,9731),(16,36956),(18,37542),(21,3817),(22,17486),(23,33062),(24,28268),(26,34325),(27,4260),(28,29527),(29,23059),(32,11052),(35,17534),(36,18186),(40,23516),(44,30218),(45,28352),(46,29317),(47,31612),(48,5311),(49,6569),(51,26754),(52,35836),(53,23810),(54,28308),(56,33770),(57,38114),(58,26566),(59,25423),(62,37883),(66,14561),(68,6528),(69,35432),(72,37439),(73,19800),(74,37551),(75,30824),(76,2727),(77,9837),(78,30550),(79,13600),(81,35832),(86,11273),(87,6438),(88,1673),(89,38847),(91,25202)]	129.264067
254	[(5,16522),(7,13181),(12,28062),(13,5948),(16,27030),(17,26206),(19,33782),(21,47),(22,37444),(23,30906),(24,16480),(27,22599),(29,3497),(30,31046),(31,16352),(32,11044),(33,7943),(36,2974),(38,26140),(39,30043),(40,32681),(41,29775),(42,17494),(44,1062),(46,19465),(47,10299),(48,26340),(49,34673),(50,30598),(51,21013),(52,23375),(54,29764),(55,1656),(56,23318),(57,20323),(58,10789),(59,39175),(60,5108),(63,26291),(66,29839),(68,36054),(69,14997),(70,3579),(71,18397),(76,16080),(82,23784),(84,20292),(85,10871),(86,32000),(87,31054),(90,20110),(91,35043),(92,6840)]	134.649507
255	[(1,16162),(2,31793),(3,34355),(7,25128),(8,24888),(9,26475),(10,32126),(11,27869),(12,20429),(15,23328),(18,10485),(19,29771),(21,25193),(22,35509),(24,28441),(26,13843),(27,15623),(28,6657),(29,14650),(32,2336),(35,35930),(36,10808),(37,18325),(39,12757),(40,19464),(41,6013),(43,12329),(45,32589),(46,2457),(47,30204),(49,330),(50,33447),(51,20175),(52,11806),(53,12363),(55,13762),(56,18270),(57,5331),(58,26785),(60,4313),(61,36602),(62,10294),(63,440),(64,23719),(66,23210),(67,34630),(71,6674),(72,10290),(74,14610),(77,14301),(78,18042),(79,23977),(81,30234),(82,37907),(84,11849),(85,11215),(87,19385),(88,1392),(89,33017),(90,16511),(92,906)]	152.612138
256	[(3,3820),(6,3533),(7,14242),(9,23742),(10,28643),(11,32213),(14,24734),(15,22539),(16,35986),(20,10713),(21,30361),(22,26828),(23,10705),(25,21322),(26,53),(27,16919),(29,21832),(30,27673),(34,6982),(35,21598),(38,26518),(39,38823),(40,2667),(42,28410),(43,11683),(44,2457),(45,21040),(46,13272),(47,28529),(49,14272),(50,7809),(51,33322),(52,19063),(55,36606),(56,10106),(61,7945),(63,1848),(64,34848),(65,35582),(66,33469),(67,11558),(69,29166),(70,23433),(71,30593),(76,1173),(77,216),(78,7997),(79,28387),(80,20245),(81,37091),(82,38124),(84,7095),(85,8250),(86,16824),(87,5090),(88,11276),(91,24909)]	132.592458
257	[(0,11170),(1,16679),(3,5508),(4,19979),(5,7417),(6,33644),(8,3429),(9,24613),(11,32672),(13,36282),(14,31093),(16,29659),(17,39081),(18,8867),(19,18517),(20,15518),(25,17402),(27,5790),(29,31481),(31,15628),(32,8153),(34,7963),(35,5827),(36,107),(39,23564),(40,13758),(41,9054),(43,19418),(44,2978),(45,5775),(49,20836),(50,18309),(51,27330),(52,14020),(53,1619),(54,251),(57,10555),(58,29854),(60,29274),(61,11208),(63,22488),(64,23798),(65,13713),(66,7200),(69,5610),(72,25037),(73,22559),(74,24878),(75,17198),(76,20263),(79,27976),(80,37947),(81,35972),(83,12511),(84,11126),(86,19178),(88,3794),(89,25068),(90,7240),(91,30789)]	135.894801
258	[(0,39026),(1,5694),(2,35352),(3,15855),(5,32909),(6,25950),(8,36891),(9,29911),(12,12323),(13,29694),(14,36861),(15,16964),(18,22435),(19,20280),(20,30066),(21,35988),(23,32230),(25,29054),(26,14443),(29,32854),(30,29334),(31,1955),(32,7961),(33,15591),(34,4718),(35,18306),(36,20268),(38,2079),(40,27938),(41,4065),(42,9788),(43,31823),(45,26199),(46,13211),(49,21793),(50,16537),(52,10502),(53,32060),(56,30387),(58,3594),(60,25777),(62,16260),(65,30585),(67,10754),(68,13997),(70,34310),(72,2653),(73,27093),(74,17197),(75,32327),(77,16944),(80,2869),(81,22446),(83,24148),(85,17369),(86,22125),(87,29564),(89,13979),(90,32592),(91,24970),(92,5959)]	135.952482
259	[(0,37139),(2,38671),(5,20465),(7,30555),(8,29120),(9,34352),(10,37868),(11,9091),(12,18683),(14,7022),(15,34589),(17,7123),(19,35081),(20,20528),(21,31366),(23,741),(24,1090),(26,25079),(27,195),(28,5552),(29,5338),(34,7918),(35,1156),(36,29314),(39,27346),(40,2969),(41,28134),(42,11154),(43,36972),(45,8402),(47,3813),(49,32965),(51,17815),(52,23249),(53,10190),(55,9188),(56,34901),(57,12029),(59,1667),(64,31388),(65,11635),(70,4148),(71,19687),(72,568),(76,14442),(80,24751),(81,1309),(82,13274),(84,13024),(85,37937),(86,18116),(89,5640),(90,30110),(91,20871)]	136.368507
260	[(1,7692),(2,16503),(4,33820),(5,21983),(6,18845),(7,21967),(8,10397),(9,5340),(11,26434),(13,19910),(17,35082),(18,37164),(20,4440),(22,38364),(24,28742),(26,2867),(28,10394),(29,33657),(30,18436),(32,34034),(33,2061),(34,33797),(35,35604),(36,12502),(37,7813),(38,25784),(40,2154),(42,8200),(44,8771),(48,35924),(49,22934),(50,27391),(54,31831),(55,2166),(56,32179),(57,2678),(58,25316),(62,3337),(63,24577),(66,31835),(69,8865),(70,2131),(71,28444),(72,20527),(73,28168),(74,29634),(77,18692),(78,20978),(84,15242),(88,4932),(89,7197),(90,29017),(91,25097),(92,18465)]	130.118306
261	[(0,27874),(1,8193),(2,38496),(3,26452),(4,26446),(5,3790),(6,11820),(9,27974),(10,12525),(13,32015),(14,27325),(15,2194),(16,9737),(18,34563),(19,23434),(24,1491),(27,6445),(28,21827),(29,39000),(30,68),(31,3395),(35,6451),(36,4675),(37,1015),(38,10172),(39,6024),(43,26334),(45,37365),(48,35509),(50,12656),(51,13717),(52,10112),(53,29917),(54,2180),(55,19430),(56,25170),(58,17619),(59,25617),(60,26850),(63,13751),(67,9291),(68,13005),(69,27888),(71,13966),(73,32974),(75,15015),(77,20216),(80,27354),(81,1533),(82,29292),(83,3398),(85,8794),(91,34703)]	136.606715
262	[(0,25091),(2,19450),(9,18167),(10,31719),(12,17440),(16,4419),(17,35679),(18,25319),(19,25458),(21,7759),(22,25440),(27,30645),(29,21767),(30,12015),(31,32455),(33,6949),(34,23552),(35,12827),(38,23255),(39,3090),(40,36799),(41,35899),(43,7079),(44,28696),(46,5154),(47,33516),(49,10880),(51,20090),(52,25163),(55,3007),(56,31311),(58,27405),(59,28050),(60,17241),(61,14704),(62,4342),(65,20386),(68,35945),(70,37626),(72,12132),(73,22971),(76,5378),(78,11532),(80,11995),(81,13501),(82,38483),(85,28058),(86,12468),(87,33569),(88,2789),(89,3954),(91,26295),(92,3524)]	157.173610
263	[(0,13059),(1,6374),(2,20603),(6,38217),(8,23043),(9,13963),(12,5369),(13,37043),(14,5630),(17,28703),(18,4907),(19,30934),(20,1020),(21,27675),(22,24867),(24,37617),(25,5309),(26,22122),(27,26383),(29,20439),(30,37307),(32,18270),(33,5331),(34,24208),(37,16669),(38,8290),(41,8011),(44,8707),(45,178),(47,26805),(50,32015),(53,10017),(56,34305),(58,27452),(59,4915),(60,9088),(61,60),(62,35791),(64,38497),(65,30479),(66,14221),(68,26945),(70,36296),(71,9953),(72,29405),(73,30987),(74,11559),(76,21779),(77,10920),(79,19752),(80,25865),(81,23643),(82,38698),(83,38999),(84,26806),(85,2643),(86,5069),(89,4259),(90,27205)]	129.660794
264	[(1,25553),(2,31522),(5,36333),(6,24166),(7,13577),(8,30894),(10,11692),(13,20605),(14,32584),(15,1136),(16,5818),(17,13735),(18,3581),(19,9256),(20,12838),(21,13289),(22,18319),(23,33538),(24,22760),(25,3267),(29,2250),(31,6005),(32,33682),(35,29774),(38,17637),(39,6999),(40,10770),(43,30930),(44,30654),(47,31454),(51,28412),(55,7625),(58,24041),(61,24288),(63,3690),(64,7919),(65,2983),(71,15781),(74,17996),(78,24507),(79,35160),(81,29645),(83,32026),(84,8805),(85,15195),(86,13862),(87,1069),(89,24605),(92,36714)]	150.707433
265	[(2,18219),(3,1065),(4,4445),(5,14719),(6,35120),(7,38358),(8,22344),(10,22724),(11,30759),(13,6761),(14,31778),(15,39137),(17,33760),(18,30194),(20,5528),(23,1415),(26,34574),(27,3985),(28,4554),(29,37339),(30,31232),(31,17422),(33,7045),(36,14140),(37,17957),(38,28293),(39,36078),(41,18188),(45,20481),(46,12911),(47,27357),(49,31783),(50,14675),(53,16920),(55,5997),(56,12634),(63,30682),(66,20761),(68,32254),(70,31502),(72,35291),(73,17700),(74,33740),(77,3563),(78,8791),(79,10389),(84,13398),(85,8895),(86,26621),(88,25729),(91,8882),(92,10615)]	133.051982
266	[(0,15061),(2,35384),(3,4169),(4,37125),(5,1928),(6,20094),(7,24868),(8,33613),(10,493),(11,3476),(12,29778),(14,17716),(16,35323),(17,11173),(18,4348),(19,12915),(20,35779),(24,8442),(25,28656),(26,16124),(28,21005),(31,19318),(32,25188),(33,28183),(34,20555),(36,24292),(37,10302),(38,2059),(39,34250),(40,30964),(41,29007),(42,380),(43,28239),(44,25686),(45,25561),(47,24935),(48,37176),(49,9754),(50,26771),(51,28159),(56,31245),(57,38893),(58,2306),(59,35934),(61,11643),(64,4024),(66,4039),(67,32522),(68,12701),(69,15601),(72,19672),(73,1329),(74,14152),(76,27567),(77,25225),(78,16644),(81,1170),(82,5074),(84,36639),(85,34680),(88,28645),(89,1226),(91,22446)]	152.433755
267	[(1,25324),(3,12043),(4,23998),(5,16691),(6,13750),(9,7607),(10,1793),(13,20645),(15,11744),(16,3528),(17,19945),(21,10507),(23,21314),(25,8221),(27,14465),(29,11561),(32,16939),(33,36953),(35,21951),(36,10003),(37,18809),(39,2394),(41,352),(43,5156),(45,33361),(46,31062),(48,27105),(51,5515),(52,4476),(54,1080),(55,26510),(56,29137),(57,15822),(58,9943),(60,10303),(61,21189),(63,3094),(64,23886),(66,4364),(68,15165),(69,32475),(70,24265),(74,21041),(76,33400),(80,8316),(81,11202),(83,12311),(84,20340),(86,9559),(87,18999),(89,7865),(90,17907)]	128.867962
268	[(1,38933),(2,19730),(4,38799),(6,25743),(12,8294),(15,29344),(16,8222),(18,26443),(20,16244),(21,36804),(23,31073),(24,37772),(25,22775),(26,26389),(28,31848),(30,27191),(32,37525),(33,4388),(35,28323),(36,3807),(38,31101),(39,4388),(41,28244),(45,19336),(46,20014),(49,30042),(50,38717),(51,28377),(52,4950),(53,27537),(55,27709),(57,29764),(58,3721),(60,9383),(62,21009),(65,17221),(66,13424),(67,28242),(69,5258),(71,20379),(73,24119),(74,23145),(76,8580),(80,18494),(82,31787),(83,9643),(86,18904),(87,1428),(90,14085),(91,32702),(92,17474)]	130.029641
269	[(0,34478),(4,11378),(5,30305),(7,37136),(8,31851),(9,2249),(11,11948),(14,35615),(16,18657),(17,32899),(18,8540),(19,101),(21,38306),(22,4262),(24,15685),(25,32045),(26,16615),(27,15855),(29,23928),(30,32427),(33,35869),(35,31988),(36,30496),(38,27210),(40,12570),(42,5413),(44,7845),(46,23485),(48,16615),(49,12058),(50,6262),(51,34172),(52,12007),(53,14255),(56,28495),(59,13447),(61,38440),(62,33690),(63,6298),(64,16577),(66,27002),(67,3322),(68,1623),(69,19735),(71,34418),(73,36162),(74,327),(76,26987),(78,37894),(80,13681),(82,10397),(83,33149),(85,8216),(88,5154),(89,33516),(92,10673)]	151.174222
270	[(0,15988),(1,17143),(2,17852),(3,32838),(7,8944),(8,17291),(10,36334),(11,32815),(12,13440),(14,1295),(15,6928),(17,8365),(18,1396),(20,36712),(21,16436),(22,25367),(23,17436),(26,29335),(27,16512),(28,36924),(31,19700),(32,16598),(34,19115),(35,26200),(38,36208),(39,20803),(40,3253),(42,1914),(44,24097),(47,6109),(48,34841),(49,19361),(54,39113),(56,27718),(58,14499),(59,27119),(61,25107),(63,17360),(69,301),(73,4388),(76,33674),(78,14179),(79,27325),(80,6017),(82,18916),(83,20713),(84,24566),(85,20588),(88,15186),(89,8984),(92,30099)]	145.850021
271	[(1,8124),(3,5432),(8,24840),(9,17925),(10,36593),(12,19947),(13,20607),(16,4795),(17,11023),(18,16478),(20,3175),(21,37682),(27,23612),(28,32376),(29,27034),(30,11937),(32,33608),(34,26557),(35,32842),(38,18490),(40,1604),(42,15167),(44,33006),(46,34373),(48,8623),(49,9423),(51,35056),(52,30346),(53,31378),(55,29373),(59,21165),(60,2247),(61,14812),(62,611),(65,22111),(66,13156),(67,25797),(68,24097),(69,34063),(71,36026),(72,13398),(73,9905),(79,21560),(80,28339),(81,20229),(82,13644),(84,12386),(85,38545),(87,31841),(88,21030),(89,34387),(90,31199),(91,37456)]	134.766792
272	[(0,20943),(1,15339),(2,39061),(5,4189),(7,5944),(9,26375),(10,28719),(11,18645),(12,21490),(13,32097),(14,4156),(15,9740),(17,24835),(18,16812),(19,9206),(20,2239),(24,35656),(25,16213),(27,12788),(29,11917),(30,23585),(31,9850),(32,20556),(33,11758),(35,2974),(36,29884),(38,27480),(40,15639),(43,8718),(45,7297),(46,17322),(48,34935),(49,2692),(50,34003),(51,19452),(52,20813),(53,2982),(54,36130),(55,37888),(57,964),(59,29012),(60,20695),(63,17678),(64,33953),(65,4362),(66,4917),(67,32613),(69,29352),(71,5690),(72,3626),(74,8634),(75,18773),(76,29955),(79,38709),(80,15162),(82,3979),(85,38666),(86,3126),(87,33207),(88,16108),(89,5350),(90,7198),(92,10786)]	148.984998
273	[(0,26019),(3,37507),(4,10216),(7,7524),(8,31746),(9,16549),(10,29221),(11,29188),(12,8238),(16,31345),(17,14829),(19,9074),(21,27391),(22,20253),(23,21007),(24,7429),(26,33193),(27,28820),(28,24078),(31,2399),(33,22074),(34,9079),(35,32279),(36,33759),(37,32393),(38,22036),(39,24892),(40,833),(42,26553),(44,29988),(48,30813),(49,27431),(50,11872),(51,5469),(52,24172),(55,29316),(56,13991),(58,23687),(60,17596),(61,30446),(64,13253),(67,2918),(69,29839),(70,36569),(71,115),(72,6188),(73,26172),(76,12948),(78,12311),(79,19622),(80,21174),(81,8978),(82,39187),(83,2436),(85,21286),(89,33632),(90,37963),(91,18683)]	149.184859
274	[(2,18544),(3,20406),(4,3974),(6,28474),(7,17111),(8,38780),(9,31645),(10,5904),(13,24772),(17,14202),(18,24585),(19,36841),(22,20076),(26,32722),(28,17832),(29,27489),(30,38870),(31,28869),(33,12777),(34,34743),(35,22410),(36,22908),(37,13648),(38,31659),(39,7521),(42,38444),(43,20102),(44,3918),(46,8225),(47,34310),(50,4822),(54,20926),(57,35127),(61,29879),(62,14792),(63,710),(64,35208),(65,34335),(66,14790),(67,5767),(69,12528),(70,14264),(72,38670),(73,14765),(74,14190),(77,38470),(78,5467),(79,1487),(80,27443),(82,15528),(83,21287),(84,14058),(86,18449),(88,31611),(90,35754)]	141.346419
275	[(0,34967),(1,18194),(3,18326),(4,34152),(6,31291),(9,21843),(12,34271),(13,18156),(18,35017),(20,33692),(23,234),(24,7271),(25,18617),(26,524),(29,20161),(30,11538),(31,37963),(32,35739),(33,34559),(34,24743),(35,34328),(36,37511),(37,7219),(39,24998),(43,1885),(44,13975),(45,5505),(46,14592),(49,12633),(50,17006),(51,38138),(52,1830),(53,31039),(54,25856),(55,29642),(56,36597),(57,16850),(60,7654),(64,321),(65,10483),(66,25661),(70,23807),(73,27610),(74,5896),(75,8162),(76,9286),(78,9038),(79,4298),(83,27593),(84,27594),(85,15466),(86,14095),(87,16015),(88,3707),(90,7003)]	123.829756
276	[(0,35126),(4,7537),(5,5270),(7,6442),(8,18158),(9,29057),(10,8775),(12,31576),(13,3870),(16,27116),(17,18141),(20,27712),(21,10708),(22,6069),(25,28887),(26,19691),(28,20247),(31,16725),(32,34169),(35,32883),(36,21035),(37,36786),(38,33278),(40,20661),(41,16631),(43,12259),(44,33769),(47,13981),(48,15736),(49,9202),(50,36262),(51,12903),(52,23282),(53,8077),(54,36076),(55,3632),(56,27523),(57,17147),(58,18221),(59,1831),(60,16042),(61,3044),(63,38736),(64,33137),(66,16523),(70,3845),(73,33562),(74,5956),(76,30529),(77,1720),(78,34426),(79,38461),(80,7062),(82,4367),(84,26957),(85,2358),(86,14652),(87,23567),(88,16997),(90,25480),(92,1301)]	133.366711
277	[(0,15146),(1,31585),(2,10459),(3,31040),(4,8637),(9,39200),(10,24359),(12,13774),(14,1037),(17,1833),(18,35722),(20,33359),(21,29201),(22,30718),(24,36960),(26,36901),(27,11973),(28,38605),(30,28055),(32,32625),(33,684),(34,38769),(35,3683),(37,36322),(40,31378),(42,28892),(43,15035),(44,27699),(45,19513),(46,38359),(48,9751),(50,4099),(52,32249),(53,31024),(56,23264),(57,31013),(58,31499),(59,14879),(61,24446),(63,16767),(64,22139),(65,11789),(66,23485),(67,35274),(68,16320),(69,27301),(70,34333),(72,21990),(75,18786),(77,4144),(79,30675),(83,16708),(84,31767),(85,2932),(86,13128),(87,25762),(88,31494),(89,29192),(90,26688),(91,14845),(92,29507)]	144.663063
278	[(3,7249),(4,12164),(5,31323),(7,5259),(12,3302),(13,22484),(14,34371),(16,15567),(18,36003),(19,15977),(20,37872),(24,20420),(26,33997),(28,32600),(29,25991),(30,22227),(33,3736),(35,477),(37,8118),(39,37916),(40,8094),(43,36469),(44,1001),(45,20518),(47,36685),(48,6420),(52,7362),(54,11510),(55,11858),(58,1332),(59,29298),(60,24581),(61,32467),(62,4374),(63,8131),(64,17601),(66,9818),(67,21072),(68,36308),(71,20814),(73,26152),(74,33300),(75,8808),(76,29797),(77,26717),(78,38011),(80,29205),(82,36654),(83,32727),(84,15538),(85,11694),(86,13359),(88,8269),(89,24484),(92,34097)]	132.579400
279	[(0,28011),(2,37269),(7,17268),(9,33678),(11,35678),(12,36140),(13,15807),(15,37318),(16,1947),(17,10054),(18,12345),(19,8265),(20,23323),(21,4661),(22,21829),(25,34553),(26,8532),(28,12161),(29,23427),(30,157),(32,33302),(33,11672),(35,16407),(38,35584),(40,30014),(41,594),(43,27609),(44,25947),(45,21044),(46,36354),(47,2311),(49,19310),(50,22116),(52,35242),(54,28831),(56,38131),(57,32239),(58,25630),(60,1426),(61,24697),(64,11809),(65,29469),(68,3428),(69,2778),(70,25500),(71,24108),(72,12980),(75,34923),(81,10388),(82,35876),(83,22086),(84,22621),(87,8544),(92,7829)]	123.304536
280	[(2,2660),(3,29110),(4,15201),(6,32426),(7,36802),(8,35268),(9,16466),(12,902),(14,16669),(15,8290),(17,33288),(20,37062),(22,3136),(23,39092),(26,8685),(27,4930),(29,33842),(31,9939),(32,1721),(35,27246),(36,34938),(37,37768),(42,34845),(43,38242),(44,10138),(46,17773),(48,38939),(50,33955),(53,14571),(54,1578),(56,33707),(57,13653),(58,32863),(59,38792),(60,28664),(64,35278),(66,9921),(71,36665),(72,36493),(74,32531),(77,35817),(79,16047),(80,5613),(81,31171),(82,1362),(83,1333),(84,13832),(86,31853),(91,8920),(92,11919)]	134.500236
281	[(0,2568),(1,26448),(2,32361),(3,6669),(4,14377),(5,31166),(8,20906),(9,2562),(10,18276),(11,3398),(14,29570),(15,34166),(19,29941),(20,5067),(21,33037),(23,33619),(26,25367),(27,17436),(28,18702),(29,613),(31,29556),(32,15889),(33,15933),(34,18293),(38,36475),(40,28082),(42,9283),(43,5595),(45,12785),(49,21150),(50,18343),(51,12632),(52,37021),(53,6150),(57,10961),(61,36639),(62,34680),(63,38198),(67,29279),(69,1115),(70,17390),(74,15500),(77,8888),(78,13980),(79,25620),(80,24179),(81,32417),(82,6825),(84,354),(88,5915),(89,26476),(90,31107),(91,26482)]	127.504716
282	[(0,31892),(1,32256),(2,36385),(4,13667),(7,7540),(8,28483),(9,31646),(11,22800),(12,21057),(14,23354),(17,5676),(18,25817),(20,8525),(22,37761),(27,34733),(28,29515),(29,37194),(30,34146),(31,4743),(32,16000),(33,10617),(35,30190),(36,36523),(38,12143),(39,5694),(42,15766),(43,23540),(44,17458),(45,24779),(46,14849),(47,33745),(48,12242),(49,9253),(52,12195),(53,27416),(55,38565),(56,310),(57,18126),(59,728),(62,14481),(63,11616),(64,20072),(65,3494),(67,21418),(68,1796),(70,38592),(71,7627),(72,36499),(78,26675),(79,31277),(80,31469),(81,29444),(82,37901),(83,17422),(85,7747),(87,6953),(88,7230),(91,29198)]	130.207632
283	[(0,36886),(1,26603),(2,21582),(3,31027),(4,17243),(5,3057),(6,8659),(7,26875),(9,30584),(10,9197),(12,29967),(13,8899),(14,27513),(16,14123),(20,37384),(22,8546),(23,5984),(24,8399),(25,21288),(30,7685),(32,3797),(33,9330),(34,9619),(35,3105),(36,34906),(37,23570),(38,19027),(39,1950),(40,31101),(41,26393),(42,5231),(43,5849),(44,3324),(45,11729),(49,9435),(51,33753),(52,22973),(56,6081),(58,5442),(59,12380),(60,18646),(62,8283),(64,4152),(65,5528),(66,21950),(67,28949),(68,5205),(70,21046),(71,13800),(73,29957),(74,6555),(75,11113),(76,13374),(77,7122),(79,38669),(80,16730),(81,15274),(82,35166),(87,4706),(88,16942),(89,20762),(90,32550),(92,4434)]	122.579447
284	[(0,34500),(1,30209),(2,29204),(5,36560),(7,5587),(9,35001),(11,37148),(12,2724),(13,32446),(14,19775),(15,16479),(16,28545),(17,20707),(19,8559),(21,3146),(23,32188),(24,1445),(26,32164),(27,2576),(28,22040),(29,14263),(32,28588),(33,4039),(35,1004),(36,15615),(37,29685),(39,6127),(41,36464),(42,15862),(43,31130),(44,23520),(45,34203),(48,29837),(50,20132),(51,6136),(52,3131),(55,13216),(59,33598),(60,5950),(61,36243),(62,4151),(63,2869),(64,22446),(67,27205),(68,413),(70,16474),(73,24922),(74,2502),(75,20127),(78,17304),(79,9153),(80,8092),(81,2677),(83,37737),(87,37565),(89,30804),(90,9805),(92,39)]	203.911789
285	[(1,28489),(2,21738),(3,5941),(6,36386),(8,18489),(10,31379),(12,5130),(13,23635),(15,34937),(16,31533),(20,20169),(21,37226),(22,16256),(23,8564),(24,4525),(26,34427),(27,17642),(30,8768),(32,24083),(34,3938),(35,31139),(36,7461),(37,21183),(39,13723),(41,7620),(42,8962),(44,30555),(45,29120),(47,10186),(48,28456),(49,35260),(52,16762),(53,30156),(54,16525),(56,22734),(58,10488),(59,5085),(62,12714),(63,22313),(65,17561),(67,24452),(69,7802),(70,8483),(71,614),(77,24639),(80,20591),(81,32463),(82,23154),(83,11306),(85,19534),(86,10445),(88,16113),(89,34754),(90,24130),(92,35661)]	250.247404
286	[(3,27043),(5,5779),(11,68),(12,3395),(15,26553),(17,10531),(18,36903),(19,31542),(21,32519),(23,9823),(25,27615),(27,21995),(30,1077),(32,20998),(33,32615),(36,28895),(40,710),(41,35208),(42,25916),(43,25628),(46,10734),(47,12413),(48,35550),(49,17742),(50,15805),(51,8068),(53,30136),(56,34985),(58,3374),(59,2245),(61,7082),(62,24833),(63,24624),(64,3451),(65,39028),(66,17367),(69,22856),(70,27328),(71,13008),(73,23950),(75,29937),(76,27068),(78,38416),(79,38570),(80,5966),(82,19183),(85,30935),(87,22366),(89,5204),(90,6987),(91,16101)]	252.352004
287	[(1,33330),(2,3845),(8,22350),(9,13331),(13,25418),(15,14089),(17,15702),(18,1592),(19,6275),(21,31597),(24,20772),(25,8500),(26,23567),(29,9530),(30,29213),(31,12056),(32,4651),(33,5373),(35,18474),(36,6164),(38,18739),(40,21330),(41,32658),(43,31940),(44,17615),(45,9927),(46,6193),(48,33104),(49,24618),(50,37151),(52,11459),(53,5628),(54,23742),(55,19225),(57,25697),(59,36021),(60,11906),(64,17548),(65,10110),(66,26509),(67,24098),(68,18257),(69,9457),(70,6346),(71,19832),(72,25498),(73,27786),(75,20661),(78,5910),(79,16830),(82,26581),(83,38203),(85,33350),(86,4550),(90,29811),(91,12277),(92,29051)]	248.509559
288	[(0,3458),(2,21550),(3,14739),(4,21447),(5,35199),(6,29599),(7,23820),(8,3188),(9,19627),(11,37944),(13,25867),(14,4450),(18,37690),(19,13265),(21,26826),(22,18540),(23,25641),(24,31292),(25,13991),(26,16867),(27,18836),(30,4134),(31,3140),(32,37860),(34,33648),(36,18663),(37,36410),(39,773),(41,33114),(42,38496),(43,26452),(44,13777),(45,19125),(47,9217),(49,35861),(51,37637),(52,26829),(54,28419),(56,16984),(58,14651),(61,22971),(65,20130),(71,19529),(72,36803),(73,38109),(74,22912),(77,2438),(78,13891),(80,19281),(81,266),(82,17603),(84,1220),(87,1825),(88,13681),(89,5600),(91,23783)]	248.490382
289	[(2,25106),(3,22016),(4,13791),(6,1535),(7,25555),(8,7039),(9,15488),(11,33449),(12,3204),(15,27380),(16,10956),(17,26432),(21,29023),(24,36384),(26,8420),(27,3452),(28,6701),(29,19224),(30,38185),(32,10242),(33,6843),(35,15981),(36,28891),(37,38685),(38,9217),(40,8014),(43,27814),(45,37440),(46,18451),(47,13892),(48,12309),(49,24714),(50,4500),(52,35537),(53,23095),(55,11803),(56,19901),(57,26476),(58,22766),(61,23460),(62,38445),(66,35748),(68,20481),(69,2265),(70,31421),(73,14200),(75,24725),(77,37385),(79,32403),(80,15618),(81,2345),(82,7463),(87,11936),(90,2501),(92,19574)]	258.725679
290	[(6,24483),(7,30986),(8,15508),(9,14713),(10,15616),(14,5372),(18,1136),(19,9605),(20,38233),(21,27790),(22,24291),(23,38291),(24,25505),(26,34927),(27,18495),(28,32139),(30,6058),(36,21777),(43,11931),(44,18179),(45,30399),(47,21980),(50,31743),(56,11495),(57,1870),(59,27966),(61,13238),(63,12378),(66,9051),(67,37470),(68,7410),(71,6276),(72,3358),(74,13731),(76,28473),(79,1978),(80,16184),(81,26559),(83,17372),(85,5890),(86,13939),(88,27357),(89,16230),(91,3560),(92,1854)]	276.944825
291	[(0,10649),(2,36011),(4,24186),(5,36940),(6,35489),(8,3430),(9,24371),(11,27697),(12,37569),(13,27529),(14,3778),(15,34431),(16,7733),(21,16370),(22,17665),(23,16864),(24,34134),(25,36741),(27,12428),(28,35488),(29,22919),(30,7877),(32,25871),(34,8676),(35,18534),(37,23804),(38,18116),(40,1045),(42,28112),(43,19798),(44,29068),(45,22091),(47,3833),(48,22389),(50,7799),(51,20704),(52,33746),(54,29199),(55,12554),(56,19380),(57,14043),(58,14828),(59,21234),(60,35943),(61,33547),(62,2142),(63,19050),(65,38194),(67,20270),(69,29156),(70,14870),(72,37),(75,6251),(76,9917),(78,18505),(82,17910),(85,9022),(86,17860),(87,1287),(88,19139),(89,14574),(90,4220)]	272.584356
292	[(1,14555),(3,30879),(4,19150),(9,11154),(10,33641),(12,26178),(13,38301),(14,4044),(15,30198),(16,16467),(17,8081),(18,33077),(20,3611),(23,10229),(24,28129),(26,19191),(29,29354),(31,2789),(32,26490),(33,3872),(34,30384),(37,22775),(38,29511),(39,20028),(43,18263),(44,28122),(45,9448),(47,3219),(49,16343),(50,38590),(51,21487),(52,25848),(53,34359),(54,25671),(59,30748),(63,37324),(65,4156),(66,9740),(67,29318),(68,5897),(70,30008),(71,22705),(73,31424),(77,21301),(79,10926),(81,14867),(86,2314),(87,22990),(88,20287),(89,16131),(91,18499)]	259.769638
293	[(0,19973),(2,28173),(3,1249),(4,3169),(7,35863),(8,32534),(10,22251),(12,1306),(13,28292),(14,6411),(16,20329),(18,5704),(19,6226),(21,32901),(24,565),(25,36756),(26,25620),(27,24179),(29,17888),(31,5474),(32,20635),(36,36095),(37,36827),(38,32580),(39,13018),(40,37272),(41,32872),(42,86),(44,32652),(45,23235),(46,35611),(47,3101),(52,22013),(53,18327),(54,13703),(55,2982),(56,36130),(57,33323),(58,1370),(60,9618),(61,29618),(62,4474),(63,27574),(64,38020),(65,21876),(66,34780),(68,32470),(73,21822),(74,9740),(75,25513),(76,12847),(78,4751),(81,29961),(82,37084),(84,33635),(86,10354),(89,15348),(91,38996)]	278.368359
294	[(0,35587),(1,14725),(2,29102),(4,5344),(7,33523),(8,17484),(9,33613),(13,12745),(14,23845),(15,5370),(18,11706),(19,12704),(20,17650),(21,39053),(23,34602),(24,37950),(25,8572),(27,16509),(29,16624),(30,26806),(31,5346),(33,16821),(34,2760),(35,18579),(36,23925),(38,1921),(39,33245),(40,22477),(41,7709),(44,22812),(45,15833),(46,25335),(49,14855),(51,22041),(52,17695),(55,14503),(56,26133),(57,36927),(58,33619),(59,38077),(60,15508),(61,39013),(62,28364),(69,25118),(70,3478),(72,15413),(74,3295),(76,21490),(80,23082),(81,11038),(83,36006),(84,35343),(85,15496),(86,12350),(92,7554)]	261.721635
295	[(1,20033),(3,19917),(4,26896),(5,33443),(7,16900),(8,35543),(10,35125),(11,865),(13,26329),(15,32383),(19,3704),(20,5439),(21,14255),(22,3202),(23,1668),(27,905),(29,3946),(33,379),(34,21424),(35,2029),(36,639),(37,14792),(40,21446),(41,3759),(42,9154),(43,8608),(45,5111),(46,19378),(47,3106),(48,32417),(53,7155),(54,31768),(55,86),(59,1592),(63,25973),(64,23796),(65,38874),(68,22020),(75,33849),(76,22954),(77,4797),(78,16428),(87,8470),(88,9057),(89,4986),(90,21939)]	250.170417
296	[(4,33471),(6,2878),(7,27235),(8,37232),(10,7514),(11,136),(15,13770),(17,4253),(21,33913),(25,10496),(26,25661),(27,37058),(28,30614),(29,14062),(30,26668),(31,38534),(32,37245),(34,25957),(36,32773),(39,3697),(40,36730),(41,12034),(44,16016),(46,13402),(47,20591),(50,18462),(51,5861),(53,29719),(54,19797),(55,24033),(56,20194),(59,32007),(60,26338),(61,10025),(62,33048),(63,2460),(65,15536),(66,34133),(67,21599),(69,23315),(70,18376),(72,24235),(74,13634),(75,25173),(77,21391),(78,22708),(79,455),(81,8390),(83,15214),(84,6365),(85,21615),(86,35930),(87,10808),(88,14147),(90,29365),(92,20620)]	320.389248
297	[(0,13882),(4,31053),(10,26727),(11,36258),(13,31124),(15,30837),(16,29925),(17,15474),(19,12096),(20,7416),(21,32268),(22,28219),(23,18928),(24,24559),(25,13996),(26,36781),(27,18630),(29,26600),(30,38395),(31,31879),(32,14529),(33,19312),(34,28176),(35,37409),(38,3809),(39,20572),(40,9158),(41,32886),(43,3301),(44,14163),(45,38816),(47,18447),(48,16849),(50,19741),(51,21518),(52,27147),(53,34358),(56,36500),(58,35917),(62,33752),(63,9137),(66,12903),(67,14306),(68,2511),(69,21402),(71,10141),(74,4212),(75,10038),(77,1309),(78,5919),(79,11376),(82,569),(87,39163),(89,4854),(90,20731)]	316.844038
298	[(2,26216),(4,4921),(5,26038),(6,6297),(8,8339),(10,30431),(12,30644),(14,22826),(16,20294),(17,19667),(19,20237),(22,13429),(25,940),(32,27923),(34,33196),(35,17056),(37,3843),(38,29300),(40,16856),(44,2232),(47,487),(49,20916),(50,36718),(52,28313),(53,35975),(55,22277),(57,19810),(58,4715),(60,731),(61,22036),(62,17987),(63,4077),(64,25762),(66,8666),(67,21339),(68,22066),(69,11357),(72,37154),(74,7094),(77,5967),(78,31030),(79,21401),(81,25422),(84,11165),(86,19601),(88,11214),(92,35571)]	320.942244
299	[(0,32166),(1,22639),(4,23968),(5,2246),(6,9575),(7,12565),(8,38015),(9,11859),(11,26239),(12,8851),(13,14841),(14,32095),(16,38109),(17,33076),(18,19246),(19,13006),(21,20699),(22,26614),(25,5754),(29,28760),(30,38970),(34,33834),(35,34055),(36,30189),(38,5787),(39,20283),(40,18533),(41,19455),(42,33978),(44,32448),(45,3369),(47,15365),(48,23561),(49,188),(50,12951),(53,27301),(55,22906),(56,12522),(57,33979),(58,35677),(60,24547),(62,6711),(63,13047),(66,32466),(67,18340),(68,22064),(69,14441),(70,23620),(72,8036),(74,28281),(75,34875),(78,29641),(79,29236),(81,32253),(82,5097),(84,23050),(86,32498),(87,12816),(88,4704),(91,20481)]	302.967947
300	[(0,9484),(1,36461),(2,6024),(3,9565),(5,20536),(7,17082),(9,15678),(11,23350),(12,30373),(13,28758),(14,9467),(15,11655),(17,34325),(18,20254),(23,15669),(25,19423),(28,23477),(29,21759),(30,24801),(33,13067),(36,12320),(37,29382),(38,34227),(40,13233),(41,3956),(42,39047),(43,20768),(45,22295),(46,32278),(47,28053),(48,11890),(49,15450),(50,14114),(51,18053),(52,35566),(55,17280),(56,18401),(57,8167),(58,4222),(59,28627),(60,21083),(61,20788),(62,1968),(63,9790),(66,5720),(67,20303),(68,17903),(69,27542),(70,22645),(71,17437),(72,4636),(73,909),(75,28011),(78,5537),(79,38029),(81,11004),(82,27683),(87,20966),(88,6054),(91,1761),(92,15016)]	292.998312
301	[(3,12551),(4,17984),(7,7882),(10,16728),(12,8186),(14,12699),(16,29232),(17,20699),(18,19686),(19,27316),(20,18784),(21,2762),(22,38959),(23,21194),(24,23016),(26,25253),(27,3165),(29,3191),(30,37344),(31,38725),(34,11070),(35,2235),(36,35231),(37,14003),(38,8052),(41,17552),(42,35484),(43,37595),(44,7124),(46,11588),(47,11415),(48,2094),(49,7884),(51,14433),(53,6528),(54,9519),(57,26323),(58,4306),(60,33782),(61,31925),(62,10490),(63,31604),(65,35113),(68,35716),(69,24760),(71,182),(74,26168),(76,30915),(81,19141),(82,30061),(83,28671),(84,10157),(86,1676),(87,16988),(88,9294),(90,25136),(92,28267)]	228.783244
302	[(0,27204),(1,7869),(2,218),(3,17505),(5,30884),(6,25235),(8,37787),(9,20864),(11,22737),(13,3521),(14,19605),(15,27497),(16,35805),(17,12831),(18,15669),(19,37920),(20,36363),(21,12751),(22,1706),(24,8587),(25,29066),(27,29908),(28,15808),(30,16657),(34,36832),(35,36228),(39,25131),(40,9998),(42,5725),(43,25355),(44,34695),(45,17017),(46,38184),(48,28823),(51,34809),(52,29950),(53,24492),(54,34868),(57,16473),(58,2668),(60,22158),(61,26490),(65,15319),(67,13727),(71,15875),(72,13056),(74,24318),(75,8790),(77,8813),(78,14694),(79,19353),(82,27425),(84,8191),(85,6918),(87,29863),(88,3984),(90,7574),(92,36697)]	213.273482
303	[(1,38090),(2,2930),(3,8752),(4,17123),(5,12514),(7,6248),(8,13935),(10,27260),(11,28858),(12,10193),(13,26606),(15,35930),(18,78),(21,26962),(22,19374),(24,14025),(25,29605),(26,2748),(27,22905),(28,25609),(29,15162),(31,30078),(34,1911),(35,7313),(36,4739),(37,35043),(38,15691),(39,2907),(43,27725),(44,11821),(45,14837),(46,26283),(47,30128),(49,273),(52,23115),(55,15764),(56,37187),(59,8051),(60,10528),(61,3982),(62,33883),(63,21860),(66,15755),(67,21901),(68,15905),(70,26530),(74,30543),(75,12441),(76,27218),(78,15666),(79,34029),(81,9463),(83,3218),(87,35499),(88,2026),(92,30341)]	181.338605
304	[(2,24579),(5,36650),(6,18685),(10,6593),(13,33370),(15,3552),(16,6905),(17,29440),(19,12066),(21,28313),(22,32928),(23,30972),(24,14011),(25,10658),(26,11528),(27,31230),(29,28552),(30,3687),(34,16433),(35,10943),(40,3717),(41,26925),(42,33426),(43,37919),(44,16650),(45,24907),(47,2072),(49,34354),(51,21399),(53,34630),(55,4826),(56,24341),(57,9132),(58,15294),(59,31154),(60,1995),(62,19535),(63,25767),(64,4366),(66,29287),(68,15859),(69,23699),(70,12890),(71,16595),(73,12311),(74,19622),(75,24081),(76,25844),(77,25156),(78,6167),(79,17188),(80,7647),(83,5512),(85,18790),(86,26925),(87,33426),(89,29617),(90,14471),(91,9590),(92,34534)]	133.646771
305	[(0,34493),(3,4573),(4,35329),(5,30030),(6,14811),(7,713),(8,34619),(9,6995),(10,11332),(11,37017),(13,16592),(14,38473),(16,32899),(19,29141),(20,4403),(22,26078),(24,36477),(29,35307),(30,21008),(32,6981),(34,6682),(35,28641),(36,31918),(37,17847),(39,24813),(40,10837),(41,7855),(43,16450),(45,21686),(46,26403),(50,11529),(51,13080),(54,6933),(55,25246),(56,38857),(57,659),(59,25810),(61,34500),(62,30209),(63,16349),(65,20309),(67,14498),(68,35990),(69,9936),(70,13658),(71,11009),(73,36315),(74,3821),(75,10355),(77,11228),(80,30503),(82,15737),(83,31169),(84,38725),(85,22295),(86,5335),(87,24921),(88,23195),(90,19739),(91,12802)]	146.124906
306	[(1,33513),(3,31776),(5,11693),(7,12778),(8,31006),(9,29232),(11,34268),(13,27641),(14,25285),(15,28328),(16,5109),(17,35003),(20,13590),(21,9422),(22,3189),(23,3476),(25,21730),(29,9276),(30,23596),(33,16596),(35,33123),(36,21036),(37,14802),(38,27794),(39,35937),(40,9596),(42,16258),(43,32541),(46,19138),(47,34808),(48,6886),(49,36578),(53,5076),(54,5617),(56,32180),(58,33654),(61,30247),(63,15096),(64,18335),(65,34905),(67,17995),(68,20601),(69,13369),(70,16630),(71,30425),(72,7342),(73,9489),(74,6813),(75,3012),(76,25344),(78,3138),(81,716),(82,31432),(85,25547),(88,14909),(90,2924)]	146.900500
307	[(2,15141),(3,17851),(5,19868),(7,28874),(8,35044),(9,32310),(10,1843),(11,34473),(14,12217),(16,16333),(17,36795),(22,31300),(23,10222),(24,7125),(25,5257),(26,9659),(27,11207),(28,11275),(29,27837),(30,23180),(31,30201),(32,14369),(33,5205),(34,26081),(35,37337),(38,24285),(41,33333),(43,13415),(44,38679),(45,6273),(49,30875),(50,10832),(51,32128),(52,35333),(53,9526),(54,31785),(55,2459),(57,14001),(58,28215),(62,5118),(63,32521),(66,32407),(70,35457),(72,28991),(73,15267),(75,28270),(76,28767),(77,24902),(78,13782),(80,24656),(83,2359),(87,14031),(89,22199),(90,1089),(92,33040)]	158.015667
308	[(1,32776),(2,18473),(3,19181),(5,8866),(8,20695),(9,6902),(10,6067),(11,20784),(12,2699),(13,37137),(14,31614),(15,24043),(18,20290),(24,25425),(30,17060),(31,13992),(32,16017),(33,37718),(34,35349),(35,19573),(36,28272),(37,3917),(38,18233),(40,9166),(41,5881),(43,26455),(45,10279),(46,29163),(47,20745),(50,35521),(51,8351),(52,553),(54,33989),(55,28854),(58,25285),(59,28328),(60,5109),(61,35003),(64,13590),(65,9422),(68,29500),(69,30860),(70,27402),(71,30707),(73,17814),(74,1841),(75,17857),(76,12085),(78,8918),(79,8017),(80,33798),(81,5135),(82,26890),(83,19234),(84,15944),(87,23488),(88,18210),(90,7095),(92,29338)]	166.613355
309	[(0,12548),(1,25882),(2,20435),(5,14091),(10,34389),(11,16059),(13,5210),(16,38775),(17,6583),(18,14973),(19,7177),(20,7875),(21,34016),(22,7111),(23,12951),(27,8392),(29,12531),(31,11957),(33,6845),(34,5603),(36,15466),(37,37115),(38,36638),(40,31079),(41,16235),(45,7746),(46,24325),(47,29812),(50,28673),(51,35794),(53,7851),(55,17542),(56,28673),(57,3539),(58,20167),(59,664),(60,25001),(61,35979),(62,35931),(64,6049),(65,30722),(66,38281),(68,34432),(69,33474),(70,18614),(71,2918),(73,29839),(75,6373),(76,7401),(77,23812),(79,913),(81,17284),(84,22254),(85,3421),(86,17165),(88,25721),(90,16639),(92,142)]	137.516946
310	[(0,31554),(1,20560),(4,34711),(7,27532),(8,85),(9,8086),(10,241),(11,29784),(13,35363),(14,3892),(15,20322),(17,13753),(18,25727),(20,36452),(21,37656),(22,21371),(23,14718),(24,16169),(25,8420),(26,3452),(28,10780),(29,33692),(30,38261),(32,16091),(39,33513),(41,31776),(42,37048),(43,38812),(44,10391),(45,28774),(48,32534),(49,35808),(50,18317),(53,2038),(54,10334),(55,36729),(57,5624),(58,17552),(59,26594),(60,12654),(62,4134),(63,16764),(65,24001),(66,20479),(67,4540),(68,35945),(72,30345),(75,31730),(76,1478),(77,14712),(78,26476),(79,22766),(80,1740),(81,1647),(82,6178),(83,22535),(84,33575),(85,28495),(88,25865),(89,23643),(91,3635),(92,5836)]	133.438376
311	[(2,5398),(3,24603),(5,24599),(7,4672),(10,17221),(15,11086),(16,33000),(20,32926),(22,34961),(23,23316),(25,19323),(26,4147),(28,11294),(29,22218),(31,36185),(32,15587),(33,13531),(34,36135),(35,19584),(36,3177),(38,11588),(41,34414),(43,18593),(45,9369),(50,4884),(51,657),(53,8039),(56,8865),(57,3796),(58,11883),(59,23957),(60,82),(62,10390),(64,6826),(65,20372),(66,28682),(67,27526),(70,39201),(71,19723),(72,17398),(73,3433),(74,13471),(75,14181),(76,32258),(78,16305),(79,26725),(83,25301),(89,33568),(91,38141)]	125.141618
312	[(1,23941),(2,8673),(9,16007),(12,25994),(14,11273),(15,31876),(17,37953),(18,12939),(19,26642),(21,6849),(22,37953),(25,35640),(26,11869),(27,276),(30,38027),(32,20767),(35,38102),(37,1250),(38,32512),(39,24576),(40,34103),(41,28752),(43,32599),(44,24950),(45,21408),(46,26200),(49,22552),(54,8459),(55,17227),(56,10865),(58,27739),(59,27106),(60,10859),(62,9997),(63,31279),(65,30762),(67,25454),(68,27470),(69,1869),(75,7069),(76,30007),(77,30545),(78,4463),(82,11025),(83,8333),(85,37803),(87,9572),(88,107),(89,36981),(90,20571),(91,29053)]	130.140001
313	[(3,11896),(4,22001),(5,36542),(6,15865),(7,12754),(8,4794),(9,7913),(10,31916),(12,39171),(14,30901),(15,11908),(17,18648),(18,32690),(19,2115),(21,19390),(22,36455),(24,13654),(29,1144),(30,3649),(31,35630),(33,2304),(37,35883),(38,26691),(42,26753),(43,15613),(44,19251),(45,19225),(46,28556),(49,23557),(50,38655),(51,5848),(52,16487),(53,16348),(54,28962),(58,25031),(59,29492),(61,32936),(64,35302),(65,5006),(67,59),(69,9195),(73,38118),(74,23696),(75,19986),(76,13206),(79,34552),(82,14221),(84,31758),(85,6123),(87,12508),(88,22948),(89,27503),(90,9644),(91,19086),(92,38822)]	143.377135
314	[(1,30386),(4,32797),(6,3771),(7,35611),(8,3101),(9,2857),(10,15427),(11,25387),(12,30454),(14,38417),(15,13307),(20,1777),(21,26574),(22,9374),(24,28098),(27,35434),(28,9022),(29,16143),(30,9871),(32,5520),(35,26900),(36,4397),(37,5412),(38,1817),(40,12664),(41,38640),(42,29113),(43,12090),(44,4212),(45,24227),(47,19672),(48,21638),(49,4143),(50,25211),(54,1626),(56,23754),(58,12030),(60,7115),(61,17030),(65,33814),(67,16494),(68,17250),(71,35927),(72,31866),(75,2539),(76,30401),(79,37567),(80,31469),(81,14046),(82,13737),(83,3136),(84,32976),(85,9593),(87,36824),(88,9674),(90,10112),(91,29917),(92,568)]	152.811471
315	[(0,25568),(2,6857),(3,14804),(4,10117),(6,11729),(7,7125),(8,5257),(9,9659),(10,4700),(11,32939),(13,15321),(15,323),(17,20976),(20,14884),(22,32949),(24,33587),(25,26198),(27,6180),(29,8259),(30,36855),(31,30472),(32,3084),(35,16971),(38,8730),(39,26755),(40,22876),(42,30060),(43,5911),(44,2241),(45,14533),(46,13062),(47,32295),(49,3396),(50,32954),(51,7804),(53,659),(54,30193),(57,4570),(58,10714),(59,28012),(60,10745),(61,18197),(64,24500),(66,2168),(67,16318),(70,17708),(71,28813),(72,28829),(73,1220),(74,16886),(75,36848),(76,15926),(77,18730),(79,34014),(83,12353),(85,4788),(86,18339),(87,168),(89,15536),(90,39196),(91,26260),(92,27172)]	128.471888
316	[(0,16380),(1,25387),(2,30454),(4,15893),(7,35640),(8,26184),(9,36927),(10,34179),(12,32659),(13,8087),(14,11292),(15,35151),(17,7822),(19,37881),(20,11890),(21,21536),(22,35768),(23,15043),(24,37986),(28,10176),(30,10431),(31,25364),(32,6258),(33,17793),(35,4127),(36,7840),(37,10101),(40,2811),(41,5266),(44,29702),(45,6920),(46,37741),(47,26804),(50,1604),(52,17381),(54,28503),(55,4495),(56,3425),(57,34170),(58,26595),(61,1355),(62,26675),(63,5865),(64,12455),(65,20041),(66,10687),(67,33993),(69,22837),(70,24461),(71,4432),(72,1383),(73,39204),(75,6749),(79,34225),(80,33797),(81,35604),(82,12502),(83,7813),(84,25784),(86,589),(87,17018),(88,19086),(89,11994),(90,33388),(91,34593)]	140.608284
317	[(0,11806),(1,12363),(4,32474),(5,16946),(9,35852),(10,32073),(12,25492),(13,26209),(14,24586),(19,10026),(20,28737),(21,13184),(22,30610),(26,24536),(28,26390),(30,19136),(34,3395),(36,21061),(39,21684),(41,33189),(43,23150),(44,9865),(45,5473),(46,12162),(47,15310),(48,30997),(49,31982),(50,26790),(54,15895),(56,5981),(58,15957),(63,22073),(65,11834),(66,4021),(68,6612),(70,11644),(71,3840),(73,5203),(74,18828),(76,35406),(78,26394),(80,24771),(82,8760),(83,13553),(87,16997),(88,33699),(89,36585),(91,28109),(92,27549)]	132.790025
318	[(0,11504),(1,16190),(2,17708),(4,11472),(7,8750),(8,33591),(9,31380),(10,14366),(12,33056),(14,23754),(15,26938),(16,5215),(18,14941),(23,3765),(24,16422),(26,7353),(27,11761),(29,28361),(30,22625),(31,10392),(32,33137),(35,32965),(36,27549),(42,5795),(43,12287),(44,30182),(45,32856),(46,845),(47,1418),(48,3024),(50,34264),(51,25020),(52,13882),(53,21313),(57,12472),(58,17821),(59,17640),(63,2135),(64,31823),(65,19275),(66,15154),(67,3689),(69,12966),(70,32693),(72,6150),(73,16999),(74,37908),(75,13819),(76,27831),(78,20866),(79,29019),(80,21885),(81,13937),(82,38532),(83,6689),(85,37206),(90,507),(91,35665),(92,16256)]	140.047830
319	[(0,15535),(1,13247),(2,4690),(3,18743),(4,3616),(6,22652),(8,15324),(9,32432),(11,6929),(14,25401),(15,28339),(18,28469),(19,18443),(22,34989),(23,9745),(24,22850),(25,37413),(26,20879),(27,832),(28,1961),(29,29938),(31,16508),(32,15040),(33,18055),(34,38619),(35,15106),(36,12870),(37,16176),(38,7117),(43,37561),(44,11614),(46,6301),(47,21614),(48,29832),(51,16080),(52,29612),(53,24635),(54,37512),(56,16408),(57,37553),(58,30774),(60,4185),(62,38339),(64,10636),(66,12260),(68,10034),(69,4284),(71,38993),(73,16147),(76,23423),(78,11878),(79,12523),(81,12225),(82,18234),(83,8517),(84,31861),(85,35621),(86,1268),(89,15326),(90,32965),(92,26920)]	154.766604
320	[(1,25553),(2,3546),(3,9183),(4,4346),(5,22063),(9,14065),(11,36981),(12,6673),(13,9074),(14,31352),(15,28495),(17,14124),(18,4571),(21,26279),(22,7579),(23,9846),(24,14637),(26,27181),(27,24456),(29,25614),(33,8859),(34,6975),(37,10199),(38,39115),(39,29177),(40,30239),(41,1077),(42,24008),(44,31129),(48,9455),(49,215),(50,2351),(53,30917),(54,6797),(55,10787),(56,16002),(57,6683),(58,38229),(59,24643),(60,8329),(61,37915),(62,17045),(63,18122),(64,26062),(65,577),(66,19813),(70,16461),(72,36569),(73,115),(74,6188),(75,26172),(76,22539),(78,20233),(79,8306),(80,17113),(85,1732),(86,7632),(87,19375),(89,13324),(91,20839),(92,25436)]	164.238697
321	[(1,30453),(3,2090),(6,37545),(7,33925),(14,17997),(18,11079),(19,26024),(20,14235),(22,646),(23,5710),(24,38648),(26,19155),(27,11586),(29,33290),(31,27656),(33,4586),(34,18018),(35,35069),(36,24585),(37,8548),(38,20445),(39,14477),(42,13143),(43,14492),(44,20199),(45,6750),(47,21540),(51,4693),(52,35890),(54,27753),(55,33745),(56,21440),(57,4848),(58,16977),(59,21984),(62,32804),(63,31054),(65,15279),(67,9179),(68,6162),(69,14775),(70,17889),(71,29086),(72,3779),(74,14993),(76,35151),(77,4532),(78,29087),(79,33233),(81,11254),(82,4212),(83,10038),(85,1309),(87,1745),(88,19116),(89,32712),(90,37011),(91,8506)]	163.044485
322	[(1,14175),(2,17772),(3,28274),(4,19257),(6,12712),(7,32265),(10,2023),(11,6988),(14,5005),(15,15246),(17,8798),(18,3051),(19,3445),(20,22725),(22,16160),(24,38659),(25,24027),(26,21864),(28,16441),(29,25245),(30,23681),(32,24905),(33,36987),(36,2079),(37,9231),(39,21189),(40,24889),(41,2250),(42,22454),(43,34420),(44,18083),(45,1956),(49,16218),(50,20134),(53,20680),(54,2577),(56,29071),(57,16252),(58,12015),(63,2456),(64,6405),(66,23582),(67,27944),(69,25800),(71,9276),(72,23596),(75,1616),(79,32020),(80,33001),(81,1811),(83,25079),(84,15093),(87,25091),(88,16570),(89,31001),(90,25323),(91,14174),(92,8937)]	137.024925
323	[(0,10786),(1,35160),(2,22164),(3,7766),(5,35251),(6,8721),(7,18245),(10,1046),(12,17634),(14,35321),(15,5786),(17,20000),(18,1545),(19,9836),(24,30033),(25,49),(26,9517),(31,13878),(34,8184),(36,634),(37,36610),(38,499),(39,18834),(40,19291),(41,2902),(47,39004),(49,15306),(50,7069),(51,17148),(52,33680),(53,30133),(56,9038),(57,4298),(58,6007),(59,34367),(60,15216),(61,975),(63,6538),(64,28799),(65,11013),(66,34350),(67,16629),(70,23360),(71,784),(72,20425),(77,37347),(78,15481),(79,12778),(80,34787),(81,9233),(82,37019),(83,28414),(84,19146),(86,34307),(87,28511),(89,29521),(90,24069)]	146.770257
324	[(2,13541),(5,3875),(10,20946),(12,7238),(13,25258),(14,36096),(17,28152),(18,2160),(19,8791),(20,38593),(21,4207),(23,28161),(24,3370),(25,14998),(26,13671),(27,5862),(28,31356),(30,31904),(32,5716),(33,440),(34,5154),(35,12907),(37,38414),(38,5840),(39,26982),(40,36172),(41,318),(42,9780),(44,14905),(45,26835),(47,13866),(48,14655),(50,23941),(52,18298),(53,9265),(54,32318),(56,3500),(57,12491),(58,20150),(59,25678),(60,38561),(61,12258),(62,3384),(63,17229),(65,28894),(68,36888),(72,15642),(73,35243),(76,2251),(80,7745),(83,5112),(85,31370),(86,8882),(87,21986),(88,11461),(89,18735),(91,31244)]	130.160473
325	[(0,22433),(1,33802),(2,14629),(4,12925),(5,3029),(6,23824),(9,1775),(10,9745),(11,33331),(12,3298),(16,38764),(19,2370),(20,11535),(21,30782),(22,21379),(23,24346),(25,1120),(26,26793),(27,34690),(30,10624),(31,18617),(32,5602),(34,13132),(36,32431),(37,2953),(38,27183),(39,10862),(40,31162),(41,35266),(42,6846),(43,28596),(44,30358),(45,30906),(47,10803),(48,35373),(49,26859),(50,34389),(51,19859),(53,14100),(54,20365),(55,38261),(58,4790),(59,32850),(61,3868),(62,2777),(63,36643),(67,24250),(69,38887),(70,6918),(72,10434),(74,14526),(76,36046),(79,38524),(82,20043),(83,36491),(84,23597),(86,23002),(87,24319),(88,304),(90,5201),(91,20044),(92,20199)]	128.435500
326	[(1,23904),(3,25119),(4,23469),(5,20038),(6,15558),(7,12497),(8,7707),(9,14330),(11,36411),(12,28339),(13,20229),(15,24744),(16,10501),(17,9137),(19,20207),(21,1931),(23,21946),(24,8645),(25,14836),(26,18286),(27,32852),(29,31496),(30,24264),(31,12959),(35,26654),(36,14001),(37,28215),(42,4520),(47,28468),(50,22617),(52,26460),(54,1376),(55,2670),(56,15432),(57,24968),(60,30541),(62,30414),(63,6629),(65,10388),(66,35876),(67,22086),(68,12002),(72,36007),(75,21300),(77,36236),(78,2280),(80,551),(81,1762),(82,27530),(85,12249),(86,37134),(87,26470),(89,11788),(90,25975),(91,9307),(92,14583)]	148.126043
327	[(3,5373),(6,3774),(8,33903),(11,36730),(13,26881),(16,18855),(17,21085),(18,23372),(19,27335),(20,38360),(21,31835),(22,23576),(23,24678),(26,38768),(27,10541),(29,16475),(30,37668),(31,28859),(32,36614),(33,542),(35,5332),(36,6231),(38,29667),(39,35054),(40,8486),(43,23166),(45,20312),(46,14414),(48,23236),(53,21148),(55,37080),(57,20964),(58,2653),(63,19076),(64,27110),(65,37085),(66,6710),(68,15882),(69,21514),(70,10966),(71,27614),(72,14463),(74,33670),(76,6563),(77,29715),(78,36020),(80,7414),(81,10667),(84,36679),(86,20500),(87,36769),(88,35003),(89,15822),(92,34100)]	155.349685
328	[(1,24771),(4,9923),(5,28411),(8,21826),(9,3317),(10,23858),(11,18963),(12,17121),(13,28229),(14,134),(15,37017),(16,20431),(17,29459),(18,12774),(20,13586),(21,5466),(25,15785),(26,10526),(27,29833),(28,30766),(29,19836),(30,12810),(34,20728),(35,5677),(36,16215),(38,22032),(39,35001),(41,11420),(42,32539),(43,19248),(45,26704),(46,109),(47,8963),(48,23685),(49,33874),(51,3869),(55,1041),(57,32916),(58,37420),(59,35906),(60,145),(61,2392),(64,11299),(65,16872),(68,26222),(69,33313),(71,32651),(77,4473),(78,29522),(81,18653),(86,23092),(88,11560),(90,25128),(91,19848),(92,26821)]	160.328545
329	[(2,22207),(3,30651),(4,26156),(5,18798),(8,35523),(9,22599),(10,6844),(11,7255),(13,18705),(15,15749),(17,15722),(18,35599),(20,17633),(22,24109),(24,23409),(25,24604),(26,37651),(27,36882),(30,34734),(31,35792),(32,36717),(35,19006),(36,10966),(37,34546),(38,725),(41,11664),(42,34702),(45,7916),(46,506),(47,1273),(51,3015),(52,4980),(53,13159),(56,30223),(59,3666),(60,31014),(64,30994),(65,25822),(68,15354),(69,23501),(70,3957),(73,19473),(74,15519),(77,25394),(78,37524),(80,4350),(81,23112),(82,34618),(83,931),(86,32563),(87,13246),(88,33203),(90,21376)]	140.424962
330	[(0,11878),(4,7715),(9,22336),(11,26051),(12,25788),(13,30159),(15,27369),(16,9274),(17,26247),(18,11779),(19,4460),(21,37078),(23,2792),(26,33517),(27,31235),(28,3425),(29,5298),(30,30474),(35,18173),(36,15781),(37,11501),(39,27725),(40,11821),(41,35706),(43,12713),(44,27370),(45,13320),(48,117),(51,9253),(52,282),(54,31817),(55,27427),(56,21764),(57,32310),(58,28104),(60,26171),(62,27462),(63,37411),(64,22346),(65,11208),(66,26677),(67,6856),(68,29939),(70,20776),(71,22434),(73,17134),(77,37454),(78,747),(79,21168),(81,19557),(82,10400),(84,18342),(85,1615),(91,25705),(92,11596)]	138.121328
331	[(1,34132),(2,24369),(3,30136),(4,2715),(5,11592),(11,3985),(12,33590),(14,32001),(16,21930),(20,25705),(21,11596),(23,15929),(25,16944),(27,19484),(28,36430),(29,4202),(33,3737),(34,26349),(35,30218),(36,9713),(37,26156),(38,18039),(40,25203),(41,5341),(42,21227),(43,32),(49,21146),(53,25504),(54,3520),(55,36180),(57,32699),(58,18091),(59,21288),(60,37064),(63,11306),(64,7155),(65,37065),(66,21644),(68,20670),(69,34023),(70,21588),(72,9426),(74,4606),(76,9774),(79,29217),(80,28262),(85,26105),(87,31268),(89,26871),(91,4712),(92,891)]	130.828871
332	[(2,33527),(4,8111),(5,8360),(6,19293),(7,14180),(8,10673),(9,13684),(11,3809),(13,3900),(15,33935),(16,28503),(17,4495),(18,3425),(22,366),(23,39141),(25,11775),(27,23736),(28,7930),(30,29318),(31,28345),(32,10567),(34,30848),(35,32979),(36,29189),(38,37727),(39,3053),(42,36005),(43,33761),(44,1074),(46,25949),(47,31406),(48,8496),(54,29887),(56,33033),(58,22155),(60,14905),(61,7268),(64,18833),(65,28094),(68,10383),(69,30753),(70,33129),(71,23415),(73,11807),(75,30024),(77,31938),(78,4525),(80,11764),(81,37518),(84,22347),(86,37840),(87,29911),(88,20597),(89,6653),(90,16611),(91,12747),(92,33697)]	132.585543
333	[(0,6973),(1,3522),(4,10411),(5,29933),(11,22844),(12,26028),(14,4708),(16,27154),(17,31517),(18,10957),(21,22511),(23,5055),(24,37916),(25,19549),(26,13401),(27,9278),(28,37618),(29,8562),(30,32334),(31,30728),(32,15317),(34,37755),(37,22345),(38,31237),(40,8109),(43,34632),(44,17090),(45,13241),(46,26143),(47,5101),(48,30538),(52,29830),(53,10781),(54,30996),(55,9964),(56,32401),(57,8548),(59,4319),(60,17287),(61,34275),(62,26502),(63,5791),(64,2007),(66,23242),(67,28399),(68,4310),(69,27948),(71,33537),(72,30168),(74,4829),(75,10534),(76,10003),(79,16283),(80,27946),(81,16522),(83,2890),(85,26177),(91,13329),(92,1236)]	152.913732
334	[(2,12785),(5,11027),(7,32155),(8,26428),(9,27286),(11,7252),(12,31177),(13,30195),(14,30701),(15,12157),(16,28536),(17,18021),(18,17065),(24,29900),(26,23574),(27,27369),(28,9274),(29,19962),(31,33573),(32,18516),(33,20481),(34,2265),(35,31421),(37,18717),(38,13163),(40,6357),(41,36130),(42,7064),(43,29097),(45,1006),(47,12739),(48,8631),(49,5767),(50,34213),(52,21140),(53,22163),(54,2075),(55,9282),(56,26720),(57,32191),(58,27614),(61,11503),(62,37519),(64,14138),(68,10728),(71,515),(72,33969),(73,11523),(75,2508),(76,7293),(78,5416),(79,38085),(80,38807),(81,11457),(83,18516),(84,20481),(86,31298),(89,37611),(90,29563),(91,30788)]	151.576721
335	[(1,11741),(2,26468),(4,15117),(6,28313),(7,32928),(11,12285),(13,33278),(14,28794),(19,39146),(21,13601),(22,10081),(23,12331),(25,10636),(28,20331),(29,35866),(30,21903),(32,9256),(33,12838),(34,13207),(35,20190),(36,12585),(38,39184),(40,25883),(41,11022),(43,32759),(44,20932),(45,1058),(46,13754),(47,34923),(48,16590),(49,27309),(52,2571),(53,436),(55,30223),(56,32022),(57,24044),(61,31125),(62,15187),(63,38824),(64,32281),(65,1534),(66,12133),(70,8084),(72,37923),(74,17059),(76,23264),(77,31013),(78,31499),(79,14879),(80,6916),(82,1739),(83,29663),(84,38674),(85,2026),(87,35967),(89,36431),(90,12076),(91,6899),(92,3906)]	149.696065
336	[(4,5185),(6,10311),(7,34328),(8,14002),(9,14129),(11,9690),(12,23929),(13,5503),(15,33647),(17,9303),(19,15555),(21,22902),(22,14737),(24,1524),(25,32551),(27,26665),(29,14227),(31,37097),(35,25195),(36,7463),(42,32902),(45,19015),(46,12704),(47,27773),(48,31695),(51,20883),(53,29634),(55,18966),(56,33628),(57,9907),(58,22000),(60,812),(61,9751),(62,4470),(63,6956),(64,20767),(66,1295),(68,20901),(69,33178),(70,10052),(71,27854),(72,15266),(74,34584),(75,29778),(76,11779),(77,4460),(78,33850),(80,24609),(81,24043),(82,21060),(83,24533),(84,33714),(85,23300),(86,8692),(87,3244),(89,31577),(90,37156),(91,27633),(92,19339)]	153.817114
337	[(0,11194),(1,36744),(3,16404),(4,22844),(6,14903),(8,20506),(10,32672),(12,4450),(13,16660),(14,2245),(18,27059),(21,23194),(23,3969),(24,20100),(28,23941),(31,11920),(33,2664),(34,27295),(36,25558),(39,7130),(42,6357),(43,10684),(45,36723),(46,24543),(47,22996),(48,530),(49,19729),(54,8952),(55,37399),(56,27583),(57,20525),(58,9114),(60,37571),(61,587),(62,14207),(64,15158),(67,28645),(70,9041),(71,1266),(72,7468),(73,2855),(75,32767),(77,27551),(78,31338),(80,11098),(81,6829),(83,8690),(84,36657),(85,7001),(86,19783),(87,18617),(88,5602),(90,18052),(91,28234),(92,5286)]	149.064393
338	[(0,33994),(1,13343),(2,18398),(3,16351),(10,13559),(12,35903),(15,33220),(16,3477),(17,1827),(19,24415),(20,28381),(22,35215),(26,35059),(28,27078),(33,13279),(34,2411),(35,27504),(37,21577),(38,20265),(39,30413),(40,33759),(41,3125),(42,36743),(44,37990),(45,34280),(46,14356),(47,33440),(48,23668),(50,15452),(55,27164),(56,10583),(57,24840),(58,17925),(59,12896),(62,22468),(65,26221),(66,16152),(67,25122),(70,4765),(71,2545),(74,8748),(75,21915),(78,13139),(79,23492),(80,13077),(81,462),(82,17111),(83,13123),(84,32837),(87,15624),(88,8978),(90,23992),(92,5739)]	139.064282
339	[(4,34855),(6,15325),(8,6022),(11,9307),(12,14583),(14,5038),(15,12392),(16,9113),(18,34022),(19,10595),(20,16112),(21,12782),(22,12736),(24,20748),(26,28101),(31,17063),(33,9514),(34,4707),(35,17977),(37,3491),(38,33664),(39,16321),(40,37098),(41,20307),(42,29019),(43,21885),(44,13937),(45,24207),(49,16782),(50,3479),(51,25855),(52,14842),(54,17589),(55,14817),(56,12775),(57,13150),(60,18866),(61,19521),(62,10719),(63,17323),(64,23792),(66,25796),(67,34495),(69,4783),(70,13686),(71,15038),(72,18254),(73,38226),(76,22327),(80,30236),(82,19996),(83,6376),(84,7823),(86,23626),(88,27073),(89,23368),(90,19474),(91,21159)]	129.866231
340	[(1,12848),(2,9018),(5,28930),(6,9637),(7,31104),(10,13384),(11,24709),(12,7778),(13,2443),(17,36961),(18,14405),(20,19847),(21,5351),(23,5884),(24,32009),(26,31370),(27,20030),(29,15223),(30,16939),(32,10382),(33,24473),(34,31957),(35,17687),(36,6384),(37,27726),(38,32220),(41,39083),(42,23977),(44,30234),(45,29500),(46,30860),(47,27402),(48,30707),(49,35482),(50,33935),(51,8146),(52,35000),(53,39110),(54,38086),(55,5022),(56,37915),(64,30796),(66,2756),(68,31087),(69,29579),(70,11448),(71,22255),(72,21885),(73,13937),(74,24207),(75,21059),(76,29550),(78,8884),(79,17228),(80,15950),(83,16410),(85,6818),(86,17480),(88,36604),(89,29387),(92,9238)]	149.191497
341	[(0,14002),(1,34450),(2,34793),(3,21196),(5,832),(6,3316),(7,2888),(8,21137),(10,23494),(11,11143),(12,32737),(14,1224),(15,17261),(16,8082),(17,7072),(19,35290),(20,5918),(21,14349),(22,392),(23,6910),(24,29069),(27,20971),(29,12016),(30,18968),(31,19263),(35,6152),(37,9822),(39,19593),(42,26467),(45,25989),(47,5631),(48,21797),(49,26445),(51,1479),(52,8789),(55,21944),(56,18485),(57,25787),(59,12185),(60,35768),(62,8269),(63,24484),(65,8951),(67,499),(68,1497),(70,11700),(72,28419),(74,12669),(75,5417),(77,10136),(78,29420),(79,21240),(82,6113),(88,12857),(89,18390),(90,33187),(91,16227),(92,39028)]	137.775911
342	[(0,37284),(2,33511),(4,35073),(5,2009),(6,31223),(7,19088),(9,1000),(10,26568),(11,29018),(12,10330),(13,2240),(14,4871),(18,27388),(19,7088),(25,7541),(26,21845),(28,3092),(29,35252),(30,29282),(31,11862),(32,4630),(33,24019),(34,180),(35,10029),(37,16312),(39,3729),(40,33268),(41,38498),(43,37418),(44,6601),(46,17155),(48,26639),(51,22628),(54,21337),(55,578),(59,18145),(60,2564),(61,6717),(62,16293),(63,16356),(64,9703),(65,24454),(68,1323),(70,26125),(71,10540),(72,12016),(77,20402),(78,30850),(79,21737),(80,34060),(81,29034),(82,22040),(83,15906),(84,1867),(85,22240),(87,19643),(88,18134),(89,9048)]	128.934970
343	[(0,9889),(2,10901),(3,20469),(4,24860),(5,5874),(6,2791),(7,25366),(9,18929),(11,36353),(12,25938),(14,10854),(18,12291),(19,7199),(20,29058),(21,8979),(26,20411),(29,14382),(30,20356),(32,11104),(33,16130),(36,38242),(42,11951),(43,37105),(44,20453),(45,5539),(49,23004),(50,9920),(51,35367),(52,19511),(53,2618),(57,37624),(60,9067),(61,4909),(64,3485),(66,17790),(67,10451),(68,34547),(72,20545),(73,8818),(78,31125),(79,15187),(81,20903),(83,2152),(87,34917),(88,16668),(89,12478),(90,19344),(91,1574)]	153.749180
344	[(1,16627),(2,34779),(3,7391),(5,10807),(6,2693),(8,11041),(9,23507),(10,35830),(13,37482),(14,12447),(16,10643),(17,33209),(18,3404),(19,29461),(22,27295),(23,35300),(24,24293),(27,3596),(30,37342),(32,6145),(33,32788),(36,23868),(40,21832),(44,39093),(45,6969),(49,29701),(50,27966),(53,25361),(54,24703),(56,23074),(57,17959),(59,437),(60,25453),(61,34595),(62,13380),(63,24059),(65,2761),(73,11942),(74,2831),(75,36434),(76,25268),(79,29973),(81,3360),(82,29120),(83,9509),(84,32728),(85,16585),(86,20890),(87,36770),(88,4678)]	146.352163
345	[(1,5034),(2,16703),(3,27336),(4,29936),(5,11604),(6,34301),(9,25968),(10,38163),(11,13301),(13,28610),(14,16829),(16,36986),(19,37066),(20,14215),(21,15235),(22,24060),(24,31771),(26,5495),(27,30101),(28,9642),(29,19768),(31,22777),(32,19377),(33,21083),(34,20788),(36,16275),(37,2646),(38,35891),(40,22516),(41,1092),(44,25979),(47,33744),(49,31008),(50,22628),(51,11687),(54,19971),(55,16622),(57,5295),(58,8793),(59,8762),(65,1093),(66,390),(67,27021),(68,29171),(71,1470),(73,30724),(75,38725),(78,24399),(79,31420),(81,474),(83,7453),(84,30865),(86,8658),(88,9174),(90,37183),(92,8616)]	134.229661
346	[(0,31764),(3,23809),(4,31619),(6,9611),(7,6614),(8,8307),(9,18874),(10,20049),(11,13409),(12,31164),(15,26351),(17,34969),(19,25073),(21,1584),(22,5789),(24,431),(27,10759),(28,10220),(29,13309),(30,8639),(34,32990),(35,17753),(36,35898),(37,9149),(39,21),(41,10926),(43,9557),(44,13955),(45,28570),(46,4626),(47,12278),(48,24515),(51,21530),(52,19133),(53,15228),(54,38832),(55,8899),(56,4074),(58,18832),(61,37121),(62,32291),(65,28868),(66,10085),(67,25083),(68,20079),(69,2218),(72,19079),(74,15475),(75,19566),(76,2991),(77,14623),(79,38501),(81,22748),(83,30481),(84,19398),(87,33386),(88,8544),(90,33490),(91,2560)]	131.696800
347	[(0,3572),(1,11100),(2,8595),(3,25418),(4,34030),(5,16901),(6,29569),(10,13498),(11,22912),(12,3077),(13,8105),(14,7734),(15,38226),(17,24259),(19,32),(21,1616),(23,13350),(26,20083),(30,34086),(32,26285),(33,19526),(35,1958),(36,5273),(37,13879),(38,36466),(39,36319),(43,2514),(44,25451),(46,29),(47,10241),(48,23606),(49,20959),(53,30156),(54,7564),(55,6416),(59,24866),(61,28645),(62,1226),(63,21592),(64,19235),(66,31307),(67,37983),(70,7219),(72,22246),(74,1938),(78,1312),(79,411),(80,37598),(82,6025),(84,33),(85,31061),(87,20336),(89,852),(91,37862),(92,15961)]	139.723996
348	[(2,5832),(3,19028),(6,7783),(11,208),(13,28816),(15,19732),(16,29394),(17,10793),(18,25181),(21,32034),(23,23460),(24,4438),(25,27566),(26,12150),(27,26732),(30,30616),(32,17252),(33,3353),(34,20491),(36,20487),(39,24777),(40,19921),(41,9979),(42,15753),(43,33993),(45,10282),(48,32355),(50,15772),(51,72),(52,25414),(53,15519),(55,15095),(61,6637),(63,8126),(65,6839),(66,35812),(67,29705),(70,25678),(72,25029),(75,13259),(77,6560),(78,27497),(80,28152),(82,8239),(83,4710),(86,23600),(87,14154),(88,31824),(91,8070)]	142.675390
349	[(0,4403),(2,26078),(3,24257),(4,30884),(5,25235),(6,11052),(7,6469),(8,16192),(11,3878),(13,21020),(15,8126),(18,8330),(21,9150),(23,39131),(25,7519),(26,33771),(27,31009),(31,4689),(32,6923),(39,9639),(40,35787),(42,7330),(43,12736),(44,5578),(45,25403),(46,35950),(47,17505),(49,15533),(51,34889),(52,38051),(53,35096),(54,33908),(55,14073),(56,23429),(57,36905),(58,37455),(63,2159),(65,88),(66,22557),(68,22689),(69,27544),(70,23951),(71,10870),(72,3551),(73,7014),(75,12915),(76,18536),(77,36590),(78,38597),(79,22490),(81,17699),(83,14402),(84,19295),(85,27682),(86,7602),(87,8120),(91,10792),(92,6556)]	130.685282
350	[(1,13),(2,19285),(3,27836),(4,17366),(5,11311),(7,5739),(8,35653),(11,22660),(12,35820),(14,13790),(15,28520),(16,7103),(17,27440),(18,21218),(19,26020),(20,28519),(21,33796),(22,28652),(23,19796),(24,6421),(25,18678),(27,38557),(30,28973),(31,15665),(32,1088),(34,29523),(35,23347),(37,5566),(38,14379),(39,4910),(41,38260),(43,37843),(44,8952),(45,20600),(46,2849),(47,37714),(49,24129),(50,32883),(51,21035),(53,27174),(54,6491),(57,17626),(58,26283),(60,25708),(61,34079),(62,3107),(63,12341),(64,28267),(68,4285),(69,10339),(71,11731),(73,31899),(77,13000),(78,4987),(80,6820),(82,861),(84,21158),(85,30449),(87,15829),(88,16070),(90,37676)]	150.741136
351	[(0,16271),(2,14877),(4,10705),(6,33307),(7,12338),(9,35127),(10,41),(15,5099),(16,16854),(17,33685),(20,24909),(21,30750),(22,11702),(24,21831),(26,20302),(27,21602),(28,18625),(30,27120),(31,8048),(32,21037),(36,2893),(41,36866),(42,9890),(43,17397),(44,37466),(45,7662),(46,2801),(48,28334),(49,18130),(53,37025),(55,16343),(57,13863),(58,20110),(61,18068),(64,1609),(65,36835),(67,39201),(69,27020),(74,38309),(75,7652),(76,20760),(78,12615),(80,5783),(83,34824),(87,26807),(88,26498),(91,31253),(92,7335)]	143.644031
352	[(0,146),(2,21548),(3,8665),(5,38370),(8,297),(11,21072),(13,7725),(14,35452),(15,6689),(17,18698),(19,38448),(20,12244),(21,32970),(23,16553),(24,24539),(27,25150),(28,8209),(29,14531),(30,25068),(33,7447),(34,5402),(37,14419),(39,11509),(41,37600),(45,16647),(47,35642),(50,9257),(51,33223),(53,36517),(54,33974),(55,23266),(57,36635),(59,7928),(64,9386),(65,35847),(67,29562),(68,38929),(69,10750),(70,24048),(72,32083),(73,5039),(75,38397),(79,25224),(80,36957),(81,25075),(83,19863),(85,17571),(87,26209),(88,20245),(89,37091),(90,2796)]	144.274579
353	[(0,33444),(1,9837),(3,12321),(4,28228),(5,12123),(7,236),(8,24670),(10,9822),(11,34593),(14,22356),(15,4389),(16,35815),(17,31857),(22,3941),(24,11959),(26,18852),(27,9653),(30,33046),(34,17198),(35,20263),(39,6482),(40,16928),(44,17158),(46,34005),(48,5228),(49,9093),(50,13678),(51,4657),(52,17592),(53,26665),(54,28121),(57,4034),(58,2739),(59,10810),(61,11751),(64,30405),(66,28073),(67,13240),(68,21640),(70,36979),(71,13235),(72,30607),(73,17783),(75,19063),(76,26480),(77,36268),(79,10136),(80,31100),(82,15577),(83,6555),(84,22219),(86,18250),(89,18272),(91,24253),(92,32632)]	125.359993
354	[(1,23199),(3,26057),(5,24842),(6,37729),(7,12665),(10,1426),(11,24697),(13,6463),(14,8722),(15,21884),(17,13543),(19,3620),(21,25418),(22,34030),(23,16901),(24,17715),(25,35494),(26,12225),(27,18234),(29,14202),(30,7905),(31,32747),(32,30582),(33,26895),(37,22769),(39,19554),(43,7593),(44,10051),(49,4891),(51,20390),(52,35953),(53,33646),(54,18712),(57,7639),(58,18285),(61,38576),(68,16429),(70,3954),(72,15054),(75,35806),(76,20464),(77,16806),(80,388),(82,16228),(87,12361),(88,30629),(92,16604)]	143.564694
355	[(1,28852),(3,34008),(5,21732),(6,24407),(7,6539),(9,12633),(10,22411),(12,13020),(13,6076),(14,27144),(15,5969),(16,15857),(20,1830),(22,7406),(23,30509),(24,31840),(25,24333),(26,32578),(27,29201),(28,30718),(29,18473),(30,8217),(31,26136),(32,1946),(33,13151),(37,2132),(38,34133),(39,7920),(40,11499),(41,37000),(43,36027),(44,5860),(45,21510),(46,16660),(47,34846),(48,12719),(50,4593),(51,28008),(52,13174),(53,34263),(54,13060),(56,34671),(58,29670),(61,32033),(62,9052),(63,3656),(65,3058),(67,13664),(68,8611),(69,38145),(75,13367),(77,32440),(79,11303),(82,36355),(83,11964),(84,2508),(85,37235),(86,27067),(87,17401),(89,29070),(90,8841),(91,21468)]	148.696167
356	[(0,6215),(3,19457),(4,28432),(5,17823),(6,5981),(8,15957),(9,21410),(12,8071),(16,2315),(17,2038),(21,18358),(22,38542),(23,12568),(24,19531),(25,26126),(26,22490),(28,26053),(29,30591),(33,34390),(36,24570),(37,12312),(39,9161),(41,4506),(43,19723),(44,17398),(45,5608),(46,10020),(47,8675),(48,32550),(50,37919),(53,30999),(54,1363),(55,14628),(56,30215),(57,36621),(58,19956),(59,4473),(60,29522),(63,9265),(64,30827),(68,12187),(69,14811),(71,8724),(72,38354),(73,9688),(76,34077),(77,24476),(79,4502),(80,8469),(81,9017),(82,10353),(84,37703),(85,14135),(86,8059),(87,8772),(89,19229),(92,15948)]	134.039400
357	[(0,15778),(1,16929),(3,29603),(6,16240),(9,7094),(11,5113),(12,21978),(13,21674),(15,20606),(16,12455),(17,20041),(21,28037),(23,21068),(24,26267),(29,10415),(30,35343),(31,15496),(33,10914),(36,34577),(40,20528),(41,31366),(44,6569),(45,19575),(48,27404),(49,10019),(50,11207),(52,23226),(53,36593),(55,19947),(56,20607),(58,2443),(59,18906),(63,37332),(64,3625),(67,21668),(68,24172),(70,9242),(71,12299),(74,29930),(77,39173),(78,22317),(80,8134),(81,39094),(82,24687),(87,9249),(91,11513)]	132.704945
358	[(1,17513),(3,5235),(6,19257),(7,28815),(8,16541),(9,10788),(10,35080),(11,16414),(12,18541),(13,8667),(16,26689),(17,23903),(18,13719),(19,4578),(20,31407),(22,29355),(25,35304),(26,26339),(28,37997),(29,25887),(31,14593),(32,36854),(37,16272),(38,34756),(39,27240),(40,34693),(41,10629),(42,21605),(43,18737),(44,9868),(45,29403),(47,26195),(48,24000),(49,26028),(53,3513),(57,30833),(58,27368),(60,4732),(61,33153),(63,29504),(66,28477),(67,20915),(69,37765),(72,24003),(73,15561),(74,13397),(75,15541),(76,24482),(77,18922),(79,35354),(81,1977),(82,14693),(83,7481),(84,2585),(85,34459),(87,2394),(88,9154),(90,14351),(91,29862),(92,10369)]	161.636357
359	[(1,29927),(2,9314),(3,35578),(4,9414),(5,8944),(6,15562),(7,10761),(8,33588),(9,5829),(10,17511),(12,12829),(13,7584),(14,33292),(18,17816),(19,26121),(20,18957),(23,31964),(24,20740),(26,14584),(28,26454),(29,15372),(33,23431),(34,31898),(35,29649),(37,15499),(39,33199),(40,17685),(42,28947),(43,37774),(47,17174),(51,12749),(52,34152),(53,10685),(57,3565),(62,34499),(63,28220),(64,14352),(68,2431),(69,12423),(70,14728),(71,16734),(73,31851),(74,31430),(75,37810),(77,24220),(79,17404),(80,38698),(81,15591),(82,38881),(85,11259),(88,1255),(89,23401),(90,16271)]	150.864455
360	[(0,13934),(4,14915),(5,4659),(6,27806),(7,956),(10,34299),(12,32453),(13,6502),(14,32309),(15,19123),(16,4444),(17,24132),(18,7857),(20,26318),(22,6057),(23,4783),(24,13686),(25,15038),(31,4642),(34,29884),(35,21484),(37,726),(38,32649),(40,27193),(42,27943),(43,26572),(46,13644),(47,9843),(48,10098),(51,20741),(54,24065),(55,12704),(57,8962),(58,23853),(59,2028),(63,28186),(64,35184),(66,9318),(67,21733),(68,20579),(72,24887),(73,38631),(74,2478),(76,13301),(77,3116),(79,12079),(80,26202),(82,15074),(83,14520),(84,24364),(85,14071),(90,21430),(91,3487),(92,5341)]	135.374973
361	[(0,2317),(1,4908),(6,11366),(7,35005),(11,22177),(12,37999),(13,15011),(16,24326),(17,37145),(19,31385),(20,31589),(21,4508),(24,7231),(28,37407),(32,22082),(34,11610),(36,10167),(38,27237),(39,3375),(44,4412),(51,24741),(52,2465),(54,35797),(56,30124),(57,27818),(58,32713),(59,27596),(60,27071),(61,35204),(62,2715),(63,13649),(65,2704),(68,10379),(69,4117),(72,11519),(74,749),(75,18384),(78,22661),(79,15094),(81,11327),(82,13217),(83,32297),(85,2900),(87,20076),(90,8076),(91,5750)]	141.272480
362	[(0,11560),(2,383),(4,13630),(5,6603),(6,28861),(8,14320),(9,14241),(11,31205),(12,12283),(13,37780),(14,13235),(16,22141),(20,28769),(21,5434),(24,21088),(26,336),(28,16371),(32,16150),(33,21036),(34,14802),(35,27794),(36,35937),(37,23018),(38,21505),(42,11456),(43,29243),(44,8959),(48,38266),(49,33774),(50,35232),(53,33530),(56,2024),(57,37354),(58,32476),(61,8084),(62,13679),(64,33990),(65,38158),(68,6038),(69,30766),(70,19836),(71,12810),(72,27774),(73,5916),(74,22229),(76,14643),(78,9056),(79,21497),(80,31195),(82,12046),(85,38181),(86,3310),(87,31401),(88,24655),(89,18976),(90,30436),(92,23580)]	145.693839
363	[(0,11777),(3,34225),(7,9570),(9,20496),(11,22339),(12,38914),(13,26495),(14,1494),(15,5757),(16,7268),(17,33824),(18,29011),(19,7031),(21,3274),(22,9467),(23,11655),(25,34325),(26,20541),(27,27217),(28,6642),(29,34597),(30,30871),(35,1118),(37,29420),(38,31828),(42,10688),(44,9417),(46,15958),(48,2661),(50,22722),(51,18448),(54,9473),(55,4813),(58,5922),(59,1003),(61,24962),(64,10704),(65,1016),(66,3038),(67,29976),(69,34173),(70,23613),(71,8359),(72,37395),(73,33891),(76,18070),(77,32106),(78,32601),(79,29896),(83,22060),(84,34194),(85,7644),(87,22726),(88,30673),(89,30310),(90,29192)]	126.137688
364	[(0,4360),(4,26274),(5,9723),(7,2746),(10,18595),(11,38014),(12,36465),(13,3405),(15,3828),(17,756),(18,16775),(21,18745),(24,24250),(25,3333),(26,23634),(27,37306),(29,29438),(33,14298),(34,1874),(36,7016),(38,22821),(40,37092),(41,1676),(42,16988),(43,9294),(44,37523),(45,2227),(48,17929),(49,13348),(50,26507),(51,1101),(52,36873),(53,23261),(54,11508),(55,26668),(56,28954),(57,14355),(58,23738),(60,19131),(62,27386),(65,33123),(67,9038),(68,11471),(72,14032),(75,9441),(76,1532),(78,30325),(79,18337),(81,11843),(82,36573),(85,38876),(86,25328),(87,38621),(90,31960)]	130.803242
365	[(2,2933),(3,10644),(4,13236),(5,6477),(7,36303),(8,36320),(9,25983),(10,9930),(12,23427),(13,7832),(14,36165),(16,28278),(17,9011),(18,36232),(19,1361),(20,5746),(21,834),(22,14699),(24,32312),(25,17967),(30,13011),(33,12680),(36,4972),(37,4926),(39,1539),(40,30513),(42,28610),(46,4891),(48,28437),(49,6432),(50,1483),(51,18773),(52,9773),(53,35646),(55,17125),(56,12129),(57,32669),(58,19616),(62,15616),(63,17398),(65,35424),(66,27093),(67,32597),(68,8796),(71,24510),(72,37301),(73,15101),(75,2642),(76,33872),(77,18585),(78,14423),(80,39158),(81,31984),(82,19413),(84,11277),(86,9852),(87,27337),(88,24787),(89,21107),(90,12225),(92,11347)]	161.578901
366	[(0,8507),(1,12036),(2,26975),(3,6092),(7,22992),(10,17197),(11,14213),(12,4298),(13,36882),(14,23168),(16,15564),(17,12369),(19,22563),(21,22950),(22,13292),(25,24265),(26,2732),(27,6187),(29,28668),(30,31159),(32,24173),(35,24791),(38,6494),(39,17864),(40,17273),(41,3092),(42,18407),(44,17391),(45,1054),(48,2867),(49,27963),(50,22101),(51,19019),(53,19063),(54,26480),(58,23172),(60,27988),(61,11992),(62,33492),(63,22916),(64,27231),(66,22474),(67,1749),(69,11805),(70,16029),(71,29251),(72,13098),(73,20065),(74,2118),(75,28660),(76,21452),(78,34578),(82,30367),(83,1333),(84,34679),(86,29151),(87,2571),(88,35965),(90,3422),(92,2525)]	142.239240
367	[(0,6266),(1,25300),(3,10446),(5,13296),(6,18918),(8,17752),(9,20623),(10,38303),(12,35043),(13,15691),(14,38271),(15,3803),(17,10906),(18,28304),(19,35937),(20,9596),(22,34995),(23,4306),(27,2278),(28,16662),(29,17389),(30,12400),(31,2467),(32,27148),(33,4362),(34,4917),(35,9945),(36,11367),(38,14833),(39,20062),(43,2103),(45,18034),(48,34630),(50,4826),(51,24341),(52,933),(53,35978),(54,21668),(55,9090),(56,36980),(57,857),(58,22225),(59,17630),(60,16183),(63,19081),(64,28299),(65,33840),(68,38838),(70,7651),(71,21109),(72,9723),(73,8375),(74,3694),(75,7606),(76,5367),(77,33954),(78,19799),(79,7911),(80,38763),(82,39146),(83,12114),(85,32652),(86,23235),(87,8219),(88,38213),(89,10648),(91,38746),(92,35287)]	155.507461
368	[(2,17430),(3,30275),(4,25653),(7,13311),(8,33136),(12,20138),(15,38404),(16,15760),(17,20345),(20,13737),(21,18944),(22,20934),(23,6561),(27,34491),(28,4255),(29,5336),(32,4633),(34,3549),(35,19804),(36,20717),(37,21900),(38,19621),(40,30121),(41,29126),(43,7771),(45,13770),(46,26246),(47,32568),(49,24328),(50,27662),(51,23075),(53,4522),(54,23560),(55,1038),(56,16833),(58,37682),(62,36915),(63,15148),(68,28490),(69,39182),(70,37388),(73,34169),(74,29680),(76,12995),(78,18545),(79,26044),(80,24650),(82,22175),(83,36852),(84,32226),(85,6202),(87,12549),(89,38651),(92,27713)]	177.386242
369	[(1,36755),(2,17299),(7,7456),(8,16683),(9,34833),(10,36573),(13,37284),(15,34509),(16,2188),(17,30372),(18,1278),(19,32853),(20,16496),(26,22324),(27,6164),(29,14354),(30,4431),(33,14312),(34,8159),(35,14718),(36,26826),(38,18151),(43,29071),(44,30445),(46,25822),(48,17066),(50,27238),(51,32923),(52,1190),(53,404),(55,34615),(56,13130),(57,7990),(58,25836),(59,19432),(60,11068),(61,14071),(63,21461),(64,24712),(69,20076),(70,31085),(72,465),(75,39167),(77,34276),(78,6684),(80,27038),(82,25334),(83,3309),(84,16529),(85,32979),(86,16713),(87,14015),(89,16796),(90,9545),(92,4296)]	271.322706
370	[(3,18713),(4,14530),(6,9730),(9,7310),(13,34537),(14,16020),(15,5036),(16,19220),(19,5254),(20,24977),(21,31524),(22,38652),(25,3819),(27,6104),(29,14767),(32,14997),(33,3344),(38,13599),(39,340),(40,17800),(41,35068),(43,35327),(47,24283),(50,28179),(51,21495),(52,9350),(53,19717),(55,17186),(56,4461),(57,3035),(58,18520),(60,2572),(61,13397),(62,15541),(64,35496),(67,37014),(68,4417),(70,25959),(71,28983),(73,4738),(74,22722),(77,3762),(81,26357),(83,8465),(85,5210),(87,17858),(88,28724),(89,19350),(90,6644),(91,34273),(92,16512)]	272.888327
371	[(0,33706),(2,12734),(5,33383),(8,31663),(10,13054),(11,38285),(13,20769),(14,213),(16,27293),(18,9657),(19,25853),(21,36219),(22,30132),(23,3150),(25,11714),(26,15022),(27,35185),(31,2888),(32,840),(33,27183),(35,12688),(36,34114),(38,16656),(41,13843),(42,22748),(48,8861),(49,2793),(51,11922),(54,33711),(55,24906),(56,37788),(60,896),(61,36793),(62,15138),(63,9516),(65,35068),(66,692),(67,860),(68,25434),(70,15606),(71,26499),(73,36992),(74,13233),(75,7871),(76,5688),(77,16058),(80,6238),(81,16717),(82,17443),(86,15836),(87,18086),(88,12045),(89,31652),(90,10891)]	277.387082
372	[(1,36417),(2,37770),(3,35778),(6,4683),(9,5982),(11,33217),(12,20468),(13,29402),(14,25947),(15,21044),(16,35707),(17,34621),(18,34397),(19,10676),(21,28184),(24,20452),(25,19163),(26,2018),(28,24283),(30,38931),(31,9325),(32,18036),(34,12491),(35,19708),(36,26108),(37,14750),(38,26926),(39,10809),(41,16533),(43,10942),(44,38330),(45,38762),(46,31608),(47,5795),(48,24521),(49,30665),(51,11061),(52,37096),(53,26588),(54,30238),(55,32671),(56,13749),(57,31680),(58,18673),(59,7735),(62,5578),(64,28388),(65,20546),(66,8493),(67,8981),(68,8032),(69,26951),(71,6720),(72,1796),(73,21565),(74,23706),(76,34575),(77,29394),(79,32826),(80,12148),(82,10437),(83,9271),(84,29265),(86,34234),(87,38206),(88,29461),(91,22215)]	261.639957
373	[(0,26019),(4,37943),(10,4722),(13,36069),(14,38070),(15,31062),(17,4392),(21,36861),(22,16964),(23,10973),(26,5043),(27,24559),(29,38873),(31,12154),(34,1166),(35,19552),(36,24736),(37,19951),(38,21141),(39,10558),(41,12921),(43,27588),(46,8667),(48,3649),(49,27599),(50,7188),(51,33366),(52,35475),(53,7971),(55,11250),(56,7671),(57,33396),(58,3931),(59,7437),(60,8565),(61,1537),(62,27130),(64,18751),(67,39058),(68,28345),(69,10567),(71,17312),(73,22612),(74,5498),(76,10427),(82,36670),(90,26730)]	261.336531
374	[(0,31897),(1,26185),(3,2718),(5,18408),(6,6084),(7,34428),(8,39005),(10,15542),(12,2650),(13,9968),(15,8676),(17,18724),(18,27761),(19,25695),(20,6631),(21,2982),(23,19265),(24,2525),(27,21660),(31,763),(33,30900),(34,10561),(35,22116),(37,35242),(38,21995),(41,24720),(43,23562),(45,9662),(46,18519),(51,11572),(52,2192),(55,12043),(56,23998),(58,4452),(59,26417),(61,4111),(62,20228),(64,21219),(66,31562),(67,2550),(68,29740),(69,6737),(72,37697),(73,12556),(76,18143),(78,22712),(80,37318),(81,1947),(82,10054),(84,22733),(85,19852),(87,14601),(88,24675),(92,1951)]	263.056521
375	[(2,39074),(5,1298),(6,25378),(8,25999),(9,30461),(10,19465),(11,10299),(12,33442),(14,19061),(15,33431),(16,28528),(17,16622),(20,1029),(21,8093),(24,11942),(25,2831),(26,14053),(28,33927),(29,8610),(30,28672),(32,35221),(33,11626),(35,15833),(36,29864),(37,6701),(40,29965),(42,19135),(43,21864),(45,7213),(49,19456),(50,16043),(52,12770),(53,22972),(54,38772),(55,29974),(56,17722),(57,23637),(58,20598),(59,19174),(62,28330),(63,39035),(64,5953),(65,23431),(66,13959),(67,35797),(68,31080),(69,36576),(70,36760),(74,15536),(75,18318),(77,30387),(78,35720),(79,28198),(82,27917),(85,34528),(88,21141),(89,10558),(91,23498),(92,8866)]	269.222681
376	[(1,20951),(2,32426),(6,2544),(11,43),(12,29798),(14,32608),(15,1466),(16,38026),(20,7236),(21,28595),(22,33071),(24,1729),(25,1414),(26,24657),(27,7590),(29,8211),(30,3391),(31,12103),(32,37995),(33,27187),(34,349),(35,15262),(36,25839),(38,2879),(40,18174),(41,33457),(43,4126),(45,28646),(49,34904),(50,26769),(52,3685),(53,34144),(54,16731),(56,466),(58,11745),(59,34972),(60,35976),(62,4651),(64,37735),(65,30041),(66,16374),(70,3366),(72,12580),(74,27993),(76,23108),(77,32442),(78,20361),(80,14614),(81,24582),(82,25162),(84,32917),(86,34995),(87,29574),(90,20636),(91,21852),(92,5773)]	271.155465
377	[(0,36394),(1,2874),(2,5326),(5,19089),(6,33638),(10,19884),(11,30679),(13,20130),(17,24893),(18,5428),(19,22001),(20,22857),(21,7895),(23,18162),(24,33687),(26,20639),(27,27809),(28,35219),(29,32474),(30,16946),(32,9798),(35,32478),(38,34896),(40,21058),(42,24032),(43,15996),(44,15501),(46,7970),(47,34403),(49,33039),(50,8588),(51,31443),(52,4794),(54,5058),(56,3783),(57,13403),(60,21912),(61,12856),(62,5895),(63,21805),(64,13483),(66,2472),(67,27734),(68,18252),(69,18162),(70,33687),(72,31911),(73,2939),(74,27835),(76,17381),(79,8553),(80,29428),(81,6155),(82,30524),(83,4540),(84,35945),(85,22543),(87,22270),(88,21763),(89,38300),(91,9877)]	259.922495
378	[(0,2102),(1,28766),(2,7997),(3,28387),(4,4943),(5,28776),(6,17964),(7,32214),(9,15285),(10,14674),(15,15219),(16,31599),(19,33185),(20,8253),(21,27241),(25,24427),(27,33647),(28,4922),(29,29906),(30,9804),(33,19),(35,22623),(36,29414),(38,12308),(39,33788),(40,37552),(41,15831),(49,806),(52,34276),(55,26306),(56,34465),(58,1217),(60,10507),(62,19239),(64,28013),(70,14994),(71,35778),(72,1526),(74,38419),(75,18474),(76,6164),(78,19813),(79,8066),(80,33808),(81,31917),(87,24591),(88,36994),(91,12840)]	258.456625
379	[(0,4927),(2,11871),(3,35503),(4,23322),(5,1471),(6,17297),(7,37834),(8,38806),(9,37577),(10,34988),(11,29642),(12,36597),(15,738),(16,36277),(17,31765),(20,663),(21,33301),(22,31841),(23,21030),(24,38747),(26,29963),(27,30800),(28,22675),(29,2754),(30,12296),(31,9254),(33,32021),(34,10055),(36,12398),(38,18532),(41,2364),(43,7199),(44,16712),(46,32103),(47,31124),(49,19565),(50,36139),(51,15487),(52,28379),(54,38357),(55,32500),(56,24114),(57,27806),(58,28446),(61,31543),(62,2958),(63,20384),(66,13452),(67,7756),(68,17915),(69,2774),(70,12697),(71,8703),(72,5426),(74,23687),(75,31762),(76,27057),(78,13045),(79,17809),(80,35763),(81,32447),(82,11607),(83,22624),(84,33270),(86,5326),(88,27139),(89,13430),(90,12829),(91,7584),(92,33292)]	268.410046
380	[(0,30386),(2,18776),(3,10695),(6,6277),(7,39005),(8,2934),(9,11127),(10,37569),(11,34313),(12,31032),(13,20055),(15,24774),(16,2082),(17,3543),(18,23946),(20,5076),(21,17141),(24,10457),(26,15523),(27,13999),(31,32564),(32,25278),(34,1879),(37,6727),(39,1444),(40,22362),(42,1169),(45,21886),(46,16850),(48,2085),(57,1019),(58,1352),(60,13760),(61,2401),(62,13900),(63,36770),(64,21431),(66,11710),(67,24123),(69,25280),(70,7236),(71,4621),(72,24066),(76,6919),(77,20783),(79,26673),(80,22672),(81,21063),(83,25439),(85,11828),(86,36377),(87,31860),(88,2254),(90,29742),(91,34256)]	276.089316
381	[(0,22135),(2,29353),(6,22030),(8,811),(11,4888),(13,29196),(15,6032),(16,7732),(17,14045),(21,28226),(22,37947),(23,12303),(24,18762),(25,15673),(27,2819),(28,17280),(29,18429),(30,35129),(31,25248),(32,24644),(33,17548),(34,11868),(37,438),(38,16395),(41,36550),(42,17409),(43,834),(44,10226),(45,31623),(46,14777),(49,11645),(50,27926),(52,25182),(53,3320),(54,16335),(55,376),(56,1033),(57,4274),(58,26984),(61,14448),(62,1540),(64,4381),(67,12070),(68,7304),(69,11929),(70,10156),(71,5530),(73,33015),(76,2832),(81,8514),(82,20977),(83,16448),(86,19386),(89,7599),(90,38824),(91,32281),(92,24443)]	264.936657
382	[(2,17752),(3,29531),(4,17522),(5,21655),(7,1475),(8,1049),(10,20188),(11,9555),(13,36846),(14,34329),(16,35995),(18,38602),(20,9465),(22,853),(24,13669),(26,13381),(27,13717),(29,3529),(31,32007),(32,21625),(33,21276),(35,15726),(36,36285),(37,31395),(38,31403),(39,15511),(43,29009),(44,16747),(46,1894),(47,29615),(48,8979),(49,8864),(52,23823),(53,23529),(54,1438),(55,8529),(56,16963),(57,24854),(58,36745),(59,25021),(62,27228),(63,26415),(66,7951),(68,12571),(70,5130),(71,23635),(72,19637),(74,7207),(75,26633),(76,6224),(79,7003),(84,17550),(87,38073),(88,35912),(92,7471)]	223.100189
383	[(0,22623),(1,13213),(2,32266),(4,1381),(5,12831),(6,26273),(8,20101),(10,11291),(11,26356),(15,7520),(16,12525),(17,18495),(18,32139),(19,16028),(21,31836),(23,26370),(26,33911),(28,15342),(30,19509),(31,34414),(35,9158),(38,9597),(40,8793),(41,30831),(42,31252),(43,38654),(47,21303),(49,13209),(50,34453),(51,8347),(52,4539),(53,2489),(55,16681),(56,11552),(58,18718),(62,19210),(63,32623),(64,34882),(66,6292),(67,23995),(68,37101),(69,37160),(70,25946),(72,36998),(73,27349),(74,6983),(75,4435),(76,32115),(77,16862),(78,14994),(79,30228),(80,15480),(83,24630),(84,20737),(86,26386),(87,8164),(89,36183),(90,17768),(91,21131)]	153.756372
384	[(1,14362),(3,38414),(4,12527),(5,2413),(6,6862),(8,13612),(9,26535),(11,17181),(12,24478),(13,33622),(15,26458),(16,37702),(17,16323),(18,2030),(19,3199),(22,14859),(23,36409),(24,28492),(25,12448),(26,16690),(27,2421),(28,16970),(31,14100),(32,11942),(33,2831),(35,30398),(36,15914),(37,22581),(39,18933),(40,32643),(42,30565),(43,15193),(44,17512),(45,37910),(47,18763),(48,2177),(51,10960),(52,26201),(55,4701),(56,27273),(57,35074),(58,9811),(63,27746),(64,38154),(65,5550),(68,20142),(71,15753),(72,15408),(73,13110),(74,18517),(75,5330),(77,34072),(78,29830),(79,10781),(80,31032),(81,20055),(82,20129),(85,31023),(86,5499),(87,36754),(89,18149),(90,37346),(92,132)]	132.510413
385	[(2,38757),(3,29791),(5,27795),(6,35497),(8,32633),(9,33572),(11,30084),(15,28099),(17,8690),(23,30584),(25,4429),(27,23660),(31,16584),(32,34124),(35,25599),(36,19604),(37,2804),(41,2614),(45,10007),(50,8556),(51,17223),(53,19219),(54,36889),(55,37806),(58,34414),(59,8395),(60,11229),(62,15171),(64,32397),(65,17003),(66,13869),(67,13257),(68,2923),(70,33465),(71,24028),(72,21237),(73,249),(74,14042),(75,7205),(76,29082),(77,36938),(78,210),(79,35591),(80,4893),(82,38595),(83,10095),(85,22000),(88,16640),(90,13733),(92,25978)]	132.845210
386	[(0,28151),(1,31693),(2,23918),(3,23450),(4,24294),(6,4468),(7,37092),(8,4694),(10,13752),(15,11315),(16,19671),(17,24174),(18,146),(24,33011),(26,32218),(28,32234),(29,7458),(31,18875),(32,1902),(33,11888),(34,21478),(37,7848),(38,35159),(41,19743),(42,38262),(43,4489),(44,6541),(46,37239),(49,24086),(51,10413),(52,33767),(54,18599),(55,20749),(56,11814),(59,32381),(65,32095),(67,39139),(68,18136),(70,12212),(71,1596),(73,14815),(74,29360),(77,19459),(78,21246),(79,30036),(81,5098),(82,31062),(85,31595),(87,12960),(88,21621),(89,28195),(92,13538)]	131.795364
387	[(0,24067),(2,32390),(4,36193),(8,32969),(10,24214),(11,19605),(12,27497),(15,34815),(16,23309),(19,17575),(22,9857),(23,31738),(24,21369),(25,4454),(26,23414),(29,23355),(30,173),(33,32338),(34,32761),(36,13828),(38,22798),(39,12092),(41,21720),(42,13521),(43,582),(44,19915),(45,880),(46,6985),(47,2373),(48,4333),(49,2285),(50,11368),(52,22453),(54,913),(55,33883),(58,6933),(59,17328),(61,23862),(62,11747),(64,29015),(65,10131),(66,9269),(67,10201),(70,15472),(71,15235),(74,18966),(75,21120),(82,23993),(83,22807),(85,10764),(86,36305),(90,33856),(91,4368),(92,33710)]	123.915227
388	[(1,7434),(2,10798),(7,15452),(8,36824),(12,25164),(13,337),(15,10576),(18,14528),(19,29403),(21,24866),(22,7632),(23,32413),(24,26715),(30,31129),(31,970),(33,23263),(34,4735),(35,33591),(37,19710),(38,25018),(39,24056),(40,29676),(43,28940),(44,28627),(45,21083),(46,18872),(49,17386),(50,16311),(51,14999),(52,22704),(53,35282),(55,37980),(57,16623),(58,7237),(60,14915),(61,23469),(62,20038),(64,21110),(65,22451),(66,6361),(68,31871),(69,21902),(72,32906),(73,2484),(74,13566),(77,35675),(78,8784),(80,2253),(81,22268),(82,26367),(83,28002),(84,2528),(85,26765),(86,34971),(91,19067),(92,35872)]	130.829020
389	[(0,34039),(2,14060),(3,32849),(4,21112),(5,14853),(6,71),(12,17283),(13,3743),(14,27366),(17,12836),(18,18870),(21,9891),(24,2553),(27,12605),(28,30593),(29,24470),(32,14905),(33,26835),(36,34701),(37,1947),(41,2518),(44,5201),(45,20044),(46,32551),(47,18026),(48,990),(49,20375),(51,9876),(53,34474),(54,790),(55,36875),(56,30461),(57,37117),(58,230),(60,31198),(61,10784),(62,34847),(63,9136),(64,13351),(66,10202),(67,14716),(68,34743),(69,22410),(70,9598),(71,496),(72,33831),(73,2728),(74,14337),(76,32240),(79,24127),(80,8361),(81,31793),(83,2635),(84,30612),(88,3679),(89,8150),(90,10868),(92,30650)]	131.242040
390	[(0,17919),(1,21794),(2,15310),(3,32808),(4,4330),(5,13450),(6,6274),(7,4526),(9,16182),(11,12654),(12,26311),(13,33196),(14,8007),(16,38029),(17,34720),(20,5266),(23,29499),(25,37784),(26,36896),(28,16342),(31,21996),(32,6946),(33,25637),(35,32958),(38,197),(39,36312),(40,12747),(41,13739),(43,34649),(44,37045),(46,38612),(47,10556),(48,8667),(51,36497),(53,28261),(54,25219),(57,29629),(58,22130),(59,34745),(62,3497),(64,31700),(66,18430),(67,29450),(68,12814),(69,29520),(71,8842),(73,12486),(74,1939),(75,21483),(76,3858),(77,10351),(78,9063),(81,19055),(82,16638),(84,36465),(88,794),(91,23808)]	124.118983
391	[(2,2619),(6,28301),(7,34920),(9,23142),(10,4717),(11,28889),(13,4110),(14,34287),(15,19097),(16,2151),(17,32319),(19,23504),(20,31588),(21,8899),(22,1957),(23,31643),(24,5585),(26,26131),(28,32720),(29,37182),(30,31662),(33,5774),(34,37648),(37,23205),(38,15019),(40,7673),(42,33429),(43,18717),(45,29644),(46,13785),(47,32274),(48,11559),(50,21779),(53,7223),(55,7690),(56,3213),(57,31465),(58,11728),(59,25162),(63,26048),(64,24766),(65,8449),(67,39094),(68,38606),(69,1322),(71,32861),(72,33554),(74,18120),(75,21225),(76,38349),(77,31249),(78,27512),(79,18764),(81,31583),(83,1220),(85,38215),(87,15554),(88,33979),(91,34540),(92,29654)]	146.477753
392	[(3,28619),(4,4639),(5,10178),(8,32422),(12,14587),(14,33130),(16,28113),(19,29146),(20,16469),(21,4304),(22,12140),(23,36156),(26,30444),(27,27034),(28,11937),(29,31534),(30,28332),(31,31342),(32,7539),(33,8287),(34,1121),(35,27233),(36,7007),(37,25465),(38,30644),(39,5138),(42,30985),(43,34880),(45,10638),(46,16167),(52,27172),(53,24851),(57,31663),(58,2925),(59,15687),(60,32550),(61,24680),(62,12712),(63,32265),(64,37141),(65,24984),(66,12182),(68,21224),(69,3416),(70,30280),(72,2514),(73,1169),(74,13883),(78,9416),(79,37786),(80,22372),(82,4247),(83,23821),(85,9452),(86,19975),(87,984),(92,38510)]	133.796997
393	[(0,8963),(1,23685),(2,10368),(4,19798),(10,30272),(11,20688),(13,121),(14,24459),(15,5180),(16,11873),(17,37937),(18,18116),(20,22356),(26,30546),(27,8600),(28,27536),(30,38572),(31,30400),(34,21521),(35,12372),(36,25695),(40,17529),(41,4952),(43,31150),(48,549),(50,16694),(51,8592),(52,8887),(53,34797),(54,18885),(55,27531),(56,970),(60,3015),(61,4980),(62,13004),(63,36897),(65,1494),(66,27750),(67,9577),(68,21973),(69,11067),(70,10463),(71,29729),(72,11810),(75,24512),(76,13466),(77,32688),(78,24978),(79,939),(80,36295),(81,39001),(84,4483),(85,20255),(87,26526),(89,7799),(90,20704),(91,28132)]	137.948333
394	[(1,37078),(2,8602),(3,31683),(4,8136),(6,13529),(7,1780),(10,5024),(13,16923),(14,3811),(15,11212),(16,20105),(18,31853),(19,13261),(22,16481),(23,38002),(24,17742),(25,15805),(26,8068),(27,22508),(28,34535),(29,21274),(30,35886),(33,38660),(38,2912),(39,18469),(42,17541),(43,36483),(44,29459),(45,12774),(46,9384),(47,13094),(48,15405),(49,21783),(50,23956),(51,13997),(53,34310),(55,30707),(56,35482),(57,33935),(58,8146),(59,16730),(60,28166),(61,18053),(62,7917),(64,33875),(66,37790),(67,11835),(68,22512),(70,12504),(71,15667),(72,34473),(73,31861),(74,35621),(76,11639),(78,13719),(80,8282),(82,36435),(83,4750),(85,14432),(86,31399),(87,21109),(88,9723),(91,17768)]	128.477989
395	[(1,39099),(2,8372),(3,4128),(4,6622),(5,25974),(6,6661),(8,24425),(10,3851),(12,7114),(13,717),(18,10730),(19,20750),(21,11191),(23,20741),(25,22858),(27,10306),(29,28714),(30,1089),(32,33040),(33,38603),(35,33522),(37,38158),(38,7401),(39,23812),(41,34713),(42,13394),(43,2878),(44,33459),(45,3579),(46,37104),(48,33288),(49,29730),(51,21556),(53,21062),(55,22041),(56,17695),(57,5643),(58,15621),(59,22369),(60,22564),(62,10824),(63,35148),(65,18583),(66,16497),(70,28463),(71,29643),(72,22855),(73,11786),(75,19197),(76,28937),(77,22674),(78,8309),(79,14315),(81,27746),(82,38154),(84,36871),(85,6709),(87,38433),(90,2852),(91,26443),(92,27785)]	127.251097
396	[(0,34362),(1,16961),(3,22451),(7,3134),(8,19649),(9,17397),(10,4308),(11,12795),(13,26343),(15,21310),(18,1916),(20,31705),(21,22506),(22,3157),(24,3903),(25,35027),(26,6670),(27,24414),(28,1324),(29,1330),(30,8850),(31,11569),(34,22569),(37,13171),(38,14413),(39,21188),(40,8534),(42,18954),(43,18239),(46,21449),(47,38539),(48,452),(51,38833),(52,10073),(53,12770),(54,8203),(55,8062),(56,15298),(58,6595),(60,27542),(61,38666),(62,23116),(64,37661),(66,29130),(67,35040),(68,81),(69,35746),(70,38896),(72,17061),(75,38695),(76,18152),(77,37456),(78,20680),(79,15488),(81,2189),(82,37766),(83,38220),(84,9572),(88,6264),(89,28223),(90,22664),(91,26332)]	138.627671
397	[(2,5158),(4,7099),(5,1769),(7,5319),(9,34869),(10,7607),(11,32261),(12,6599),(13,33800),(15,37746),(16,19860),(17,36777),(21,37890),(23,24511),(24,11861),(25,21841),(26,1014),(28,30435),(30,25793),(32,6621),(35,20698),(42,25797),(46,29943),(52,18297),(53,33418),(54,6329),(55,36373),(56,36155),(57,18575),(59,23518),(61,17195),(62,29072),(65,110),(69,5830),(71,30708),(72,29277),(74,13320),(76,35133),(77,20212),(78,34673),(79,33460),(80,26892),(81,27822),(84,8685),(85,4930),(87,31298),(90,32343),(91,21100),(92,17392)]	137.666293
398	[(3,33892),(4,31104),(5,1395),(6,6141),(10,8591),(11,9356),(12,36134),(14,37516),(15,25051),(16,16125),(20,32766),(22,17681),(23,37693),(25,24025),(26,36390),(27,28697),(28,29621),(29,24587),(32,34253),(33,3330),(34,2612),(35,3876),(36,14469),(40,19037),(41,24405),(43,17074),(44,37681),(45,5216),(51,4786),(52,24901),(54,35253),(58,6196),(59,33996),(60,27037),(61,14794),(62,33912),(63,12129),(64,226),(67,4850),(69,38088),(71,13931),(72,5796),(75,35440),(77,8839),(78,12128),(80,2017),(81,15487),(82,28379),(85,20819),(90,11591),(91,8045),(92,4766)]	124.342872
399	[(2,16136),(3,25314),(5,38700),(6,35289),(7,25281),(8,35641),(9,24309),(10,10427),(14,19496),(15,33283),(18,32273),(19,35961),(21,35258),(23,32902),(27,27636),(28,8245),(30,10972),(32,22998),(37,6516),(41,6955),(42,35638),(44,13405),(45,16564),(47,13311),(48,30168),(53,2038),(54,10334),(56,24049),(57,18859),(59,1135),(62,33970),(63,34468),(65,17075),(69,34743),(70,37159),(74,20778),(75,8876),(83,27990),(84,16446),(85,388),(86,7320),(87,19382),(88,9228),(90,29944),(92,39132)]	155.033412
400	[(1,35988),(4,37890),(9,22595),(10,8634),(11,37153),(13,11165),(14,25438),(15,15434),(17,20682),(18,25579),(19,8213),(20,35660),(21,13898),(22,21117),(26,10782),(27,29520),(29,14847),(30,20681),(31,18192),(35,27318),(36,31189),(38,21223),(39,17112),(41,14192),(42,33864),(44,19304),(48,8962),(51,5237),(53,9514),(54,4707),(55,23397),(57,4258),(59,6213),(60,4112),(66,21138),(67,7397),(68,22892),(69,13117),(70,8755),(72,757),(73,29009),(74,20284),(75,24649),(76,1076),(78,3649),(81,8229),(82,35020),(84,14358),(85,10726),(86,39180),(87,36321),(88,16815),(89,12579),(90,39048),(91,31880)]	135.586917
401	[(2,20300),(5,24537),(9,8651),(10,30113),(16,33443),(19,30788),(20,6561),(21,3405),(24,16000),(25,10617),(27,39059),(29,33756),(30,10261),(31,19120),(33,21204),(34,2289),(37,5515),(38,4476),(39,14247),(41,28011),(42,364),(43,9407),(44,35989),(45,29719),(49,1625),(50,14146),(51,15423),(55,15600),(56,406),(61,23136),(62,21851),(63,18457),(64,38628),(65,33460),(66,24982),(68,26154),(71,32395),(74,7816),(78,2863),(79,22085),(80,3055),(81,18061),(85,6972),(87,38786),(89,30663),(90,20751),(91,13896)]	145.479138
402	[(0,33254),(2,27247),(3,27489),(4,9203),(5,28954),(6,26862),(7,28140),(8,20622),(9,2575),(10,2307),(11,3853),(18,20369),(19,35815),(21,16127),(23,35771),(25,18258),(26,11141),(28,31999),(29,11956),(31,6254),(32,26856),(33,19322),(34,30935),(36,15798),(37,10608),(38,11822),(39,661),(41,6148),(44,11103),(45,19044),(46,29303),(47,25209),(48,8343),(49,36012),(50,25333),(53,18162),(54,24984),(57,35334),(59,34139),(64,1696),(66,28776),(67,415),(68,7238),(69,36780),(70,34314),(71,14174),(72,8937),(73,13065),(75,28908),(80,33047),(81,10767),(82,2301),(83,21413),(85,36210),(86,7631),(87,24975),(88,37057),(90,8330),(92,7385)]	119.546559
403	[(0,39133),(3,1623),(4,7247),(5,23485),(6,35274),(7,16320),(8,27301),(9,21722),(10,7582),(13,8484),(14,26674),(15,16038),(17,12577),(21,30170),(24,29538),(27,30978),(28,17049),(29,12976),(30,8132),(33,6843),(34,8280),(35,2429),(36,31626),(37,4520),(40,28980),(41,25253),(42,6567),(43,10070),(44,23368),(47,23182),(48,1254),(49,27846),(50,31048),(51,14531),(54,15),(55,18079),(56,21157),(57,23654),(58,32343),(60,30099),(61,11051),(62,27141),(64,9886),(65,10620),(66,4351),(67,22),(68,17406),(70,19786),(72,33510),(73,3887),(74,26500),(75,35029),(76,19963),(77,21989),(79,1967),(83,14313),(85,681),(86,37471),(88,28848),(92,32797)]	132.475212
404	[(0,3934),(3,685),(15,11672),(16,28998),(17,17851),(21,24805),(22,6802),(23,19959),(24,35066),(25,27243),(26,35419),(29,1254),(31,14435),(32,14520),(33,24364),(34,14071),(38,10456),(39,37400),(40,3541),(41,9883),(42,38091),(45,10511),(46,10161),(49,23267),(50,36868),(51,743),(52,4169),(53,35825),(54,19958),(55,37699),(56,33221),(58,34953),(59,5659),(61,12683),(63,9123),(64,17518),(65,35027),(66,29681),(70,17461),(72,7859),(73,21438),(74,26521),(75,1796),(77,9892),(78,21017),(80,15197),(81,2106),(82,18715),(85,6450),(88,366),(89,33262),(90,37378)]	126.999565
405	[(0,36384),(1,5778),(3,21984),(6,24267),(7,22973),(8,123),(10,31744),(11,17709),(13,2050),(14,19406),(16,2885),(17,13179),(19,29960),(21,11182),(23,19785),(25,1055),(27,4193),(28,34914),(30,600),(33,36168),(34,36143),(35,1882),(36,19642),(37,14761),(38,21541),(41,32201),(43,27265),(44,21945),(46,12624),(48,27797),(49,27637),(51,15919),(53,24439),(54,4989),(55,24753),(56,24428),(57,12177),(59,20087),(60,18660),(61,29095),(65,27674),(66,6512),(68,37330),(69,31276),(70,21892),(71,34359),(72,8925),(73,17314),(76,4672),(78,24218),(79,38492),(81,31263),(82,2127),(84,9666),(85,11470),(86,17958),(87,10454),(88,11614),(89,26827),(90,16628),(91,22632),(92,6280)]	127.400293
406	[(0,36710),(1,8396),(2,33664),(3,20528),(5,55),(6,15174),(7,11428),(10,21157),(12,37611),(13,24023),(14,39033),(16,12859),(17,6677),(19,5015),(20,9259),(23,242),(24,19701),(26,17317),(27,27180),(28,10462),(29,16923),(30,3811),(31,9603),(32,34452),(33,23527),(35,13484),(36,27345),(40,33696),(41,9517),(44,33499),(45,3416),(46,5010),(48,5857),(50,12310),(51,32553),(52,6827),(53,15825),(54,34711),(55,11897),(60,30028),(61,25143),(63,4735),(64,23175),(65,25654),(66,19820),(68,8263),(69,14675),(71,21219),(76,17803),(77,15761),(79,29932),(80,13197),(81,31824),(84,8070),(85,33782),(86,22217),(87,36763),(88,10582),(89,5433),(90,7560),(91,802),(92,38932)]	132.257889
407	[(0,19318),(1,25188),(2,36106),(3,24757),(5,28109),(7,17815),(9,7048),(12,20850),(15,38265),(16,3446),(20,24825),(21,7087),(22,20052),(23,37357),(24,21985),(27,34693),(28,6726),(31,32436),(33,33842),(34,11317),(35,13433),(38,12448),(39,19917),(40,26896),(42,38621),(44,26759),(48,38144),(49,14644),(50,13463),(51,11596),(52,14293),(53,34842),(54,38651),(55,11411),(57,1405),(58,13929),(59,246),(63,19508),(64,16050),(65,21731),(67,29015),(70,16582),(73,3781),(76,17904),(78,10598),(79,39129),(81,22141),(82,13908),(85,22789),(86,23997),(87,9702),(88,38001),(89,9742),(90,10100),(91,27805),(92,17025)]	141.677576
408	[(1,17964),(2,32214),(7,14883),(9,25965),(10,1141),(11,7878),(12,36320),(14,29587),(15,26534),(17,33982),(18,12233),(19,5047),(21,37324),(23,4156),(24,36723),(25,24543),(29,38883),(30,6808),(33,22386),(35,17564),(36,27656),(39,27469),(40,29352),(42,1227),(43,1106),(44,16616),(45,27376),(46,8567),(49,36883),(52,15627),(53,3930),(54,20263),(56,33221),(59,6294),(60,21030),(61,38747),(63,25812),(64,3408),(65,7424),(70,11215),(71,16257),(75,18898),(78,15845),(81,35093),(82,37850),(83,19475),(84,13641),(89,16014),(92,30429)]	129.295712
409	[(0,16630),(2,36418),(3,24266),(4,22385),(5,37446),(6,10881),(8,37020),(9,15433),(10,11148),(11,10379),(12,1339),(15,3362),(16,33462),(17,22641),(18,6333),(20,19473),(23,33980),(24,32249),(30,22705),(33,22422),(36,30656),(38,26443),(39,38690),(40,7213),(46,17208),(48,35567),(50,8397),(53,504),(54,19468),(59,28215),(61,15511),(62,24152),(63,2595),(64,17735),(65,23739),(67,30089),(68,39177),(71,29484),(73,25860),(74,17406),(76,4505),(77,38657),(79,21933),(82,22843),(84,13743),(87,6919),(88,13797),(89,14130),(92,27959)]	127.493683
410	[(0,6870),(1,15517),(2,332),(3,7396),(4,25004),(6,29745),(7,27676),(8,22816),(9,26474),(10,29817),(13,17288),(14,1245),(15,18539),(17,25545),(18,12649),(23,12147),(24,6980),(26,24304),(27,9638),(28,5025),(29,17260),(31,14715),(33,11290),(36,1927),(37,3551),(38,8305),(39,23448),(40,2993),(42,29939),(45,31635),(46,2395),(50,37632),(51,31352),(53,17743),(55,13613),(56,23168),(58,33456),(60,37483),(63,20748),(64,18556),(65,10747),(66,13270),(68,3762),(73,12351),(74,13861),(75,36936),(79,11607),(80,22624),(83,15804),(87,18670),(90,5521)]	119.150179
411	[(2,16375),(6,8014),(8,24951),(9,23551),(11,22280),(12,16024),(13,21116),(15,21402),(19,14765),(21,10107),(22,19439),(24,33051),(29,1905),(31,19063),(32,26480),(33,36727),(34,9553),(37,17778),(38,18800),(39,34139),(40,28674),(42,29073),(45,27445),(47,32621),(49,23583),(51,37217),(52,38630),(54,18248),(55,5007),(56,6849),(57,21544),(58,6221),(59,3865),(60,31449),(61,4242),(63,4617),(66,33842),(67,11317),(68,6584),(69,34024),(70,3378),(71,13407),(72,32130),(74,20535),(75,759),(76,34274),(77,28513),(81,13612),(82,10256),(83,27886),(87,32686),(88,6129),(89,36589),(90,14977),(91,15675)]	134.006758
412	[(0,9855),(3,11079),(4,32658),(5,8708),(9,10716),(10,15846),(11,20709),(12,8462),(13,37657),(14,27162),(15,16185),(16,37153),(20,15915),(21,32507),(22,3525),(26,26676),(27,27122),(32,29158),(33,3794),(34,24412),(35,34466),(37,12583),(38,10380),(39,5799),(41,188),(42,7982),(44,29185),(45,12153),(46,1601),(48,10363),(49,11071),(51,394),(52,30279),(54,25171),(55,2137),(58,28411),(59,27458),(60,35388),(64,20882),(65,38033),(66,18173),(68,15173),(69,14417),(70,22984),(71,4838),(73,15035),(75,7673),(76,18207),(77,4814),(80,11241),(84,11074),(85,34212),(86,3766),(87,19175),(88,26891),(89,21489),(90,17275),(91,8075),(92,17002)]	123.175293
413	[(0,8815),(1,23649),(4,36011),(5,24657),(7,36016),(8,11),(9,36160),(10,26292),(11,4966),(13,38101),(15,440),(16,23719),(19,32402),(20,35532),(22,29506),(23,21767),(24,795),(27,28639),(29,7045),(30,24472),(31,31072),(32,21716),(33,24026),(37,3066),(38,3171),(39,31855),(40,2752),(41,30312),(42,37680),(44,8011),(46,7729),(47,34894),(49,28871),(52,22466),(53,20112),(54,22454),(55,30270),(57,3682),(58,10833),(60,20536),(61,19646),(62,13746),(63,14094),(65,30984),(67,3638),(68,8551),(73,16737),(74,2625),(75,26642),(77,6849),(78,34331),(79,6961),(82,1705),(84,10342),(88,3018),(89,6683),(90,767),(91,27918)]	124.951045
414	[(1,4507),(2,17981),(3,26000),(5,32150),(9,501),(10,8343),(11,32262),(12,30549),(13,14035),(14,8060),(15,360),(16,19536),(17,6011),(18,10795),(21,13092),(22,17069),(23,9817),(25,26394),(26,9978),(28,37146),(30,36836),(31,28568),(33,31701),(34,11086),(35,4868),(36,18224),(41,38129),(43,15700),(44,33048),(45,980),(50,32053),(51,16390),(53,1233),(57,24989),(58,2432),(62,11073),(63,30150),(65,541),(66,1856),(68,29764),(72,25778),(73,26352),(75,6563),(76,8637),(78,10587),(79,11053),(80,24449),(81,36797),(83,22374),(84,1900),(85,14054),(86,8156),(87,10231),(88,23505),(89,33055),(91,31622),(92,17955)]	133.966775
415	[(0,24004),(4,4216),(5,7409),(6,19038),(7,9316),(8,11125),(12,37603),(14,30583),(16,26924),(18,14465),(19,13298),(20,2469),(21,28983),(23,30341),(26,3648),(27,31879),(28,2632),(29,27813),(32,29645),(33,6133),(34,18972),(37,17932),(38,37914),(42,22353),(43,16052),(46,38979),(49,19938),(51,1706),(55,24385),(56,27159),(57,19279),(58,10207),(59,12240),(62,21931),(63,5121),(64,6139),(65,12606),(67,353),(68,35660),(70,11425),(72,896),(73,1315),(77,1335),(78,33),(79,10219),(82,21229),(83,27051),(86,37185),(90,27008)]	156.818806
416	[(3,33129),(4,20657),(5,3303),(8,37595),(9,37495),(10,1993),(11,5123),(13,24332),(16,33239),(20,8176),(21,29147),(23,28772),(26,1187),(27,17513),(29,38404),(32,38800),(33,26383),(34,17859),(36,11618),(37,23972),(38,18658),(39,9393),(41,20757),(42,21230),(44,4128),(45,6622),(46,25602),(48,9665),(49,6201),(50,22034),(51,5244),(55,6040),(56,9032),(58,1778),(61,7817),(66,29446),(68,32299),(69,17531),(70,27108),(72,33615),(73,8317),(75,23746),(77,22336),(78,19161),(79,19747),(80,14795),(81,12576),(83,4440),(85,22905),(86,4090),(87,5347),(89,601),(91,4174),(92,8110)]	122.298235
417	[(3,32142),(4,11422),(5,1955),(6,7961),(7,35403),(8,34685),(11,493),(13,18158),(14,13575),(15,19589),(17,31770),(19,6478),(21,24266),(23,14911),(24,19708),(25,26108),(29,5726),(30,19001),(31,18543),(32,34949),(34,32088),(35,20154),(38,32690),(39,13580),(41,20407),(42,30903),(43,32913),(44,25194),(46,26083),(47,37476),(49,14252),(50,18014),(52,28540),(55,854),(56,23594),(57,7904),(58,7837),(59,5721),(60,8798),(61,27933),(62,27467),(63,10817),(64,37944),(66,22286),(67,5527),(68,4785),(70,740),(72,11224),(74,17035),(76,14184),(77,27638),(79,4524),(80,28718),(81,30332),(82,25147),(83,3839),(84,28449),(85,15321),(87,32050),(88,4122),(89,11991),(90,36740),(91,212)]	127.908916
418	[(0,3658),(1,38614),(2,10531),(5,6672),(6,2513),(10,510),(11,24608),(14,20678),(16,21869),(17,30991),(18,13374),(19,7122),(22,4495),(23,629),(24,38302),(25,16020),(26,5036),(27,29186),(28,488),(29,35493),(33,33442),(34,27282),(35,35562),(37,35736),(39,9895),(40,19895),(43,4226),(44,22231),(45,25124),(46,15202),(47,21508),(48,18946),(49,15189),(51,9183),(52,4346),(53,17841),(59,18458),(61,35478),(63,10344),(64,6480),(65,31130),(67,27417),(70,5481),(71,30494),(72,3115),(74,11978),(77,6930),(78,19414),(79,10482),(82,30960),(83,27647),(84,9484),(85,36177)]	123.540140
419	[(0,9045),(1,27406),(3,1884),(4,11337),(9,11803),(10,21498),(11,25216),(14,5250),(17,22272),(18,24666),(20,37612),(21,20455),(23,17039),(25,19760),(27,5622),(28,14935),(30,22850),(31,24814),(32,2046),(35,25999),(37,10877),(40,12285),(42,10495),(46,7781),(47,8571),(50,13127),(52,20046),(53,30569),(54,39),(55,30774),(60,28671),(61,10157),(65,12763),(66,5447),(67,13992),(68,28504),(70,23208),(72,8592),(73,5991),(74,24871),(76,2607),(78,2145),(81,28),(82,34412)]	132.543754
420	[(0,17995),(1,25416),(2,31685),(3,1346),(5,780),(7,13454),(9,3103),(10,18310),(11,12386),(16,27732),(17,9769),(18,22629),(20,29669),(21,17712),(22,4776),(23,29398),(25,30254),(26,7782),(27,7450),(29,8689),(33,33664),(34,22537),(35,22697),(36,27637),(37,18636),(39,7793),(44,13657),(45,10126),(46,23228),(51,33056),(52,28029),(56,27192),(60,21947),(61,19596),(62,14052),(65,32755),(66,18552),(67,29665),(68,33714),(69,21236),(70,25106),(71,19653),(72,31547),(74,9209),(76,35168),(77,12306),(78,10139),(79,35009),(80,31270),(82,37999),(84,27990),(85,19554),(87,12266),(88,32841),(89,13645),(90,21126),(91,27666),(92,15689)]	119.042035
421	[(0,5360),(3,33151),(4,18251),(5,5608),(6,10020),(8,8965),(9,26845),(10,2426),(12,13794),(13,1562),(14,11464),(15,10496),(16,8820),(18,3747),(20,17876),(22,7969),(23,16259),(24,10307),(25,472),(26,13267),(27,39116),(28,3583),(29,25436),(31,893),(36,9679),(39,35951),(40,31036),(41,5517),(42,35240),(43,15263),(44,15664),(49,14722),(51,23896),(54,13206),(56,31023),(57,5499),(58,15788),(60,5344),(63,33523),(64,17484),(67,7269),(70,3059),(72,21911),(73,24316),(77,36632),(78,9073),(82,10524),(84,30034),(85,38890),(86,37795),(87,35438),(90,27369),(91,32494),(92,14322)]	124.650702
422	[(0,30136),(2,13426),(5,3529),(11,5190),(13,10517),(14,14173),(17,17763),(19,23585),(20,30911),(21,30435),(25,36582),(28,37090),(29,28751),(30,37278),(32,32075),(34,4606),(35,26077),(36,10479),(38,7011),(40,24758),(42,35698),(43,38106),(46,16334),(49,35565),(50,13514),(51,34885),(53,31550),(54,5084),(55,10470),(56,8720),(57,24228),(59,13755),(61,27953),(63,37887),(64,20819),(67,10626),(68,2130),(70,6320),(71,31958),(73,2149),(78,35297),(80,29675),(82,17326),(83,6126),(85,2766),(90,10820),(92,150)]	137.414214
423	[(1,10869),(3,13853),(5,9770),(6,37147),(8,11633),(9,8160),(10,25193),(11,35509),(13,24986),(16,30075),(17,27333),(19,14025),(20,29605),(21,35471),(22,32162),(23,37251),(27,31381),(28,31423),(30,36101),(33,28988),(35,14984),(37,5877),(38,35043),(41,348),(43,23545),(44,34632),(45,17090),(46,32409),(48,19065),(50,24942),(51,554),(54,3180),(58,33116),(59,31615),(60,8396),(61,33664),(62,16321),(63,10562),(64,1758),(65,17736),(67,344),(68,29818),(70,30975),(72,35473),(73,37480),(77,23518),(80,13675),(82,22385),(83,31472),(84,20037),(86,22002),(88,14399),(89,33083),(90,26528),(91,28442),(92,9885)]	146.920166
424	[(0,7975),(1,27),(2,19804),(3,10702),(4,1576),(7,35648),(8,4332),(10,34577),(12,34890),(13,34598),(14,7102),(15,16388),(16,33786),(17,17087),(19,6324),(20,22392),(21,21439),(22,12682),(23,19643),(25,35469),(30,32650),(31,13556),(32,2807),(33,8898),(35,4047),(37,20469),(38,24880),(39,21759),(40,31124),(41,21590),(42,8757),(44,14913),(45,38424),(50,35956),(51,27338),(53,10222),(55,6767),(56,17469),(58,8506),(59,4835),(62,30998),(65,30309),(66,31830),(70,16686),(71,26961),(72,12923),(75,1983),(77,31729),(78,29790),(79,32517),(80,545),(82,24141),(83,9874),(86,32586),(87,23991),(88,37106),(89,15114),(90,9040),(91,10596),(92,24798)]	123.370909
425	[(0,9996),(1,38667),(2,39155),(3,17861),(8,9448),(9,14740),(11,34429),(13,18258),(15,475),(17,28323),(19,165),(20,34388),(21,37993),(22,12748),(23,18094),(24,10331),(30,31632),(31,15089),(33,22351),(34,7051),(35,7948),(38,15659),(39,13705),(40,24384),(41,27514),(42,28499),(44,17268),(45,36999),(50,1967),(51,3841),(52,20579),(53,34251),(54,530),(56,20547),(57,36452),(58,15657),(60,14170),(61,4082),(62,24249),(65,12579),(66,34236),(69,38216),(70,13042),(73,4802),(74,229),(75,5673),(77,15869),(78,25659),(82,7394),(84,5963),(85,2791),(86,11780),(87,4221),(88,34010),(90,14479),(91,24767),(92,39145)]	126.422325
426	[(2,32320),(4,27630),(5,1932),(6,35830),(8,24413),(9,26396),(10,31348),(11,9549),(13,8096),(14,3564),(15,19410),(17,14460),(18,10564),(19,39104),(20,2702),(21,38341),(23,7828),(25,19713),(26,23302),(27,7465),(28,33054),(30,23607),(31,36649),(34,28765),(36,20781),(38,10822),(39,32918),(40,29135),(41,11054),(43,21406),(44,7894),(45,26232),(46,7517),(47,31972),(48,7495),(49,20401),(50,35186),(52,9212),(54,681),(56,27959),(60,24911),(65,8928),(66,10338),(68,38425),(70,33232),(71,35698),(72,32216),(73,13475),(74,29848),(78,16472),(79,393),(84,11194),(85,25238),(87,34155),(88,14109),(90,34819),(91,12340),(92,19894)]	131.464877
427	[(1,24725),(2,2274),(4,27623),(5,35622),(6,34001),(7,4657),(10,5292),(11,14098),(12,30283),(13,3195),(14,33003),(16,25584),(18,13282),(19,33197),(21,34966),(24,21652),(27,17182),(28,3897),(31,36834),(32,15263),(36,3080),(37,11959),(40,19325),(41,11737),(42,22208),(44,16816),(46,4865),(47,44),(48,28454),(49,10496),(50,3452),(54,8519),(58,34103),(59,28752),(60,22549),(61,38344),(62,12971),(63,24559),(64,38218),(65,27073),(66,23368),(67,19474),(69,31440),(70,14827),(71,0),(73,32357),(74,29902),(75,18259),(77,5591),(78,14716),(79,34743),(80,22410),(81,22384),(82,22752),(83,12039),(84,20346),(85,35408),(86,4120),(87,20638),(88,21277),(89,37639),(90,20745)]	123.116231
428	[(0,11105),(1,13884),(3,36034),(4,7592),(6,24220),(8,14234),(10,5577),(11,5429),(12,6588),(13,4559),(15,32688),(18,11980),(20,7391),(25,32237),(26,32010),(27,24932),(28,4088),(31,29451),(32,17110),(36,6712),(38,26505),(39,14231),(40,33083),(41,26528),(46,2070),(47,17900),(49,27618),(50,24799),(51,20733),(52,16962),(56,37039),(57,27907),(58,11716),(59,4837),(60,28822),(61,18274),(64,37567),(65,22415),(66,2665),(67,32765),(68,9437),(71,10917),(72,34260),(73,34989),(75,36731),(79,2760),(80,18579),(81,35508),(82,8660),(83,20139),(84,16172),(87,37521),(89,9247),(90,35328),(91,38752)]	125.527019
429	[(0,21235),(1,5609),(2,17660),(4,25644),(6,36404),(7,4117),(9,10332),(10,34737),(11,31865),(12,32690),(13,2115),(15,21498),(17,32795),(19,23037),(20,12091),(21,24782),(23,16929),(25,29603),(26,5600),(27,35120),(28,7733),(34,33398),(35,15773),(38,26800),(39,28265),(42,35311),(43,27951),(44,33093),(46,1541),(48,17579),(50,22349),(51,23727),(53,18112),(54,32685),(55,32858),(57,36713),(58,20623),(59,38303),(61,35043),(65,14034),(66,27961),(69,32106),(71,7224),(72,8723),(73,22782),(74,6460),(75,5610),(78,15315),(79,36516),(81,37539),(82,31767),(83,34537),(84,38472),(88,21625),(89,35804),(90,25013),(91,24280)]	121.046787
430	[(0,37954),(1,26246),(2,4632),(3,1447),(4,18108),(5,11847),(9,28328),(10,31972),(11,39128),(12,17677),(14,26744),(15,11261),(16,2403),(18,38713),(19,26548),(22,27026),(26,10744),(27,35044),(28,29838),(32,28215),(34,27860),(35,19267),(37,30684),(38,15944),(42,35942),(46,2605),(47,15504),(48,33851),(53,27310),(54,21285),(55,27352),(57,19785),(59,1055),(62,5963),(63,37842),(64,24452),(65,20603),(66,30037),(67,23673),(68,2110),(70,32916),(71,564),(73,32346),(75,14151),(76,38347),(79,1719),(80,18670),(83,20200),(86,22085),(87,20719),(89,15986),(92,14464)]	124.161101
431	[(1,39097),(3,8201),(5,11960),(6,22844),(7,12194),(8,9072),(10,23841),(11,21311),(13,19338),(16,10169),(17,35265),(18,28142),(22,5441),(23,8624),(26,5891),(28,27911),(29,20019),(30,33945),(31,37071),(32,19013),(33,4142),(34,22300),(37,13223),(38,2175),(39,24027),(40,23713),(42,9599),(44,23584),(45,19247),(47,38930),(48,25152),(51,14709),(52,25973),(53,10568),(54,5192),(56,38676),(57,2816),(60,35469),(61,35610),(62,14514),(64,17948),(65,34097),(66,17352),(68,6233),(69,27710),(70,19435),(71,36366),(72,15893),(73,36347),(76,14200),(79,14447),(81,3368),(83,24087),(84,30466),(86,35407),(90,33606),(91,12913),(92,39072)]	150.381450
432	[(0,9614),(2,2634),(4,30628),(5,27892),(7,35516),(9,12746),(10,26391),(12,38583),(14,15671),(18,15948),(19,12130),(21,28832),(22,14541),(27,23111),(28,10497),(29,3049),(30,20391),(31,18733),(32,24750),(33,3977),(34,8809),(36,38656),(37,14654),(38,19111),(39,30773),(41,30155),(42,27797),(43,3283),(44,32277),(45,33222),(47,36967),(48,7565),(49,33478),(51,24092),(52,28975),(53,10923),(54,8803),(56,12648),(57,2996),(59,24494),(60,14987),(63,5289),(64,7654),(65,32876),(66,6015),(68,32532),(69,28826),(71,3994),(73,18058),(74,35453),(75,28252),(77,32126),(78,27869),(81,6206),(82,12420),(83,23769),(84,14161),(85,28625),(86,36560),(91,21362)]	120.268480
433	[(0,29860),(1,24191),(3,2983),(6,38290),(7,39094),(8,38606),(9,1322),(10,2762),(12,37713),(13,33699),(17,22015),(18,37465),(21,34877),(22,10959),(23,8399),(24,30704),(25,14090),(26,6052),(27,4785),(28,34190),(29,9722),(30,25707),(31,8040),(32,11057),(33,6061),(34,36650),(37,30587),(38,38527),(39,620),(42,12266),(44,33810),(46,34172),(48,27426),(49,8618),(50,20869),(52,6009),(53,1819),(54,5188),(56,4761),(57,31519),(60,9609),(63,22926),(65,37580),(67,12213),(68,362),(69,28559),(70,1052),(71,29109),(72,16664),(73,32606),(74,26253),(75,19746),(76,21212),(78,26264),(79,13340),(80,32452),(82,10829),(83,26600),(84,20685),(85,22707),(86,18392),(87,10532),(89,24539),(91,18956),(92,25541)]	123.051976
434	[(1,24248),(2,18418),(3,19189),(5,3306),(6,15725),(9,23120),(10,36875),(13,2339),(15,25355),(19,35654),(20,4699),(21,4217),(22,2946),(23,38466),(24,17070),(25,11289),(26,18844),(27,1841),(28,17857),(29,9056),(30,21497),(31,4690),(32,26369),(35,24288),(36,38953),(39,36357),(41,36478),(42,16965),(43,8035),(44,38585),(45,17019),(49,15428),(52,27238),(53,32923),(54,1190),(55,404),(56,26657),(59,29172),(60,33557),(61,23390),(62,18028),(65,19304),(66,12961),(69,26933),(70,35889),(71,10046),(74,22230),(75,17448),(79,27676),(85,22659),(87,1931),(89,21946),(91,15379),(92,34908)]	136.637930
435	[(1,38631),(2,5606),(4,28457),(5,38134),(6,38497),(7,10896),(8,22174),(10,3290),(12,7864),(13,12650),(14,6342),(17,5851),(18,16092),(19,7163),(20,17311),(21,14202),(23,30639),(24,34449),(26,12440),(27,11659),(28,1424),(30,6334),(33,29049),(35,6003),(37,26788),(40,14152),(42,27567),(43,25225),(44,16644),(47,37486),(48,35967),(50,36431),(51,12076),(52,6899),(54,23160),(55,37458),(56,9973),(59,19231),(60,37814),(62,9208),(63,30764),(64,1452),(65,3763),(66,5684),(67,18220),(68,39078),(73,22770),(74,36625),(77,31594),(78,25402),(83,34999),(86,23632),(87,22860),(89,1045),(91,28112),(92,11898)]	128.958209
436	[(0,27710),(1,5546),(2,19539),(6,15895),(8,8827),(9,14359),(12,15711),(13,33164),(14,6131),(15,21043),(16,3212),(17,22302),(20,2420),(21,6352),(22,318),(24,24142),(25,25371),(26,32148),(27,14387),(29,21008),(32,3725),(33,2515),(34,5699),(35,8155),(38,2935),(42,31514),(43,7420),(44,18112),(48,6313),(49,11177),(52,11887),(53,8834),(54,25537),(55,4743),(56,8169),(57,11243),(59,14417),(60,22984),(61,21351),(62,30137),(63,21987),(64,9793),(65,31301),(66,38840),(69,29732),(70,10268),(71,10361),(72,28009),(73,2061),(75,35141),(76,25093),(78,33327),(79,3135),(82,24035),(86,29929),(88,20246),(91,7303),(92,15336)]	122.010632
437	[(0,5701),(1,21217),(3,2553),(4,19606),(6,1106),(7,592),(9,22802),(10,6661),(12,27712),(15,16913),(16,21081),(18,13812),(19,20161),(21,3911),(23,38640),(24,26715),(26,35081),(27,20528),(30,37179),(35,6516),(38,3015),(39,4980),(40,16618),(42,25330),(44,25107),(49,11505),(50,5462),(55,35695),(56,6847),(58,23947),(63,19404),(64,12200),(65,25434),(67,35613),(70,26413),(71,8618),(74,34874),(75,15305),(76,36260),(80,15935),(81,21397),(82,24479),(85,11954),(86,7447),(87,38042),(89,2498),(91,8475)]	125.683079
438	[(2,17419),(3,9939),(5,3103),(6,18310),(7,30301),(9,11665),(10,10568),(11,5192),(14,31330),(16,22346),(18,25888),(20,12309),(21,24714),(22,3941),(23,39202),(24,10199),(26,6034),(28,26571),(30,25809),(34,30054),(35,33355),(38,11576),(39,15810),(40,26906),(41,37312),(43,7121),(44,35700),(45,2338),(46,20810),(47,30266),(51,392),(52,6910),(54,38973),(55,29537),(56,29200),(58,6156),(59,17393),(61,16012),(63,8498),(65,1658),(66,3958),(67,28283),(70,4042),(74,14696),(76,38439),(78,19609),(79,16009),(80,22757),(82,5977),(83,5068),(84,11243),(86,22682),(88,15957),(91,22230),(92,17448)]	141.422590
439	[(1,21565),(2,24654),(3,2449),(4,18961),(5,10502),(9,16908),(10,36229),(11,36136),(12,26771),(14,36063),(17,30703),(18,10171),(21,35012),(22,10883),(23,35763),(24,32447),(25,23970),(27,17703),(29,9433),(30,21613),(31,1885),(32,13975),(33,5505),(35,32825),(36,38381),(37,18933),(38,29154),(40,6538),(41,11644),(42,17175),(43,26922),(44,8706),(45,18025),(46,881),(49,29193),(50,9954),(51,39141),(52,2335),(53,26355),(55,9235),(59,33585),(60,4275),(61,18012),(63,5917),(64,9911),(66,35493),(68,16619),(69,3207),(70,17668),(73,37472),(76,8966),(78,5826),(81,22911),(82,23083),(84,6753),(86,24901),(87,37229),(88,29440),(89,24415),(92,3060)]	143.447620
440	[(0,15173),(2,3415),(3,37896),(5,11996),(6,17168),(10,8994),(11,1812),(13,16063),(14,22292),(15,17476),(16,37684),(17,201),(18,19981),(19,27815),(20,3122),(21,38581),(22,24274),(24,5466),(27,22496),(29,21544),(32,27394),(33,4760),(36,10686),(37,26328),(39,31281),(40,23300),(42,16400),(43,20955),(44,32541),(48,34110),(49,38733),(50,28212),(51,14856),(53,23083),(55,18076),(57,25953),(58,26580),(60,335),(62,3553),(63,3742),(65,4947),(67,33764),(69,3189),(70,13685),(71,1480),(74,11998),(76,11546),(77,23005),(78,30611),(80,9788),(82,20884),(83,957),(85,15330),(86,17155),(87,3831),(89,37911),(90,20538)]	134.061390
441	[(0,24318),(2,12656),(5,34348),(6,14586),(7,27462),(8,18073),(11,17517),(12,3077),(15,36239),(18,13940),(19,8701),(21,6610),(22,15894),(23,8589),(24,20812),(25,25596),(27,867),(28,35215),(33,24865),(42,21514),(43,6369),(45,13981),(46,9519),(49,21325),(50,16305),(51,26725),(52,7076),(55,37445),(56,13269),(60,25068),(63,17365),(65,14625),(67,20469),(68,24454),(69,26724),(70,3783),(71,13403),(73,9534),(74,35882),(75,16709),(76,16455),(77,15431),(78,9483),(79,28194),(80,6267),(81,11437),(82,11706),(85,4609),(87,18368),(88,17883),(89,31739),(90,11647),(91,18261),(92,17375)]	135.746074
442	[(0,6326),(1,5925),(2,26407),(5,8982),(6,29189),(8,18090),(9,2638),(10,27691),(11,26624),(15,5121),(17,10877),(18,24022),(19,33460),(20,36500),(22,22351),(25,1589),(26,25759),(28,24641),(29,12162),(30,11988),(32,5524),(33,32844),(34,17413),(36,38192),(37,21050),(38,26458),(39,37702),(40,31120),(41,7951),(42,16608),(43,6830),(45,27629),(46,11655),(47,38232),(48,38132),(50,15412),(51,30268),(54,3570),(57,8122),(58,29260),(59,1644),(60,5837),(61,35942),(62,24644),(63,34127),(64,38435),(65,33466),(66,12908),(67,33831),(70,35656),(71,25069),(72,19356),(73,10365),(75,5802),(76,11477),(77,28618),(83,4829),(86,27799),(89,7278),(92,12466)]	154.043951
443	[(0,8982),(1,23838),(3,31819),(5,7656),(10,20487),(11,16753),(12,34371),(13,24627),(14,15660),(15,2523),(16,9286),(17,33038),(19,21089),(20,21196),(21,28262),(22,5017),(23,7752),(24,12078),(25,19536),(33,14861),(35,36556),(36,29164),(38,5917),(39,36928),(42,25101),(43,14237),(46,8603),(47,6833),(48,24199),(49,26288),(52,39071),(54,35805),(55,12831),(56,26273),(59,33723),(62,10150),(63,30023),(64,29752),(65,26894),(66,220),(67,20024),(68,33186),(69,20471),(72,23028),(73,24518),(74,16386),(75,17474),(76,35518),(77,14296),(78,23273),(79,9787),(81,22675),(85,23816),(86,24352),(87,30932),(89,20735),(90,62),(92,15485)]	129.473378
444	[(0,36937),(3,29300),(6,16764),(9,28401),(10,28784),(11,3389),(16,20580),(17,20875),(21,231),(23,31365),(24,22891),(26,21980),(28,32211),(29,30689),(31,19529),(33,4173),(34,8432),(35,5382),(36,34434),(37,20180),(38,32931),(39,19991),(40,35366),(41,4984),(45,5369),(46,16184),(47,26559),(48,35375),(49,19233),(50,11067),(53,3888),(55,34287),(58,3592),(60,13534),(61,19157),(62,9696),(63,31163),(65,2519),(66,11882),(67,16503),(69,26789),(70,33229),(72,7518),(73,8817),(75,27260),(76,28858),(77,10193),(81,165),(82,25754),(84,8239),(85,4710),(88,1249),(92,14630)]	129.569993
445	[(1,8410),(2,32868),(3,31326),(4,37097),(6,19440),(7,4368),(8,20480),(9,2694),(10,34322),(13,23720),(15,35862),(16,27899),(18,1224),(20,1347),(21,17262),(22,18101),(23,19197),(24,15558),(25,38485),(27,38),(28,28678),(29,20859),(31,33608),(33,28561),(34,1772),(35,24278),(36,35773),(38,12530),(40,21378),(43,11586),(45,33290),(46,5493),(47,14314),(48,38758),(51,15306),(54,4801),(60,34418),(61,19214),(62,7044),(63,22011),(64,27256),(65,22425),(68,21948),(70,28090),(71,5037),(73,30714),(75,38620),(76,20223),(77,9575),(78,17829),(79,1549),(81,18877),(83,18530),(84,29101),(86,17586),(87,29281),(89,29902),(90,3741),(92,29218)]	133.468931
446	[(1,10161),(2,15997),(5,17354),(6,13268),(8,37573),(10,23394),(11,27080),(14,34955),(15,31701),(16,21774),(17,10402),(20,29105),(26,21753),(27,2985),(28,26373),(31,12112),(32,20046),(33,1308),(35,21587),(37,19243),(38,1299),(44,5425),(45,29052),(46,13546),(47,27453),(48,12359),(49,25595),(50,17132),(51,7564),(52,14478),(56,29671),(59,10099),(60,13636),(61,8116),(63,31329),(64,29593),(67,14701),(69,16720),(70,26366),(71,9549),(72,27272),(73,19644),(74,31624),(76,11576),(77,5011),(81,18554),(83,24337),(84,4532),(85,38661),(86,20338),(87,30542),(91,17429),(92,27669)]	144.203333
447	[(2,14656),(3,6542),(6,17241),(7,14704),(8,31979),(12,38634),(13,4835),(15,37712),(16,28758),(17,9467),(18,27131),(19,18886),(23,10414),(25,6670),(27,3344),(31,26105),(35,38933),(36,20544),(37,38114),(38,39207),(39,18362),(40,2993),(41,18007),(43,19376),(44,36104),(46,9251),(51,18740),(52,13595),(53,10513),(55,26632),(57,12468),(58,34370),(59,30595),(61,7144),(62,3631),(64,34131),(67,13145),(68,4123),(71,35360),(74,10753),(75,17882),(76,23550),(77,33891),(80,19068),(82,5636),(84,11839),(85,18631),(88,27297),(89,2990),(91,20296),(92,20132)]	121.070198
448	[(1,12449),(2,17835),(3,14351),(6,5907),(8,16607),(9,1358),(10,26900),(13,8846),(14,13743),(15,2669),(16,29450),(17,32702),(20,28598),(22,21029),(24,30313),(25,27821),(27,26120),(29,26070),(31,18337),(33,2812),(34,26671),(37,7799),(40,33769),(41,36607),(43,852),(45,32368),(46,20067),(49,8656),(52,31461),(54,16873),(55,34888),(57,26781),(60,28415),(62,22827),(64,38389),(65,38877),(66,1869),(67,36302),(68,8477),(72,21221),(73,24185),(76,28499),(78,17268),(79,36999),(82,32726),(83,7937),(84,36585),(86,20919),(87,11605),(88,23762),(90,2909),(91,19776)]	121.401009
449	[(0,9240),(1,8055),(2,4231),(3,35771),(5,17528),(7,28261),(9,27616),(10,4190),(16,13669),(19,11425),(21,4506),(23,4303),(26,13344),(27,17557),(28,27348),(29,21624),(30,2238),(31,19172),(34,21263),(35,645),(36,2842),(39,37110),(41,36784),(42,30101),(44,2350),(47,31184),(49,10887),(51,35349),(52,11683),(53,37650),(54,29676),(57,5257),(58,8523),(60,15430),(62,4478),(63,16558),(65,28862),(66,26912),(67,439),(68,31287),(69,28500),(70,20710),(71,9121),(73,7107),(74,8502),(75,27334),(76,25812),(78,11731),(79,13312),(81,38097),(83,13264),(84,14688),(89,13162),(91,7918),(92,26528)]	163.691518
450	[(0,2241),(1,14533),(2,31936),(4,12008),(5,19309),(9,33934),(10,6479),(11,16302),(13,38370),(15,17464),(17,22405),(18,18930),(19,12341),(21,25163),(22,8769),(24,26302),(25,4041),(27,26431),(29,6937),(30,25010),(32,21136),(36,35081),(37,22537),(38,22697),(39,3283),(40,3260),(41,31326),(42,37097),(44,24699),(45,21071),(49,30716),(51,10428),(52,6263),(53,20223),(54,28305),(55,19850),(56,22176),(57,13932),(59,19033),(61,3329),(62,27892),(64,10342),(67,26998),(68,7840),(69,19147),(72,14311),(75,37863),(77,35591),(78,19659),(83,32678),(84,26450),(85,25594),(86,23358),(87,15029),(88,30196),(89,16008),(91,34700),(92,19712)]	174.487366
451	[(1,6347),(2,27751),(6,3214),(7,11896),(8,14904),(9,4113),(10,21113),(11,7118),(13,26007),(14,30760),(15,4979),(16,9621),(17,23039),(18,22592),(19,7906),(20,34153),(21,36965),(23,20930),(24,25969),(26,7889),(31,22496),(32,34856),(33,10547),(34,23774),(35,28433),(36,16267),(42,7817),(44,2882),(45,1583),(47,34991),(48,1458),(49,12726),(53,35217),(55,25610),(57,6559),(58,36333),(59,24166),(60,33916),(61,7930),(62,859),(63,9406),(65,14890),(66,31505),(67,21059),(68,29550),(70,8884),(72,27903),(73,13473),(74,36830),(75,4599),(76,24685),(77,17758),(79,22286),(80,5527),(82,700),(83,22157),(85,11690),(86,5294),(87,22362),(88,27198),(89,3698),(91,31738),(92,21369)]	253.112639
452	[(0,4658),(1,27301),(2,11562),(3,26409),(5,9708),(7,1131),(12,28255),(13,20851),(14,1691),(17,26704),(18,23390),(21,11432),(24,28066),(26,29168),(27,16424),(28,13486),(29,22699),(30,24154),(31,9072),(33,29232),(37,34062),(38,23272),(39,19747),(40,14795),(42,5423),(46,19359),(47,4111),(50,2045),(52,23935),(53,25154),(54,30591),(55,13461),(59,4245),(61,14167),(67,38437),(68,13024),(70,1750),(71,17443),(72,14240),(77,19962),(81,31059),(83,35089),(84,23494)]	202.932958
453	[(1,18024),(2,26056),(3,14982),(5,33460),(6,996),(7,20997),(10,5257),(11,23453),(12,39061),(15,21742),(17,27427),(18,21764),(19,29838),(22,33028),(24,3673),(25,7338),(27,19609),(28,16009),(29,12537),(30,20232),(31,6340),(32,14461),(33,9398),(36,33723),(38,10031),(39,3335),(40,34989),(42,36731),(48,10736),(50,22202),(51,36723),(52,24543),(56,22196),(57,16459),(58,13777),(59,28054),(60,27778),(63,14082),(65,37652),(66,18319),(69,31415),(70,12173),(71,20288),(74,29098),(76,20194),(77,28564),(78,37929),(79,20281),(80,20122),(81,998),(82,8309),(83,14315),(86,12710),(87,24393),(88,23413),(89,37433),(90,26168),(92,14419)]	216.463103
454	[(1,9433),(2,1715),(3,24371),(5,8176),(8,6954),(10,21683),(11,24220),(12,35079),(13,30179),(14,24292),(15,10302),(16,18229),(17,7697),(21,30026),(22,10100),(23,27805),(24,21015),(25,13017),(28,33485),(29,37076),(30,14209),(31,27960),(32,10232),(33,1395),(34,28488),(35,2452),(36,20774),(39,17988),(40,32944),(41,241),(44,29398),(46,22326),(47,3049),(48,24922),(49,26717),(50,5850),(53,24536),(59,17827),(62,9075),(64,7746),(65,17124),(66,34837),(69,8765),(70,38561),(71,308),(72,37492),(73,19797),(74,31334),(77,7436),(78,37106),(79,15114),(80,38853),(82,12319),(84,9084),(85,29711),(87,34594),(90,745)]	294.082646
455	[(2,3059),(5,11100),(9,3501),(10,16880),(12,8433),(14,34300),(15,5709),(17,36631),(18,14231),(19,5745),(22,742),(25,10352),(27,2202),(28,7435),(29,36308),(33,11341),(34,11782),(35,20688),(37,12336),(38,11325),(39,5410),(40,37359),(42,9788),(44,20884),(45,19213),(46,5012),(52,30821),(53,29126),(55,8861),(57,31483),(58,371),(59,30785),(61,22564),(62,21312),(64,8892),(66,6968),(68,8523),(69,35508),(70,22197),(71,37449),(72,17096),(73,12054),(76,18230),(77,27843),(78,20104),(80,13154),(84,22859),(86,2425),(88,12801),(89,15101),(90,39074)]	312.224140
456	[(0,13591),(2,4425),(3,4991),(6,4864),(9,205),(11,15207),(12,18314),(13,17146),(15,20986),(16,33952),(17,19880),(18,23866),(20,28354),(22,31179),(25,20557),(26,18628),(32,15656),(34,35530),(36,5232),(37,12671),(40,8420),(41,8820),(42,13851),(43,4465),(44,17426),(45,32966),(48,27772),(51,33653),(52,14540),(53,22765),(55,30213),(56,25254),(57,11220),(59,26934),(62,38382),(63,12264),(64,23902),(65,34352),(66,37868),(67,13833),(68,2144),(69,8785),(70,30088),(73,7894),(74,26232),(76,33483),(77,13178),(80,30050),(81,12221),(82,24144),(83,9069),(84,15680),(85,24992),(89,22690),(91,20327),(92,26061)]	304.305922
457	[(0,17035),(2,8869),(3,2339),(5,1276),(8,20659),(9,11632),(11,11198),(12,35199),(14,19268),(15,29868),(16,10874),(17,34811),(20,30889),(23,26075),(25,6671),(26,37257),(27,33755),(28,21515),(31,12733),(33,13975),(35,25272),(36,33793),(37,32364),(39,38090),(41,4508),(42,4830),(43,19708),(45,33435),(48,17250),(50,19393),(53,4550),(54,3692),(55,6965),(58,24228),(60,13755),(62,27953),(64,37887),(65,20819),(69,8821),(71,18219),(72,1065),(73,6722),(75,1599),(76,37397),(77,36495),(78,15569),(81,24283),(82,5801),(83,13677),(84,27471),(86,21837),(88,32640),(89,29684)]	249.618555
458	[(0,13437),(6,28723),(8,31578),(9,37500),(10,15672),(11,2968),(13,38078),(14,27433),(15,35379),(16,27472),(17,18563),(18,3517),(19,15215),(20,25269),(22,24091),(26,10812),(29,7363),(30,25577),(31,11381),(33,17679),(34,35756),(35,8957),(37,31727),(38,11159),(40,630),(42,13993),(44,20740),(47,16206),(48,38316),(49,23174),(51,35471),(52,26415),(56,37288),(57,7135),(58,9538),(59,29947),(60,33079),(63,34206),(65,15190),(66,2758),(67,23505),(69,35770),(73,10292),(74,6678),(75,27846),(78,1970),(81,21764),(82,32310),(83,28104),(84,2485),(85,12490),(87,4166),(90,9963),(91,27868)]	252.746493
459	[(0,24771),(1,25386),(2,33095),(4,5125),(5,17400),(8,15550),(10,20543),(11,34391),(13,30306),(14,24987),(15,10422),(16,12154),(18,15550),(22,5982),(23,35352),(24,12058),(25,6262),(26,34172),(27,12007),(30,18625),(33,28733),(36,3055),(39,28360),(40,31242),(42,7670),(43,19464),(44,6013),(45,36167),(48,35170),(50,4317),(51,28670),(53,36808),(54,7354),(55,28904),(56,21399),(58,14175),(59,7808),(61,8329),(62,5833),(64,19080),(65,36055),(67,37830),(69,32209),(70,29664),(71,1621),(72,18201),(73,16771),(74,16534),(75,6901),(76,16098),(77,27817),(78,19934),(80,34427),(82,12864),(84,15401),(86,58),(87,13403),(90,12804),(91,15135)]	255.355007
460	[(1,15643),(2,37946),(3,24158),(4,38485),(5,17036),(7,20064),(8,9434),(10,33315),(12,2894),(14,16678),(21,20913),(22,38784),(24,34546),(25,28227),(26,1813),(27,19472),(30,16191),(31,15002),(32,23993),(38,1898),(39,5072),(41,16791),(48,4956),(51,13816),(52,20596),(53,393),(54,14704),(55,38763),(57,14662),(58,757),(61,19644),(63,11111),(66,5212),(67,18707),(68,13015),(70,8401),(72,20346),(73,30606),(75,2416),(77,29280),(80,7214),(81,34715),(82,35712),(83,14137),(84,7050),(85,3092),(86,16688),(87,9339),(90,36524),(91,34238),(92,16277)]	274.699987
461	[(0,30795),(2,1714),(4,32258),(5,3066),(6,20710),(8,7321),(9,31908),(11,5752),(12,2667),(14,13386),(16,15243),(17,29829),(18,29158),(23,20003),(25,24176),(26,9112),(27,182),(29,20202),(31,13882),(34,26748),(36,5879),(40,30339),(41,13963),(42,22044),(43,25775),(46,11551),(49,3711),(50,33578),(51,6778),(53,22668),(57,26931),(60,32482),(61,36252),(63,13067),(66,10834),(70,16290),(72,19587),(73,18280),(75,30445),(76,23140),(77,9154),(79,34398),(80,189),(81,287),(82,37296),(84,534),(85,4392),(87,4956),(88,26442),(89,34717),(90,30925)]	263.633119
462	[(0,18119),(2,33684),(3,15243),(5,36307),(7,34137),(8,2987),(10,25449),(11,11358),(12,20283),(13,18533),(14,19455),(15,3877),(16,2547),(18,21890),(21,35199),(22,25388),(23,3290),(24,7302),(25,21517),(26,28952),(27,13036),(28,716),(30,33712),(34,28321),(37,10778),(38,4186),(39,9115),(40,15243),(41,29829),(43,6460),(44,5610),(47,25037),(48,9986),(49,21209),(50,21821),(52,20088),(54,1797),(55,25189),(57,13154),(58,19426),(61,23363),(64,29273),(66,403),(67,39102),(68,35093),(70,22017),(71,28367),(72,5405),(74,12365),(77,20996),(78,21115),(79,11518),(85,7293),(87,25558),(88,33323),(89,25257),(91,4335)]	250.301634
463	[(3,2956),(4,23635),(6,22312),(11,10092),(12,12632),(13,20923),(15,25822),(16,13118),(18,25459),(20,26486),(21,5114),(22,38640),(25,2479),(30,15483),(32,1125),(34,10189),(35,26711),(37,36936),(38,19447),(41,1719),(42,37361),(46,16402),(47,15626),(54,23443),(55,4028),(56,17762),(57,24167),(58,5210),(59,18479),(60,15628),(61,17778),(62,18800),(63,28016),(66,24924),(68,15260),(69,6598),(70,16239),(73,37677),(74,31768),(75,15584),(79,38179),(80,20490),(81,9510),(83,10750),(84,31022),(85,8768),(86,32233),(87,19517),(89,26473),(90,4176),(91,14217),(92,26721)]	258.858306
464	[(2,11042),(3,12452),(6,28911),(7,39188),(10,8018),(12,6576),(14,12906),(15,20990),(16,8905),(17,14694),(18,19629),(19,4479),(20,10562),(21,1758),(23,4529),(24,13922),(25,11505),(26,16118),(27,37962),(28,10193),(30,35190),(31,6695),(34,18633),(35,31986),(36,5886),(37,19797),(38,7486),(40,11687),(47,15199),(48,32939),(50,20204),(51,7555),(55,32566),(56,11446),(58,5588),(62,14920),(64,32263),(65,18827),(68,7944),(69,2955),(70,11669),(72,36862),(73,24573),(75,34641),(77,2679),(79,861),(80,34400),(82,6679),(84,14894),(86,7080),(87,21126),(90,23712),(91,6208)]	251.770900
465	[(0,35884),(2,28987),(5,688),(6,16074),(8,2397),(9,4607),(10,29350),(11,11578),(14,22689),(15,26609),(17,30594),(18,9651),(19,20763),(21,18684),(22,17173),(24,12141),(25,27478),(27,684),(29,21028),(30,6350),(32,9263),(33,33184),(36,38166),(37,12762),(38,36813),(40,12727),(42,18686),(46,4733),(47,26463),(48,21970),(51,13325),(52,33306),(53,28359),(54,29433),(55,2491),(56,11734),(57,20687),(58,27228),(59,26415),(60,38864),(61,9952),(62,39109),(63,30056),(68,6233),(69,27710),(70,2318),(71,15425),(74,6772),(75,30145),(76,18666),(78,34442),(80,13786),(81,13408),(83,22373),(84,12374),(86,16801),(88,7934),(90,27396)]	248.587145
466	[(0,36834),(3,29256),(4,39069),(6,15264),(8,14556),(10,34344),(13,17649),(15,14378),(16,4276),(17,8013),(19,13402),(20,30349),(21,12241),(22,12979),(23,7193),(26,21538),(27,38791),(28,14619),(30,25333),(33,3017),(34,38426),(36,32876),(38,35814),(39,534),(43,8585),(44,11464),(45,10496),(46,25661),(48,4818),(50,461),(52,15726),(53,36285),(54,32264),(55,31595),(56,14655),(58,23941),(60,18298),(61,28188),(63,26596),(67,36955),(69,25994),(72,10659),(73,7506),(78,37475),(79,22983),(80,38236),(81,1102),(82,16127),(83,22463),(84,23059),(86,15744),(88,28907),(89,4143),(90,25211)]	263.411232
467	[(0,6315),(2,2428),(4,32419),(5,26511),(6,4220),(7,37608),(8,2512),(9,36533),(10,26268),(12,34676),(13,16729),(16,22013),(17,38926),(18,4538),(19,9664),(22,5222),(23,29064),(24,18150),(25,17098),(26,28399),(28,37350),(30,7863),(31,18324),(32,19756),(33,13119),(34,27882),(35,30112),(36,37961),(39,2029),(40,37406),(41,31535),(42,34137),(46,24042),(48,32714),(49,20080),(50,16524),(51,2623),(52,14547),(53,24889),(54,2250),(55,26184),(56,36927),(57,11418),(59,26826),(60,18540),(62,9563),(63,23722),(65,37336),(67,2839),(70,38634),(72,21394),(75,23219),(76,19576),(78,29615),(79,8979),(80,16226),(84,23668),(85,25621),(86,31080),(88,26803),(89,17800),(91,16460)]	262.766697
468	[(0,7623),(4,12227),(5,37102),(8,28415),(10,645),(12,1477),(14,32002),(16,905),(17,36335),(19,14009),(20,19733),(22,23656),(23,11932),(24,34191),(25,9195),(29,37350),(31,20800),(32,32816),(33,6508),(34,5868),(35,3982),(36,17388),(37,28814),(39,11760),(40,31539),(41,17276),(42,21309),(44,9662),(45,18519),(47,16152),(48,38627),(49,21657),(51,21163),(52,30155),(53,27797),(54,36870),(55,20644),(56,23345),(57,35871),(58,5791),(60,38727),(61,7464),(62,34411),(63,31506),(64,9857),(67,29737),(68,26817),(69,35368),(70,12965),(72,17302),(74,10224),(75,4232),(77,20152),(78,17717),(79,34039),(80,37085),(81,6710),(82,3674),(83,19542),(84,30671),(87,23530),(88,3256),(89,1584),(91,34396)]	273.065823
469	[(0,17077),(1,19044),(2,30088),(4,38270),(5,37716),(6,27833),(7,22565),(9,13383),(12,34225),(16,31236),(17,1466),(18,14468),(19,2787),(20,8921),(21,36465),(23,11769),(24,16789),(25,6157),(27,24759),(29,37591),(31,24309),(33,2513),(37,2956),(38,36874),(39,29013),(40,25457),(41,28195),(43,25777),(44,33360),(45,452),(46,7086),(49,239),(50,37172),(51,34130),(52,15130),(55,4013),(61,13745),(62,12282),(63,6040),(64,9032),(66,3985),(67,4554),(68,38546),(69,37798),(72,15458),(74,1592),(75,6275),(77,34448),(79,25928),(82,26755),(83,36584),(84,29777),(87,34190),(89,19449),(90,6912),(91,15788)]	229.148395
470	[(0,2359),(2,27427),(4,10445),(7,17703),(8,1779),(9,12546),(12,11689),(14,20164),(15,20382),(17,27762),(19,5995),(20,20140),(21,37497),(23,25847),(24,9587),(26,6191),(27,19837),(31,9786),(32,6774),(33,4297),(34,33034),(36,374),(37,10521),(38,7371),(39,30613),(40,3195),(41,17042),(46,32473),(47,38132),(48,8339),(51,20292),(54,15065),(55,4774),(56,32604),(58,25745),(60,16710),(62,15015),(64,31118),(67,21930),(69,23371),(70,37075),(71,17329),(72,8768),(73,32233),(74,13472),(75,3977),(76,4733),(77,30841),(82,18043),(83,28646),(86,20678),(90,38579),(91,6936)]	126.614131
471	[(0,38343),(2,24875),(3,25948),(4,38986),(9,38121),(10,21295),(11,16149),(12,12732),(14,2698),(17,18196),(19,19500),(20,8248),(21,12676),(23,2823),(26,33899),(28,9586),(30,25457),(31,28195),(32,16397),(33,6588),(34,37186),(35,13540),(36,35454),(37,3112),(40,8689),(41,1650),(44,10483),(45,25661),(46,37058),(47,15723),(50,13740),(51,7960),(52,5189),(53,27063),(56,6313),(57,10807),(60,234),(61,31508),(62,35721),(63,16933),(64,28064),(65,789),(67,24913),(68,37721),(71,33053),(74,9713),(75,4887),(76,7196),(77,21408),(78,27407),(81,22168),(82,8579),(84,18068),(89,30310)]	132.689442
472	[(1,31764),(6,10796),(7,9062),(8,26555),(9,19741),(10,21518),(12,17646),(13,2102),(14,34608),(15,21870),(16,28424),(20,28807),(21,23990),(22,32648),(23,15654),(24,836),(25,33945),(27,192),(30,22112),(32,5851),(33,38057),(34,16782),(35,38591),(36,23503),(39,26704),(40,23390),(43,20908),(45,17425),(46,8476),(47,29896),(48,24275),(50,16103),(52,6423),(55,11811),(62,29294),(63,3641),(66,15714),(67,20892),(68,14246),(73,13530),(76,14528),(77,29403),(79,26195),(80,24000),(81,8291),(83,30024),(84,17746),(90,35316)]	135.727062
473	[(1,2160),(3,13016),(5,9672),(6,12320),(7,16775),(9,25087),(12,5350),(13,14086),(15,24620),(16,23949),(17,24808),(19,37297),(22,12448),(23,13773),(24,13617),(25,33142),(26,13300),(27,3791),(28,26426),(29,2031),(31,13286),(32,13401),(33,4981),(36,32346),(37,25241),(38,31962),(40,20330),(41,5269),(44,19261),(45,26176),(46,34489),(52,37885),(53,33536),(55,8400),(57,10899),(58,25190),(59,9190),(61,35808),(62,7105),(65,3291),(66,28642),(68,37946),(72,27565),(73,26543),(74,7805),(77,6086),(79,21359),(80,25774),(83,26100),(84,17395),(88,33576),(89,10272),(90,35064),(91,8039)]	145.101210
474	[(0,35237),(1,6430),(3,8533),(4,15575),(5,3804),(6,16221),(7,28588),(8,4039),(10,1004),(12,15931),(13,29757),(14,24174),(15,26016),(17,4783),(18,790),(19,815),(21,104),(22,13565),(24,5100),(26,26388),(27,30381),(31,3969),(32,32337),(33,5651),(35,16494),(37,18896),(40,11408),(41,3345),(42,13406),(43,2631),(44,12383),(45,38377),(46,6697),(48,35897),(51,6600),(52,8675),(53,38289),(57,4957),(58,25854),(59,32169),(62,2849),(63,24951),(64,4179),(66,15886),(69,22732),(73,7455),(74,31649),(77,23600),(78,32569),(85,16472),(87,6853),(88,20610),(89,11010),(92,22288)]	122.752729
475	[(0,3415),(1,38874),(3,26381),(6,17068),(9,31894),(10,10607),(11,35952),(12,6375),(13,23913),(14,38767),(15,24520),(16,16918),(19,16085),(21,1282),(22,5769),(25,2242),(26,28837),(28,2949),(33,25696),(35,7136),(37,36932),(38,38117),(40,37988),(42,4051),(44,38679),(45,8702),(46,25895),(47,17129),(48,5404),(49,12260),(51,7042),(52,3478),(53,18175),(56,14891),(57,27128),(58,37817),(59,22190),(60,10264),(61,2047),(63,14091),(66,4258),(68,2411),(69,27504),(70,19908),(71,15733),(73,1858),(75,22773),(77,32297),(79,30610),(81,38990),(85,6390),(90,16491),(91,25979),(92,35276)]	139.842658
476	[(0,29530),(3,26714),(4,9176),(5,25749),(6,12505),(7,23114),(10,9474),(11,22744),(12,2442),(15,36670),(16,5809),(20,17104),(21,12898),(22,12155),(24,30821),(25,29126),(27,39145),(28,23048),(31,26910),(34,23135),(35,24147),(36,10730),(37,13071),(40,4970),(42,19553),(44,23097),(45,10010),(46,17663),(48,6080),(49,12188),(51,20530),(52,6332),(57,31209),(59,2967),(61,34907),(63,27085),(67,6638),(71,37852),(73,38887),(75,12788),(76,10925),(77,20234),(80,26838),(81,14252),(82,18014),(85,3070),(86,23736),(87,7930),(89,12073),(90,23098),(91,37380),(92,31987)]	146.064308
477	[(0,33185),(1,18440),(3,974),(4,35864),(8,11276),(9,24235),(10,9055),(13,11766),(19,24558),(21,24309),(23,37611),(28,15105),(29,15701),(30,26240),(31,9178),(32,11374),(33,11520),(34,19094),(36,11132),(40,18393),(41,30816),(43,19097),(44,34676),(48,18020),(49,22316),(50,11032),(52,18023),(53,13185),(55,12526),(56,12434),(60,28383),(63,31510),(64,1530),(65,6947),(67,19500),(68,11050),(70,33072),(71,5558),(72,19374),(73,6865),(74,22654),(75,437),(76,25453),(77,9155),(78,21229),(79,27051),(80,24914),(82,519),(83,1387),(84,30711),(85,27532),(86,11255),(87,13708),(92,27939)]	128.163331
478	[(0,3541),(1,37024),(4,14010),(8,29542),(9,30548),(10,21017),(12,29653),(13,36654),(16,17655),(18,24553),(20,20864),(21,33917),(22,11295),(23,23490),(24,16745),(25,27238),(28,21779),(29,22335),(31,3088),(32,25146),(35,38673),(36,25949),(38,11564),(42,35250),(46,22737),(47,8545),(48,23645),(49,23476),(50,11211),(51,16100),(53,12175),(54,13513),(56,31643),(57,37197),(58,2842),(59,35605),(63,8369),(64,34440),(65,20006),(66,19361),(68,25401),(69,25377),(70,12604),(72,13654),(74,2364),(80,16861),(82,35846),(83,9165),(84,11124),(85,21771),(88,36061),(90,35304)]	133.017733
479	[(0,36995),(1,4316),(2,4870),(3,22502),(4,37843),(5,23523),(6,31714),(11,4693),(16,37612),(17,22052),(19,38396),(21,13534),(25,35601),(27,33672),(29,3343),(30,23147),(31,10952),(32,14092),(33,26253),(35,19807),(36,9145),(37,27362),(38,23793),(40,15422),(41,24546),(47,26588),(48,30238),(49,32671),(50,13749),(51,24428),(52,5648),(53,14153),(57,25552),(61,31978),(62,11846),(63,24485),(65,24631),(68,38673),(69,12638),(70,10527),(71,35902),(72,15717),(73,4699),(75,10497),(76,5591),(79,6521),(80,11342),(81,20417),(84,37938),(86,717),(87,26041),(88,3444),(91,34348),(92,14586)]	125.776588
480	[(0,23552),(1,12827),(3,20181),(4,9958),(8,33991),(9,26898),(10,32622),(11,29224),(13,15300),(15,11327),(18,30986),(19,12090),(21,20290),(22,31779),(23,24404),(24,14165),(26,13669),(30,5274),(32,30606),(34,2416),(35,18812),(36,2302),(39,20270),(43,29885),(44,28817),(46,2887),(49,21578),(50,3793),(51,23088),(54,4285),(55,10339),(56,5550),(57,32992),(58,15585),(61,22812),(62,15833),(64,36761),(65,34056),(66,24425),(68,13438),(69,37402),(70,3522),(71,29136),(78,36962),(79,10685),(82,19913),(85,24576),(86,8580),(89,12863),(90,4208),(91,4640),(92,24159)]	144.292200
481	[(2,22970),(3,38618),(4,3878),(5,34054),(6,38301),(7,21034),(8,13109),(10,33212),(12,22345),(13,3802),(14,3553),(15,16057),(16,32055),(17,6739),(18,24421),(19,5287),(20,31879),(21,2632),(22,28774),(25,25194),(28,30909),(29,32627),(30,8102),(31,4895),(34,31312),(36,11698),(38,13083),(39,16229),(40,3947),(41,11570),(42,28146),(43,14766),(44,29173),(45,22339),(46,38914),(47,11917),(48,9980),(49,38709),(50,15162),(52,3979),(53,9150),(55,37179),(57,26876),(59,22620),(60,16724),(61,35089),(62,23494),(63,11143),(64,30931),(66,8181),(67,33003),(70,36166),(71,2006),(73,35324),(80,35122),(81,13283),(84,35070),(85,23842),(86,34733),(87,29515),(88,37194),(90,32804),(91,9799)]	129.502008
482	[(1,31941),(3,27262),(4,36199),(5,19877),(7,37478),(10,6011),(11,20486),(12,17329),(14,21864),(17,25485),(21,423),(22,3399),(23,13202),(30,11960),(31,14),(35,29857),(38,17620),(39,15696),(40,28847),(42,9783),(43,9528),(44,3707),(45,21216),(46,21672),(48,20508),(50,22783),(51,33250),(52,9612),(53,4161),(54,29668),(55,31193),(61,35456),(62,22892),(63,13117),(64,8755),(66,27439),(72,3491),(73,28853),(74,33143),(75,24945),(76,25908),(77,35049),(78,33917),(79,11295),(80,23406),(81,38658),(82,25914),(85,23740),(86,28330),(87,39035),(91,32291),(92,3476)]	122.415877
483	[(1,36958),(2,11947),(6,18266),(15,28773),(16,36581),(17,20626),(18,38874),(21,26243),(22,39164),(23,13503),(24,2128),(26,34257),(27,34081),(28,27433),(29,7716),(33,10585),(34,25446),(36,17868),(37,8877),(38,38401),(39,348),(41,27248),(42,39111),(43,22578),(44,12403),(46,2218),(48,68),(49,3395),(52,20106),(53,24305),(54,29337),(55,24930),(57,15842),(58,25565),(61,8958),(63,17348),(64,25365),(65,28599),(66,19940),(67,8992),(68,14857),(69,1651),(70,22259),(73,13957),(75,18413),(76,30181),(77,12377),(81,8980),(82,21699),(83,39149),(84,28442),(85,9885),(86,29238),(87,31974),(89,21960)]	154.147947
484	[(0,28863),(2,6356),(8,2914),(10,1536),(13,10196),(14,28749),(15,28679),(17,30003),(18,25123),(19,10228),(20,25911),(21,31626),(24,3695),(25,12532),(29,13634),(30,25173),(32,23593),(34,37587),(35,17029),(37,34762),(39,12544),(40,25697),(41,19253),(43,2448),(44,33403),(46,13096),(48,22252),(49,9915),(50,33000),(52,17264),(53,1539),(54,27560),(55,3613),(57,9084),(60,7819),(63,10220),(64,16436),(65,25367),(66,37955),(67,9709),(68,33239),(71,15591),(72,38881),(74,25679),(75,13025),(77,13216),(78,13515),(80,21068),(81,4730),(82,3862),(83,14657),(84,33840),(85,18045),(86,7698),(87,31155),(89,26079),(91,13014)]	133.710682
485	[(1,2687),(2,24955),(4,36681),(5,1341),(6,20198),(7,20760),(9,24836),(11,6137),(13,6660),(14,17640),(15,15245),(16,13509),(17,26370),(18,16544),(19,19745),(24,7839),(25,19590),(26,23578),(27,15518),(28,37140),(31,21057),(33,25309),(34,8929),(35,38010),(36,4203),(37,2114),(40,38294),(42,9520),(44,23099),(45,35723),(47,9727),(48,30169),(49,6272),(50,72),(51,16535),(54,3765),(55,17726),(57,3827),(58,25756),(59,34899),(60,8435),(61,6339),(62,932),(63,25111),(64,3808),(66,20458),(68,5446),(69,11512),(71,24677),(73,20241),(75,17503),(76,11413),(77,25845),(79,27454),(81,24571),(82,8783),(84,36351),(85,25459),(87,37533),(88,20308),(89,3122),(91,17904),(92,17237)]	139.296733
486	[(0,34637),(1,28644),(2,34276),(3,12551),(4,17984),(6,14523),(7,32976),(8,2691),(9,25105),(10,30124),(13,11221),(14,13995),(15,26589),(17,12177),(19,36784),(22,17462),(24,24129),(25,32883),(27,19711),(28,21576),(31,11084),(33,6753),(34,37796),(36,11044),(37,23089),(40,23775),(43,25398),(45,5581),(48,38698),(49,15591),(51,18933),(52,34361),(53,9364),(55,31868),(56,5169),(57,4834),(58,31120),(59,7951),(61,25599),(62,19604),(65,17710),(66,19238),(68,25776),(69,36538),(70,17737),(71,20609),(73,3989),(74,38131),(76,2874),(78,3288),(79,22180),(80,28184),(81,20807),(82,27777),(83,28637),(84,14207),(85,35894),(86,2566),(87,10652),(92,4916)]	126.497080
487	[(1,33817),(3,20439),(4,31049),(5,15500),(7,37379),(8,21777),(11,24802),(12,17717),(13,24161),(14,6548),(16,32474),(17,16946),(19,18610),(20,35913),(21,35603),(23,4222),(24,28627),(26,31760),(27,535),(29,12753),(31,25371),(32,32148),(33,36083),(34,1683),(35,140),(37,25363),(38,20043),(39,10913),(41,12043),(44,7832),(45,18177),(48,11298),(51,15126),(52,7288),(53,4389),(55,18353),(56,13772),(57,37123),(58,1127),(60,13000),(61,15225),(65,25057),(68,33270),(70,14585),(72,31165),(74,24855),(75,20022),(78,30074),(81,4893),(83,38595),(84,8648),(85,38341),(87,7828),(88,31185),(90,22088),(91,1875),(92,16451)]	131.298287
488	[(1,33315),(3,27484),(5,15740),(7,37612),(8,22052),(9,30678),(10,5123),(11,8314),(14,19763),(16,38309),(17,7652),(21,12159),(24,16014),(25,20285),(26,6443),(27,31791),(29,21057),(30,26426),(31,31373),(32,18269),(33,23672),(35,13586),(37,10578),(39,11196),(40,23929),(41,9465),(43,19757),(44,24649),(46,14248),(48,10466),(49,23610),(50,21769),(51,21087),(54,989),(55,3515),(56,5184),(59,2932),(60,20366),(62,1684),(63,28447),(66,15462),(67,34971),(70,6808),(72,6167),(73,8830),(74,9112),(76,25995),(77,30575),(78,19658),(80,38169),(82,38833),(83,10381),(88,35974),(89,29376),(90,6868),(91,6283)]	124.467993
489	[(0,11111),(1,1989),(2,38422),(3,30546),(4,8600),(6,4706),(7,26073),(8,4269),(9,23398),(10,36379),(13,10365),(17,26605),(18,22763),(19,13732),(20,1575),(22,25024),(28,23863),(30,8323),(33,18840),(35,25994),(37,12977),(39,19835),(41,37616),(42,33570),(43,24244),(44,29358),(47,23145),(48,30922),(49,24230),(50,29268),(51,35106),(53,35798),(54,15578),(55,38818),(57,22703),(58,2517),(59,6860),(60,1899),(61,25127),(63,15129),(64,23753),(65,17520),(68,35602),(70,7198),(72,10786),(74,15018),(75,12722),(77,36825),(78,17608),(80,6974),(81,11268),(82,38288),(84,36239),(86,37682),(87,34032),(88,16395),(89,33053),(90,34380),(91,16544)]	119.375544
490	[(0,33482),(1,7389),(4,3887),(5,14118),(6,8351),(7,25734),(8,10943),(13,2262),(15,4894),(16,15715),(19,32263),(20,3879),(24,25708),(25,25843),(28,3867),(29,21980),(30,18380),(32,33818),(33,256),(34,23553),(36,30642),(37,32660),(39,7288),(40,16371),(41,14148),(42,18555),(44,15707),(45,17219),(46,12697),(49,18850),(50,9430),(51,34333),(54,37768),(56,26183),(57,30084),(58,24765),(59,7257),(60,23152),(61,15252),(65,13497),(67,31727),(68,10627),(70,14257),(73,4948),(74,33435),(76,756),(77,10036),(79,17846),(80,10478),(82,34553),(83,8532),(84,26138),(87,29542),(88,16329),(90,38890),(91,14350),(92,27419)]	115.543334
491	[(2,15905),(3,16492),(5,7027),(7,4849),(11,10551),(12,33095),(15,30806),(16,16847),(17,14741),(19,35939),(22,35530),(23,14148),(25,38341),(26,2074),(27,18968),(28,3788),(29,23159),(30,20301),(31,35816),(33,25428),(35,24862),(37,8365),(38,7932),(39,21849),(40,19692),(42,15403),(47,25550),(48,23261),(49,11508),(53,3042),(54,16989),(55,8641),(56,22193),(58,10855),(59,11600),(61,1369),(62,19341),(64,11601),(65,2898),(66,26919),(67,29057),(69,26286),(71,4449),(72,31875),(73,18398),(74,14199),(77,2829),(79,6275),(82,24056),(84,32423),(87,5632),(88,6836),(89,30052),(92,1807)]	143.396065
492	[(0,28560),(1,28908),(4,27557),(6,8687),(9,17819),(10,33597),(12,35585),(14,5618),(15,650),(16,18439),(18,38085),(19,38807),(20,5406),(21,36217),(22,38647),(24,37090),(25,923),(27,34830),(28,26337),(29,6586),(30,34613),(31,687),(32,34973),(33,4945),(34,22094),(35,14843),(36,35553),(37,17578),(39,29673),(40,5603),(46,30942),(48,39048),(49,34953),(50,5659),(52,6790),(53,12622),(54,35556),(55,24017),(56,36062),(57,16578),(59,11731),(60,13312),(62,18878),(63,33792),(67,30684),(69,29430),(70,27559),(71,21250),(73,20907),(74,37054),(75,35390),(76,37827),(77,771),(78,20692),(80,19288),(81,8777),(82,3084),(83,23419),(87,16185),(88,23591),(89,18489),(90,312),(91,26471)]	121.246304
493	[(1,24961),(2,12796),(3,9631),(4,7478),(6,3006),(10,7063),(12,23898),(13,5608),(17,18565),(18,6143),(19,14494),(20,24529),(22,35032),(24,37550),(27,22728),(29,30172),(30,39103),(31,18123),(32,17803),(33,37033),(36,28654),(37,4772),(40,22103),(42,33876),(45,9731),(48,27882),(49,6924),(50,20433),(54,10403),(55,34325),(56,20541),(57,27217),(59,14280),(63,25049),(66,11219),(68,25115),(69,35359),(71,16983),(72,5282),(73,38254),(74,17360),(76,14332),(80,34354),(81,37659),(82,10548),(83,1790),(87,34806),(88,4973),(89,31728),(91,31518),(92,8343)]	119.102898
494	[(0,8347),(1,27115),(4,20516),(5,5933),(6,38640),(9,8639),(10,3963),(11,27634),(13,14206),(15,33537),(16,33136),(19,20709),(20,29594),(23,27367),(24,22213),(25,10326),(27,27575),(28,39054),(29,19093),(32,638),(34,4857),(35,16322),(39,23340),(42,39035),(43,36570),(44,3190),(47,28461),(48,8365),(49,25025),(50,819),(51,1690),(55,7835),(57,38857),(58,5281),(60,19078),(61,8331),(62,32933),(63,15363),(64,30034),(65,31711),(66,6325),(68,21028),(69,33936),(71,26042),(72,26868),(73,24258),(77,36422),(81,25550),(82,25276),(83,8757),(85,24641),(86,15257),(87,3448),(89,36441),(90,29855),(92,19106)]	131.031867
495	[(0,24454),(1,12684),(3,27046),(8,38190),(10,460),(11,31733),(12,25945),(13,27567),(14,3867),(15,21980),(16,18380),(17,22730),(18,11518),(19,30681),(22,8321),(23,9370),(24,14859),(25,9096),(26,17383),(27,36194),(29,26463),(30,21970),(32,34308),(34,8823),(35,28094),(38,4259),(39,27027),(40,33060),(41,38858),(47,17618),(49,28944),(51,14206),(53,33537),(54,30168),(58,31563),(61,12586),(63,21880),(64,19946),(66,26718),(69,4867),(70,37608),(72,34456),(74,13752),(75,23505),(76,33055),(79,33783),(80,15760),(82,14385),(84,16514),(87,27454),(88,13724),(91,4096),(92,28178)]	123.933286
496	[(0,9678),(1,24979),(4,32202),(7,25344),(8,24452),(11,33707),(14,29929),(16,30274),(18,31623),(19,28412),(23,7978),(24,31613),(26,2296),(28,9245),(29,38176),(32,17749),(33,5313),(34,30582),(36,26797),(38,39195),(40,7402),(41,33130),(45,19667),(49,23024),(51,15612),(53,3225),(55,5908),(56,27643),(59,17958),(61,31797),(62,5445),(63,19245),(64,24859),(67,30477),(70,38041),(71,7614),(73,23781),(74,37131),(76,9577),(78,4273),(82,22056),(85,10342),(87,36279),(89,31580),(92,33373)]	130.001679
497	[(0,14349),(1,6497),(2,4865),(4,11926),(5,1728),(6,11612),(7,5929),(8,2153),(10,29243),(11,9851),(12,20326),(15,36731),(17,16281),(19,12877),(21,25343),(22,21400),(23,16956),(25,7984),(26,17626),(27,26283),(30,30994),(31,6557),(32,22956),(33,13666),(36,38312),(37,22580),(39,30316),(41,18032),(42,2675),(43,3488),(44,9924),(46,4715),(47,27653),(51,12320),(52,10036),(54,14957),(56,21721),(58,35981),(60,7915),(62,21584),(64,24191),(65,19431),(66,36350),(67,31253),(68,7921),(74,1189),(75,31606),(76,12659),(78,6075),(80,30114),(81,21740),(82,12640),(83,38147),(84,4028),(86,4846),(88,33353),(89,19607),(90,4703)]	124.399668
498	[(0,19728),(1,22711),(2,11765),(3,2557),(6,11354),(7,14299),(9,32386),(11,1921),(12,33245),(13,4510),(14,28242),(15,27725),(16,21777),(18,10138),(20,26352),(23,36007),(25,32445),(27,1159),(28,37691),(29,12994),(30,6878),(31,27948),(33,33537),(34,33136),(37,35496),(41,20052),(43,11125),(48,38694),(49,11018),(51,8436),(52,25196),(53,4335),(55,5915),(56,26476),(57,11340),(59,25045),(60,16703),(61,27336),(63,12129),(64,22715),(66,3466),(67,2865),(68,21478),(71,31480),(72,7995),(75,7947),(77,38277),(78,7869),(81,28149),(83,12276),(85,12423),(86,21328),(87,27842),(88,6644),(89,34273)]	159.422564
499	[(0,18679),(1,17483),(4,18045),(5,34480),(6,11428),(9,9865),(14,30083),(15,31433),(16,314),(17,23477),(18,22282),(20,5210),(23,36394),(25,15746),(26,10507),(27,5207),(28,23331),(29,19078),(30,8331),(31,25067),(34,18961),(35,5202),(36,38494),(37,19057),(38,10925),(39,31538),(40,8782),(42,511),(43,17280),(44,18401),(47,32652),(49,38208),(50,14343),(51,5900),(53,31652),(54,6978),(57,17329),(58,8768),(59,27218),(62,22843),(63,33905),(64,877),(65,13987),(66,23633),(67,25726),(69,12088),(72,2456),(73,27445),(74,10961),(75,6777),(76,31725),(77,15848),(80,25044),(81,15917),(82,36797),(86,3035)]	153.065830
500	[(0,26663),(1,3260),(2,31326),(3,38689),(5,5783),(6,16800),(8,515),(9,32886),(12,18803),(13,27037),(14,5843),(16,32166),(18,29753),(19,14143),(21,22674),(22,8309),(25,38190),(27,14579),(28,29104),(30,23381),(31,12681),(32,34339),(33,16820),(34,9849),(35,38770),(36,37187),(37,6577),(38,37007),(43,17095),(45,30192),(46,12021),(48,37252),(52,35134),(56,5005),(57,8489),(58,32389),(60,13133),(61,9764),(63,8173),(64,22765),(67,36624),(70,24128),(71,24041),(72,18879),(73,35269),(75,17796),(76,35708),(78,16928),(79,3162),(80,14454),(81,39194),(82,2165),(85,10385),(86,3951),(87,8016),(88,25515),(90,3047),(91,32975)]	120.181856
501	[(0,31493),(2,35492),(3,27859),(4,21103),(5,2460),(6,23204),(9,3300),(14,23283),(15,19143),(16,31718),(17,25791),(18,17896),(19,5465),(20,36387),(21,12184),(22,30233),(24,23107),(26,8845),(27,24333),(30,38824),(31,37823),(32,11794),(33,35750),(35,18415),(36,3115),(39,9782),(40,25658),(41,14363),(42,30061),(47,37286),(48,11043),(49,12248),(50,18025),(51,14107),(52,2190),(53,24531),(55,17750),(56,6898),(59,35050),(64,23528),(65,264),(67,16318),(69,16416),(70,38765),(71,25945),(72,31590),(73,21490),(75,31327),(79,20927),(80,31790),(82,22428),(84,35392),(85,37874),(86,34177),(87,18240),(89,8544),(90,26993),(91,13865),(92,33039)]	128.052492
502	[(1,21577),(2,20265),(3,27181),(4,24456),(6,6883),(8,14641),(10,225),(12,1471),(13,10053),(14,31907),(15,14959),(17,16156),(21,17057),(23,6483),(24,7854),(27,3169),(30,38081),(32,33510),(34,24761),(36,20213),(37,38541),(38,7861),(39,22457),(40,4647),(41,37138),(43,21577),(44,21820),(46,494),(48,19775),(49,16479),(52,10050),(53,21693),(55,15629),(56,7736),(57,28649),(58,34875),(61,25339),(62,11888),(63,28978),(64,7039),(65,15488),(66,10421),(68,14132),(69,17282),(70,13063),(72,11959),(78,37858),(80,21678),(81,14016),(83,36882),(85,19300),(86,36224),(89,32079),(90,31380)]	122.078022
503	[(0,32705),(2,26727),(3,36258),(5,31124),(7,26453),(14,29827),(15,8553),(17,18450),(23,7969),(24,16259),(26,7671),(27,33396),(28,3931),(29,9116),(32,37748),(36,11504),(39,29686),(41,24636),(43,9795),(45,21739),(50,334),(51,6820),(52,31016),(53,25036),(54,11582),(55,2731),(56,35755),(57,10252),(58,31094),(61,7914),(62,29818),(65,3341),(67,18085),(69,10071),(70,27865),(72,14147),(77,16412),(78,8232),(82,22551),(83,22347),(85,37840),(86,29911),(87,21601),(89,16384),(90,30142),(91,33948)]	125.545685
504	[(0,6439),(2,1985),(3,27123),(4,36479),(6,33215),(7,22062),(9,13058),(11,28602),(12,29208),(14,30659),(18,7309),(19,32218),(21,32234),(22,23671),(26,20262),(27,1282),(28,15296),(32,2126),(35,37856),(36,25250),(37,16988),(38,9294),(39,23530),(40,15994),(42,32741),(44,30297),(45,17194),(46,25785),(48,19574),(50,35031),(51,2799),(52,29497),(53,26575),(54,8988),(57,25100),(61,7223),(64,27822),(65,12209),(66,5645),(67,1504),(69,2363),(70,36215),(71,30088),(72,394),(73,30279),(75,39073),(76,28200),(77,34739),(80,29541),(81,32142),(82,10950),(83,25134),(84,7034),(88,6852),(89,27267)]	126.377803
505	[(0,14305),(1,19086),(2,27903),(3,2971),(4,38543),(5,11723),(7,33433),(9,20931),(10,38973),(12,37413),(14,39172),(16,22632),(17,6008),(18,36539),(20,24537),(23,11257),(25,13170),(27,21560),(28,28339),(33,14757),(34,20095),(36,14381),(37,31433),(38,15497),(39,19008),(40,22049),(41,26176),(42,34489),(43,26429),(47,8990),(50,21241),(52,21707),(56,37837),(57,32955),(58,2124),(59,9675),(61,9030),(66,38271),(67,3803),(69,6921),(70,4651),(71,5373),(72,5420),(74,33469),(76,25758),(77,11201),(79,24010),(81,9335),(82,9100),(83,31055),(86,6753),(88,24901),(89,37229),(90,28780),(92,20658)]	116.619469
506	[(0,29565),(3,37003),(5,17346),(6,27728),(7,29381),(12,31738),(13,25872),(14,17047),(18,38115),(19,2863),(21,3430),(22,11739),(23,14306),(24,20773),(26,14002),(27,14129),(29,18243),(30,30245),(33,19183),(35,31551),(36,22534),(39,23139),(40,38323),(42,16389),(43,31242),(47,35609),(48,33728),(52,22152),(54,492),(62,5279),(63,17098),(65,21316),(66,25012),(72,22898),(75,3372),(76,39103),(77,18123),(78,17803),(79,15761),(80,20195),(81,23161),(83,38067),(89,17295),(90,25083),(91,29749),(92,36674)]	127.836251
507	[(1,14086),(3,20983),(14,19950),(15,23055),(16,37175),(17,36710),(18,24675),(19,32239),(23,15452),(24,30320),(27,617),(28,18041),(29,11147),(30,7879),(32,22573),(33,31968),(36,12109),(37,20323),(38,10789),(39,20848),(40,37020),(41,36920),(42,210),(43,29286),(44,33440),(45,23668),(46,25621),(48,6445),(51,22686),(53,20354),(54,16138),(56,24014),(57,31474),(58,23304),(59,36273),(60,32841),(61,13645),(63,22847),(64,24795),(66,34657),(69,4466),(70,32327),(72,21564),(73,16751),(74,6727),(76,9989),(78,12423),(79,14728),(80,10176),(82,700),(83,28655),(85,39087),(88,37852),(90,6274)]	143.865981
508	[(0,35701),(2,3051),(3,9620),(4,35227),(5,1564),(7,36213),(8,3559),(11,18680),(12,13526),(14,771),(15,7283),(16,19644),(17,14284),(18,28746),(19,4372),(20,35254),(21,39193),(23,28681),(24,20662),(26,673),(27,513),(28,7172),(29,23556),(30,28792),(31,14250),(32,16719),(34,15910),(35,29866),(36,4475),(37,6845),(40,34565),(41,26724),(42,19929),(43,21867),(44,11432),(45,35425),(46,28997),(48,20320),(53,23394),(54,4150),(55,11396),(58,11917),(60,2397),(62,11379),(63,5604),(64,11011),(66,18168),(67,13016),(68,4681),(69,17906),(71,25305),(72,24246),(74,20089),(75,24526),(76,32868),(77,1653),(78,32128),(79,21924),(80,33213),(82,37746),(85,37950),(86,3713),(87,34245),(89,28352),(90,29317),(91,31612)]	125.265210
509	[(1,27065),(2,38260),(3,22686),(5,28049),(6,3934),(7,11658),(9,7320),(11,10551),(13,16740),(16,7868),(17,266),(19,35663),(20,13537),(21,29664),(22,1801),(23,31721),(25,7013),(28,24654),(29,2449),(31,19469),(33,30035),(34,11522),(36,15556),(37,20740),(38,19965),(39,15506),(40,31232),(42,8278),(43,25620),(45,303),(46,22455),(47,7287),(49,8547),(50,27996),(52,33581),(54,27428),(55,1503),(56,32946),(58,10248),(59,22754),(60,37737),(61,10007),(63,37340),(64,19682),(65,11414),(66,3387),(68,33049),(69,21624),(70,6209),(71,14113),(72,5602),(74,5123),(76,13319),(80,13956),(83,20585),(84,17377),(85,907),(87,1761),(88,20809),(90,35539),(92,16885)]	131.442145
510	[(0,25798),(1,19070),(5,34409),(7,33881),(10,17334),(12,17284),(13,17730),(14,21500),(17,34347),(18,10824),(20,22354),(21,24286),(25,32484),(28,21148),(30,22304),(31,6122),(32,729),(33,18012),(35,19851),(37,9023),(38,25814),(39,23388),(40,31457),(43,36368),(45,19950),(47,26000),(49,32150),(52,17021),(53,7318),(55,24761),(57,21580),(58,29483),(61,25016),(62,28782),(63,26099),(68,3083),(69,35625),(73,14679),(74,32433),(75,27857),(76,25342),(77,32445),(78,18754),(79,4896),(80,12902),(81,30105),(82,17903),(86,33658),(88,2657),(90,9861),(92,32199)]	144.761067
511	[(0,13377),(1,1716),(6,32432),(9,11293),(11,13775),(13,21342),(15,1847),(16,34195),(17,17913),(18,21631),(22,22468),(25,36673),(26,6562),(27,12259),(29,23179),(33,5061),(34,37968),(37,4113),(40,14878),(41,8152),(42,19925),(46,37667),(50,14549),(55,14504),(57,6617),(60,4749),(62,24083),(65,33927),(66,29575),(71,10585),(72,32008),(73,4746),(74,6649),(75,26088),(77,8324),(78,14309),(79,12322),(80,36348),(81,39052),(82,38828),(84,20225),(85,28966),(88,9955),(89,22204),(90,3588)]	141.318711
512	[(0,25265),(1,12808),(3,26495),(7,1802),(8,20794),(9,17385),(10,14363),(11,28259),(12,6471),(14,15187),(15,38824),(16,32281),(17,24443),(21,21065),(23,5913),(24,4839),(25,11492),(26,23931),(28,28763),(29,31783),(30,14675),(32,3115),(33,17838),(34,23550),(36,38695),(38,2452),(40,18470),(41,29186),(43,10905),(44,37995),(46,23101),(47,12290),(49,12896),(51,9426),(52,5927),(53,9611),(54,6614),(55,32011),(56,3511),(57,31700),(58,32592),(59,24970),(61,14614),(63,18133),(64,30744),(65,19062),(66,2164),(68,6560),(70,13655),(71,10601),(73,7297),(75,1470),(77,37785),(80,31390),(82,3624),(83,9835),(84,5578),(85,25403),(86,16518),(89,2371),(90,12758),(91,19651)]	126.818750
513	[(3,2232),(6,17195),(7,29072),(8,30680),(12,6849),(13,34331),(17,28793),(19,3698),(20,16626),(21,10111),(22,20774),(23,32698),(24,35561),(25,13834),(26,3935),(27,35966),(28,21193),(29,36444),(30,9474),(31,22744),(32,2442),(35,15352),(38,13329),(39,1236),(40,15110),(41,4682),(42,9693),(43,20443),(45,13548),(47,18411),(50,38308),(51,1024),(52,38922),(53,32230),(54,27901),(59,6785),(61,36821),(62,36315),(63,15807),(65,37351),(67,36466),(68,3402),(70,8790),(71,13198),(73,14370),(74,30612),(76,28456),(77,35260),(79,18112),(82,4519),(83,11637),(85,1338),(87,19774),(89,3238),(91,4080),(92,6851)]	121.919442
514	[(0,20946),(1,4414),(2,5632),(5,17461),(7,38214),(8,20971),(10,22270),(11,21763),(12,38300),(14,9877),(15,9482),(16,29159),(19,32222),(20,10276),(21,18767),(24,16814),(25,2478),(27,13301),(28,24277),(33,20008),(36,34756),(37,26018),(40,1752),(42,17122),(43,19080),(44,2128),(45,9585),(46,33496),(47,12186),(48,12093),(52,8275),(55,12894),(57,27910),(58,15012),(59,16186),(60,21648),(64,5626),(65,30791),(67,13024),(68,20784),(69,23602),(71,2700),(72,28731),(74,36798),(75,2470),(77,17563),(78,6094),(79,36336),(80,31822),(81,15281),(82,20885),(83,33681),(84,4144),(85,646),(86,5710),(87,38648),(89,32439),(91,12820),(92,36698)]	135.935372
515	[(2,6760),(3,10022),(5,37402),(7,30597),(12,22348),(13,24683),(14,1105),(15,10594),(18,23614),(19,36752),(20,17267),(22,23496),(23,18445),(24,16029),(25,15397),(27,37565),(32,17139),(33,28353),(35,18993),(37,2321),(38,28785),(39,29685),(41,6254),(42,26856),(43,166),(45,35595),(46,18170),(47,35609),(48,13992),(49,16017),(51,36468),(54,35000),(55,39110),(56,10083),(57,37147),(58,11222),(59,21225),(60,38349),(61,31249),(65,1425),(66,39091),(67,35273),(68,37195),(69,26086),(70,21962),(71,172),(73,5122),(76,17386),(77,8528),(82,32673),(84,35893),(86,30619),(89,35465),(90,35396)]	142.240161
516	[(2,14571),(3,1578),(5,8483),(6,31970),(8,29284),(10,31355),(11,12232),(12,16054),(13,32251),(15,7008),(22,9660),(23,32461),(24,17166),(25,30560),(26,9306),(28,6906),(29,13450),(31,33114),(32,1517),(36,589),(37,25883),(38,11022),(40,26222),(41,12899),(42,20684),(44,13730),(45,22654),(46,23964),(48,15588),(49,22533),(50,22437),(51,10340),(52,12382),(54,21024),(55,22786),(56,4768),(57,37203),(58,24910),(59,9933),(61,21018),(62,6549),(63,28051),(67,19544),(71,12255),(73,33723),(75,10031),(76,9119),(78,30000),(79,13460),(80,22746),(83,35703),(84,23319),(86,24127),(87,8361),(88,31793),(89,34355),(90,5793),(91,16591)]	130.243660
517	[(0,4191),(4,8091),(5,15090),(7,2565),(8,27852),(9,36447),(11,17228),(12,8376),(13,9662),(14,30498),(15,8481),(17,20647),(20,13541),(23,20647),(25,16957),(26,36060),(27,9940),(30,21031),(32,6956),(33,10965),(34,21559),(36,13895),(37,38670),(38,14765),(39,14190),(42,38470),(43,26305),(45,33639),(47,35706),(48,30601),(49,23428),(50,37088),(51,24290),(52,3165),(53,8226),(55,22154),(56,34834),(59,34530),(61,31758),(62,6123),(64,3428),(65,23432),(66,12232),(67,16054),(68,32251),(71,3945),(72,6457),(74,30769),(78,20661),(80,18309),(81,30405),(83,4729),(85,12359),(86,25595),(88,35010),(89,18345),(90,35301),(92,30690)]	134.485762
518	[(0,35135),(1,8223),(2,18569),(11,31275),(12,20886),(13,37240),(14,35511),(16,25471),(17,26226),(19,17522),(20,27460),(21,12663),(23,35548),(26,33815),(27,23063),(28,6632),(31,28100),(32,12623),(34,3236),(36,12438),(37,21496),(38,21154),(39,21854),(42,7097),(45,8181),(46,17042),(48,9712),(49,18766),(50,34715),(51,35712),(52,14137),(53,23426),(54,34336),(55,30934),(56,1020),(57,8100),(60,23275),(61,5775),(62,38109),(64,2080),(65,9524),(66,22918),(68,570),(69,31579),(70,28343),(71,32752),(73,22885),(74,17066),(75,29965),(76,30438),(77,3603),(79,20125),(80,22229),(81,16874),(82,4294),(83,850),(84,22059),(87,30969),(88,32982),(89,20209),(90,31268),(92,4609)]	140.955315
519	[(0,17401),(2,3076),(4,22018),(5,3920),(6,19689),(7,4916),(8,3666),(9,7184),(10,26089),(11,29779),(12,167),(15,28073),(16,13240),(17,21640),(19,21901),(20,35263),(22,28489),(24,11235),(28,29697),(29,3445),(30,8880),(33,16427),(37,28782),(39,26873),(41,3270),(42,17774),(43,13341),(49,34377),(50,7410),(51,21307),(59,11703),(60,12334),(61,30602),(62,18904),(64,9008),(66,22861),(68,17642),(72,21864),(75,10132),(76,29190),(77,37926),(78,16537),(80,5509),(81,702),(83,37387),(85,16335),(86,376),(87,1033),(88,317),(89,4782),(90,8308),(92,34339)]	132.675303
520	[(0,10618),(1,3812),(2,11804),(3,34876),(5,6494),(6,13827),(7,20048),(8,3509),(9,980),(10,12293),(11,24045),(12,29956),(13,28070),(14,6847),(16,13428),(21,5026),(22,18629),(23,32857),(24,11925),(25,23319),(27,6821),(28,5935),(29,16996),(30,6243),(31,21063),(33,23136),(34,17152),(35,6037),(36,36880),(38,32682),(39,8081),(40,24501),(41,1529),(42,9094),(44,23993),(50,27604),(53,24963),(54,6008),(55,22423),(56,13744),(57,3720),(61,16235),(63,3748),(64,6884),(65,19236),(67,30657),(68,6709),(71,38966),(72,20085),(76,745),(84,19015),(88,18201),(89,16771),(90,9616),(91,30216),(92,925)]	120.884737
521	[(0,11563),(1,4873),(2,20370),(4,10461),(8,32756),(9,7632),(10,32413),(11,29113),(12,12090),(13,4212),(14,9158),(15,32886),(17,37501),(18,10915),(21,16080),(24,28316),(25,22183),(30,4771),(32,16390),(33,24669),(34,9753),(35,37315),(37,27020),(38,32825),(41,12368),(44,27799),(47,8104),(48,19333),(49,4103),(50,12752),(51,3208),(52,17145),(55,4726),(58,28790),(59,37877),(60,31348),(61,9549),(64,13669),(66,27127),(67,14505),(68,31873),(70,4658),(72,22936),(74,31294),(75,16410),(76,33195),(77,31575),(79,25461),(80,36051),(81,13968),(84,25507),(85,21159),(87,13079),(88,26044),(89,11882),(90,16503),(91,27176),(92,17680)]	130.799235
522	[(0,38676),(1,889),(4,18810),(5,16877),(9,20167),(11,1164),(12,25072),(13,14509),(14,33877),(15,25962),(16,12920),(17,31307),(18,37983),(20,38795),(21,14129),(25,35743),(28,35337),(30,31028),(31,6048),(32,11101),(33,16193),(34,5150),(35,3342),(36,7604),(37,6325),(38,31391),(39,3683),(40,19159),(41,27554),(42,2427),(44,941),(45,21483),(46,26666),(48,19239),(50,19138),(51,6778),(52,8115),(53,18041),(56,30548),(57,39104),(58,32487),(59,38294),(61,38373),(63,36754),(65,10316),(67,20964),(68,2653),(69,17475),(70,6788),(71,12327),(72,8997),(74,38656),(77,26098),(78,20286),(79,39113),(82,3075),(83,9920),(84,38513),(85,13292),(86,24443),(87,20343),(90,29435)]	133.751702
523	[(0,33515),(1,35194),(4,2868),(5,21055),(6,7698),(7,31155),(8,33674),(9,9236),(11,20999),(13,9948),(16,9101),(17,12169),(18,33930),(19,29391),(21,16061),(22,7042),(24,17017),(26,38373),(27,37986),(28,33426),(29,4434),(30,5288),(32,20716),(33,15673),(35,20872),(36,28495),(37,24999),(38,33368),(39,35926),(40,36592),(42,6311),(44,16444),(45,21709),(46,11133),(47,7659),(48,33998),(50,3159),(52,34143),(53,17023),(54,24772),(55,19071),(57,32833),(58,22706),(59,34095),(60,37862),(61,15961),(64,29927),(65,9314),(66,35578),(67,19649),(68,17397),(69,37466),(71,234),(72,31508),(73,30924),(74,27842),(75,6644),(76,25818),(79,32811),(80,25764),(81,32683),(82,31458),(85,32023),(87,4322),(91,27001)]	137.969476
524	[(0,30301),(1,20049),(4,37388),(5,9212),(6,26141),(7,34293),(10,32563),(11,5829),(14,10499),(15,3028),(16,13268),(17,14613),(18,18504),(19,20860),(24,33198),(26,24009),(27,28153),(30,16499),(31,19711),(33,19027),(34,20996),(35,17447),(37,31651),(40,1459),(42,2924),(43,30309),(44,20095),(46,36398),(47,1122),(50,34027),(51,37803),(53,9572),(54,107),(56,12302),(57,22247),(61,2377),(62,22261),(63,8638),(64,14562),(65,2404),(69,31215),(70,37188),(71,35094),(72,19605),(74,35460),(75,22473),(77,22060),(78,39182),(79,38674),(80,2026),(81,9755),(82,9862),(84,16520),(85,2163),(88,13657),(89,10126),(91,32197),(92,35383)]	128.741299
525	[(0,12235),(1,37366),(2,23320),(3,13938),(4,14135),(6,17789),(10,5118),(11,32521),(12,32620),(14,6960),(15,28385),(16,10549),(20,34758),(22,21784),(24,18164),(25,14195),(27,21528),(29,35820),(33,11025),(34,13237),(36,10628),(37,29580),(40,31687),(42,23857),(43,23359),(44,8861),(48,19743),(51,13713),(52,7200),(55,17691),(56,15920),(57,24638),(58,28396),(59,3457),(60,31310),(61,18054),(62,12893),(64,12226),(66,21969),(67,6398),(70,8709),(71,12813),(72,20000),(74,14352),(78,13233),(82,24607),(84,12206),(85,22766),(87,12196),(88,4192),(90,2427),(91,19407),(92,20485)]	131.232020
526	[(2,20654),(3,15410),(5,6023),(10,24648),(11,6916),(12,33725),(13,2269),(14,491),(16,17647),(18,12773),(19,25798),(26,13735),(27,3581),(28,9256),(29,12838),(30,37619),(31,10036),(33,14957),(35,21721),(36,18841),(37,19295),(38,3670),(40,24640),(42,36279),(43,15462),(44,34971),(45,32664),(47,4792),(49,3383),(50,15225),(53,5698),(54,6815),(55,24497),(56,7190),(57,23105),(60,28527),(61,25624),(62,3653),(63,12348),(64,22765),(66,8131),(67,17601),(71,33663),(72,33648),(74,30248),(75,12817),(77,8473),(78,16795),(79,12557),(81,35692),(83,33204),(85,9485),(88,10926),(91,31065)]	135.079666
527	[(1,34259),(4,9385),(5,8284),(10,3749),(13,23797),(14,18766),(15,24245),(16,15509),(17,2185),(20,32111),(21,17059),(23,25174),(25,30123),(28,38752),(29,17900),(31,38708),(33,25582),(35,8970),(36,6659),(39,35220),(40,20017),(41,28148),(42,18485),(43,37186),(44,13540),(46,30287),(47,28547),(50,22170),(51,20634),(52,16732),(54,18952),(56,30017),(57,30928),(59,2507),(60,23629),(62,35839),(63,13095),(64,23815),(66,21588),(70,29755),(71,7440),(72,16357),(73,9878),(74,16271),(78,34884),(79,23666),(80,7909),(82,23194),(84,7705),(85,29077),(86,17212),(87,13501),(88,16716),(89,2639),(90,34637),(91,37902),(92,22518)]	123.582518
528	[(1,22277),(2,4642),(3,16264),(5,38591),(6,13115),(8,11005),(9,25092),(10,31991),(11,11423),(14,27677),(15,38727),(19,22510),(22,13653),(23,32393),(24,33161),(25,36418),(26,3465),(27,3277),(28,32671),(29,26756),(30,34479),(31,5288),(35,3575),(36,5268),(39,15274),(42,15091),(45,27982),(48,9249),(49,18847),(50,379),(51,20316),(52,32491),(53,12077),(54,6165),(55,24793),(56,17320),(58,9654),(59,34022),(60,17299),(61,4779),(62,11040),(63,38507),(64,14900),(67,28695),(69,29651),(70,20808),(72,3640),(73,6568),(74,9004),(76,3136),(78,26468),(79,11779),(80,4460),(81,31652),(82,6978),(83,19845),(84,28329),(86,27674),(87,6545),(88,24323),(89,36098)]	123.675961
529	[(1,37099),(5,34207),(6,24954),(8,32305),(10,27043),(11,921),(12,21207),(15,13706),(17,35761),(18,13821),(19,17327),(22,16616),(23,22193),(25,24410),(26,16818),(28,1745),(30,21213),(31,23412),(33,30121),(34,36406),(36,1289),(38,31588),(39,9313),(41,13187),(43,13290),(44,4071),(46,24268),(47,9562),(49,23884),(51,13597),(52,17311),(53,14202),(54,7905),(57,26831),(60,16130),(61,17494),(62,17763),(63,24764),(64,30659),(65,8370),(66,16548),(67,34420),(70,16030),(72,14180),(74,10774),(75,32027),(76,26694),(78,26348),(79,19230),(82,32229),(83,38873),(86,10960),(87,12530),(90,4383)]	133.805034
530	[(1,21389),(2,24222),(5,34433),(7,17662),(8,400),(9,19874),(12,7933),(14,30383),(15,34305),(16,18865),(18,23636),(19,18544),(20,20406),(21,3974),(23,21693),(24,25336),(25,36038),(26,20922),(27,37353),(28,8977),(29,3284),(30,34011),(32,3907),(33,32358),(34,25957),(35,22875),(36,1258),(37,14510),(39,37586),(41,38321),(44,4490),(45,23074),(46,17959),(48,33288),(49,6185),(51,557),(53,33686),(55,27752),(56,14080),(57,6714),(58,35124),(59,12392),(61,182),(63,25254),(64,32604),(66,17116),(68,32728),(69,16585),(71,24350),(74,14826),(77,6893),(78,13590),(79,9422),(80,16638),(82,14950),(83,38404),(85,6003),(87,12513),(90,20714)]	127.089218
531	[(3,7184),(4,26089),(6,60),(7,35791),(9,20776),(10,22434),(11,22642),(14,35829),(15,7002),(16,2312),(20,14127),(21,1652),(22,36190),(25,14851),(26,34387),(27,30095),(29,4535),(32,5315),(33,8022),(36,1738),(37,12832),(40,8484),(41,26674),(42,35006),(44,17043),(45,19240),(46,16749),(47,8406),(50,28291),(54,870),(56,31941),(57,19936),(58,7249),(59,16467),(60,8081),(61,24501),(62,11446),(65,16971),(67,27579),(70,37495),(71,1993),(72,18052),(74,4706),(75,26073),(76,38744),(77,32434),(79,33708),(81,9646),(82,11727),(83,28237),(84,35326),(88,18856),(89,34245)]	138.447859
532	[(2,37495),(3,21474),(6,26228),(7,9239),(8,38462),(10,10807),(11,2693),(13,16091),(16,35307),(18,5438),(19,10974),(20,689),(21,37807),(24,27387),(25,21880),(26,16583),(31,1880),(32,8659),(33,34254),(34,19523),(35,11253),(38,19065),(40,37281),(41,29250),(42,33171),(43,16309),(44,2152),(47,11296),(48,37614),(49,24120),(51,7697),(52,35004),(53,10587),(54,21446),(56,36171),(57,21724),(58,3420),(59,10008),(60,33529),(62,2455),(64,36),(66,8321),(67,9370),(68,25689),(69,2095),(70,32963),(73,3772),(74,18181),(77,32980),(78,38811),(80,11351),(81,30478),(82,27963),(84,29178),(85,37211),(87,36243),(90,6098),(91,27178),(92,30533)]	132.180932
533	[(0,16941),(4,16597),(6,8924),(7,14276),(10,35040),(12,11983),(13,10179),(14,15375),(15,2599),(16,25096),(17,34843),(18,22378),(19,12465),(20,26437),(25,27869),(27,9938),(28,7598),(29,23389),(30,22111),(33,33642),(37,28385),(38,10549),(40,20054),(43,37848),(44,6937),(46,16427),(48,30638),(49,30040),(51,15288),(53,15319),(54,35111),(57,38954),(58,25751),(59,9487),(60,20920),(61,33649),(62,35680),(64,23077),(65,29718),(67,20229),(68,10325),(71,15287),(72,23561),(73,188),(74,3545),(75,11507),(76,12290),(77,17275),(78,13436),(79,36329),(80,5025),(81,771),(82,20692),(83,24033),(84,20194),(85,28564),(87,14447),(88,27766),(89,36186)]	132.714305
534	[(0,5873),(1,3252),(2,21139),(3,24367),(4,30154),(8,34562),(9,13203),(10,14798),(11,31845),(13,23046),(14,37404),(18,16081),(22,15958),(23,4259),(24,27027),(25,33060),(28,16804),(29,18261),(30,21615),(31,9640),(32,22375),(33,24580),(34,15784),(35,32120),(39,812),(41,24959),(42,16822),(43,23923),(44,17700),(45,4055),(46,16350),(47,3451),(48,30161),(49,24235),(51,30806),(52,16847),(53,6488),(55,35198),(57,38299),(62,305),(63,14333),(64,8538),(65,14478),(66,32725),(68,38294),(70,38373),(72,36033),(74,25040),(76,27059),(78,14425),(81,20192),(82,33340),(84,29638),(86,17862),(89,34773),(90,9249),(92,1443)]	133.397666
535	[(1,3754),(2,9207),(3,12572),(7,8185),(8,5392),(10,23372),(11,37366),(13,34488),(14,22228),(16,14219),(17,16685),(19,27909),(20,15145),(21,19234),(23,17760),(24,21918),(25,5042),(26,23133),(27,30520),(30,20803),(32,26254),(33,9694),(35,16677),(36,29782),(37,37899),(39,11935),(40,21366),(43,22733),(44,33199),(45,34235),(46,17794),(47,28327),(48,13687),(49,1406),(50,16518),(51,20097),(53,23136),(54,21851),(55,8787),(57,17993),(58,27850),(59,19484),(60,5442),(61,26196),(62,34981),(67,4850),(70,11615),(72,1810),(73,17168),(77,20983),(78,433),(80,14492),(81,34161),(82,14632),(83,1409),(84,33282),(86,5362),(88,10139),(89,2413),(90,19739),(91,30946),(92,30590)]	125.422902
536	[(0,3997),(1,21618),(2,23350),(3,30373),(4,2389),(5,30307),(8,6474),(9,3973),(11,21998),(12,30681),(13,21281),(15,23577),(16,18517),(17,27372),(20,11886),(21,9244),(23,7336),(25,24940),(27,19881),(28,25261),(30,19929),(32,13114),(34,1317),(35,9957),(36,38899),(37,3761),(38,31781),(39,17905),(41,34272),(43,1256),(44,11641),(45,6017),(47,947),(49,31379),(50,2897),(52,24255),(55,15163),(56,17937),(57,38530),(58,7115),(60,36261),(61,6531),(64,26363),(65,6682),(66,23238),(67,23764),(68,15568),(69,38475),(70,32668),(72,218),(73,17505),(75,21319),(77,30802),(78,27222),(79,16351),(80,22662),(82,31033),(83,3035),(84,18520),(85,35295),(86,4719),(87,11229),(90,26635),(92,30280)]	120.714466
537	[(0,35988),(3,23400),(7,7374),(10,15309),(13,25797),(14,24097),(15,7930),(16,19571),(17,24543),(18,22996),(19,966),(20,19320),(22,1734),(24,32075),(26,12367),(27,26637),(28,6813),(29,14917),(30,4927),(31,29803),(32,2683),(35,16957),(36,21127),(37,25763),(38,6562),(39,32904),(42,11695),(43,22955),(45,4167),(47,8417),(48,2068),(51,28205),(53,27000),(54,3403),(55,13375),(58,24787),(62,22859),(65,33570),(66,24244),(67,28703),(68,31733),(69,6446),(70,24841),(74,8061),(76,36128),(79,26196),(80,34981),(82,28420),(83,945),(86,11187),(87,7102),(88,36492),(89,32416),(90,16736),(91,39057),(92,28999)]	133.731562
538	[(0,6789),(2,20165),(5,25355),(8,25987),(9,24624),(10,23090),(11,35452),(12,15877),(13,5402),(14,27147),(19,3671),(20,4792),(22,23716),(23,36278),(26,24725),(29,35403),(30,6675),(31,8790),(32,28441),(34,31165),(36,24855),(37,33036),(40,36171),(41,17331),(43,27032),(44,29334),(45,12301),(46,30377),(49,27625),(50,28884),(51,37578),(59,23948),(62,31363),(63,10601),(65,22546),(66,10011),(68,22100),(69,36151),(72,25542),(73,6682),(74,39131),(75,38349),(79,32679),(80,37259),(81,132),(82,30809),(83,37775),(86,19919),(88,10024),(90,35218),(91,27253)]	134.942007
539	[(1,30181),(2,12377),(3,3252),(4,9563),(7,13779),(8,37358),(9,28760),(10,38970),(11,4956),(12,26442),(14,37069),(15,9229),(18,37515),(19,10076),(21,13338),(22,34799),(23,28355),(24,30411),(25,26786),(27,14951),(28,16434),(29,18380),(30,22730),(31,11518),(32,35923),(33,30997),(34,38505),(35,33214),(36,1281),(37,2321),(38,8195),(41,35856),(43,6369),(44,5222),(45,29064),(46,6696),(47,36710),(48,5848),(50,2659),(51,27938),(53,11079),(56,27200),(57,14872),(58,26396),(59,31348),(61,10258),(64,26005),(65,9176),(66,27166),(69,899),(71,30685),(72,15965),(73,21031),(76,5958),(78,20366),(79,33851),(80,8428),(81,9319),(82,871),(83,1629),(84,10532),(85,39076),(88,19678)]	143.037606
540	[(0,6680),(1,16813),(3,17754),(5,33826),(6,33755),(7,9930),(8,25252),(11,28979),(13,4586),(15,23344),(17,14574),(18,30768),(21,19963),(22,21989),(25,15978),(26,34541),(28,35548),(32,28241),(34,25443),(37,14954),(38,31825),(39,6323),(40,37926),(42,25262),(43,38935),(44,36476),(46,24815),(47,7237),(49,14915),(50,4659),(53,21739),(54,22817),(57,7096),(60,2053),(63,24968),(65,28881),(66,25708),(67,28887),(70,12042),(71,28332),(72,15556),(73,15670),(74,29375),(75,26731),(76,1411),(79,25516),(80,11444),(82,29959),(83,18011),(86,29714),(87,20097),(89,37713),(90,33699),(91,11948)]	142.397968
541	[(1,8809),(4,21792),(5,11919),(6,18663),(8,25935),(9,10672),(12,32973),(14,22055),(16,2175),(17,12441),(19,10332),(20,34737),(21,31394),(22,1237),(23,33204),(26,17089),(27,1556),(28,15626),(30,13799),(31,23251),(32,21290),(33,24990),(35,20850),(36,24103),(37,36120),(39,15570),(40,38991),(42,10945),(43,6888),(45,26696),(46,6121),(47,37906),(48,14199),(49,10903),(50,27229),(51,15747),(52,8645),(53,34856),(54,9215),(55,2185),(58,34368),(65,25454),(66,25742),(67,11229),(70,10873),(71,661),(73,3919),(74,5842),(75,10850),(77,23421),(78,21421),(79,33704),(80,4235),(81,21317),(84,9724),(89,17627),(90,6162),(91,19285),(92,3067)]	134.411403
542	[(0,14804),(1,10117),(2,36991),(3,21701),(4,16979),(7,2661),(8,38038),(12,27851),(14,10014),(16,16006),(17,1396),(18,22129),(20,37649),(22,6145),(23,32788),(26,28353),(28,15874),(31,22448),(32,6175),(33,12250),(34,12070),(36,10296),(39,28772),(40,18675),(43,16755),(44,13912),(46,9935),(47,25873),(48,24717),(51,21124),(52,3127),(56,19053),(57,24679),(58,22526),(59,17173),(61,17335),(62,38609),(64,22120),(65,26693),(66,27274),(69,7628),(70,36324),(71,21436),(72,2010),(74,27448),(78,25784),(80,8244),(81,1642),(82,38506),(83,28309),(84,30978),(87,21689),(88,14441),(89,23620),(90,22161),(92,14970)]	120.859398
543	[(1,28195),(3,25777),(6,32432),(9,31595),(10,14655),(12,36628),(15,9148),(17,16681),(19,38511),(21,25340),(23,12789),(24,34656),(25,25494),(26,35765),(28,33741),(31,24590),(32,26000),(33,30169),(34,36713),(36,20850),(37,15976),(38,36762),(42,37342),(43,4310),(44,4776),(45,29398),(47,31053),(49,18197),(50,18513),(53,8084),(54,13679),(58,34180),(59,30336),(62,29526),(65,19402),(66,31702),(69,30786),(71,9315),(72,10753),(74,16592),(75,14352),(78,14890),(79,34447),(81,5696),(82,29351),(83,15472),(84,17519),(90,32324),(91,13558)]	116.919986
544	[(0,17773),(1,671),(3,12837),(5,5765),(6,27991),(8,925),(10,21847),(11,24679),(13,34302),(16,1913),(19,18752),(20,16691),(21,13750),(24,14142),(26,22582),(28,16084),(29,9336),(31,21498),(32,25216),(33,52),(34,21642),(35,24600),(39,32702),(40,20940),(41,34609),(42,23673),(43,2110),(44,33094),(46,703),(47,12072),(49,38920),(51,20133),(53,5679),(54,10959),(55,22144),(56,30677),(58,893),(59,25574),(60,27419),(61,26412),(62,21994),(63,25217),(64,3607),(65,21529),(69,24076),(70,160),(71,16871),(73,37600),(79,30571),(80,9332),(85,27246),(86,34938),(88,35023),(89,19009),(90,814),(91,11955),(92,4187)]	128.608633
545	[(1,11398),(2,29488),(3,37723),(4,3630),(5,16424),(6,11313),(9,28827),(10,21453),(11,35609),(12,33728),(13,26701),(14,28760),(17,33663),(18,33648),(20,12598),(21,3100),(22,29585),(24,12700),(25,1144),(26,16990),(27,13488),(29,18727),(30,33086),(31,38129),(32,2366),(33,31575),(34,8305),(35,23448),(37,8976),(39,17401),(41,2262),(43,3989),(44,9240),(46,8341),(48,16595),(49,37832),(51,27404),(52,10019),(53,11207),(55,23226),(56,12896),(58,15147),(59,4441),(61,29418),(62,22574),(63,37594),(64,16052),(65,14296),(66,23317),(68,12450),(70,35327),(74,1520),(76,11097),(77,28120),(79,27634),(80,15248),(81,16868),(84,483),(86,35016),(87,38755),(89,31346),(90,7007),(91,30519)]	176.886850
546	[(0,1984),(1,3917),(3,7033),(4,3776),(5,14273),(7,37078),(9,15720),(10,6261),(11,30795),(12,7442),(15,35548),(18,31918),(19,17847),(20,32416),(21,37974),(26,23992),(27,38272),(28,25223),(29,28247),(30,10647),(31,14013),(32,8555),(33,21509),(36,2291),(37,27701),(39,3425),(43,16761),(46,3608),(49,3376),(50,30107),(51,26503),(52,7294),(53,27972),(54,24886),(55,36867),(56,17813),(58,8428),(59,6047),(60,21723),(61,3921),(64,36527),(65,35549),(67,27908),(68,4518),(69,30426),(71,6602),(72,9359),(76,17387),(77,4890),(79,10829),(80,16617),(83,6011),(84,10795),(85,16855),(86,27627),(88,31188),(89,21789),(91,14800)]	275.906751
547	[(2,2914),(3,34609),(4,32400),(5,25051),(6,9717),(7,3708),(12,30451),(13,5870),(14,21164),(15,20251),(17,31497),(19,26831),(23,2668),(24,12046),(25,29776),(29,14743),(31,1359),(32,21338),(33,4465),(39,5359),(40,39174),(42,34446),(43,18343),(46,14465),(47,25891),(48,822),(49,8739),(50,32159),(51,36653),(52,38683),(53,21762),(56,22054),(57,10810),(60,24611),(65,32893),(69,38913),(70,35467),(72,29978),(74,11116),(75,13175),(76,22403),(77,22807),(80,8492),(82,27811),(83,20750),(86,5436),(87,11471),(89,35721),(90,6660),(91,6743),(92,25978)]	280.095728
548	[(0,28876),(1,35919),(2,17463),(3,36375),(5,13700),(8,5488),(12,12231),(13,33874),(14,10916),(15,23845),(16,31963),(17,21255),(21,31327),(22,12393),(23,285),(24,20466),(26,36674),(28,24500),(30,32831),(33,31831),(36,20734),(37,193),(38,32892),(39,31979),(42,33206),(43,12701),(44,15601),(48,24568),(49,25981),(50,6173),(52,9619),(55,31322),(56,22998),(57,38879),(60,34132),(63,6590),(64,12252),(65,6464),(67,37719),(68,25815),(72,37395),(73,34903),(74,6405),(76,28667),(77,6596),(78,24252),(79,5738),(80,233),(81,33670),(82,22600),(83,2820),(87,2558),(88,29523),(89,32176),(90,25246),(91,38857)]	249.316105
549	[(0,12999),(1,33937),(2,14797),(4,18542),(6,22183),(9,19928),(10,12531),(11,15992),(12,16803),(13,8640),(15,38774),(17,13962),(19,5508),(20,19979),(21,6594),(23,34360),(24,20179),(25,8144),(27,37286),(28,25738),(29,25502),(30,14543),(32,27419),(33,7630),(35,8046),(39,7477),(40,27653),(42,20919),(44,847),(47,29290),(48,881),(50,35039),(51,10895),(52,10630),(54,31678),(56,16755),(57,36313),(58,26955),(60,20905),(62,3059),(64,23343),(65,18454),(67,24452),(69,38096),(71,35540),(72,2776),(74,12168),(75,18808),(76,26948),(77,31081),(78,4391),(83,22832),(84,21725),(86,39118),(87,20433),(89,155),(92,2867)]	249.340521
550	[(0,6384),(3,34386),(4,8460),(5,18592),(9,20233),(10,30863),(12,17076),(14,27257),(15,6937),(16,23472),(17,27008),(20,36890),(21,33796),(22,24404),(23,14165),(25,1645),(26,22710),(27,31946),(28,4985),(29,33265),(32,16017),(33,8175),(35,27848),(36,17912),(38,20894),(39,17308),(40,11903),(41,1469),(42,17401),(45,33835),(46,9961),(48,33838),(50,13538),(51,21039),(52,22353),(53,16052),(54,14296),(56,28887),(57,468),(60,15839),(62,81),(63,35746),(64,38896),(66,17061),(69,9683),(70,18933),(71,34361),(72,36121),(73,27122),(74,8677),(75,12520),(77,38404),(80,18892),(82,36719),(83,4455),(84,7642),(85,9981),(86,21334),(87,4446),(89,37972),(90,384),(91,28747)]	275.879245
551	[(3,18684),(6,195),(9,9869),(12,3758),(15,19244),(16,16830),(18,7751),(19,35922),(20,6470),(21,35064),(22,29478),(27,28390),(28,4988),(30,4918),(32,22036),(35,13116),(42,37232),(43,4502),(44,8469),(46,23368),(48,35013),(49,37626),(51,30729),(52,8823),(53,28094),(56,8532),(58,24294),(61,28272),(62,26818),(63,25155),(64,422),(65,36030),(66,4732),(68,321),(72,26369),(73,10903),(75,19925),(76,13535),(77,37824),(81,10730),(83,1761),(84,15016),(86,37987),(87,33628),(91,8501),(92,21682)]	272.123485
552	[(0,12000),(2,25919),(3,12824),(4,16078),(6,30254),(8,34383),(13,4994),(14,15999),(15,8511),(16,3801),(19,27089),(20,30486),(22,38989),(23,5465),(24,14121),(25,11017),(27,19144),(28,4071),(30,9412),(31,5408),(33,22058),(35,38998),(37,16028),(41,3734),(42,10455),(45,38126),(46,10784),(47,28323),(48,3807),(51,31743),(53,16982),(56,4535),(57,24886),(62,23217),(68,12731),(69,14661),(70,26816),(71,36732),(72,15761),(73,20195),(74,1210),(77,27778),(81,25345),(82,7536),(83,20464),(85,34327),(87,23193),(88,1374),(89,27772),(90,25615),(91,21116)]	268.718260
553	[(0,39158),(1,31984),(2,26154),(5,8964),(6,13702),(7,22295),(8,32278),(9,28053),(10,13443),(11,11034),(12,4863),(13,9480),(14,2333),(15,9100),(16,31055),(18,3564),(21,31441),(22,26052),(23,20864),(24,11524),(25,12593),(26,2779),(27,21501),(30,33246),(31,39065),(32,17631),(34,11472),(35,36367),(36,21078),(37,35273),(38,37195),(40,11228),(44,16965),(45,9096),(46,22381),(48,27557),(50,27484),(51,36532),(52,14594),(55,36006),(57,22122),(58,26383),(60,27909),(61,15749),(62,16036),(64,32753),(65,14539),(67,30581),(69,30835),(70,12366),(71,19766),(72,1908),(74,242),(75,29711),(77,14629),(79,12925),(80,13700),(83,5488),(86,31118),(88,32172),(89,9229)]	253.290277
554	[(0,36531),(3,29155),(4,38382),(9,35602),(13,2810),(14,3155),(15,18029),(16,7742),(18,9157),(20,8565),(21,27741),(23,35120),(24,16095),(25,22467),(28,5293),(33,32159),(34,4614),(35,19296),(38,8498),(39,34233),(40,29449),(42,38589),(46,17623),(47,19713),(48,7809),(49,27289),(51,26409),(53,28585),(54,9507),(56,31605),(59,23075),(61,616),(62,23333),(63,9972),(64,20212),(65,8429),(66,2391),(67,18244),(68,4957),(69,25854),(71,5754),(73,18391),(74,35734),(75,18421),(77,14967),(80,12843),(83,694),(84,26939),(85,27275),(86,27046),(90,30863)]	263.141545
555	[(0,19045),(3,26303),(4,6056),(7,11922),(8,34283),(9,29395),(11,4558),(14,10101),(15,18010),(16,17540),(18,27154),(20,30597),(23,29391),(24,38655),(25,5848),(26,8055),(27,4231),(28,10155),(30,32155),(31,26428),(32,6674),(34,5361),(35,32604),(36,27165),(38,36657),(42,16565),(43,30895),(44,9049),(46,13209),(47,10700),(49,18287),(50,21825),(51,6133),(52,11068),(53,521),(54,26173),(56,7684),(59,7091),(62,1304),(63,23732),(64,36850),(65,37873),(67,16697),(68,25067),(69,31332),(70,19604),(72,27215),(73,28652),(74,15866),(75,4916),(77,21181),(79,34244),(81,21811),(82,4527),(83,9400),(85,10845),(86,31321),(88,14218),(89,37725),(90,15941),(92,38555)]	251.391126
556	[(0,7589),(2,24677),(3,33417),(4,21806),(6,1939),(7,21483),(8,3858),(13,23154),(14,4424),(16,11365),(17,29691),(21,14706),(22,6257),(23,10114),(24,33542),(27,36962),(28,19383),(30,37142),(31,18359),(32,30450),(33,24208),(35,23624),(36,26291),(37,16879),(38,17992),(41,4619),(42,32955),(43,32232),(44,24087),(45,21994),(46,10075),(49,3127),(50,26090),(51,320),(52,7259),(53,15370),(59,21870),(61,2742),(65,31129),(66,970),(69,34304),(70,35605),(71,34890),(73,33396),(74,3931),(75,24174),(76,146),(78,21548),(83,7396),(84,17973),(86,7002),(87,13714),(91,6766)]	256.607887
557	[(0,8064),(1,28688),(3,20452),(4,19163),(6,11912),(7,30740),(8,22154),(9,2851),(10,29088),(12,5612),(14,17408),(15,533),(16,31495),(18,21145),(19,27871),(20,9262),(24,557),(25,2615),(28,34222),(29,27589),(33,16421),(34,26990),(35,19748),(37,17194),(38,30077),(39,615),(40,26640),(41,6289),(42,11433),(45,18529),(46,17603),(47,16145),(50,35567),(51,36802),(52,35268),(54,21175),(55,9957),(57,15818),(58,34408),(59,175),(60,2716),(61,23377),(63,1262),(65,14023),(66,13297),(67,19965),(68,15506),(71,7999),(72,29395),(73,38356),(74,11457),(76,30672),(80,35192),(84,32916),(85,564),(87,12374),(88,20077),(89,39162),(90,34016),(91,20613)]	250.612487
558	[(1,10484),(3,10756),(4,23935),(5,25154),(7,30443),(8,27692),(9,17390),(10,25838),(11,8382),(13,14943),(14,1050),(16,4593),(17,11607),(18,22624),(19,33270),(21,14085),(22,12814),(26,23847),(28,1251),(31,4175),(32,37959),(34,30856),(35,32885),(36,38130),(39,2356),(40,7389),(42,5009),(43,24192),(44,10186),(45,26600),(46,38395),(49,12366),(50,10848),(52,17178),(53,26388),(54,37439),(56,6899),(57,27242),(58,14844),(59,1618),(60,16049),(61,14617),(62,17089),(63,14840),(64,4943),(65,16897),(66,32305),(69,5561),(70,4327),(75,31103),(77,14474),(81,23437),(82,29316),(83,5939),(85,6709),(87,11707),(88,14945),(89,36703),(90,2075),(91,9282),(92,20950)]	283.015022
559	[(0,17696),(4,22839),(5,5685),(8,24876),(9,14183),(10,11655),(11,38232),(14,37955),(15,23339),(17,8948),(18,29909),(20,18852),(23,34421),(24,20607),(30,27164),(31,21503),(32,17600),(33,10211),(35,18529),(37,29591),(38,20552),(39,32337),(40,37948),(41,21290),(42,27161),(45,11418),(46,38053),(47,28726),(49,10829),(50,16617),(52,25873),(53,2771),(57,15042),(58,33498),(62,14561),(63,6585),(67,10769),(68,36677),(69,21901),(70,15905),(72,17154),(73,2947),(75,25724),(77,16548),(78,37765),(79,17319),(82,16910),(84,7440),(85,1995),(86,38427),(87,5907),(88,28060),(90,33444),(91,19072)]	224.880727
560	[(4,23204),(5,13442),(6,36334),(9,17972),(10,22300),(13,2129),(15,16739),(16,12955),(17,4093),(19,5104),(20,5089),(21,33754),(22,13567),(24,31416),(27,30380),(28,26068),(29,18161),(30,23512),(31,38749),(32,6869),(33,25442),(34,6676),(35,9862),(41,20791),(44,27014),(45,13509),(47,3133),(48,12715),(50,4875),(52,19746),(53,31817),(55,26477),(58,17315),(60,3125),(62,11991),(63,36740),(67,13497),(68,31702),(69,11001),(70,27162),(71,32593),(72,24161),(74,23375),(75,12507),(76,31771),(78,18997),(79,5966),(80,36090),(83,26708),(84,34691),(87,25606),(88,38965),(89,21426),(90,20149),(91,28403)]	134.526258
561	[(1,15264),(6,4462),(7,5579),(8,29549),(9,23646),(11,10029),(13,16312),(15,25877),(16,11793),(18,2080),(19,24752),(20,9052),(21,3656),(22,29140),(24,30532),(26,21664),(27,32848),(28,24642),(29,3532),(30,15899),(32,21608),(33,18992),(34,30110),(35,20871),(36,19981),(37,27815),(38,25760),(39,32299),(40,11246),(41,8682),(43,24822),(44,12963),(45,17558),(46,35429),(47,16206),(48,38316),(49,23174),(50,14837),(53,16344),(56,4661),(64,2042),(66,15115),(67,518),(68,10860),(70,9131),(71,29686),(74,34267),(75,29870),(76,34292),(77,4760),(78,29304),(81,405),(82,7863),(83,18324),(84,19756),(85,13119),(86,17688),(87,21296),(88,4957),(89,25854),(90,32169),(91,13750)]	133.652334
562	[(1,35685),(5,36999),(7,17493),(8,32137),(9,31750),(10,22734),(12,36961),(13,14405),(14,36871),(15,30784),(16,19418),(18,7621),(19,27828),(20,1973),(21,32488),(23,7283),(24,29646),(27,6269),(29,14334),(30,11623),(34,21337),(35,578),(38,5735),(40,2504),(41,13449),(42,5932),(43,6625),(46,11474),(47,37211),(49,19750),(50,16004),(55,32224),(56,5476),(57,5383),(59,31381),(60,39117),(62,4555),(63,29002),(64,38536),(65,8091),(68,1653),(69,32128),(70,21924),(72,14900),(76,23296),(77,9523),(78,32253),(80,28967),(81,17437),(82,4636),(83,909),(86,18791),(88,37026),(89,22480),(90,11018),(91,16465),(92,13368)]	129.144433
563	[(0,34837),(3,37830),(5,6498),(7,30793),(10,23762),(13,19621),(15,4164),(18,26173),(20,10097),(22,1070),(23,25023),(24,22616),(27,4999),(28,15390),(31,14993),(33,39033),(35,330),(36,33447),(37,18542),(38,8789),(41,16445),(42,37838),(43,33258),(44,14072),(46,38149),(47,4680),(48,23923),(51,16373),(53,15895),(56,1919),(57,11234),(59,18372),(62,3376),(63,30107),(64,26503),(65,17962),(66,470),(68,4217),(69,2946),(70,12737),(71,14197),(73,22406),(75,11633),(76,24347),(77,39173),(79,12213),(80,362),(81,11384),(83,18803),(84,27037),(85,5843),(87,32166),(89,26744),(90,22207),(91,30651),(92,26156)]	128.438064
564	[(0,36802),(3,27849),(8,28769),(9,5434),(10,24179),(11,29191),(12,10725),(13,28061),(14,32009),(16,31370),(18,27773),(20,748),(21,25588),(22,19245),(23,24859),(28,30260),(30,35798),(31,15578),(33,29900),(34,3908),(35,23331),(36,24692),(37,34032),(39,938),(41,16719),(43,31978),(44,7043),(45,17259),(46,11064),(47,7568),(48,5070),(49,22391),(50,34524),(53,32754),(55,6816),(56,29888),(57,11495),(58,31718),(59,25791),(60,17896),(61,10236),(63,6783),(64,3013),(66,34480),(69,1364),(70,18523),(72,23797),(73,18766),(74,34715),(75,31896),(77,29719),(79,19445),(80,9697),(82,33757),(83,27777),(85,4477),(87,3274),(88,9467),(91,7485),(92,2499)]	131.620699
565	[(0,4302),(2,18301),(4,7636),(7,9802),(8,30365),(10,17426),(11,32966),(12,25979),(17,11115),(19,2296),(22,11256),(27,23618),(28,15807),(30,37524),(31,18369),(33,1527),(34,28982),(35,18920),(37,7908),(39,24021),(40,17956),(42,32949),(43,28024),(46,19881),(47,25261),(51,14061),(57,7006),(59,10836),(60,31200),(61,12994),(64,18035),(65,7718),(66,32645),(68,5560),(69,21428),(70,7163),(72,31861),(73,16626),(74,10111),(76,30006),(77,23731),(80,7132),(81,6328),(82,25950),(84,24199),(85,26288),(87,37971),(88,5643),(89,12075),(90,32802),(91,27352)]	151.802769
566	[(0,17034),(4,23054),(5,14341),(6,26408),(9,30247),(14,17731),(15,9949),(18,9651),(20,29600),(21,33894),(24,36804),(25,5570),(27,25903),(28,19016),(29,2862),(30,10199),(36,22469),(39,6169),(40,26065),(42,29175),(45,93),(46,23565),(47,730),(50,14774),(52,19137),(54,29259),(56,33940),(57,30045),(58,24891),(61,36492),(63,24813),(64,34432),(65,12937),(69,10968),(71,5798),(73,30539),(74,17270),(76,6145),(77,12663),(79,35548),(80,10564),(81,39104),(82,32487),(84,15707),(86,39091),(88,6028),(89,24187),(90,2049),(91,13005)]	121.389484
567	[(1,3455),(2,26046),(4,37556),(9,29566),(11,19920),(12,27442),(15,35222),(17,16174),(19,34038),(20,24111),(21,22728),(23,30172),(24,39103),(26,14753),(27,22160),(28,24673),(30,12768),(32,28473),(34,20561),(35,22732),(37,33189),(38,2623),(41,9464),(42,32174),(44,34053),(45,38224),(46,15726),(47,36285),(50,14587),(53,6451),(54,4675),(56,161),(57,10861),(58,10936),(59,21786),(60,13781),(61,15270),(62,4243),(63,35347),(64,9771),(65,19095),(67,36278),(70,4311),(73,22247),(76,28973),(77,2291),(78,4015),(80,39110),(81,38086),(82,28200),(87,31048),(88,6745),(90,13171),(91,4172),(92,1665)]	122.103393
568	[(0,21696),(1,897),(2,30430),(3,776),(4,2880),(5,34230),(6,2298),(7,16962),(9,28536),(11,11528),(12,31230),(14,18324),(15,19756),(17,7138),(18,6093),(19,13802),(20,16887),(21,30591),(23,674),(29,4554),(30,8505),(32,6587),(33,1062),(35,26576),(36,19331),(37,2837),(38,28095),(40,4620),(42,6376),(44,20092),(46,14796),(48,35291),(50,15582),(51,11480),(55,21734),(56,36606),(58,1960),(59,2165),(62,36369),(63,22260),(64,16626),(65,10111),(66,17082),(67,13366),(73,912),(78,5460),(79,25977),(81,740),(82,10380),(83,22756),(84,35086),(86,35562),(87,21707),(88,27581),(89,5286),(90,37528),(92,6054)]	134.874874
569	[(0,9476),(3,12038),(5,3315),(6,19434),(9,29626),(10,35989),(11,2812),(13,29608),(14,10723),(16,2325),(17,19497),(18,33645),(22,27378),(23,27560),(25,19328),(26,29687),(32,6627),(36,13728),(37,23873),(38,19987),(39,12251),(40,9102),(41,28563),(42,10828),(43,4927),(45,11871),(46,26151),(47,42),(48,8979),(50,18267),(51,30928),(54,14353),(58,12552),(59,31852),(60,11951),(61,26921),(62,37023),(63,18643),(64,23900),(66,28073),(69,21248),(71,37656),(72,11643),(73,30986),(74,15508),(75,2337),(76,1784),(77,23535),(78,14074),(79,7383),(80,29425),(81,5073),(82,9878),(84,25081),(86,2252),(87,18245),(88,23346),(90,27551),(91,31338)]	125.922271
570	[(0,15513),(1,6484),(2,32653),(4,31007),(5,27491),(7,3239),(8,31947),(10,19129),(11,38975),(12,14260),(14,3657),(15,9554),(16,17736),(18,29987),(19,26456),(21,11189),(23,156),(25,8050),(26,38342),(27,38609),(28,30616),(30,38955),(32,20396),(34,23466),(37,17742),(40,38297),(41,35491),(45,29518),(47,32743),(48,25528),(49,30932),(54,6697),(55,9323),(56,13670),(60,30271),(61,32635),(63,8916),(66,31473),(68,8634),(69,18773),(70,9773),(71,8004),(74,13905),(75,28539),(77,3483),(78,8558),(79,27266),(81,37394),(86,32500),(87,27270),(88,3919),(90,18721),(91,9902)]	123.079559
571	[(3,23231),(4,34701),(5,1947),(9,34258),(10,4197),(12,648),(13,33617),(14,32614),(15,34995),(16,4306),(20,33679),(21,4493),(27,26650),(28,17726),(29,26840),(30,34055),(32,28469),(33,9102),(34,28563),(35,25496),(40,2865),(41,28978),(42,30631),(43,38704),(44,4769),(45,13055),(46,10103),(49,5914),(50,15959),(51,32277),(52,33222),(54,24893),(55,10978),(57,17303),(58,15390),(59,7921),(62,5592),(64,34974),(68,32080),(69,3393),(70,34595),(72,25923),(73,38104),(74,30408),(75,2011),(78,2355),(80,23148),(83,18244),(84,4957),(86,24436),(87,4582),(89,7773),(90,26107)]	120.761854
572	[(3,32569),(4,2679),(6,34497),(11,1166),(12,19552),(14,33742),(15,38805),(16,12242),(18,18577),(21,2839),(23,10473),(27,32451),(28,11108),(30,14922),(32,38343),(33,15786),(35,14155),(39,19743),(40,33101),(41,35300),(42,24293),(45,2413),(47,16519),(48,22542),(49,29282),(52,33614),(53,15415),(56,42),(59,27556),(60,38894),(61,25963),(62,22100),(63,31694),(64,27799),(70,23421),(71,35898),(72,13671),(73,1345),(74,24291),(75,38291),(76,29762),(77,25493),(78,25585),(80,15532),(82,27925),(83,10980),(92,28129)]	122.602043
573	[(1,16333),(2,36795),(3,37273),(6,36889),(7,27153),(12,24127),(16,12946),(17,29157),(18,4989),(21,34641),(22,13197),(23,31824),(25,35404),(26,36938),(27,2446),(28,23277),(29,12086),(34,10571),(36,24701),(37,22819),(38,23683),(39,31343),(40,15203),(42,21879),(44,6624),(48,29973),(50,24542),(51,29367),(52,29784),(53,30751),(54,20605),(57,30035),(58,11522),(60,31342),(61,19515),(63,17411),(64,23431),(65,12668),(68,17290),(69,14157),(70,2411),(71,12950),(72,24993),(73,12497),(74,7707),(79,36123),(80,9607),(81,33298),(82,35115),(83,4105),(84,4686),(85,19294),(86,23224),(90,7160)]	154.171358
574	[(0,28619),(1,4639),(2,12081),(4,114),(5,14434),(6,35985),(8,34835),(9,36881),(10,3508),(12,29888),(13,1125),(15,18931),(19,31693),(20,23918),(21,23450),(23,26877),(25,13579),(26,23796),(27,37896),(29,3138),(31,20307),(34,10894),(35,30520),(36,7314),(37,21800),(38,31782),(39,24931),(40,15224),(41,21753),(44,29739),(47,24680),(48,12712),(49,9571),(50,34498),(51,34351),(52,4880),(53,34822),(55,38593),(56,4207),(58,28161),(59,30176),(63,3207),(65,26474),(66,12771),(67,37972),(68,2081),(70,20028),(74,1300),(76,24547),(79,3170),(80,486),(81,33414),(82,4548),(83,23484),(85,34684),(86,3391),(87,27473),(89,12314),(90,9098),(92,4064)]	125.784456
575	[(0,19708),(3,34025),(8,18887),(10,2028),(13,17886),(16,21257),(17,13242),(18,10940),(20,31846),(22,24635),(23,37512),(24,8115),(29,6143),(31,32967),(32,9969),(34,16566),(37,14756),(38,29916),(39,11787),(40,16491),(42,23154),(43,11306),(44,7155),(49,26431),(50,986),(51,35170),(54,3133),(55,21433),(56,15516),(57,12693),(58,37310),(59,30725),(60,32788),(63,18565),(64,6143),(65,14494),(66,24529),(67,28985),(68,24071),(69,18345),(70,35301),(72,18734),(73,39032),(76,16710),(77,6776),(78,26682),(80,19485),(85,13325),(86,33306),(87,7440),(88,16357),(89,9878),(91,6576)]	123.585556
576	[(1,24128),(2,7168),(3,19905),(4,2497),(5,8490),(6,38174),(7,18518),(12,24403),(13,38710),(14,22619),(15,1918),(19,19763),(20,2086),(21,26915),(27,11139),(28,7405),(31,20145),(33,2228),(34,28825),(39,34075),(40,7431),(41,23040),(42,8274),(44,35936),(47,12512),(48,27351),(50,13583),(52,39169),(54,5878),(56,14355),(57,17252),(58,30350),(60,22825),(61,36472),(62,34377),(63,14346),(64,34563),(65,37403),(66,96),(67,1753),(68,26686),(69,19664),(72,16861),(73,5129),(74,9950),(77,16517),(79,10811),(80,17496),(83,33875),(84,2658),(87,9687),(88,33833),(89,4384),(90,27429),(91,10277)]	142.129009
577	[(1,29506),(2,19819),(3,25997),(4,18347),(5,24199),(6,492),(8,17423),(9,31556),(10,15755),(11,21901),(12,17795),(13,15769),(17,5498),(18,31972),(20,1778),(21,36318),(22,2696),(23,26578),(26,29082),(27,37073),(28,9994),(29,26061),(30,34741),(32,1631),(33,25421),(37,38387),(40,15407),(41,13511),(42,29264),(43,5280),(45,36666),(48,23794),(49,34752),(50,23706),(57,20459),(58,32683),(59,10317),(60,9468),(61,21715),(63,11894),(64,11905),(65,35317),(66,24774),(67,6425),(69,4544),(71,26918),(74,19401),(76,14767),(77,23482),(81,24403),(82,119),(83,23835),(84,22972),(85,38772),(87,12797),(88,28493),(91,32161),(92,25118)]	127.273134
578	[(3,19944),(4,23013),(6,32464),(7,21129),(8,29373),(13,1786),(14,35164),(19,25611),(20,30133),(22,23523),(23,30540),(26,37297),(28,13982),(30,5238),(32,19248),(35,14442),(39,9029),(40,18248),(45,195),(46,5552),(47,32309),(48,19123),(49,20304),(50,6536),(51,25922),(54,33921),(56,25906),(57,18878),(60,18142),(61,21403),(64,21211),(65,33055),(66,30578),(67,2228),(68,28825),(71,30125),(72,19732),(73,33962),(74,470),(75,10405),(76,6640),(77,32823),(78,34021),(79,25065),(80,18131),(81,30434),(82,19813),(83,8066),(84,12887),(85,35301),(87,30690),(88,5379),(89,21513),(92,10354)]	123.714282
579	[(0,3688),(5,29918),(6,23167),(7,23488),(8,14779),(9,11757),(10,619),(11,10597),(14,11917),(16,6964),(17,3779),(20,26688),(22,17796),(23,108),(25,764),(26,8094),(27,23203),(28,4934),(29,19660),(30,13406),(32,36547),(34,33383),(36,21055),(37,7698),(39,38209),(40,79),(42,20090),(45,20508),(47,25730),(48,1701),(49,34491),(51,9090),(52,36980),(53,857),(54,37538),(55,26248),(56,19802),(57,7294),(59,32826),(60,13088),(61,32256),(62,36385),(63,34739),(64,17629),(65,1200),(66,13347),(69,34516),(70,32118),(71,16807),(72,21477),(73,26473),(74,4176),(75,14217),(76,21787),(77,20993),(78,27094),(79,25332),(81,1644),(84,5306),(88,13103),(90,31663),(91,2925)]	133.313886
580	[(0,7914),(1,14397),(3,6597),(5,33155),(6,10398),(7,32063),(9,29277),(12,6624),(13,28720),(16,14914),(19,29948),(20,8326),(21,33351),(22,26662),(23,11906),(24,38560),(26,17347),(28,14101),(31,32906),(32,27439),(36,31696),(38,1552),(43,37484),(44,23832),(45,13121),(47,6506),(53,15695),(54,940),(55,15840),(56,25956),(59,13678),(60,23852),(61,6983),(64,28237),(65,575),(66,31018),(67,4114),(68,10196),(72,8261),(73,16363),(74,38417),(75,18833),(76,17676),(77,29964),(80,11633),(84,39003),(85,38463),(87,8324),(88,14309),(89,27141),(90,19377),(91,1948),(92,36075)]	124.401833
581	[(1,32125),(4,16166),(7,31959),(8,8118),(11,2149),(12,28076),(14,31565),(15,6085),(18,30033),(21,17618),(24,36847),(25,33619),(27,36790),(28,15389),(29,2783),(31,14169),(32,28572),(33,26720),(34,32191),(35,27614),(37,38325),(38,5672),(39,27722),(40,30994),(41,25822),(43,17066),(44,29965),(46,33881),(47,786),(48,19966),(50,3527),(51,24246),(53,13280),(54,15407),(57,9357),(59,35297),(60,36886),(61,32387),(62,36099),(63,6729),(64,17684),(66,25172),(69,27202),(70,5403),(71,14667),(73,3205),(74,19758),(75,35050),(77,6704),(78,24756),(80,37057),(82,22182),(89,10825),(90,15547),(91,28991)]	148.470113
582	[(2,28956),(3,28157),(4,25859),(5,18346),(6,22513),(9,17512),(10,37910),(12,35863),(13,25194),(14,26528),(15,23000),(16,8609),(20,15336),(22,21317),(24,10654),(25,25056),(26,24846),(28,6569),(29,19575),(30,28803),(32,25206),(34,3016),(35,17989),(36,37186),(37,13540),(39,9442),(41,35560),(42,12035),(44,19967),(46,31192),(48,21343),(49,32235),(50,24548),(51,7996),(52,8300),(53,35204),(54,5215),(56,20818),(57,13843),(58,15623),(59,6657),(60,36756),(61,25620),(63,554),(66,26285),(67,5184),(68,36204),(71,25199),(73,35420),(76,17335),(77,5789),(78,5862),(79,31356),(81,8724),(82,38354),(83,36462),(84,21661),(87,12875),(88,32764),(91,26206)]	119.874631
583	[(0,12218),(2,29137),(4,25064),(5,36398),(6,1122),(9,10301),(10,7701),(11,5504),(12,24276),(13,1687),(14,16501),(17,7785),(19,21629),(20,21875),(22,38756),(23,11959),(27,20741),(33,33713),(35,35348),(36,34090),(37,15566),(39,38141),(42,1158),(43,22240),(44,703),(45,12072),(46,36259),(47,15771),(49,20652),(52,501),(54,14684),(55,26526),(57,13834),(59,16088),(61,6080),(62,33552),(63,27403),(64,26302),(65,33808),(66,31917),(67,20198),(68,29541),(71,25521),(72,29810),(74,2080),(77,26608),(79,32067),(80,38205),(81,12751),(82,1706),(83,13845),(84,20033),(85,12038),(87,11577),(88,21274),(89,18307),(90,5623)]	140.235454
584	[(0,6150),(1,16999),(2,37908),(3,13819),(4,27831),(6,20866),(7,4345),(8,3974),(9,16637),(10,37049),(12,20909),(13,32657),(16,27910),(17,29439),(19,10530),(22,32446),(23,19775),(25,30892),(26,12545),(28,33574),(30,26980),(31,17528),(33,20534),(34,15703),(39,26595),(40,34037),(41,27597),(42,27919),(43,29273),(44,8160),(47,14849),(48,18150),(49,26434),(50,8526),(52,19019),(54,5281),(56,29377),(57,25863),(58,2707),(59,10910),(60,29724),(61,18192),(62,339),(64,38755),(69,34449),(70,14021),(71,21280),(72,36812),(73,15338),(74,14219),(76,30617),(77,22026),(78,5415),(79,6850),(80,17219),(81,12697),(87,25302),(89,8281),(90,23942),(91,20171),(92,23751)]	128.905426
585	[(0,14996),(2,37256),(3,8293),(4,38564),(10,36461),(11,38829),(12,7190),(13,27053),(16,1349),(17,22265),(19,31857),(20,10185),(21,31602),(23,10401),(25,20107),(27,35817),(28,10167),(30,19821),(32,17683),(33,29319),(34,8020),(35,37786),(37,10487),(38,7761),(40,33854),(41,17044),(42,8556),(43,13768),(46,20615),(48,23202),(49,20002),(50,27202),(51,33497),(52,1339),(53,26197),(54,32045),(55,16615),(56,12492),(57,7325),(59,37032),(60,23899),(62,21356),(64,22056),(65,16776),(68,14389),(71,7446),(73,2708),(77,33161),(78,36418),(79,24266),(81,14911),(82,21304),(84,21563),(89,7353),(90,11761),(91,5575)]	127.813012
586	[(0,35505),(2,14853),(3,14465),(4,25891),(5,14461),(6,26059),(7,30791),(10,9689),(13,117),(16,7925),(21,8108),(22,22060),(23,28737),(24,6714),(25,2900),(29,16883),(31,7624),(32,26321),(33,20674),(34,28885),(35,28161),(36,30176),(37,20941),(38,25763),(39,6562),(40,6757),(41,35887),(42,19074),(43,20026),(45,23104),(47,2567),(48,3776),(49,6533),(51,38768),(53,24582),(57,12394),(58,4169),(59,39178),(60,21719),(61,15314),(67,24530),(69,4442),(70,14781),(71,30569),(73,29719),(74,19797),(75,31334),(76,22325),(78,30407),(79,30843),(81,22157),(83,29283),(84,174),(87,16573),(89,10134),(92,32371)]	125.572701
587	[(2,34060),(3,36209),(4,29188),(5,14379),(6,4910),(7,34900),(8,14412),(10,6201),(11,22034),(15,33802),(17,33625),(19,37508),(20,6652),(21,28392),(30,2334),(33,30762),(34,1768),(35,9611),(37,12681),(39,8911),(40,31733),(41,25945),(42,31590),(45,30852),(46,14063),(47,2651),(51,33117),(52,30785),(53,1630),(54,15390),(55,7335),(58,36695),(61,13386),(63,29927),(64,11217),(65,30090),(68,7694),(69,37881),(70,27190),(74,19541),(75,1162),(77,592),(79,11753),(80,20501),(81,23441),(83,25130),(85,1655),(86,34516),(87,32118),(90,1909),(91,32231)]	133.658351
588	[(0,37232),(1,33940),(2,30045),(3,24891),(4,32666),(6,20716),(7,15673),(9,36588),(10,16075),(12,3508),(14,2630),(17,32493),(18,27849),(19,3196),(22,612),(23,19414),(24,10482),(25,13189),(27,16311),(31,8700),(32,4240),(33,7829),(34,7829),(36,11675),(37,9871),(39,31229),(44,465),(45,27928),(46,19518),(48,11718),(49,33970),(50,1057),(51,3444),(52,13717),(53,10112),(55,15840),(56,6353),(57,30756),(58,34138),(59,21171),(61,27418),(62,31403),(63,15511),(64,6798),(66,4266),(68,38875),(69,7295),(70,16057),(71,30777),(72,5984),(73,22144),(74,8730),(75,32993),(76,13777),(77,32666),(79,9409),(81,19783),(82,18617),(85,26425),(88,21837),(91,7945),(92,5723)]	125.236257
589	[(2,578),(3,12006),(4,9295),(5,26515),(6,10974),(7,3560),(9,21101),(11,3498),(12,26825),(14,13654),(15,23755),(16,34962),(17,4749),(19,16684),(20,19600),(21,14746),(22,10882),(23,4188),(24,36732),(25,15761),(27,14018),(28,23044),(29,5751),(32,1737),(33,27205),(35,5681),(36,2662),(39,2411),(40,10878),(43,32320),(45,38651),(46,11411),(47,12221),(49,30364),(51,7503),(52,12105),(54,33335),(56,70),(57,25030),(58,6613),(59,7852),(60,15127),(61,37316),(62,34962),(64,19879),(65,992),(68,24536),(69,21233),(70,12137),(72,15582),(75,17250),(77,29833),(78,35213),(79,12351),(80,8847),(83,23769),(84,14161),(85,35369),(87,19469),(88,5421),(89,12153),(92,21659)]	155.215363
590	[(0,16236),(2,15124),(4,10733),(5,38233),(8,27111),(12,31088),(14,6143),(15,37046),(17,20424),(19,1335),(21,11533),(22,39057),(23,28999),(26,24876),(27,14183),(28,11655),(30,34325),(31,3939),(34,5466),(36,14641),(38,30829),(39,35196),(40,32170),(42,2630),(43,14964),(45,12625),(46,24477),(47,8390),(48,8344),(50,7427),(51,20651),(54,10140),(57,33648),(59,30248),(61,30354),(63,33882),(64,12809),(65,32098),(66,21776),(67,25382),(69,6468),(70,29503),(72,37067),(74,35198),(76,28252),(78,20849),(79,10374),(80,35863),(82,16786),(85,23718),(86,34525),(88,36068),(89,8487),(90,4369),(91,29347),(92,11464)]	126.315958
591	[(0,731),(1,21689),(2,7342),(5,18688),(7,34305),(10,6211),(12,22174),(13,17658),(16,23564),(17,13758),(20,24703),(21,36439),(22,33007),(23,1581),(24,13816),(25,20531),(26,23944),(29,1080),(31,2399),(32,12562),(33,18130),(34,3588),(37,14653),(39,8844),(40,23385),(41,8096),(44,10308),(46,15639),(48,25427),(49,31685),(50,27818),(51,15417),(54,9457),(55,10447),(56,5805),(58,36764),(61,12582),(62,3764),(64,8180),(65,34347),(66,37600),(67,38036),(69,37191),(70,14745),(75,28703),(76,4907),(77,30934),(78,26557),(82,16814),(83,27877),(84,12831),(85,37773),(86,4443),(91,29673),(92,5603)]	136.282296
592	[(0,21790),(2,26697),(5,25022),(6,32664),(7,7279),(9,1181),(10,2141),(11,35176),(12,24376),(14,20318),(15,15396),(17,3577),(18,35605),(21,23996),(22,38093),(24,26186),(25,31950),(26,11572),(27,27021),(28,36784),(29,32793),(30,31076),(31,20256),(32,33496),(34,6723),(35,7289),(36,38293),(37,14590),(38,19361),(40,25401),(42,35421),(44,11482),(45,13946),(49,24819),(50,19831),(51,6306),(52,18314),(53,17146),(56,39000),(58,36665),(59,25124),(60,4183),(61,4476),(63,127),(64,28930),(65,28464),(66,6545),(68,9192),(71,35737),(72,36294),(74,12274),(75,21910),(76,12376),(77,7723),(78,5951),(79,34099),(80,15874),(83,28533),(86,21128),(87,17597),(88,12983),(89,2770),(91,18209),(92,37882)]	135.965294
593	[(0,36805),(1,30053),(2,29078),(4,29951),(5,17827),(7,13347),(11,26701),(12,38989),(13,5465),(14,36387),(15,6315),(17,2428),(22,17916),(24,6964),(25,31681),(26,17052),(27,16735),(28,11415),(29,36680),(31,19161),(32,16507),(33,13569),(34,20651),(36,31281),(37,21236),(38,8452),(39,33846),(40,21468),(42,22094),(43,14843),(45,23658),(47,35244),(48,29504),(50,14321),(53,21101),(55,32178),(56,20524),(58,9368),(59,31359),(60,33162),(61,29121),(62,13605),(63,32123),(64,18817),(66,26274),(67,9723),(68,8375),(69,3694),(70,38454),(73,15885),(74,8098),(75,19572),(76,6629),(77,33202),(78,10489),(80,3642),(81,4428),(83,33074),(84,36302),(85,6583),(86,7292),(87,10978),(88,3817),(89,26199),(92,19035)]	133.643452
594	[(0,21019),(1,29115),(2,26126),(3,35965),(4,14801),(6,32623),(7,34882),(8,35342),(9,6159),(13,24385),(15,16740),(16,1365),(20,27424),(23,34120),(24,28407),(26,35100),(27,23342),(28,36445),(34,31143),(35,23382),(37,21682),(39,20153),(40,5251),(42,38460),(44,30969),(47,12715),(51,3225),(52,22992),(53,7236),(54,4621),(58,36845),(60,26521),(61,5030),(62,7150),(63,8747),(64,24834),(65,29264),(66,15499),(68,14524),(69,18314),(70,17146),(71,27910),(72,20424),(73,21509),(74,17176),(77,1793),(83,751),(85,10712),(86,38499),(87,9011),(89,34463),(90,19908),(91,11734),(92,20687)]	124.986808
595	[(0,8968),(1,36596),(5,10999),(8,36528),(9,27571),(11,28701),(13,20711),(18,15573),(19,20033),(21,32395),(22,22590),(23,9477),(25,19567),(26,27523),(27,17147),(28,18221),(30,30132),(31,12327),(32,30204),(33,29727),(38,29579),(39,11448),(40,22255),(42,17040),(43,3851),(45,9628),(47,29808),(48,17898),(49,4074),(51,18832),(53,5190),(56,15871),(57,9311),(59,14162),(60,17607),(61,15593),(62,536),(63,18236),(64,23820),(70,13417),(71,6884),(72,17355),(73,18450),(78,19252),(80,33342),(82,4427),(83,29626),(84,16110),(85,30187),(87,28110),(88,18307),(89,27191),(91,29673),(92,5603)]	127.003386
596	[(2,32159),(4,3749),(5,19166),(8,30124),(11,23283),(12,16726),(13,14027),(15,3675),(16,10969),(20,20618),(23,10303),(24,14280),(25,9628),(31,4443),(32,14384),(34,23567),(35,16997),(36,32638),(37,10711),(38,37333),(39,38440),(41,15860),(45,25225),(46,16644),(47,27814),(49,33958),(50,8907),(51,4329),(52,6050),(56,22493),(57,6990),(58,20115),(59,20897),(64,17522),(66,4291),(69,7481),(71,23633),(72,22694),(74,38549),(75,7967),(76,38110),(77,33146),(81,31934),(82,10176),(85,32240),(86,3618),(87,3846),(90,31267),(91,20907)]	128.200420
597	[(5,12702),(10,21249),(11,16742),(13,37663),(14,13157),(15,20858),(16,9907),(17,15707),(18,17219),(19,35498),(20,7815),(23,22352),(24,419),(25,8017),(26,33798),(27,4611),(28,8072),(30,31009),(32,38208),(33,22439),(38,25624),(41,32792),(45,34655),(46,565),(47,36756),(51,3062),(52,36485),(53,22126),(54,11891),(55,22165),(58,18529),(61,38069),(65,29643),(66,22855),(68,34339),(69,17312),(71,22612),(72,23024),(73,33483),(74,35344),(75,19491),(77,16252),(78,12015),(79,17654),(80,8974),(81,24483),(84,17778),(86,15392),(87,23741),(89,5810),(90,26690),(91,14543),(92,21218)]	151.782281
598	[(0,35004),(2,28852),(3,37509),(4,2705),(5,18777),(8,36701),(9,5201),(10,36064),(11,16396),(12,35248),(15,5218),(16,17466),(21,12645),(22,1723),(23,801),(24,13389),(25,17635),(27,20797),(28,25850),(29,28669),(30,2065),(31,4680),(32,8000),(34,11942),(36,14673),(37,38352),(38,38620),(39,12721),(40,16842),(42,10230),(43,18500),(45,20750),(47,17517),(48,3077),(50,4815),(52,28686),(54,23799),(59,17423),(60,28278),(61,9011),(63,29202),(64,5580),(65,3711),(66,33578),(67,13468),(68,38385),(70,18103),(71,6484),(72,34712),(74,26538),(75,9656),(76,6822),(77,14948),(78,13232),(79,24013),(80,30281),(82,21314),(85,21767),(86,12015),(87,11933),(89,6175),(91,31203),(92,11876)]	137.026880
599	[(2,23172),(4,33512),(5,5678),(6,888),(8,36668),(9,19425),(11,24985),(13,956),(14,22077),(16,34501),(19,3387),(21,33049),(22,28600),(23,6495),(24,16286),(27,31351),(29,2073),(32,31886),(33,29254),(34,25330),(36,25107),(37,36479),(39,9832),(40,26347),(43,16470),(44,25854),(45,29613),(49,32392),(52,14600),(54,8928),(55,21462),(57,1852),(58,15388),(60,3679),(61,4808),(62,3554),(63,4982),(64,29180),(68,1720),(69,17442),(70,11999),(74,29082),(75,36938),(76,210),(79,4250),(80,11326),(81,36523),(82,30146),(83,18518),(84,246),(85,21893),(86,21652),(87,27114),(88,10661),(90,18404),(91,20723),(92,31551)]	209.837414
600	[(2,28112),(3,11898),(5,29514),(8,19728),(9,22711),(11,23133),(13,12445),(15,20567),(19,15782),(20,30097),(22,6626),(23,3012),(24,30023),(27,28413),(28,29412),(29,7365),(30,3502),(32,4301),(33,21981),(34,30848),(35,22383),(37,36736),(39,1897),(40,5272),(41,9271),(42,33309),(44,28239),(48,16449),(49,33564),(50,31609),(51,13289),(52,14172),(54,18199),(55,13487),(58,2188),(61,33726),(62,28271),(63,17084),(64,36136),(65,34224),(67,8404),(73,10103),(74,13190),(77,22346),(78,11208),(82,17401),(84,3076),(85,15135),(86,7492),(91,12218)]	267.497434
601	[(0,2552),(5,35990),(9,34380),(13,12317),(14,30599),(15,29003),(16,20235),(17,20309),(19,17847),(21,13563),(22,10542),(23,29452),(24,35651),(25,31726),(26,3848),(28,39113),(29,22528),(32,27293),(36,29737),(37,26817),(39,37299),(41,29953),(43,34291),(45,20697),(46,21391),(47,19961),(51,9225),(55,21275),(57,18377),(58,34373),(59,34771),(62,13295),(63,16313),(66,19350),(68,769),(72,16838),(75,35885),(76,17721),(80,14495),(84,11275),(87,36989),(89,28435)]	201.910384
602	[(0,20227),(1,25725),(2,6313),(3,11177),(7,24890),(8,10719),(9,5765),(11,15146),(12,34906),(15,9396),(16,25517),(18,31775),(20,7093),(22,17283),(24,8366),(25,16714),(26,27130),(27,30335),(29,27034),(30,11937),(31,3438),(33,25590),(34,16498),(35,23250),(36,33777),(38,31211),(39,26762),(41,24132),(42,31344),(44,10431),(45,25364),(46,39115),(47,36776),(48,36573),(52,9109),(53,13142),(54,13073),(55,31385),(57,32243),(58,10630),(60,32708),(62,22708),(63,455),(64,19256),(65,10150),(66,30023),(71,31455),(73,13087),(75,19274),(77,2060),(79,26788),(80,24345),(81,976),(82,30488),(85,26064),(88,17310),(90,298),(92,24993)]	254.072274
603	[(0,22202),(1,14720),(2,38632),(4,14222),(5,35976),(6,10418),(7,14904),(8,2014),(9,25768),(10,37765),(13,5298),(14,30474),(15,3586),(16,30134),(17,35298),(19,22097),(20,5277),(21,28223),(23,36663),(24,29902),(25,3741),(26,9844),(29,38565),(30,310),(32,4318),(34,3467),(35,14361),(36,23922),(37,35860),(38,34692),(39,12492),(40,1646),(41,16759),(42,18886),(46,11159),(49,24402),(50,33349),(51,15924),(52,23956),(55,2375),(57,32971),(58,23803),(61,36326),(63,36346),(66,6978),(70,29774),(71,20795),(72,22042),(73,32892),(74,4342),(75,12211),(77,32878),(79,2147),(80,34829),(81,7596),(82,29240),(83,16560),(86,12029),(87,5842),(88,7657),(89,1800),(92,21124)]	227.128758
604	[(0,1244),(5,38742),(8,24270),(9,10956),(12,31058),(13,21558),(15,21920),(16,9017),(17,12452),(18,13896),(19,243),(21,21689),(22,17457),(24,32041),(25,23802),(27,31965),(28,20231),(29,10039),(30,31910),(35,144),(36,30170),(38,5690),(39,3626),(41,22670),(43,24411),(46,37607),(47,28006),(49,22465),(50,15571),(51,24738),(52,36068),(53,33125),(59,8650),(61,34565),(62,26724),(63,3783),(64,38063),(67,24367),(68,30154),(69,32985),(70,26148),(73,20269),(75,4184),(76,1147),(78,34496),(80,18829),(81,2933),(82,32871),(83,12722),(85,31073),(86,35085),(87,27647),(88,9484),(90,33521)]	238.352626
605	[(0,16486),(1,17618),(3,23217),(5,7128),(6,33227),(7,20278),(8,31234),(9,9221),(10,31939),(12,5352),(13,31463),(15,18614),(16,2918),(17,28520),(18,11076),(19,18738),(20,9615),(21,22257),(22,25564),(28,14335),(29,19297),(31,4806),(32,30315),(33,29402),(34,4880),(35,20815),(36,2176),(37,442),(41,10504),(43,18420),(45,13751),(46,34993),(47,75),(48,7769),(53,10138),(55,19112),(56,13410),(58,28322),(59,33148),(60,23327),(64,15453),(66,13166),(68,23873),(70,34829),(72,8878),(74,26761),(75,27462),(76,18073),(79,23686),(80,22734),(81,33255),(83,15870),(85,1531),(86,31236),(87,38434),(88,37945),(89,12805),(90,34802),(91,21338),(92,30286)]	201.972593
606	[(0,25898),(1,15322),(2,31182),(3,3955),(4,14043),(5,31940),(6,38244),(7,33334),(8,28413),(9,21992),(10,14087),(11,18911),(12,27777),(13,31926),(16,15339),(17,30149),(18,10600),(19,10500),(20,28070),(22,21986),(23,28308),(26,5764),(27,30929),(28,8939),(30,37264),(34,37362),(35,29269),(36,22365),(37,29654),(39,26921),(40,9382),(44,38972),(47,3064),(48,30381),(51,20742),(57,11169),(58,26240),(59,1265),(60,10917),(61,34260),(62,34989),(64,5217),(65,28821),(66,11873),(69,29450),(70,32702),(71,31832),(72,207),(74,29936),(75,11604),(76,9943),(78,10303),(80,32929),(82,31829),(83,11379),(84,10707),(86,14628),(87,17578),(88,22149),(89,25531),(90,31837),(91,20274)]	168.369091
607	[(0,14398),(2,17997),(3,10601),(4,26725),(5,7076),(6,9642),(7,19768),(8,33708),(9,9084),(11,18391),(12,35734),(14,11927),(15,12058),(16,6262),(18,23582),(20,35310),(21,5151),(22,8035),(24,8042),(26,38348),(28,9261),(29,32389),(31,38711),(35,17214),(36,21547),(37,21827),(39,28265),(45,19280),(46,14414),(47,24965),(48,35312),(49,9530),(50,9859),(52,39089),(53,22635),(54,32362),(56,10050),(57,21693),(58,7942),(59,35474),(62,16996),(64,21788),(65,32348),(66,8082),(67,37020),(68,15433),(71,9297),(74,33548),(75,25385),(77,36464),(78,6891),(80,36516),(82,21213),(84,17204),(85,686),(86,23200),(88,4555),(91,31088)]	140.107798
608	[(0,17943),(1,2099),(2,13938),(3,27535),(4,32648),(5,30093),(7,16080),(11,36594),(12,13592),(13,9014),(14,12211),(17,8196),(18,17682),(20,12139),(21,16732),(22,38231),(24,38845),(25,26512),(26,34290),(27,10159),(28,10),(29,9071),(30,36089),(32,575),(34,22010),(35,17898),(36,27513),(38,17441),(39,12895),(40,15733),(44,13104),(45,25888),(46,24466),(47,33950),(48,7012),(52,17075),(53,23017),(54,7922),(55,23440),(58,13205),(64,28105),(66,32835),(67,5028),(69,31353),(70,2140),(73,19229),(76,5712),(78,34756),(79,37721),(83,23459),(85,31143),(86,23382),(87,27207),(88,33252),(89,16869),(92,1018)]	149.984028
609	[(1,19970),(2,33730),(3,2755),(4,16991),(6,7637),(7,7787),(10,12694),(11,3421),(12,17165),(14,10559),(15,5784),(16,3749),(17,19166),(19,3541),(20,19589),(21,34400),(22,19964),(24,19102),(25,29890),(26,12658),(27,3417),(28,11012),(29,8502),(30,27334),(32,15124),(34,36507),(35,22641),(36,27604),(38,10028),(40,27201),(41,12556),(42,12373),(43,36281),(47,29881),(48,38709),(51,16658),(52,29335),(53,16512),(58,36582),(61,1473),(62,16459),(63,13777),(64,32666),(65,19660),(66,13406),(67,2631),(69,6385),(72,20095),(74,36398),(76,30536),(79,32841),(80,9468),(82,3658),(85,34044),(86,12398),(90,35869)]	135.739520
610	[(0,4608),(4,17872),(7,13017),(8,1178),(9,38237),(10,16108),(11,5350),(14,16493),(15,12128),(18,36788),(19,1668),(21,32017),(22,1711),(24,29812),(25,7488),(29,36542),(31,18389),(33,23303),(34,4177),(35,18059),(36,1281),(37,16215),(39,24164),(40,29147),(42,12193),(43,29376),(44,6868),(46,7607),(47,1793),(48,27422),(49,23934),(50,32853),(53,38017),(54,35090),(55,10492),(56,10337),(57,32938),(61,947),(62,4761),(65,36499),(66,17207),(67,33767),(68,38306),(71,22010),(72,17898),(73,27513),(75,14123),(78,36665),(79,23743),(80,35594),(82,15155),(84,8840),(85,20580),(86,20875),(88,6478),(90,11690),(92,5508)]	141.640496
611	[(0,25253),(2,11253),(3,1792),(4,4177),(6,24665),(7,17503),(8,11413),(11,27913),(12,6058),(14,7613),(15,31454),(17,18122),(18,17756),(19,29984),(21,4704),(22,17425),(26,35404),(27,37073),(28,22646),(30,34798),(36,32629),(37,32598),(38,13086),(40,6486),(41,25915),(43,20901),(45,17124),(46,34837),(48,28907),(49,34257),(50,31658),(51,36604),(52,2408),(53,27155),(54,36400),(56,34416),(57,18962),(58,24562),(60,32147),(61,32267),(62,16187),(63,37123),(64,13017),(66,10613),(71,38669),(72,35000),(73,39110),(74,774),(75,4281),(77,10565),(78,38307),(79,10898),(84,36806),(85,34772),(86,10031),(87,9119),(89,10050),(90,21693),(92,18616)]	131.772075
612	[(0,12745),(3,22906),(4,12522),(5,10285),(6,34730),(7,1724),(8,20162),(9,12307),(10,36675),(11,25089),(16,27418),(18,473),(19,26752),(20,35838),(22,8297),(23,28129),(25,19191),(28,12317),(29,27499),(30,25428),(32,16265),(33,28463),(34,4374),(35,15422),(37,1308),(38,35135),(39,16873),(40,22577),(41,24377),(42,23082),(43,5948),(44,16225),(47,21964),(49,14136),(50,16748),(51,10899),(52,25190),(53,19523),(54,36120),(57,37461),(63,26067),(65,15890),(68,16794),(70,18309),(72,10343),(75,33088),(76,37906),(77,16351),(82,33321),(83,19516),(84,21132),(85,25481),(86,15323),(88,7696),(89,2199),(91,15881)]	149.344092
613	[(0,30396),(1,6461),(2,24487),(3,20901),(6,31677),(7,26059),(8,25663),(10,13565),(12,33478),(14,22656),(15,30448),(16,3411),(17,20302),(18,28869),(20,4282),(21,35732),(23,18640),(24,8205),(27,27812),(29,24758),(30,14372),(33,22109),(34,29029),(35,35179),(36,18389),(39,3604),(40,23959),(41,16084),(42,10278),(44,15373),(45,8469),(46,21717),(48,28189),(53,10576),(55,6137),(56,14728),(57,16734),(58,28920),(59,7166),(61,11079),(64,4736),(65,38195),(67,33016),(68,26357),(72,37161),(73,26991),(74,36423),(76,302),(79,29320),(81,1901),(83,13333),(84,26266),(86,37263),(87,9636),(88,32694),(90,21498),(91,14651)]	140.537334
614	[(0,20936),(3,34906),(4,14764),(5,15955),(9,21335),(10,9272),(14,5034),(15,6295),(16,20998),(17,25378),(18,29955),(21,38709),(23,25417),(24,30843),(32,35102),(33,9666),(34,30691),(36,16420),(37,5307),(39,5853),(40,15518),(42,25653),(43,8260),(44,18464),(46,39098),(47,5296),(50,8392),(51,20625),(54,37544),(55,763),(58,15629),(59,1835),(65,17181),(68,2902),(73,21709),(74,11133),(75,12274),(76,18278),(77,14463),(78,25186),(79,798),(82,20758),(83,11138),(84,6393),(85,26094),(87,24825),(89,9423),(90,19956),(91,31855)]	122.406974
615	[(0,32975),(1,9370),(2,16125),(4,8929),(5,7480),(7,27564),(8,577),(9,34312),(10,21989),(13,13044),(14,31963),(15,21255),(18,19210),(19,15883),(20,28905),(22,10474),(26,33546),(29,37846),(30,24113),(31,17381),(33,24106),(35,10584),(38,22379),(39,36397),(40,13376),(41,26905),(46,7327),(47,4119),(48,5545),(50,16304),(53,9818),(54,33521),(56,34037),(60,33305),(61,8289),(62,37391),(64,9005),(65,37665),(66,12666),(67,12055),(69,30663),(70,18881),(71,1832),(74,23708),(75,15799),(76,33182),(77,10771),(79,2564),(80,28866),(82,14194),(83,8512),(85,11486),(86,14751),(87,3986),(89,4645),(90,9835),(91,21245),(92,31759)]	154.613142
616	[(1,33365),(2,30205),(5,23932),(6,33377),(8,9742),(9,10100),(10,27805),(11,17025),(14,9516),(19,1158),(20,22240),(21,13915),(23,33485),(24,37076),(25,3787),(26,34479),(27,31151),(28,17292),(29,9217),(31,14527),(32,10361),(33,7841),(34,5295),(35,8793),(36,30831),(37,20158),(38,8580),(42,533),(44,375),(45,2506),(47,25045),(48,28486),(49,29928),(52,3103),(54,26285),(55,19526),(57,27578),(58,23533),(59,9947),(60,8656),(62,35883),(63,36407),(64,34920),(68,4972),(69,4926),(71,12484),(73,16909),(74,32160),(75,32703),(76,27338),(77,21029),(80,2323),(81,16147),(82,25876),(83,35075),(84,26411),(89,35527),(90,747),(91,34500),(92,27022)]	131.385700
617	[(1,4885),(2,11795),(3,18953),(5,2310),(6,6252),(9,30804),(10,2687),(11,31401),(13,34002),(14,37729),(17,18695),(18,13560),(19,34791),(20,13493),(21,33878),(23,24931),(25,535),(26,26989),(27,14418),(28,35835),(29,5664),(32,28915),(33,16959),(34,7887),(37,8270),(38,1172),(40,1577),(43,35439),(46,6443),(47,31791),(48,30317),(49,34556),(52,11059),(53,9979),(54,32206),(57,15602),(58,28111),(59,17476),(61,4694),(62,32379),(63,30240),(64,23787),(66,11078),(67,5260),(68,147),(69,14024),(74,11525),(75,32824),(77,26963),(78,8189),(79,16306),(80,35550),(81,17742),(83,37785),(85,31669),(86,22195),(89,1674),(90,7332),(92,13300)]	141.527129
618	[(2,30623),(3,17532),(4,3962),(5,36093),(7,32745),(8,12484),(10,16071),(14,30067),(16,36530),(18,11901),(19,7051),(20,7948),(22,18530),(24,9391),(25,7777),(26,33418),(27,17652),(29,23105),(30,11439),(31,6796),(34,10482),(36,30826),(37,14561),(38,5387),(40,20646),(41,24180),(44,33032),(46,32714),(48,3109),(49,29026),(50,12962),(52,32417),(53,30397),(54,7772),(55,13832),(57,26384),(60,29467),(61,7487),(63,25407),(64,29984),(65,2567),(66,33756),(67,2945),(69,9918),(70,11393),(71,3120),(73,34565),(75,27780),(76,9053),(78,5558),(79,9330),(80,9619),(81,31544),(84,35099),(85,30987),(86,11559),(89,2959),(92,38931)]	139.785753
619	[(0,8442),(2,18476),(3,7591),(4,33371),(5,3399),(8,26641),(9,25391),(10,20020),(12,24278),(13,36068),(15,15764),(16,261),(17,3586),(18,33679),(19,31752),(22,5923),(23,32566),(24,8596),(25,10332),(30,38954),(33,4966),(34,4004),(35,35654),(37,25230),(41,9637),(45,26923),(46,11519),(47,11706),(50,8532),(54,38810),(55,2491),(56,15733),(57,12742),(58,11189),(61,32632),(62,15364),(66,2753),(70,32633),(74,34198),(76,26705),(77,25185),(78,23937),(80,36833),(81,23758),(85,17593),(87,33391),(88,37621),(90,34901),(91,26909)]	135.059195
620	[(0,18259),(1,3681),(2,15786),(3,13861),(6,22304),(8,23399),(10,1573),(11,18794),(12,7998),(13,23179),(15,31582),(16,8461),(17,5201),(18,20044),(19,34161),(22,30486),(24,28760),(26,35050),(27,14882),(28,38342),(29,5789),(31,31450),(33,29176),(34,27129),(35,17099),(37,17350),(38,15027),(39,3736),(40,16119),(42,8913),(44,11196),(45,38680),(46,29105),(49,17980),(52,1849),(53,6572),(54,27843),(55,20104),(56,22904),(57,17755),(60,2614),(61,580),(62,32497),(63,2302),(65,13435),(66,35378),(68,30891),(69,32413),(70,29113),(71,12090),(72,35412),(73,3900),(75,12166),(76,7768),(77,28877),(80,5141),(81,38242),(83,28499),(85,26261),(86,23916),(89,26605),(90,2385),(91,19958)]	122.390460
621	[(1,22764),(2,15397),(4,17452),(6,16582),(9,1732),(10,7632),(11,32413),(12,26715),(14,7160),(15,33119),(16,15229),(17,37549),(18,11615),(19,24919),(20,6058),(24,31536),(25,6287),(26,109),(29,9715),(31,2697),(32,32505),(34,17355),(35,33007),(36,24794),(37,1175),(38,34763),(39,5388),(40,25339),(44,32086),(45,604),(47,16307),(50,12154),(51,33654),(54,8603),(55,6833),(56,36891),(57,32120),(58,23822),(59,26378),(63,8765),(65,18182),(68,21021),(69,12040),(70,3285),(72,4611),(73,8072),(74,14060),(75,32849),(76,2486),(77,5480),(78,16079),(79,468),(81,5571),(82,20430),(85,12712),(86,17820),(87,29175),(90,11946),(92,26685)]	126.608338
622	[(0,14517),(3,29968),(4,31584),(5,24850),(6,32706),(7,35168),(8,12306),(10,22838),(13,14281),(14,33004),(15,32815),(16,16419),(18,16843),(19,36165),(20,4349),(21,25691),(24,9617),(25,33751),(26,27967),(28,13864),(29,34956),(31,23519),(32,4139),(34,29310),(35,27650),(36,9300),(38,34801),(39,1748),(40,34302),(43,15453),(44,24835),(47,29858),(48,11723),(49,12655),(50,25263),(51,34021),(58,4466),(59,14213),(60,11471),(64,25232),(66,7649),(68,7643),(70,9755),(71,24324),(72,35476),(73,37515),(74,10076),(75,30739),(80,33131),(81,34950),(82,25755),(86,35586),(89,32373),(91,36011)]	122.511316
623	[(3,21342),(4,29238),(5,12096),(6,35694),(7,23382),(8,27207),(9,25728),(10,11033),(12,23343),(13,18454),(15,25366),(17,14088),(18,15921),(19,9055),(20,32194),(21,14076),(22,26634),(23,36725),(26,34798),(33,29618),(34,15101),(37,12650),(39,9248),(42,16546),(45,26839),(46,5079),(47,23580),(48,33721),(50,11484),(52,23480),(53,29338),(54,4541),(55,15160),(56,19979),(58,3650),(59,28010),(61,22946),(64,23710),(65,9341),(66,6693),(67,13447),(69,2574),(71,27680),(73,37664),(74,23589),(76,25311),(79,17799),(80,37812),(85,2506),(87,5486),(89,3891),(91,38965)]	154.099782
624	[(0,31050),(1,12790),(3,8664),(5,1412),(9,15824),(10,32890),(12,14752),(16,27124),(17,10889),(18,25603),(20,24364),(21,14071),(23,17257),(24,4203),(25,31623),(28,38211),(34,10713),(37,32701),(38,10764),(39,36305),(40,21510),(44,25692),(46,5194),(49,13701),(53,3871),(54,37216),(56,32243),(57,13254),(58,7942),(60,12216),(61,17649),(64,34255),(65,25383),(66,13284),(69,17524),(70,12315),(71,18433),(73,11313),(76,27237),(79,11761),(80,30236),(82,5858),(83,16652),(85,34706),(87,13742),(88,22818),(89,2570),(91,43)]	121.531401
625	[(1,7697),(2,29088),(3,28810),(5,29583),(7,35986),(11,38672),(16,4551),(19,11907),(20,4305),(21,38086),(22,28200),(23,34739),(24,17629),(25,35703),(29,27000),(32,37102),(36,33824),(37,28822),(38,18274),(42,5419),(43,16074),(44,12229),(45,30911),(46,14249),(49,29625),(50,18501),(51,14676),(52,28370),(53,5076),(54,19941),(56,247),(61,26419),(62,21945),(63,3934),(64,12665),(65,29068),(68,18940),(69,34033),(70,29826),(72,36783),(73,11857),(74,35676),(75,17468),(76,31369),(77,16330),(78,34011),(79,1733),(80,9102),(81,4644),(83,3086),(87,32806),(89,13216),(90,36363),(91,12751),(92,7351)]	125.673067
626	[(0,6789),(1,19359),(2,16619),(4,35319),(7,14184),(10,2045),(12,23935),(14,34379),(15,15016),(16,24767),(18,35871),(19,5791),(20,29763),(21,7359),(22,6760),(26,15791),(27,31184),(28,37821),(30,19225),(31,32367),(33,33844),(36,280),(38,21580),(39,29549),(41,31782),(42,24931),(43,15115),(46,19500),(47,11050),(49,12632),(50,19819),(51,16079),(55,35131),(57,29342),(59,29941),(60,5067),(61,33037),(62,27459),(63,2541),(64,11595),(65,17539),(66,23267),(67,36868),(72,19517),(73,6161),(75,13313),(76,5232),(77,15197),(78,39186),(79,10336),(80,34260),(82,600),(88,27494),(90,11958),(91,9585)]	134.836184
627	[(0,13378),(2,20560),(3,37255),(4,21932),(5,15143),(6,12316),(9,35843),(11,154),(14,4594),(16,4482),(17,4054),(18,34623),(21,15850),(23,18900),(24,15345),(25,16109),(26,9325),(27,6749),(28,8746),(30,34117),(32,34602),(34,19387),(36,14709),(38,30369),(40,32206),(41,37789),(42,31718),(43,25791),(44,24843),(45,29179),(48,37556),(50,1913),(51,35256),(52,14110),(54,16894),(55,4333),(56,23946),(57,23149),(61,36885),(62,10073),(65,38914),(67,26605),(68,37762),(69,19670),(71,33459),(73,13629),(74,38716),(75,16276),(76,29855),(77,27900),(78,25572),(82,1310),(83,1185),(84,20608),(85,8811),(88,11729),(89,7125),(90,31525),(92,8518)]	139.073839
628	[(1,31117),(2,28972),(3,12990),(4,18383),(5,27145),(8,22235),(10,18280),(12,19520),(13,16079),(14,468),(17,15839),(19,31696),(21,38807),(22,11457),(23,32722),(29,29231),(30,10028),(31,29480),(32,15668),(34,12313),(37,1488),(38,8953),(40,6576),(44,26237),(47,36446),(48,21502),(53,38151),(54,32891),(55,22855),(57,31716),(59,26580),(62,23335),(65,13638),(68,20734),(70,31781),(71,6812),(72,3815),(73,10526),(74,29833),(75,11502),(76,19552),(79,21747),(80,37370),(81,28102),(84,30498),(85,8481),(87,3875),(88,22527),(90,31289)]	138.159332
629	[(0,14403),(2,22477),(3,39020),(4,36070),(5,1982),(8,26794),(10,29226),(12,13476),(13,25629),(14,14367),(15,2446),(16,36106),(17,24757),(21,1138),(22,35106),(24,38536),(25,8091),(26,15090),(29,30526),(30,37317),(32,25259),(33,11790),(34,4869),(36,36767),(37,18447),(39,19961),(43,2783),(44,2170),(48,33996),(49,27037),(50,5843),(52,11344),(53,10127),(54,12760),(55,9350),(56,18738),(57,4996),(60,28018),(61,1511),(62,28886),(65,10194),(67,11907),(70,33134),(72,24671),(73,102),(74,20511),(78,11276),(81,7119),(82,33599),(84,14994),(85,35778),(87,24811),(91,27298),(92,18348)]	213.388758
630	[(0,19815),(1,7974),(5,31161),(7,7745),(8,22466),(9,12147),(14,14279),(15,21470),(16,22534),(17,13045),(19,4747),(20,13682),(21,27982),(24,18016),(25,10704),(26,2856),(27,19769),(28,12771),(29,741),(30,599),(32,34031),(34,35327),(36,9408),(37,24987),(38,10422),(39,12154),(42,35673),(44,33471),(45,36567),(46,27185),(47,15061),(48,31060),(51,11994),(52,27244),(56,14883),(57,34816),(58,30747),(59,4743),(60,35060),(61,12091),(62,14360),(63,15108),(64,39106),(66,24467),(69,3386),(71,27040),(72,14874),(74,20566),(75,3974),(77,24864),(80,35651),(81,14817),(82,12775),(83,13150),(84,9494),(85,6427),(87,9426),(89,32804),(90,16021),(91,12618),(92,27749)]	266.001956
631	[(2,21324),(3,33415),(4,34555),(5,2643),(7,9929),(9,38982),(12,4508),(13,4830),(14,21304),(15,11030),(16,19085),(18,1896),(19,3723),(21,7096),(22,22379),(24,37096),(26,11839),(27,23579),(29,26496),(32,38661),(36,18372),(37,12999),(38,21969),(39,6398),(41,6463),(42,9108),(43,20873),(44,10512),(46,33332),(47,12601),(49,31436),(51,34436),(53,20565),(55,1022),(56,7438),(58,2981),(59,27602),(60,29229),(61,1021),(63,14461),(64,26059),(65,25663),(68,3385),(71,5026),(74,162),(75,35416),(76,25362),(77,15010),(78,36851),(79,26211),(80,35900),(82,23882),(86,3372),(87,39103),(88,18123),(89,17803),(90,15761),(92,23528)]	238.511625
632	[(2,25386),(5,37281),(6,32417),(8,10999),(9,28370),(10,37448),(12,29441),(13,22108),(16,34873),(19,38987),(20,2801),(21,18642),(24,13177),(27,22441),(28,22637),(29,789),(32,26779),(35,1649),(36,17930),(37,25118),(38,3478),(39,18175),(44,3918),(50,29419),(51,23394),(52,4150),(59,36478),(60,35572),(61,26514),(63,34659),(65,1888),(66,34111),(67,23307),(69,11123),(72,9248),(74,12123),(77,14937),(78,23861),(80,25828),(82,3786),(85,27416),(86,29869),(90,5575),(92,32443)]	244.295860
633	[(0,14314),(1,38758),(2,15345),(3,16109),(4,8480),(5,5953),(6,32870),(7,22929),(11,3245),(12,36863),(14,37037),(18,5988),(24,32565),(26,19231),(27,37814),(28,38570),(31,16758),(33,29276),(35,19677),(38,4664),(40,8914),(45,13399),(46,15258),(47,32074),(48,34069),(53,24674),(55,11719),(57,3267),(58,21315),(59,26106),(60,6169),(62,31934),(63,16734),(65,28898),(66,14547),(67,24889),(68,21567),(70,31364),(71,27902),(73,34887),(74,3093),(77,16808),(79,17893),(80,18539),(83,37241),(84,17220),(89,18987),(90,29035),(92,34873)]	231.845771
634	[(3,1855),(4,4712),(8,8761),(11,34216),(12,33628),(13,34781),(14,4931),(15,32620),(19,36206),(20,10986),(23,306),(24,8535),(25,3929),(26,19862),(28,15540),(37,29218),(39,29914),(41,4617),(43,10473),(44,38370),(45,16810),(46,5542),(48,6842),(49,9966),(50,20622),(51,2575),(53,23896),(54,21167),(55,6328),(56,13323),(57,4053),(58,37454),(59,36109),(60,29678),(62,7059),(64,32909),(66,2505),(73,759),(74,26414),(78,35392),(79,2162),(80,27757),(81,23616),(85,25476),(86,7184),(88,21591),(90,10794),(91,24292),(92,10302)]	266.348545
635	[(1,11907),(2,13359),(3,10266),(8,21657),(10,21163),(11,30155),(12,30065),(13,20467),(14,31678),(18,14901),(19,13326),(20,7607),(21,1793),(23,20195),(24,1210),(25,20560),(26,7913),(27,31916),(29,39171),(33,5419),(35,469),(36,9370),(37,14859),(38,9096),(39,17383),(40,9819),(42,21601),(43,3405),(47,15861),(48,4779),(49,11040),(50,28466),(51,31455),(53,24813),(54,34432),(55,33474),(56,20732),(57,29123),(58,33680),(60,5239),(61,22731),(64,3807),(66,25819),(69,4730),(73,15597),(75,36479),(76,23586),(77,26623),(79,17618),(80,11439),(82,22111),(84,26228),(85,8490),(86,38174),(88,21324),(89,33415)]	262.488539
636	[(0,19448),(1,10323),(2,15932),(3,33915),(4,12587),(6,22464),(7,30326),(8,22494),(10,21086),(11,2535),(12,21699),(13,36076),(14,15673),(16,21),(19,33143),(20,24945),(23,1365),(24,20928),(27,27718),(28,18970),(29,427),(30,3047),(31,24491),(32,2385),(33,19958),(34,37699),(36,14867),(37,2314),(38,32834),(39,25278),(40,37909),(42,29936),(44,7203),(45,20706),(47,25726),(49,12288),(51,4863),(52,9480),(54,22580),(55,4634),(57,29046),(61,29604),(62,36964),(64,9054),(66,19418),(68,9721),(69,22148),(71,20692),(72,31334),(75,11947),(76,7436),(77,205),(79,32394),(80,35959),(83,21235),(85,958),(87,28493),(91,29914)]	250.417956
637	[(1,36102),(2,29027),(4,1290),(6,20239),(8,3883),(9,21169),(10,15074),(11,26954),(14,1129),(15,14489),(16,9415),(17,9043),(18,5900),(19,24298),(21,8266),(23,30761),(24,8755),(26,2484),(27,33919),(28,15806),(31,9695),(32,33085),(35,36714),(38,12459),(39,19696),(40,3458),(41,27585),(43,5873),(44,3252),(45,21139),(46,24367),(47,10505),(50,21381),(51,38365),(52,30724),(54,7204),(55,15600),(56,11536),(57,11478),(58,19607),(60,34134),(61,192),(62,1425),(63,19582),(65,13259),(68,5571),(69,7697),(70,35004),(71,10587),(72,27474),(73,29756),(74,3201),(75,35280),(76,9545),(78,9975),(79,28583),(81,23410),(84,20723),(85,31551),(86,22534),(90,13855),(91,14374),(92,39125)]	238.247018
638	[(0,29743),(2,16631),(3,35698),(4,32216),(6,8057),(7,2284),(11,1589),(12,25759),(15,15631),(17,3882),(18,12812),(19,35371),(20,15581),(22,19473),(24,10482),(26,27087),(27,37244),(28,6625),(30,18052),(31,28234),(32,28201),(34,28303),(35,12066),(37,24265),(40,14985),(41,14601),(42,24675),(44,8477),(47,29484),(48,15388),(52,34986),(53,9311),(55,14162),(58,26266),(60,34596),(61,31591),(62,27783),(64,10439),(72,11615),(73,11153),(76,21711),(78,177),(79,3792),(82,8371),(83,26506),(89,10221),(90,8191),(92,22662)]	266.259271
639	[(0,2665),(1,16675),(3,36605),(4,4244),(5,30300),(7,36210),(9,25315),(10,18357),(11,19599),(12,3144),(15,19920),(17,21128),(18,17597),(21,31728),(22,2283),(26,3521),(28,22580),(29,1237),(31,8875),(32,7708),(33,31415),(34,12173),(35,20288),(36,14544),(38,19323),(39,4147),(40,3525),(41,20931),(44,35302),(45,5006),(47,9898),(49,6886),(50,28747),(52,35374),(53,29699),(54,32922),(55,31640),(56,5230),(57,14691),(58,5901),(59,9904),(63,23078),(66,13028),(67,36820),(69,33245),(70,22477),(71,7709),(73,34559),(74,9395),(77,29750),(79,6249),(82,14135),(83,8059),(84,32893),(85,35704),(86,29070),(87,26843),(89,9020),(91,16674),(92,15735)]	251.769311
640	[(1,29768),(2,10880),(3,22987),(4,27133),(5,2269),(6,491),(7,8587),(8,1941),(9,6114),(10,26336),(11,19322),(14,27932),(15,36518),(17,1715),(19,19064),(21,28682),(23,32200),(24,5371),(25,1949),(26,9873),(27,858),(28,11556),(29,16900),(30,23162),(31,33505),(32,29924),(33,21738),(37,23905),(38,19697),(39,26937),(40,2726),(43,36081),(46,27319),(49,21201),(50,11916),(51,33713),(53,30586),(54,13873),(55,33421),(58,29048),(59,33055),(60,30578),(62,34166),(64,18890),(65,38818),(66,23805),(67,8638),(68,14562),(70,20541),(71,27217),(74,36663),(75,34098),(80,33384),(81,12037),(82,25267),(84,6333),(85,7524),(89,3351),(90,19406),(91,2346),(92,6914)]	249.136858
641	[(0,33030),(2,34487),(3,22627),(4,14775),(7,5583),(8,23055),(9,37175),(10,36710),(13,8968),(15,32201),(16,2746),(17,4211),(20,8105),(22,35104),(24,34221),(28,13678),(29,32391),(31,2387),(32,38125),(35,10243),(36,31762),(37,893),(45,32971),(46,13508),(48,25107),(50,39199),(51,4407),(55,38034),(56,1584),(57,38609),(61,28808),(62,8820),(65,16070),(66,37257),(67,33755),(68,20801),(69,7500),(70,25423),(72,12224),(73,32701),(74,24780),(75,31312),(77,2208),(79,14260),(82,26124),(86,19917),(89,6499),(92,28656)]	253.739604
642	[(1,23169),(2,13217),(3,32297),(5,30610),(7,38430),(10,32469),(11,27408),(13,37698),(14,2357),(16,1386),(18,24938),(19,11634),(21,22444),(23,21041),(24,11278),(25,13230),(27,5366),(30,731),(33,231),(35,31365),(36,29921),(38,9930),(43,16931),(46,4292),(47,3842),(48,23168),(49,27358),(51,20323),(52,24178),(55,4635),(56,4340),(57,38673),(58,12638),(59,10527),(60,35902),(61,15717),(62,4699),(63,14610),(64,8456),(66,35309),(67,2952),(68,2824),(70,34589),(71,30948),(73,6942),(74,24327),(77,33057),(79,34979),(81,19527),(83,36446),(84,27650),(85,35765),(86,31355),(87,29252),(88,4460)]	258.109403
643	[(4,16232),(6,27759),(7,10193),(8,26606),(9,30912),(10,24530),(11,35537),(13,847),(14,25610),(17,9416),(18,17558),(19,9729),(20,23347),(21,24112),(22,13246),(23,20675),(24,22698),(30,13808),(31,30302),(34,23272),(36,5462),(39,24212),(41,29974),(42,37861),(43,28099),(44,16375),(45,9358),(47,14211),(49,29430),(50,25926),(52,32040),(57,15705),(58,12772),(60,26149),(61,37584),(65,7758),(66,1401),(67,30655),(68,35191),(69,7280),(70,19709),(71,3637),(73,17293),(75,34974),(79,3710),(80,38279),(81,12793),(85,1180),(86,28479),(88,8788),(90,11244),(91,31089)]	266.704064
644	[(0,6167),(1,8830),(2,9112),(4,20014),(10,30829),(15,18232),(16,6099),(19,29023),(20,6412),(21,3053),(24,9759),(28,8525),(30,37761),(32,38101),(33,30575),(34,10131),(37,4471),(38,8070),(40,8649),(42,24071),(43,31772),(44,20975),(45,9435),(46,16384),(47,33306),(50,35488),(51,22919),(52,7877),(53,3827),(54,32227),(55,24443),(56,33574),(59,35028),(61,14911),(62,21304),(63,34816),(65,25454),(66,17016),(67,18846),(68,12346),(69,3791),(73,9985),(76,19224),(77,38185),(78,37848),(79,6937),(85,14064),(89,31593),(90,3551),(92,27202)]	155.347054
645	[(1,5761),(2,20423),(4,10568),(5,16014),(6,20285),(9,8260),(11,19145),(12,6802),(13,17380),(14,12005),(15,10572),(16,30249),(17,18907),(19,34691),(20,27561),(21,15654),(23,22722),(25,30854),(26,32848),(27,24642),(28,16035),(30,8200),(31,34543),(33,6554),(34,15457),(35,2855),(36,35285),(39,38753),(40,2773),(42,16899),(43,32806),(46,5110),(47,19069),(48,24293),(50,27048),(52,5749),(53,15131),(54,4068),(55,12098),(56,36039),(57,33354),(60,33991),(62,24556),(64,954),(65,16185),(67,11654),(68,9600),(69,23918),(70,22960),(73,30802),(77,11589),(80,6695),(81,15396),(82,34587),(85,14116),(86,4098),(88,17447),(89,33818),(90,256),(91,13645)]	135.198514
646	[(0,21602),(1,18626),(2,30055),(4,2083),(5,1641),(7,24402),(11,32415),(13,23098),(17,7907),(18,36287),(19,32662),(20,31353),(21,2140),(22,6889),(23,5214),(29,6165),(30,22047),(35,37797),(36,36657),(37,14682),(38,25338),(39,275),(40,12436),(41,5463),(42,29725),(44,18206),(45,33152),(47,29360),(50,21560),(51,25377),(53,21137),(55,23494),(56,11143),(57,30931),(59,8181),(60,8747),(61,24834),(62,29264),(65,18032),(66,9169),(68,31074),(70,15123),(71,5890),(72,5118),(73,35042),(75,728),(80,32148),(81,10521),(82,7371),(83,30613),(84,17183),(85,37627),(87,39070),(89,31280),(90,20141),(91,37701)]	130.599846
647	[(1,15691),(2,2907),(3,27606),(4,19430),(6,31874),(7,4048),(9,17814),(10,33006),(14,8846),(18,32841),(19,9468),(20,21715),(22,18068),(23,8627),(24,32289),(25,34342),(26,35699),(29,730),(32,28709),(33,32794),(34,34019),(36,22952),(37,36054),(38,14997),(39,3344),(42,27403),(43,26302),(44,33808),(45,30459),(46,32212),(47,3990),(48,22565),(49,31952),(53,4746),(54,37287),(55,18386),(56,32430),(58,11766),(59,5142),(61,19784),(62,1572),(63,14632),(65,6524),(70,4),(74,24568),(75,13390),(76,14501),(79,12243),(83,35047),(85,18181),(88,20011),(91,11420)]	137.669599
648	[(0,27501),(1,2162),(2,35518),(3,14296),(5,29756),(6,20629),(7,36931),(8,8773),(10,34472),(11,11510),(12,7173),(17,36144),(18,10000),(19,5412),(20,1817),(22,19226),(23,28393),(24,17704),(25,29073),(27,10123),(29,28683),(30,38653),(31,770),(32,5820),(33,4526),(34,7670),(35,9445),(36,3375),(38,38111),(40,36798),(41,13938),(42,14135),(43,20875),(48,12618),(49,27749),(50,48),(52,33676),(53,37184),(55,32727),(56,15538),(57,11694),(58,4305),(59,10083),(62,34480),(63,27364),(64,32895),(66,4671),(67,29277),(70,32149),(71,28572),(72,21530),(73,8534),(75,13559),(77,35903),(79,12019),(81,32016),(83,22329),(84,4142),(85,22300),(86,23186),(88,22426),(89,4648),(90,35034),(91,10742),(92,8657)]	135.719641
649	[(0,19348),(1,31171),(2,1362),(3,1333),(4,13832),(6,6269),(7,29051),(8,21028),(9,33023),(10,10628),(11,10536),(12,28036),(13,4536),(14,9437),(15,37387),(17,13324),(18,27490),(19,3373),(21,6013),(24,26504),(25,32307),(27,15083),(31,29629),(32,4587),(34,21406),(35,9909),(37,29812),(41,14339),(43,29174),(46,88),(47,22557),(49,5782),(51,16983),(52,30483),(54,18189),(56,11773),(58,5652),(60,22438),(62,21567),(63,27684),(65,9514),(66,762),(69,31610),(72,22926),(74,14453),(75,24366),(77,17344),(79,25196),(80,4335),(81,20065),(82,2118),(83,28660),(84,21452),(85,28469),(86,15159),(87,19305),(88,22884),(90,26689),(91,23903),(92,13719)]	141.481058
650	[(0,35060),(1,26683),(2,13930),(3,32051),(5,37761),(6,17266),(7,27846),(10,23113),(11,1041),(12,7960),(13,5189),(15,7359),(18,11856),(21,38130),(22,34897),(25,38906),(27,5132),(28,7015),(30,1725),(32,34239),(34,34427),(36,16319),(39,7727),(41,19470),(42,34666),(44,23054),(45,14341),(48,35828),(50,34844),(51,10020),(52,8675),(53,2136),(54,26447),(56,39181),(57,4593),(58,28008),(59,16113),(62,30999),(63,21405),(65,13071),(68,29801),(69,36341),(71,25970),(72,22030),(74,35231),(75,14003),(77,21616),(78,16138),(79,6917),(80,37737),(81,10007),(83,32629),(85,16374),(89,3710),(90,27505)]	137.600749
651	[(1,28473),(5,36697),(6,33347),(7,1559),(9,35099),(10,16256),(13,9922),(17,2347),(18,8274),(20,12326),(22,5754),(25,38869),(26,15625),(27,531),(28,9908),(29,10589),(30,24281),(33,18380),(34,22730),(36,19778),(38,15345),(39,16109),(40,8480),(41,5953),(42,32870),(43,22929),(45,12590),(47,19780),(48,35256),(49,21364),(50,760),(51,20643),(52,28713),(54,29310),(55,3861),(56,14687),(58,32837),(61,13579),(62,33070),(63,24979),(64,11134),(65,8403),(66,16173),(67,17836),(68,28418),(70,24036),(71,7498),(73,9461),(74,27591),(75,12176),(76,8001),(79,563),(80,25826),(81,23379),(82,4410),(83,3618),(84,3846),(85,1175),(86,34763),(87,19346),(88,13412),(91,36951),(92,18360)]	136.597013
652	[(0,18952),(1,11331),(2,23603),(3,24617),(4,30198),(5,12164),(6,22109),(7,17366),(8,1928),(9,20094),(10,2846),(13,10118),(15,2652),(17,4716),(20,31175),(24,5258),(26,23702),(27,13357),(29,16922),(30,33576),(31,10272),(32,10677),(33,10071),(36,7780),(37,807),(38,4755),(39,5148),(40,24330),(41,35341),(42,3225),(46,27806),(47,28446),(51,38423),(55,20537),(56,10416),(57,26850),(59,31704),(60,37644),(61,36379),(65,29949),(67,31691),(68,37884),(69,19458),(71,19710),(72,18136),(73,33600),(74,19177),(75,7444),(76,24498),(77,7573),(78,9146),(80,24024),(81,9880),(83,30576),(84,2859),(86,6953),(87,7230),(88,28132),(92,9166)]	140.319030
653	[(1,22856),(2,27328),(4,10668),(5,17),(6,14286),(7,21488),(10,7505),(16,3868),(18,35926),(20,27510),(22,16409),(23,35786),(25,24550),(26,6742),(28,27506),(30,11001),(31,24149),(32,23428),(33,33912),(34,12129),(35,32669),(36,19616),(38,9532),(39,29914),(40,18484),(41,14283),(43,24275),(45,4060),(46,19716),(47,33458),(49,8680),(52,20871),(55,27823),(62,34154),(63,28353),(65,6051),(66,33967),(67,8174),(70,25489),(71,32710),(72,1612),(73,29402),(75,9266),(77,19137),(78,5899),(79,16570),(80,30621),(82,7257),(84,34062),(86,21728),(87,4367),(89,26957),(90,2358),(91,14652),(92,14473)]	134.155130
654	[(0,6866),(4,9669),(6,25070),(7,21344),(10,6422),(11,4670),(12,23937),(14,27830),(15,27219),(20,36253),(22,25013),(23,18532),(24,22501),(25,33862),(26,30950),(28,30565),(29,15193),(30,17512),(31,19773),(33,4792),(35,23716),(36,15366),(37,23958),(38,23994),(39,4556),(41,14215),(42,29875),(43,37347),(44,25053),(46,20905),(48,3059),(49,37434),(50,6659),(51,37124),(52,8236),(53,30126),(55,32686),(56,6129),(59,7984),(60,19772),(62,18419),(64,29367),(66,22424),(67,5543),(68,153),(69,24591),(73,1375),(74,9411),(75,34007),(76,30068),(77,17897),(79,23526),(80,14619),(82,32200),(84,37018),(85,18097),(87,30214),(88,10372),(92,7234)]	138.409330
655	[(0,7886),(1,31980),(2,25091),(3,3908),(4,15196),(6,27812),(9,36505),(10,37547),(12,2071),(13,8826),(15,21809),(16,32127),(17,25246),(19,10390),(20,1465),(23,27943),(24,16280),(27,29679),(30,27657),(32,33902),(34,37129),(35,36345),(36,24983),(37,15495),(38,25117),(41,38372),(43,12612),(46,18394),(47,32943),(48,36058),(49,35364),(50,32290),(51,26629),(52,18204),(54,13571),(55,9506),(56,10649),(57,18668),(59,32427),(60,255),(63,5076),(64,5617),(66,32180),(67,18151),(69,38915),(73,26759),(75,15556),(76,15670),(77,17537),(78,5283),(81,11537),(82,1331),(83,3146),(84,25530),(85,3528),(86,19945)]	134.757896
656	[(0,27835),(1,8609),(3,4466),(4,4462),(5,5579),(7,27689),(9,37431),(10,333),(11,29238),(12,31974),(16,5385),(17,834),(19,22731),(22,3807),(23,37348),(27,22341),(30,34601),(31,34430),(33,37435),(34,32580),(36,2716),(37,18772),(39,2015),(42,17514),(43,12162),(46,19772),(47,35471),(48,26415),(49,38864),(50,20970),(51,28400),(52,15959),(53,32277),(54,33222),(56,15614),(58,36523),(59,3718),(62,8815),(63,19036),(64,23989),(67,5123),(69,14851),(70,34387),(71,30095),(72,2241),(73,14533),(74,31936),(76,30583),(77,18311),(79,3327),(80,23420),(81,10651),(82,28085),(84,2671),(85,12551),(86,12293),(87,15936),(88,31031),(89,39170)]	136.813855
657	[(2,20801),(3,2062),(5,10546),(6,3998),(10,32439),(11,7016),(13,22821),(14,32589),(15,2457),(16,27884),(17,20444),(19,971),(21,31460),(22,25942),(24,18950),(26,39195),(27,16486),(28,20217),(30,17133),(31,3756),(32,9945),(33,28778),(35,22135),(37,6344),(38,19205),(40,35606),(41,2324),(44,7742),(45,27882),(46,11618),(47,7120),(48,6734),(50,8390),(52,17431),(53,8326),(54,29438),(56,25726),(57,7601),(58,3824),(59,2611),(60,26484),(61,7273),(64,15775),(68,39099),(69,350),(70,16420),(76,18925),(80,28330),(82,6749),(83,27685),(84,1611),(85,32253),(86,23109),(90,20765),(91,2877)]	163.811877
658	[(0,27071),(2,34505),(4,35797),(6,13937),(7,24207),(9,9109),(10,18821),(11,15613),(12,7687),(13,15917),(16,10733),(17,22625),(18,10392),(19,33137),(20,38351),(21,11093),(23,25527),(24,31923),(25,31482),(27,20779),(28,16740),(30,19558),(31,9103),(32,31761),(36,19066),(37,13047),(39,12359),(40,38416),(43,3463),(44,38713),(45,7133),(48,24402),(49,1417),(50,16777),(51,3655),(52,19242),(53,16603),(55,18019),(56,29798),(57,34663),(59,24166),(60,13177),(63,4430),(64,10574),(65,4989),(66,24753),(67,31680),(68,18673),(69,19481),(70,5557),(71,401),(72,39022),(73,29940),(76,18326),(77,33401),(78,31144),(79,8263),(80,14675),(81,26190),(82,991),(83,21831),(84,4054),(86,23676),(87,2522),(88,22718),(89,7210),(91,2340)]	145.598741
659	[(0,16328),(2,3491),(3,28853),(4,33119),(7,3161),(9,35722),(12,2627),(13,31633),(14,10752),(16,10370),(19,24689),(20,6998),(22,34527),(23,7575),(24,23069),(26,10308),(27,19339),(28,24438),(30,6537),(31,25984),(33,28291),(36,16368),(38,9151),(39,3118),(40,7686),(41,21192),(42,19680),(45,8909),(47,447),(48,37018),(49,6543),(50,23679),(51,20961),(52,22999),(53,24774),(54,22977),(56,7611),(58,3186),(59,16976),(60,19626),(62,19436),(64,37300),(65,15099),(67,19631),(69,8235),(70,17956),(71,23072),(72,3833),(73,31486),(74,8435),(77,27586),(82,28368),(84,4012),(87,17494),(89,7490),(90,36097),(91,31778)]	142.480367
660	[(0,13043),(1,28940),(6,12216),(7,25293),(8,30300),(9,23688),(10,9334),(11,15209),(12,10888),(13,18388),(14,31905),(16,15157),(17,32298),(18,25355),(20,18175),(23,34873),(29,26986),(35,9290),(36,34643),(38,6684),(40,13429),(42,8451),(43,2208),(44,12336),(45,21744),(46,14706),(47,6257),(49,10924),(51,23177),(52,31187),(53,34640),(54,4853),(55,6120),(56,33309),(57,13989),(58,5287),(59,6399),(60,26625),(61,37855),(63,30741),(64,22118),(66,32532),(68,12287),(69,30182),(70,32856),(71,3999),(72,37806),(76,23037),(77,12091),(78,24782),(81,21314),(83,31181),(84,1345),(85,24291),(86,18804),(87,20876),(88,8456),(91,6878),(92,27304)]	143.186564
661	[(0,34266),(3,11581),(4,24306),(5,14442),(6,10668),(7,17),(8,14825),(12,19222),(13,35455),(14,17891),(15,25694),(16,38771),(17,35331),(19,17204),(20,25214),(21,10409),(22,26026),(23,22725),(24,11517),(27,28831),(31,34389),(32,32103),(33,13696),(34,18468),(35,21987),(38,4820),(40,19496),(41,33283),(42,5734),(43,16277),(44,21012),(45,14931),(47,13662),(48,22427),(49,36223),(52,18039),(56,20729),(58,3070),(59,705),(63,948),(64,19744),(66,20313),(68,4501),(70,8703),(71,5426),(72,16867),(73,33588),(74,5829),(75,16115),(76,22847),(79,11414),(81,32748),(82,14153),(84,20237),(86,23204),(88,33834),(89,36587),(90,22419),(92,26647)]	150.148404
662	[(1,2619),(2,25470),(3,13610),(7,30968),(8,30195),(9,14364),(10,14553),(11,20146),(12,22404),(13,31400),(14,38681),(15,3246),(16,2784),(17,21993),(18,13367),(19,28523),(20,28764),(22,34689),(24,35203),(25,13760),(27,13209),(28,34676),(30,21067),(31,28858),(32,8347),(33,27005),(34,388),(35,7320),(40,18260),(43,34143),(44,34128),(45,15437),(46,38454),(48,11078),(50,2029),(51,639),(52,8494),(54,31307),(55,37983),(58,7219),(59,17305),(60,13880),(61,17969),(63,2505),(65,19098),(67,38226),(69,29332),(72,16404),(75,34974),(77,23777),(78,2814),(80,16644),(81,32526),(87,27751),(88,30167),(89,16054),(90,32251),(92,24930)]	139.163345
663	[(2,33954),(3,31121),(4,38243),(5,19979),(6,14806),(8,6895),(9,19082),(10,17668),(11,28132),(13,18475),(16,25345),(17,7536),(18,20464),(19,16806),(20,25692),(21,1438),(22,32374),(24,11094),(25,14981),(27,3006),(31,28806),(32,11190),(33,20376),(34,25369),(36,26900),(37,11348),(38,30794),(39,15115),(40,7244),(41,1502),(43,30594),(44,9651),(46,1883),(47,23917),(51,29624),(53,10920),(54,29720),(57,13218),(62,11753),(63,20501),(65,22451),(66,15502),(69,5832),(71,13608),(72,38357),(73,25334),(74,9258),(77,2614),(78,32046),(79,11626),(80,4478),(81,2850),(82,39189),(83,3890),(84,471),(85,36883),(88,6271),(90,32007),(91,26338),(92,11657)]	130.483205
664	[(1,28024),(4,6641),(7,16481),(9,4125),(11,30199),(12,11247),(13,32890),(16,30627),(17,7796),(18,8185),(19,12265),(23,19557),(24,30048),(25,31584),(27,10723),(28,26469),(29,32240),(30,3618),(32,29468),(34,25084),(35,25816),(37,21075),(38,32971),(39,13508),(41,24702),(45,32980),(46,35381),(47,35289),(48,5700),(49,17208),(51,38809),(53,27519),(55,30905),(59,27369),(60,29844),(61,7969),(63,3922),(66,2032),(69,29281),(71,35924),(73,20844),(76,21665),(77,21167),(78,6328),(79,25950),(81,26361),(83,8185),(84,5392),(85,18596),(86,34321),(90,32564),(91,25165),(92,22745)]	163.165464
665	[(0,33917),(1,2433),(2,32521),(3,9497),(5,26486),(8,30189),(9,24236),(11,36095),(12,36827),(15,6267),(16,11437),(17,25881),(19,33392),(22,18694),(23,23141),(24,5833),(28,11267),(29,34415),(30,10930),(31,35244),(32,29504),(34,14321),(35,20300),(36,37807),(38,5774),(39,7318),(42,7219),(44,22246),(46,32867),(49,34989),(51,4781),(53,22922),(54,33328),(55,12628),(56,32496),(57,7473),(58,10833),(59,27584),(62,28388),(63,20546),(64,9710),(65,32934),(69,32039),(70,26838),(72,34805),(74,14141),(78,13472),(80,14290),(81,14003),(83,8803),(85,18951),(87,31981),(88,11532),(90,12611)]	144.468859
666	[(1,14027),(2,37778),(3,14790),(4,13736),(5,3265),(6,2555),(7,33690),(12,38084),(13,19623),(14,6119),(15,22475),(16,15784),(18,18213),(23,15796),(25,32348),(28,19107),(30,36965),(32,20930),(33,7876),(34,3124),(35,11533),(36,11090),(37,27353),(38,34586),(39,17417),(40,1024),(41,5722),(42,27170),(43,21164),(45,5718),(47,4472),(49,4026),(50,37726),(53,18972),(55,839),(58,28088),(60,2943),(61,10981),(63,4132),(65,38998),(69,36869),(70,20448),(72,38757),(73,24471),(74,15235),(75,3427),(78,30810),(79,1475),(81,5267),(83,9481),(88,11162),(89,18188),(91,15462),(92,72)]	133.200068
667	[(2,13957),(4,7580),(5,29491),(6,12068),(7,31079),(8,16235),(10,10076),(12,17325),(14,24881),(15,29269),(16,22365),(17,33738),(18,7039),(20,29040),(21,26307),(22,29495),(25,37191),(28,17160),(29,27254),(30,34085),(31,16990),(32,13488),(36,16622),(40,36536),(41,25514),(43,15491),(44,29745),(47,35037),(48,22109),(49,29029),(50,35179),(51,18389),(52,18452),(54,34671),(56,21812),(58,32423),(60,19349),(62,4160),(64,18424),(67,9033),(68,6819),(69,21099),(70,13136),(71,8233),(73,19618),(76,28390),(79,29486),(80,19467),(81,24966),(82,34941),(85,19656),(87,24641),(88,15257),(90,29656),(91,38487),(92,22543)]	133.824274
668	[(0,22670),(1,37579),(2,15370),(4,27501),(5,37349),(6,207),(8,18416),(13,38966),(15,25836),(16,13564),(17,28586),(18,11855),(19,13131),(20,1571),(21,7859),(22,25127),(23,5680),(24,21266),(26,13310),(27,12019),(29,24950),(30,27687),(32,3863),(35,33088),(36,20650),(37,1143),(38,10365),(39,38563),(40,9072),(41,24047),(45,18065),(47,12020),(50,6272),(51,72),(52,16535),(53,3684),(56,36960),(58,7271),(59,18617),(61,27634),(62,15248),(63,16868),(64,2883),(68,39195),(70,7402),(71,33130),(73,34800),(74,10707),(76,14628),(78,17362),(79,4038),(80,12642),(82,5500),(83,10084),(84,35363),(85,7110),(86,29603),(88,2728),(89,21053)]	139.214399
669	[(0,37709),(1,39175),(2,6762),(5,24156),(6,15429),(8,10101),(11,5044),(12,22460),(13,35141),(14,25093),(15,18963),(16,25987),(18,16447),(19,12063),(20,2752),(22,29793),(23,29605),(24,2748),(25,22905),(26,887),(28,38721),(29,11854),(31,20010),(33,6497),(34,4865),(36,16444),(37,21709),(39,25059),(40,34583),(41,30075),(42,27333),(43,16974),(44,25506),(45,12239),(46,23192),(48,5902),(49,11427),(50,1857),(51,13892),(53,20784),(54,23602),(55,38950),(56,33376),(57,33821),(58,3627),(59,12982),(60,17576),(65,23278),(66,1714),(68,7523),(70,5190),(74,14828),(75,21234),(76,1810),(78,36870),(80,19097),(81,34453),(82,8347),(83,4539),(84,14381),(85,31433),(86,15497),(87,19598),(88,32272),(89,3100)]	135.005555
670	[(1,22318),(5,23665),(6,17316),(7,23487),(8,1071),(9,34135),(10,12196),(11,38296),(12,29749),(13,17404),(14,5909),(15,7107),(16,8502),(17,35386),(19,15206),(20,3442),(22,37059),(24,28267),(25,36173),(26,11982),(27,26056),(28,4379),(30,1854),(31,21778),(32,3233),(33,13665),(34,25335),(35,37058),(36,18681),(37,2651),(38,27097),(40,12869),(43,28404),(44,3372),(45,30798),(46,13574),(48,16866),(52,1373),(53,26180),(54,2613),(56,28345),(58,12028),(60,24401),(63,28534),(64,19839),(67,6823),(68,16141),(69,30277),(70,24282),(72,19415),(74,34518),(75,16034),(76,19422),(78,16320),(79,27301),(80,21722),(81,19155),(82,18718),(84,37257),(88,20389),(92,17978)]	144.709088
671	[(0,25173),(4,20236),(5,30160),(9,9933),(10,1410),(11,12383),(12,33455),(14,18199),(15,1829),(17,29985),(20,23584),(21,19247),(23,36304),(24,11469),(25,19582),(26,3509),(29,21868),(32,10967),(35,30079),(36,13452),(37,32640),(38,29684),(42,12731),(44,21151),(48,12561),(49,16245),(51,8531),(54,14549),(57,7096),(58,22379),(60,6311),(61,13623),(64,7011),(67,6524),(69,637),(72,15345),(74,31930),(76,33498),(79,1004),(81,10800),(82,39136),(83,24369),(86,23232),(87,28375),(88,11925),(89,15360),(92,34740)]	157.232286
672	[(1,19358),(2,35812),(4,19599),(5,770),(6,35755),(7,10252),(8,33004),(9,32815),(10,16419),(14,26431),(17,31231),(21,31776),(22,37048),(24,3921),(26,16575),(27,7665),(28,3339),(30,5280),(31,12910),(33,2920),(36,25998),(38,30265),(39,36801),(40,33201),(41,29652),(42,34919),(43,24486),(45,25308),(50,37587),(51,24918),(52,19681),(58,35318),(61,6909),(62,26720),(63,36607),(64,8296),(65,29106),(66,30867),(67,7626),(68,33700),(69,35531),(70,37968),(73,27211),(75,29343),(77,6176),(78,25175),(79,31215),(80,18902),(84,1133),(85,14018),(86,16032),(87,4936),(89,21945),(90,3934),(91,11658)]	136.282872
673	[(0,25481),(1,25034),(2,6617),(3,2345),(4,26330),(6,7365),(7,17470),(10,26300),(11,2518),(12,29108),(13,5609),(15,28811),(17,11690),(19,35193),(20,27665),(21,32323),(22,29866),(23,13277),(24,17447),(25,33818),(26,13256),(27,23258),(28,7220),(29,8241),(30,26820),(32,13920),(33,9613),(34,3286),(35,19149),(36,13516),(38,22866),(43,23045),(44,22394),(46,36202),(47,4258),(49,1112),(51,7029),(54,23493),(57,14309),(58,36149),(59,37550),(60,17555),(61,16475),(72,28287),(75,36433),(76,10338),(78,3093),(80,34681),(84,1557),(85,5231),(86,5849),(87,3324),(89,37473),(90,38706)]	145.494861
674	[(0,9210),(1,14141),(2,5427),(3,12794),(4,3757),(5,17898),(6,1957),(7,31643),(8,5585),(9,27341),(11,16494),(12,17250),(15,11296),(16,20358),(17,11668),(18,14122),(20,6939),(21,8841),(22,21468),(29,37482),(30,12447),(32,35838),(33,11292),(34,14216),(35,15922),(36,6130),(38,27516),(39,36159),(40,7766),(41,2527),(44,37333),(45,38440),(48,16792),(49,29179),(51,4161),(53,19231),(54,37814),(55,38570),(58,12371),(59,14701),(60,2273),(61,15274),(63,27587),(64,31449),(65,6512),(66,5602),(69,1660),(72,16519),(73,12407),(75,34700),(76,12399),(82,2831),(83,14053),(85,24890),(86,37293),(88,22165),(90,32815),(92,29279)]	140.486841
675	[(2,23420),(3,10651),(9,26626),(10,1746),(11,33740),(14,3563),(16,17789),(19,26648),(25,20826),(28,5790),(30,15148),(31,7086),(33,8435),(35,16229),(36,2053),(38,15721),(40,15991),(42,34731),(43,33627),(46,27917),(47,2447),(48,16728),(50,5898),(51,19216),(52,36629),(53,11097),(54,28120),(55,32673),(57,35893),(59,33373),(61,23083),(62,28521),(65,38941),(68,23253),(69,37802),(70,23901),(71,20349),(72,8565),(73,38538),(76,750),(78,34514),(79,33050),(80,4647),(81,21454),(83,29521),(84,14466),(85,10882),(86,4188),(88,22814),(89,21564),(90,16751),(92,28186)]	142.586446
676	[(1,38771),(5,37524),(6,18369),(11,23253),(12,21235),(13,26050),(16,36170),(17,36051),(18,31629),(19,8770),(20,3702),(22,25128),(23,2200),(26,20756),(31,18439),(32,9802),(36,22165),(38,24136),(41,34375),(42,123),(43,29396),(45,27695),(46,19793),(49,13899),(50,37865),(51,2066),(52,5747),(54,36695),(55,37654),(57,8452),(58,23426),(60,11539),(63,34638),(64,25827),(66,6911),(68,27811),(69,13071),(70,11733),(74,22437),(75,7457),(76,21230),(77,34640),(78,18765),(79,15223),(80,16939),(82,10382),(83,22246),(84,20775),(85,6719),(87,12472),(89,28064),(90,26649),(91,20089)]	135.710387
677	[(1,39207),(3,28763),(4,31783),(6,29031),(7,33002),(8,3447),(11,316),(13,35714),(16,20537),(20,10403),(21,34325),(22,20254),(23,18330),(26,5045),(27,26159),(30,31095),(31,27236),(33,502),(37,295),(38,8732),(40,29996),(41,6420),(42,5931),(48,7719),(50,12749),(51,30465),(52,36916),(53,11828),(54,36377),(55,15302),(57,17298),(58,20191),(59,10646),(61,2905),(62,31437),(63,26384),(67,36079),(68,38575),(69,26341),(70,36443),(71,15043),(72,3641),(76,1438),(77,32374),(78,11260),(82,27001),(84,37423),(87,17893),(89,9920),(90,35367),(91,30367)]	131.674351
678	[(0,32923),(2,37736),(3,32738),(4,7601),(5,33414),(7,12714),(9,14407),(10,1579),(12,5936),(13,32790),(14,23282),(16,10716),(17,15846),(18,20709),(19,8462),(22,32162),(23,14221),(28,18358),(30,25437),(32,20827),(33,28059),(34,23085),(35,19029),(36,13131),(37,10894),(39,828),(41,21326),(42,9539),(43,2017),(44,32457),(45,22717),(47,17519),(48,20301),(50,12366),(51,19766),(54,13021),(58,11963),(59,12922),(61,5351),(62,22528),(63,39036),(64,8541),(65,7714),(67,35133),(68,17321),(69,32926),(70,22232),(72,7735),(73,16359),(74,20359),(75,7479),(77,30122),(78,21976),(79,29872),(81,12412),(84,35225),(86,37268),(88,8902),(91,9914)]	136.908161
679	[(0,15803),(6,30664),(7,29796),(10,29280),(12,12545),(16,36937),(17,27887),(18,37221),(19,39108),(23,27616),(25,37988),(30,24140),(31,8668),(32,1895),(33,24100),(34,4659),(37,28233),(39,12466),(41,30204),(43,20621),(44,7605),(46,21601),(48,16384),(49,30142),(51,28835),(54,10996),(55,31253),(59,12533),(60,27640),(61,35242),(63,36276),(64,37053),(65,20083),(67,15254),(68,26506),(69,3262),(71,23252),(72,23824),(73,10511),(74,10161),(75,6797),(76,6291),(78,30322),(80,24287),(81,24463),(82,1573),(83,37049),(85,2877),(86,32927),(89,8904),(90,23276),(91,32822),(92,35394)]	152.184586
680	[(0,2936),(1,14830),(2,29479),(3,12802),(4,12033),(5,11550),(6,10607),(7,31839),(13,35052),(14,22388),(15,346),(16,3930),(17,34800),(18,10707),(21,18891),(22,14436),(23,24140),(24,246),(29,27996),(31,37254),(32,32519),(33,35531),(37,36133),(39,22044),(41,9588),(45,17089),(46,3874),(48,4266),(50,11256),(51,18920),(52,9450),(53,14985),(54,14601),(55,8396),(56,28853),(57,33143),(58,24945),(61,29153),(62,4310),(63,4776),(65,3466),(66,33433),(67,13183),(68,23566),(70,15013),(71,23768),(72,22319),(76,5093),(77,15884),(78,39147),(79,21178),(80,10772),(84,23639),(86,28431),(87,14722),(89,15184),(90,15989),(92,31568)]	132.023488
681	[(2,11094),(3,6654),(4,5189),(6,7359),(7,6760),(8,8407),(9,732),(10,16662),(11,36090),(13,34480),(18,14238),(19,21040),(20,5727),(21,17423),(22,28278),(24,12250),(25,4954),(26,706),(28,32194),(29,12678),(34,21868),(35,23542),(36,34826),(39,33679),(41,7516),(44,32721),(47,13250),(49,12084),(53,36832),(54,36228),(56,11419),(58,13663),(59,16352),(61,33691),(63,35274),(64,16320),(67,6250),(68,32060),(76,18541),(78,31233),(80,26812),(82,2237),(83,9390),(84,13518),(86,13532),(87,21738),(88,16178),(89,33181),(91,26052),(92,36202)]	128.044230
682	[(0,13955),(1,28570),(2,38248),(3,25684),(6,4371),(9,22030),(10,7605),(12,18213),(16,234),(19,1395),(20,6141),(22,8779),(23,29669),(24,7010),(25,29308),(27,21255),(30,128),(33,39031),(34,3580),(35,12547),(36,34956),(37,34732),(39,17864),(40,398),(42,11539),(43,9312),(44,19073),(45,1616),(47,27826),(49,11050),(50,22127),(52,30616),(54,23738),(55,29115),(56,11807),(57,5866),(58,24808),(59,29102),(61,5344),(62,26087),(64,14713),(65,15616),(66,34660),(67,4108),(69,34841),(71,15511),(72,37693),(74,22693),(79,31453),(80,7378),(84,38490),(85,5536),(86,7526),(88,31207),(89,20742),(91,31077)]	126.813564
683	[(0,15502),(3,34501),(5,29211),(6,15639),(7,24441),(8,30282),(9,861),(10,34400),(11,1976),(14,10275),(16,5167),(17,37155),(18,33633),(20,1083),(22,10073),(24,15587),(27,20578),(28,15547),(29,13680),(30,35074),(31,9811),(32,33318),(33,20504),(35,10184),(39,322),(41,30316),(42,21914),(44,22945),(47,36550),(48,23401),(49,16271),(50,13070),(51,28104),(52,28697),(54,17198),(55,28113),(57,3006),(58,9207),(59,26376),(61,7284),(62,35073),(63,14330),(65,1350),(66,15384),(67,20547),(69,12013),(70,12339),(72,6722),(73,33529),(75,36342),(76,25842),(79,11904),(80,17405),(83,12884),(84,5007),(85,6849),(86,37953),(88,36156),(90,2384),(92,25288)]	127.770517
684	[(0,37624),(6,9999),(7,8984),(10,13177),(13,6418),(14,35810),(15,1813),(16,31786),(17,31919),(19,30260),(20,5284),(21,31023),(24,34935),(25,35473),(28,20700),(29,4917),(30,37781),(32,19950),(33,31425),(34,3745),(37,32055),(39,10115),(40,19522),(43,35666),(44,28044),(45,14552),(46,23702),(47,22027),(48,34916),(49,31923),(50,31482),(52,21842),(55,27537),(56,6047),(57,21723),(59,36144),(60,10000),(62,14054),(64,12675),(65,10584),(67,2376),(69,6712),(70,31742),(71,10764),(72,8090),(73,25443),(74,38140),(76,8813),(77,9853),(80,28990),(82,23795),(84,279),(86,1342),(89,12251),(91,33999),(92,24442)]	128.607132
685	[(1,22347),(2,37059),(3,1943),(4,8100),(6,30515),(8,31798),(10,1143),(11,10365),(12,38329),(14,4708),(17,2799),(18,1094),(23,14148),(25,8753),(28,25046),(30,18253),(31,35623),(34,25311),(35,1003),(37,3822),(38,38933),(40,16368),(42,8702),(43,25895),(44,17129),(45,3384),(46,31262),(47,3106),(48,29191),(49,10725),(55,8319),(56,21714),(57,18324),(58,19756),(60,7187),(61,16795),(62,9529),(64,21524),(66,8583),(67,20191),(68,10646),(69,34175),(70,22004),(71,7478),(74,28600),(77,14153),(79,19385),(81,372),(83,20005),(84,33975),(85,30082),(86,23194),(87,29686),(89,32662),(90,38051),(91,21788),(92,32348)]	126.441914
686	[(1,22424),(4,21355),(5,33563),(9,16180),(10,17835),(11,14351),(12,29862),(14,15924),(15,16828),(18,12752),(19,8377),(23,15598),(26,141),(28,22536),(29,411),(30,3003),(31,33681),(32,4144),(34,38496),(35,34568),(37,28120),(38,32673),(41,31557),(46,34419),(49,17147),(50,28450),(51,24937),(52,21437),(53,12236),(55,30390),(56,35808),(57,18317),(59,14742),(60,24877),(63,22615),(65,19402),(66,27999),(67,21322),(69,34725),(70,8567),(71,35357),(75,26876),(78,31428),(79,34471),(80,28616),(81,7824),(82,22799),(84,33397),(85,27199),(86,14237),(87,552),(88,1535),(89,30334),(90,12104),(92,23247)]	138.655214
687	[(0,18703),(2,11211),(3,22744),(4,2486),(5,35868),(6,23491),(7,32213),(9,20960),(10,24490),(11,4553),(12,32016),(14,34166),(15,37494),(16,5022),(17,5833),(19,2795),(21,18141),(23,1552),(25,32238),(28,4851),(29,12630),(30,13893),(31,34653),(33,25491),(35,18973),(36,37353),(37,23526),(38,14619),(39,7048),(41,29811),(42,10182),(44,38980),(45,17237),(47,11878),(49,34312),(50,21989),(51,19897),(52,24081),(53,1532),(54,15728),(55,4134),(56,16764),(58,1568),(59,17623),(60,2882),(61,1583),(62,32299),(63,11246),(64,31433),(65,314),(66,34565),(68,32134),(70,20058),(71,16152),(72,38627),(73,21657),(74,32997),(75,16559),(76,3258),(77,32050),(80,25285),(81,28328),(82,5109),(84,12869),(85,5864),(92,29644)]	140.683527
688	[(0,27761),(2,29157),(3,13596),(6,19685),(7,2973),(8,26812),(11,13296),(12,38176),(16,13754),(17,34923),(18,4751),(19,4448),(20,11593),(21,7714),(22,13915),(24,11585),(26,30484),(29,30787),(30,33403),(31,38039),(32,33531),(33,11890),(34,21536),(35,12945),(36,13694),(40,38175),(41,27197),(42,4937),(43,9302),(44,18708),(45,21475),(47,35253),(49,6420),(50,11659),(55,14607),(57,5116),(59,33403),(60,7883),(62,32127),(63,27516),(64,6505),(65,36518),(68,19355),(69,26699),(70,25233),(72,36610),(73,25440),(74,28150),(76,24447),(77,162),(78,34307),(79,28511),(81,22127),(82,3871),(83,26499),(85,34939),(89,36655),(90,18455),(91,36782)]	123.137712
689	[(2,38385),(4,7004),(6,13581),(7,15993),(9,33858),(10,25850),(11,28669),(16,8326),(18,14383),(19,36610),(20,32800),(21,23689),(23,14417),(24,22984),(25,36873),(26,25276),(28,4044),(29,29114),(30,37522),(31,2461),(32,223),(34,4136),(35,36134),(36,14642),(37,23674),(39,32830),(44,16543),(45,33266),(46,34028),(49,14104),(52,6322),(54,7972),(55,5143),(57,37859),(58,32864),(65,34542),(66,3909),(67,29465),(68,35855),(71,38171),(72,6739),(73,24421),(74,39144),(75,18341),(76,16265),(77,5441),(79,10833),(81,20536),(82,19646),(84,35374),(85,18575),(86,10460),(87,34188),(88,19227),(89,16788),(90,5140),(91,24158),(92,12473)]	140.927917
690	[(1,15426),(2,5174),(5,21683),(6,24220),(7,38617),(8,16088),(10,20593),(12,2690),(13,9000),(16,31720),(17,19048),(18,3881),(19,1646),(23,10926),(29,30422),(32,31507),(33,299),(34,22814),(36,13035),(37,30666),(38,38370),(40,26666),(41,24299),(42,24548),(43,7996),(45,13655),(46,10601),(47,732),(48,16662),(49,36090),(51,34480),(53,22471),(55,36262),(57,6163),(58,7936),(59,27943),(60,4163),(61,34139),(62,28674),(65,10688),(67,9417),(68,12704),(69,27773),(71,21300),(73,683),(74,37961),(75,6108),(76,27285),(77,37206),(81,12867),(83,35719),(84,18766),(85,34715),(86,35712),(88,1844),(89,20005),(90,22443),(91,24540),(92,28430)]	153.690778
691	[(1,38127),(2,5533),(3,5854),(4,30678),(5,23233),(6,4295),(8,25149),(9,36291),(10,32678),(11,26450),(12,23744),(14,29469),(16,20145),(20,35753),(23,30138),(26,11672),(27,28193),(28,29919),(30,10729),(31,29338),(32,4541),(34,30930),(35,28100),(38,8634),(39,18773),(40,29955),(42,3485),(44,17790),(45,10028),(50,6151),(51,30362),(53,21509),(58,33222),(61,1045),(62,33379),(65,28771),(67,16481),(68,25062),(69,12846),(70,14511),(71,29681),(73,373),(76,6877),(77,1848),(78,19174),(80,6698),(81,8146),(82,1161),(83,38930),(84,25741),(85,19272),(87,37561),(89,5668),(90,19179),(91,33590),(92,36452)]	126.540749
692	[(0,6253),(2,17475),(3,34704),(4,19126),(5,26818),(6,7837),(7,5721),(9,5975),(10,26192),(13,1899),(14,24481),(18,14378),(19,15342),(22,18117),(23,37318),(24,1947),(25,14610),(28,30583),(30,21903),(31,31251),(33,22607),(37,26250),(39,21041),(40,4494),(41,37417),(44,34404),(46,3053),(48,20295),(50,21509),(54,25091),(55,16570),(56,30621),(58,7257),(59,3518),(60,22840),(61,38239),(62,29997),(63,5569),(65,19299),(67,6990),(68,32477),(72,2114),(74,24880),(76,38750),(77,32098),(81,15192),(86,36300),(88,32318),(90,1573),(91,37049)]	124.412116
693	[(1,31095),(2,18774),(4,19077),(5,8137),(6,26998),(7,21105),(8,1192),(11,15974),(14,37104),(17,8011),(18,12825),(19,33925),(21,8688),(22,7943),(24,28667),(25,20832),(26,16295),(29,10481),(30,2462),(32,16961),(33,23441),(35,25130),(36,13656),(37,30259),(39,26293),(41,1310),(42,20349),(43,8565),(44,38538),(45,28612),(48,30980),(50,7403),(51,34983),(53,27050),(54,29025),(56,20123),(57,1679),(62,38122),(63,996),(65,33025),(66,33817),(68,37254),(69,23006),(74,14225),(76,18897),(77,35120),(78,7696),(80,7093),(83,33446),(84,2752),(87,27230),(88,5814),(91,31416)]	130.802934
694	[(0,15839),(1,6424),(2,12483),(3,800),(6,5027),(10,5208),(11,3810),(13,22837),(14,18489),(15,21549),(18,24347),(19,11108),(22,22136),(24,18363),(25,29516),(26,9048),(29,13039),(30,30700),(31,24081),(34,31015),(35,30640),(37,21638),(38,34257),(39,34081),(40,16211),(41,33709),(43,30524),(44,30790),(45,19996),(46,6376),(47,7823),(48,23375),(52,31641),(53,6473),(55,6957),(56,12483),(57,800),(59,8309),(62,2863),(64,33088),(65,20650),(66,1143),(67,10365),(69,21441),(74,19387),(80,435),(88,33146),(89,29891),(90,38394),(91,7138),(92,38268)]	154.699844
695	[(2,22293),(4,16577),(6,29336),(8,23248),(9,14067),(10,23919),(12,19351),(14,27756),(15,5840),(16,33552),(17,32855),(19,19897),(21,7080),(22,21126),(25,30348),(26,10740),(27,2481),(28,20946),(29,36139),(30,15487),(31,28379),(33,27301),(34,11562),(35,28986),(37,21823),(39,13175),(40,20189),(42,30829),(45,25608),(46,28876),(49,19498),(51,19230),(53,14227),(55,11622),(56,25308),(58,33431),(63,16813),(68,26454),(71,38375),(73,37867),(75,22200),(76,22699),(77,1669),(78,14903),(80,11203),(83,34801),(84,18684),(87,33452),(88,1772),(89,28134),(91,1506)]	126.189270
696	[(0,7539),(3,27718),(6,3857),(9,5108),(11,7221),(15,28653),(24,14757),(25,35672),(27,13725),(30,9574),(31,6542),(33,30493),(34,11113),(35,10701),(36,8168),(37,35738),(38,2035),(40,2533),(41,18327),(42,15448),(43,3716),(44,28081),(46,2321),(47,8195),(51,133),(54,21790),(56,26697),(57,27526),(59,8541),(60,7714),(61,703),(62,12072),(64,38920),(66,25695),(67,29166),(68,15245),(69,1641),(70,4449),(71,13169),(78,3798),(81,29153),(82,15692),(84,37654),(86,36040),(88,19710),(90,12550),(91,11737)]	133.601808
697	[(1,6404),(2,27979),(3,24561),(6,1727),(9,15496),(12,6212),(13,10406),(16,12061),(17,37370),(18,28102),(20,36780),(22,8316),(23,11202),(27,26182),(28,10406),(29,26743),(32,9285),(33,14623),(35,4568),(36,19948),(41,15055),(43,23658),(45,37060),(49,11405),(50,17635),(53,5223),(54,5138),(56,12343),(57,21035),(59,11702),(60,17332),(61,67),(63,5355),(64,35457),(65,28256),(67,39156),(69,29601),(71,12842),(74,19980),(75,34069),(77,11351),(79,33384),(81,15066),(82,2695),(85,23103),(86,3308),(88,35161),(89,20040)]	135.224496
698	[(1,989),(2,3515),(4,10410),(8,6945),(12,23086),(14,16370),(15,17665),(16,16864),(21,10427),(22,22552),(24,32263),(25,3879),(28,11361),(30,8288),(33,27334),(34,29963),(35,17499),(36,8974),(37,24483),(39,36790),(41,20332),(42,19698),(44,1151),(45,18337),(47,3244),(48,33960),(51,17966),(55,28608),(56,32731),(57,14530),(61,20010),(62,38249),(63,35728),(64,17926),(65,8561),(67,1884),(68,34122),(69,870),(71,33812),(72,21617),(74,31884),(78,12249),(79,37134),(81,105),(83,21448),(85,19823),(87,27226),(88,32880),(89,9505),(90,32846),(91,5582)]	138.414930
699	[(1,37164),(3,32416),(5,5220),(7,18796),(10,28869),(12,29789),(13,18533),(15,8140),(16,1435),(17,8716),(20,18699),(22,17964),(23,32214),(26,5182),(28,355),(29,21733),(30,10218),(34,17472),(39,13762),(40,378),(41,23758),(42,21214),(43,11046),(44,1079),(46,828),(49,26577),(51,597),(52,13926),(53,36169),(54,34196),(55,3407),(57,35501),(61,38410),(62,37823),(63,34899),(65,12787),(70,22055),(71,21782),(72,7114),(73,29062),(74,33611),(75,10753),(76,17882),(78,16491),(79,25354),(81,25693),(83,25557),(84,12327),(85,21040),(86,13272),(87,37013),(89,18395),(92,15303)]	134.459377
700	[(0,18092),(1,11298),(2,26949),(4,10876),(6,15452),(7,36824),(8,9674),(10,31029),(11,24505),(12,30144),(13,9150),(15,329),(16,11315),(18,11652),(19,27618),(20,24799),(21,20733),(25,12484),(29,2594),(30,18091),(31,30704),(38,19376),(39,36104),(40,2628),(41,1083),(42,5952),(43,3060),(44,19326),(46,23787),(49,8950),(51,29581),(52,31745),(53,32865),(56,22884),(58,26689),(59,9947),(60,14360),(64,14554),(66,10276),(68,7003),(69,16510),(70,38487),(71,22543),(72,19755),(74,35718),(75,2231),(76,10812),(77,5236),(79,20943),(80,15339),(81,8891),(82,14325),(83,31559),(84,3427),(87,30810),(88,7863),(89,6692),(90,8897),(91,4390),(92,35979)]	153.438203
701	[(1,13073),(2,18791),(13,15499),(15,14524),(16,18314),(17,17146),(20,1540),(21,17600),(24,33980),(25,32249),(26,31024),(28,10725),(30,11479),(31,15768),(32,24925),(34,23669),(35,34537),(36,10939),(37,21962),(39,33310),(40,6408),(41,8507),(45,38385),(46,18974),(49,3406),(50,18306),(52,31537),(54,6660),(55,17640),(56,15245),(57,15897),(59,18075),(60,26323),(61,29574),(64,4669),(65,26753),(67,30694),(70,16838),(73,16823),(75,8314),(77,6052),(78,4785),(79,34190),(80,9722),(81,25707),(82,28969),(84,20611),(87,31769),(88,24155),(89,1717),(90,15453),(91,24835),(92,29013)]	158.196191
702	[(0,31695),(1,26883),(2,37088),(4,9111),(6,8272),(7,21233),(9,15932),(12,4227),(14,19909),(16,8260),(17,788),(18,5756),(20,8437),(21,32599),(22,24950),(24,19656),(28,803),(29,3924),(36,465),(38,35944),(39,38344),(40,12904),(44,28508),(45,7208),(46,14555),(49,24060),(53,21238),(54,35541),(55,20637),(56,35888),(60,28397),(61,22461),(62,35603),(64,20523),(65,36996),(69,2262),(71,4894),(72,15715),(74,22284),(75,23467),(76,9412),(77,5408),(79,23053),(82,28523),(83,786),(85,30222),(87,34341),(88,12107),(89,38474),(90,14155),(91,28444),(92,20527)]	149.013518
703	[(0,13539),(1,24722),(2,3235),(3,21566),(4,8981),(5,11840),(10,26685),(15,11616),(17,27519),(19,24290),(20,3165),(22,5594),(25,8024),(26,4980),(27,13004),(28,29329),(29,3964),(31,37453),(32,22236),(33,16031),(34,15340),(35,4523),(36,7669),(37,12351),(38,8847),(43,26747),(45,13134),(46,25594),(48,22960),(49,37223),(54,29293),(55,31403),(56,409),(57,6813),(58,3012),(59,25344),(61,36603),(62,8802),(63,17453),(64,36013),(66,19085),(67,36736),(68,4121),(69,11082),(70,6748),(71,32861),(72,19273),(73,25852),(74,15847),(76,10382),(77,24473),(78,27784),(79,4210),(80,14013),(81,8555),(82,35267),(84,37155),(87,30629),(88,31580),(92,7817)]	137.374760
704	[(1,3520),(3,27031),(4,23109),(5,13192),(6,13380),(7,24059),(8,38334),(9,25924),(10,34721),(15,22530),(16,5628),(17,25229),(18,11239),(19,17654),(20,35407),(21,8287),(22,1121),(24,2152),(26,10102),(27,10405),(28,10281),(29,12077),(30,4613),(31,23407),(35,8843),(36,21605),(38,34641),(39,21231),(41,39152),(42,1598),(43,38833),(44,10381),(45,14578),(49,24743),(50,25307),(52,26497),(53,20823),(54,18065),(57,20447),(58,14762),(59,14839),(60,18261),(62,36682),(63,38068),(64,19037),(65,12834),(69,22252),(71,26957),(72,2358),(73,27560),(75,1318),(77,5064),(78,38044),(85,6819),(86,21363),(87,19399),(90,35762)]	144.305765
705	[(0,36411),(1,25377),(4,20027),(5,38827),(9,34964),(10,16988),(11,9294),(12,32902),(14,20554),(15,18257),(16,20570),(17,21669),(18,12523),(20,29501),(21,32066),(25,15606),(27,17193),(28,37026),(32,27306),(33,33462),(34,29135),(35,12207),(37,11331),(38,11282),(39,22153),(41,24303),(42,536),(43,9891),(44,8298),(45,16442),(46,8564),(48,6897),(50,24718),(51,34613),(52,20862),(55,32144),(56,30790),(57,3099),(58,38521),(59,9627),(60,25940),(62,33251),(63,33813),(64,6129),(65,37056),(66,33056),(69,7747),(70,32689),(71,14740),(73,6257),(74,10114),(76,9335),(77,9100),(81,8227),(84,23827),(87,17135),(88,31015),(89,27385),(91,8857),(92,29429)]	132.901518
706	[(0,9054),(5,2407),(7,37841),(10,32061),(11,29133),(12,10871),(13,32000),(14,34778),(15,25401),(19,27424),(23,38905),(25,38644),(28,36336),(29,29773),(30,37534),(31,5660),(32,23983),(34,22942),(35,12036),(42,20118),(43,22170),(44,16754),(46,11347),(47,5513),(48,25195),(49,26330),(51,7365),(52,3502),(54,10160),(55,28066),(57,14974),(58,29265),(60,13718),(61,15699),(63,2767),(64,2078),(65,17858),(67,17821),(68,13703),(69,38653),(70,3144),(71,23772),(72,37306),(73,10442),(75,38569),(76,33485),(77,19244),(78,14965),(79,18416),(81,21179),(82,22553),(84,26578),(89,30583),(90,18311),(91,30609),(92,23463)]	126.951716
707	[(1,36101),(2,3107),(3,34591),(4,28306),(5,20012),(7,30492),(8,38265),(9,3446),(10,19413),(11,28096),(13,31893),(14,14658),(16,34915),(17,11032),(18,19851),(20,14112),(21,39135),(22,9777),(24,35711),(26,16171),(29,18297),(30,33418),(32,22995),(36,26338),(37,10025),(40,17162),(41,2613),(43,186),(44,20293),(45,7965),(46,30114),(48,38889),(49,17698),(50,37134),(51,32083),(52,17687),(53,33292),(54,24596),(56,35324),(57,1373),(59,20689),(60,35327),(62,2058),(64,9416),(67,24231),(69,15506),(70,34209),(72,11522),(73,8031),(74,1357),(75,30596),(78,3007),(79,31311),(81,27405),(82,14607),(83,25327),(84,25682),(85,18946),(86,15189),(87,36065),(89,23511),(90,19773)]	128.015400
708	[(1,24058),(6,8029),(7,12118),(8,24072),(9,1),(10,12240),(12,22210),(13,23188),(15,33441),(17,15052),(19,37272),(20,31840),(21,10566),(33,15984),(36,29665),(37,33714),(38,21236),(40,29515),(41,37194),(42,27864),(43,12426),(48,38401),(50,14034),(51,5857),(52,35071),(53,6100),(56,37012),(57,6933),(58,17328),(59,26260),(63,332),(64,7396),(67,20185),(68,16523),(69,12035),(70,35844),(71,28136),(75,16031),(76,32454),(77,12614),(79,31177),(80,14059),(82,33652),(83,6867),(84,17085),(85,22724),(86,30759),(88,6761),(89,15221),(90,8575),(91,26124)]	139.396760
709	[(0,14790),(1,12234),(2,21025),(4,17588),(5,27598),(9,18305),(10,34423),(12,39110),(13,38086),(14,5022),(15,5833),(16,22948),(17,27503),(18,9644),(19,19086),(20,11994),(24,13094),(26,31378),(27,8049),(28,30133),(30,10914),(31,15769),(32,927),(33,36900),(34,21741),(35,23294),(36,14394),(37,2451),(38,2015),(40,30069),(41,14029),(42,21397),(43,35610),(46,32926),(47,22232),(49,15216),(50,9207),(51,12572),(53,23019),(55,9904),(61,29535),(62,37321),(63,19037),(64,13549),(66,11070),(67,36530),(69,18213),(71,3547),(73,38854),(74,14440),(75,16594),(77,34203),(79,4301),(80,12275),(81,2471),(82,32454),(83,12614),(85,31993),(89,14622),(91,3498)]	147.647680
710	[(0,38721),(1,28467),(2,421),(4,15607),(5,37830),(8,26059),(9,30791),(11,13024),(12,20784),(13,2699),(14,39040),(15,35237),(18,17438),(19,18496),(21,29099),(22,31908),(23,32136),(25,6613),(26,32995),(28,9389),(30,3139),(31,27144),(32,11798),(34,15860),(35,1371),(36,19691),(37,19110),(38,9100),(41,19288),(42,8777),(43,23936),(44,31284),(45,29758),(47,21261),(48,19693),(49,11490),(50,33788),(52,2059),(53,7924),(54,26947),(55,38784),(56,7627),(58,13125),(59,34160),(60,30235),(61,38152),(63,28423),(64,2980),(65,8799),(66,19498),(67,25557),(68,12327),(69,27884),(70,20444),(73,15937),(75,38882),(76,19609),(77,14815),(78,8883),(79,29982),(87,36640),(89,34876),(91,10582),(92,5433)]	139.674281
711	[(0,17357),(2,2835),(3,23142),(6,32160),(8,7005),(10,15271),(11,31445),(13,10762),(15,23470),(16,28804),(18,16875),(19,2570),(21,12017),(23,11397),(24,34286),(28,35416),(29,25362),(30,15010),(31,6163),(32,7936),(33,27943),(34,26572),(37,5519),(38,34859),(39,30544),(40,2498),(47,21801),(49,14078),(54,19970),(55,33730),(56,2567),(57,16044),(59,3666),(60,7184),(61,12126),(62,35956),(63,38547),(65,30329),(68,18395),(69,11569),(70,12106),(71,11134),(72,5812),(74,1245),(75,18539),(76,13108),(77,17319),(78,266),(84,15533),(85,3076),(86,15135),(90,2800),(91,18115),(92,14305)]	123.987391
712	[(0,8236),(1,13202),(3,32408),(4,6932),(5,10637),(6,23266),(8,36635),(9,5926),(13,19821),(14,20071),(15,9829),(17,7512),(18,32677),(19,3331),(20,36638),(22,31545),(23,32089),(24,169),(27,4412),(28,37958),(30,19499),(31,12157),(32,28536),(33,21108),(34,1051),(35,37029),(36,7852),(37,8540),(40,34360),(41,19865),(42,20416),(44,27384),(46,22441),(47,3421),(48,17165),(50,20289),(51,16344),(53,37026),(54,34408),(55,24118),(56,6538),(58,19367),(60,38049),(61,6429),(62,32888),(63,13788),(64,15694),(65,26166),(66,33746),(68,14308),(69,7571),(70,7368),(71,13712),(73,20927),(75,38597),(76,22490),(82,26027),(85,1114),(90,8753),(91,32522),(92,33823)]	140.023635
713	[(0,5500),(1,10084),(2,27487),(3,18251),(4,5608),(5,5345),(6,34001),(7,23852),(8,23033),(9,19168),(11,36017),(13,15446),(15,4938),(16,3237),(18,21747),(19,7263),(20,36663),(21,35933),(22,31717),(24,23041),(25,21498),(27,5958),(29,19287),(30,32881),(33,402),(35,26853),(36,17978),(38,18535),(39,29958),(40,34290),(41,10159),(44,19100),(46,6385),(47,31259),(48,20584),(49,16654),(50,34140),(51,36680),(53,29694),(55,33834),(57,19486),(58,22757),(59,6929),(60,14428),(67,17987),(68,36373),(69,14258),(71,15577),(72,25416),(73,31685),(77,14229),(79,2251),(80,21460),(81,17635),(82,20632),(83,6039),(84,25090),(85,34567),(86,2195),(87,7741),(89,25579),(90,8213),(91,26570)]	127.795764
714	[(1,19575),(4,22912),(5,27074),(7,3224),(9,12751),(11,3415),(12,38874),(14,23386),(17,21830),(20,7978),(22,17316),(23,6338),(25,21942),(27,4325),(33,34883),(34,38938),(37,20217),(39,11111),(40,1989),(41,10396),(42,11236),(44,30993),(45,6858),(46,4155),(49,7565),(50,33478),(53,24601),(54,628),(55,7181),(57,36705),(58,2245),(59,33833),(61,2973),(63,22122),(64,3760),(65,19294),(66,36811),(68,19178),(69,7255),(71,16995),(72,32388),(73,7727),(74,24904),(75,16840),(76,35563),(80,33007),(84,27718),(85,28616),(86,23081),(87,15058),(89,9155),(90,16164),(91,22115)]	125.659552
715	[(0,28249),(1,11739),(2,14306),(3,24295),(6,22462),(9,35535),(10,27460),(11,19665),(12,38744),(13,32434),(16,3987),(19,338),(20,2332),(21,25511),(23,28138),(24,28900),(26,7638),(27,10963),(29,37313),(32,35726),(35,13171),(36,4172),(37,30882),(39,33739),(46,22894),(47,8465),(49,10441),(52,13959),(55,36166),(56,17316),(59,3294),(60,30295),(61,29382),(62,15163),(63,33292),(69,36503),(70,4106),(73,839),(75,6463),(76,27514),(77,331),(81,34374),(82,9520),(85,8349),(90,3318),(91,5875),(92,27555)]	126.955528
716	[(1,35415),(3,19182),(5,15813),(6,23003),(8,8267),(9,20673),(10,1871),(11,8735),(12,12201),(14,1118),(16,13961),(17,30672),(20,26689),(21,23903),(23,19716),(24,33953),(28,13447),(31,32929),(32,33907),(33,2066),(34,36143),(35,28527),(36,25624),(38,8272),(41,28656),(42,16124),(43,21760),(45,31371),(46,31876),(48,21544),(49,6221),(50,13049),(52,12889),(53,23541),(54,12155),(56,28146),(57,14766),(58,23953),(59,8784),(60,5447),(61,33728),(63,3321),(64,26965),(66,550),(67,6296),(68,1322),(69,2762),(71,1215),(73,12396),(74,28379),(77,27442),(82,32313),(83,11594),(84,13291),(88,15123),(89,5890),(90,5118),(91,32824)]	215.576963
717	[(0,11397),(1,34286),(7,3858),(8,4401),(10,4108),(12,36667),(13,34920),(15,34037),(16,25056),(23,30023),(27,46),(29,6719),(32,34518),(33,15489),(34,11306),(36,19722),(37,36975),(38,5111),(40,11450),(41,10319),(42,18374),(43,29330),(44,27612),(45,25967),(46,20073),(47,38010),(48,4203),(49,31623),(50,14777),(51,33693),(52,18296),(53,33689),(54,762),(57,34895),(58,8098),(59,12008),(60,12983),(61,37655),(62,35072),(63,25133),(64,1119),(65,9367),(68,31382),(69,35966),(70,21193),(71,12471),(74,12342),(77,10365),(78,38563),(79,9072),(81,29232),(82,38790),(83,36181),(84,14944),(87,9404),(89,9884),(90,30832),(91,10773)]	266.647004
718	[(4,22292),(6,258),(7,14131),(11,1589),(14,33527),(16,12947),(17,27044),(18,1334),(19,11667),(20,10713),(21,30361),(22,33582),(23,9944),(24,36612),(25,22265),(26,13212),(28,29828),(31,7206),(32,1830),(34,23564),(37,36887),(39,5893),(42,21702),(44,26543),(45,10019),(46,36639),(47,34680),(48,38198),(49,22158),(50,3954),(51,5633),(52,23062),(53,17195),(56,1897),(57,5272),(60,2955),(61,11669),(63,2519),(64,25946),(65,15780),(66,3149),(67,36509),(69,32864),(71,7528),(72,8088),(73,12384),(75,28569),(76,35774),(77,36738),(78,35354),(80,8232),(82,15641),(83,8891),(85,3136),(86,39092),(87,8910),(88,13081),(89,19363),(90,28182),(91,38788),(92,5911)]	256.515209
719	[(1,13061),(3,18620),(8,10528),(9,3982),(10,17388),(11,28814),(13,8042),(14,12315),(16,31581),(17,35968),(18,28976),(20,1122),(21,8184),(22,6492),(23,4636),(24,14326),(30,8282),(31,9609),(33,4322),(36,1349),(37,16710),(38,2749),(42,17187),(45,25087),(48,16573),(50,15587),(51,29003),(52,20235),(53,6092),(54,34006),(55,7519),(57,3014),(58,34681),(61,37997),(64,37373),(66,38458),(67,33667),(69,12753),(70,94),(71,17024),(73,30302),(77,13429),(78,29849),(79,35200),(80,20802),(81,32575),(82,11350),(84,35529),(86,12851),(88,33594),(89,38458),(90,26506),(92,37189)]	261.842473
720	[(0,26378),(2,10242),(3,37787),(4,36202),(7,3569),(9,15236),(10,2467),(12,36359),(13,1563),(14,9634),(15,33518),(18,13819),(20,30732),(21,32860),(22,15076),(25,3658),(26,38614),(29,726),(30,25795),(31,295),(36,36110),(37,10579),(39,10878),(40,10880),(41,22987),(44,28463),(45,4374),(47,25071),(48,38544),(50,5912),(53,26586),(54,10040),(56,5321),(57,33943),(58,36500),(60,10737),(61,10253),(62,34135),(63,12196),(64,6335),(66,4175),(67,10947),(69,15469),(71,27434),(75,12260),(76,26303),(78,18800),(79,34139),(80,21233),(82,25964),(83,36351),(85,24842),(86,6010),(87,25972),(89,9640),(90,38022),(91,33542)]	263.734590
721	[(1,27785),(2,17639),(4,11114),(5,999),(6,35940),(7,12678),(9,16300),(10,21863),(12,5336),(16,36588),(17,21047),(18,21313),(19,3248),(20,19470),(23,13526),(25,14751),(27,19676),(28,14011),(29,30567),(33,36461),(34,38829),(38,29850),(39,11350),(41,22304),(43,5210),(47,35813),(48,35653),(49,26974),(50,13571),(51,21983),(52,17798),(54,30382),(55,1275),(63,32307),(67,9274),(68,19962),(70,19576),(72,16865),(74,34751),(75,4440),(77,10581),(79,7648),(81,26556),(83,12590),(84,5218),(86,18559),(88,31385),(91,36812),(92,15338)]	267.878504
722	[(0,21906),(1,7934),(3,11921),(4,19146),(5,7551),(6,37672),(7,3619),(9,4185),(10,16977),(12,10960),(13,12530),(15,33439),(16,10812),(18,18689),(19,13874),(20,18750),(21,696),(22,7825),(24,19966),(26,3527),(27,37725),(28,15941),(32,33893),(37,37183),(38,27674),(39,36789),(40,37140),(42,38502),(44,5911),(46,19393),(50,36045),(51,27521),(52,20354),(54,37987),(55,33628),(56,34781),(58,6285),(61,7943),(65,4268),(66,873),(69,27412),(70,3014),(72,18140),(73,21077),(76,24195),(77,35404),(78,33751),(79,11148),(80,26642),(82,33028),(84,3542),(85,34002),(86,6010),(87,37050)]	266.145909
723	[(0,20743),(1,32191),(2,34546),(3,725),(5,11392),(7,29264),(8,15499),(13,31649),(16,28891),(17,37554),(18,32378),(19,5801),(20,35155),(21,28463),(22,4131),(26,12440),(27,11659),(28,27414),(30,38365),(31,30724),(32,22117),(33,21139),(35,24841),(37,469),(39,27723),(40,11331),(41,32335),(43,17780),(44,9164),(45,24563),(48,28361),(49,22625),(52,37997),(53,31405),(55,4551),(56,23883),(59,28059),(60,23085),(62,30089),(63,21904),(64,5319),(66,24599),(68,9463),(71,37960),(75,19734),(76,20010),(78,392),(79,6174),(80,33637),(81,978),(83,23289),(84,10315),(85,22086),(86,12002),(88,13653),(89,32393),(90,21689),(91,7342),(92,13188)]	262.774060
724	[(0,37108),(1,18899),(6,18569),(7,7131),(11,11237),(12,24365),(16,14447),(17,27766),(18,36186),(19,10442),(21,38569),(22,11585),(24,13216),(25,36363),(29,28166),(31,25914),(33,16288),(34,30531),(36,12331),(37,27060),(38,19458),(39,31380),(43,38003),(46,24099),(47,15827),(48,33539),(51,19486),(52,12537),(53,38186),(54,35978),(55,10858),(56,15266),(57,17203),(58,16175),(59,20510),(61,35753),(64,1355),(65,31910),(66,3119),(68,34308),(69,16269),(72,4805),(73,26765),(74,34971),(75,5181),(76,35865),(77,36817),(78,29319),(79,8020),(81,38546),(82,37798),(88,1649),(90,18771),(91,3345),(92,20967)]	255.442196
725	[(0,6966),(1,3206),(2,31492),(5,26929),(7,12118),(8,21440),(9,4848),(11,16470),(14,21483),(15,3858),(16,4401),(20,18792),(21,20054),(22,14382),(23,38957),(25,13346),(28,17815),(29,23249),(30,33445),(32,26183),(33,9400),(34,30956),(39,9225),(42,20449),(44,20882),(45,10245),(46,30856),(47,32885),(48,4833),(49,24957),(52,29385),(53,2999),(54,16818),(57,38480),(60,34842),(62,37547),(63,37989),(68,19218),(69,36132),(72,30778),(73,35837),(76,13146),(78,28407),(80,29464),(83,30364),(88,9523),(89,36575),(90,11812),(91,14972),(92,13780)]	273.496372
726	[(2,17587),(6,9888),(7,10594),(8,12713),(9,24595),(10,24775),(12,27593),(14,20652),(16,37424),(17,23914),(18,18378),(20,22550),(21,19954),(23,32939),(25,29156),(26,14870),(27,28508),(28,20641),(29,23772),(30,37306),(31,24486),(32,37345),(33,6350),(34,38490),(35,11319),(37,26508),(38,4855),(39,3983),(40,1517),(42,7691),(43,8626),(44,27550),(45,415),(46,30475),(47,34954),(48,10651),(50,21515),(51,23146),(53,30082),(55,17772),(57,15739),(58,8431),(59,13768),(62,35693),(65,35246),(66,18152),(67,37456),(69,19459),(70,21246),(72,16423),(76,19788),(77,17561),(79,11780),(80,25306),(81,2464),(83,32929),(84,17080),(85,15507),(86,30512),(87,37769),(89,4144),(91,14723)]	245.350997
727	[(0,15114),(1,38853),(2,36914),(3,27690),(4,14250),(6,11573),(7,1190),(8,404),(9,27711),(12,2688),(13,14185),(15,25080),(16,11315),(17,17733),(18,37734),(19,5736),(20,27652),(21,15161),(25,36667),(26,34920),(27,32619),(29,28288),(33,22163),(34,2075),(35,29272),(36,8908),(37,23238),(39,16128),(40,7105),(42,22260),(44,31738),(45,35134),(51,633),(52,28006),(55,14244),(56,28770),(57,11364),(58,31806),(60,32904),(62,20909),(64,10472),(66,4848),(68,32408),(69,6932),(70,27894),(74,27306),(75,33462),(77,22824),(80,23878),(81,2477),(84,12676),(86,34488),(87,26448),(88,13036),(89,716),(91,5713),(92,19158)]	264.040610
728	[(0,8368),(2,28364),(3,37232),(6,1720),(7,17442),(8,11999),(12,16774),(15,13330),(18,5425),(19,1354),(20,30787),(21,22337),(22,22939),(23,8041),(24,3285),(25,29661),(26,15589),(27,7861),(29,28862),(30,26912),(33,4252),(34,2268),(35,31805),(36,29770),(37,32384),(38,27565),(42,33033),(44,1839),(45,17487),(46,11033),(51,34548),(52,7585),(54,39126),(57,24787),(58,8207),(59,26849),(60,19383),(61,28403),(64,13826),(70,36297),(73,1395),(74,5911),(75,2241),(77,23788),(80,13574),(82,24599),(85,37062),(86,14325),(87,31559),(88,3427),(90,31509)]	273.011763
729	[(0,26111),(2,23328),(4,9304),(6,19615),(7,21281),(9,3346),(11,14622),(13,21396),(14,32792),(15,6994),(16,3970),(17,36811),(18,1721),(20,5038),(21,20135),(25,5512),(26,26537),(27,26270),(28,3095),(29,19277),(30,755),(33,2039),(35,35589),(36,35687),(37,12454),(39,24090),(40,6465),(41,2793),(42,37671),(44,6454),(45,3461),(50,7567),(55,21880),(56,38284),(58,1649),(59,10100),(60,27805),(61,21015),(62,26979),(63,38836),(66,35568),(71,38314),(72,9075),(75,18217),(77,550),(78,6296),(81,17935),(82,11014),(85,27829),(86,38931),(87,8480),(88,36570),(89,37925),(90,10371),(91,26455),(92,13826)]	299.658055
730	[(1,23587),(4,11055),(5,18089),(6,7201),(9,12369),(11,6334),(14,21185),(18,15839),(19,6424),(20,12483),(21,222),(22,21293),(24,28377),(25,18342),(26,7750),(28,14681),(29,20730),(32,3943),(33,18063),(36,25237),(37,37083),(39,7239),(46,26583),(47,33570),(48,24244),(49,6462),(50,16094),(52,3621),(53,19725),(55,35180),(56,14742),(57,17069),(58,13965),(60,39047),(61,1662),(62,4201),(63,7229),(68,11185),(69,29172),(70,33557),(71,7499),(73,33826),(74,33755),(75,21515),(76,23146),(78,14268),(80,33179),(81,9291),(82,13005),(83,1030),(85,29349),(86,26454),(88,15757),(92,16370)]	240.921508
731	[(1,27078),(2,6571),(3,15764),(5,4741),(7,38390),(9,21038),(10,23915),(11,11158),(12,9795),(13,5547),(14,5907),(15,28672),(16,27953),(18,17448),(19,36540),(20,13012),(21,7206),(22,2675),(24,19627),(25,15348),(27,7928),(28,13105),(29,8162),(31,24569),(32,30877),(38,37282),(39,35840),(40,12851),(41,15156),(42,8790),(49,2893),(52,21957),(53,1798),(57,27212),(58,27706),(59,29435),(66,15286),(67,1733),(69,1556),(72,34305),(75,6211),(77,38864),(78,9952),(79,22863),(82,17174),(83,3222),(84,34558),(86,18508),(89,11387),(90,6676),(91,2714)]	148.027223
732	[(1,14382),(2,37877),(4,5327),(5,13721),(7,24639),(11,19592),(13,2314),(14,22990),(16,18831),(19,37478),(20,25383),(21,15424),(22,24523),(23,31774),(24,17729),(26,34288),(29,16971),(30,1771),(31,9796),(32,33569),(33,27823),(36,20614),(37,32196),(39,80),(40,35226),(41,34599),(42,38855),(46,16170),(47,17112),(49,169),(52,4412),(53,36023),(54,35639),(56,25955),(58,18868),(59,32289),(60,4608),(61,38132),(62,8339),(64,30431),(66,22977),(69,27054),(70,1263),(71,11639),(76,5992),(77,13249),(78,359),(79,28283),(82,17768),(83,2054),(84,14196),(86,36961),(87,25369),(88,23291),(90,19846),(91,13992),(92,16017)]	139.514578
733	[(2,39028),(3,17367),(5,11274),(6,12244),(9,14323),(10,22543),(11,10540),(13,7828),(15,25337),(16,16182),(18,10554),(19,20675),(21,35158),(22,15233),(23,25842),(24,4295),(26,11246),(27,8682),(29,1863),(30,18296),(31,23329),(33,17822),(35,19849),(36,25119),(37,23469),(38,20038),(39,18061),(43,30316),(45,18032),(46,1830),(48,2657),(49,36544),(50,4677),(51,32232),(52,24087),(54,6194),(55,13113),(58,29645),(61,34813),(62,34977),(64,38719),(65,36880),(66,33448),(67,28893),(68,1298),(69,22588),(70,6908),(72,6320),(73,9463),(74,1264),(75,23475),(77,16859),(79,5212),(80,18707),(81,11055),(82,18089),(83,24515),(84,31456),(85,22373),(87,18499),(91,1437)]	150.647929
734	[(0,11229),(4,9794),(8,8142),(10,283),(11,23361),(12,8787),(15,5680),(16,8681),(17,22493),(19,19225),(20,15513),(22,37594),(23,16052),(24,19369),(25,29411),(27,38738),(28,1736),(32,8178),(33,35682),(38,15540),(39,4688),(41,10595),(44,12957),(46,18757),(54,30990),(55,9380),(58,14756),(59,5055),(60,9876),(61,23475),(62,9622),(63,35784),(65,3797),(66,19374),(68,12931),(69,3489),(70,18839),(73,21327),(74,31159),(75,35735),(80,3331),(82,34751),(83,5506),(84,28346),(89,39133),(90,37212),(91,31707),(92,2824)]	154.409994
735	[(4,17344),(5,6539),(7,12273),(8,17556),(14,22372),(16,6365),(17,38327),(19,15053),(20,25587),(21,13068),(22,11964),(23,9088),(24,34124),(30,20018),(31,18563),(33,23373),(34,28803),(35,16293),(36,16356),(37,32725),(39,31821),(40,29408),(41,25744),(42,15711),(43,2595),(45,34489),(47,4563),(48,25565),(49,37400),(51,8775),(53,32794),(54,34019),(56,22952),(57,36054),(61,35689),(62,19164),(64,2644),(65,18984),(66,38542),(67,1504),(69,2363),(70,38081),(72,1067),(76,32685),(77,30010),(78,8640),(79,28327),(83,2521),(85,4402),(86,33349),(87,28537),(88,6201),(91,19150)]	172.115345
736	[(0,10044),(2,27810),(4,20981),(5,5393),(7,10121),(9,6610),(10,27103),(11,31132),(12,23103),(13,20551),(14,2727),(17,26733),(18,26216),(20,4921),(21,11373),(24,1519),(25,30036),(26,17109),(27,34219),(28,38624),(29,15975),(30,28891),(33,6254),(34,26856),(35,2441),(37,24212),(40,30946),(44,10312),(45,30279),(51,2637),(52,10765),(56,4434),(57,5288),(59,36244),(61,19807),(62,33100),(64,1980),(65,37438),(66,35752),(67,4173),(68,38726),(70,22989),(73,14769),(74,4665),(75,4624),(77,37721),(79,33509),(83,35041),(86,21897),(87,26609),(89,38109),(90,22912)]	141.948806
737	[(2,2405),(4,33139),(5,29377),(6,21144),(8,37743),(9,38127),(10,2474),(11,36785),(12,12328),(13,2031),(16,12718),(25,20719),(29,12229),(30,9850),(32,18394),(36,21502),(37,26493),(38,21009),(41,13950),(42,5948),(43,30537),(45,6650),(46,28840),(47,15541),(49,20709),(50,29594),(51,855),(52,3519),(53,29806),(55,34636),(56,16609),(57,18553),(58,32351),(59,13359),(60,10266),(63,5601),(64,6407),(66,23832),(67,31085),(70,5560),(71,27140),(72,10504),(76,11717),(77,32016),(78,2228),(81,36768),(82,28904),(83,21399),(85,9131),(87,33017),(89,38353),(91,30777),(92,20575)]	163.975540
738	[(0,21144),(2,37743),(3,10327),(4,32069),(7,38041),(8,7614),(9,15754),(11,28881),(12,25708),(13,28887),(14,19691),(15,19110),(16,35111),(17,4967),(19,37669),(20,19617),(22,11605),(23,4914),(24,18166),(25,8547),(26,15750),(28,33380),(30,33184),(32,14483),(33,15005),(35,13863),(36,37708),(42,8857),(43,29429),(44,32116),(45,16985),(46,25219),(49,8711),(52,3787),(53,34479),(57,36875),(58,28608),(59,9781),(60,22399),(61,3755),(62,23958),(63,37356),(64,36864),(65,1031),(67,18146),(68,21677),(69,16811),(70,9839),(71,36745),(73,15666),(74,16598),(75,22967),(76,30605),(77,2795),(78,36059),(79,21146),(80,12732),(82,18084),(83,22465),(84,15571),(85,17278),(86,35125),(88,32169),(89,13750),(91,18393),(92,11454)]	152.914380
739	[(0,36835),(1,20671),(2,16262),(4,19470),(6,26943),(10,16589),(12,6263),(13,37169),(14,31309),(15,27245),(17,22117),(18,6623),(19,14278),(20,14288),(21,30229),(22,14322),(24,34033),(25,33822),(27,2896),(28,26846),(30,12870),(31,21934),(32,6026),(33,4877),(35,16760),(36,10491),(38,37663),(39,13157),(40,6449),(43,27599),(46,19635),(50,14265),(51,13650),(52,3580),(55,3729),(56,14547),(57,19020),(59,38705),(60,19490),(62,38856),(63,597),(64,3820),(65,2833),(67,4324),(68,21713),(69,16023),(71,33174),(72,30706),(73,1643),(74,269),(75,16546),(77,11545),(78,27880),(82,22536),(83,15037),(84,8068),(86,31313),(89,5099),(90,37209),(91,28002)]	139.150319
740	[(0,23403),(2,18825),(3,14432),(6,33073),(8,10770),(9,22042),(10,13815),(11,26813),(12,36982),(14,36002),(16,24570),(17,13970),(18,25331),(20,37546),(21,14928),(22,21202),(23,10201),(25,1990),(27,3599),(28,24611),(31,19268),(32,29868),(33,1453),(36,3727),(38,14841),(39,34992),(40,2476),(42,28484),(44,18480),(45,18434),(46,5145),(48,8519),(49,4146),(50,29404),(51,19403),(54,18912),(55,10060),(56,6183),(57,35157),(58,33966),(60,37645),(61,9428),(62,33157),(63,23598),(68,5628),(70,32477),(71,11681),(73,12513),(76,2410),(78,13911),(80,15103),(82,31282),(84,16632),(85,8157),(87,429),(88,34163),(90,20941),(91,25763)]	131.264389
741	[(3,34904),(4,32766),(6,33420),(7,31675),(8,31605),(9,7767),(10,38489),(11,37044),(13,27157),(14,33673),(15,30739),(19,31389),(22,20645),(24,28740),(26,18265),(27,36070),(29,19546),(30,25601),(33,11179),(35,12827),(39,29464),(40,21874),(42,19898),(43,3002),(44,22305),(45,17608),(47,37237),(49,5360),(50,378),(52,10218),(58,19955),(60,25643),(61,30896),(63,34327),(65,31032),(66,27666),(68,2743),(70,36016),(71,11),(76,25568),(77,30607),(79,37217),(80,7766),(81,36189),(82,2022),(83,4338),(85,17101),(87,29756),(88,26114),(90,37336),(91,6765),(92,24126)]	216.939308
742	[(1,6838),(2,15297),(4,33608),(6,1020),(8,5124),(9,22184),(10,11234),(13,16024),(14,20794),(15,21118),(18,23596),(19,8017),(20,32091),(22,29594),(24,23865),(26,10928),(27,28133),(29,5397),(31,15044),(32,16587),(33,31074),(35,15123),(37,2232),(39,2202),(41,8169),(42,6507),(43,6518),(44,31651),(45,15751),(47,3790),(48,38776),(49,2679),(51,25036),(53,19269),(54,1489),(55,15829),(56,18276),(57,13871),(58,31374),(59,30183),(60,3602),(61,8479),(62,3651),(64,34602),(65,37950),(66,27551),(68,16190),(69,17708),(71,25895),(73,29077),(75,534),(79,29072),(80,30680),(81,16932),(83,35052),(84,12490),(85,6766),(86,8627),(87,38280),(90,3272),(91,33281),(92,21562)]	209.144124
743	[(0,32824),(2,36768),(3,28904),(4,21399),(6,6971),(7,12197),(9,36822),(10,11487),(11,2052),(12,17344),(15,259),(16,38524),(18,9363),(19,35107),(20,5243),(22,26368),(24,21249),(26,16607),(27,10238),(29,12896),(32,29871),(33,9237),(36,27949),(39,22248),(41,4562),(42,24666),(43,4426),(48,39072),(49,8763),(51,70),(55,1861),(56,9908),(57,30626),(58,25506),(59,12239),(61,35181),(63,17898),(64,1957),(66,23455),(69,6723),(70,37590),(71,15782),(72,30097),(75,28934),(77,6113),(78,2490),(79,13232),(81,17523),(82,8115),(83,838),(85,17505),(87,36477),(88,18362),(89,2993),(91,3534)]	237.282556
744	[(0,28738),(1,34840),(6,14447),(7,27766),(8,14839),(10,23821),(13,14479),(14,11352),(16,28548),(18,23380),(19,24162),(23,18485),(24,25787),(25,29609),(26,6884),(27,19236),(28,32018),(29,17489),(31,23180),(32,10623),(33,35497),(35,3294),(36,14558),(39,18266),(41,9459),(42,20047),(43,2092),(44,3714),(45,18134),(46,29650),(49,23365),(51,31939),(53,7872),(54,28056),(55,23163),(58,27964),(59,35538),(60,29574),(65,23093),(67,27863),(68,24798),(70,31858),(72,36714),(73,8374),(74,18204),(81,8583),(85,7507),(86,17006),(87,32736),(88,13714),(92,4030)]	247.230093
745	[(0,17140),(1,4104),(3,28288),(4,26681),(5,20019),(7,35301),(9,36755),(10,10595),(11,3240),(13,5359),(16,34524),(23,7931),(24,17348),(26,11452),(29,18550),(33,10725),(34,16968),(35,37797),(36,36657),(37,7001),(38,36471),(40,18299),(42,32088),(43,19984),(44,5839),(45,31673),(46,23963),(47,37163),(50,38490),(51,11319),(53,14688),(54,23184),(56,26781),(59,9730),(60,29977),(63,27027),(66,30224),(68,24788),(69,15589),(70,8942),(73,11455),(76,8106),(77,31954),(78,5863),(79,1816),(81,38709),(85,24459),(86,11393),(87,3120),(88,38595),(90,7311),(91,29042),(92,30729)]	255.038102
746	[(1,12499),(4,11738),(5,10488),(9,7945),(10,21808),(11,33572),(16,15168),(17,12743),(18,19920),(23,22314),(25,12305),(26,4608),(28,526),(31,11560),(32,3857),(33,28895),(40,34494),(41,15130),(45,34806),(48,18669),(49,25419),(50,10494),(51,24609),(52,12375),(53,3691),(54,31256),(56,34036),(57,37504),(58,636),(60,13366),(61,15164),(62,28596),(63,30358),(64,30906),(65,29282),(66,37481),(67,29379),(69,6097),(71,11904),(72,17405),(73,14326),(75,35270),(76,14029),(77,21397),(78,35610),(79,15208),(80,22556),(81,18599),(83,4368),(84,20480),(87,409),(88,6813),(89,6349),(90,35857)]	272.229929
747	[(0,3432),(1,26597),(2,24573),(3,4434),(4,17342),(8,4859),(9,21092),(10,32880),(12,26620),(13,38283),(15,31901),(17,1060),(19,34744),(20,422),(21,15730),(26,18883),(27,34490),(29,29369),(33,21698),(35,30325),(41,33798),(42,4611),(44,34266),(45,8509),(46,12529),(47,20697),(48,23593),(49,24522),(50,38462),(51,32647),(52,29380),(54,10417),(55,12127),(56,16269),(57,30058),(58,3384),(60,10360),(62,17735),(63,35627),(64,6401),(65,38345),(66,33467),(67,21240),(68,21860),(71,31163),(73,2519),(74,25946),(75,32934),(79,24952),(81,26402),(82,8117),(85,8380),(86,29215),(88,29091),(90,18906),(91,18003),(92,20442)]	190.631171
748	[(0,38063),(1,8964),(3,15600),(4,34107),(8,14289),(9,25831),(10,573),(12,33132),(13,9710),(14,32934),(18,27474),(19,25843),(20,5071),(24,27579),(25,21288),(27,21859),(28,10986),(29,31950),(31,33930),(37,35849),(38,30245),(42,5133),(43,15199),(45,17328),(48,28301),(49,3072),(50,32034),(52,23310),(54,12727),(59,24496),(60,11321),(61,29518),(63,18490),(65,2332),(66,25511),(67,17636),(68,32607),(69,5427),(70,12794),(71,38377),(72,36395),(73,10982),(76,3241),(79,30017),(80,27477),(82,19264),(85,30077),(88,18889),(90,32837)]	163.070186
749	[(1,33139),(2,24692),(4,7889),(5,3348),(6,37819),(8,29742),(9,34256),(10,18132),(11,30806),(12,949),(13,26497),(14,20823),(15,18065),(18,15132),(21,21700),(22,21034),(23,31736),(24,6326),(25,5925),(26,2922),(27,27326),(30,24720),(31,22742),(34,3749),(37,3639),(38,21796),(39,19009),(40,5366),(41,30001),(42,26970),(43,22920),(44,27047),(45,22241),(46,28854),(47,25313),(48,35684),(50,3633),(51,15677),(53,6066),(55,35347),(58,36088),(59,29904),(60,9381),(61,32875),(62,16986),(63,13739),(67,12876),(68,7531),(70,36126),(71,7150),(72,8747),(73,24834),(74,21819),(75,28515),(77,6898),(78,25372),(80,7650),(81,794),(84,21809),(88,9191),(89,9422),(91,26451),(92,14098)]	126.237809
750	[(0,31752),(3,9353),(4,37579),(5,15370),(8,5967),(9,3807),(10,15970),(11,33156),(12,13495),(14,15713),(15,34870),(16,32814),(17,38206),(18,23257),(19,27670),(20,23498),(21,929),(22,3672),(23,17664),(24,1523),(26,35294),(27,2906),(28,37894),(30,4238),(31,11985),(32,12144),(35,5861),(37,3332),(39,9060),(40,25284),(41,9320),(43,17766),(47,13102),(56,11290),(57,28367),(58,5405),(59,37094),(60,38324),(61,18457),(63,5620),(65,3088),(66,25146),(70,10891),(71,1683),(72,514),(73,28514),(79,16182),(84,21933),(85,23419),(86,25969),(87,8646),(90,38799),(92,1350)]	133.219084
751	[(0,29464),(1,7617),(4,18186),(5,2320),(6,18232),(9,36601),(10,29895),(11,30667),(13,14104),(16,1036),(18,13846),(19,21646),(20,7251),(25,22926),(27,29560),(29,37330),(30,31276),(31,21892),(32,10805),(36,4379),(38,5706),(39,32122),(44,1906),(45,25736),(47,14083),(48,11149),(51,14982),(54,34130),(55,36043),(59,32062),(60,5724),(64,21152),(65,22080),(66,16197),(70,32155),(72,2343),(73,22692),(74,12183),(75,27054),(81,16365),(82,10470),(84,7787),(86,23091),(87,38381),(88,19373),(89,3722),(91,36733),(92,38664)]	135.166727
752	[(2,17492),(3,26969),(4,1511),(5,28886),(7,17579),(9,22349),(10,33548),(12,24876),(13,24074),(14,28496),(15,6182),(16,16773),(17,27418),(18,14428),(20,26587),(21,9382),(23,15564),(24,12369),(27,15714),(31,4990),(32,3654),(33,33800),(34,3397),(35,33825),(36,34168),(38,9315),(39,10753),(41,16592),(42,38473),(44,32899),(46,26155),(49,10717),(52,15536),(54,36159),(55,38630),(57,8737),(59,19264),(60,25828),(62,21050),(63,569),(69,29557),(75,6474),(76,3973),(78,15344),(79,19778),(81,18341),(82,24862),(85,30826),(86,37337),(87,3406),(88,18306),(89,12295),(91,32122)]	148.263602
753	[(3,35501),(4,5914),(5,32860),(6,15076),(10,33737),(12,37934),(14,28507),(15,1660),(18,28782),(19,36858),(20,2993),(21,20380),(23,17509),(24,35191),(25,25588),(26,7579),(27,9846),(32,2845),(33,18124),(35,33445),(37,26183),(38,30084),(39,24765),(40,17127),(41,38279),(42,12793),(43,25694),(44,38771),(45,35331),(48,25393),(49,16251),(50,879),(52,11800),(54,8154),(56,31007),(57,25678),(60,23071),(61,16640),(62,19726),(64,33594),(67,37473),(68,38706),(71,21533),(72,34034),(74,10164),(77,25347),(78,13351),(80,36658),(82,36110),(83,19777),(84,2440),(87,10742),(88,20246),(89,10590),(90,12466),(91,18595),(92,16175)]	131.308755
754	[(2,10776),(4,35011),(5,14935),(6,10085),(7,36731),(12,15137),(13,38932),(14,35754),(16,5583),(17,23055),(18,29026),(20,15205),(21,14081),(22,24025),(23,36390),(24,2485),(25,22388),(26,11824),(29,37769),(31,31103),(32,11989),(33,27889),(34,16718),(38,19112),(39,7293),(40,17870),(41,31860),(44,27973),(46,3981),(47,28857),(48,35038),(52,3570),(53,9484),(56,2303),(58,2232),(62,26637),(63,19400),(65,14752),(67,15408),(68,26589),(71,27729),(73,7645),(76,10268),(78,30388),(81,25255),(82,9611),(84,12681),(86,23455),(88,5426),(90,28919),(92,11711)]	135.664036
755	[(5,32411),(7,28748),(8,31213),(9,36646),(10,26545),(11,23941),(13,16851),(14,27354),(18,13773),(19,13617),(20,9716),(22,13329),(23,20243),(24,16915),(25,14316),(26,36534),(27,9107),(30,2536),(31,25590),(32,23145),(34,34103),(35,28867),(36,29447),(38,11718),(40,4359),(41,8923),(43,38576),(44,4001),(45,18743),(47,18283),(48,2828),(52,29555),(54,38462),(55,1351),(56,8543),(57,20936),(59,31546),(60,20540),(61,29507),(62,1196),(66,38447),(68,1111),(69,38383),(70,26625),(72,38216),(73,13042),(74,37844),(75,11757),(77,32070),(78,32568),(80,36266),(82,5141),(87,5764),(88,4912),(89,15269),(90,3454),(91,880)]	135.575555
756	[(0,25940),(1,35152),(4,31313),(6,35449),(8,37485),(10,29168),(11,16424),(12,13486),(14,5954),(15,23678),(16,13642),(17,13822),(20,13299),(21,30662),(24,21042),(25,30545),(28,6986),(29,3259),(30,20014),(35,9410),(37,29562),(40,17696),(41,7238),(42,25258),(43,36096),(46,6595),(48,4947),(50,17174),(51,3222),(52,20367),(53,20143),(54,27264),(55,25858),(56,38065),(58,13052),(59,8067),(61,21066),(62,23039),(63,38083),(65,35461),(66,8186),(72,32837),(73,36072),(74,6758),(75,29518),(77,9978),(78,15213),(80,36075),(84,23379),(85,33269),(86,15092),(88,11363),(90,27125),(91,19171),(92,9189)]	140.559089
757	[(0,21134),(1,23749),(3,26320),(4,21380),(7,2418),(8,12981),(9,29222),(10,28074),(12,33099),(13,21304),(14,22416),(15,22407),(16,37990),(17,34280),(18,9392),(19,8211),(20,4373),(23,37547),(26,18325),(28,19713),(29,7809),(30,27289),(31,30158),(39,37241),(40,6281),(41,20264),(42,9982),(43,10296),(45,20827),(46,28059),(47,23085),(48,37400),(52,8448),(53,17842),(54,9812),(56,4160),(57,158),(58,24100),(61,23555),(62,746),(64,21781),(65,30517),(66,22858),(68,5027),(73,12308),(75,27679),(76,29742),(78,19841),(79,17400),(81,1617),(82,35448),(83,24990),(84,27287),(86,21163),(87,20631),(88,36332),(89,22309),(90,12740),(91,22531),(92,13592)]	137.598904
758	[(0,1220),(1,13836),(3,15083),(5,4752),(7,2332),(9,23420),(13,23372),(15,14162),(17,28734),(18,20003),(20,8194),(21,35991),(22,34088),(24,5458),(26,19704),(27,23703),(28,2617),(32,6239),(33,15178),(35,1136),(36,19041),(37,10474),(40,23131),(41,7687),(42,38154),(44,13113),(45,18318),(46,38648),(47,36460),(48,22906),(50,28741),(51,12854),(52,16147),(54,14116),(55,4098),(59,18202),(60,5470),(61,31204),(62,36858),(63,11224),(65,35995),(66,5004),(67,5083),(68,1868),(69,23365),(70,11008),(71,21631),(74,33654),(75,552),(76,26428),(77,6674),(79,30766),(80,19836),(83,5366),(86,29413),(87,17239),(89,39132),(90,35419),(91,17829),(92,23532)]	151.933598
759	[(1,22252),(2,9915),(4,8012),(5,22431),(6,23515),(7,8029),(8,11241),(12,9537),(14,1994),(18,28222),(19,21177),(21,4453),(22,18931),(23,31352),(24,20785),(28,31563),(29,4693),(30,23091),(32,889),(34,36516),(36,8443),(37,26174),(38,38820),(39,35370),(40,31710),(42,10800),(43,4876),(44,19999),(45,26768),(46,18342),(47,1615),(48,7824),(49,5921),(51,26829),(52,36412),(54,35104),(56,37997),(59,18155),(62,18453),(64,38632),(68,19099),(70,23483),(72,22849),(73,5638),(74,34186),(75,22932),(78,6156),(81,34344),(82,24106),(84,36846),(86,6981),(87,14413),(88,21188),(89,19133),(90,15228),(91,28496)]	147.050835
760	[(0,38644),(3,2247),(6,4368),(7,441),(8,21585),(9,36084),(12,11),(14,17993),(18,9130),(19,24391),(20,29590),(21,23461),(22,31928),(23,16816),(24,6079),(27,23032),(30,27509),(32,33302),(38,19807),(39,33100),(40,21640),(42,21761),(44,31301),(45,38840),(46,36470),(48,20823),(52,27811),(56,1026),(60,11738),(61,22054),(62,10810),(64,36507),(66,1898),(67,23880),(70,36617),(72,26066),(73,5575),(77,35099),(80,1057),(81,13898),(84,6891),(86,29486),(87,2045),(88,803),(89,15404),(90,7763),(91,19601)]	143.497619
761	[(1,33566),(2,37142),(3,13584),(4,3591),(5,34076),(6,6920),(7,29791),(8,32626),(9,6227),(15,28248),(16,879),(19,37726),(23,4705),(26,18291),(27,24992),(28,23033),(31,942),(32,32920),(36,14222),(37,18123),(39,39089),(40,16944),(42,33080),(43,32694),(45,18315),(47,13226),(48,29376),(49,21623),(50,14185),(51,19130),(52,35775),(53,33815),(54,1356),(55,1178),(56,38064),(59,14893),(60,34560),(61,9535),(63,25938),(69,3325),(70,11899),(73,36204),(76,3828),(78,756),(80,3475),(84,614),(85,5092),(87,38958),(90,22448),(92,25411)]	139.825432
762	[(0,18167),(2,39071),(5,14036),(8,31801),(11,13179),(12,31372),(13,37131),(14,3),(15,16236),(17,15124),(21,26701),(22,22613),(25,34491),(28,28272),(29,26818),(30,25155),(31,422),(32,15730),(37,38016),(42,28008),(48,12231),(49,33874),(50,27830),(51,5331),(52,26785),(53,2788),(54,1509),(55,24156),(60,25485),(62,35580),(63,26586),(64,10040),(66,7660),(69,3412),(71,34705),(72,16771),(73,9616),(74,27714),(76,38156),(79,30136),(81,31743),(84,11655),(86,34325),(87,20541),(88,2659),(89,27938),(91,11878),(92,12523)]	150.191161
763	[(0,11854),(1,1850),(2,35920),(4,19630),(5,21029),(7,30313),(8,29144),(11,7202),(12,26684),(14,13742),(15,31155),(17,2326),(18,30261),(19,964),(20,20382),(22,8113),(24,10516),(25,34374),(26,2111),(27,16872),(29,24550),(31,17893),(33,16203),(36,34264),(37,25020),(38,7658),(39,33226),(40,28802),(41,26685),(42,25079),(44,32068),(45,9076),(46,25525),(47,25113),(48,28541),(52,36808),(54,13459),(55,5143),(56,37189),(58,7133),(61,37005),(62,30311),(63,33481),(64,37730),(67,30745),(69,37796),(71,11044),(72,23089),(73,14975),(74,33766),(76,6805),(78,17711),(79,22240),(82,3665),(83,36671),(84,4022),(88,4396),(90,21600),(91,37846),(92,16063)]	138.292127
764	[(0,23174),(4,13543),(6,18757),(7,13349),(8,14688),(9,23879),(10,24884),(11,22353),(13,12302),(14,21750),(21,21698),(22,31397),(23,22701),(24,8350),(29,34739),(33,30960),(34,37458),(35,6605),(37,14266),(38,7688),(40,32994),(41,6571),(43,11402),(44,12091),(45,14360),(47,15799),(49,24737),(50,3202),(51,14656),(52,6542),(55,600),(56,6853),(60,31946),(62,10561),(63,26884),(64,36995),(66,23534),(67,560),(69,31689),(70,29407),(76,31499),(77,14879),(79,7695),(80,14735),(81,19312),(82,36066),(83,6427),(85,26733),(87,39132),(89,13433),(90,35415),(91,4457)]	139.570209
765	[(0,10518),(1,6115),(6,36207),(7,11610),(8,29237),(9,24000),(11,4976),(14,8539),(17,30120),(19,9724),(21,23772),(22,37306),(23,24486),(24,1635),(25,21924),(27,14900),(29,28895),(31,28796),(35,10351),(36,9063),(39,19055),(40,3189),(44,36166),(45,17316),(47,35320),(52,23563),(54,32183),(57,29857),(59,33768),(60,2243),(61,38244),(62,33334),(63,8889),(64,16666),(66,10753),(67,17882),(70,38374),(71,10941),(75,3793),(77,28651),(78,7631),(79,24975),(81,6839),(82,13587),(85,33339),(86,6679),(88,14894),(89,14459),(90,28565),(91,13830)]	145.216686
766	[(3,20112),(5,6005),(6,31557),(10,36403),(11,10779),(12,34246),(13,11134),(14,8403),(15,10416),(16,3325),(17,1622),(18,35582),(20,17054),(21,38898),(23,37032),(24,9167),(25,19951),(27,36519),(28,24629),(30,23759),(31,7357),(32,12186),(33,36997),(34,24944),(35,29438),(37,34119),(40,17461),(41,23133),(42,33326),(44,8763),(46,30584),(47,10007),(48,17271),(49,8799),(50,19498),(52,37684),(53,201),(54,1375),(58,24507),(59,35160),(61,12430),(63,9633),(64,12419),(65,37298),(68,38589),(70,6490),(72,37981),(73,36712),(74,16436),(75,25367),(77,28882),(78,33312),(80,21765),(82,37854),(83,29316),(88,7798),(92,33450)]	138.388968
767	[(0,997),(1,4030),(2,11740),(7,25390),(12,35795),(14,28510),(15,13225),(16,30496),(17,31997),(18,7780),(19,30646),(20,27156),(21,37544),(22,763),(23,21133),(24,27984),(25,9649),(28,4919),(30,19356),(35,24184),(36,2418),(37,13283),(38,35677),(42,35297),(43,19992),(46,20924),(48,3104),(49,16850),(50,34905),(53,31016),(54,8464),(57,33391),(58,37621),(59,8449),(60,26611),(61,12398),(62,6508),(63,6829),(66,23081),(67,15058),(69,38225),(72,30944),(74,11496),(76,38963),(77,2253),(79,25191),(80,30507),(81,3482),(84,28110),(85,18307),(86,27191),(88,37525),(91,19532),(92,32499)]	146.905645
768	[(0,17713),(1,37217),(2,16635),(4,8270),(6,35227),(7,36281),(9,28673),(10,27615),(12,19906),(13,32778),(15,1393),(17,7657),(18,8334),(21,3328),(22,32913),(23,25194),(24,26528),(29,2399),(30,12562),(34,10837),(35,36645),(37,29799),(38,38087),(39,12176),(40,19652),(41,7553),(42,33762),(43,5676),(44,25817),(46,22212),(48,1356),(51,27311),(55,13295),(56,16313),(58,24899),(62,35702),(65,7346),(67,19882),(69,35851),(70,12304),(71,20606),(72,32076),(73,38699),(74,17876),(75,2898),(79,25510),(80,8271),(81,18273),(82,17257),(83,5239),(84,17032),(87,207),(88,32334),(89,30728),(90,6301),(91,15933),(92,4707)]	133.406864
769	[(0,33551),(2,37162),(4,9535),(6,15021),(8,19297),(9,33614),(10,28903),(14,38527),(15,620),(16,32299),(17,1217),(18,685),(20,20826),(21,13054),(22,8895),(23,26621),(24,25982),(25,36521),(26,18577),(28,30391),(29,3672),(30,21177),(31,24302),(32,25991),(33,25791),(34,14269),(35,921),(36,8122),(37,8851),(38,16802),(40,16457),(41,25363),(42,9855),(45,30373),(46,36687),(49,2452),(51,22363),(52,5891),(56,17517),(57,37550),(58,17555),(62,31364),(64,24331),(65,1997),(66,7374),(67,6481),(69,13371),(72,6291),(75,14591),(76,34591),(77,28306),(81,15642),(82,35243),(85,28956),(86,28157),(87,17382),(89,4048),(90,4512),(91,34599),(92,38855)]	131.134558
770	[(1,26826),(5,22840),(6,2751),(8,5590),(9,36401),(10,2444),(12,16104),(15,7109),(18,35073),(24,22351),(27,4787),(28,30176),(31,3010),(33,9211),(42,33483),(43,13178),(44,9385),(45,5368),(46,28041),(47,5464),(48,21182),(50,20594),(51,31881),(53,2280),(55,551),(56,1762),(57,27530),(62,19264),(65,30077),(66,615),(67,34306),(68,39057),(71,28690),(74,26062),(75,16492),(77,19217),(83,35359),(84,17053),(85,8181),(86,17042),(89,8015),(90,9188),(91,830)]	125.584016
771	[(0,15107),(1,2018),(5,38724),(6,17423),(7,19258),(8,32172),(9,9229),(10,4353),(12,35314),(13,2525),(14,18113),(15,3772),(16,20367),(19,5425),(20,7111),(21,12951),(22,37267),(25,14496),(27,19422),(29,31168),(31,14496),(32,1374),(33,27772),(36,33653),(39,17516),(40,29279),(42,20405),(43,11407),(44,4605),(45,13525),(46,22145),(47,12899),(48,20684),(50,25824),(52,13143),(53,20792),(54,2255),(56,37779),(57,12675),(58,18915),(60,24783),(61,25835),(63,27194),(64,33479),(67,7462),(69,3294),(70,16201),(71,20190),(72,28028),(73,10732),(75,15671),(76,796),(78,36264),(80,12937),(83,11132),(84,22821),(87,37801),(88,20697),(89,23593),(91,19741),(92,30316)]	136.772922
772	[(0,16706),(4,27498),(5,17681),(6,24152),(7,33164),(8,18708),(9,2054),(11,1996),(14,17616),(16,12620),(17,27792),(21,30254),(22,7782),(23,7450),(25,13745),(26,12282),(27,6040),(28,9032),(31,21326),(34,23096),(38,28224),(39,19216),(40,36629),(41,30584),(42,9197),(44,29967),(45,9313),(47,11289),(48,38545),(49,23583),(50,37687),(52,9769),(53,30097),(54,2747),(58,14947),(59,25071),(61,2257),(62,31608),(63,5795),(64,12287),(65,10576),(67,6209),(68,19190),(69,33254),(71,7487),(72,12114),(73,3079),(74,8581),(77,3932),(79,22293),(80,31056),(81,17674),(82,2705),(83,18777),(85,11111),(87,14682),(88,25338),(90,32514),(91,16241),(92,10340)]	137.994354
773	[(0,27713),(1,22678),(2,21345),(3,34608),(4,21870),(7,33988),(8,12228),(9,5144),(13,36101),(14,3107),(16,24619),(21,21306),(22,23517),(23,13616),(24,19028),(26,20963),(27,21919),(29,37450),(30,2591),(31,13051),(32,28791),(34,20129),(35,21585),(36,1803),(37,4411),(39,11184),(40,16633),(41,12536),(42,8265),(43,29745),(44,12535),(45,4809),(47,36787),(48,31398),(49,30117),(50,21160),(51,14991),(52,16496),(53,8795),(54,8046),(56,28357),(58,3629),(59,23799),(63,7955),(65,4330),(66,13450),(67,38887),(73,18522),(74,36787),(75,20152),(77,3531),(78,34494),(79,29835),(81,13964),(82,12441),(84,24083),(87,6361),(88,38356),(89,5406),(90,36217),(91,25022),(92,32664)]	131.103089
774	[(1,208),(3,9633),(5,3820),(10,31864),(14,29988),(18,834),(20,22731),(24,25733),(25,29084),(26,9632),(27,32959),(31,31556),(35,32312),(37,23883),(38,2904),(39,3832),(40,6915),(42,25907),(44,38979),(45,25188),(46,36106),(47,14289),(48,25831),(49,8132),(50,13396),(54,38175),(55,24190),(56,7591),(58,10869),(60,24327),(61,4542),(64,32117),(66,36008),(67,3140),(68,31453),(69,16382),(71,19592),(73,21660),(75,34907),(76,23211),(77,37504),(78,636),(81,17051),(82,4622),(84,24420),(85,26619),(86,22738),(87,1434),(90,19212),(91,28563),(92,24748)]	132.104095
775	[(1,13659),(2,31421),(3,19896),(4,17525),(6,26354),(8,29065),(9,18170),(10,1812),(11,37697),(14,12925),(15,3029),(16,31660),(23,6486),(25,5064),(26,38044),(29,1346),(31,11026),(33,28601),(36,35983),(37,24775),(39,5326),(42,30285),(44,35148),(45,28273),(47,6235),(49,23858),(51,24668),(55,21307),(57,1351),(58,32803),(59,36358),(63,30642),(64,32660),(69,36560),(71,2058),(73,24536),(74,28674),(77,28245),(80,817),(81,13991),(82,16867),(83,33588),(84,5829),(85,16115),(86,28171),(88,27807),(91,29533),(92,14648)]	140.580684
776	[(0,37711),(2,28771),(3,4747),(7,38969),(8,25859),(9,693),(10,23922),(11,27495),(13,20963),(15,37733),(16,20359),(17,3880),(18,32676),(19,22275),(21,1996),(22,30510),(26,25273),(29,38423),(30,7787),(34,13914),(36,757),(37,29009),(39,39179),(40,1615),(41,7824),(44,21812),(45,34809),(46,18196),(47,21049),(48,22659),(50,21259),(57,1436),(58,2829),(59,30442),(60,14873),(63,22935),(64,1477),(67,14577),(70,15429),(72,31197),(73,5588),(74,29389),(75,13110),(76,2281),(77,17820),(78,29175),(83,25813),(84,35022),(88,32377),(89,3971),(91,1932)]	129.628322
777	[(3,5099),(4,34983),(8,35061),(10,35090),(12,34829),(13,7596),(16,24228),(19,3840),(23,12273),(25,38343),(27,11152),(28,33949),(30,11107),(31,36600),(32,21744),(33,17115),(34,30462),(35,11830),(36,35570),(37,24990),(39,11308),(40,13844),(41,38450),(42,9101),(43,390),(44,27021),(45,29171),(49,35385),(52,11169),(55,10642),(56,5339),(57,39042),(59,20490),(60,2267),(63,7273),(65,11219),(67,19894),(68,176),(69,1492),(70,18231),(71,10662),(72,32110),(73,22060),(74,39182),(75,9001),(78,16195),(79,3152),(80,635),(81,4923),(82,12590),(83,9007),(85,8675),(86,32550),(87,24680),(88,12712),(91,30745)]	129.049923
778	[(0,34609),(1,23673),(2,29029),(3,13732),(4,1575),(5,17349),(6,26766),(7,19284),(8,4617),(9,30279),(11,9770),(12,18890),(15,384),(20,29089),(22,29199),(24,18233),(25,13602),(28,37513),(29,6553),(30,6733),(31,25772),(32,28855),(34,17187),(37,11788),(38,8926),(40,37151),(42,14534),(43,31812),(44,12086),(46,31615),(47,5848),(48,8055),(53,7057),(54,6157),(56,28789),(57,8445),(58,29006),(59,28556),(60,25903),(61,16911),(62,20956),(63,22375),(67,34110),(69,34533),(71,18877),(74,22610),(77,4516),(78,14454),(80,11554),(82,6043),(84,29434),(86,26098),(87,29892),(88,36053),(90,27424),(91,21827)]	121.720109
779	[(2,34610),(4,38809),(6,27519),(7,29936),(8,23640),(9,25064),(10,36398),(12,1951),(13,23602),(14,38950),(15,5087),(16,13122),(17,30649),(20,8774),(21,5522),(23,17814),(24,11686),(25,34255),(27,10623),(29,14705),(30,20297),(31,11131),(32,6349),(33,35857),(35,35361),(36,27870),(37,2937),(38,35280),(39,38854),(41,4812),(44,28322),(46,7072),(48,35290),(49,20546),(50,32159),(52,22175),(53,36852),(54,32226),(56,12355),(57,14061),(58,34049),(61,17731),(63,25329),(64,22672),(65,33138),(66,36720),(67,34004),(69,5547),(70,35554),(71,11613),(73,38180),(74,20347),(77,25676),(78,20845),(79,11730),(80,27511),(81,10718),(82,2095),(83,32963),(85,33847),(88,23537),(89,29123),(90,19885),(91,29442)]	128.240567
780	[(1,33363),(2,6447),(3,24135),(5,26828),(6,38948),(7,21568),(8,5921),(9,9823),(10,16170),(11,22848),(12,10529),(13,36821),(15,38615),(16,12587),(17,5250),(18,3000),(22,1208),(23,6434),(24,35777),(26,7511),(31,22982),(32,13691),(33,34015),(36,18658),(37,9393),(39,20757),(40,15835),(41,36023),(42,28317),(43,25589),(44,2410),(46,38734),(47,31041),(48,26103),(49,26121),(50,1884),(51,34122),(52,21832),(54,13550),(57,27444),(58,27089),(59,30486),(60,14853),(61,71),(63,18274),(66,839),(67,17524),(68,16697),(69,25067),(70,11405),(71,17114),(74,35641),(76,18536),(77,36590),(78,38597),(81,33214),(82,3914),(83,7251),(85,18657),(89,37078),(91,22724),(92,30759)]	144.483646
781	[(1,18671),(2,27825),(4,24709),(8,2709),(9,31713),(11,24478),(17,38150),(18,13613),(19,23168),(20,27358),(22,27425),(24,8191),(28,20582),(29,33150),(30,35830),(31,26800),(33,35821),(35,2605),(36,15504),(37,33851),(42,10868),(43,36542),(45,38946),(49,13839),(50,19973),(52,25911),(53,31626),(54,4520),(56,16440),(57,27922),(58,27721),(62,10597),(64,14903),(67,5220),(73,15507),(74,26088),(77,3890),(79,2389),(80,2852),(81,6277),(82,28628),(83,12163),(84,1703),(85,9648),(86,16150),(87,21036),(88,22328),(90,12175),(92,26402)]	136.666899
782	[(2,1068),(5,22362),(6,21716),(7,17776),(8,22572),(10,16012),(11,21094),(13,19043),(15,15265),(16,17368),(17,7694),(18,37881),(19,13443),(21,21957),(22,1798),(23,3371),(24,31862),(25,38611),(26,25716),(27,27720),(29,25708),(30,29756),(31,11334),(33,4292),(34,34735),(35,28626),(37,7359),(39,6187),(40,9121),(41,16848),(43,4430),(44,10574),(45,4989),(46,24753),(47,35983),(49,28839),(50,30328),(51,33507),(53,27384),(54,15276),(55,15151),(56,16043),(59,10134),(60,1436),(61,16553),(64,28971),(65,13258),(67,18038),(69,33267),(70,34227),(72,7931),(73,17348),(75,10088),(76,13535),(77,15740),(79,11425),(81,896),(82,1315),(87,29318),(88,186),(89,37398),(90,19528),(92,20132)]	145.290720
783	[(0,8251),(2,4504),(3,14029),(4,5792),(5,24972),(6,6733),(7,6659),(8,37124),(9,12916),(10,10126),(12,32197),(13,35383),(14,4631),(16,34613),(17,20862),(19,26212),(20,580),(21,15250),(22,19586),(23,27465),(26,3912),(27,17339),(30,792),(31,29545),(32,8134),(33,28376),(39,6261),(40,25774),(42,37546),(43,35864),(45,38183),(46,8311),(48,38055),(50,25249),(51,7417),(53,7454),(55,28322),(56,33148),(58,10807),(60,11150),(62,34788),(67,27467),(69,15850),(71,3773),(74,18966),(75,33628),(76,9907),(77,15707),(78,443),(80,13791),(81,7217),(83,35284),(86,19196),(88,15834),(91,19416),(92,12305)]	139.646978
784	[(0,23220),(1,38446),(2,13044),(4,28337),(5,1207),(7,11451),(8,28549),(10,24607),(11,10537),(12,12185),(14,38086),(16,11057),(19,38407),(21,35582),(22,33469),(24,9785),(26,5069),(27,34519),(28,3463),(29,38933),(32,27905),(34,13786),(35,6415),(36,32653),(37,23452),(38,14077),(40,9672),(41,37652),(42,14172),(44,34449),(45,14021),(46,36111),(47,28159),(50,32411),(51,38282),(52,38385),(53,18974),(55,13648),(56,31659),(57,25977),(58,34190),(59,23519),(60,4139),(62,262),(63,16272),(64,34756),(65,27240),(66,19844),(68,24707),(70,5906),(71,10586),(73,20360),(74,37660),(75,33362),(76,446),(78,36981),(79,35899),(81,26277),(82,8177),(83,25457),(84,28195),(85,16397),(86,25134),(89,7059),(91,31199)]	135.967834
785	[(3,21225),(7,26497),(9,21374),(10,4505),(13,22866),(16,22660),(17,10137),(18,7553),(19,37943),(21,22798),(22,12092),(23,31773),(24,14923),(26,14654),(27,2802),(28,1520),(34,2058),(35,33653),(36,14540),(37,25508),(38,3682),(39,10833),(40,27584),(41,14809),(42,35712),(43,7909),(44,20403),(47,35113),(48,20276),(49,25230),(51,5489),(52,29561),(53,31056),(54,17674),(55,22044),(56,25775),(58,18076),(61,24427),(62,36440),(64,5260),(65,19319),(69,8481),(70,6765),(72,1198),(77,23775),(79,16082),(80,34409),(81,30370),(82,14667),(85,13866),(86,1736),(87,27036),(88,32836),(89,35912),(91,14735),(92,250)]	126.269257
786	[(0,27146),(1,22417),(2,5644),(4,11392),(8,16097),(9,27165),(11,21035),(12,36786),(13,10495),(15,22867),(16,8),(17,18088),(20,2764),(21,21599),(22,9762),(25,8650),(29,29728),(30,7547),(31,38626),(38,38160),(39,2418),(40,2775),(44,37198),(46,23436),(47,27231),(49,4688),(51,10595),(53,17988),(54,32944),(55,31742),(56,28630),(57,35513),(58,20973),(60,16193),(61,14748),(63,2635),(64,30897),(67,9834),(68,28497),(71,32208),(72,37638),(73,29222),(74,26002),(75,2598),(76,15669),(77,37920),(78,36363),(79,17211),(80,10436),(82,32281),(83,24443),(84,33574),(85,19617),(86,6082),(88,37670),(89,36546),(90,29460)]	124.371002
787	[(2,9461),(3,33852),(4,25187),(5,36140),(6,15807),(8,37524),(10,24946),(11,13103),(12,3477),(13,12824),(14,16078),(17,33616),(20,26797),(21,38267),(23,34103),(24,28752),(26,28921),(27,35207),(30,24107),(31,15615),(32,29685),(34,26258),(36,16927),(38,37618),(39,8562),(40,18820),(41,8148),(42,11344),(44,25298),(45,32854),(46,29334),(48,13538),(50,8154),(51,23452),(52,38221),(53,29761),(55,28857),(56,35038),(57,11018),(59,13681),(60,33120),(61,10941),(62,25947),(65,20902),(67,25609),(70,359),(72,17477),(73,24316),(75,14042),(78,29982),(79,4961),(80,5695),(81,32836),(82,14566),(83,10994),(84,20157),(86,36873),(87,25276),(89,10151),(91,16906)]	136.915290
788	[(0,1296),(1,21014),(2,16511),(3,16455),(6,27204),(8,28422),(9,21726),(10,36754),(12,35439),(14,29803),(16,37601),(18,9636),(20,25077),(21,5773),(27,20101),(28,4696),(31,26157),(32,11152),(33,24076),(34,160),(35,7829),(37,11675),(38,26559),(39,11283),(40,10111),(41,17082),(45,33994),(47,13636),(50,24981),(51,24851),(52,11147),(53,34476),(54,10557),(55,4652),(57,10620),(58,4351),(59,22),(60,17406),(62,32710),(64,14158),(65,5340),(66,37175),(67,36710),(68,5848),(70,8341),(72,24832),(73,15879),(74,18316),(75,31843),(78,26781),(80,9816),(81,35573),(82,9881),(87,5143),(89,37859)]	136.949432
789	[(3,24094),(6,15379),(7,5562),(8,14672),(9,1296),(11,29077),(12,17212),(16,13774),(17,28904),(19,32821),(20,34304),(22,8394),(25,36088),(26,27085),(29,20944),(32,34884),(33,23666),(34,14137),(35,4565),(38,12289),(39,38730),(40,18653),(42,21062),(44,23453),(47,12347),(51,33014),(54,6384),(56,35011),(57,14935),(58,20894),(59,17308),(60,11903),(61,15371),(62,2515),(63,217),(65,10790),(66,9275),(67,12792),(68,36290),(69,9727),(70,22331),(76,21511),(78,10605),(79,2708),(80,39163),(82,28911),(83,1301),(85,453),(86,26896),(89,29555),(91,14808),(92,26391)]	130.671070
790	[(0,28232),(3,19327),(6,34763),(8,39183),(9,14197),(10,8117),(12,5005),(13,15246),(15,17110),(17,4898),(18,17351),(19,25636),(20,27122),(24,28096),(25,8136),(28,92),(29,9600),(30,38045),(31,33780),(39,29967),(40,9313),(41,5117),(43,35297),(44,19992),(45,24635),(48,16728),(50,29336),(52,24887),(54,13316),(57,32767),(58,4467),(59,6717),(61,5835),(62,13336),(63,10423),(65,25446),(66,33490),(68,18921),(69,21095),(70,32430),(72,23299),(73,8832),(74,10865),(76,27739),(77,6158),(78,3703),(79,32945),(83,1280),(84,32022),(85,24044),(88,9929),(89,30344),(90,35288)]	151.833088
791	[(0,30747),(1,4743),(2,8169),(3,33330),(4,3845),(5,38484),(6,36356),(8,19657),(11,20971),(13,22270),(14,2146),(15,38180),(16,24005),(17,20663),(18,13854),(19,5390),(20,17452),(21,26911),(23,30371),(24,4393),(25,20965),(29,27432),(32,12003),(33,20060),(34,33406),(37,31024),(38,11039),(40,14374),(42,16891),(43,35707),(44,3823),(45,34731),(46,30679),(48,4138),(50,27225),(51,2151),(52,18205),(53,5877),(54,38696),(59,37934),(62,2616),(63,260),(64,30794),(65,15115),(68,22659),(71,29204),(73,30281),(74,28336),(75,31001),(77,38548),(78,36962),(79,30686),(80,38921),(81,30506),(83,5640),(85,16858),(86,12745),(88,23922),(89,4484),(92,21104)]	139.964846
792	[(0,6990),(1,32477),(2,9154),(4,14351),(5,1488),(6,29543),(7,31180),(8,13283),(9,35677),(10,28017),(11,19030),(13,30195),(14,30701),(15,21373),(16,31822),(17,5365),(18,38047),(19,23972),(21,9477),(23,19567),(24,20171),(25,24527),(26,3681),(31,31047),(32,2185),(37,4151),(38,2869),(39,17786),(41,29168),(42,16424),(44,29276),(46,29188),(47,8238),(49,33745),(50,24072),(51,1),(52,12240),(54,9823),(58,9423),(59,19956),(61,29093),(62,8193),(65,22812),(66,15833),(68,13851),(71,3317),(73,16255),(75,5230),(76,23766),(77,28988),(78,4568),(79,19948),(81,26822),(82,12261),(83,23800),(84,23203),(86,6582),(87,19427),(91,21680),(92,20579)]	124.898713
793	[(0,30209),(1,29204),(4,2956),(6,31565),(7,6085),(8,17761),(9,8850),(11,24209),(13,28193),(14,20654),(15,15410),(18,25884),(21,23370),(22,5788),(23,19241),(24,21748),(25,30018),(26,22156),(27,23943),(28,18386),(29,32430),(30,33502),(31,11541),(32,6089),(33,20423),(35,10568),(36,33413),(37,4445),(38,14719),(39,5611),(40,15840),(41,6353),(42,30756),(43,37393),(45,35696),(46,15153),(48,8041),(49,6205),(51,33671),(53,4739),(54,35043),(57,348),(58,13185),(59,33856),(60,3698),(61,16626),(62,4324),(63,11140),(64,23697),(66,10367),(67,31441),(68,30682),(71,6056),(72,35159),(74,10663),(76,9146),(79,21892),(80,10805),(81,31483),(82,9879),(83,4533),(86,22185),(87,25482),(91,28307)]	130.703494
794	[(3,17575),(5,25948),(6,38986),(7,32747),(9,14318),(10,33512),(11,25749),(12,21490),(13,5044),(14,22460),(15,35141),(16,4357),(17,18535),(18,14480),(19,13888),(20,10632),(22,4755),(25,13701),(27,38708),(28,30211),(29,7842),(30,23507),(31,31012),(32,29027),(33,12517),(37,18282),(40,29055),(44,9276),(45,38708),(46,37808),(49,28538),(50,8905),(51,32763),(52,10185),(55,18456),(56,615),(57,34306),(58,24702),(60,36029),(61,26750),(62,12131),(63,20081),(64,38764),(66,30953),(67,14203),(68,5978),(69,24241),(71,30702),(72,38180),(73,4543),(75,15156),(76,8790),(79,6627),(80,23256),(83,34302),(85,1256),(86,11641),(87,6017),(89,4836),(92,19594)]	126.840196
795	[(1,20575),(4,8994),(5,1812),(6,37697),(8,22413),(9,13248),(11,39001),(14,35578),(15,14734),(17,26812),(18,16516),(21,12879),(24,31201),(27,28621),(28,3890),(30,28758),(31,12191),(32,38832),(33,8899),(34,27513),(36,681),(38,29521),(40,18903),(42,7508),(43,22341),(44,34126),(48,4366),(50,36270),(51,23977),(53,12360),(54,5727),(55,2697),(56,23502),(61,34968),(62,37727),(63,3053),(66,361),(67,27291),(68,37274),(69,1753),(70,26686),(76,6578),(78,6874),(79,4186),(80,9115),(81,26385),(83,30278),(84,6929),(85,14428),(88,9771),(90,16359),(91,20359),(92,7479)]	147.353206
796	[(0,21836),(1,28373),(2,23656),(3,3110),(7,19404),(11,12520),(12,20597),(13,6653),(14,16611),(15,11176),(16,14961),(18,30440),(19,13949),(20,33709),(21,34350),(22,16797),(24,5652),(27,38659),(28,12441),(29,27218),(31,2344),(32,12639),(39,32610),(40,13795),(42,35820),(44,18860),(45,38699),(46,2235),(49,37415),(50,27821),(53,10270),(55,20778),(56,8876),(58,22345),(60,19699),(61,29673),(63,1880),(64,2112),(65,28241),(66,11355),(67,9179),(68,24439),(69,4989),(70,7476),(71,23578),(72,15518),(73,8662),(76,10899),(80,12705),(83,15264),(88,4462),(89,8954),(90,36651)]	131.204401
797	[(1,17789),(3,11928),(6,20332),(7,18081),(11,30582),(12,26895),(13,23425),(14,25210),(18,13414),(20,3655),(23,33927),(24,10780),(26,37059),(28,32842),(31,14439),(32,33505),(33,35692),(36,11358),(37,20283),(38,34696),(39,16159),(41,30220),(43,27944),(44,33582),(45,23902),(46,9509),(47,5360),(48,378),(50,30838),(52,605),(53,2329),(55,25174),(58,6637),(60,32833),(62,37736),(63,32738),(65,37242),(66,21093),(70,14756),(71,5055),(74,23858),(76,33327),(78,20834),(79,31777),(80,804),(81,30742),(82,26244),(83,38617),(88,6262),(90,13916),(91,18069),(92,26860)]	165.440772
798	[(1,7309),(4,32539),(7,8203),(8,8062),(10,20236),(12,11339),(14,31345),(19,29185),(20,3070),(21,25796),(22,34495),(24,2511),(27,35917),(28,22864),(31,21852),(32,21423),(33,32372),(34,19044),(35,26977),(36,27626),(37,31373),(38,9544),(40,29847),(41,8653),(42,8619),(45,4339),(47,14444),(49,30489),(50,1054),(52,33032),(53,19254),(54,8886),(58,10921),(59,10126),(60,4393),(62,13415),(64,25255),(65,7706),(66,15065),(67,4774),(68,11220),(69,17341),(71,4572),(72,35710),(74,527),(76,9802),(79,26492),(80,29597),(82,32500),(83,11772),(86,29521),(89,38126),(90,24714),(91,26467)]	270.438890
799	[(0,36285),(2,35895),(3,5138),(5,20852),(6,20520),(7,33050),(8,30508),(9,38998),(12,33334),(13,15183),(14,3168),(15,6594),(17,15543),(18,22923),(21,24415),(25,6049),(26,26450),(28,31606),(29,1697),(33,31661),(35,16962),(37,28536),(38,21108),(45,20776),(46,8558),(47,27266),(49,28158),(50,5271),(51,15877),(52,38042),(54,14524),(55,4740),(57,21115),(58,1853),(59,7871),(61,22237),(62,17178),(63,26388),(64,1927),(67,38359),(68,30802),(69,10841),(70,5766),(71,14723),(76,4729),(77,27244),(81,20307),(82,29019),(84,1160),(85,35560),(88,32880),(89,9505),(90,22746),(91,34722)]	247.575206
800	[(0,12885),(2,34795),(3,26758),(9,36455),(10,30076),(11,467),(12,24677),(14,38992),(15,3278),(16,25166),(19,8451),(20,28666),(21,613),(22,9527),(23,7178),(26,29753),(27,14143),(28,11554),(29,21110),(30,27591),(31,24890),(33,26492),(34,29597),(35,7761),(36,23747),(37,4269),(38,14401),(40,25889),(43,23898),(44,31512),(46,20197),(47,29640),(48,31732),(49,13204),(51,9107),(52,16439),(54,37615),(55,38844),(57,10131),(58,23873),(59,22587),(60,4140),(61,19000),(63,3701),(65,3280),(67,36232),(68,33662),(69,7029),(70,14105),(71,24190),(73,36284),(75,31685),(78,30554),(80,7889),(83,18521),(84,14641),(85,14456),(86,17610),(88,4944),(89,10155),(90,4796)]	277.643195
801	[(0,30893),(1,18483),(2,36688),(3,3358),(4,21437),(5,2401),(6,13900),(7,36770),(8,4678),(13,9938),(17,21163),(18,20631),(19,36332),(20,20765),(22,13380),(24,20641),(25,23772),(26,32641),(27,14819),(28,31468),(29,27108),(30,32702),(31,17474),(34,9924),(39,33541),(40,6313),(41,32030),(42,6833),(43,36891),(44,29911),(45,21601),(46,3405),(54,36257),(55,20317),(56,12613),(57,27174),(58,6491),(59,11988),(60,149),(61,3964),(62,17153),(64,12230),(66,7161),(67,20846),(68,4695),(69,12768),(71,25184),(72,24313),(73,22545),(74,26899),(76,34120),(77,28634),(78,4248),(79,26381),(81,27917),(83,36578),(85,25775),(87,5048),(88,33617),(89,32614),(91,13501),(92,16716)]	264.200361
802	[(0,3685),(3,681),(4,37471),(9,5561),(10,4327),(12,13633),(13,6863),(14,27621),(15,3890),(17,9120),(18,25758),(19,11201),(21,35292),(23,25660),(24,1913),(27,9424),(28,35431),(32,27085),(33,3947),(35,7031),(37,2428),(38,33691),(39,17399),(40,10480),(41,17345),(44,25871),(46,8034),(49,12629),(50,5933),(51,38640),(52,26715),(54,31256),(55,3754),(56,975),(58,6538),(60,21823),(61,38261),(63,38854),(64,14440),(65,14233),(69,32363),(70,11347),(71,19129),(72,38975),(73,14068),(75,30251),(76,15595),(77,24913),(78,26018),(79,17862),(83,12959),(86,33807),(90,2287),(91,15002),(92,4027)]	279.119612
803	[(0,13312),(3,4747),(6,20280),(7,24820),(11,2522),(13,18791),(15,34625),(18,2858),(19,12436),(20,32378),(25,19346),(26,12380),(27,18646),(29,29770),(30,32384),(31,11233),(32,12887),(33,35301),(35,21058),(36,36735),(38,21141),(39,35557),(43,30314),(45,33297),(46,22979),(47,1560),(49,11117),(50,32611),(52,14930),(56,11931),(57,18179),(58,30399),(59,14964),(61,12625),(62,38531),(63,23500),(68,28555),(69,29275),(70,15056),(71,19071),(72,14680),(75,17470),(78,10202),(80,17617),(84,15326),(85,32965),(87,19088),(88,2595),(90,34489)]	271.246936
804	[(1,28211),(2,7573),(3,15620),(4,37036),(5,6005),(6,33682),(9,23676),(10,23497),(11,26413),(12,8618),(13,20869),(14,12100),(17,23157),(19,29923),(22,17998),(23,9586),(24,34981),(26,29858),(27,39058),(28,186),(29,18571),(30,30853),(31,8792),(32,37631),(33,15552),(35,29804),(36,24592),(37,13489),(38,29028),(39,18592),(41,13751),(42,6894),(45,21253),(46,18908),(48,24853),(50,2975),(51,2055),(52,38909),(54,18464),(56,35696),(57,15153),(58,35388),(61,24348),(62,24740),(63,2419),(64,18798),(67,8685),(71,2259),(72,5828),(73,6668),(74,13293),(76,28560),(77,30718),(79,8985),(81,32951),(83,27977),(84,23877),(85,32377),(86,29422),(87,6951),(88,5096),(90,33284),(91,34138),(92,10284)]	265.024213
805	[(0,8582),(1,37086),(2,24438),(3,38015),(5,14906),(10,38430),(11,31349),(12,129),(13,3234),(16,10514),(18,11766),(19,5142),(22,2378),(25,7147),(27,3466),(28,28038),(29,35224),(30,31609),(31,13289),(32,14172),(33,13754),(34,8906),(38,33417),(39,20137),(41,3717),(42,26925),(44,23489),(45,30933),(48,25192),(49,22355),(51,14996),(53,10041),(55,20771),(56,30842),(61,30898),(63,15651),(64,16595),(66,11481),(69,14293),(70,34842),(72,37547),(74,2071),(75,10575),(77,30586),(78,3319),(79,34784),(80,37910),(82,584),(83,24743),(84,17446),(85,27770),(86,1377),(87,22250),(88,22785),(90,964),(91,20382)]	263.346716
806	[(0,25942),(2,17037),(3,1644),(4,5837),(7,19013),(8,34677),(10,35567),(12,8397),(13,17166),(15,26159),(19,28130),(26,15738),(29,13500),(30,35149),(32,17842),(33,9812),(34,30471),(37,24102),(38,38096),(39,30920),(41,13333),(42,26266),(44,34118),(45,24275),(46,7419),(47,35229),(48,1782),(49,10944),(51,8822),(52,29481),(53,25397),(55,13092),(56,24877),(58,22159),(59,35399),(60,35871),(61,5791),(62,29763),(63,7359),(68,4576),(69,11833),(70,38314),(73,37208),(74,30289),(75,38049),(76,9310),(77,25504),(79,34691),(83,32778),(85,10099),(86,5762),(87,19048),(88,3881),(90,36229),(91,22411),(92,26259)]	271.796373
807	[(0,9219),(1,38332),(2,15565),(3,31761),(4,15136),(6,15215),(7,17710),(8,20371),(9,19030),(13,25462),(18,31233),(21,22122),(22,26383),(24,17520),(25,9385),(27,16383),(30,11615),(32,1810),(33,17168),(36,14198),(37,3318),(38,2537),(40,23506),(41,24238),(42,11119),(44,20104),(45,36329),(46,36138),(47,10245),(51,23768),(52,15759),(53,27105),(55,35946),(57,3624),(58,7058),(61,15027),(62,31154),(63,1995),(65,35195),(67,28646),(71,8854),(73,18404),(74,20723),(75,31551),(76,25571),(77,35999),(79,8020),(82,24231),(85,32001),(87,4141),(90,3111),(91,25646),(92,28245)]	278.252222
808	[(0,1519),(1,30036),(3,5098),(4,20474),(5,19165),(6,16716),(7,14134),(8,2847),(9,736),(10,4874),(12,31921),(13,36941),(14,7431),(15,23040),(16,8274),(17,5639),(19,21912),(20,14268),(23,22244),(24,36628),(25,18799),(26,7967),(28,6695),(31,31734),(34,16744),(35,748),(36,25588),(38,26928),(39,11118),(40,2648),(42,11619),(43,21952),(44,18951),(47,15734),(49,14977),(50,15675),(51,38567),(52,9556),(53,16504),(54,34112),(55,8369),(57,12155),(58,18119),(60,33684),(62,1883),(63,1588),(65,4340),(67,26918),(68,6568),(69,9004),(72,6292),(73,23995),(74,34892),(76,18670),(77,14931),(78,14391),(81,36644),(83,26215),(86,11146),(87,1745),(88,1824),(89,28718),(90,20272)]	263.369923
809	[(1,11726),(2,31165),(3,15320),(5,14845),(9,5254),(10,24977),(11,26227),(13,20666),(14,20384),(15,5520),(17,13113),(18,39196),(20,9769),(22,24424),(23,13552),(24,19969),(26,24491),(27,2385),(31,21412),(34,7191),(36,315),(39,26345),(40,32732),(42,24539),(46,27954),(49,1738),(50,12832),(51,782),(53,14567),(57,2896),(58,26846),(59,27121),(60,21460),(62,27912),(66,21020),(67,8678),(69,35931),(70,21004),(72,27496),(73,28732),(74,20402),(75,34013),(76,17843),(77,25509),(78,7920),(79,11499),(81,4420),(82,30350),(84,36634),(85,14251),(87,14157),(90,38414),(91,746)]	265.483209
810	[(0,36062),(1,16578),(2,3408),(6,36472),(7,10934),(11,28715),(12,33730),(13,36451),(18,34404),(19,36327),(20,14394),(21,13337),(22,32340),(23,2098),(24,36137),(25,32574),(26,23254),(27,19679),(28,11606),(31,32792),(32,20333),(33,28371),(35,6832),(36,37324),(41,17304),(43,10994),(44,12596),(45,9678),(49,15226),(50,35384),(51,31573),(53,37628),(54,5193),(57,24236),(59,15079),(60,15449),(62,32274),(64,38217),(65,14603),(67,16085),(68,10462),(70,36822),(71,13145),(72,7109),(73,26923),(74,9959),(75,34502),(78,31113),(80,19613),(81,34879),(82,35822),(83,14863),(85,31937),(89,19959),(90,35066),(91,4327)]	291.242838
811	[(0,29080),(1,1386),(3,7763),(4,36668),(5,19425),(6,9184),(7,34339),(8,30848),(9,32979),(10,16713),(11,15776),(14,29911),(15,21601),(17,31583),(20,38402),(21,37304),(23,18691),(25,23073),(26,2198),(28,18735),(30,10896),(31,22174),(32,900),(33,22784),(34,24753),(36,4925),(38,21412),(39,24160),(43,29130),(44,35040),(45,16411),(47,30831),(48,20158),(49,34103),(50,28867),(51,31177),(52,30195),(53,25746),(54,16869),(55,13147),(57,13019),(58,18932),(63,38263),(66,118),(67,6793),(68,4830),(69,12119),(70,20942),(71,11916),(72,24405),(75,16780),(77,2476),(79,24873),(80,11209),(82,25040),(83,25007),(84,13148),(85,686),(88,4515),(89,3201),(91,19759),(92,6566)]	237.615477
812	[(0,1480),(2,31644),(3,29744),(6,20138),(8,15722),(9,7749),(10,25147),(12,23687),(13,31096),(14,7022),(15,7023),(17,12929),(18,35124),(21,23647),(24,24636),(26,20207),(27,21795),(28,12527),(29,2413),(30,11522),(32,5939),(38,4024),(41,15707),(42,17219),(43,35498),(44,34336),(45,18242),(47,5569),(51,24641),(52,15257),(54,25365),(55,4586),(57,13211),(61,12806),(62,36664),(66,38518),(68,34654),(70,28427),(71,37846),(72,16412),(73,14203),(74,32049),(76,26431),(77,986),(82,20256),(83,33496),(86,36508),(88,31483),(89,9879),(90,1168),(92,6385)]	136.100901
813	[(0,9322),(1,17386),(2,16311),(3,10902),(4,1888),(6,5010),(7,36716),(9,31891),(10,31254),(11,32373),(12,17099),(15,33008),(16,34714),(17,21617),(18,31449),(19,6545),(20,3720),(22,19873),(25,20937),(26,9672),(27,12858),(29,9643),(31,6878),(32,4776),(33,29398),(35,22326),(36,14703),(37,12810),(38,27774),(39,19204),(41,21055),(42,7698),(43,11695),(44,19480),(45,16066),(46,9548),(48,16983),(49,30483),(55,15226),(56,35384),(57,31573),(58,28408),(59,29367),(60,29784),(61,19868),(62,18035),(65,18146),(66,35247),(68,30930),(69,28100),(70,12623),(71,26089),(72,29779),(73,20169),(74,20679),(76,21081),(78,13812),(79,7753),(80,38071),(81,25053),(83,36626),(84,20806),(85,15523),(86,38480),(89,10998)]	139.644422
814	[(0,6808),(1,19787),(4,15549),(6,18590),(7,22583),(9,14233),(14,22734),(15,33255),(16,18974),(20,5390),(22,26325),(23,29437),(24,30991),(25,10701),(26,20814),(28,27241),(29,29266),(30,26628),(31,21493),(34,26858),(36,38373),(38,36754),(39,5445),(43,16603),(44,29678),(45,7015),(51,17467),(52,31379),(53,22261),(55,6842),(58,19564),(59,38927),(62,28714),(65,12872),(67,4841),(72,3543),(73,12475),(74,27945),(76,29),(77,10241),(79,27975),(84,35412),(85,33393),(86,15738),(88,28633),(91,17518)]	134.854312
815	[(0,2522),(1,22759),(2,37314),(3,21200),(5,9193),(8,35070),(12,8909),(14,16998),(16,1516),(17,30126),(19,12998),(20,34834),(21,766),(22,35754),(25,734),(26,29335),(27,16512),(31,12845),(32,19372),(33,28235),(36,33554),(38,21546),(39,21017),(40,13371),(41,17059),(43,30549),(45,8666),(47,36756),(49,13570),(52,1291),(53,37930),(54,25592),(56,14830),(58,963),(59,21921),(60,27567),(63,10909),(64,8231),(66,13329),(67,1236),(68,15110),(70,32262),(75,12199),(76,34830),(77,23879),(78,18292),(79,35943),(80,571),(82,31919),(84,2826),(85,13100),(87,35802),(89,37848),(90,6937)]	136.267706
816	[(0,20550),(2,30284),(3,28718),(4,20272),(12,31580),(13,13108),(14,1340),(15,1376),(16,17124),(17,20602),(18,29696),(19,8915),(20,14189),(22,34815),(23,34117),(24,2412),(25,37892),(26,2305),(27,38664),(29,13825),(30,29208),(32,23192),(34,2226),(37,35208),(38,25916),(39,5199),(40,36992),(41,13233),(42,38484),(44,24522),(45,28018),(46,22365),(47,29654),(49,37105),(50,20453),(51,18330),(52,29391),(54,15990),(55,16077),(56,9987),(57,18659),(58,16680),(60,21750),(62,22910),(64,13313),(65,5232),(66,11475),(67,35249),(68,35220),(69,32198),(70,4231),(71,35771),(76,8239),(81,24016),(85,13957),(87,7580),(88,34474),(89,790),(91,5657)]	145.844966
817	[(1,17088),(3,27524),(7,3628),(8,8178),(10,27427),(11,23324),(13,27079),(16,26881),(17,15212),(19,16223),(20,28620),(21,27531),(24,26508),(25,203),(26,8119),(28,410),(29,11404),(30,11819),(31,11146),(32,33652),(33,6867),(34,17085),(35,22724),(36,914),(37,15408),(38,26589),(42,37098),(43,20307),(47,21069),(48,26676),(49,27122),(51,9274),(52,39190),(53,37976),(56,6103),(58,15821),(59,22341),(62,34601),(63,30072),(67,23201),(71,18363),(72,29516),(73,9048),(76,9287),(79,10656),(81,15441),(82,2472),(84,16216),(86,11625),(91,30908),(92,25021)]	132.442512
818	[(0,31634),(1,25298),(3,38861),(4,687),(5,34973),(7,23872),(9,7617),(16,8970),(17,17993),(18,14612),(19,3103),(21,7156),(22,27117),(25,33041),(26,29780),(27,16993),(29,30237),(30,17980),(33,37297),(35,4457),(37,9149),(38,30616),(39,27416),(41,38565),(42,14599),(43,12609),(44,35166),(47,10477),(48,8642),(51,2332),(53,7638),(54,10963),(55,10255),(57,16064),(61,28451),(63,25721),(65,16639),(66,25988),(67,28530),(69,20296),(70,20132),(71,28338),(74,17541),(75,4923),(77,12839),(78,36365),(80,9408),(81,17385),(82,30740),(83,2300),(84,20044),(85,34050),(86,25719),(88,25522),(89,13606),(90,6329),(91,34025),(92,33851)]	154.306570
819	[(2,32498),(4,16991),(7,28775),(8,15025),(9,16518),(12,8264),(17,11922),(18,34283),(20,7055),(23,15701),(24,26240),(25,1265),(26,10917),(28,33165),(29,30059),(30,10371),(32,8385),(33,22059),(35,17220),(36,8143),(38,17421),(40,11903),(41,1469),(42,6541),(45,10546),(47,4547),(48,37606),(49,14854),(50,19067),(52,23727),(54,15182),(55,32571),(56,32006),(57,22375),(60,6429),(61,4176),(65,32300),(66,38955),(67,3396),(68,32954),(69,20113),(71,11499),(72,34251),(76,19511),(77,37557),(78,28370),(80,8508),(81,4725),(83,19019),(85,31657),(86,3892),(88,1423),(89,6550),(90,38272),(91,32073)]	127.617920
820	[(1,17531),(2,1122),(3,8184),(4,6492),(11,29209),(13,29942),(14,11244),(17,15210),(18,28928),(22,21228),(23,15748),(25,25353),(26,18071),(27,34788),(28,30521),(30,3687),(31,1229),(34,36747),(35,34306),(36,39057),(37,13989),(41,29254),(42,29004),(44,16005),(45,18901),(46,31386),(47,30897),(48,29725),(49,3048),(50,2299),(52,24270),(55,4288),(59,30146),(60,4531),(61,14862),(62,26233),(63,12067),(64,9321),(65,25473),(66,18841),(67,13782),(69,20090),(70,25163),(71,8769),(74,19011),(75,14238),(76,21040),(78,16022),(80,13818),(81,33219),(84,16069),(85,32010),(86,4351),(89,29008),(92,24365)]	126.800154
821	[(1,19952),(2,31389),(7,20821),(8,21933),(9,18179),(12,23114),(13,34262),(16,20182),(17,37101),(18,5844),(19,25907),(20,35728),(21,24335),(26,34807),(28,1578),(29,32065),(30,17931),(31,4926),(34,31473),(35,17509),(38,19685),(39,22270),(40,14866),(41,37294),(42,13835),(49,31982),(51,30990),(52,38748),(53,14940),(56,4841),(59,32167),(61,22217),(62,36763),(66,17212),(67,35070),(70,2503),(71,24334),(73,25890),(74,36751),(75,13859),(80,21693),(81,25336),(82,36038),(83,11974),(85,37560),(86,5621),(87,28349),(88,28995),(92,28035)]	134.274076
822	[(1,4319),(3,31402),(4,31375),(5,35528),(10,38518),(11,15005),(12,29153),(13,15692),(14,1033),(16,37317),(20,29089),(21,5320),(23,32827),(27,4637),(28,7687),(29,38154),(30,5550),(31,32992),(32,21479),(33,36209),(37,38458),(38,7702),(39,3565),(40,6309),(41,13723),(43,18765),(44,15223),(45,27444),(47,27575),(48,14629),(50,12925),(51,6432),(52,1483),(53,18773),(54,29955),(56,24491),(57,2385),(58,19958),(61,12228),(62,4884),(65,2376),(66,9635),(67,28583),(69,8336),(71,15419),(72,22983),(73,38236),(74,34807),(75,19353),(77,15564),(78,30655),(80,37732),(82,27826),(83,27504),(84,35462),(85,19185),(88,12294),(89,18346),(90,22513),(92,10347)]	125.747379
823	[(0,14095),(2,34668),(3,35521),(4,17109),(6,9535),(7,24179),(8,29250),(10,17187),(11,33267),(12,34227),(14,8108),(15,5572),(17,34157),(18,32996),(19,31485),(20,37182),(21,31662),(23,19172),(25,8358),(27,32614),(31,23036),(33,3384),(40,19271),(42,16527),(43,25638),(45,26676),(47,22910),(49,38501),(50,31216),(51,28939),(52,27983),(53,35151),(57,30976),(58,4275),(60,7068),(61,12956),(64,25223),(65,28247),(66,35824),(67,28421),(68,3265),(71,21635),(72,32958),(73,28205),(74,23785),(75,9127),(76,29279),(77,27216),(78,15741),(79,5329),(81,27637),(83,15919),(84,13830),(87,20866),(88,29019),(90,1160),(91,35560)]	140.716843
824	[(2,31253),(5,22354),(7,7625),(9,11963),(12,24703),(13,11155),(14,25497),(16,4928),(18,38318),(19,21471),(20,38453),(21,25368),(23,20578),(24,15547),(25,13680),(26,35074),(28,10170),(29,21980),(31,35741),(33,32014),(34,31713),(35,33423),(36,29867),(37,21816),(38,33262),(40,32796),(42,26502),(43,11431),(45,5241),(49,24959),(51,18653),(53,5239),(54,17032),(55,36703),(56,28592),(57,22115),(58,7645),(60,12563),(62,5227),(65,13320),(66,37130),(67,38064),(68,6118),(71,26810),(75,14269),(77,35050),(79,13978),(80,7),(81,626),(82,26169),(83,34536),(85,16404),(87,6702),(88,37409),(90,481),(91,551),(92,1762)]	143.120472
825	[(0,8111),(1,28532),(2,33835),(3,34888),(5,23148),(6,37634),(10,13988),(11,17193),(13,9162),(15,33186),(16,27664),(17,24568),(18,6996),(20,13473),(21,28661),(22,10020),(23,8675),(24,2136),(27,35439),(28,38924),(30,27445),(33,12630),(34,13470),(35,25972),(40,9732),(41,10557),(42,9826),(43,36792),(44,27184),(45,38225),(46,32657),(49,4257),(50,37970),(51,22836),(52,24501),(53,8596),(56,22058),(58,7576),(59,8654),(61,12003),(62,36371),(64,37207),(65,12132),(66,22971),(67,30249),(68,15741),(69,5329),(71,3283),(73,30966),(74,25278),(76,1879),(78,20172),(79,15515),(81,1983),(82,23969),(84,28671),(87,29675),(89,15015),(90,38194),(92,20270)]	155.405026
826	[(0,10442),(2,38569),(3,11585),(11,6402),(12,163),(14,3720),(17,21228),(19,6574),(20,21293),(21,11468),(22,31055),(25,5048),(26,19035),(28,7332),(29,19415),(32,11444),(36,22247),(37,31953),(38,5225),(39,22805),(44,36895),(47,2519),(48,24650),(52,4270),(54,32832),(55,19541),(58,33339),(59,15654),(60,836),(63,26027),(66,10643),(67,33209),(68,9606),(69,35182),(72,8709),(73,10837),(74,7855),(76,914),(77,15408),(78,22376),(79,31838),(80,5488),(82,6938),(83,13435),(84,35378),(85,3535),(86,13661),(87,38167),(89,35064),(90,4455),(91,16196)]	145.808152
827	[(0,21447),(1,10659),(2,7506),(4,36000),(9,20375),(10,37907),(12,23456),(13,8333),(15,23595),(16,32718),(19,30955),(20,18524),(21,23357),(22,28251),(23,3313),(25,1458),(27,15604),(28,14629),(29,19307),(30,34154),(32,3501),(33,24896),(35,1744),(36,15349),(37,7074),(39,16982),(41,2452),(42,17082),(44,24032),(45,25452),(46,6123),(49,17216),(51,8136),(52,28178),(54,9627),(55,35211),(56,434),(57,3397),(60,38709),(61,15162),(66,7176),(69,31756),(71,38576),(75,30271),(76,32635),(78,14982),(82,11403),(83,34057),(84,11223),(88,11297),(89,27819),(91,37372),(92,6225)]	138.567518
828	[(2,20539),(4,16340),(6,22715),(8,3466),(9,2865),(10,28978),(12,33589),(13,37048),(15,9091),(16,18683),(20,34761),(22,27057),(23,19090),(24,25207),(25,9858),(26,34328),(27,33771),(28,19855),(29,19872),(31,23528),(32,264),(34,16861),(36,24361),(39,24615),(41,10444),(42,31570),(43,16295),(44,17164),(45,2040),(48,28112),(49,30153),(52,1951),(57,22666),(62,12042),(63,817),(64,17830),(66,33733),(69,24013),(72,4569),(74,35711),(77,3734),(78,37366),(80,5586),(82,13216),(83,36363),(84,17211),(86,18973),(88,33498),(91,19249),(92,5050)]	145.680516
829	[(0,17218),(1,29271),(7,22341),(9,15956),(10,3053),(12,25826),(14,4109),(15,35904),(18,32565),(19,10632),(21,12615),(22,11255),(23,9014),(24,35572),(25,37791),(27,27600),(28,30878),(31,444),(32,12048),(34,39190),(35,33475),(36,24108),(37,12980),(38,25000),(39,2873),(42,14581),(43,24116),(44,10183),(47,38041),(48,32852),(49,20277),(50,262),(51,5998),(54,10382),(55,39039),(56,33455),(58,34449),(59,35829),(60,31470),(61,5018),(62,27336),(64,30905),(65,24994),(66,32962),(70,11967),(71,10956),(74,22802),(75,36056),(77,30947),(78,22769),(80,38671),(81,38387),(82,26427),(84,24913),(85,26018),(86,10954),(87,33308),(88,11206),(89,17022),(90,24595),(91,19949)]	138.751533
830	[(0,11122),(1,26464),(2,6247),(3,35485),(4,6393),(5,2330),(8,18404),(9,20723),(10,31711),(12,5827),(14,37249),(15,17567),(17,6248),(18,13935),(19,20420),(21,20489),(23,13803),(24,37878),(25,26345),(27,28208),(29,35834),(30,10173),(31,23353),(32,17828),(33,103),(34,38531),(35,21539),(36,31631),(37,21824),(42,29722),(45,24617),(47,34483),(50,22175),(52,15641),(54,31912),(57,14091),(61,13300),(63,4617),(65,23197),(70,14142),(71,27319),(75,19085),(79,11640),(80,23786),(82,14819),(83,31468),(85,30536),(87,4138),(88,31065),(89,22754),(90,1675),(91,29777)]	129.269649
831	[(0,37543),(1,35057),(2,8240),(3,13659),(4,31421),(6,35052),(7,7739),(8,8877),(11,14112),(12,39135),(13,27453),(15,1881),(16,35547),(17,79),(19,20360),(21,1243),(22,32480),(28,25162),(31,33685),(32,31931),(33,8069),(34,17343),(35,37655),(39,28181),(42,27042),(43,11661),(46,35783),(47,34173),(48,5257),(49,8523),(55,35586),(56,25616),(57,3925),(58,9599),(60,39048),(61,31880),(62,9686),(63,12237),(64,31285),(65,7665),(66,3339),(70,3874),(71,35668),(74,26205),(76,18078),(77,28689),(78,28595),(81,25758),(83,34190),(84,9722),(85,25707),(86,8040),(88,20566),(89,3974),(91,1149),(92,21432)]	150.212876
832	[(1,2155),(3,30477),(6,38041),(7,7614),(8,36355),(10,34580),(12,3697),(13,36730),(15,38753),(16,13290),(17,21243),(18,20810),(19,12556),(20,14910),(24,2561),(25,36225),(26,37557),(28,25076),(30,3480),(31,34743),(32,37159),(37,35010),(40,36741),(46,37384),(48,18631),(49,36063),(51,16801),(52,898),(53,11453),(55,10976),(59,32499),(61,36392),(62,11248),(64,6455),(65,32153),(67,12228),(68,17279),(70,14702),(71,3623),(72,5471),(73,13173),(76,4419),(77,35679),(78,3459),(81,31156),(82,30086),(83,13250),(84,5274),(86,30606),(87,32386),(88,17431),(92,34087)]	145.666724
833	[(1,16813),(3,3719),(5,21147),(7,19280),(9,20545),(10,17302),(11,22417),(13,28400),(14,23717),(15,30258),(16,18346),(17,4626),(18,35720),(19,30942),(20,5182),(21,22367),(22,32841),(23,9468),(28,13956),(31,10136),(32,31100),(34,29896),(35,29353),(37,25510),(38,8271),(39,38255),(40,33033),(41,23625),(43,24650),(45,21694),(47,34813),(48,7445),(50,1862),(51,29424),(52,24293),(56,3489),(57,28618),(59,33723),(63,24016),(66,9118),(67,5242),(68,4590),(73,5238),(74,27654),(75,637),(76,31897),(77,14722),(79,12893),(80,34583),(81,17399),(82,26891),(83,33194),(85,23180),(86,30201),(87,8729),(89,23319),(91,24127),(92,28114)]	144.272325
834	[(0,30910),(2,19062),(3,28080),(4,22093),(6,12685),(7,27696),(9,37961),(14,20193),(15,34123),(16,20737),(18,26386),(19,26773),(20,22543),(22,22270),(23,2146),(25,33416),(26,16463),(30,18973),(35,2766),(40,38595),(42,7311),(46,28983),(48,8264),(50,2035),(51,32451),(52,11108),(54,31206),(55,36435),(56,3877),(60,4966),(61,1254),(64,25011),(69,29603),(71,23393),(72,33248),(73,10334),(74,10328),(75,16956),(78,36995),(80,9117),(81,31481),(82,2493),(83,22605),(84,10234),(86,29666),(88,13701),(89,397),(90,12135),(91,38895)]	134.365665
835	[(2,33722),(3,31520),(5,5125),(6,17400),(7,18151),(9,22012),(12,2363),(15,30796),(16,13069),(18,6906),(21,39206),(26,23775),(29,5904),(31,19487),(32,27668),(33,33123),(34,21036),(35,22328),(38,11320),(39,31457),(40,13330),(42,11420),(44,5268),(45,35258),(47,37523),(48,3661),(49,18917),(50,4214),(52,8726),(53,7117),(57,30651),(58,35467),(62,22666),(66,34569),(67,3852),(68,28958),(70,33013),(71,33910),(73,38135),(74,5823),(75,24314),(76,22980),(79,9473),(80,19177),(81,7444),(84,27469),(85,33583),(86,27296),(87,33189),(88,7892),(90,34143),(91,34128)]	133.756588
836	[(1,21863),(2,27854),(3,5175),(7,14183),(8,11655),(9,32456),(11,88),(12,5593),(13,35500),(14,32645),(15,26149),(16,28164),(17,30301),(18,20049),(20,1228),(21,6308),(22,15841),(23,3907),(27,22210),(29,15072),(31,10286),(33,21262),(35,28898),(36,21782),(37,17302),(39,10224),(41,23539),(42,36564),(44,29140),(45,31558),(46,26263),(47,29727),(52,17234),(53,15874),(55,12888),(59,23278),(60,1714),(61,27215),(63,27613),(64,36092),(67,25872),(68,14929),(70,7503),(71,12105),(74,14399),(75,10070),(80,29304),(81,27268),(82,15018),(83,26281),(84,2739),(85,10810),(87,19725),(88,12516),(89,29530),(91,25400),(92,37167)]	140.801208
837	[(0,26837),(1,29584),(2,34153),(9,30236),(10,10697),(11,24956),(16,5637),(17,9598),(20,9917),(22,32943),(23,36058),(24,7941),(26,37251),(28,20690),(29,29909),(31,10498),(34,36279),(38,21163),(39,20631),(40,36332),(42,30262),(46,13478),(47,38398),(49,648),(50,33617),(52,5629),(53,32287),(54,16313),(56,24899),(59,13132),(60,13364),(61,18980),(62,6589),(63,17100),(64,3850),(65,35925),(66,33201),(67,29652),(70,10069),(71,25491),(73,20344),(74,6749),(77,8791),(79,33967),(80,29895),(81,23765),(82,10338),(83,19902),(84,37988),(87,20525),(89,34893),(90,3418),(92,35832)]	130.558130
838	[(1,3279),(2,19258),(4,1032),(5,22555),(6,23252),(9,15775),(11,351),(12,5596),(13,27995),(15,29097),(18,36716),(19,4749),(21,19517),(23,26549),(26,27168),(27,20448),(29,5509),(31,14048),(32,36605),(33,37780),(36,8784),(37,24960),(39,9412),(40,7638),(41,9778),(42,15028),(44,3747),(45,16046),(47,24446),(50,1982),(54,20537),(55,22676),(58,38826),(59,13234),(60,19110),(61,35111),(62,4967),(64,10723),(65,28596),(66,30358),(67,30906),(68,16480),(70,5689),(71,14245),(73,25883),(74,6489),(75,35385),(76,39203),(77,17252),(78,3353),(79,658),(83,16367),(85,27585),(86,3233),(90,17072),(92,29702)]	155.517499
839	[(0,1678),(1,7321),(2,35033),(4,30502),(5,1692),(8,34547),(9,12170),(10,14764),(11,7765),(12,16343),(13,28399),(14,15692),(16,35592),(17,2788),(18,1509),(19,24156),(21,21732),(22,32576),(24,33120),(25,10941),(27,1416),(31,34809),(32,22640),(33,8832),(35,13831),(36,10604),(42,32866),(44,24805),(45,37380),(46,31987),(49,1382),(50,31603),(52,23172),(56,32068),(57,38512),(58,2588),(59,10262),(60,32633),(62,22119),(63,17354),(64,37984),(65,18360),(66,25731),(67,9829),(68,26446),(75,32443),(76,3879),(80,8731),(81,17926),(82,8561),(84,1884),(85,34643),(86,27905),(87,22865),(91,6974),(92,6305)]	141.681757
840	[(0,26956),(1,2911),(2,14803),(4,17124),(5,20602),(9,22651),(10,28826),(11,7608),(15,31165),(16,18426),(17,371),(19,38515),(20,17136),(22,6330),(23,18452),(24,19427),(28,19226),(29,29361),(30,29918),(31,25276),(32,8757),(34,14913),(36,37937),(37,18116),(41,18196),(42,21049),(44,4107),(45,10850),(47,23421),(49,8405),(50,17933),(51,23638),(54,13966),(56,32974),(58,36704),(59,21759),(60,24801),(62,4676),(65,23010),(67,14040),(68,32948),(69,18479),(71,15389),(73,38067),(74,23304),(76,1940),(77,33598),(79,31411),(81,30059),(82,10371),(83,9680),(86,21499),(87,2879),(90,11410),(91,29327)]	140.068434
841	[(0,1247),(1,23130),(2,35058),(3,3440),(4,23348),(5,1392),(6,7705),(7,3634),(8,20507),(9,24547),(10,18821),(11,29561),(13,16577),(14,8332),(17,9027),(18,11617),(21,1525),(22,30959),(23,2353),(26,25866),(28,22142),(29,740),(31,2993),(33,3801),(34,31998),(35,33031),(36,38165),(37,29215),(39,29091),(40,8084),(43,1863),(44,18296),(49,23245),(50,19201),(51,26135),(52,24529),(53,28985),(54,12528),(56,18358),(58,25437),(59,3805),(61,12199),(65,787),(67,29620),(71,33694),(72,27317),(74,11193),(75,11155),(76,25497),(78,5484),(81,1554),(83,32484),(84,23385),(85,8096),(87,6753),(90,8999)]	132.833236
842	[(2,35403),(3,34685),(5,15126),(6,2380),(7,29344),(8,22618),(12,23745),(16,19471),(18,21250),(19,34299),(20,23030),(23,30975),(27,30584),(29,4429),(30,11625),(35,26837),(36,33732),(37,24796),(38,17579),(39,21513),(41,36),(44,3360),(45,2733),(48,14741),(50,10998),(53,9761),(54,30510),(56,6735),(57,34831),(58,11408),(59,3345),(60,11390),(62,4999),(63,27820),(65,21712),(68,501),(69,24713),(70,6543),(71,34149),(76,37659),(78,19191),(83,15325),(86,38973),(88,29516),(91,21922),(92,20996)]	131.124411
843	[(1,28975),(3,8707),(5,7241),(6,17180),(7,28311),(9,15246),(14,2504),(16,15096),(17,11212),(18,38745),(19,13764),(20,22354),(21,30797),(22,24468),(23,3310),(24,31401),(25,22540),(27,29369),(29,35459),(30,15640),(31,5256),(32,2248),(33,30352),(34,19404),(35,12200),(36,18706),(38,37262),(40,2153),(43,25019),(44,6859),(46,22394),(48,11749),(49,26541),(50,25938),(52,12582),(53,3462),(56,36207),(57,11610),(58,14241),(59,12635),(60,13502),(61,13008),(62,24209),(64,7148),(65,10312),(66,19306),(68,28838),(69,31266),(70,22018),(71,16692),(72,23002),(75,11680),(76,23262),(78,21524),(79,11914),(81,32320),(82,12333),(83,7988),(86,15190),(87,16625),(88,21948),(89,22435),(91,19697),(92,20257)]	141.578944
844	[(0,11227),(1,14110),(2,29104),(4,38495),(6,16634),(8,3625),(12,3634),(13,20507),(14,13890),(15,34217),(16,23443),(17,38199),(22,13497),(23,27999),(24,34880),(25,35614),(29,11753),(30,37819),(33,32224),(34,35657),(36,12349),(37,29660),(38,36316),(40,37804),(41,9504),(44,4544),(46,7256),(49,21340),(50,18595),(51,16175),(53,32141),(55,38533),(56,7010),(57,14880),(58,23912),(59,37837),(60,32955),(61,13275),(62,3281),(63,4782),(64,25853),(65,989),(66,14520),(70,8870),(72,28413),(73,21992),(78,16375),(79,9358),(81,14211),(83,29087),(84,33233),(87,13632),(89,30530)]	127.885307
845	[(1,7961),(2,15591),(7,12083),(8,36171),(9,13474),(11,10849),(13,4822),(17,20926),(20,35127),(26,13103),(27,11977),(31,22689),(32,26609),(33,11915),(34,32189),(35,16356),(38,30192),(41,8514),(42,20977),(43,13772),(51,12159),(55,27592),(57,20863),(58,23261),(59,30837),(60,27079),(63,23740),(64,7599),(70,13979),(71,29532),(72,4691),(73,39040),(74,35237),(75,6430),(76,24830),(78,6451),(79,4675),(80,23548),(81,17734),(82,9625),(83,37256),(85,9774),(86,7425),(87,21335),(89,29831),(91,39115),(92,36776)]	127.609934
846	[(0,10166),(2,4818),(3,10068),(5,7673),(6,25461),(9,32302),(10,33484),(11,20215),(15,14695),(16,23332),(17,1043),(18,30724),(20,37876),(21,7139),(23,5631),(26,30042),(27,10845),(28,31321),(29,7258),(31,13365),(32,6386),(35,35817),(36,10002),(37,29446),(38,32283),(40,33342),(42,24153),(43,26776),(44,15261),(45,36993),(46,36264),(50,30649),(51,6443),(52,20854),(53,18252),(54,35576),(55,14989),(56,967),(58,22110),(59,33339),(60,11676),(62,21270),(63,22892),(64,272),(66,15376),(69,14561),(70,6585),(76,38046),(77,15303),(78,26894),(80,26119),(82,26999),(84,36148),(86,20401),(87,35186),(88,10325),(90,27793),(92,33582)]	161.293555
847	[(0,34381),(1,19578),(2,37028),(7,35434),(9,20063),(10,21684),(11,30407),(13,38863),(14,4008),(15,22801),(16,5356),(18,26573),(19,36839),(20,20651),(24,21086),(26,15812),(29,26335),(33,35096),(34,17697),(36,12276),(38,19360),(40,173),(41,21217),(42,1014),(46,11547),(47,3977),(48,8809),(49,4355),(50,11787),(51,16491),(52,25979),(55,2694),(56,30706),(57,5068),(58,11243),(60,33402),(64,2720),(66,26515),(67,35277),(68,16291),(70,25450),(71,37657),(72,10594),(75,32265),(76,8579),(77,8180),(78,28001),(80,20639),(81,35147),(82,33356),(83,10391),(84,28774),(86,10686),(87,23482),(88,1459),(89,3114),(91,10017)]	133.116609
848	[(2,20980),(10,33798),(11,4611),(12,8072),(13,38795),(14,28086),(15,8711),(16,18309),(17,24721),(18,17101),(20,28887),(21,19691),(22,11992),(27,19019),(28,27300),(31,9679),(32,3008),(33,26074),(34,34873),(36,20413),(38,32068),(39,8794),(43,26519),(44,5615),(46,9532),(50,35626),(52,4597),(53,14261),(55,9254),(56,5316),(60,11628),(61,13552),(62,24503),(64,24162),(66,24775),(69,3288),(70,22180),(72,10431),(73,4008),(74,28532),(75,33835),(76,34980),(77,18292),(78,35943),(80,20765),(82,33018),(84,21871),(85,31247),(86,13872),(88,6949),(89,23552),(90,12827),(91,25015),(92,30586)]	124.993157
849	[(0,3955),(1,14043),(2,31940),(3,17615),(4,285),(6,117),(9,28173),(10,24068),(11,34998),(12,25190),(13,9190),(16,22251),(17,27511),(18,32280),(19,3708),(20,31069),(22,11034),(24,33145),(26,33108),(27,10882),(28,4188),(29,23889),(35,33923),(40,10473),(43,14773),(45,33207),(47,10435),(51,12013),(52,12339),(54,6722),(55,36255),(61,29670),(62,38400),(63,6685),(64,5392),(66,16961),(68,27591),(69,10146),(72,34090),(75,14724),(76,27858),(77,15484),(81,2501),(82,522),(83,28009),(87,26806),(88,5346),(89,36618),(90,19237)]	125.202120
850	[(0,1935),(2,9757),(3,23585),(4,30911),(5,30435),(8,32373),(11,38041),(12,7614),(13,36355),(15,34070),(17,4695),(18,18359),(22,25106),(23,10366),(27,28261),(28,19803),(29,27736),(30,18233),(31,553),(32,28040),(33,10601),(34,699),(35,4493),(36,29212),(38,29223),(41,23502),(42,30872),(44,5729),(45,25095),(46,27169),(47,15435),(48,16425),(51,6857),(52,31278),(53,1217),(57,22054),(59,23240),(60,2047),(61,24614),(63,32187),(69,13856),(70,17358),(71,12220),(72,10799),(76,35636),(77,7807),(78,30816),(80,10922),(82,26697),(83,27526),(88,33880),(91,10685),(92,7066)]	125.588212
851	[(1,19486),(4,5687),(6,22330),(9,35574),(10,8640),(15,21560),(17,26240),(18,9178),(21,30023),(22,29752),(23,29407),(26,11199),(28,22896),(29,9655),(31,26086),(34,24035),(35,18102),(39,33863),(41,11111),(43,14682),(44,25338),(45,23528),(49,24626),(51,20849),(52,22196),(53,15798),(54,23482),(55,25030),(57,5708),(59,24076),(61,11947),(62,8627),(64,14368),(67,28043),(68,35363),(69,797),(70,17936),(71,29969),(72,5390),(74,6474),(75,3973),(77,13837),(79,10233),(80,7893),(81,34063),(82,15521),(84,12218),(86,29137),(89,388),(91,38468)]	129.135290
852	[(1,25080),(2,11315),(3,19671),(4,24174),(5,26016),(7,2511),(8,21402),(11,31245),(14,37928),(16,22254),(18,26820),(20,20681),(21,18192),(22,31959),(24,5994),(26,35625),(27,12101),(31,32228),(32,20720),(35,20994),(36,21919),(37,20702),(38,401),(40,18805),(41,8393),(43,18531),(44,5183),(45,15097),(47,32117),(49,30431),(51,6425),(53,4567),(55,2182),(56,23611),(58,8793),(60,18471),(61,34022),(63,26257),(64,29141),(65,11784),(66,33186),(67,20471),(69,26792),(70,26667),(72,14965),(74,9897),(76,27932),(77,36518),(78,11772),(79,2580),(84,21470),(85,34254),(86,25207),(87,9858),(88,25307),(89,19343),(90,8276),(91,7319),(92,27350)]	125.624040
853	[(0,34152),(1,10685),(5,18273),(10,5143),(12,37859),(14,22024),(15,15106),(16,37996),(17,29548),(18,8570),(19,3108),(21,11063),(23,20541),(24,8341),(26,5947),(27,11657),(28,13439),(29,32221),(30,26290),(32,33811),(33,561),(36,17350),(38,16896),(40,11504),(42,16543),(44,36437),(47,20599),(48,23428),(49,35119),(50,2692),(51,34003),(52,9179),(53,38688),(54,38325),(55,5672),(56,23273),(57,19538),(59,3607),(60,17448),(61,16172),(66,23794),(67,21191),(68,35007),(71,9282),(73,2530),(74,25034),(75,9198),(76,613),(78,20737),(82,2717),(83,5420),(84,32676),(85,8073),(86,26025),(87,2439),(88,7745),(90,17686),(91,14747)]	125.756147
854	[(0,23563),(1,22717),(4,32974),(6,18555),(7,19922),(8,21341),(10,26963),(11,26585),(13,9610),(16,17534),(17,39134),(18,36426),(21,24301),(23,31393),(24,7489),(28,17495),(29,32400),(30,25051),(31,25689),(35,10964),(36,2838),(37,30254),(38,7782),(39,34972),(44,25389),(45,30484),(46,35540),(47,2776),(48,29588),(49,37485),(50,13248),(51,7310),(53,19274),(55,35343),(57,1314),(58,17032),(59,6316),(61,36180),(64,28999),(65,12036),(66,1063),(68,26682),(70,30049),(71,34510),(72,28017),(73,6703),(75,10250),(77,23432),(78,12940),(79,10309),(80,25295),(81,25751),(83,26042),(84,21472),(86,33897),(89,11622),(90,25308),(92,30265)]	159.451951
855	[(0,19513),(2,25766),(4,28537),(5,6201),(6,22034),(8,33315),(9,4808),(10,3554),(11,4982),(12,29180),(13,39168),(14,4902),(15,24133),(16,36540),(17,36685),(22,32956),(24,17245),(25,4560),(27,12458),(28,3219),(31,28779),(32,38866),(33,9366),(34,31933),(35,19077),(37,9472),(38,4773),(39,6869),(40,29879),(42,2921),(43,5303),(45,24762),(48,31830),(50,32828),(51,38756),(52,1293),(53,20485),(54,23305),(56,22947),(58,15691),(59,38271),(60,459),(61,5885),(62,32285),(63,12282),(65,7742),(66,27882),(67,11750),(68,22508),(69,34535),(74,5131),(76,23099),(77,34530),(79,26945),(80,23150),(81,24874),(82,24466),(84,38223),(85,12891),(86,10087),(89,28137),(90,8461),(92,5129)]	127.597985
856	[(0,6749),(1,16508),(2,15040),(5,33770),(6,38114),(7,39207),(9,29138),(10,30861),(11,14333),(12,8538),(13,6416),(15,7604),(17,4539),(18,36398),(20,30536),(22,20130),(27,16681),(28,11552),(29,37517),(31,28631),(33,20363),(37,13342),(39,13001),(40,24606),(41,26271),(43,25228),(44,4732),(45,27663),(46,4852),(47,30806),(48,2606),(50,12152),(55,5061),(56,37968),(59,22857),(60,7895),(61,4018),(62,37441),(63,34351),(64,9910),(65,3626),(66,28460),(68,21160),(70,38146),(71,38420),(72,36448),(73,5695),(74,29853),(75,4867),(76,1909),(77,12156),(78,28901),(81,679),(88,28490),(89,39182),(90,9001)]	131.785831
857	[(3,9130),(4,24391),(6,19918),(7,14185),(9,18095),(11,15623),(17,20850),(18,24103),(19,33997),(22,356),(24,16628),(25,37222),(27,38156),(29,23972),(32,7119),(33,26513),(34,25296),(35,22228),(37,22206),(38,9399),(39,6309),(40,28236),(41,30746),(42,10387),(43,31696),(45,36536),(46,25514),(49,24052),(50,24596),(51,18987),(52,29035),(55,10041),(56,38988),(58,31365),(59,29921),(61,20801),(62,2062),(64,10546),(66,12869),(68,11759),(69,16759),(70,18886),(76,11654),(77,11403),(79,5905),(82,30499),(85,38875),(86,14189),(88,2160),(89,8791),(90,38593),(91,12599),(92,31658)]	124.342872
858	[(0,13873),(1,33421),(3,8822),(6,28065),(7,10942),(8,10526),(9,10102),(11,4217),(15,13183),(20,21157),(21,23654),(22,32343),(23,21100),(24,7964),(27,8983),(29,12646),(31,14430),(32,18320),(33,33584),(34,22137),(35,37178),(36,5857),(37,35071),(38,32867),(40,35222),(41,3399),(42,30126),(43,1799),(44,31729),(47,8982),(48,16713),(51,38312),(56,19931),(61,22647),(62,14979),(63,3823),(64,29182),(65,33668),(66,33133),(67,20586),(69,14462),(70,12783),(71,33831),(73,33239),(75,29099),(76,2786),(78,9278),(79,1578),(82,7864),(83,27067),(84,6541),(87,20187),(88,15612),(90,13075),(91,7137),(92,18455)]	129.962560
859	[(0,27084),(1,35555),(2,18501),(3,14676),(5,34341),(6,11584),(9,26761),(11,24224),(18,25462),(20,2609),(22,19394),(23,12926),(24,9963),(25,7973),(26,1610),(27,38623),(28,21422),(29,34230),(31,20021),(32,29747),(36,17536),(37,18857),(38,11290),(39,28367),(40,15791),(41,13829),(46,15606),(49,17015),(52,28893),(54,1043),(56,17728),(57,28811),(59,29283),(60,174),(63,16573),(65,2415),(66,1907),(68,32637),(69,30614),(70,15375),(74,16409),(76,37258),(77,2886),(78,1139),(79,7821),(81,27649),(82,9834),(83,28284),(85,8963),(87,21275),(89,1914),(90,12085),(92,35182)]	119.476996
860	[(0,27919),(1,33064),(2,4975),(4,14997),(6,29791),(8,10335),(12,29478),(15,21603),(16,6310),(18,36387),(19,22973),(20,123),(24,27443),(25,29529),(31,29061),(34,10827),(36,5175),(39,8222),(40,34583),(41,30075),(42,37066),(46,26468),(48,15117),(49,5474),(50,3855),(52,10160),(53,28066),(56,39001),(57,29452),(58,6278),(60,14262),(62,6906),(64,15883),(65,9616),(66,13849),(67,24956),(68,25346),(69,30924),(71,30280),(73,27248),(74,39111),(75,22720),(77,36516),(78,4524),(79,28718),(80,11925),(81,15360),(83,2754),(84,12296),(85,21420),(86,12075),(87,32802),(88,8577),(90,22820)]	122.972814
861	[(0,8578),(3,29921),(4,13533),(5,11021),(8,13638),(11,2159),(13,29998),(14,28364),(16,32955),(17,32232),(18,24087),(20,25369),(22,21360),(23,640),(24,20898),(25,31087),(26,1752),(27,3357),(30,36261),(33,3948),(34,38787),(35,4702),(37,31068),(39,21984),(42,24267),(43,22973),(44,36894),(45,22212),(46,139),(47,16127),(51,36418),(52,30185),(54,3563),(55,31770),(57,21832),(59,36073),(61,14349),(62,6497),(64,27946),(65,1086),(66,18589),(67,15825),(72,36054),(73,14997),(75,31448),(76,28092),(77,18054),(78,24876),(79,14183),(81,27693),(83,38448),(84,12244),(85,37933),(86,29559),(87,2579),(88,38515),(89,2976)]	128.088871
862	[(0,20441),(8,17510),(11,34038),(14,9388),(15,25403),(16,35950),(17,34637),(18,28644),(20,29023),(21,6412),(24,14626),(25,19720),(26,27204),(28,27040),(30,37915),(31,35783),(32,22774),(33,3762),(34,13328),(35,26027),(38,38319),(39,2626),(40,9558),(42,14244),(43,14037),(46,36539),(47,33790),(50,13249),(51,25643),(52,6386),(55,32070),(56,32568),(57,32896),(58,26796),(60,19252),(62,13208),(63,34345),(66,30971),(68,13752),(70,33840),(72,34052),(73,17437),(75,26119),(78,673),(79,14596),(81,28338),(83,7797),(84,22661),(85,30202),(87,27200)]	157.844881
863	[(3,35094),(4,35996),(6,19978),(8,6943),(10,19634),(14,35963),(18,21028),(19,6350),(20,38490),(21,3694),(22,38454),(25,13501),(28,23895),(29,25748),(30,265),(31,15247),(32,4577),(34,35856),(36,6369),(37,1959),(38,29781),(40,9285),(41,14623),(42,4581),(45,29828),(47,21466),(53,8525),(54,19721),(55,8753),(57,15832),(58,21046),(60,34582),(63,3521),(66,29269),(69,6995),(70,10751),(74,21058),(75,22113),(76,1774),(78,4002),(80,6573),(81,10746),(82,15606),(83,26499),(85,15463),(87,11002),(88,21875),(89,14711),(90,24530),(91,35537),(92,2021)]	128.587247
864	[(0,5764),(1,6343),(2,29321),(3,12742),(4,11189),(7,33470),(8,18256),(9,9343),(10,32425),(11,16507),(14,4382),(18,10541),(20,19338),(21,5702),(24,1297),(25,30573),(27,10620),(28,22942),(30,32385),(31,25280),(33,34925),(34,29079),(35,16765),(39,32672),(46,33110),(48,31034),(49,22444),(50,15326),(52,11380),(54,29030),(56,35409),(57,36292),(59,7893),(60,34063),(64,32026),(65,22308),(66,31324),(68,38647),(69,16535),(71,20505),(72,12844),(74,18566),(75,22657),(76,19416),(79,26209),(80,4943),(81,30480),(83,17202),(86,24148),(87,12909),(88,2628),(90,39062),(91,13787),(92,6744)]	133.002163
865	[(0,28215),(3,22161),(4,30031),(6,28772),(9,1187),(12,32594),(13,8506),(14,4835),(15,3306),(16,16356),(17,32725),(18,30206),(19,18549),(20,29958),(21,25717),(22,5250),(23,13429),(24,29849),(27,4595),(28,30078),(30,14375),(31,26279),(35,5400),(36,31409),(38,9037),(39,6431),(41,21308),(42,38776),(44,29980),(45,29129),(46,33631),(47,9490),(48,3924),(49,5226),(50,9340),(53,34141),(56,17352),(59,29961),(61,27634),(63,7501),(65,28303),(66,27107),(67,15409),(69,26988),(73,24044),(75,11290),(76,31676),(80,11470),(82,28317),(83,20032),(84,20714),(85,36608),(86,27374),(87,25410),(88,8135),(91,16868),(92,26412)]	122.279621
866	[(0,30715),(1,22455),(2,5038),(4,28286),(5,16338),(8,1979),(10,12761),(13,25952),(16,20411),(17,13339),(18,32059),(22,30940),(23,33264),(24,30092),(26,35201),(27,24737),(29,27045),(31,18771),(32,3345),(33,11390),(35,4999),(36,21891),(37,24587),(38,38645),(40,34188),(41,19227),(44,38429),(45,13807),(50,423),(51,3399),(54,14787),(55,11421),(56,15276),(58,4371),(60,38500),(61,20606),(64,20941),(65,25763),(67,34932),(69,29198),(70,28260),(71,25162),(73,15234),(79,32248),(83,33082),(84,9516),(85,34973),(86,7780),(88,34141),(90,38090),(91,2930),(92,37724)]	135.384394
867	[(2,10222),(3,7125),(4,23613),(5,37468),(6,6513),(8,18738),(9,36333),(10,24166),(11,33916),(12,1390),(15,25573),(16,20985),(17,5669),(19,14008),(20,37125),(21,1928),(23,24779),(25,31568),(26,26010),(27,5846),(28,14862),(29,26233),(30,27298),(31,2464),(32,21189),(33,24889),(34,21567),(35,27684),(37,9514),(38,4707),(39,23397),(41,26541),(43,10869),(44,26985),(45,14734),(46,31724),(48,36260),(49,17066),(52,13968),(53,2036),(54,4941),(55,37781),(57,13462),(59,27681),(60,11130),(61,38255),(62,33033),(67,5906),(68,10586),(69,27847),(72,19798),(75,4307),(76,885),(78,5317),(83,37714),(87,7224),(89,27974)]	121.276831
868	[(1,33765),(2,19597),(3,38935),(4,36476),(6,13790),(7,3576),(8,15963),(9,14608),(10,5162),(12,18310),(13,30301),(15,7768),(16,31712),(20,25837),(21,26712),(22,33892),(23,31884),(25,14032),(27,13760),(31,24597),(35,25919),(36,1827),(39,8540),(40,101),(44,33626),(45,37967),(46,31620),(47,459),(48,5885),(51,29840),(52,2255),(53,12371),(54,14168),(56,9832),(58,24378),(59,34742),(61,31817),(64,559),(65,39023),(66,37252),(70,34404),(72,3019),(73,23181),(74,17067),(75,2854),(76,37455),(78,3491),(79,28853),(80,33143),(82,35541),(84,9251),(87,908),(89,35651),(90,12568),(91,18046)]	124.747154
869	[(3,34610),(5,38809),(6,37522),(7,3494),(9,35502),(10,35685),(14,25688),(15,20569),(17,6852),(18,28552),(19,4081),(22,4824),(23,26884),(24,36995),(28,20400),(30,4007),(32,27383),(39,24428),(41,27677),(42,26539),(43,16212),(46,34901),(47,32681),(48,18637),(49,1931),(51,37710),(53,22564),(54,346),(55,3930),(57,11572),(58,23661),(59,22445),(60,7564),(61,26527),(62,674),(63,36272),(64,15568),(65,15947),(66,35552),(67,22613),(68,23675),(69,9625),(72,14004),(73,2701),(75,18410),(76,4903),(77,30402),(78,13400),(80,25220),(81,2781),(82,2665),(83,32765),(85,5351),(86,22528),(87,9798),(91,9217),(92,7448)]	143.919202
870	[(3,10477),(5,18423),(7,11671),(8,7071),(9,31575),(10,8305),(12,5799),(13,7096),(14,38455),(15,27510),(17,28422),(18,16290),(19,35272),(20,27832),(21,21380),(24,10513),(25,8411),(31,37343),(32,17562),(35,32298),(36,7399),(37,16032),(40,3456),(41,30877),(42,29675),(48,15962),(50,4199),(52,36266),(55,26406),(56,10464),(57,25525),(59,38024),(60,22971),(61,36637),(64,20705),(68,10481),(69,22402),(70,15498),(71,2016),(73,12932),(74,25265),(75,12808),(78,8321),(79,25732),(80,27576),(81,6820),(83,861),(85,1742),(86,36104),(88,24044),(91,29016)]	136.426482
871	[(0,6981),(1,14413),(3,30253),(5,9728),(6,17458),(7,24779),(9,25934),(10,15979),(13,32610),(14,14875),(15,87),(17,3821),(18,10355),(19,10939),(20,4567),(21,11790),(22,1566),(28,16946),(33,2846),(36,21775),(37,27194),(38,5816),(40,21303),(41,9970),(43,18692),(44,1203),(45,35856),(46,26471),(47,28928),(49,31582),(50,4263),(51,18370),(56,21779),(57,22335),(61,21077),(62,18124),(63,10239),(64,25433),(68,32321),(69,26375),(70,344),(71,14397),(74,15523),(76,38677),(78,36655),(79,27236),(82,24698),(85,9779),(86,37610),(87,22815),(89,25150),(90,8209),(91,6745)]	122.929678
872	[(2,21082),(3,2698),(4,12156),(5,28901),(6,20526),(7,13876),(8,27890),(9,25112),(11,10566),(12,2725),(13,14763),(14,29692),(15,20905),(17,35294),(19,30787),(20,911),(21,25771),(22,33188),(23,32966),(24,25354),(25,1267),(26,2414),(28,7592),(29,14029),(30,5792),(32,32926),(33,4780),(34,1402),(35,9916),(36,4043),(37,35059),(38,39047),(39,20768),(42,20246),(45,22328),(47,4633),(48,11359),(50,14052),(53,7332),(56,21262),(57,19764),(60,17588),(61,9165),(64,14057),(65,24064),(68,31770),(70,6478),(75,8271),(76,18273),(77,17257),(78,22831),(79,18400),(81,31552),(82,281),(83,18338),(85,15048),(87,22583),(88,38608)]	124.965231
873	[(0,22892),(1,1587),(3,11886),(4,9244),(7,22852),(9,3214),(12,36017),(13,32697),(14,21821),(15,704),(17,24709),(18,31427),(19,1593),(20,5948),(24,24546),(25,17532),(26,210),(27,35591),(28,4893),(31,14370),(32,30612),(33,21216),(34,21672),(36,12857),(37,12321),(39,8900),(43,37952),(46,28954),(47,14355),(48,9255),(49,20900),(50,28700),(55,11900),(58,36084),(61,11),(63,5374),(64,26487),(65,4136),(66,8110),(67,6069),(69,23317),(71,36065),(74,6930),(75,12702),(77,19509),(78,34414),(79,8395),(80,18218),(85,17516),(86,29279),(88,14773),(90,9972),(91,17321),(92,12503)]	129.689870
874	[(2,9352),(3,21811),(4,27016),(6,38062),(7,8221),(8,17143),(9,20968),(10,38738),(11,14655),(13,36628),(15,16073),(16,36598),(17,7320),(19,22402),(20,10529),(21,36821),(22,36315),(26,32247),(27,8591),(29,34497),(30,12491),(31,12119),(32,21966),(34,12942),(35,7073),(37,12053),(38,29042),(39,14738),(41,29077),(42,35538),(43,4306),(45,4964),(50,30285),(52,5323),(56,22555),(57,23227),(60,10602),(61,15359),(62,8901),(63,5246),(64,32280),(65,28394),(67,6104),(68,3328),(70,15913),(72,3810),(75,11654),(76,11403),(77,10627),(80,28317),(81,25589),(85,36126),(87,8200),(88,30175),(91,4735),(92,20450)]	131.574782
875	[(0,29184),(1,29126),(4,35871),(6,22463),(7,6035),(8,19874),(9,4348),(10,10546),(12,8320),(15,38136),(16,37558),(17,23270),(18,18619),(19,15968),(20,17065),(24,17869),(25,35331),(26,22359),(31,19271),(32,28712),(33,21464),(35,17903),(36,4947),(38,5671),(39,27455),(40,4307),(43,6312),(46,9244),(47,35517),(48,5787),(49,20283),(50,34392),(52,23496),(54,18017),(55,24779),(57,25934),(58,15979),(62,25349),(63,12715),(65,23370),(68,3575),(70,15190),(71,25005),(74,27987),(75,22685),(77,38061),(78,32353),(79,20440),(80,5368),(81,25296),(83,26124),(87,2236),(92,22441)]	126.403192
876	[(0,19452),(1,20813),(2,38653),(3,3144),(7,31587),(9,23049),(10,2784),(13,3792),(14,13092),(17,19326),(18,2840),(19,23275),(20,12575),(21,21138),(23,27727),(25,28227),(26,1813),(27,31786),(28,31919),(30,16363),(31,9840),(32,37694),(33,24506),(34,34980),(36,21889),(37,20778),(38,8876),(40,32956),(45,23094),(47,16625),(48,21948),(50,11980),(53,25449),(54,11358),(55,5342),(60,9369),(61,18089),(63,35711),(65,38334),(66,25924),(67,28805),(68,37334),(69,13144),(72,20983),(74,1908),(76,28715),(77,22786),(78,8697),(80,27231),(81,16798),(83,9298),(84,29268),(85,9132),(86,7541),(87,2663),(89,23194),(90,29686),(92,28094)]	139.521786
877	[(1,32059),(2,36045),(4,13144),(6,22830),(7,8994),(8,1812),(9,24288),(13,7142),(14,6924),(15,1023),(16,37403),(17,96),(18,4062),(20,32043),(21,27235),(24,23097),(25,10010),(26,4919),(28,27323),(29,17950),(30,7809),(32,31657),(33,7110),(35,21480),(37,1434),(38,30639),(39,32692),(42,32845),(43,7265),(45,34270),(47,9905),(50,6762),(52,2276),(53,23413),(54,37433),(55,33871),(56,15953),(58,24814),(59,2046),(60,37534),(61,33700),(62,12573),(63,13771),(64,4049),(70,5465),(71,24134),(73,23978),(74,5979),(76,7027),(77,6112),(78,23290),(79,13140),(80,3530),(83,23245),(84,19201),(85,18920),(87,7908),(89,33156),(90,37121)]	183.365068
878	[(1,15228),(2,28496),(3,38728),(4,11303),(8,1936),(10,20428),(11,10090),(13,13484),(14,24626),(15,22985),(17,22856),(18,4632),(20,17704),(23,29839),(25,34231),(26,5675),(29,21494),(30,14508),(31,27837),(32,12378),(33,171),(34,25561),(38,9643),(41,37350),(42,16483),(43,11772),(44,2580),(48,14314),(49,38758),(50,15345),(52,13875),(53,17384),(55,39083),(56,23977),(58,12360),(59,37260),(60,19042),(61,14325),(63,37347),(64,33888),(67,35242),(69,25993),(70,20692),(72,19288),(73,12717),(77,5172),(78,34288),(79,17159),(82,19210),(83,15883),(84,27048),(85,12880),(86,19889),(87,33101),(89,16783),(90,38663),(91,24615),(92,13228)]	136.200199
879	[(0,2551),(1,17864),(2,398),(4,14022),(6,24715),(7,22496),(8,34856),(10,3542),(11,21303),(13,13900),(18,17424),(19,13149),(21,660),(23,10508),(24,32644),(25,36737),(27,14947),(28,26206),(31,7047),(33,2293),(35,13794),(40,9936),(41,31225),(42,1147),(44,34496),(45,2379),(47,3583),(49,7394),(50,919),(53,279),(55,9028),(58,22394),(59,16328),(60,10656),(70,8702),(71,11853),(72,36287),(73,28094),(74,26160),(76,38713),(77,26548),(79,11798),(81,6298),(82,31852),(83,11951),(84,26921),(85,37023),(86,9676),(87,17495),(88,31529),(89,23571),(91,6005),(92,31557)]	129.451990
880	[(3,2177),(4,3191),(5,37344),(8,26178),(13,18956),(14,25541),(15,22993),(17,3020),(19,34558),(20,23554),(21,32004),(22,333),(24,1847),(25,2842),(29,20528),(31,55),(33,22818),(37,22838),(39,4690),(40,18743),(41,3616),(43,4662),(44,33170),(45,10162),(46,20158),(47,8580),(49,8204),(50,33775),(51,31140),(53,39117),(54,14634),(56,29295),(57,28669),(58,20351),(61,29066),(62,22033),(64,37349),(65,8289),(66,14310),(68,8315),(69,38646),(70,15419),(71,16005),(72,15247),(73,22533),(74,34996),(75,31079),(76,36114),(77,15883),(78,28905),(79,6392),(80,13735),(81,11598),(84,11296),(85,20358),(86,30152),(88,8834),(90,25454),(91,25742),(92,18218)]	126.536796
881	[(0,4292),(1,34735),(3,9231),(4,6642),(5,3194),(6,23236),(10,13193),(11,27694),(12,18708),(13,2054),(15,286),(16,16363),(17,9840),(20,27222),(21,16351),(22,2143),(23,23174),(24,35706),(25,17692),(27,24861),(28,39181),(29,13173),(30,38124),(32,4802),(34,32332),(35,29856),(36,924),(37,36321),(38,29091),(40,36869),(41,15778),(42,36973),(45,30939),(46,35900),(47,38393),(48,21727),(49,6919),(50,20783),(51,21714),(52,8427),(54,35304),(57,37724),(58,13714),(59,14512),(61,10866),(62,28268),(63,31011),(64,23524),(65,11866),(66,3169),(68,2933),(69,10644),(70,29206),(72,5284),(73,31023),(74,5499),(75,15788),(77,18050),(80,25026),(81,14432),(84,35785),(87,6166),(89,37543),(90,35057),(92,25805)]	127.049787
882	[(0,5676),(1,17256),(2,20627),(3,25577),(4,18430),(5,15444),(6,1951),(8,37108),(11,22336),(12,19161),(14,15250),(15,26294),(16,200),(20,1700),(22,37832),(23,19745),(26,26501),(27,16637),(28,32438),(29,25009),(32,11754),(33,9153),(34,26418),(37,11622),(38,25308),(45,8139),(46,24251),(50,8523),(53,29772),(55,15763),(56,32877),(57,24138),(58,31557),(59,6994),(61,4084),(62,1549),(69,31077),(70,13960),(72,22187),(74,30937),(76,34199),(78,32778),(79,18316),(80,31843),(83,18449),(84,13050),(85,32793),(86,27102),(89,35295),(91,28147),(92,31480)]	131.723907
883	[(0,15313),(2,20513),(4,38277),(5,7869),(6,218),(7,18634),(8,28907),(9,34257),(10,24119),(11,23145),(12,2230),(15,29551),(20,34603),(22,19144),(23,4820),(25,28504),(27,20327),(30,35446),(32,32388),(33,7727),(35,11063),(36,6606),(40,32271),(42,10221),(43,22614),(44,15447),(46,36209),(47,19677),(49,21802),(50,17370),(53,14943),(54,21159),(56,35685),(60,15317),(61,28528),(63,864),(65,19699),(66,29673),(67,5603),(68,2266),(69,14694),(72,21217),(73,25446),(74,24728),(76,15152),(77,14635),(78,10404),(81,27204),(82,26776),(88,26333),(89,17194),(90,30077),(92,10599)]	129.371250
884	[(1,31638),(2,9744),(3,12616),(4,20222),(6,2197),(9,4466),(10,32327),(12,38208),(13,22439),(15,30549),(17,28786),(18,8593),(19,28995),(20,6419),(21,25703),(22,27448),(24,35444),(25,14095),(27,4546),(28,22449),(29,25059),(31,21675),(33,21886),(35,20105),(38,30751),(39,32962),(40,26480),(41,36727),(42,9553),(43,30986),(44,29903),(45,24688),(50,7995),(53,3192),(54,2199),(56,28063),(60,23826),(62,22970),(63,26895),(65,35090),(66,10492),(67,10337),(70,3400),(73,35215),(74,29306),(75,14786),(76,28087),(78,14694),(79,19629),(80,4479),(81,37098),(82,38442),(83,15787),(87,26334),(88,32553),(89,9227),(91,16226)]	144.964732
885	[(0,516),(2,11379),(3,5604),(5,37412),(6,9470),(7,38497),(8,30479),(9,370),(11,26021),(13,19840),(14,38954),(15,25751),(16,9487),(17,37124),(18,8236),(19,13202),(20,18540),(21,27603),(25,32424),(26,27079),(29,4466),(31,34585),(35,19340),(36,25182),(37,35671),(38,11482),(39,13946),(40,38649),(41,972),(42,34329),(44,19298),(45,23241),(46,5075),(47,17134),(48,22970),(49,11884),(52,28053),(53,2000),(54,30872),(55,7746),(57,31677),(58,26059),(59,32273),(60,20846),(62,19495),(63,20691),(64,25156),(65,3065),(66,23855),(67,32381),(68,11015),(70,16370),(71,34167),(72,9115),(74,1883),(76,5787),(77,20283),(78,18533),(79,19455),(80,33978),(81,26155),(86,30415),(88,34230),(90,27181)]	244.322600
886	[(0,21144),(5,12675),(6,36846),(9,23798),(12,12865),(13,16476),(14,10759),(15,33019),(16,11254),(17,33363),(18,4520),(20,35880),(21,31462),(25,22585),(28,17445),(30,32736),(32,16913),(33,23571),(34,37628),(35,7040),(36,2541),(37,21137),(40,8318),(42,12586),(44,9405),(46,14321),(49,17233),(50,14471),(52,11302),(54,9008),(57,35074),(59,37155),(60,11953),(61,4179),(63,27765),(64,31392),(66,1058),(67,13754),(68,8906),(70,36095),(71,36827),(73,36121),(74,6992),(75,7821),(76,25562),(78,37292),(79,109),(80,29819),(81,21359),(82,25774),(83,15974),(84,39056),(85,1986),(86,644),(88,14410),(89,33038),(91,6951),(92,36077)]	278.012551
887	[(2,17576),(5,11742),(6,28069),(8,16156),(11,6021),(13,14494),(14,24529),(15,34984),(16,37382),(19,22339),(22,25302),(24,12848),(25,9018),(26,7577),(33,33824),(34,29011),(35,6580),(36,19478),(37,11263),(38,28970),(39,32024),(41,14243),(42,19426),(44,12365),(47,1950),(48,6845),(49,5603),(50,2076),(51,20652),(52,27361),(53,32397),(54,17003),(55,15240),(59,6109),(60,34841),(61,19361),(63,33841),(64,23920),(66,14630),(67,15767),(69,9022),(70,16143),(71,26559),(72,11283),(73,33744),(77,31775),(78,2199),(79,37667),(81,30278),(82,34443),(84,14587),(87,31796),(89,785),(91,9528),(92,3707)]	268.418383
888	[(1,39044),(3,3352),(4,36958),(6,5102),(9,21900),(10,19621),(11,37629),(12,37869),(13,30233),(15,25262),(16,38935),(18,21129),(19,29373),(22,20239),(25,5348),(26,38520),(27,17179),(28,32651),(29,4998),(30,1881),(31,24122),(32,31135),(33,5614),(35,3518),(36,22468),(39,26221),(40,29578),(41,8992),(42,23629),(44,35839),(45,13095),(46,5598),(47,13266),(51,13152),(52,14377),(55,21315),(56,26106),(57,8800),(58,30597),(59,4832),(60,6624),(64,32080),(65,33905),(66,877),(67,17437),(72,32016),(73,2228),(75,18781),(76,27167),(77,14983),(81,14727),(82,8226),(84,2300),(85,36064),(86,2419),(87,18039),(88,1785),(92,30114)]	255.795995
889	[(0,23362),(1,2216),(2,17359),(4,36335),(8,19601),(10,23762),(14,7624),(15,26321),(16,8043),(17,10742),(18,20246),(19,12350),(20,23523),(21,31714),(22,17555),(24,37762),(25,17792),(26,20251),(28,24531),(30,17750),(31,1620),(32,33450),(33,5977),(34,5068),(35,33330),(36,31227),(39,1681),(40,20126),(41,12561),(42,16245),(44,33093),(46,2123),(48,8886),(54,21630),(56,35566),(60,36027),(61,29094),(62,25443),(68,8965),(69,38249),(70,35728),(71,24335),(72,22809),(73,34476),(74,29638),(75,14966),(76,8598),(78,38364),(82,7026),(83,17320),(86,25995),(87,586),(91,8484),(92,26118)]	262.085110
890	[(0,30403),(1,38578),(2,13953),(3,19972),(4,20359),(5,3880),(7,33469),(8,31596),(12,32321),(13,37188),(16,19015),(18,7715),(19,26871),(20,32236),(21,16141),(22,30277),(23,20373),(25,29508),(29,25979),(30,35276),(31,17361),(32,20088),(34,16632),(35,8157),(36,7999),(40,3134),(41,14734),(42,3062),(43,36485),(44,30664),(47,8326),(48,29438),(50,25726),(52,37242),(53,9553),(54,30986),(55,29903),(59,39098),(60,5982),(61,19001),(62,32771),(63,35313),(64,4073),(66,12957),(67,8488),(71,5870),(72,21164),(73,20251),(75,7956),(77,16590),(78,30673),(80,11300),(82,9397),(83,37099),(84,19123),(85,20304),(86,10518),(88,4506),(89,38568),(90,27235),(91,37232)]	271.510080
891	[(0,27593),(2,20652),(7,10728),(8,22687),(9,11748),(10,32170),(11,33139),(12,2134),(16,41),(18,5039),(20,8108),(22,20344),(23,6749),(24,8746),(26,23309),(27,28582),(29,252),(30,28617),(31,3267),(32,13421),(33,37224),(34,38080),(37,8111),(38,8360),(40,477),(43,20182),(44,34892),(45,12753),(46,25963),(47,13768),(48,38217),(49,14603),(50,21204),(51,9381),(52,32875),(53,4299),(54,28453),(55,30334),(57,6626),(58,38760),(59,38997),(60,8920),(61,11919),(63,2154),(64,38363),(66,5133),(67,15199),(68,32939),(69,19252),(70,28426),(72,11623),(75,15045),(76,36847),(77,34179),(78,28485),(81,34433),(84,33146),(87,18308),(88,6493),(89,7735),(91,9816)]	261.124281
892	[(0,4932),(2,552),(5,3668),(7,32809),(12,35553),(13,38104),(14,8107),(16,15443),(17,30910),(19,24843),(23,4121),(24,11082),(25,6748),(26,29385),(27,31424),(30,35385),(31,39203),(32,38955),(33,31571),(36,28230),(37,25906),(39,26697),(42,29811),(44,6893),(47,15203),(48,15761),(49,39120),(53,24551),(57,31783),(58,31906),(59,28589),(60,20669),(62,13517),(63,17094),(65,18997),(67,6890),(72,38510),(74,10961),(75,6777),(77,29490),(78,11128),(79,37160),(80,7595),(81,8981),(82,11840),(88,16620),(89,29505),(90,35235),(91,16947)]	300.593535
893	[(0,32084),(1,9377),(9,25681),(10,23786),(11,16804),(12,4697),(13,10010),(14,4919),(17,30675),(18,26276),(19,38338),(20,22477),(23,36086),(24,25634),(25,21581),(26,28931),(27,11005),(28,10802),(29,35402),(30,2017),(31,15487),(32,28379),(34,27301),(35,21722),(36,7582),(38,953),(39,11025),(40,33061),(42,32298),(43,25355),(45,38234),(48,8395),(49,34831),(50,11408),(51,8367),(52,18334),(53,19474),(54,1050),(55,24651),(56,8681),(57,22493),(58,25044),(59,11239),(62,17537),(63,38046),(64,4929),(69,11165),(71,7388),(73,1350),(74,8036),(79,10355),(80,38472),(81,36718),(83,5279),(84,17098),(85,28399),(86,4310),(87,27948),(91,947),(92,38603)]	292.744254
894	[(1,24913),(2,26018),(3,17862),(6,39121),(8,16141),(10,11670),(11,28074),(12,28110),(13,35886),(17,22868),(18,2198),(19,3301),(20,34656),(21,39121),(24,28204),(26,34030),(32,2059),(33,7924),(34,34783),(35,31612),(37,30410),(41,3985),(42,4554),(43,38546),(44,27662),(47,36112),(48,9195),(52,29308),(54,10357),(55,10009),(58,19465),(59,10299),(61,22289),(63,21101),(65,32757),(66,28884),(67,34246),(69,26841),(70,11114),(71,999),(72,6629),(74,4793),(76,20888),(77,23228),(78,20757),(79,15835),(85,5774),(86,7318),(87,8680),(90,34964),(92,14803)]	274.875469
895	[(0,23360),(3,12100),(5,11480),(6,33572),(9,24036),(10,18965),(11,17189),(14,17929),(15,5220),(21,30708),(22,289),(23,39155),(24,17861),(26,29695),(27,37425),(28,24538),(29,9240),(30,3750),(31,5539),(33,26054),(35,22050),(36,20294),(37,4944),(38,10155),(41,1138),(42,837),(44,36347),(48,18921),(49,21095),(50,12470),(52,34945),(54,13862),(55,12133),(56,28845),(58,6057),(59,977),(61,35856),(62,31519),(66,18333),(68,38199),(69,34024),(70,6128),(71,27845),(75,13233),(78,28395),(79,25185),(80,38895),(82,7955),(88,11377),(90,38269),(92,34553)]	290.140260
896	[(0,10517),(2,5132),(4,3968),(5,7253),(9,3570),(10,22504),(11,8504),(12,25635),(15,14889),(16,32640),(17,29684),(18,29915),(20,10033),(22,7185),(23,10092),(25,21807),(26,9256),(27,34008),(30,30958),(31,36389),(33,30809),(34,37775),(37,32267),(38,5278),(39,11020),(41,25244),(42,30745),(43,25693),(44,5540),(46,21758),(47,18393),(48,30816),(49,11864),(51,5666),(55,14281),(56,31094),(57,11179),(60,27308),(61,38957),(63,35262),(64,9833),(65,955),(67,1292),(70,18556),(71,13774),(72,4033),(73,14039),(74,34868),(77,16473),(78,1143),(80,30271),(83,14764),(84,19973),(85,35365),(86,15990),(87,7298),(90,7983),(91,23804),(92,35545)]	285.554656
897	[(0,34660),(2,15590),(3,32655),(4,11147),(10,26201),(12,19231),(14,34010),(15,15734),(16,33461),(17,1026),(20,18112),(21,32685),(22,32858),(23,34812),(24,28397),(26,10579),(27,13349),(28,38859),(30,38641),(31,26563),(32,22519),(34,36565),(36,19525),(37,5451),(39,20969),(40,21992),(43,9540),(44,6873),(45,39067),(46,523),(49,26697),(54,7128),(57,19513),(59,25766),(67,2025),(69,13649),(71,35883),(73,5223),(74,21628),(75,36155),(76,29699),(77,31233),(78,17890),(79,18877),(82,37059),(84,28267),(85,27656),(86,24498),(88,23279),(89,3672),(90,32524),(91,2808),(92,10414)]	284.819067
898	[(0,36089),(1,25487),(2,32012),(3,8643),(7,2629),(9,37964),(11,2717),(18,15763),(19,32877),(21,27494),(23,4353),(25,16520),(26,35141),(27,4357),(28,18535),(29,29958),(34,28307),(35,2360),(36,3904),(39,8197),(40,25753),(41,25957),(42,1105),(43,28941),(45,25588),(46,19245),(47,8212),(50,16100),(52,38869),(53,15625),(56,9403),(60,11460),(62,38855),(64,26729),(65,6984),(66,34222),(67,27589),(69,20237),(74,14584),(75,18638),(76,34278),(77,17156),(79,19925),(80,13535),(81,37824),(83,34755),(84,17420),(85,21787),(86,29904),(87,2289),(89,1643),(90,10617)]	286.724324
899	[(0,32088),(1,19984),(2,28924),(5,32084),(6,28091),(8,28120),(9,32673),(11,2904),(15,26241),(17,1159),(18,39203),(19,23738),(21,18775),(22,20104),(23,36329),(24,19045),(25,4732),(26,27663),(27,8069),(29,23695),(31,17020),(32,8173),(34,38650),(35,29782),(36,37899),(38,36421),(39,3141),(41,1195),(42,32269),(43,29133),(48,31716),(52,12271),(53,13614),(54,35968),(55,11597),(58,25390),(60,20180),(61,32931),(62,37759),(63,33603),(64,27071),(66,29867),(67,9089),(69,31683),(71,12412),(72,31183),(75,28156),(77,11505),(78,36508),(79,11829),(80,25671),(81,17186),(82,29203),(83,39124),(84,23146),(85,26967),(86,16139),(89,36776),(90,3601),(91,32885),(92,5383)]	318.326578
900	[(0,15831),(1,37938),(2,6112),(3,5510),(4,31971),(7,11089),(8,2971),(10,3652),(12,16488),(13,695),(14,4622),(15,11688),(16,19133),(17,15228),(18,28496),(21,36684),(22,22305),(23,7349),(24,28296),(25,35503),(26,23322),(27,2913),(28,7962),(32,21584),(34,10001),(35,2974),(37,9194),(39,1886),(40,27173),(41,5599),(42,17675),(44,29483),(45,36823),(50,24818),(52,2001),(53,18187),(54,11217),(55,20755),(56,843),(58,36060),(60,19280),(62,32527),(63,34143),(64,17023),(65,7243),(68,32988),(70,3610),(71,14026),(72,27111),(73,17380),(74,35978),(75,34000),(80,35708),(82,18273),(87,5143),(89,37859),(91,15490)]	322.478997
901	[(1,37165),(2,112),(3,22996),(4,966),(5,32143),(6,19468),(8,24048),(10,5389),(11,24104),(13,34213),(14,20814),(16,18978),(17,297),(20,32292),(23,14667),(26,3147),(30,35278),(31,13211),(32,22572),(34,3774),(43,25822),(44,13118),(46,31436),(47,6758),(49,14835),(50,25686),(51,26468),(53,9758),(55,31014),(57,7549),(60,32248),(61,6735),(62,18218),(65,25931),(66,27005),(68,15614),(69,18058),(73,15916),(74,1784),(75,30221),(76,28324),(77,34088),(79,21849),(81,14626),(82,19720),(84,29626),(85,35989),(86,3244),(87,33960),(89,3223),(90,9754),(92,17137)]	276.739328
902	[(0,14574),(1,4220),(2,37608),(4,20871),(7,35845),(8,38375),(11,5282),(12,38254),(15,25497),(16,2258),(17,7289),(18,38293),(19,28301),(20,3072),(24,30339),(25,13963),(26,2705),(28,11439),(29,6796),(30,6046),(31,19569),(32,2201),(33,1226),(34,2026),(37,16285),(38,5418),(44,37470),(45,14346),(46,34563),(47,37403),(48,96),(51,1640),(52,37389),(53,1269),(54,32781),(55,36233),(56,38792),(58,21895),(59,4534),(60,25268),(61,17189),(64,11809),(66,14257),(68,4955),(69,14152),(71,36457),(74,9869),(76,33584),(78,7182),(81,36612),(82,22265),(83,13212),(84,22298),(85,33357),(86,18503),(89,3482),(90,16948),(92,23229)]	161.214867
903	[(0,3393),(1,18802),(3,35518),(4,14296),(5,23317),(6,29006),(7,15513),(10,6468),(12,34867),(13,6214),(14,6524),(15,24673),(17,13584),(18,25094),(19,17092),(21,29876),(23,37943),(24,33867),(25,36566),(26,690),(27,32273),(28,34959),(30,33328),(34,5729),(37,13129),(38,24554),(43,35849),(44,31040),(45,29715),(46,30764),(49,13333),(50,36478),(51,35572),(52,37791),(53,15596),(54,34212),(55,13854),(57,6799),(58,32737),(59,18232),(60,24345),(61,976),(62,30488),(64,16709),(67,19428),(68,35140),(69,12821),(71,2695),(72,5333),(73,8354),(74,26299),(75,7035),(76,28713),(78,29310),(79,3861),(80,11649),(85,22470),(87,12714),(89,33380),(90,6199)]	141.964942
904	[(0,10843),(1,30287),(2,28547),(3,31501),(6,13636),(8,15880),(9,23757),(10,26984),(13,13726),(15,14839),(16,4697),(18,15132),(20,662),(21,18111),(26,8070),(28,26952),(30,16179),(31,30683),(33,20168),(34,35564),(36,20836),(38,25389),(41,34094),(42,39172),(44,4370),(45,23467),(46,32118),(47,27381),(48,7821),(51,1243),(52,4),(54,14426),(55,17488),(56,22544),(57,22948),(59,12753),(61,25371),(62,20298),(63,8025),(64,35827),(66,32633),(67,22986),(69,20127),(70,7213),(75,18792),(76,20054),(77,14382),(78,20356),(79,29425),(80,21528),(81,13146),(84,26651),(85,15055),(88,17166),(89,30063),(90,9222),(91,36265),(92,33916)]	138.553513
905	[(0,5811),(1,6234),(2,10217),(4,17784),(5,30261),(6,29943),(8,4263),(9,18370),(11,6112),(12,23290),(13,13140),(15,2494),(17,4336),(18,29902),(19,8114),(20,35430),(22,11888),(23,28978),(24,7039),(25,15488),(26,15541),(29,10797),(32,19123),(33,4444),(34,16011),(35,4629),(36,6631),(37,9937),(38,26405),(40,30831),(41,20158),(42,34103),(43,28752),(45,28921),(51,36463),(52,22186),(53,13056),(55,18828),(57,3230),(59,32723),(61,35962),(62,5139),(63,22636),(65,21799),(68,36699),(70,10783),(71,33554),(72,20913),(73,12400),(74,2467),(76,8957),(77,27999),(78,21322),(79,9936),(80,31225),(82,7866),(83,8613),(84,1463),(85,14475),(86,17395),(87,11013),(90,25189),(92,13154)]	136.105230
906	[(0,2376),(1,9635),(2,28583),(4,33333),(6,7355),(7,13357),(8,13872),(9,20131),(11,35433),(15,438),(18,26937),(19,2726),(22,36081),(25,9259),(28,26543),(29,7805),(30,17142),(31,10884),(32,15450),(33,27000),(39,11733),(41,21594),(45,21217),(47,2553),(48,669),(49,38888),(60,11035),(61,17956),(62,19099),(64,23483),(68,10680),(70,34551),(71,26666),(72,24299),(73,30621),(74,21457),(76,38),(79,20),(80,11202),(82,13498),(83,22912),(84,27074),(85,33965),(86,23137),(87,2944),(88,30978),(89,17049),(90,29935),(92,6258)]	146.552219
907	[(0,23201),(1,20442),(4,17593),(6,9352),(7,21811),(8,4527),(9,9400),(10,34737),(11,31865),(12,32690),(13,2115),(15,9803),(16,5422),(17,20867),(18,17100),(20,22332),(23,21584),(25,814),(26,1857),(27,13892),(30,26758),(31,29248),(32,26866),(33,32165),(35,30386),(36,29952),(37,27700),(39,16376),(41,31912),(42,32971),(43,24109),(44,31578),(45,19555),(47,30194),(52,31833),(53,30812),(55,19807),(56,38123),(58,7953),(61,19252),(63,13208),(64,34345),(65,33943),(66,26892),(67,27822),(69,25820),(70,5713),(71,19158),(72,35129),(73,965),(74,1922),(76,20018),(79,24685),(80,18049),(81,13893),(85,38173),(88,14313),(89,5086),(90,20422),(92,12868)]	149.160845
908	[(0,9230),(2,1797),(3,11838),(4,32855),(6,36589),(8,18024),(11,9975),(12,28583),(16,35760),(17,23060),(18,1871),(21,33939),(23,38281),(25,10837),(26,7855),(27,13521),(29,24385),(30,27159),(32,25729),(33,7816),(35,283),(37,16918),(39,24911),(41,24676),(45,16330),(46,34011),(49,32935),(50,247),(52,27511),(53,32280),(55,10989),(56,15427),(57,4063),(58,9675),(59,35414),(60,30057),(61,1821),(62,11174),(63,8697),(64,9535),(66,15021),(68,19297),(70,18237),(73,26204),(75,32755),(76,12254),(77,11019),(78,31807),(79,12546),(82,25581),(83,20859),(86,23981),(88,27678),(89,14305),(92,20425)]	142.246405
909	[(0,19698),(5,28101),(11,6198),(13,14735),(14,250),(15,5954),(16,32635),(18,27314),(21,14087),(22,30302),(26,15536),(27,39196),(29,23862),(30,11747),(31,36535),(33,25610),(34,14615),(35,39148),(38,8152),(39,26823),(42,9723),(43,3572),(44,26521),(45,23982),(49,14339),(50,4666),(53,31053),(55,35368),(56,23913),(59,26602),(60,731),(63,35113),(64,1947),(68,21840),(69,2975),(70,2055),(72,93),(76,12487),(78,38622),(79,38553),(80,27506),(82,31727),(86,7939),(89,18065),(92,400)]	139.224355
910	[(1,4716),(3,3832),(4,6915),(5,2519),(6,7595),(7,9283),(8,16639),(9,2197),(10,18581),(11,32959),(14,16461),(15,19549),(16,26118),(17,17557),(18,27348),(19,28600),(20,6495),(21,16286),(22,32149),(24,20765),(25,2877),(26,26708),(28,17453),(29,18139),(30,156),(31,776),(32,2880),(33,23391),(36,8370),(37,37628),(38,7040),(39,12001),(41,31100),(44,6344),(45,10050),(46,21693),(47,7942),(49,28878),(51,29462),(52,25408),(53,27578),(54,24903),(55,18486),(56,16761),(57,29649),(59,15499),(60,30544),(61,20185),(63,32965),(64,27549),(66,5118),(70,14773),(72,15244),(75,3545),(76,9428),(77,21737),(78,34060),(79,12589),(80,12654),(81,38747),(82,32909),(83,25950),(84,14591),(85,12341),(86,27525),(87,31886),(88,38164),(89,19772),(91,20735),(92,26629)]	151.141292
911	[(0,29877),(1,13223),(2,32311),(3,3005),(4,10942),(6,25872),(7,17047),(11,25206),(13,28256),(14,22955),(16,6265),(17,25514),(22,11002),(23,21875),(24,30197),(25,323),(26,566),(27,27055),(29,14961),(32,30828),(33,18769),(35,34091),(36,12589),(39,32696),(41,6474),(42,26540),(43,22914),(45,39141),(47,37259),(48,10697),(49,8858),(50,32980),(51,15231),(52,11335),(53,19539),(54,5223),(55,5138),(58,14499),(59,27119),(61,25107),(62,25142),(63,25060),(65,21642),(66,10632),(68,24836),(71,32122),(73,2126),(77,26810),(79,25780),(81,13758),(83,28680),(84,22741),(85,10280),(88,33370),(90,21483),(91,26666)]	145.056792
912	[(7,29132),(8,13600),(9,26227),(10,10470),(11,8720),(13,8936),(15,10754),(16,11102),(17,15421),(18,34014),(19,21838),(20,32931),(21,5407),(22,22858),(24,11233),(25,33808),(26,33556),(30,24944),(33,39153),(34,12716),(35,34951),(36,1435),(37,8716),(38,14375),(39,10997),(41,25115),(44,1839),(45,17487),(46,11033),(49,38376),(50,1272),(52,3313),(53,2211),(54,9422),(55,3189),(56,13685),(57,1480),(59,31644),(62,30546),(64,9087),(65,38081),(67,2101),(68,3359),(69,18249),(72,28719),(73,18645),(74,21490),(75,5044),(76,6240),(77,18262),(78,35565),(82,10909),(83,28231),(84,15036),(85,38788),(86,28488),(87,32427),(88,19254),(89,18777),(91,17133),(92,8597)]	139.017474
913	[(1,2923),(3,33465),(5,17909),(8,26841),(9,6017),(11,29150),(13,37055),(14,30852),(15,14063),(16,2651),(19,12562),(20,18130),(22,35471),(23,26415),(24,38864),(27,908),(29,18601),(32,6063),(34,19660),(35,14739),(36,10768),(38,15740),(39,3444),(42,30285),(44,35148),(47,16881),(48,24419),(51,25919),(52,12824),(53,5130),(55,39098),(56,5296),(57,13608),(58,36010),(59,23747),(61,38285),(63,10108),(65,16998),(66,1949),(68,21766),(71,22372),(73,21124),(74,34987),(75,31574),(77,35659),(78,6910),(81,22362),(82,27198),(85,12217),(88,1838),(89,14496),(91,10499),(92,36153)]	135.778596
914	[(0,23613),(2,25674),(3,30885),(4,24964),(6,38417),(7,13307),(13,29271),(14,32283),(16,26015),(18,11895),(19,9777),(21,35711),(23,33304),(26,25927),(27,7140),(28,15311),(29,4061),(30,7811),(31,36436),(33,2359),(38,8256),(41,31711),(46,17376),(48,11398),(49,17816),(50,26121),(53,24735),(56,21751),(57,25949),(59,20880),(60,4142),(61,31812),(62,12086),(65,7494),(67,8944),(68,29368),(69,17489),(70,16246),(71,35283),(74,18377),(75,34373),(77,8623),(78,9423),(79,16362),(81,28668),(82,31159),(83,23148),(86,39118),(91,27710),(92,5546)]	149.860545
915	[(0,3921),(2,916),(3,8499),(4,34887),(5,38425),(7,33232),(8,35698),(9,32216),(10,13475),(13,26268),(14,29033),(15,5529),(17,17787),(18,37422),(20,5023),(24,35535),(25,32508),(26,10660),(27,2527),(28,3695),(31,17365),(32,36688),(33,13293),(35,8146),(36,16730),(37,28166),(41,38868),(44,34017),(45,3713),(47,4971),(49,32851),(53,7638),(55,18965),(59,2377),(60,22261),(63,4591),(64,34909),(65,11323),(67,4264),(68,31321),(69,37576),(70,11377),(72,19899),(73,10560),(74,27102),(75,6487),(77,35977),(78,2751),(80,6429),(81,4176),(83,4605),(85,24853),(89,38645),(90,33607),(91,5698)]	126.282060
916	[(0,36344),(1,34520),(3,7243),(4,3825),(5,369),(6,34684),(7,9859),(11,8600),(12,27536),(13,32871),(14,23682),(18,2298),(20,12606),(23,20279),(24,27915),(26,24420),(27,26619),(28,28636),(29,38639),(30,14368),(32,18664),(33,38671),(34,20648),(36,8842),(38,12161),(39,23427),(41,29887),(43,33033),(44,7628),(45,11579),(46,4125),(47,33098),(49,6409),(50,8464),(51,30633),(54,37696),(56,13434),(57,26039),(59,10466),(60,23610),(63,3140),(64,31160),(65,12465),(66,2613),(67,10320),(68,23098),(72,36642),(74,6560),(76,9083),(77,17922),(81,29837),(84,3725),(89,20181),(92,35952)]	133.888234
917	[(0,33395),(2,3246),(4,37782),(5,36816),(7,22176),(9,14150),(10,920),(11,32042),(12,16672),(13,26822),(14,6235),(18,32522),(19,35718),(22,21731),(24,5716),(25,18632),(26,15777),(27,14755),(28,8378),(29,1468),(30,201),(32,9834),(33,28284),(38,11709),(42,38016),(44,36371),(46,3455),(47,26046),(49,31819),(50,21378),(52,12602),(54,14017),(56,3138),(58,17376),(60,38460),(61,28890),(63,37250),(64,20149),(65,28403),(69,8704),(70,38383),(72,14796),(73,29361),(74,29918),(75,23261),(76,19565),(77,4414),(78,179),(80,38039),(81,10712),(82,21872),(84,11967),(85,831),(86,31990),(88,37692),(90,26711),(92,22926)]	142.929404
918	[(0,13287),(1,15706),(3,9472),(4,4773),(5,33538),(6,1957),(8,8911),(9,31733),(12,38773),(14,1449),(15,6607),(18,38882),(20,38674),(21,2026),(22,9755),(23,2714),(26,22622),(27,10170),(28,7087),(29,20052),(31,15650),(38,14254),(39,16736),(40,39057),(41,28999),(42,12036),(44,2718),(45,14646),(46,25193),(49,35918),(50,34461),(52,9052),(54,9039),(55,21170),(56,11877),(57,23664),(59,8983),(60,32780),(63,27993),(64,12891),(65,9728),(67,2846),(69,4426),(72,4171),(74,27248),(77,13185),(78,33856),(79,36419),(83,29590),(86,3224),(88,17211),(89,10436),(91,34157)]	135.036551
919	[(0,18286),(2,23895),(3,19277),(4,17232),(5,22358),(6,24912),(7,17711),(10,34226),(11,29412),(12,31122),(13,7043),(14,34248),(15,38108),(16,5453),(18,34800),(19,5604),(20,11011),(23,36796),(25,13630),(26,7911),(27,31979),(29,28292),(30,30),(32,39032),(33,8428),(35,5360),(37,18180),(38,27852),(40,11435),(41,27574),(42,35960),(43,2776),(44,29588),(45,33186),(46,20471),(48,21165),(49,20515),(50,11575),(52,19767),(53,14327),(54,26988),(56,31686),(59,27765),(60,21066),(61,3480),(62,34743),(65,37772),(67,18895),(68,3178),(69,7958),(70,14809),(73,36949),(75,7657),(78,30236),(80,5858),(81,27399),(85,21201),(86,29023),(87,1481),(88,34601),(89,34430),(91,37435),(92,30950)]	132.899492
920	[(1,26013),(2,25105),(3,17283),(5,16848),(7,6418),(8,26424),(10,36000),(13,3085),(14,10519),(16,32379),(19,27855),(20,25941),(21,22612),(22,23024),(25,31943),(29,38615),(30,2875),(31,10159),(32,20479),(33,30790),(34,19996),(37,34366),(38,8655),(39,21049),(42,8116),(47,39074),(48,7699),(51,14932),(52,26816),(53,36732),(54,6370),(55,23934),(56,15231),(58,36328),(60,2466),(61,7686),(62,21192),(65,12041),(66,9751),(68,4099),(69,36917),(73,10988),(74,38471),(75,11355),(76,26104),(79,32173),(80,13385),(82,35753),(84,29707),(86,24242),(87,36580),(88,19089),(89,33638)]	134.427553
921	[(0,36318),(1,2696),(2,1396),(3,9828),(5,5349),(11,14053),(12,1570),(13,6361),(16,31543),(18,27885),(19,19233),(20,11067),(23,26620),(24,27123),(26,2273),(27,28166),(28,18053),(29,7917),(31,35818),(32,8102),(33,4895),(34,28944),(36,27460),(37,37437),(38,20762),(39,38289),(40,36386),(42,18489),(47,30883),(49,19355),(50,26699),(51,28865),(53,20482),(55,24496),(57,34436),(60,20530),(66,26306),(67,33273),(68,20204),(71,8876),(74,30792),(75,20257),(76,27570),(77,9555),(79,16068),(80,18507),(82,37474),(83,29105),(84,18841),(85,35477),(88,21601),(91,33753),(92,6315)]	135.332126
922	[(0,13711),(1,36712),(2,16436),(3,25367),(4,17436),(8,3495),(9,29626),(10,15517),(11,16400),(13,4922),(18,6382),(20,18957),(21,33646),(22,12357),(23,31784),(26,2464),(27,14280),(28,2175),(29,24027),(30,23713),(32,27456),(33,11650),(36,2722),(38,18320),(39,30734),(42,38122),(43,26892),(45,34945),(46,11779),(48,38833),(49,35396),(50,12791),(51,12628),(53,16677),(54,29782),(55,13413),(56,35193),(58,39174),(59,9201),(60,20154),(64,19039),(66,30495),(67,9954),(68,33096),(69,35142),(73,12637),(74,24660),(75,17566),(76,25322),(77,4645),(78,7058),(80,34908),(81,20311),(82,21072),(83,32777),(85,7327),(86,23008),(88,12185),(89,29684),(90,29915),(91,26121)]	150.148869
923	[(1,2451),(2,34501),(4,37543),(5,35057),(7,18830),(10,23470),(11,26603),(13,31510),(14,1530),(15,27011),(16,14805),(17,24282),(18,23559),(20,38866),(21,34629),(27,5177),(28,35894),(29,2566),(30,13105),(33,28126),(36,8067),(42,18635),(43,5326),(45,27139),(46,22738),(47,31478),(48,2873),(49,25442),(50,31535),(52,6552),(55,33819),(56,34606),(60,2835),(62,3563),(63,31770),(66,2373),(69,4195),(71,35422),(73,23729),(77,22916),(78,11356),(79,11295),(80,23490),(81,16745),(82,27238),(83,33079),(84,33701),(89,37096),(90,26588),(91,34484),(92,11120)]	129.062407
924	[(0,26745),(2,32),(4,29275),(7,30354),(10,27082),(11,8196),(13,2476),(14,12657),(15,38932),(17,30808),(18,24923),(19,346),(20,22688),(22,36976),(23,2846),(26,8335),(28,38194),(29,14724),(30,6113),(31,2490),(32,13232),(34,23278),(35,27897),(41,23941),(44,12296),(45,9254),(47,26031),(48,31957),(49,17687),(50,33292),(52,24447),(54,37672),(55,3619),(59,33202),(61,9560),(64,22811),(67,15689),(68,31047),(69,30025),(70,13704),(71,6905),(72,18729),(73,17288),(74,23607),(76,29291),(77,32950),(79,9317),(81,29738),(82,28105),(83,10516),(84,34374),(89,6563),(90,17544),(91,19924)]	139.560749
925	[(0,20486),(4,765),(7,24756),(8,28635),(10,15139),(13,21785),(14,24390),(16,15736),(17,18491),(18,13795),(19,33349),(20,28537),(21,17323),(22,642),(23,36968),(24,32855),(26,19897),(27,21174),(28,10766),(29,1666),(30,20700),(31,4917),(32,37781),(34,14742),(35,17069),(36,9817),(37,28431),(41,28130),(42,36488),(43,9838),(44,8818),(47,31099),(51,36789),(52,37140),(55,21057),(56,26426),(57,2031),(59,4005),(60,18738),(61,7587),(62,38974),(63,13505),(69,27175),(74,9361),(77,674),(78,15048),(79,20751),(80,2736),(82,22396),(84,30218),(85,28352)]	139.847953
926	[(0,35254),(1,8137),(2,16117),(4,11143),(5,17788),(6,25340),(10,31723),(11,18993),(13,16215),(17,33689),(18,762),(20,31648),(22,23863),(23,22540),(25,13579),(26,1707),(27,6966),(30,29757),(31,24174),(37,12929),(38,35124),(39,12392),(40,9804),(41,5496),(42,22579),(44,391),(48,23405),(49,13691),(50,34015),(51,20253),(55,16776),(59,38119),(60,19828),(61,31179),(63,33594),(64,16114),(65,30171),(68,12657),(69,30830),(70,25724),(71,27671),(72,17790),(73,10028),(76,27790),(77,23751),(80,7658),(82,26251),(84,30647),(85,13062),(88,16654),(89,34140),(90,29049),(92,15956)]	130.480027
927	[(2,33558),(3,25796),(4,34495),(7,15745),(9,37766),(10,33412),(12,2610),(13,35941),(16,16822),(17,23923),(18,17700),(19,1492),(20,18231),(21,9899),(22,31227),(23,30230),(25,32385),(26,28619),(27,4639),(28,12081),(30,9142),(32,8558),(33,16344),(35,17015),(36,30636),(37,1605),(38,8412),(39,137),(41,33906),(42,31572),(43,32646),(45,37486),(46,22705),(48,31424),(59,26108),(61,4826),(62,6609),(65,20463),(67,27745),(68,14373),(69,5013),(70,28808),(71,29167),(72,36761),(73,32282),(76,21693),(79,23586),(80,8624),(81,7226),(82,36735),(85,29804),(86,24592),(87,4558),(90,16432)]	140.150328
928	[(0,36905),(1,20037),(2,1606),(3,2590),(4,1378),(8,15303),(10,10593),(13,6557),(14,34569),(15,29387),(16,10251),(17,23876),(18,26077),(22,37014),(23,29944),(24,32819),(27,34627),(28,11328),(29,24885),(30,20595),(31,8815),(32,23649),(35,36011),(37,25089),(38,37045),(39,5785),(41,29789),(42,18533),(47,8827),(48,31995),(49,23029),(53,5609),(55,14341),(56,26408),(57,30652),(58,33697),(60,10005),(62,6458),(63,38003),(65,27759),(66,31240),(68,30155),(70,24914),(73,24979),(74,24509),(75,28076),(77,19004),(80,23053),(82,28711),(83,7195),(87,36954),(88,28592),(89,22115),(90,39197),(91,8057),(92,28414)]	134.597628
929	[(0,26547),(1,4492),(4,18666),(5,29413),(6,28977),(7,10827),(8,15364),(10,26417),(14,33442),(16,35585),(17,25692),(18,1438),(19,14334),(20,11623),(22,36168),(23,21657),(24,32997),(25,9880),(26,32545),(27,20201),(28,4519),(29,11637),(31,17761),(34,29918),(35,23261),(37,14532),(39,37371),(43,11290),(44,31676),(46,15137),(47,30830),(48,20032),(49,10225),(50,35633),(52,33409),(54,19383),(56,8605),(57,19495),(58,33810),(60,4289),(61,21349),(63,16027),(64,11720),(65,13870),(66,26403),(67,38205),(68,17211),(69,10436),(71,37823),(73,25295),(75,14609),(76,8797),(77,37346),(80,5858),(82,32359),(83,33612),(85,32572),(86,27089),(89,21317),(91,347),(92,8546)]	138.783829
930	[(2,35446),(4,5653),(8,29876),(10,6986),(11,24576),(12,16456),(13,14435),(14,32618),(15,25176),(20,22060),(21,34194),(22,6308),(23,34264),(24,31419),(25,32161),(27,9061),(28,22262),(29,15411),(30,29792),(31,10508),(33,31269),(35,12803),(36,4162),(37,34712),(39,8893),(40,13078),(41,11621),(43,6824),(44,34176),(45,14388),(46,11480),(47,22986),(48,8635),(49,37918),(50,29119),(51,1233),(52,1888),(53,34111),(54,16952),(56,34360),(57,20179),(58,15271),(59,31445),(60,21451),(63,7462),(64,31809),(65,28019),(66,23083),(67,28521),(68,34768),(69,27269),(71,21372),(73,9952),(76,28641),(77,32485),(78,23120),(79,815),(80,21205),(82,19116),(83,6360),(84,11092),(85,18781),(90,8533),(91,15575)]	135.735087
931	[(1,10033),(3,7185),(4,25353),(5,20830),(8,8764),(9,19957),(10,36160),(11,24618),(13,30666),(14,38370),(16,20335),(18,16121),(19,34692),(20,15855),(22,33196),(26,29927),(30,15824),(31,32890),(33,10571),(34,6817),(35,18542),(37,22183),(43,14592),(45,17099),(47,15774),(48,16976),(50,10809),(56,38553),(57,19152),(59,26143),(60,5101),(61,30538),(64,9106),(66,21286),(67,4043),(71,3007),(72,31311),(75,19178),(78,35511),(80,34228),(82,13734),(83,9608),(85,28720),(86,14518),(87,2155),(89,25104),(90,35145),(91,8441),(92,27642)]	140.278058
932	[(5,32783),(6,2622),(9,25431),(10,25779),(12,250),(16,6419),(17,1780),(18,3225),(20,17951),(21,17157),(22,1309),(23,13274),(25,24518),(26,35255),(27,14776),(29,13305),(30,217),(32,4770),(33,38609),(35,22120),(38,4803),(40,38492),(43,9997),(44,31279),(45,32081),(46,19789),(53,3517),(54,33491),(55,19519),(56,27520),(57,35451),(59,12699),(60,22167),(61,15465),(62,18072),(63,27297),(64,15876),(65,13090),(67,16099),(68,4040),(70,23745),(71,14071),(74,5216),(75,20354),(76,16138),(77,39145),(78,26301),(80,35542),(81,25281),(82,35641),(83,20473),(84,7495),(85,37526),(86,13265),(88,32538),(89,2723),(90,30609),(91,23463),(92,27463)]	132.953243
933	[(0,10461),(1,38135),(4,26581),(5,38203),(6,23172),(8,7361),(9,12341),(10,32842),(11,16550),(12,37068),(13,37510),(15,14522),(16,36163),(17,21828),(18,1856),(19,19489),(20,19798),(21,29068),(22,22274),(23,3929),(29,19005),(30,4266),(31,28491),(33,32646),(38,5822),(39,29736),(40,35593),(41,34218),(42,5991),(45,36239),(46,22597),(49,31114),(50,169),(51,15269),(53,32105),(55,12097),(56,22681),(57,17506),(58,35889),(59,28343),(60,25332),(63,23340),(64,32578),(65,29201),(66,28908),(68,21321),(69,4566),(75,16392),(76,73),(78,27065),(79,34427),(80,17642),(83,21070),(85,34536),(86,13268),(88,30271),(90,2829),(92,23422)]	136.000742
934	[(0,28760),(1,38970),(2,26242),(4,20624),(5,36963),(6,10400),(8,4950),(11,31967),(12,21626),(13,1937),(15,10021),(18,37107),(19,21467),(20,20144),(21,20531),(22,8949),(23,3392),(24,22535),(25,33575),(26,28495),(29,9792),(30,5362),(32,10139),(33,2413),(34,11522),(36,5939),(38,30784),(39,14604),(41,34830),(43,24377),(46,1426),(47,31709),(50,16644),(51,32526),(55,5267),(57,624),(58,19437),(59,31127),(61,80),(62,35226),(63,29207),(64,6664),(71,36859),(72,36267),(75,5041),(77,8726),(78,10045),(79,6367),(81,26869),(82,8467),(83,32733),(84,31017),(85,6686),(86,5376),(88,25495),(90,27240),(91,8479),(92,3651)]	136.631815
935	[(0,19956),(1,4473),(2,23008),(6,21410),(8,8290),(10,33288),(13,11378),(15,130),(16,17656),(19,3817),(20,17486),(21,35069),(22,33839),(23,19926),(24,5117),(26,24057),(29,13477),(30,4950),(32,6687),(33,36749),(35,37377),(36,5438),(37,35277),(41,33813),(43,29905),(45,21647),(46,10279),(47,23790),(48,2203),(49,31438),(52,600),(53,6853),(54,25544),(55,36317),(56,24435),(57,32007),(58,26338),(60,17046),(61,33513),(62,29347),(66,6734),(67,16970),(69,26615),(70,6078),(71,8363),(72,24230),(73,29268),(74,9132),(75,7541),(76,21845),(77,34716),(78,35154),(79,25945),(80,35036),(82,23759),(83,13357),(84,31964),(85,20740),(86,19965),(87,15506),(90,1751),(91,35678)]	143.448043
936	[(0,3945),(1,6457),(2,8870),(4,28413),(6,95),(7,12061),(10,15860),(11,4515),(12,26114),(13,12151),(15,29894),(16,32697),(18,27622),(20,7614),(21,15754),(23,13390),(25,1139),(26,7821),(28,11663),(30,16575),(31,171),(32,34662),(34,23483),(36,14663),(38,16414),(39,18541),(40,8667),(42,3649),(43,27599),(46,10988),(48,24691),(49,25222),(50,29787),(51,35525),(55,1422),(57,1229),(61,20497),(63,16813),(64,36591),(70,8737),(72,9779),(74,38589),(75,2864),(76,7858),(77,38239),(78,29997),(80,14003),(81,2301),(82,35336),(83,1626),(84,10550),(86,4358),(87,12143),(89,13608),(90,36010),(91,23747),(92,38744)]	141.336016
937	[(0,20605),(1,14902),(2,37104),(5,36313),(7,22116),(8,37898),(11,32555),(13,3985),(14,4554),(15,38546),(16,37798),(18,10799),(20,12735),(22,26345),(23,36029),(24,27264),(27,29162),(29,14702),(30,33380),(31,6720),(32,5030),(34,8200),(37,38378),(38,6243),(39,21063),(40,17826),(41,20108),(43,18308),(47,30030),(48,14811),(49,23760),(50,21535),(51,37407),(53,5369),(54,16184),(55,26559),(56,11283),(57,10111),(58,20774),(59,32245),(60,33862),(61,38662),(62,37276),(63,12501),(65,28092),(66,18054),(67,12893),(69,35878),(71,11937),(72,3438),(74,23981),(76,27691),(78,8179),(79,18241),(80,30679),(81,16614),(82,6378),(85,15647),(86,26482),(90,13647),(92,2148)]	142.794349
938	[(1,24920),(2,36129),(4,11329),(5,32567),(6,30388),(8,27905),(10,19163),(15,34057),(17,28832),(18,33699),(20,31243),(21,19407),(22,20485),(23,24816),(24,9970),(26,27073),(27,23368),(28,30263),(31,10573),(32,24269),(33,23386),(34,28226),(37,24396),(38,15038),(39,34424),(40,10189),(41,17575),(43,32168),(45,14368),(47,18664),(48,26488),(49,11861),(50,21841),(51,32008),(52,29086),(53,3779),(55,14993),(56,360),(57,16555),(58,29078),(64,29020),(65,25401),(66,25377),(69,13961),(70,30672),(72,17886),(73,11808),(75,912),(77,28341),(78,10164),(81,14088),(83,4848),(84,32887),(87,26123),(88,13741),(89,17088),(91,15366),(92,23958)]	125.676087
939	[(0,24586),(1,21917),(2,24617),(4,28338),(6,14932),(7,37738),(8,38764),(9,23979),(10,15876),(12,14138),(13,1041),(15,26421),(16,27379),(17,34734),(19,13985),(20,9097),(22,7955),(26,9592),(28,21148),(31,9544),(33,30769),(35,16992),(36,25533),(37,8459),(38,514),(39,28514),(40,11630),(41,32541),(42,11513),(46,21111),(47,12769),(48,26786),(52,23155),(53,25965),(54,14015),(55,14882),(56,38342),(58,26499),(59,23653),(60,32435),(63,17807),(64,31166),(65,26141),(66,33169),(67,31720),(68,17971),(71,29787),(72,34069),(74,31224),(78,2386),(79,4608),(85,27827),(87,7757),(89,36616),(92,633)]	134.857509
940	[(1,34802),(4,30021),(6,37881),(7,11890),(8,21536),(9,29684),(15,26711),(18,34606),(21,21501),(23,18892),(26,28707),(28,22946),(29,17322),(34,317),(35,1915),(36,22791),(39,4550),(40,7153),(41,13821),(43,3664),(44,9138),(45,34759),(47,27941),(50,8768),(51,32233),(52,26607),(53,30851),(54,24194),(55,28123),(59,18150),(60,17098),(61,28399),(62,4310),(63,27948),(64,19616),(68,15412),(70,17344),(72,5172),(73,20460),(79,14489),(80,36811),(81,1721),(83,22478),(84,15664),(86,5988),(88,1426),(89,30864),(91,31715),(92,38336)]	146.864792
941	[(0,30264),(1,21496),(2,22702),(3,17034),(6,4836),(8,16887),(10,33066),(12,29061),(17,32987),(18,12569),(19,26470),(20,37749),(21,22650),(24,20279),(27,28641),(28,22533),(29,22437),(30,7457),(31,30178),(32,8894),(33,29457),(35,9561),(36,15016),(38,37987),(40,13011),(43,17681),(46,13423),(47,32588),(48,25363),(49,16305),(50,26725),(52,27102),(53,6487),(56,17037),(58,10590),(59,10777),(60,1984),(61,3917),(62,35198),(64,9535),(66,8044),(67,15133),(68,6027),(69,8353),(70,20262),(71,1282),(72,37845),(73,18025),(78,6784),(79,23297),(81,19435),(82,34522),(83,38417),(84,16896),(85,15943),(86,7493),(87,31287),(88,28500),(89,14659),(90,29439),(91,21150),(92,12730)]	139.468530
942	[(1,23656),(2,11932),(3,9289),(6,14617),(7,32071),(8,38326),(10,10869),(12,15540),(15,23157),(16,28510),(19,28579),(21,20192),(22,6783),(23,15578),(25,13554),(26,27912),(27,24608),(31,12050),(32,823),(34,25199),(35,4019),(36,6941),(37,10614),(38,512),(39,1568),(42,20142),(44,18028),(45,18087),(46,35701),(47,29281),(51,32779),(52,15626),(56,13259),(58,6560),(59,27497),(61,14036),(63,27930),(65,37893),(66,18992),(68,16858),(69,32991),(71,20579),(72,34251),(73,966),(74,32143),(75,38649),(76,6470),(77,18507),(78,22320),(80,24965),(81,35312),(82,9530),(83,3391),(84,27473),(86,36133),(87,38004),(88,35450),(89,16973),(91,15254),(92,33667)]	148.884399
943	[(2,25634),(3,25832),(4,15649),(5,5185),(7,33506),(8,2850),(9,30061),(10,227),(11,10447),(12,17725),(13,12592),(14,26863),(15,2013),(16,7018),(18,17899),(19,19492),(20,29598),(21,10798),(22,11402),(23,12091),(24,24782),(25,31228),(28,14807),(29,34845),(30,38242),(32,4181),(34,30208),(35,1057),(36,35620),(38,7132),(39,1614),(40,13384),(41,26127),(42,2221),(43,4755),(44,5148),(45,33943),(46,24982),(48,5055),(51,23858),(52,18963),(55,13479),(57,37210),(59,35078),(60,5688),(63,28715),(64,20630),(68,19461),(69,19596),(70,28745),(71,5444),(72,18856),(73,34245),(74,37128),(77,10587),(78,21446),(80,7041),(81,27109),(83,3398),(86,29570),(88,13806),(89,37986),(92,15518)]	143.235960
944	[(1,33316),(5,31589),(6,38637),(7,35303),(8,27191),(9,11488),(12,36145),(13,22990),(14,20287),(15,30428),(17,29848),(20,9325),(21,6749),(22,27685),(23,851),(26,36953),(27,38307),(28,10898),(29,18788),(30,3502),(31,18483),(32,36688),(33,3358),(34,38825),(36,25867),(41,19767),(43,15501),(44,21247),(46,17205),(47,26935),(48,32863),(49,37321),(50,6490),(51,23294),(52,27951),(53,30319),(54,13561),(55,2308),(57,30828),(58,37753),(59,14508),(60,27837),(61,12378),(63,35855),(64,29057),(66,12491),(67,19708),(68,37157),(71,6507),(72,3367),(73,11002),(74,25683),(75,12020),(77,26054),(79,4711),(80,30343),(87,26120),(88,38559),(91,10606),(92,38478)]	153.790017
945	[(3,17062),(4,8888),(5,32284),(6,32003),(8,18641),(11,27670),(12,37609),(13,18129),(14,15050),(15,18478),(16,33407),(17,3901),(18,18918),(20,15772),(21,34971),(22,32664),(23,7279),(25,17662),(27,15053),(28,4139),(29,11823),(31,26548),(33,11798),(35,18822),(36,32477),(37,11681),(39,12513),(42,16642),(43,17658),(46,26189),(47,32092),(49,7498),(50,5407),(51,22858),(53,10306),(54,13021),(55,20763),(57,2737),(58,24789),(62,25532),(67,21348),(69,17502),(70,36097),(72,19769),(73,12771),(74,741),(75,599),(76,18974),(77,36825),(78,7349),(79,19909),(80,39085),(83,988),(84,3104),(86,9631),(87,31950),(88,35422)]	138.493395
946	[(1,22295),(3,11891),(4,32765),(5,26840),(6,34055),(7,30189),(8,24236),(11,29639),(13,22420),(15,11398),(17,3128),(18,1936),(21,17605),(22,13598),(23,29051),(26,33237),(27,5500),(31,3916),(33,19114),(34,35530),(36,30801),(38,5080),(39,27838),(41,29256),(42,11985),(43,12144),(45,35317),(46,2694),(47,30706),(48,36759),(49,26683),(50,13930),(52,34565),(59,18572),(62,26189),(64,11437),(66,34250),(67,30964),(69,33939),(70,10105),(71,17626),(74,16344),(78,3219),(79,23814),(81,7494),(84,26763),(85,17959),(86,11742),(88,37099),(89,19123),(90,20304),(91,6536)]	152.021978
947	[(0,13602),(3,15041),(4,9839),(5,36745),(7,2344),(8,12639),(9,30413),(10,24),(11,211),(14,16460),(16,29190),(20,6547),(21,22476),(22,16523),(24,18258),(25,16462),(26,8656),(28,35883),(29,36407),(30,3072),(32,5515),(33,4476),(34,4642),(35,3486),(37,2620),(38,7531),(40,36126),(41,7150),(42,33003),(44,25584),(45,34205),(46,5217),(48,33002),(49,14504),(50,10112),(52,7733),(54,32146),(56,3762),(58,31809),(59,28405),(60,32025),(62,11835),(63,22512),(65,885),(67,5317),(68,17164),(69,2040),(71,29484),(72,30637),(73,25540),(74,32385),(75,31161),(77,7745),(78,22466),(79,3078),(80,27901),(82,29065),(83,37933),(85,24093),(86,6333),(87,21113),(88,7118),(90,38081),(91,31384),(92,20700)]	139.554364
948	[(2,8070),(4,30362),(7,36947),(8,33807),(9,6116),(10,16564),(12,10297),(13,4890),(15,1856),(16,12507),(17,31771),(20,5491),(21,29212),(24,33474),(25,5865),(26,25646),(27,28245),(28,38247),(29,15470),(31,28705),(32,27738),(35,34289),(37,34806),(39,8304),(41,19089),(44,22524),(45,34168),(49,19326),(51,35387),(53,14416),(54,4127),(55,7840),(56,31197),(57,5588),(60,10282),(62,24250),(63,36114),(64,15883),(65,27048),(67,20540),(68,12131),(72,20165),(73,20300),(75,23212),(76,8579),(77,8180),(78,32575),(80,8892),(81,33716),(83,21043),(84,29576),(85,24849),(87,18058),(88,1650),(89,25406),(90,6511),(91,13634),(92,10829)]	147.822426
949	[(0,35514),(1,30750),(2,34564),(4,8443),(6,31583),(8,1220),(9,13836),(11,17240),(14,18903),(15,34240),(17,24865),(18,23356),(20,28058),(24,29446),(27,31706),(28,22274),(29,3589),(30,30379),(31,33623),(32,38783),(34,31826),(36,18192),(37,7610),(39,31814),(40,28964),(41,30945),(43,28835),(45,20260),(46,25072),(48,11758),(49,10227),(50,20832),(53,38021),(55,4500),(59,2706),(60,25056),(62,741),(63,1090),(65,2277),(66,25749),(70,36193),(73,23199),(74,21739),(78,39128),(79,12914),(81,22069),(83,8514),(84,7049),(86,26572),(87,3498),(90,29420),(91,9741)]	148.179270
950	[(0,8211),(1,29213),(5,17136),(8,15059),(11,28254),(12,32283),(13,1873),(14,13530),(16,32298),(19,37282),(20,4014),(23,32341),(24,36435),(25,33978),(27,29141),(29,31484),(30,23907),(31,29410),(32,5277),(34,2129),(35,30871),(36,23363),(37,4172),(39,20909),(40,32657),(41,31030),(42,21401),(43,37835),(44,27450),(47,17942),(49,23466),(50,20472),(53,8349),(56,25170),(57,21733),(61,23129),(63,25438),(65,30120),(66,24458),(68,5623),(69,17938),(70,27861),(72,22509),(73,2797),(75,15823),(76,24140),(77,246),(80,4959),(81,8401),(82,17914),(83,21690),(85,28045),(86,23295),(88,10374),(89,37168),(90,11711),(92,3604)]	136.639047
951	[(0,18731),(1,28690),(2,29078),(4,29951),(6,32212),(7,3990),(8,21849),(9,27962),(10,15765),(14,7179),(15,11236),(17,13066),(18,25385),(20,18669),(21,25419),(22,10494),(26,27937),(27,23695),(29,19948),(30,12963),(31,37786),(32,22372),(36,16131),(39,27575),(40,14629),(41,22413),(42,13248),(43,36644),(46,18472),(47,37189),(48,26432),(49,19730),(50,27595),(55,30267),(56,19946),(57,27523),(58,13513),(61,27178),(62,30533),(66,1320),(69,35622),(71,32492),(72,32667),(73,6414),(74,17086),(75,1662),(76,8031),(77,3414),(78,32144),(79,4540),(80,35945),(81,1567),(82,13035),(83,18830),(84,9180),(85,27371),(87,33361),(88,20474),(91,2543),(92,30187)]	148.644240
952	[(2,26242),(3,22190),(4,10264),(5,39095),(6,38242),(9,570),(12,36809),(13,649),(14,15861),(16,2390),(17,8375),(19,31111),(23,5228),(24,38092),(25,25607),(26,17044),(27,21372),(28,16642),(30,233),(31,22084),(33,38438),(34,35017),(36,25456),(38,22129),(42,38118),(43,28108),(44,32317),(45,24657),(46,6961),(48,35567),(50,8397),(53,19558),(54,2552),(55,12760),(56,35067),(60,14563),(61,18914),(62,14642),(63,23674),(65,14391),(67,1886),(68,14232),(69,26592),(70,13615),(73,38447),(74,12237),(75,24082),(76,15424),(77,23293),(78,38808),(80,11996),(81,31802),(82,145),(83,28993),(84,25060),(86,36907),(89,28946),(90,24640),(92,16991)]	148.725298
953	[(0,36705),(1,2245),(2,33833),(3,4384),(5,15832),(8,9893),(11,35072),(15,36563),(17,20390),(20,29534),(22,9575),(24,11249),(26,17757),(27,5486),(28,3928),(30,19119),(33,30884),(34,25235),(35,11052),(36,23374),(37,29485),(41,342),(44,3455),(45,30845),(51,7340),(55,36286),(57,8915),(58,14189),(60,37993),(61,5126),(62,6094),(63,36336),(64,31822),(65,2391),(66,8027),(67,22117),(68,9563),(70,26229),(71,29721),(73,12313),(74,18814),(75,28741),(76,13067),(78,3271),(79,862),(80,35235),(81,34901),(82,32681),(85,18077),(86,7420),(87,20578),(88,2444),(90,26079),(92,787)]	148.907024
954	[(1,37904),(4,6286),(6,18298),(7,28188),(9,26596),(10,37649),(11,376),(12,1033),(13,4274),(14,28729),(15,4618),(16,2901),(17,462),(21,23677),(22,31024),(24,7048),(26,24826),(27,11308),(30,29467),(31,38018),(33,23739),(36,17283),(38,16848),(39,35403),(40,34685),(42,15126),(45,28417),(46,37546),(47,37966),(48,21990),(50,30371),(51,922),(52,37757),(53,30441),(54,34926),(56,19319),(57,3142),(58,29952),(60,8033),(63,15717),(64,4699),(65,14610),(66,9485),(67,29218),(69,12472),(70,9987),(71,26777),(72,19285),(73,27836),(75,20914),(78,25813),(79,37784),(82,1371),(83,468),(84,2965),(85,15574),(86,5027),(90,33934),(91,6479),(92,17017)]	157.460198
955	[(0,10109),(1,25327),(2,25682),(3,32544),(5,26114),(7,29055),(11,29993),(13,32656),(14,36577),(16,27929),(19,20170),(21,33616),(22,3899),(25,21425),(26,29506),(27,21767),(28,795),(31,18605),(35,14546),(36,24929),(38,38312),(39,20247),(40,35425),(44,1075),(47,36090),(48,5869),(49,8028),(50,5876),(51,25838),(53,1165),(55,32668),(56,34538),(57,8561),(61,19102),(62,6957),(64,22685),(67,31183),(68,26372),(71,5298),(73,1017),(75,18690),(77,14605),(78,38055),(79,22431),(81,26096),(82,19091),(83,28367),(84,22170),(85,16754),(87,33907),(88,2066),(89,21657),(91,32112)]	160.276272
956	[(0,32787),(3,15948),(6,36699),(8,30691),(9,22258),(10,38079),(11,21813),(12,33646),(15,16460),(20,6500),(22,13728),(23,23873),(24,22587),(27,31470),(28,5018),(29,9854),(31,9897),(33,27300),(34,30158),(36,35555),(37,18501),(38,14676),(39,6581),(40,5704),(41,10404),(43,9162),(45,31523),(46,37535),(47,5563),(49,38127),(50,5533),(52,28914),(53,32533),(55,35632),(56,27626),(57,27528),(59,12851),(63,32321),(64,37188),(66,9391),(67,11887),(71,11082),(72,33453),(73,35929),(74,3709),(77,23229),(78,16168),(79,9531),(80,18576),(84,18494),(86,22871),(87,2206),(88,6225),(89,24760),(90,9804),(91,21579),(92,23743)]	152.226440
957	[(4,33663),(5,33648),(7,30248),(8,32447),(9,11607),(10,23301),(12,27729),(14,32346),(15,25241),(16,1288),(18,596),(20,7978),(21,32870),(24,22724),(25,5419),(26,16074),(27,30977),(28,5702),(29,28392),(32,19326),(33,2840),(37,24873),(40,21302),(41,33224),(42,3182),(43,5621),(44,48),(45,26773),(49,27599),(54,7127),(55,16824),(56,2879),(59,39026),(62,24905),(63,36987),(64,22822),(67,21027),(69,13899),(70,37739),(72,14299),(75,2416),(77,20858),(79,16667),(80,35332),(83,31943),(85,17172),(86,4905),(87,4168),(89,23903),(90,21521),(91,34985)]	138.390322
958	[(2,31274),(4,4787),(5,30176),(8,31835),(11,37274),(12,4062),(14,37037),(15,19723),(18,1877),(19,6327),(21,5988),(23,6482),(24,18273),(26,9139),(27,12466),(28,18595),(29,399),(31,32753),(32,19912),(33,36117),(34,16267),(35,5579),(36,21610),(37,37975),(38,382),(39,14468),(41,8121),(44,1971),(46,17832),(48,22493),(50,2504),(53,12241),(54,34300),(56,5323),(60,14265),(61,12139),(64,37890),(65,24024),(66,9880),(67,32429),(69,30944),(70,8526),(72,34433),(73,16294),(74,3164),(75,16779),(77,22241),(78,28854),(79,29611),(81,12367),(84,11039),(85,17888),(86,27096),(87,2542),(89,23350),(90,4409)]	159.199326
959	[(1,2217),(3,24517),(4,7298),(5,25141),(6,25474),(7,2086),(8,26544),(10,30846),(11,17681),(13,13279),(16,32020),(17,21803),(19,5236),(22,38431),(24,11636),(25,25306),(26,30899),(29,38682),(31,26162),(32,2962),(33,10810),(35,10733),(36,31653),(37,25215),(38,21),(39,21704),(40,20254),(41,5539),(42,38727),(43,7464),(44,24432),(45,5970),(46,5704),(48,3761),(49,37904),(52,22333),(53,31513),(54,19215),(55,23306),(56,7527),(57,16809),(59,6244),(61,13608),(62,1809),(63,17096),(66,7142),(67,11618),(68,7120),(69,33463),(70,11850),(72,3752),(73,27607),(74,26262),(76,17369),(77,22125),(78,22220),(79,19046),(80,25557),(81,3150),(82,29676),(86,7623),(87,22359),(89,30468),(90,11640),(91,17079),(92,19048)]	141.332035
960	[(2,21365),(4,21362),(5,9590),(6,34534),(11,14487),(13,20185),(14,11027),(15,31172),(17,17920),(18,2212),(19,16403),(20,4721),(21,24752),(23,1752),(25,16141),(26,38550),(28,14416),(30,36429),(31,17354),(32,17817),(34,22088),(35,38375),(38,13370),(41,2753),(42,34240),(43,32712),(44,162),(45,35416),(47,13167),(48,13362),(51,26974),(52,13571),(57,36716),(62,4599),(64,11185),(65,29172),(66,35522),(67,4363),(68,14968),(69,29421),(72,30672),(74,844),(76,16447),(77,12063),(78,2752),(79,4687),(80,11232),(83,37958),(87,13333),(88,26266),(91,21122),(92,16951)]	152.435796
961	[(0,14142),(1,16170),(2,17112),(4,38252),(7,1133),(8,4312),(14,30569),(16,11301),(17,26064),(18,24091),(19,3002),(21,8247),(22,24318),(24,7983),(26,1750),(27,17443),(32,4247),(33,23821),(34,17237),(36,11878),(38,18739),(40,6346),(41,23166),(43,20312),(45,6973),(46,3522),(47,13137),(48,23395),(50,38093),(51,37173),(52,37079),(53,1275),(54,2556),(58,4561),(62,34927),(63,18495),(64,32139),(65,24884),(66,34451),(68,35948),(69,17919),(70,21794),(71,15310),(72,36696),(76,3987),(77,4219),(78,26818),(79,25155),(80,20324),(83,39031),(84,3580),(86,31978),(87,26021),(88,14490),(89,20056),(90,10723),(92,24010)]	147.607297
962	[(0,26599),(1,22784),(2,7476),(3,27960),(7,37677),(8,37065),(9,10566),(12,16912),(14,37884),(15,6149),(16,7560),(17,802),(18,6959),(21,26489),(23,6462),(27,7887),(28,7333),(32,19466),(33,29058),(34,8979),(36,37061),(37,38870),(38,28869),(40,3484),(44,28325),(45,25219),(47,34842),(51,12947),(52,27044),(55,35227),(56,1564),(57,5005),(58,15246),(62,50),(63,17762),(64,24167),(69,21007),(70,7429),(72,2362),(75,36022),(76,5122),(79,29541),(82,25347),(83,13351),(89,4002),(91,23369),(92,3574)]	142.544750
963	[(0,38846),(2,14002),(3,34450),(5,31630),(7,23515),(8,7365),(9,17470),(10,38831),(11,14128),(12,11745),(13,9260),(14,36994),(17,29950),(18,24492),(23,20742),(24,194),(26,8635),(27,16024),(28,20794),(29,24987),(30,4839),(31,11492),(32,6932),(33,27284),(38,38710),(39,13901),(40,18332),(41,30595),(42,13008),(43,33030),(44,24462),(45,19457),(46,28432),(50,29523),(55,9550),(58,8238),(61,7923),(62,14946),(63,36905),(64,12974),(66,34365),(68,37852),(69,3333),(70,23634),(71,37306),(73,33351),(74,16003),(75,25886),(76,34983),(78,16258),(79,32541),(81,27700),(82,4733),(83,5994),(84,22584),(85,10446),(87,6099),(89,34796),(91,31941),(92,19936)]	135.926893
964	[(1,4754),(2,19932),(3,20660),(5,3035),(6,6985),(7,25103),(8,22995),(9,23001),(10,15164),(12,24010),(13,7664),(14,7515),(15,38352),(16,38620),(17,12721),(18,16842),(20,32748),(21,21084),(23,10808),(25,2132),(26,39196),(27,26260),(30,32459),(31,11843),(32,36573),(37,7816),(38,13536),(40,27958),(43,28539),(45,3483),(46,22434),(47,20364),(49,26878),(50,5461),(53,32224),(54,33989),(55,6731),(56,30425),(57,17457),(58,36094),(59,4615),(60,24674),(61,185),(62,31497),(63,25263),(64,24359),(67,35742),(68,27578),(69,4900),(70,24006),(71,38712),(73,4130),(74,27390),(75,8291),(76,21441),(77,20234),(78,12540),(79,3361),(80,29756),(81,3201),(82,35280),(83,9545),(85,4296),(88,16143),(89,10758),(90,27622)]	126.317629
965	[(0,14384),(1,33155),(2,137),(3,19119),(9,29699),(10,31233),(11,10619),(12,36485),(15,38499),(16,21269),(17,23973),(18,17236),(24,33145),(25,20787),(28,8354),(29,28977),(30,28637),(31,29184),(32,29126),(33,9970),(35,30390),(36,35808),(39,12325),(41,30980),(43,27711),(44,23877),(45,32377),(48,37588),(49,27535),(53,16719),(56,26945),(57,23150),(59,7066),(60,30284),(61,5168),(62,36006),(63,16180),(64,29519),(65,34992),(66,1321),(67,6243),(68,14545),(70,4738),(71,22722),(72,28975),(73,16425),(75,2984),(77,16682),(78,19021),(82,31770),(85,33435),(86,194),(87,12972),(88,22119),(89,17354),(90,13268)]	120.938770
966	[(0,12444),(2,13856),(5,31063),(7,18353),(9,11020),(11,25244),(12,11776),(14,38815),(15,10247),(17,10254),(18,6457),(20,30769),(22,5247),(23,37302),(24,12010),(25,35902),(26,15717),(28,25230),(31,22716),(34,3782),(38,26639),(40,27053),(42,11047),(43,24858),(44,26500),(46,19761),(48,9950),(53,27065),(56,24730),(60,22174),(61,31220),(64,2553),(66,25169),(69,23564),(70,13758),(71,9054),(74,15973),(76,14913),(77,38424),(81,26430),(83,29140),(85,5292),(87,29036),(89,14876),(91,37239),(92,22779)]	175.195949
967	[(0,194),(1,12972),(4,12297),(5,18985),(8,3978),(9,7832),(10,36165),(11,4349),(13,26068),(14,18161),(17,26334),(19,11187),(20,18235),(21,25849),(22,36985),(24,32121),(25,36831),(26,28514),(28,33985),(31,23153),(32,29684),(33,9681),(35,10760),(37,570),(38,8956),(39,22503),(41,11561),(43,11473),(44,1822),(46,34268),(49,32804),(50,31054),(51,31045),(54,35592),(55,28301),(57,11391),(58,7916),(59,37405),(60,3988),(61,9226),(62,25565),(64,16490),(66,10701),(70,13308),(72,32546),(74,7385),(78,11928),(79,23628),(80,33366),(81,14154),(82,14028),(83,5080),(84,22478),(86,12287),(87,10576),(88,23599),(89,26552),(91,37130),(92,38237)]	144.620289
968	[(4,29098),(8,20214),(9,14068),(10,16087),(11,12727),(13,18686),(14,14501),(16,32552),(18,20599),(27,23563),(29,27306),(30,3599),(31,38722),(32,23965),(33,3758),(35,13025),(36,9104),(38,22600),(39,2820),(40,21400),(42,14977),(44,38487),(45,22543),(46,10540),(47,4234),(48,31289),(49,19433),(50,4680),(51,24381),(52,3726),(54,31348),(55,9549),(56,27272),(58,21148),(59,28659),(60,30085),(61,22381),(62,30627),(63,23816),(64,24352),(65,30932),(67,38364),(69,9577),(71,4273),(75,38739),(77,38088),(78,2008),(80,35271),(82,19354),(85,15119),(87,4816),(89,23311),(90,12495)]	132.465768
969	[(2,33314),(5,3884),(6,27123),(7,25142),(8,27906),(11,27327),(12,31320),(13,17428),(16,27836),(17,17366),(19,4018),(20,4148),(21,19687),(22,2180),(23,19430),(25,19620),(28,21613),(30,30203),(31,12073),(33,30743),(34,31904),(36,18014),(40,21781),(42,6255),(43,3590),(44,14145),(45,29754),(46,10386),(48,12610),(49,35175),(50,27691),(52,10524),(55,32487),(56,38294),(57,38184),(58,39073),(63,25437),(66,22069),(67,31793),(68,29345),(69,27824),(70,16128),(72,516),(73,17136),(75,6330),(77,25357),(79,24491),(80,22763),(82,29058),(86,23776),(91,739),(92,32182)]	133.180407
970	[(0,13275),(1,15782),(2,22629),(4,33384),(5,27749),(6,28349),(8,37247),(9,15900),(10,35646),(12,13891),(17,32915),(19,12053),(20,35218),(21,27253),(22,4164),(25,1180),(26,33233),(28,11254),(29,4212),(30,10038),(31,36182),(32,32550),(33,38667),(35,14991),(38,38017),(39,1836),(41,36632),(43,22497),(44,13954),(46,22320),(47,15),(48,21482),(49,34289),(50,26234),(51,15145),(53,10683),(56,14286),(57,14475),(58,33075),(59,31038),(62,37594),(64,2077),(65,1216),(66,29583),(67,11517),(71,31184),(74,16792),(77,27025),(79,29126),(81,39145),(82,26301),(86,23624),(87,26291),(88,29934),(91,11215)]	151.692101
971	[(0,17699),(6,32802),(7,8577),(10,19722),(11,10285),(12,7100),(13,35335),(14,27893),(16,1109),(17,14068),(19,27965),(20,33754),(21,13567),(23,10076),(25,23421),(26,21421),(27,27808),(28,6140),(29,8175),(33,33302),(34,36611),(36,21690),(37,25720),(38,1518),(39,32890),(41,11244),(42,35992),(43,9866),(46,19641),(47,21461),(48,7711),(50,13353),(52,17238),(53,17895),(54,23545),(55,34632),(56,22808),(58,33307),(60,32513),(61,32067),(62,38205),(63,12751),(64,1706),(65,25761),(67,8985),(70,20300),(71,37807),(73,12094),(74,8932),(76,29245),(78,7613),(79,1855),(80,34241),(81,19656),(83,24641),(84,12162),(85,15310),(89,18380),(90,22730),(91,1853),(92,7871)]	138.700078
972	[(0,25579),(1,8213),(2,1271),(3,14127),(5,8383),(6,20493),(8,2307),(9,33703),(10,2283),(13,9909),(14,25984),(16,28291),(18,19730),(20,38799),(21,7769),(23,27749),(24,28349),(26,30257),(28,37665),(29,12666),(30,12055),(34,30467),(37,21558),(38,32616),(39,28091),(41,4382),(42,35509),(45,7979),(46,21670),(47,22115),(48,39197),(49,29235),(51,34020),(52,37377),(54,2376),(55,3270),(56,33580),(57,14981),(59,703),(60,38237),(61,16108),(62,5350),(63,14086),(64,9686),(65,14754),(66,26996),(68,13894),(69,4629),(71,18753),(75,13638),(76,6925),(79,26850),(86,14156),(87,36092),(90,8779),(91,5898),(92,19216)]	171.837073
973	[(2,34789),(4,8770),(5,33333),(6,3516),(8,25875),(9,18362),(10,16576),(11,27262),(12,36199),(13,28348),(14,7143),(15,22877),(16,1982),(17,10390),(18,1465),(19,20805),(21,5752),(23,13373),(24,21445),(25,19104),(29,4885),(30,419),(31,8017),(32,38061),(35,12391),(38,32562),(39,14609),(40,8797),(41,5619),(42,18105),(44,32511),(45,2787),(46,8921),(47,14950),(48,38404),(50,35311),(51,27951),(52,30319),(53,1262),(54,35907),(55,15662),(56,3607),(57,21529),(59,34527),(60,25316),(61,6381),(63,23419),(65,19911),(66,3699),(68,25708),(69,34079),(71,5772),(72,37122),(73,12333),(78,5254),(79,37885),(80,38897),(81,3982),(83,4572),(84,18269),(85,23672),(87,24122),(88,15267),(91,20882),(92,14751)]	286.404284
974	[(0,3948),(4,21904),(5,33631),(6,9490),(7,3924),(8,5226),(9,3914),(10,7251),(11,14844),(12,10320),(13,23098),(14,6802),(15,19959),(16,35066),(17,4327),(19,13633),(20,6863),(21,33813),(22,6129),(26,20895),(27,23397),(29,19228),(30,16798),(33,14487),(35,33199),(36,33809),(37,38379),(39,20194),(44,6125),(46,9316),(47,11125),(49,17530),(51,33573),(52,19968),(53,14248),(55,15832),(58,28436),(60,33502),(63,23613),(65,28220),(67,23486),(70,38610),(72,11253),(73,22854),(74,10340),(75,16887),(77,29802),(78,36046),(79,7943),(81,23582),(83,20112),(85,381),(87,6023),(88,4954),(89,9455),(91,29504)]	261.447174
975	[(0,8383),(4,3911),(7,1362),(8,1333),(10,17063),(12,30847),(14,35471),(15,32162),(16,14221),(21,30998),(22,21176),(23,14562),(25,4260),(26,29527),(27,6035),(28,20196),(29,27044),(33,27664),(34,30109),(36,30541),(39,25957),(40,1105),(41,10594),(42,12713),(43,20739),(45,27677),(46,26539),(47,8640),(48,28327),(50,18422),(53,29169),(54,7218),(55,29096),(56,2723),(57,12385),(61,37903),(62,13763),(63,22698),(65,35146),(68,14527),(69,22903),(70,38828),(71,12659),(72,1443),(76,13778),(78,15227),(82,18600),(83,14662),(84,12481),(87,8235),(88,15658),(91,3608),(92,30585)]	258.131474
976	[(1,3558),(3,36685),(4,6420),(5,11659),(7,35191),(8,25588),(10,26928),(11,11118),(12,28355),(13,30411),(14,27141),(15,19377),(16,8629),(20,6261),(21,25774),(22,15974),(23,39056),(26,39010),(30,4867),(32,19114),(33,14538),(35,18353),(36,16448),(39,19386),(43,1228),(44,7644),(45,24236),(48,20193),(49,25700),(50,36889),(51,27153),(53,1872),(55,32142),(56,11422),(57,1955),(58,7961),(59,35403),(61,4371),(64,22724),(65,4309),(68,38837),(70,12925),(71,6432),(72,21300),(73,3531),(75,890),(76,10773),(77,8338),(78,30499),(79,4564),(80,21527),(81,20114),(82,32770),(87,5140),(88,14180),(90,11468),(92,96)]	252.926963
977	[(1,33677),(2,12825),(3,8237),(4,13276),(5,14196),(7,36961),(8,14405),(10,12875),(12,34284),(13,30150),(15,4325),(23,23727),(26,23699),(28,301),(31,3660),(32,11592),(34,36563),(36,20390),(37,11312),(45,37461),(46,10907),(47,15894),(48,6741),(49,20919),(51,5534),(52,38885),(53,34279),(54,25196),(55,19175),(57,17817),(58,23598),(59,1145),(61,13189),(63,8706),(64,18025),(65,881),(66,9016),(67,9451),(70,5725),(73,6938),(74,38841),(75,4536),(77,5351),(78,22528),(79,9798),(81,16865),(83,6764),(84,1624),(87,27037),(89,17268),(92,13577)]	270.768228
978	[(0,29982),(3,30842),(4,13609),(6,15659),(7,13705),(8,4860),(9,2707),(10,31225),(12,7866),(15,25434),(17,15356),(18,3636),(19,30062),(21,13778),(23,15227),(25,28912),(26,24170),(27,33592),(29,13484),(31,7189),(32,1013),(34,28363),(35,32980),(36,38811),(37,38146),(38,6807),(39,10793),(40,28593),(43,21207),(45,29404),(46,20356),(47,29393),(49,14180),(51,7915),(52,13304),(53,16117),(54,36619),(55,37825),(57,17175),(58,26922),(60,38486),(61,28297),(62,31602),(63,32460),(64,11023),(65,37995),(67,15304),(68,9054),(69,5179),(72,38196),(73,8179),(76,17263),(77,14865),(78,27524),(79,1169),(80,13883),(81,1551),(82,22571),(83,9753),(84,34231),(86,10744),(87,35044),(90,15581)]	264.209284
979	[(0,14736),(2,1732),(4,13453),(5,11181),(7,27246),(8,34938),(9,37768),(10,19316),(11,14045),(13,25840),(14,3994),(15,32186),(16,36514),(17,21773),(18,21916),(19,15288),(21,38312),(22,20247),(23,32027),(24,26694),(26,30132),(28,32171),(29,19833),(30,15331),(31,1160),(32,35560),(35,11515),(36,11120),(37,35767),(38,33779),(40,26531),(43,35340),(45,25968),(46,38739),(49,13985),(51,20360),(53,23424),(56,20802),(57,28001),(59,38250),(60,19052),(61,9634),(63,11043),(66,15945),(69,37450),(70,2591),(72,35576),(74,2907),(75,9304),(76,9817),(77,28431),(78,26185),(79,26975),(80,31095),(81,30535),(84,14082),(85,26161),(86,22823),(87,2654),(88,1661),(90,13275),(91,15782),(92,30097)]	259.102081
980	[(2,22314),(3,31937),(4,32401),(5,1834),(7,15483),(10,8881),(11,13891),(14,30619),(16,15576),(20,20826),(21,27643),(25,5681),(26,37635),(29,26964),(31,9417),(32,36750),(33,27126),(35,23767),(37,6437),(41,7460),(43,16573),(45,25287),(50,19268),(51,29868),(52,1453),(53,10348),(54,34908),(55,10871),(57,25742),(58,18218),(60,34998),(61,9590),(63,13400),(65,31124),(67,26453),(68,24936),(69,17145),(71,19599),(72,770),(75,32563),(76,13246),(77,20675),(78,26610),(79,35330),(80,2798),(81,32906),(82,23627),(83,0),(85,37821),(86,18822),(88,7041),(90,30176),(91,34513),(92,28167)]	256.776743
981	[(0,7666),(2,23549),(3,36475),(7,33098),(8,30736),(9,25427),(10,30347),(11,1678),(13,38594),(15,10716),(17,37527),(18,9627),(19,35211),(23,6320),(25,11378),(28,27831),(31,19923),(32,12940),(33,22389),(35,12415),(36,11123),(40,30120),(42,28288),(48,29004),(50,30014),(52,15980),(53,37540),(54,29021),(57,19145),(59,13164),(60,16645),(62,14961),(64,5106),(66,14040),(67,27743),(68,16124),(69,36257),(70,20317),(71,30750),(72,3680),(73,16554),(75,35142),(76,25691),(80,34040),(81,20936),(83,31546),(86,27292),(87,10026),(88,39182),(89,9001),(90,30805),(92,29148)]	273.394589
982	[(0,30081),(1,11483),(2,37367),(3,19595),(5,37431),(6,22268),(7,9596),(8,26071),(9,466),(10,25004),(13,9162),(15,32843),(16,30174),(17,26660),(18,28925),(19,28562),(20,36662),(21,8975),(22,31304),(24,24077),(25,27515),(26,32612),(27,33335),(33,7004),(34,26055),(36,17557),(37,34071),(38,4399),(39,845),(40,1418),(41,35186),(42,13644),(44,7156),(45,2043),(46,8805),(50,15333),(53,29549),(54,23646),(55,22074),(58,2944),(59,30978),(64,16460),(66,25441),(67,19276),(68,13194),(70,4791),(72,29048),(73,27028),(74,38751),(76,18472),(78,5186),(79,32774),(82,11182),(85,2949),(86,7514),(87,3976),(88,32319),(89,10048),(91,21679),(92,26974)]	249.555747
983	[(1,18154),(2,6260),(4,33714),(5,21236),(6,25106),(7,22016),(8,13791),(12,7550),(15,17988),(18,31364),(19,27902),(20,9558),(22,16858),(23,32991),(24,31509),(28,8494),(30,9373),(31,23710),(32,26524),(33,5368),(34,25296),(41,25837),(42,11423),(44,6493),(45,19481),(47,5783),(48,16800),(50,5638),(51,34186),(52,35251),(54,38455),(55,15901),(56,20395),(57,25188),(58,36106),(59,14292),(60,15144),(61,29929),(63,20246),(67,11727),(68,27952),(69,30018),(70,22156),(71,23943),(72,38945),(73,35147),(74,37868),(75,28380),(76,28836),(77,17094),(79,6646),(80,31611),(82,12612),(86,18505),(87,170),(92,37488)]	252.477274
984	[(1,16952),(4,25533),(5,8459),(6,14805),(8,706),(9,23828),(12,23763),(15,15043),(16,25321),(18,28604),(19,12822),(21,8413),(22,19755),(23,27429),(25,26690),(27,25933),(29,32374),(30,11260),(31,1244),(33,35800),(34,17854),(36,8610),(37,28060),(39,10093),(40,19725),(41,37710),(43,24225),(46,868),(48,11425),(50,896),(51,12169),(55,4257),(56,5574),(57,16913),(58,29558),(59,24663),(60,14320),(61,29237),(62,24000),(63,8291),(64,21441),(65,20234),(66,12540),(67,3361),(68,34079),(71,10006),(72,16142),(73,1937),(74,33158),(75,11837),(76,32801),(82,25965),(84,2347),(85,28909),(86,7777),(87,33418),(88,17652),(89,22338),(90,30148),(91,17602)]	265.861378
985	[(1,33425),(2,1236),(3,32556),(5,9244),(7,16097),(8,2518),(10,8389),(13,34467),(14,35675),(15,3663),(16,21619),(17,29524),(18,32210),(22,10055),(24,6462),(25,18355),(26,33044),(29,2328),(30,11482),(31,3805),(33,29753),(34,29202),(35,10880),(36,22987),(40,23275),(41,5775),(42,38109),(44,36348),(45,32567),(46,33438),(47,33780),(50,1166),(51,29228),(52,13627),(53,14559),(54,13805),(55,16513),(58,27462),(59,12605),(62,29890),(66,14726),(67,35482),(68,33935),(70,37428),(71,23530),(72,3256),(74,29721),(75,17933),(76,14689),(77,782),(78,953),(79,31689),(80,26894),(82,25886),(83,34983),(88,36913),(89,651)]	289.564494
986	[(0,26679),(1,9301),(3,14150),(4,920),(5,32042),(8,26094),(9,33826),(11,11021),(12,7388),(14,36411),(16,35421),(19,14262),(20,18163),(21,762),(23,34926),(29,23129),(31,13415),(33,9151),(34,5233),(35,29072),(39,25229),(40,5430),(42,16333),(43,8262),(45,25980),(46,38571),(47,15220),(50,30802),(53,17950),(56,2244),(57,19444),(60,8293),(61,38564),(62,21709),(64,32096),(65,22900),(67,9405),(68,21894),(69,21748),(70,32012),(71,20749),(72,1169),(73,19834),(74,24343),(77,23452),(78,14077),(79,5551),(82,15895),(84,29886),(86,38930),(87,25741),(88,7874),(89,29964),(91,19183),(92,36201)]	216.681484
987	[(1,35792),(2,25312),(3,15269),(8,11536),(9,2593),(10,25817),(12,12662),(14,14095),(15,16015),(16,5463),(17,29725),(19,5974),(21,32684),(23,36760),(25,34682),(26,17984),(29,27795),(31,14705),(32,19109),(33,15711),(34,2595),(37,11938),(39,12774),(40,9384),(44,20258),(47,29551),(48,24875),(50,23575),(51,27261),(54,38390),(55,8705),(58,24993),(59,12473),(60,3710),(61,38279),(62,12793),(65,36165),(67,779),(68,38675),(69,28188),(73,38775),(75,32428),(77,29187),(78,4431),(79,9962),(80,16473),(82,7670),(83,19464),(87,13402),(88,20591),(91,3526),(92,31738)]	122.599394
988	[(0,3602),(1,8479),(6,33861),(7,13507),(8,10356),(10,19046),(11,37624),(12,19992),(13,24635),(14,38282),(15,11738),(16,35296),(18,3510),(19,36508),(22,11645),(23,26956),(24,2911),(26,15957),(27,21410),(28,16482),(31,33319),(32,20126),(34,2060),(36,2237),(39,34291),(40,21388),(41,26839),(42,5079),(43,26729),(44,6984),(45,34222),(46,33133),(47,20586),(48,15684),(52,4996),(55,10863),(56,1904),(58,8780),(59,5449),(60,19698),(62,4772),(63,22089),(65,2847),(67,35314),(68,2525),(69,12579),(70,39048),(72,4130),(73,11950),(74,38452),(75,7737),(78,637),(79,30374),(80,7352),(81,35),(82,6197),(84,20180),(85,32879),(86,17191),(90,19318),(91,8801),(92,36016)]	126.447848
989	[(1,12737),(2,14197),(4,2868),(5,21055),(7,32657),(8,31030),(9,2859),(13,17948),(14,34097),(16,11674),(17,27281),(18,2617),(19,13484),(22,6943),(23,5860),(24,21510),(25,21802),(26,30867),(27,28466),(28,25450),(29,30982),(30,1258),(31,14510),(32,13481),(33,26838),(34,14252),(35,26545),(36,23941),(37,8673),(39,38839),(40,11134),(43,28381),(45,18321),(46,7979),(47,21670),(48,22115),(49,7645),(51,9299),(52,1231),(54,1028),(55,2897),(58,10349),(61,10035),(62,15746),(63,15778),(64,18313),(65,4569),(66,24515),(70,30258),(72,31963),(74,24692),(75,34032),(77,938),(78,35988),(81,38705),(84,35627),(85,6401),(86,24554),(90,19937)]	122.993812
990	[(0,4646),(1,8780),(3,26635),(6,12368),(9,35785),(10,16512),(11,35568),(12,28696),(13,15743),(14,11587),(15,34688),(16,2599),(19,5137),(20,7186),(22,17994),(25,37103),(26,21612),(27,22380),(30,1788),(31,14919),(32,35113),(33,20276),(34,25230),(38,6672),(39,36208),(40,20803),(42,26254),(43,37363),(45,11155),(46,25497),(48,4928),(49,29702),(50,14902),(51,37104),(54,854),(55,29670),(56,38400),(59,16434),(61,290),(62,23232),(63,17177),(64,32396),(65,14225),(66,3160),(67,18335),(68,34905),(69,15110),(70,4682),(72,35089),(73,26360),(74,5777),(75,29625),(76,3949),(77,2495),(81,37820),(83,14384),(85,3613),(87,16080),(89,26603)]	137.925721
991	[(0,22521),(1,22621),(2,4443),(7,9450),(8,36806),(9,17767),(12,711),(14,5282),(15,38254),(17,32902),(20,3336),(21,13009),(24,12567),(26,55),(27,15174),(29,30156),(30,20091),(31,30373),(32,36046),(34,12192),(35,21263),(36,34053),(38,23588),(40,21621),(42,15992),(46,485),(47,23444),(48,25666),(51,13773),(53,18137),(54,8055),(57,35801),(58,28664),(59,3046),(61,12233),(62,38643),(63,3397),(65,12456),(66,2397),(67,33039),(69,6330),(71,24460),(76,28866),(79,5436),(80,4298),(81,21879),(82,17282),(83,13063),(85,1293),(86,6380),(88,28979),(89,36210),(91,21697),(92,13808)]	123.394353
992	[(0,35836),(1,23810),(2,28308),(5,10221),(6,22614),(8,12046),(9,36721),(10,12996),(11,22528),(12,39036),(13,25944),(14,9608),(15,13072),(16,3537),(18,11944),(21,16845),(23,38091),(26,37732),(27,970),(28,37675),(31,26780),(32,5335),(33,24921),(34,23792),(35,37044),(38,1120),(39,11371),(40,10799),(41,15213),(44,4672),(45,6457),(46,23456),(47,33061),(49,11049),(50,30500),(51,21550),(52,13406),(53,2631),(54,12383),(55,33455),(56,31983),(58,5591),(60,3625),(62,29011),(63,17591),(66,29266),(68,20911),(69,31138),(71,7806),(72,1030),(75,34091),(76,33634),(79,22146),(80,1179),(81,38162),(83,33077),(86,33194),(90,5209),(91,3087),(92,10752)]	152.426837
993	[(1,24204),(2,805),(3,25429),(5,18299),(7,15731),(9,780),(11,13454),(14,5038),(16,36396),(17,3831),(19,9394),(20,6941),(21,36463),(23,10610),(24,6415),(25,32653),(26,13456),(27,13305),(28,6119),(29,21149),(31,28988),(32,26336),(33,166),(35,27443),(37,10223),(38,2382),(39,29652),(40,11989),(44,29274),(45,16997),(46,14541),(49,33541),(50,19898),(51,3002),(53,496),(54,18897),(55,35120),(56,16095),(58,22288),(59,23176),(60,20297),(61,16663),(63,26964),(64,11118),(65,2648),(67,11619),(68,21952),(69,1910),(70,6803),(71,15679),(72,11603),(73,17998),(74,19681),(76,4819),(78,5818),(79,13735),(80,22602),(82,15123),(84,18969),(87,36683),(89,34125)]	118.253531
994	[(0,28558),(1,5448),(2,27651),(4,17187),(7,32394),(8,33809),(10,25517),(13,24137),(14,29659),(15,22768),(17,37297),(18,7579),(19,4583),(20,8042),(23,23409),(24,24604),(25,37651),(26,36882),(27,2445),(28,27729),(31,29270),(32,26392),(34,36836),(35,28568),(36,25760),(37,32299),(38,11246),(40,27594),(41,15466),(42,37115),(43,36638),(46,35383),(47,31327),(48,12393),(51,21184),(52,3115),(53,4923),(54,16592),(55,2149),(59,24937),(62,11399),(64,24114),(65,27806),(66,956),(67,12519),(68,32432),(70,34443),(72,3543),(73,91),(74,15559),(75,25698),(77,19431),(78,36350),(79,31253),(85,31980),(86,25091),(87,3908),(92,23372)]	128.241429
995	[(1,13249),(3,25159),(4,37172),(5,30833),(7,4050),(8,20031),(9,34005),(10,27171),(11,18978),(12,1996),(13,36407),(14,20218),(16,4741),(17,18432),(18,6791),(19,16655),(23,35852),(25,17267),(26,11705),(27,10165),(33,27211),(35,13598),(38,32324),(39,13558),(41,7369),(46,14719),(47,21997),(48,20244),(50,3220),(53,2456),(54,30100),(55,29667),(57,17887),(59,20207),(61,4625),(63,22625),(64,5310),(66,32243),(68,26663),(69,32277),(70,28976),(71,30083),(72,8682),(73,3057),(74,2112),(75,28241),(77,21510),(78,16660),(79,2245),(80,33833),(82,6746),(84,8491),(85,35110),(87,3690),(89,12541),(91,15152),(92,14635)]	120.588456
996	[(0,17077),(1,15724),(4,15240),(5,1185),(6,2243),(7,37163),(8,23148),(12,34767),(13,14595),(18,38579),(19,6936),(21,1894),(23,30822),(25,17424),(27,11643),(30,13632),(32,7359),(34,33005),(35,24464),(36,17794),(38,10640),(39,30322),(40,7649),(42,33093),(44,10448),(46,18470),(50,22334),(51,17491),(53,11542),(55,895),(56,28003),(57,16769),(59,27467),(60,10817),(61,15361),(62,37383),(66,12545),(69,35377),(70,4008),(71,8360),(72,19293),(73,24158),(74,38485),(75,17036),(77,3414),(78,3621),(79,19725),(80,37710),(81,21407),(83,15152),(84,35589),(85,35687),(86,28206),(87,119),(88,23835),(89,8203),(90,8888)]	126.589015
997	[(1,23932),(3,10935),(6,14792),(7,8884),(11,23377),(12,26904),(14,6929),(15,18655),(17,9774),(19,33368),(20,35926),(22,27510),(23,26776),(24,8561),(29,23245),(30,19170),(31,29429),(32,27698),(33,33622),(34,10418),(35,14904),(36,2014),(37,20957),(38,9362),(39,14319),(41,23955),(42,8218),(44,22595),(47,8068),(48,22508),(49,34535),(50,5525),(55,3710),(56,38279),(58,15364),(61,34585),(62,7098),(63,1780),(65,35369),(67,5509),(68,1330),(69,5584),(70,36850),(75,17281),(76,8762),(77,37482),(85,1816),(87,33021),(89,6766)]	130.913516
998	[(0,33597),(2,5017),(6,14749),(7,2583),(10,21149),(11,7619),(12,34838),(13,34191),(14,9195),(15,16687),(16,4420),(19,13534),(20,5153),(21,27592),(23,20863),(25,15476),(26,28104),(27,28697),(29,13007),(30,3804),(32,13977),(33,22262),(34,23170),(36,29357),(41,4274),(42,30400),(43,33289),(44,31208),(45,31211),(48,10287),(49,12363),(50,30897),(52,29750),(54,21619),(55,29524),(56,30257),(57,20440),(59,5929),(60,2153),(61,2515),(62,6119),(63,21149),(65,29930),(66,19446),(67,35444),(72,29633),(74,10084),(75,35363),(76,25684),(77,32825),(81,5359),(84,6690),(85,13136),(88,17214),(89,21547),(91,13414)]	134.603106
999	[(0,5093),(1,31629),(2,38948),(8,20760),(10,34141),(11,8303),(13,28798),(16,37658),(17,25882),(20,23156),(21,17822),(22,4156),(23,12044),(24,16102),(25,22676),(26,37332),(27,3625),(28,6683),(29,38229),(30,24643),(31,23218),(32,7542),(33,24834),(34,29264),(38,6096),(40,6264),(42,18079),(45,12914),(46,22980),(48,36778),(49,6212),(50,19344),(51,37702),(52,31120),(56,35316),(58,7819),(61,708),(62,33235),(64,5099),(65,17091),(66,17007),(68,9448),(69,14740),(70,35590),(71,36233),(75,27038),(76,7887),(79,5040),(80,25825),(82,23131),(85,31820),(89,15523),(90,38480)]	138.202508
