ruleset_index	matches	time_ms
0	[(0,24772),(4,8026),(5,20833),(7,27822),(8,11504),(10,17576),(12,33846),(13,17343),(14,23309),(15,31838),(16,32871),(17,20660),(18,18620),(19,34035),(20,26629),(22,19725),(28,15332),(29,1000),(34,23031),(36,33757),(40,29819),(41,19118),(42,1951),(43,8663),(44,19455),(45,18388),(46,10693),(47,24597),(48,4292),(49,15396),(53,23236),(55,11371),(58,3891),(73,1079),(75,13567),(78,18140),(79,23710),(80,28462),(86,17714),(88,17712),(90,4244),(91,26233)]	215.705821
1	[(1,2671),(3,32082),(4,16154),(7,3206),(8,3810),(10,23112),(12,2747),(13,19650),(21,12890),(22,3637),(25,32272),(26,14282),(27,10109),(28,106),(29,25731),(30,2928),(31,8536),(34,501),(35,32335),(39,26675),(40,5697),(42,7371),(44,14117),(45,3984),(48,30004),(53,812),(54,27336),(57,12999),(59,21683),(60,28016),(62,22580),(64,30920),(65,13361),(70,13677),(71,14703),(72,4203),(73,19489),(74,13377),(79,10053),(81,30193),(82,9944),(84,5271),(85,7284),(89,17293),(91,18315),(92,28349)]	214.096658
2	[(3,19882),(8,26559),(10,29875),(12,8993),(13,23729),(19,29214),(20,5313),(21,33161),(22,14772),(23,27481),(25,28332),(26,16303),(27,23467),(28,7337),(32,11864),(34,13823),(36,4673),(38,24772),(40,5933),(41,31911),(42,10755),(43,11665),(44,1784),(49,13115),(52,15947),(55,19546),(56,3525),(60,10309),(61,9019),(63,2078),(64,23710),(65,28462),(69,4450),(71,28893),(74,21581),(75,19531),(76,13612),(79,7237),(82,1432),(83,3162),(84,26270),(85,24242),(87,19202),(88,3868),(90,21687)]	222.475920
3	[(2,9185),(4,11380),(5,11762),(8,24050),(9,26929),(10,31065),(11,32541),(12,21651),(14,26574),(21,10179),(22,15704),(23,19174),(26,33323),(27,27363),(28,14663),(29,22092),(31,21802),(32,11952),(33,2305),(35,16672),(37,9349),(38,7762),(39,17382),(40,26531),(42,10053),(45,10715),(47,24824),(48,18575),(49,23708),(52,20688),(53,2036),(54,7698),(55,8025),(56,7823),(58,28418),(62,17002),(63,25113),(64,27952),(65,31284),(66,7454),(67,18077),(72,29688),(74,9321),(76,10533),(79,27632),(80,18679),(81,32693),(82,7389),(84,2444),(85,19333),(89,8272),(90,3554),(91,2931),(92,4151)]	226.541045
4	[(0,4236),(1,7146),(6,8015),(7,24185),(8,4897),(10,24224),(12,8711),(14,28979),(16,21552),(17,29651),(18,5758),(19,976),(20,24619),(21,11569),(23,22947),(24,28110),(25,23199),(27,9294),(32,4566),(33,26935),(35,14594),(36,12399),(42,33040),(43,28203),(44,32496),(45,28106),(46,316),(47,21455),(48,18829),(49,23303),(50,24200),(51,7176),(56,24992),(60,12985),(64,12533),(65,23327),(67,1433),(69,30862),(73,2610),(75,7089),(77,5229),(78,22770),(79,31221),(80,4877),(83,7109),(87,3946),(89,14009),(90,5494)]	206.740160
5	[(0,16584),(1,29309),(2,11874),(3,21749),(9,5813),(10,33292),(11,29588),(12,17515),(15,183),(16,8327),(18,29034),(19,26065),(22,9914),(23,16671),(24,4188),(27,9884),(31,32194),(33,12320),(34,25155),(36,27825),(37,17101),(38,28792),(39,20734),(45,13876),(46,20533),(48,4844),(49,29490),(53,20390),(55,4758),(56,7950),(57,2286),(59,19287),(60,28848),(61,33124),(62,6671),(63,311),(65,1088),(67,1424),(71,26479),(73,31264),(74,17934),(75,9753),(77,29519),(84,4531),(87,6673),(88,5087),(89,880),(91,21515)]	215.986869
6	[(4,20032),(5,7551),(6,33490),(8,22805),(9,2668),(10,30500),(11,10308),(12,9117),(15,17809),(22,32078),(23,27462),(29,4360),(31,32792),(32,29259),(33,7951),(35,2440),(36,15830),(37,15994),(38,13752),(41,31578),(43,20125),(44,18594),(45,25736),(47,11720),(48,2865),(51,4283),(52,10634),(53,17227),(56,18158),(59,23574),(60,32480),(63,14726),(65,22792),(69,6998),(70,3391),(73,3733),(74,16207),(75,17958),(79,28495),(80,27832),(85,23936),(87,26272),(89,34022),(91,502),(92,8189)]	234.944068
7	[(2,32910),(4,5432),(5,3925),(9,14685),(15,32902),(17,2277),(18,23711),(19,11992),(23,22124),(24,32024),(25,29678),(26,24324),(27,19670),(29,589),(36,27676),(37,15463),(39,6974),(40,29392),(42,22630),(43,6797),(46,1827),(47,33119),(49,24996),(58,12141),(59,14129),(60,30484),(61,24323),(62,18172),(63,5360),(64,11080),(69,2621),(72,19615),(73,28763),(74,2940),(79,21815),(81,10269),(82,4194),(85,26797),(88,8383),(89,17896),(90,27137),(91,28041)]	270.005129
8	[(0,6365),(1,31129),(3,32867),(4,32178),(6,26898),(7,8685),(8,18656),(9,30575),(11,33506),(12,2544),(13,18531),(15,25959),(16,9601),(17,4075),(18,5457),(19,30038),(25,15619),(26,24087),(28,23865),(29,12466),(33,21402),(35,169),(40,24977),(41,17501),(43,30762),(44,21821),(47,17637),(48,7753),(49,9168),(50,8044),(52,24281),(54,26574),(55,20338),(56,4038),(58,28585),(59,24617),(61,27299),(63,33084),(64,17586),(65,8435),(66,29955),(67,17167),(71,32328),(72,27636),(73,19184),(74,6097),(77,7997),(78,1952),(79,22069),(82,16542),(83,9591),(84,18666),(85,12334),(86,3088),(87,15902),(92,13908)]	216.222231
9	[(0,18970),(1,17622),(4,19216),(5,1475),(9,12636),(11,25562),(13,14111),(15,23260),(18,22718),(20,23554),(25,5252),(27,4257),(28,1496),(29,33099),(30,575),(31,6086),(32,7920),(34,11486),(36,28990),(37,13426),(39,21579),(41,9992),(42,24409),(43,15975),(44,20347),(51,2949),(53,5408),(55,28561),(60,29116),(63,3369),(64,19724),(65,13772),(66,20368),(67,6310),(70,19980),(72,23845),(73,17561),(75,19957),(78,13166),(79,18683),(84,5875),(85,9565),(87,15325),(89,16456),(90,3714),(92,31161)]	106.000020
10	[(2,20239),(3,17923),(8,25209),(13,10893),(14,15309),(16,26457),(17,30578),(19,27082),(21,4295),(28,9995),(30,8686),(32,7878),(34,412),(35,6812),(36,29670),(37,8061),(39,16609),(41,32904),(42,18713),(46,14187),(48,22356),(49,12476),(50,8040),(51,23888),(52,33427),(55,30305),(56,9949),(57,24953),(61,7348),(63,11326),(64,22577),(65,10988),(67,16997),(68,3643),(69,9213),(71,21400),(72,3560),(74,12487),(77,13914),(81,23861),(82,16354),(83,2972),(86,11942),(89,26691),(91,33952)]	111.882297
11	[(0,33129),(3,16486),(4,13498),(5,19531),(6,5117),(7,26052),(8,32066),(9,25966),(10,18526),(11,20292),(12,4152),(13,5177),(14,10012),(15,27904),(16,4597),(18,21167),(20,9578),(23,14589),(28,26001),(29,8976),(30,15937),(32,33135),(34,18694),(35,4364),(38,30308),(39,22278),(40,5962),(42,30995),(44,10058),(46,21742),(48,28738),(50,25733),(52,18997),(53,26624),(54,21982),(56,6615),(62,28832),(64,5696),(65,28448),(71,3728),(72,30217),(74,30299),(75,12294),(76,19128),(77,24165),(80,26725),(81,5434),(82,5648),(83,2864),(84,21988),(88,3180),(90,17238)]	104.870177
12	[(0,1118),(2,30059),(3,6416),(4,22842),(6,32478),(7,26163),(8,26805),(10,1644),(13,23948),(14,4970),(15,26900),(16,4929),(17,31294),(18,17444),(20,16326),(21,21010),(22,33847),(23,2481),(26,2031),(28,18326),(29,24090),(33,5450),(34,13168),(35,26663),(36,8805),(38,26797),(39,28557),(40,15006),(42,23450),(43,22350),(45,6626),(46,10537),(49,2258),(50,11030),(51,10269),(52,14828),(53,326),(54,14703),(55,4203),(56,19489),(57,4398),(60,20403),(62,26913),(67,4099),(68,15750),(69,12421),(70,4040),(71,30430),(73,30620),(75,13777),(77,14809),(78,28300),(79,7328),(81,23260),(83,5937),(85,3106),(90,31166),(91,16922),(92,1951)]	103.793388
13	[(0,8027),(1,25470),(2,31060),(3,6384),(4,28527),(6,29205),(7,2301),(10,20758),(12,3574),(13,12853),(15,25077),(16,30277),(17,4457),(18,31317),(19,20425),(20,3295),(21,24936),(22,9558),(23,21986),(27,21324),(29,1046),(30,4916),(31,20191),(32,16),(33,29349),(34,4287),(35,12463),(37,29739),(38,18225),(39,1371),(40,6872),(44,28180),(47,3186),(51,28301),(54,27593),(56,9568),(57,16978),(58,24598),(59,8293),(62,25725),(63,12207),(65,4193),(73,27118),(74,15354),(75,21511),(76,3931),(77,109),(79,25428),(80,11388),(81,14977),(82,1580),(83,4160),(84,16931),(90,4202)]	107.586299
14	[(0,16167),(5,17404),(8,6385),(9,11118),(10,32192),(12,3228),(13,14735),(17,12702),(19,26312),(26,10022),(27,5921),(32,12922),(33,20692),(36,7570),(37,14585),(40,2686),(41,6941),(42,25561),(43,25892),(44,23182),(45,4582),(48,24109),(49,578),(51,6520),(52,12296),(54,28245),(55,1246),(56,19619),(57,12774),(58,15921),(59,19789),(63,31989),(64,11716),(65,31342),(66,32373),(68,10493),(69,26104),(71,26699),(72,26181),(78,10575),(81,21729),(82,14467),(84,18764),(87,19369),(91,30993),(92,31245)]	116.625600
15	[(1,5456),(2,5798),(5,6884),(6,6167),(8,22730),(11,27811),(14,2958),(16,5941),(17,29630),(18,1615),(20,20442),(21,21597),(22,26117),(24,10564),(25,3621),(26,16682),(27,6621),(28,26863),(31,12710),(32,22815),(34,9483),(35,26477),(39,8983),(46,25724),(49,9112),(53,7825),(57,25480),(58,22504),(61,19017),(63,4382),(65,23062),(68,6724),(69,5645),(72,3145),(74,2786),(75,19898),(76,19818),(79,31321),(80,28419),(83,20992),(84,8254),(86,33395),(87,901),(88,33168),(89,7411),(90,10068),(91,24837),(92,11497)]	109.687013
16	[(0,8609),(2,22952),(3,728),(10,19767),(11,19739),(13,24577),(16,17136),(17,21224),(20,16123),(21,4795),(22,6510),(25,23102),(28,26010),(29,19586),(32,33909),(33,2857),(35,18975),(36,2166),(38,12266),(39,23045),(40,30688),(43,7614),(46,20257),(47,18146),(48,17314),(49,6405),(52,1734),(53,4942),(54,11557),(55,6667),(57,177),(58,8926),(61,2283),(62,3311),(63,775),(64,14245),(68,23866),(69,22323),(70,3592),(73,17573),(78,23448),(81,6822),(83,5972),(85,24570),(87,3832),(88,4919),(89,29313),(90,31831),(91,11742),(92,3271)]	128.461970
17	[(1,4027),(4,12553),(5,8469),(6,22671),(8,9322),(13,14816),(17,33881),(19,9354),(20,8708),(22,27271),(23,27094),(24,21984),(26,119),(27,2087),(29,27113),(30,5468),(31,26063),(32,33103),(33,9839),(34,25459),(35,22351),(36,756),(39,8633),(41,33013),(42,10169),(45,24595),(46,30719),(50,8635),(51,20134),(52,16949),(53,31847),(54,1425),(57,6210),(58,20428),(66,28760),(68,15847),(69,23817),(70,24379),(71,686),(73,5137),(75,32545),(76,9842),(77,31984),(79,19712),(80,31073),(81,7071),(82,19974),(83,14251),(87,25210),(88,17204),(89,13581),(91,32339)]	105.252413
18	[(1,12968),(2,23945),(3,24158),(5,32434),(6,7582),(7,14331),(8,26895),(10,21147),(11,11769),(13,9488),(14,21671),(16,28078),(17,1481),(18,20859),(20,9131),(22,17201),(23,19039),(24,21483),(25,22939),(27,22864),(28,11958),(29,19412),(30,26607),(33,4151),(37,1561),(38,30358),(39,3084),(41,31049),(43,19945),(50,22269),(53,8845),(55,15327),(58,27264),(65,9775),(67,12465),(69,8428),(74,20666),(76,21098),(77,25201),(79,6387),(80,4383),(82,33286),(83,31448),(88,25600),(89,11423),(90,18861),(91,33602),(92,6957)]	98.433240
19	[(3,21559),(5,20320),(6,11784),(8,17361),(9,22117),(10,19145),(11,28757),(12,10619),(13,22942),(14,14959),(16,20158),(17,30396),(18,22854),(19,31605),(22,26488),(27,29207),(30,8646),(32,28379),(34,32356),(35,1563),(36,19013),(37,22531),(38,4489),(40,29729),(44,23748),(52,20507),(53,28778),(54,4036),(55,20869),(56,28041),(57,22396),(58,7161),(61,6728),(62,10704),(65,21681),(66,23549),(68,10721),(69,25740),(70,32624),(71,24687),(74,17509),(76,6159),(77,6241),(78,4899),(80,6394),(81,30638),(84,5615),(85,17220),(88,6174),(91,3448),(92,10026)]	129.190021
20	[(1,2679),(2,7824),(4,33804),(5,16317),(7,6201),(8,32035),(9,16690),(12,6177),(14,24745),(17,30978),(20,30137),(21,33760),(22,21342),(28,10647),(32,33237),(34,7184),(36,16374),(38,3560),(40,25088),(44,18069),(45,11459),(50,5255),(56,31468),(57,28224),(58,1854),(59,32073),(60,12566),(61,29981),(62,5575),(64,8508),(65,28439),(67,25515),(68,22305),(69,22169),(70,27592),(74,10489),(76,13238),(78,3846),(82,22834),(86,3262),(87,16749),(89,32367),(92,3921)]	108.628197
21	[(0,19602),(1,31261),(2,14223),(3,10224),(4,17112),(5,22499),(9,12318),(13,33936),(16,4965),(22,11426),(23,13029),(24,30678),(25,10775),(27,26483),(29,6947),(31,18680),(32,21300),(33,30789),(35,26416),(37,33894),(38,8894),(41,20171),(43,21551),(51,9614),(52,3007),(53,28257),(58,14667),(61,24819),(62,22652),(64,28877),(65,15883),(66,9930),(67,0),(68,13751),(69,15357),(70,18690),(71,24180),(72,9248),(73,22036),(74,17397),(75,24826),(77,13164),(78,30576),(80,13366),(82,23934),(83,28187),(84,19548),(86,3875),(88,23930),(90,17667)]	105.222158
22	[(1,28284),(2,10098),(3,27037),(4,1753),(6,8349),(7,17094),(11,7750),(12,3810),(14,15212),(16,1283),(20,25169),(22,6034),(26,29301),(27,22546),(31,16041),(33,13801),(34,20672),(36,32902),(38,2277),(39,10141),(40,32657),(41,11832),(42,33366),(44,33419),(48,9627),(50,25669),(53,29464),(54,17090),(55,24205),(57,29124),(61,7826),(62,2557),(65,13476),(68,21981),(69,17370),(71,6649),(79,19478),(82,15464),(86,12319),(88,33303),(90,3734)]	121.197799
23	[(1,5431),(2,10899),(3,1200),(7,24950),(8,20667),(11,21631),(12,2998),(16,19898),(18,13613),(20,19347),(21,24474),(23,14545),(26,20940),(28,6148),(31,18484),(34,12746),(36,27654),(37,27224),(38,3930),(39,23247),(40,28531),(41,11369),(43,33717),(47,24585),(49,12284),(50,15996),(51,20632),(53,7384),(57,14329),(58,26099),(60,21078),(61,9738),(62,15270),(63,3042),(65,21332),(66,28721),(67,33125),(68,4845),(71,16364),(74,2956),(77,20015),(78,1160),(79,11975),(82,6618),(84,29278),(85,28346),(87,28491),(92,27634)]	119.009861
24	[(2,15421),(3,23286),(4,27380),(5,23294),(9,25790),(11,14840),(12,14783),(14,7131),(15,15758),(16,28613),(18,22124),(22,21762),(23,17879),(24,24989),(29,6314),(30,4709),(31,288),(32,33804),(33,1781),(34,17805),(36,33719),(37,14181),(39,17709),(40,8637),(41,19116),(44,30860),(45,13904),(46,13576),(47,13561),(48,26329),(49,1992),(53,8767),(54,6498),(55,9322),(59,26452),(62,14111),(64,17555),(65,2642),(66,9422),(69,16544),(71,31470),(73,24611),(74,27236),(77,20951),(80,26612),(84,31664),(86,9333),(88,14685),(91,17582),(92,32036)]	111.470140
25	[(3,12396),(4,15538),(8,10789),(9,23547),(10,2346),(11,14402),(12,32389),(13,27094),(15,30314),(17,14393),(19,15040),(21,6446),(23,18456),(24,17915),(25,19602),(27,9344),(32,10614),(33,12666),(34,21890),(37,18007),(41,3275),(43,22577),(44,10988),(45,27768),(48,10981),(49,12081),(51,23012),(52,28777),(54,16179),(56,4138),(57,5955),(61,10061),(62,26032),(64,21470),(66,15948),(67,27481),(69,16787),(70,7299),(73,29864),(74,11912),(76,19938),(78,7878),(81,23054),(83,10128),(84,22911),(86,4800),(92,18726)]	123.178194
26	[(0,31676),(4,33422),(6,19395),(7,1307),(11,19569),(12,23868),(13,29665),(15,31706),(16,20643),(17,32890),(20,19032),(22,17008),(23,25888),(24,13593),(26,15771),(29,524),(33,9531),(35,15234),(39,3722),(40,23465),(44,33195),(47,9796),(48,10022),(49,9625),(50,13026),(52,25134),(54,23678),(55,15041),(59,15790),(60,32005),(62,8937),(63,7660),(65,31846),(66,6777),(67,11697),(68,19927),(69,19047),(73,10153),(78,33537),(81,30344),(85,20753),(86,308),(87,22915),(88,16326),(92,26678)]	113.854956
27	[(2,997),(4,5195),(5,33953),(6,27275),(10,22890),(12,13683),(15,33712),(19,5855),(21,2486),(24,4859),(25,15308),(26,5985),(27,27749),(28,26341),(29,19377),(32,11688),(33,8399),(34,29150),(37,9397),(38,2195),(43,23343),(44,4938),(45,18215),(46,4909),(49,11954),(50,29499),(56,26576),(57,31580),(59,1962),(64,28011),(65,21351),(67,6590),(68,33270),(69,22574),(70,1745),(71,4017),(72,14045),(73,10661),(75,31755),(76,17170),(79,6734),(81,27966),(82,31311),(85,24347),(86,3112),(90,6182),(91,29927)]	105.173004
28	[(3,5537),(4,9359),(7,14604),(8,13251),(9,1955),(13,28450),(15,30444),(18,27533),(21,31072),(23,4285),(24,30382),(27,29134),(28,26370),(31,21065),(34,7477),(35,22339),(36,23815),(37,9179),(39,19836),(40,1467),(45,145),(47,14504),(48,22690),(49,27515),(50,6295),(51,31497),(52,10132),(55,29239),(56,8585),(58,29362),(59,5818),(61,6886),(64,14733),(68,18383),(69,27754),(72,8023),(74,5819),(75,28337),(77,13151),(78,259),(82,17293),(85,19402),(86,32466),(87,16732),(88,6073),(89,12646),(91,28238)]	108.260615
29	[(3,2292),(8,10080),(9,13175),(10,22839),(11,14185),(13,25856),(14,32345),(16,32159),(20,22721),(23,32577),(31,10214),(32,11126),(40,18461),(41,26096),(42,308),(43,27448),(47,3926),(48,738),(49,12322),(50,18049),(51,6392),(52,27824),(53,28344),(57,7018),(58,2420),(62,29582),(64,5662),(65,24306),(70,32617),(72,1136),(76,5230),(79,32963),(80,26509),(81,12840),(82,33253),(83,27410),(85,7043),(86,9486),(87,29587),(89,15142),(92,17123)]	106.035377
30	[(1,19176),(2,24460),(3,20753),(4,9481),(5,10333),(6,1663),(8,12848),(9,3019),(17,20091),(18,19214),(19,26017),(20,3894),(21,31937),(22,60),(26,22487),(28,15337),(32,5458),(34,19618),(35,26793),(37,28975),(39,22375),(40,31272),(41,15244),(42,32442),(43,26092),(45,32356),(48,20388),(53,24074),(54,7536),(57,31716),(59,1420),(60,33719),(61,14181),(62,11506),(63,5684),(65,1260),(66,2208),(67,13733),(68,13645),(69,18131),(73,14223),(74,14180),(77,19318),(78,4016),(80,12093),(85,15329),(87,30517),(89,13054),(90,10823)]	103.167529
31	[(1,33436),(2,31580),(3,2778),(4,2994),(6,8155),(10,2925),(12,26838),(14,19088),(16,29809),(18,28366),(19,12854),(20,24947),(22,29886),(23,18239),(25,33736),(27,20020),(28,1247),(29,5259),(30,33223),(31,3609),(33,9204),(35,16606),(36,14572),(38,12373),(39,1270),(40,11392),(41,4665),(42,25105),(45,14815),(47,11655),(53,11657),(55,6963),(59,30699),(61,13920),(64,27755),(65,23504),(68,20577),(70,2343),(73,33905),(76,32989),(78,21487),(79,5385),(80,4456),(81,31144),(82,28194),(83,22315),(89,28609),(90,29386),(92,7909)]	105.274275
32	[(0,647),(2,5566),(3,32699),(4,13343),(6,12659),(7,2122),(9,31564),(10,26311),(14,31175),(16,5823),(17,26739),(19,9414),(22,10259),(23,21201),(25,15566),(26,20204),(27,23376),(28,29729),(32,8659),(34,19691),(35,5890),(37,33800),(38,30462),(39,25413),(40,26325),(41,30238),(42,18201),(45,14544),(46,14357),(48,10191),(53,6311),(55,18181),(56,9041),(57,10567),(58,7956),(61,20623),(63,15663),(64,1636),(65,66),(69,7725),(70,23774),(71,3958),(72,29125),(73,8804),(76,2407),(77,3612),(78,25948),(80,27887),(82,6419),(85,14329),(87,33444),(89,15071),(90,31043)]	111.177199
33	[(1,32260),(2,1780),(5,19609),(6,31211),(9,21583),(11,26241),(16,14229),(22,16701),(23,8404),(24,11066),(25,1347),(26,22113),(27,27586),(30,5593),(31,32761),(32,28632),(37,6718),(38,27242),(43,26123),(45,15900),(46,18679),(47,32693),(48,8225),(49,22915),(50,16346),(52,24791),(54,2890),(55,9958),(57,31896),(63,12023),(64,1925),(67,17171),(69,9627),(70,15929),(71,33687),(72,13212),(74,31606),(77,16848),(80,6338),(81,32569),(83,28959),(84,29782),(85,33383),(86,20387),(87,20883),(88,31781),(89,17946)]	106.006052
34	[(3,8813),(5,22689),(6,29155),(7,8890),(8,31102),(10,6231),(11,28992),(14,19590),(16,28759),(17,9156),(18,7744),(19,26577),(24,13444),(25,11203),(26,17940),(27,23784),(28,27197),(29,1898),(30,1055),(32,11338),(33,19602),(34,17071),(35,9157),(37,18815),(39,30807),(40,10554),(41,3745),(43,12679),(45,3842),(46,15831),(48,7325),(49,17187),(50,23647),(51,28922),(52,33201),(55,30913),(60,23613),(61,32523),(63,22891),(65,17049),(67,33493),(68,10744),(69,15629),(71,23738),(72,28762),(73,20541),(74,16411),(76,7213),(77,33985),(78,8821),(79,30340),(80,16028),(84,12960),(86,26559),(87,7754),(88,16539),(89,21948),(90,33352),(91,13390),(92,29252)]	116.279608
35	[(0,28093),(1,22687),(2,21292),(5,6673),(6,5087),(7,4482),(11,3558),(12,32570),(14,20956),(16,1901),(17,11337),(18,9833),(19,33937),(20,754),(21,11088),(24,5954),(25,29622),(26,33925),(27,26372),(29,1899),(33,12622),(34,21474),(37,10219),(38,19375),(40,13049),(41,6437),(44,27069),(45,2427),(46,17465),(48,33115),(49,3164),(51,22159),(54,16705),(55,33754),(59,29786),(60,18857),(62,570),(69,29920),(70,10573),(71,3345),(73,18944),(76,19162),(77,18493),(78,33530),(79,1941),(81,28640),(83,25442),(84,1352),(86,11197),(88,13163),(89,12048),(90,31811)]	119.547802
36	[(0,19995),(1,9619),(4,1256),(5,13448),(8,16600),(14,8990),(16,14658),(18,7350),(21,2786),(22,19898),(24,3110),(25,15442),(26,26708),(27,20420),(30,7768),(31,103),(32,15063),(33,24397),(35,20977),(36,32592),(39,9682),(40,7995),(41,13330),(43,19071),(44,5122),(45,6432),(46,17304),(47,32289),(51,30882),(57,13072),(59,3517),(60,15552),(65,3654),(66,32922),(69,29268),(70,5294),(71,14968),(73,10557),(80,11135),(81,1551),(83,25767),(84,10192),(86,27958),(87,7154),(88,15490),(89,3755),(90,32063)]	98.395003
37	[(0,18558),(1,29116),(4,33506),(9,5824),(10,16475),(12,2729),(14,14977),(15,1580),(16,27333),(19,30292),(23,19838),(25,12974),(27,1230),(33,13934),(35,21993),(36,28268),(39,1865),(41,22936),(44,17550),(45,1009),(46,1796),(47,127),(48,17053),(49,10419),(50,2773),(51,86),(53,20628),(54,1407),(55,16443),(56,10710),(57,13471),(58,704),(63,2196),(65,19662),(66,18132),(68,9814),(69,33925),(70,26372),(71,9148),(72,1586),(75,12826),(78,18650),(80,275),(82,25332),(83,32014),(84,26000),(85,20806),(86,28772),(87,11797),(90,22281),(92,30542)]	109.255677
38	[(4,11464),(5,23566),(6,18076),(7,27368),(9,20051),(10,25601),(11,17591),(12,24680),(13,24908),(15,4412),(16,26788),(18,2976),(20,10884),(21,28517),(23,19280),(24,7960),(27,23146),(28,3865),(29,29394),(32,4796),(33,25264),(34,4191),(35,25355),(36,5983),(37,6604),(39,8699),(40,8241),(41,4101),(43,33417),(45,11459),(46,17328),(47,26497),(48,9936),(49,3364),(50,12022),(51,1902),(54,33032),(55,31177),(56,19609),(58,31124),(59,25728),(61,6145),(62,30493),(64,32088),(65,6656),(66,29706),(67,29373),(69,4135),(71,8684),(73,19921),(75,3349),(76,23351),(80,24243),(82,17318),(84,33931),(85,28130),(86,15995),(87,4338),(89,32474),(90,26572),(91,11671)]	101.209798
39	[(0,11716),(4,27779),(5,9101),(6,13483),(8,2881),(11,30825),(12,7302),(13,2370),(15,4),(17,26566),(18,8977),(19,6),(21,767),(22,7008),(24,28008),(26,2554),(27,12915),(28,29842),(29,31114),(30,2822),(32,10789),(34,7854),(35,25674),(36,7739),(38,32964),(45,17830),(46,2491),(48,22672),(49,22847),(51,11233),(52,20301),(53,6732),(55,25855),(57,29380),(58,9216),(61,24968),(62,27370),(64,21963),(65,20647),(67,3009),(68,33812),(69,3923),(71,7280),(72,22420),(74,2358),(75,28971),(76,18896),(77,26221),(78,30459),(79,16386),(80,3981),(83,19796),(84,1271),(85,33622),(87,3729),(90,22887),(91,2565),(92,24253)]	96.884862
40	[(2,31052),(7,6548),(10,2896),(12,7507),(13,28316),(17,24528),(21,23249),(23,2078),(24,8927),(30,17183),(32,5204),(33,13328),(34,168),(37,29134),(38,26370),(40,22255),(41,31038),(42,7196),(43,21006),(46,19149),(47,22212),(48,21000),(49,12550),(51,12262),(52,14145),(53,3529),(54,32169),(58,15571),(59,1075),(60,15181),(62,728),(66,3946),(69,5651),(70,30358),(73,33338),(74,10722),(75,18839),(78,30215),(81,18909),(83,9703),(86,30928),(87,1991),(89,28218),(90,33715),(91,2315),(92,2863)]	99.899589
41	[(3,10577),(5,8186),(6,25555),(7,16448),(8,32232),(9,32989),(10,31370),(15,1153),(18,11779),(19,26436),(21,14935),(22,26823),(23,2801),(24,7616),(25,5850),(26,14260),(27,15425),(28,4783),(31,23650),(34,29541),(35,5152),(36,13788),(42,166),(43,10698),(45,11270),(48,22909),(51,13140),(53,2633),(55,3773),(56,19283),(57,28834),(61,24374),(63,4916),(64,31266),(65,16495),(67,1740),(69,27852),(70,4748),(71,12794),(73,17061),(75,19262),(76,6196),(78,19141),(81,25023),(82,30264),(83,21588),(84,29333),(85,21724),(86,29388),(87,9666),(89,18120),(90,3190),(91,10483),(92,29757)]	108.756587
42	[(1,3941),(3,5775),(5,22695),(7,7398),(8,10707),(9,22240),(11,28738),(14,14261),(20,4812),(23,30692),(26,12817),(28,27831),(30,28694),(31,24447),(34,26572),(36,7511),(37,10904),(39,28645),(40,33206),(42,13914),(44,14832),(45,9745),(46,21018),(47,25961),(49,4864),(52,10731),(53,8613),(56,2071),(59,16374),(60,25520),(61,24851),(64,27659),(71,7419),(72,4244),(73,17844),(74,30704),(79,18738),(80,10435),(82,26244),(85,6604),(86,33563),(89,21047),(90,30710),(91,17804),(92,11181)]	106.132296
43	[(2,29786),(3,28687),(5,27499),(7,24662),(8,3738),(10,27095),(14,6854),(15,26461),(16,12257),(18,10421),(24,8990),(30,30989),(31,30887),(34,20571),(35,27594),(36,4125),(38,23606),(42,33976),(43,30706),(46,11946),(47,18312),(48,6932),(49,25691),(50,32505),(52,10874),(54,25210),(55,17204),(56,21093),(57,13773),(59,31930),(60,29057),(61,9861),(64,21661),(67,1294),(69,11402),(70,30165),(72,32531),(73,31105),(76,22944),(79,14881),(80,23583),(81,22146),(83,16327),(84,7773),(88,25566)]	103.589489
44	[(0,3520),(7,15637),(9,7298),(11,22809),(12,1967),(16,18049),(19,32938),(21,22304),(24,8302),(26,8998),(28,5726),(29,12963),(31,18722),(36,24405),(37,20747),(39,22737),(44,3143),(48,17883),(49,15983),(50,24416),(54,247),(56,32339),(57,2870),(58,21430),(62,6591),(65,21213),(68,26289),(71,8195),(74,28573),(75,28768),(76,19567),(77,12918),(79,8163),(80,29846),(81,13413),(82,34062),(83,6496),(85,6870),(88,2154),(89,2178),(90,16040),(91,30904),(92,16229)]	97.484279
45	[(0,24528),(1,5493),(2,15994),(4,24239),(7,1919),(10,22595),(14,4388),(15,33206),(16,33480),(20,6468),(23,27323),(24,4245),(25,22099),(26,17669),(27,31951),(29,16078),(30,5146),(35,28100),(36,5283),(37,663),(38,26521),(39,17323),(41,25185),(43,9358),(44,3474),(47,17218),(49,29900),(51,26561),(52,31735),(56,28549),(58,4183),(59,20700),(60,13401),(61,27503),(62,13306),(64,22524),(65,4551),(66,25544),(68,16599),(70,9206),(71,9716),(72,16012),(79,12572),(81,9542),(82,28358),(83,6404),(86,29849),(88,10721),(89,4806),(90,2680),(92,743)]	115.596039
46	[(0,19776),(1,2233),(3,23614),(4,1341),(5,31146),(7,13381),(8,6910),(12,7508),(14,19116),(16,18379),(18,9215),(19,5426),(20,22073),(22,10992),(26,6306),(27,3707),(29,31731),(31,32207),(35,32892),(37,26144),(39,25015),(40,4259),(41,25776),(42,5865),(43,27741),(45,22213),(47,20191),(48,16),(49,29349),(51,7997),(52,25439),(53,25726),(54,26696),(58,26144),(59,32028),(60,4563),(62,2632),(64,2805),(66,2447),(67,32179),(70,350),(72,22849),(73,1771),(75,22799),(76,14199),(77,27172),(78,19037),(80,11455),(82,7829),(83,23940),(84,33795),(86,16447),(87,12967),(88,8457),(90,6613),(92,32251)]	96.585685
47	[(2,2125),(4,22732),(6,19179),(7,26047),(8,9742),(10,26513),(12,22273),(13,9265),(15,2460),(16,32396),(17,25234),(20,30732),(23,14167),(24,21718),(26,14078),(27,11534),(29,28768),(30,17152),(32,13910),(33,12108),(34,25579),(35,27807),(36,29733),(38,1258),(41,15728),(44,27434),(45,22709),(46,10057),(48,22714),(52,13618),(55,9949),(57,24868),(59,1868),(62,16208),(63,731),(65,8905),(66,9918),(69,7113),(70,24779),(76,27136),(78,13098),(80,533),(82,17735),(83,29733),(86,12522),(89,24757),(90,7441),(91,25103),(92,33084)]	105.265402
48	[(0,28436),(2,7245),(5,26051),(9,406),(13,358),(15,24765),(16,9089),(18,21137),(20,3562),(24,1022),(26,25641),(28,14073),(29,26049),(32,12793),(35,15532),(36,131),(38,14599),(43,22951),(44,25782),(46,27699),(47,11890),(51,2154),(52,2178),(58,2475),(59,16603),(61,16496),(62,11648),(64,11463),(65,10923),(66,1245),(70,28271),(72,15974),(74,32604),(75,23984),(76,2528),(78,2704),(79,29422),(80,17587),(82,22093),(91,10436)]	100.031145
49	[(0,18310),(3,19562),(5,18331),(7,7759),(10,3757),(14,7922),(18,9610),(19,25000),(20,29505),(21,33242),(23,6475),(27,10293),(30,5049),(32,13643),(33,27606),(34,4613),(36,6384),(37,33236),(38,31451),(39,7689),(40,4171),(41,27944),(47,1056),(48,684),(51,13347),(53,20259),(54,3591),(55,31563),(56,9395),(57,23258),(58,4149),(59,26631),(60,30518),(61,11724),(63,22845),(64,16671),(66,8671),(67,19713),(68,3819),(69,22363),(70,13946),(71,31817),(72,18985),(73,29564),(74,21531),(75,18667),(76,27582),(77,2898),(78,5706),(79,21240),(81,7551),(82,28043),(83,25558),(88,24230),(90,27416),(92,33381)]	96.538794
50	[(3,21636),(4,6869),(5,22923),(6,26977),(7,12933),(8,17167),(11,16854),(15,516),(17,33343),(18,13126),(20,28450),(22,25220),(23,29268),(25,33099),(26,575),(31,8378),(32,4664),(35,25472),(36,1401),(37,28980),(38,883),(39,1859),(40,12365),(42,19096),(45,20846),(47,9257),(49,8687),(50,17912),(51,30912),(52,10341),(53,9869),(57,1686),(59,11438),(60,782),(61,2789),(64,32184),(65,41),(68,31299),(70,15893),(71,33091),(72,26683),(73,6114),(74,5725),(75,21862),(80,4215),(81,22813),(82,30487),(83,6875),(85,31362),(86,6376),(87,18849),(88,16547),(89,32608),(92,83)]	96.832993
51	[(0,32357),(1,13607),(3,9581),(4,9239),(5,9934),(7,12199),(8,20513),(12,7426),(13,8264),(15,11570),(19,2422),(22,28909),(24,12442),(25,28183),(26,5705),(27,13600),(29,19942),(30,18647),(32,17310),(33,11321),(35,27098),(39,15987),(40,5185),(41,18206),(43,33829),(45,29034),(47,6120),(48,9144),(49,13166),(50,5468),(53,23627),(56,2143),(57,15148),(59,26583),(61,25834),(63,23715),(67,21411),(75,5405),(76,6460),(84,12680),(85,3312)]	108.968219
52	[(0,31332),(4,32575),(6,24472),(8,20804),(10,20867),(12,5626),(16,17847),(17,27402),(18,5650),(19,26526),(21,7510),(24,9649),(25,24488),(26,7899),(27,9627),(28,33085),(30,5914),(31,25853),(33,14546),(36,28812),(39,14812),(41,14491),(43,28186),(44,30350),(45,1087),(46,3632),(48,15522),(50,20847),(51,15518),(52,22634),(53,3760),(56,3929),(63,32231),(64,22063),(65,14194),(66,6101),(68,24107),(69,30293),(70,16544),(71,12516),(76,8697),(79,19484),(81,7011),(82,15136),(84,4392),(85,19651),(87,20427)]	102.101267
53	[(0,28226),(2,1026),(3,22785),(6,1661),(7,26229),(8,4866),(9,13750),(12,33392),(14,24343),(15,15405),(16,17659),(17,28829),(18,5315),(20,21496),(21,24081),(22,10502),(24,27864),(25,32152),(26,23153),(28,32957),(29,17638),(30,1768),(31,19603),(32,29417),(36,7007),(39,20367),(40,20016),(41,18967),(42,16987),(44,28089),(45,30050),(48,1185),(49,27091),(52,24181),(54,20776),(55,20551),(56,23180),(58,11662),(61,20920),(62,19949),(63,22313),(65,29193),(70,2569),(71,23799),(73,15080),(75,11951),(76,4054),(79,27768),(81,27860),(82,9191),(84,15209),(85,17213),(88,27740),(89,7442),(90,17144),(91,23477),(92,4781)]	104.183782
54	[(1,13777),(4,14632),(5,18023),(9,3375),(10,19462),(11,4958),(13,32221),(15,20970),(18,4313),(20,33828),(21,26200),(23,10860),(26,3066),(27,14915),(29,9328),(30,16200),(33,9907),(36,6712),(38,29235),(45,28912),(48,7807),(49,16276),(52,8199),(53,11849),(55,19548),(56,15196),(60,29883),(61,12064),(62,17291),(63,29715),(64,4410),(66,26889),(67,31879),(72,22951),(73,25782),(74,6832),(75,13240),(79,5521),(81,24830),(84,22277),(85,6713),(86,27088),(87,2290),(89,26947),(91,2769),(92,5027)]	99.549141
55	[(5,637),(6,8231),(7,25961),(10,725),(11,22999),(12,30985),(16,18449),(25,11495),(26,3946),(27,4119),(30,7548),(32,19588),(34,29966),(35,33154),(36,13570),(37,21336),(42,8411),(43,10140),(44,559),(45,6284),(47,18762),(48,27659),(51,10694),(52,3024),(53,3317),(54,19324),(55,15278),(56,357),(59,25062),(60,12065),(61,21719),(62,22162),(63,788),(65,32904),(67,8911),(69,4262),(70,2607),(71,4605),(72,21193),(75,32970),(82,17550),(83,7618),(86,2786),(87,19898),(89,28393)]	120.961959
56	[(1,33057),(2,32431),(3,27671),(4,18844),(6,13668),(7,2247),(11,18933),(12,18232),(14,21478),(16,32966),(18,20535),(20,21757),(21,16586),(22,18661),(23,2204),(25,32265),(26,25855),(28,13826),(31,17451),(32,23220),(37,25957),(38,10114),(39,28711),(41,7296),(44,28946),(45,1897),(46,33460),(47,1290),(49,33439),(50,1035),(52,13634),(54,19386),(55,18728),(57,25086),(67,23557),(68,17328),(71,23294),(75,6678),(79,11775),(80,24720),(81,14820),(82,8947),(85,10628),(90,7649)]	103.939235
57	[(2,28319),(3,26013),(4,32505),(6,6800),(7,22499),(9,17660),(14,5849),(15,2651),(16,33069),(17,6510),(18,25929),(19,24412),(21,8957),(23,25217),(26,4177),(27,23223),(29,31713),(30,28799),(31,19734),(34,9138),(36,31227),(37,25998),(38,1015),(41,12957),(43,5327),(44,25393),(45,7281),(47,5425),(49,28000),(50,8897),(51,20627),(52,19181),(53,25607),(54,32621),(55,14198),(56,12125),(58,2978),(59,14864),(60,10638),(63,21282),(64,26883),(68,25013),(72,31812),(73,32853),(78,27666),(80,24885),(83,27758),(84,13840),(85,8166),(86,29579),(88,29087),(90,3651),(91,15276)]	99.520342
58	[(1,6708),(3,18100),(6,23597),(8,23005),(10,19591),(11,13310),(12,33963),(14,30793),(15,15171),(16,22696),(17,18453),(19,13182),(20,21980),(23,2542),(25,11319),(26,28794),(28,31970),(31,4657),(32,6102),(33,11658),(37,9245),(39,19360),(40,17397),(41,24826),(46,32319),(48,4783),(50,24782),(52,26290),(54,4625),(56,28627),(58,2008),(59,2377),(63,33034),(64,20055),(67,1977),(68,33832),(71,32412),(73,5045),(74,26883),(76,13336),(77,25548),(79,33059),(80,21332),(81,5264),(82,12003),(84,7511),(86,33264),(90,19939),(91,32978)]	98.124701
59	[(1,5474),(2,14391),(3,27804),(4,26546),(6,3114),(7,13724),(8,22151),(11,11793),(12,8031),(14,16814),(15,33120),(20,32662),(21,20784),(22,18613),(23,20577),(27,8294),(29,9081),(33,1393),(35,27691),(38,32701),(39,8805),(42,6465),(45,18428),(47,21510),(48,10504),(49,2989),(51,2139),(52,26224),(54,18798),(57,7151),(58,26131),(59,33815),(60,12472),(66,29073),(67,30966),(68,123),(69,9258),(72,9713),(79,5554),(81,5923),(82,17626),(83,10066),(84,32841),(85,26754),(91,26900),(92,4929)]	100.176575
60	[(0,19243),(1,25287),(3,22977),(4,17074),(5,22011),(6,29622),(7,33925),(8,26372),(9,9148),(10,16481),(11,24578),(12,7321),(13,28787),(15,25690),(16,4940),(18,33588),(19,4282),(21,25101),(25,17410),(26,3319),(28,3129),(31,12675),(33,386),(34,15428),(37,14108),(41,4867),(43,10021),(49,26439),(50,2614),(55,30897),(60,10213),(61,18923),(63,11836),(64,9461),(68,2520),(69,6129),(70,18661),(71,2204),(72,146),(76,30699),(77,16066),(78,30741),(82,13056),(84,19631),(87,17422),(89,9599),(91,13281)]	103.845071
61	[(0,25190),(1,17277),(4,6658),(5,12685),(6,5821),(7,15285),(9,32740),(10,30884),(11,27828),(14,26117),(15,29404),(17,79),(19,4544),(22,3257),(23,27959),(24,28077),(25,9026),(31,29523),(32,5028),(33,9350),(35,25361),(39,7147),(40,11743),(41,22981),(44,23146),(46,29545),(47,24466),(48,23813),(49,12955),(52,9789),(55,13810),(56,11271),(57,13144),(59,32136),(67,32692),(68,14614),(69,33993),(71,9504),(78,3400),(87,14655),(88,22964),(90,10848)]	103.899446
62	[(1,12702),(3,20382),(5,31761),(8,8438),(11,9528),(12,18503),(13,3067),(16,33292),(17,32643),(18,24293),(20,2825),(21,5284),(23,26761),(24,29947),(25,20100),(26,21136),(27,27066),(29,17755),(34,2426),(35,11055),(36,9150),(37,29533),(42,31787),(44,32637),(46,16455),(47,5280),(48,21345),(50,14319),(52,30234),(55,15634),(58,15308),(59,27724),(60,17872),(61,33536),(62,19963),(63,7484),(65,15125),(66,10183),(67,33573),(68,4718),(72,9576),(73,11325),(74,7943),(77,24444),(78,5848),(81,12716),(83,8238),(84,25144),(85,766),(90,28840),(91,33147),(92,208)]	109.502936
63	[(4,2870),(9,24284),(10,17002),(12,14270),(13,26727),(14,1995),(15,525),(16,21427),(17,30358),(18,3084),(19,11050),(20,27430),(21,570),(22,21393),(25,1994),(27,31745),(33,19171),(34,23690),(35,20002),(37,12739),(40,1100),(43,2907),(46,8841),(48,28415),(49,17048),(50,18260),(52,11969),(54,15738),(57,31326),(58,13395),(59,20124),(60,7894),(61,9400),(63,5594),(64,7421),(65,20438),(67,15335),(68,27140),(69,29174),(73,28420),(77,20511),(80,9283),(81,22172),(82,21175),(85,2220),(87,8218),(88,10146),(89,11781),(90,18319),(91,13979)]	103.046822
64	[(0,32096),(3,11855),(4,13006),(6,6759),(7,24869),(8,16047),(9,24076),(10,13654),(11,32214),(15,10082),(17,3231),(20,13174),(21,15180),(22,6241),(23,4899),(25,15583),(26,26067),(28,18289),(29,24139),(34,24122),(35,19510),(36,101),(38,4913),(40,24594),(41,9483),(42,8359),(43,30032),(48,15568),(49,31828),(51,27197),(53,7914),(55,29019),(56,31865),(57,15046),(61,16409),(62,32820),(64,6732),(66,29274),(68,18190),(69,7816),(70,7626),(72,25290),(74,19632),(78,29290),(79,1939),(80,17803),(82,9564),(85,14154),(88,8095),(89,17862),(90,21544),(92,18358)]	101.078628
65	[(0,29118),(3,8525),(5,25554),(7,3935),(9,10650),(11,14931),(12,17812),(14,13018),(19,20331),(23,3781),(28,24782),(31,5752),(35,3657),(37,33348),(38,1865),(39,16100),(40,26855),(43,32775),(44,15880),(45,14588),(46,7884),(49,4215),(50,30062),(51,24249),(53,31478),(54,32128),(58,12754),(61,4449),(62,11169),(63,1067),(64,8649),(65,9900),(66,5325),(68,13066),(70,33407),(72,1886),(74,20349),(76,924),(77,7577),(79,12152),(82,29610),(84,17282),(87,28092),(88,8716),(92,7098)]	121.479797
66	[(0,28352),(2,26552),(3,5691),(4,13343),(8,7913),(9,10556),(10,14855),(11,22043),(12,24591),(13,17263),(15,13888),(16,27308),(17,32618),(21,8685),(22,18656),(23,18338),(24,1381),(25,22123),(27,33901),(28,16065),(31,22164),(35,18527),(40,4252),(41,2004),(44,13622),(46,11598),(48,4582),(50,14050),(51,11734),(53,15053),(55,8098),(56,8641),(57,33135),(59,15),(60,17402),(61,315),(62,30287),(63,21529),(66,33803),(67,6958),(68,22861),(69,1378),(70,27586),(72,5220),(74,23475),(75,17305),(76,13374),(77,7694),(78,15462),(79,4022),(82,32511),(83,2592),(84,23981),(85,5541),(86,22992),(88,28411),(90,28434),(92,10782)]	106.600184
67	[(0,23183),(1,6601),(2,33495),(7,8387),(8,7176),(12,25923),(16,2240),(19,20185),(21,11768),(25,21241),(27,23175),(28,15576),(30,8622),(31,23177),(32,15368),(33,2000),(34,12693),(37,4612),(38,25541),(39,20852),(40,24882),(42,15038),(43,5664),(44,17727),(53,20022),(54,11460),(56,18505),(57,17760),(59,12469),(60,14819),(62,24892),(64,8932),(65,23998),(66,23910),(70,22301),(71,28060),(72,2686),(74,5059),(75,21261),(79,17497),(82,3912),(83,26943),(84,31234),(85,21784),(87,33512),(89,26432),(91,9529)]	100.707865
68	[(1,6356),(2,4406),(4,3799),(7,23379),(8,23567),(9,13608),(11,26342),(12,33093),(14,2062),(15,17774),(19,23110),(20,19823),(21,2223),(24,10166),(27,4726),(29,26163),(31,29163),(32,26272),(36,3997),(41,25658),(46,9741),(47,23144),(48,27858),(51,22666),(52,15948),(53,14456),(55,26670),(57,11194),(59,9315),(60,21081),(64,2697),(65,3973),(66,28393),(67,33304),(69,31568),(70,4732),(73,10093),(75,13690),(78,11685),(81,21162),(83,5632),(86,11971),(87,17990),(88,27473),(90,32642),(92,5141)]	98.488856
69	[(0,11394),(3,1614),(4,20007),(5,16698),(6,4568),(7,16833),(9,21860),(11,26970),(14,30733),(18,25498),(19,22565),(20,20228),(22,22071),(23,33523),(27,11051),(29,12690),(30,303),(31,6134),(32,29541),(35,1607),(39,23334),(40,31126),(41,27672),(44,11017),(48,5210),(49,28012),(50,11052),(51,22661),(52,27054),(53,13293),(55,33553),(57,19641),(58,1704),(62,7707),(63,25508),(64,14125),(66,18270),(68,17816),(72,12640),(73,10925),(78,4953),(79,9313),(81,25483),(82,32784),(83,13792),(89,31172),(90,31557)]	97.625214
70	[(0,13339),(1,9243),(3,9181),(4,11295),(7,3282),(10,9360),(12,3733),(14,25665),(15,33901),(17,29055),(19,16749),(22,1525),(23,11153),(24,17332),(27,33621),(31,31919),(32,17065),(33,5209),(34,9207),(38,13324),(42,1012),(45,30893),(48,8542),(50,24353),(51,6787),(52,15234),(54,28675),(55,23385),(56,1657),(57,7447),(58,20991),(61,19166),(63,20789),(67,30673),(69,3196),(71,22577),(72,10988),(75,9704),(76,27821),(80,22073),(84,19940),(86,4921),(87,32158),(89,1149),(92,31787)]	107.040069
71	[(1,16956),(2,10015),(8,25012),(10,5376),(13,6067),(14,16877),(19,10988),(20,27768),(22,13902),(23,15618),(27,33576),(31,12916),(32,4298),(35,20354),(36,10804),(37,29783),(39,5752),(41,10664),(46,16209),(49,18029),(50,4276),(51,13247),(52,28710),(53,2979),(54,25754),(55,25090),(60,32833),(61,9303),(63,16818),(64,30977),(66,11406),(68,6158),(70,1705),(72,22784),(73,31621),(78,12102),(79,13695),(80,20142),(82,18621),(83,22736),(85,27989),(86,26326),(89,29664),(92,9245)]	100.478842
72	[(3,4059),(5,3146),(6,23849),(7,27575),(12,32528),(17,461),(18,17704),(19,18720),(22,10066),(28,17021),(31,15102),(34,18162),(37,985),(40,1621),(41,14256),(42,12120),(43,31997),(45,33572),(49,9018),(51,8846),(52,1510),(53,5641),(54,18087),(56,30246),(57,33322),(60,28018),(63,8130),(66,20434),(67,1959),(68,22596),(71,13873),(77,5321),(78,32385),(79,10767),(80,20286),(82,30473),(83,29236),(84,25249),(85,30280),(89,8503),(92,2231)]	103.283909
73	[(0,5422),(1,6739),(2,14737),(3,8830),(4,22508),(8,27310),(11,4187),(12,9528),(16,6562),(18,7846),(20,24418),(24,14641),(31,10048),(33,20733),(35,30163),(36,264),(37,23833),(39,28879),(40,26743),(41,23456),(46,24960),(47,23069),(48,1262),(50,16080),(51,15620),(55,11995),(57,16375),(58,26778),(59,29340),(60,13263),(65,16717),(67,1242),(68,11698),(69,24280),(71,20924),(73,33309),(74,27956),(75,25732),(76,28855),(78,13722),(79,33121),(80,21790),(81,25392),(82,11489),(85,7422),(86,18409),(87,5994),(91,9408),(92,28978)]	102.586964
74	[(3,14406),(6,8250),(7,22440),(10,5833),(12,6173),(13,3196),(15,28363),(19,22345),(20,6767),(21,27103),(22,26329),(27,27347),(28,15355),(29,26316),(36,26712),(41,32858),(44,29796),(49,17831),(51,12916),(52,4298),(56,9815),(59,2959),(60,2108),(61,33479),(63,10649),(64,31087),(66,11693),(68,7086),(70,21585),(72,1010),(74,33820),(76,5473),(78,7451),(80,32191),(81,8738),(82,927),(83,26279),(85,16155),(88,4610),(90,13951),(92,10304)]	98.405871
75	[(0,22902),(1,10578),(2,19718),(3,21023),(5,26280),(7,22144),(8,13545),(9,28999),(10,28398),(11,33249),(17,33174),(22,18990),(25,26492),(31,32410),(33,2091),(34,17663),(35,12118),(38,28421),(40,31453),(41,14889),(42,3190),(43,12474),(47,14977),(48,1580),(49,4160),(51,17454),(53,30),(55,28590),(56,27290),(58,16725),(59,18593),(60,13113),(61,6546),(65,3816),(68,13329),(70,705),(72,9424),(73,29567),(74,27892),(75,25215),(78,1644),(79,16776),(80,18477),(81,30418),(84,6612),(85,116),(86,20360),(88,20381),(89,5648),(91,5332)]	122.242511
76	[(6,23261),(8,16009),(10,7190),(14,28451),(15,7069),(19,22195),(20,28141),(21,10845),(23,7602),(26,15532),(28,31326),(29,9548),(32,9229),(33,26377),(36,32190),(38,28865),(39,1766),(41,19855),(44,3208),(45,12949),(46,23876),(47,23006),(53,2705),(59,15302),(60,28212),(62,4426),(66,16769),(67,33935),(69,21838),(70,30886),(71,16042),(73,16331),(74,12966),(75,29840),(76,7175),(81,7756),(82,23637),(85,9959),(86,27433),(87,19770),(89,33807),(92,5435)]	111.491268
77	[(1,26561),(6,18546),(7,10703),(9,25502),(10,409),(12,9217),(17,28844),(18,21101),(19,11249),(20,9447),(25,18518),(26,1483),(27,32919),(31,6758),(33,13638),(35,28483),(37,6226),(39,11109),(40,11028),(43,18841),(44,30312),(46,25555),(48,28256),(51,699),(52,5708),(54,31977),(55,362),(59,30109),(62,4521),(63,24182),(65,6752),(68,22222),(70,31136),(78,10557),(80,2076),(81,26950),(82,25075),(83,8230),(88,12412),(89,28344),(90,9522),(91,31688)]	101.129374
78	[(0,29151),(1,29342),(5,15552),(10,15587),(11,17533),(15,15143),(16,19760),(17,20357),(19,17111),(22,22931),(23,17502),(24,11073),(26,22458),(30,21145),(31,679),(32,16019),(33,1316),(34,10244),(35,32501),(36,18408),(37,16712),(38,24797),(39,20572),(40,5110),(41,27912),(43,10430),(45,14734),(47,18401),(50,18229),(51,4411),(52,25775),(53,24256),(54,10573),(56,2618),(57,16909),(60,7989),(62,30438),(63,24385),(67,20666),(68,5236),(69,22423),(74,13494),(75,27941),(82,20122),(83,11013),(85,2383),(86,19407),(87,5756),(89,18793),(92,27537)]	105.643680
79	[(0,26619),(1,19080),(3,22113),(5,29664),(7,2082),(8,33050),(9,16859),(10,2879),(11,14186),(12,3080),(13,17593),(14,24648),(15,12667),(17,31093),(20,14018),(23,30690),(26,16722),(27,18740),(28,6351),(30,16373),(31,29475),(32,34055),(33,3761),(34,420),(35,16554),(37,4698),(38,4726),(39,17688),(41,21220),(42,905),(45,12862),(46,14502),(47,18234),(48,31254),(49,28936),(52,1989),(53,33139),(54,3928),(56,11997),(60,2816),(61,7767),(67,32211),(68,5344),(69,11254),(70,14332),(71,12599),(73,14578),(77,3158),(79,20889),(81,1427),(82,19020),(84,28551),(86,17161),(87,16325),(88,25444)]	110.473750
80	[(1,685),(2,29730),(3,18687),(6,15627),(12,30989),(13,30887),(14,30508),(15,12355),(18,19048),(20,16936),(21,6123),(22,23613),(23,17204),(24,22905),(27,8751),(29,4703),(30,18780),(31,20611),(37,24785),(43,16819),(44,20344),(45,23757),(46,25403),(49,29694),(50,22507),(51,24809),(52,23430),(55,608),(57,12233),(59,4109),(60,11434),(63,10343),(64,25633),(65,27386),(68,10621),(75,15794),(76,839),(77,23779),(79,7858),(80,31337),(81,532),(82,7372),(84,5027),(91,5123),(92,27745)]	106.089100
81	[(3,19644),(5,15529),(8,15315),(9,19471),(16,14336),(17,24168),(19,6019),(21,27591),(23,8029),(24,11331),(27,32635),(28,14250),(31,26603),(34,26098),(35,25542),(36,31080),(37,23926),(38,20150),(39,17570),(40,16435),(41,33837),(42,12078),(43,27796),(45,3513),(47,25481),(48,23362),(49,16896),(50,33619),(51,11161),(55,8933),(56,13629),(57,1473),(59,19140),(60,14255),(62,7901),(63,2870),(64,10347),(65,5070),(66,24209),(67,16780),(71,19879),(73,16251),(77,24501),(80,3436),(81,7376),(83,14237),(85,26561),(87,12772),(89,34047)]	103.206407
82	[(3,5896),(5,31806),(7,25308),(10,32519),(12,23582),(15,3657),(21,21823),(22,10911),(24,18324),(26,5522),(29,21986),(32,21244),(34,14933),(36,15402),(37,30969),(39,24425),(43,13101),(44,15452),(46,6006),(47,3401),(50,18759),(51,13118),(54,18025),(56,9753),(58,22351),(59,756),(61,27188),(62,22669),(63,19947),(65,18912),(66,33110),(67,1456),(68,24401),(73,5951),(74,381),(80,10993),(82,24683),(83,18249),(86,13931),(89,9855),(91,3432),(92,29149)]	109.265466
83	[(0,1059),(1,3761),(3,10275),(4,18551),(5,16975),(6,31335),(7,2950),(10,33327),(11,8690),(13,7651),(15,2727),(16,25585),(18,21742),(19,32317),(21,23392),(23,10617),(24,2818),(26,15460),(27,9615),(29,3608),(30,30500),(34,2674),(37,7555),(39,29109),(40,7032),(43,7926),(44,13605),(46,2369),(48,25707),(49,25997),(50,10676),(55,20889),(56,5936),(57,18202),(60,3399),(61,22435),(62,18080),(64,3521),(66,22684),(67,29867),(70,14741),(72,25501),(75,663),(76,2423),(77,1126),(78,27170),(82,3275),(84,11994),(86,14242),(92,2592)]	97.418357
84	[(0,9982),(1,261),(2,21679),(8,7219),(10,14305),(12,9465),(21,8316),(22,328),(23,28367),(24,15740),(26,15070),(29,17061),(34,20685),(39,17087),(41,26241),(48,21967),(49,544),(50,10426),(52,621),(53,31788),(54,28780),(56,22780),(61,5816),(65,25447),(66,26407),(68,33811),(70,8503),(72,10217),(74,2010),(76,1603),(77,18825),(78,20410),(79,27476),(83,1785),(84,18590),(86,22892),(87,15279),(88,3287),(92,13994)]	94.424456
85	[(1,29902),(4,30029),(9,515),(11,29242),(14,17413),(15,8100),(16,15732),(17,17056),(18,30948),(21,3003),(25,4218),(26,15107),(27,20774),(28,2647),(29,5066),(34,13849),(35,459),(38,6606),(42,30136),(46,13843),(47,5788),(48,27443),(53,20890),(54,18252),(56,9248),(58,31701),(60,25429),(63,28919),(64,21247),(65,19191),(66,12713),(69,19019),(71,11814),(74,6241),(75,21386),(76,30561),(77,30694),(79,32199),(81,29134),(82,26370),(84,15576),(88,4610),(89,1990),(90,6398),(91,25171)]	130.468429
86	[(3,32947),(4,24539),(6,30585),(8,23113),(10,7380),(12,32155),(13,30993),(15,29689),(17,4071),(18,14931),(19,17812),(23,9760),(24,25522),(25,14698),(26,31629),(27,26477),(31,13888),(33,23434),(34,29930),(35,8024),(36,26680),(37,23255),(39,4407),(40,10769),(41,14060),(43,17496),(45,28653),(46,27915),(49,17872),(50,33536),(51,19963),(52,27867),(53,11303),(54,6869),(56,20414),(60,8943),(62,13773),(64,8209),(66,33013),(69,17270),(73,24593),(75,8524),(77,6994),(79,26862),(84,24947),(86,23100),(87,21490),(88,23672),(89,18073),(90,25840)]	108.451990
87	[(0,32327),(1,33409),(3,9296),(5,23484),(6,15177),(7,16511),(8,29569),(9,30034),(12,31938),(18,32011),(22,14701),(24,15661),(25,14517),(26,27990),(27,21109),(28,4666),(31,30878),(32,17453),(37,509),(38,33503),(39,28158),(40,16539),(41,21948),(44,23551),(51,12262),(52,14145),(53,22506),(54,1361),(55,1788),(57,3878),(61,29702),(62,20440),(63,15504),(65,14376),(66,9108),(68,497),(69,25943),(70,17893),(71,17203),(74,18554),(75,31152),(78,19286),(79,26205),(82,14791),(84,30773),(85,30883),(86,24160),(87,29127),(89,25022),(92,27166)]	103.879220
88	[(1,24430),(2,11358),(3,30067),(9,24447),(10,29496),(12,23443),(19,22865),(20,19929),(22,25674),(23,12682),(24,20439),(28,22993),(30,18144),(31,16720),(32,26423),(33,1006),(35,25908),(38,7834),(41,12248),(43,691),(45,22722),(46,26697),(47,5754),(49,24199),(50,27205),(51,22727),(52,2368),(55,31692),(56,31945),(58,2446),(59,462),(60,5206),(62,11706),(65,16700),(67,16998),(68,9400),(69,31894),(70,1374),(71,26476),(74,18514),(75,4125),(78,9657),(79,32996),(80,10553),(81,11882),(82,1240),(84,6393),(88,27122),(90,2747)]	102.249893
89	[(2,5971),(3,26584),(4,20084),(5,21675),(6,4408),(7,25662),(8,29294),(9,19697),(10,7282),(11,23651),(13,9462),(16,7477),(17,11894),(23,17651),(24,31874),(25,31721),(27,21366),(28,7531),(30,1950),(31,28827),(32,15594),(33,26585),(34,11569),(39,32213),(44,160),(46,25542),(47,31080),(52,16361),(54,30076),(56,10415),(57,1171),(60,10996),(65,31420),(67,8687),(68,21084),(70,13346),(71,3321),(72,30473),(79,3533),(80,16636),(86,33972),(87,31010),(89,13096),(91,26824),(92,4136)]	140.781365
90	[(0,17499),(2,24382),(3,7358),(5,20817),(6,15010),(7,31988),(9,27450),(10,5798),(14,16549),(18,2681),(20,16034),(23,15606),(26,9897),(27,14023),(29,31579),(30,6519),(33,26092),(36,5824),(37,33673),(41,4087),(42,2830),(43,10405),(49,15868),(50,12177),(51,32195),(52,22564),(54,1051),(55,28286),(56,15339),(57,6391),(59,18529),(62,32218),(63,33744),(64,6806),(65,1337),(67,30874),(68,29621),(75,15947),(77,27405),(78,29273),(79,21662),(80,30815),(82,17314),(83,25286),(86,5955),(89,25606),(90,7180),(91,6316)]	107.916722
91	[(2,29627),(4,28905),(6,18211),(7,6722),(11,14154),(15,10725),(16,6069),(18,27128),(19,28493),(20,17662),(21,10462),(23,8326),(25,10800),(33,18654),(35,16982),(36,8877),(37,6821),(40,26866),(41,3594),(42,23218),(43,21159),(44,12226),(51,9029),(54,14082),(56,14315),(58,11357),(60,15826),(61,30409),(62,28623),(63,22185),(64,10404),(65,2037),(69,611),(71,17738),(75,25319),(77,9710),(78,5447),(81,22635),(84,32677),(87,33807),(89,26528),(90,2093),(91,11695),(92,20649)]	102.698243
92	[(0,6462),(1,6284),(3,18762),(4,17540),(5,25505),(6,27498),(8,25078),(10,14084),(12,15725),(15,8426),(16,11473),(21,13251),(22,1955),(25,30442),(27,7946),(28,29433),(29,17195),(30,7873),(33,24156),(37,22230),(38,33937),(39,754),(40,30118),(41,960),(42,10735),(43,22454),(44,32318),(48,5541),(49,29800),(52,17585),(53,2259),(54,10390),(56,21801),(60,14983),(61,1569),(62,4992),(63,18308),(66,435),(67,26644),(68,14168),(69,31965),(70,8973),(71,1740),(74,7886),(76,19848),(77,13389),(78,14733),(80,1842),(81,27540),(84,32894),(85,762),(88,22762),(89,28371),(90,1726)]	97.758312
93	[(3,19882),(4,2277),(5,10141),(6,32657),(7,11832),(9,24423),(11,31800),(13,7514),(14,7203),(16,3142),(17,13924),(19,8941),(23,2856),(24,28001),(29,14894),(30,1087),(31,3632),(33,28025),(34,23304),(35,6769),(36,31031),(37,14770),(41,22990),(42,26227),(44,26100),(45,12218),(46,19882),(49,24178),(50,11118),(54,4326),(55,26630),(59,6496),(65,6575),(66,30977),(68,9770),(73,25066),(77,28474),(78,5508),(84,13271),(86,7310),(87,13459),(91,4945),(92,17682)]	97.993677
94	[(2,23518),(5,3146),(7,24211),(9,27513),(10,8309),(11,27752),(13,21736),(15,29137),(17,1286),(21,15045),(23,18272),(24,15322),(26,19046),(31,5460),(32,32040),(33,2138),(34,26865),(35,21460),(36,9077),(41,1802),(45,20461),(48,5684),(52,11752),(53,29375),(55,33771),(58,25004),(60,9854),(64,1284),(66,32970),(71,18639),(72,12134),(74,25259),(75,32177),(77,27984),(81,21692),(84,27010),(85,21286),(87,24861),(88,31172),(91,31184)]	131.935404
95	[(3,14218),(4,29077),(5,535),(6,24608),(9,917),(12,6886),(13,26873),(14,13944),(16,9325),(17,24381),(18,1128),(21,24170),(22,20799),(23,2131),(24,30456),(26,2480),(27,17110),(28,30895),(29,26330),(30,31492),(32,1013),(35,14777),(39,21899),(41,29925),(45,6776),(46,20510),(49,14921),(50,33676),(51,29142),(52,16317),(54,23184),(55,22151),(58,19345),(59,6980),(61,31703),(65,16992),(67,29486),(68,15851),(69,14536),(71,1086),(72,27564),(73,1343),(75,2519),(84,20479),(85,20305),(87,15167),(88,253),(91,32286)]	102.068477
96	[(0,31157),(2,9882),(4,16819),(6,27882),(8,27197),(10,15040),(11,26469),(12,9424),(13,29567),(14,590),(15,12624),(16,2729),(18,32148),(19,8096),(20,12810),(22,17619),(23,31109),(24,11146),(26,9225),(28,3159),(30,18373),(32,29669),(34,25223),(36,15023),(38,31738),(39,12845),(40,28637),(41,30381),(42,6140),(45,18197),(47,33595),(49,1727),(50,7127),(52,17596),(53,17181),(55,17531),(56,22608),(57,13334),(58,20306),(59,10936),(61,7806),(63,12996),(64,4648),(66,8708),(67,30453),(70,19728),(71,30426),(73,32266),(74,1214),(75,8573),(79,15071),(85,4199),(86,15097),(89,13783),(90,23684),(92,9748)]	98.313181
97	[(1,4144),(2,7067),(3,24318),(4,12650),(5,12455),(8,33162),(9,14806),(10,32491),(11,23759),(14,10521),(15,9544),(16,11201),(17,27872),(18,17651),(21,28629),(23,25920),(24,2400),(29,1760),(30,3729),(33,12403),(36,12357),(37,30862),(39,16962),(42,29550),(44,29276),(48,10776),(49,12216),(51,31703),(53,28600),(54,15266),(55,28337),(57,13151),(58,33916),(59,17690),(61,771),(62,10300),(63,11974),(66,16634),(68,16056),(73,23064),(79,26616),(80,32911),(82,26250),(89,5106)]	111.355905
98	[(0,25597),(3,12777),(5,12878),(7,335),(13,16202),(16,31042),(17,2725),(19,23734),(21,19294),(22,15214),(26,30199),(27,30784),(30,16332),(31,16907),(32,27160),(33,24039),(39,14293),(40,18416),(44,20096),(47,5676),(48,17611),(49,21529),(50,7793),(53,15068),(54,7900),(57,24747),(58,30202),(60,2090),(61,3529),(62,1099),(66,2737),(67,17932),(68,13449),(69,6754),(70,29329),(72,21390),(74,10781),(75,4891),(77,28848),(79,21124),(80,30296),(83,16059),(85,29811),(87,8908),(88,2716),(89,32822)]	109.525262
99	[(0,27431),(3,24672),(5,6736),(6,21697),(10,31784),(11,4534),(13,4767),(14,19724),(15,12851),(16,18497),(18,786),(20,22294),(25,15880),(28,8650),(29,28900),(31,9549),(32,18891),(37,12486),(41,28744),(42,16025),(45,29924),(47,13783),(48,23684),(50,19072),(51,19845),(53,18301),(54,13585),(55,6061),(56,24229),(59,17966),(60,3765),(62,15516),(64,31138),(65,32901),(68,19994),(72,22377),(74,14464),(77,8359),(83,23281),(87,29667),(90,15335),(91,31888),(92,23338)]	109.982503
100	[(0,7707),(3,6043),(5,26681),(9,17526),(10,12115),(12,19312),(13,4511),(14,14570),(16,3137),(17,18755),(19,3994),(21,18562),(22,21874),(24,22351),(25,27789),(26,23886),(28,32085),(30,30018),(31,14205),(36,5522),(37,4636),(38,27768),(41,28482),(42,10187),(44,6185),(45,13976),(46,28815),(47,24868),(49,12913),(50,2224),(51,32063),(54,25541),(55,12100),(56,33404),(57,11060),(58,25845),(59,33334),(62,18836),(63,9597),(67,19176),(68,20374),(69,17505),(72,16603),(74,26381),(75,30392),(78,10441),(79,19328),(82,25065),(83,11109),(84,11028),(86,18545),(89,5464),(90,1445),(92,14126)]	102.746043
101	[(0,33273),(2,22447),(3,21042),(7,6559),(8,4747),(9,17539),(10,19422),(11,26064),(13,983),(15,2266),(16,31399),(22,11316),(23,15514),(25,14084),(27,18286),(31,25677),(32,12417),(33,33330),(34,30554),(37,4905),(38,19342),(39,13896),(41,26058),(44,24578),(46,18012),(53,28067),(54,8452),(56,28887),(57,9574),(58,26793),(60,21860),(62,8942),(63,9827),(65,20372),(67,14634),(68,26188),(74,5073),(77,20444),(85,26280),(88,26079),(89,8242),(92,33119)]	97.873926
102	[(0,4163),(1,24153),(2,21065),(4,6540),(6,14994),(8,29853),(11,3933),(14,19870),(15,33713),(17,4168),(18,11942),(23,20184),(25,27424),(26,11888),(31,4814),(33,4506),(34,5805),(35,6258),(37,19012),(39,12970),(42,9300),(44,3807),(45,26639),(48,6994),(51,13173),(52,29446),(53,4334),(54,3626),(55,19992),(57,23461),(60,6397),(61,14175),(63,6376),(64,4116),(65,21326),(66,20476),(70,24038),(71,13042),(85,8619),(86,24255),(89,11636),(90,26095),(91,19020),(92,16816)]	202.081017
103	[(1,17743),(4,8701),(5,33585),(6,19185),(8,1096),(9,2947),(11,9338),(14,29495),(17,24741),(18,21600),(19,14366),(20,13629),(21,7239),(23,17373),(24,2500),(29,2057),(32,20333),(34,7244),(35,12331),(36,21602),(40,20841),(41,8028),(49,31203),(52,17289),(54,32956),(57,5542),(60,18844),(61,10513),(62,17561),(64,27166),(66,3656),(67,27434),(69,12185),(70,3637),(76,1064),(77,7477),(78,18767),(81,10271),(83,21169),(91,15970)]	239.338392
104	[(1,3943),(3,17594),(5,5470),(6,1468),(7,27506),(8,22338),(12,16181),(13,5878),(14,17827),(16,27448),(18,8314),(19,9867),(20,10347),(21,33136),(24,5483),(28,18907),(29,22797),(31,7757),(32,29241),(33,186),(34,10985),(35,10501),(36,23310),(38,15617),(40,30884),(42,714),(43,18374),(44,14890),(55,32776),(56,22024),(57,24526),(58,21193),(60,6025),(65,29977),(67,22763),(69,783),(72,8242),(77,30411),(78,10910),(80,31752),(81,23955),(83,18025),(84,23958),(85,16532),(87,33186)]	212.822875
105	[(1,1291),(3,11132),(5,23965),(12,25750),(13,939),(14,29107),(15,2207),(16,9190),(17,23793),(19,28049),(24,22646),(25,6697),(26,7970),(27,24689),(30,16634),(31,18624),(32,22365),(33,9178),(35,21312),(36,8163),(37,643),(38,21002),(39,28111),(40,11924),(44,30762),(46,16865),(47,24113),(48,31513),(49,3687),(51,8040),(53,15036),(54,23711),(55,11992),(57,26717),(61,17373),(62,19113),(64,4102),(66,30348),(67,16835),(68,10702),(70,16376),(71,31009),(72,33534),(74,27813),(75,8577),(77,2350),(78,33865),(80,27833),(82,19843),(84,25008),(87,21093),(88,4663),(91,32681),(92,19951)]	212.845883
106	[(6,513),(8,23460),(9,18705),(10,27162),(11,25333),(14,28394),(15,6800),(16,22499),(19,28879),(21,7059),(23,995),(24,2353),(27,18413),(30,7464),(31,23296),(34,4171),(36,7936),(37,17988),(39,21763),(42,26872),(44,27239),(45,33525),(47,20172),(49,30733),(51,11439),(54,20874),(55,15350),(56,20613),(57,31474),(58,4907),(60,25181),(62,19937),(63,4536),(64,3957),(65,10232),(67,10436),(69,2086),(70,7331),(71,23115),(74,10197),(75,32578),(77,3857),(78,7631),(80,33893),(81,13046),(82,7152),(84,29479),(85,18062),(87,11994),(89,3817),(90,22516),(92,24315)]	191.993817
107	[(5,31134),(8,11088),(11,19150),(12,24238),(21,10044),(24,15823),(25,31659),(31,1176),(33,597),(34,22418),(38,33263),(39,11957),(40,4308),(41,9943),(42,29197),(44,6893),(45,3547),(46,30289),(48,19881),(57,12135),(58,31754),(59,15988),(61,10437),(62,3040),(64,31669),(67,4215),(69,10643),(73,33593),(75,2596),(76,13333),(77,13134),(79,2406),(81,18970),(82,17622),(83,33592),(86,27240),(88,10618),(89,22487),(90,9266),(91,18896)]	194.371796
108	[(3,5838),(5,6784),(7,27536),(9,8621),(11,3193),(12,27034),(13,14639),(14,1991),(17,6000),(19,5079),(20,17647),(24,9324),(25,29211),(26,187),(27,33737),(28,18402),(30,33768),(33,31181),(34,32628),(36,10770),(37,10480),(38,17462),(40,19859),(41,32945),(46,13425),(49,12120),(50,29767),(52,30348),(53,16835),(54,21374),(55,27604),(58,13161),(59,28016),(61,22110),(62,31704),(66,16790),(73,13070),(74,22474),(75,8740),(76,11782),(77,1351),(78,14462),(79,22809),(80,1967),(82,20535),(84,21757),(85,26597),(86,22650),(87,12284),(88,19639),(89,16752),(90,1984),(91,28607)]	247.363798
109	[(0,11270),(1,29258),(6,25439),(7,25726),(8,2242),(9,10854),(12,25879),(13,22477),(14,21717),(16,30205),(17,3149),(19,14377),(20,5533),(21,5860),(22,2902),(25,13283),(26,5285),(27,21437),(28,12106),(29,929),(30,25272),(32,4832),(33,31567),(34,1964),(36,7493),(38,5836),(40,2007),(46,4056),(48,31175),(50,14131),(52,34010),(54,30338),(55,24581),(56,18835),(57,28671),(59,13557),(61,31129),(63,2672),(64,27973),(66,20372),(67,7849),(68,13501),(69,32593),(71,13319),(72,25799),(73,34002),(76,17497),(80,21373),(81,12972),(85,8989),(90,22625),(91,1233),(92,10254)]	236.173282
110	[(0,21745),(2,6385),(4,6417),(5,13018),(8,7848),(9,15623),(10,27903),(11,33835),(12,1542),(14,33803),(15,6958),(16,818),(17,32515),(18,10829),(21,11628),(23,25417),(25,11843),(27,18660),(33,28381),(35,5549),(36,30797),(37,4801),(38,15065),(39,8256),(40,26627),(43,7586),(44,529),(45,15850),(47,16790),(48,29336),(49,24268),(52,3996),(54,31741),(55,28882),(56,17963),(58,26625),(61,22240),(62,32317),(64,7954),(65,3408),(66,8331),(71,12005),(76,22239),(77,28811),(78,26485),(79,15511),(84,1254),(85,31847),(88,21751)]	220.470516
111	[(0,30599),(2,7251),(5,29952),(6,21378),(7,33958),(10,16625),(13,14660),(14,3651),(18,19780),(21,22468),(22,4336),(23,16086),(26,2810),(27,5066),(35,26637),(36,33641),(38,34080),(39,12238),(41,16324),(42,15855),(43,8398),(45,19874),(47,27831),(49,3791),(50,2931),(51,4151),(52,18052),(55,4134),(56,9686),(57,4079),(58,25721),(59,26382),(61,26593),(63,5517),(68,31611),(69,9823),(70,11562),(71,5618),(74,18225),(76,31534),(78,571),(82,33949),(86,18370),(90,10450),(92,11941)]	207.533304
112	[(0,3702),(1,32069),(3,19443),(4,18031),(5,17119),(8,15030),(9,13125),(10,17866),(12,24550),(13,32335),(14,25312),(17,25829),(18,32830),(19,4266),(20,27662),(22,12513),(27,519),(28,1918),(29,21443),(30,3400),(31,19620),(35,31783),(37,16662),(40,4843),(41,19899),(42,26153),(43,28817),(44,9285),(45,1507),(46,22534),(47,30020),(49,6999),(50,33385),(52,21784),(53,22133),(54,20096),(56,12294),(57,32881),(58,9066),(59,2532),(64,2480),(65,19495),(67,8217),(70,6030),(71,9835),(72,18558),(81,12872),(85,5070),(86,26942),(87,24464),(88,30481)]	226.840842
113	[(0,27029),(1,1944),(2,17709),(5,17928),(6,17951),(9,21951),(12,29305),(16,22800),(18,26004),(19,214),(21,22508),(24,2908),(25,25873),(26,790),(28,16369),(32,15835),(33,11073),(36,27663),(38,1792),(39,12835),(40,11990),(42,10062),(45,13089),(46,14605),(49,5614),(50,21205),(51,10985),(52,22322),(56,20071),(57,12108),(63,17314),(64,18120),(65,15979),(68,12803),(70,20974),(71,34040),(72,14036),(74,12282),(75,28316),(76,5157),(79,23508),(84,357),(86,2939),(89,18583),(90,16874)]	209.542991
114	[(2,14517),(3,27990),(7,4336),(8,14617),(10,4638),(12,18344),(13,10545),(15,17253),(17,7390),(18,13406),(22,1895),(23,17772),(24,1740),(27,1896),(28,26006),(37,5992),(39,21492),(44,31033),(46,30543),(47,8842),(49,29374),(52,10067),(53,22565),(54,20228),(55,14795),(57,1581),(60,539),(63,5392),(64,26674),(68,11425),(70,20193),(72,25364),(74,7173),(76,15185),(77,30222),(78,2443),(79,9851),(80,10871),(86,18928),(90,318),(91,8090),(92,16924)]	213.428361
115	[(0,11739),(1,31707),(3,3716),(6,20517),(7,15958),(9,11129),(10,23502),(12,20535),(13,15689),(14,4365),(16,17359),(18,29623),(20,19711),(26,25773),(27,10811),(28,1216),(31,26111),(32,2621),(33,31788),(35,1685),(37,14247),(38,15277),(41,9331),(43,10454),(45,32435),(47,5486),(48,14645),(49,10825),(52,18646),(53,33666),(55,10927),(57,5493),(58,15994),(60,16014),(63,8781),(65,22123),(69,10784),(77,21160),(79,24232),(80,24907),(81,3866),(83,25841),(84,27283),(87,10748),(92,10160)]	225.610787
116	[(2,23821),(3,10632),(10,7792),(11,30565),(12,14064),(14,1017),(15,23577),(18,6654),(22,1782),(24,3524),(25,31327),(26,26205),(27,7148),(28,7793),(30,8207),(35,25772),(36,1004),(37,14554),(39,5005),(40,1862),(41,16851),(43,3473),(44,15209),(45,7163),(46,25499),(49,28922),(50,17739),(52,11276),(54,3486),(55,9718),(56,2954),(57,5371),(58,32181),(61,31985),(62,23520),(63,18998),(64,10661),(65,16132),(66,2402),(67,13571),(68,20847),(69,27138),(73,33064),(76,15841),(77,867),(79,33708),(80,16424),(81,21254),(82,30042),(83,5646),(84,8623),(85,11987),(86,7648),(87,100),(88,23373),(90,4936),(92,26100)]	226.402260
117	[(0,13702),(1,11534),(2,11503),(5,1469),(6,8441),(8,23564),(9,10197),(10,32578),(13,24334),(15,20581),(19,30574),(22,32943),(24,16732),(25,33733),(29,7200),(30,31158),(31,21320),(33,13627),(34,8384),(35,34084),(38,15037),(42,31420),(43,3941),(54,10668),(55,11027),(56,12968),(58,33857),(64,8191),(68,7796),(69,27556),(70,18723),(74,8375),(75,34017),(82,12496),(83,23193),(85,3178),(86,22106),(88,4241),(89,4623),(90,1692)]	234.747696
118	[(0,22630),(1,8373),(4,23340),(5,24695),(6,24117),(7,485),(8,17947),(9,33126),(11,31763),(16,6665),(18,10257),(19,24910),(20,32215),(22,24757),(23,5043),(24,26139),(29,18777),(31,28045),(32,10966),(33,18735),(35,16499),(36,27099),(37,12884),(39,25392),(40,32995),(41,28665),(42,28165),(43,17735),(44,5189),(45,6996),(46,27100),(47,951),(48,14269),(49,7601),(53,3669),(54,31955),(57,17804),(62,12974),(63,15619),(64,24087),(66,22932),(69,25347),(70,19964),(71,4766),(72,23159),(73,1912),(74,33494),(75,19878),(76,32987),(77,17583),(78,16666),(79,10623),(80,8821),(81,19800),(83,22434),(84,1967),(86,20535),(88,8187),(91,28849),(92,14848)]	207.494005
119	[(0,33115),(2,31955),(3,18191),(7,11766),(9,19377),(11,15455),(14,23200),(16,25549),(17,30729),(18,378),(19,32793),(22,6302),(23,22422),(24,9286),(25,2861),(26,29606),(27,3093),(30,3368),(31,16939),(35,13177),(37,31250),(40,19585),(43,26668),(44,8500),(45,13045),(46,2925),(47,11714),(48,29388),(49,18255),(50,12842),(52,19624),(55,1560),(56,18099),(57,15571),(59,13114),(60,11328),(62,9522),(63,31688),(65,8243),(66,16062),(67,17316),(69,25990),(73,26381),(74,33159),(75,16869),(76,5702),(78,8287),(80,16360),(81,6643),(85,28400),(92,6311)]	106.403578
120	[(1,4821),(2,35),(3,30499),(4,23247),(5,9644),(6,1406),(9,2955),(10,30805),(16,5531),(18,18595),(35,30778),(36,16165),(40,17388),(41,30105),(46,11012),(48,1737),(50,344),(51,2979),(52,5595),(53,10997),(55,28126),(56,28919),(57,21247),(58,19191),(59,12713),(62,11728),(63,33723),(65,23818),(66,6993),(68,20567),(69,22091),(71,8421),(72,9389),(73,1520),(74,15229),(75,24695),(76,24117),(77,485),(78,17947),(79,4934),(80,8557),(84,22903),(87,31910),(90,10751),(91,2477)]	114.258822
121	[(2,18709),(3,4456),(4,13148),(5,23416),(7,11640),(10,21823),(11,10911),(12,21949),(15,26477),(17,17939),(18,24328),(19,15394),(20,33679),(21,7083),(22,26496),(23,2569),(24,33768),(25,15876),(27,24817),(30,17183),(31,12158),(32,31244),(36,15496),(38,16705),(40,22083),(42,4560),(43,15431),(44,10295),(45,6774),(47,14967),(48,14810),(49,26308),(59,27598),(60,7892),(62,28046),(63,13146),(64,26712),(66,24941),(67,14385),(68,4303),(71,24413),(73,9870),(74,3913),(77,22944),(78,31397),(79,1429),(80,29377),(81,14314),(83,5853),(86,15586),(88,16377),(89,32267),(91,13027),(92,17541)]	97.254891
122	[(0,723),(3,21709),(4,13460),(5,10028),(6,9919),(8,23135),(11,33762),(12,19468),(13,14001),(14,17877),(17,33360),(19,10218),(20,22497),(21,21083),(23,28586),(26,6721),(27,9868),(28,14322),(30,30271),(37,11620),(41,27880),(42,26888),(43,16307),(46,7020),(47,28492),(49,6117),(50,6368),(54,24283),(56,14644),(57,21258),(60,32396),(61,8430),(62,6813),(67,25530),(69,20767),(76,28960),(77,784),(78,14531),(80,2837),(81,8788),(83,27961),(84,14152),(86,11085),(87,31430),(88,24209),(89,2156),(90,32765)]	95.473866
123	[(0,10014),(1,23478),(6,31905),(12,14308),(16,30770),(23,23854),(25,12083),(26,25282),(30,31701),(31,23631),(33,13368),(34,26272),(38,3726),(43,27008),(45,2036),(46,2644),(47,14236),(48,30513),(49,11936),(51,32127),(52,7583),(53,5053),(54,31338),(56,27140),(57,3621),(60,25113),(61,12341),(62,29226),(63,12614),(65,14079),(68,33782),(71,16997),(74,15227),(79,22648),(82,26532),(83,2019),(85,5896),(86,7552),(89,26393),(90,16262),(91,15881),(92,23601)]	102.797692
124	[(0,10142),(4,8722),(5,15216),(9,12013),(12,20040),(13,6602),(16,29139),(17,23840),(20,17482),(21,18307),(22,13303),(23,14677),(27,26621),(28,31939),(29,12654),(31,1969),(33,22285),(36,15567),(39,18325),(40,6578),(41,22742),(42,24937),(44,22769),(45,20084),(49,1409),(50,30701),(51,13837),(52,658),(53,21408),(54,7279),(55,2538),(56,7782),(59,12091),(60,25687),(62,11396),(64,17263),(66,26714),(67,21187),(68,28352),(69,19028),(72,30421),(73,28243),(75,19231),(76,4156),(79,2981),(80,25941),(81,11710),(82,3103),(83,23191),(84,29497),(85,15769),(88,28768),(89,19567)]	101.882494
125	[(1,19887),(3,31351),(4,23372),(5,25479),(7,13779),(8,32201),(9,31854),(10,4156),(14,27059),(17,7505),(24,20265),(25,226),(26,16252),(28,6355),(30,5893),(32,12469),(33,14819),(34,14051),(36,23740),(37,15236),(39,15960),(41,18749),(42,18834),(45,28001),(46,20907),(47,24686),(48,24474),(51,14306),(52,11070),(55,9705),(56,32977),(58,3114),(59,13724),(60,22151),(61,5580),(62,26224),(63,18714),(65,33598),(66,30180),(68,22294),(69,28823),(70,12252),(71,4022),(75,5048),(76,7024),(77,13917),(78,29419),(79,28977),(81,33838),(83,19345),(84,19271),(85,1939),(86,17803),(90,8462),(91,30581)]	97.941368
126	[(0,14994),(2,29853),(5,33118),(6,28722),(8,29170),(14,18392),(15,4721),(18,9538),(19,13914),(20,32947),(21,24539),(22,27292),(24,2425),(25,19663),(26,30301),(29,24470),(33,18468),(34,31508),(35,26350),(36,30969),(39,6414),(40,4725),(41,903),(42,10759),(43,25127),(44,7100),(45,4139),(48,19780),(49,31321),(50,17988),(53,13347),(55,5968),(60,27914),(62,11074),(67,10512),(68,2662),(71,29155),(72,7301),(73,33895),(75,6220),(76,9253),(79,6126),(81,1062),(82,30145),(85,24507),(86,29475),(87,8113),(88,334),(89,27833),(90,5646),(92,14692)]	98.812774
127	[(3,14497),(4,832),(5,302),(9,4357),(13,18231),(14,4814),(17,3158),(18,25915),(19,11032),(21,11796),(22,26642),(23,7361),(24,5490),(27,21017),(28,15716),(29,33870),(33,18298),(34,30919),(35,9665),(36,8281),(38,20807),(40,20509),(41,19986),(43,1089),(46,4668),(47,15977),(49,12290),(50,10706),(52,18108),(54,4498),(55,9874),(56,26573),(57,19082),(58,30679),(60,14557),(61,3091),(62,27576),(63,17446),(65,1589),(66,12009),(67,12936),(69,23445),(73,28627),(76,15863),(80,15124),(81,21376),(84,842),(85,7805),(86,29972),(87,9316),(88,34048),(89,18013),(91,26788)]	123.826333
128	[(1,23928),(4,24943),(8,20280),(9,6686),(11,9377),(15,22913),(16,26025),(17,32759),(18,16946),(19,19579),(21,20736),(25,31698),(27,31266),(28,5912),(31,4982),(33,30397),(39,14464),(42,25798),(44,17816),(48,28771),(49,7934),(52,6348),(53,14189),(56,21480),(57,30245),(58,28862),(59,2969),(60,29832),(62,32209),(63,29049),(64,10371),(67,21852),(68,17634),(69,17750),(70,1241),(71,25785),(72,12187),(73,1186),(74,18597),(75,20825),(76,33176),(79,26048),(80,9909),(81,6116),(82,26497),(83,9936),(84,6304),(85,30481),(87,31818),(88,3577),(89,12926),(90,1681)]	108.321611
129	[(0,33258),(1,12689),(2,30999),(3,31845),(6,25385),(7,29868),(8,26599),(15,4002),(21,27270),(24,27048),(25,4271),(26,26254),(28,21700),(29,24043),(30,11255),(31,4207),(33,20855),(34,27897),(38,14009),(39,5438),(44,2584),(47,26086),(50,33907),(51,1363),(52,31122),(53,19656),(54,5436),(55,29979),(57,14625),(58,33053),(59,14285),(60,2848),(63,17215),(66,17776),(68,8079),(70,29587),(72,15142),(74,32595),(75,26227),(77,18067),(79,9206),(80,9844),(84,10549),(85,25686),(88,19452),(90,17226),(92,2218)]	101.735945
130	[(3,31327),(4,1410),(5,14565),(6,23225),(9,1893),(13,15263),(18,10296),(19,7257),(21,5048),(24,8780),(25,7558),(26,24679),(27,16058),(28,12015),(29,18842),(31,5965),(33,7686),(34,2505),(35,7535),(36,15319),(37,31543),(41,5634),(45,22965),(46,31180),(48,17247),(49,4753),(50,29009),(51,7785),(52,11134),(54,31027),(56,160),(57,9340),(58,18939),(61,6212),(63,31980),(64,2980),(65,20522),(66,23850),(67,25833),(68,8318),(69,7365),(70,21259),(71,24075),(72,4042),(73,23201),(74,23790),(76,25365),(78,16452),(79,33018),(81,10333),(82,29634),(83,12954),(84,6714),(85,28845),(89,29107),(90,3066),(91,10067),(92,2165)]	98.914721
131	[(2,20769),(3,14685),(4,32921),(6,31257),(7,11859),(9,3867),(11,4663),(13,20605),(14,5401),(16,7216),(17,2906),(18,8480),(19,27116),(21,23124),(24,14255),(27,9012),(31,25569),(36,26305),(37,19080),(40,28260),(41,7014),(43,18581),(44,24383),(47,477),(48,8668),(50,32509),(52,23357),(53,417),(54,4685),(59,17351),(63,11012),(64,18421),(65,7205),(68,8194),(72,20915),(77,6244),(79,18991),(80,15297),(81,7692),(82,7910),(83,9507),(87,19754),(89,28806),(90,815),(91,24622),(92,8193)]	98.773597
132	[(0,1533),(1,9578),(3,15528),(4,3232),(8,18609),(9,6156),(10,20918),(11,23339),(15,21595),(19,33299),(20,18512),(23,29393),(26,5103),(27,137),(28,2540),(29,8801),(30,15146),(32,32782),(33,24862),(34,21677),(35,18236),(36,4379),(37,19383),(39,249),(40,29108),(41,2839),(42,4946),(43,15734),(48,14412),(49,12549),(51,9539),(52,6028),(54,6244),(56,11816),(58,12127),(59,28417),(60,14204),(61,1541),(62,25491),(64,16196),(65,29349),(66,16652),(70,31024),(73,8454),(74,18114),(75,18362),(77,30544),(78,2559),(80,30683),(81,7492),(82,22263),(84,10390),(86,16902),(87,15034),(88,466),(89,31590),(90,11888),(92,5275)]	98.016699
133	[(0,14195),(3,31902),(4,27184),(5,24735),(7,22811),(10,8551),(11,11863),(19,12925),(20,14825),(22,22331),(23,3149),(24,9131),(30,29508),(31,12049),(32,4491),(33,34071),(35,28985),(36,15798),(37,2738),(38,10427),(41,2994),(42,12711),(44,3029),(45,14840),(46,15194),(48,21644),(51,25193),(53,28049),(54,31006),(55,12859),(57,12684),(58,15576),(62,28065),(65,2716),(68,33627),(69,22782),(72,15659),(73,1682),(74,5005),(76,17938),(81,32711),(83,17835),(84,19799),(85,24049),(87,12133),(89,7755),(91,14778),(92,33029)]	105.204240
134	[(1,33598),(5,25622),(8,25131),(9,28841),(10,3447),(11,15009),(12,2719),(14,1534),(15,28603),(17,16884),(25,32742),(28,18305),(29,10650),(31,16671),(36,2883),(40,8128),(43,18830),(49,13439),(50,8814),(51,9148),(52,16481),(54,24042),(55,22433),(56,6740),(57,9020),(58,28201),(61,17933),(63,27054),(65,31827),(66,7031),(67,23802),(68,4077),(69,12708),(70,3061),(72,9307),(73,8582),(78,23282),(81,7410),(84,30669),(89,644),(90,23160),(92,28206)]	96.884727
135	[(0,3920),(1,1597),(5,20309),(6,1602),(7,21891),(8,24694),(9,437),(10,19571),(12,9270),(13,30285),(14,10430),(16,4812),(19,24166),(21,28847),(22,31671),(23,32994),(25,19381),(27,27467),(28,16278),(31,12202),(32,305),(33,28853),(35,8261),(37,13596),(38,1281),(39,25873),(40,790),(43,18390),(46,9540),(47,14182),(49,4402),(51,24909),(52,7551),(53,28043),(54,16443),(55,26779),(57,9447),(58,16056),(64,11483),(65,12382),(69,11426),(70,13029),(74,9331),(75,16191),(76,19556),(79,16923),(80,990),(81,19653),(83,8854),(85,32692),(88,6403),(89,4960),(91,5058)]	101.454780
136	[(1,1721),(2,17925),(3,24026),(6,18347),(7,1525),(8,11153),(9,32384),(15,25368),(16,24008),(19,21907),(21,31018),(25,19196),(27,19653),(29,26431),(30,5207),(31,19222),(35,20005),(37,22469),(39,31309),(40,10391),(43,12788),(44,12088),(47,1773),(48,30470),(49,25852),(50,2546),(51,13153),(52,32824),(53,24920),(60,8585),(61,8676),(62,29530),(63,31748),(66,13662),(67,25324),(68,19970),(71,15622),(73,25577),(75,15006),(76,10015),(78,26934),(80,33760),(81,18231),(83,9462),(84,24479),(85,17764),(86,16153),(87,31546),(92,4332)]	98.620810
137	[(1,23909),(2,11412),(3,11939),(4,13495),(10,15540),(14,24078),(16,520),(17,26581),(18,16801),(21,18965),(22,8835),(27,15105),(28,2877),(31,9176),(32,10110),(34,21016),(35,17842),(36,15104),(44,13133),(45,18058),(46,8508),(48,1287),(49,33710),(52,26763),(54,30996),(55,6037),(57,25676),(59,31616),(60,12039),(63,25399),(64,24692),(65,15882),(67,10605),(71,32116),(73,22980),(76,6387),(77,5853),(78,1156),(82,15305),(90,9965),(92,33371)]	124.180766
138	[(0,28794),(1,11121),(2,11316),(3,21316),(7,8942),(9,32031),(10,13234),(12,15819),(14,5349),(15,14314),(17,15385),(18,17438),(19,25444),(21,16535),(23,22969),(24,14146),(25,7919),(26,24441),(28,9555),(29,11811),(30,14225),(31,490),(33,30677),(34,20178),(36,10002),(38,21376),(41,17553),(42,2695),(49,24382),(50,7358),(52,21252),(58,32669),(61,32756),(63,11625),(64,12663),(65,2089),(67,3273),(69,25440),(70,20204),(75,5464),(78,21859),(79,25571),(80,20862),(82,9268),(85,25260),(87,1500),(90,19496),(92,6396)]	103.978793
139	[(1,14351),(7,15555),(9,28794),(10,11869),(11,7007),(16,12207),(18,7332),(24,27328),(25,29756),(27,7119),(28,7205),(29,4251),(30,25072),(31,7278),(32,26935),(34,28821),(35,157),(36,32015),(37,25887),(39,12700),(40,20263),(42,1228),(49,21380),(51,13072),(53,29308),(54,23630),(55,27872),(56,25477),(60,25913),(61,13784),(63,27876),(64,13631),(66,32840),(69,763),(70,9345),(71,4952),(72,22372),(73,2055),(75,13936),(76,19295),(77,18239),(78,27001),(79,33718),(80,32448),(82,7891),(83,229),(84,23577),(85,20166),(86,31462),(87,4751),(89,23497)]	101.629713
140	[(0,34029),(2,15064),(3,25031),(4,1759),(6,3919),(9,10282),(10,10915),(11,19122),(13,14470),(15,26508),(16,31799),(17,33885),(18,10737),(19,27616),(20,11968),(21,23099),(23,14786),(26,6589),(28,27665),(30,23125),(32,699),(34,34057),(36,33949),(38,21900),(39,13148),(40,23416),(42,11640),(43,10578),(45,21879),(47,7498),(49,679),(50,16019),(52,32734),(53,10554),(55,9875),(56,18783),(60,23036),(61,27148),(62,10048),(70,18494),(71,15254),(74,28726),(76,7087),(78,16673),(81,31734),(83,10711),(84,1506),(85,2740),(86,23837),(87,9727),(92,13558)]	95.854873
141	[(0,7604),(1,20720),(2,23883),(4,29512),(5,28283),(9,21426),(10,13728),(12,9255),(13,12995),(14,618),(16,13494),(17,27941),(20,4039),(21,8),(23,14392),(25,27292),(26,112),(32,23857),(33,6514),(44,16453),(45,9526),(46,12947),(48,3576),(50,22630),(52,21344),(54,33437),(56,27480),(57,24047),(58,14091),(59,13376),(61,13398),(62,3585),(65,22636),(66,12582),(67,15699),(68,9148),(69,1586),(71,16440),(72,31325),(73,7738),(74,27655),(76,15263),(77,1549),(83,9036),(84,6795),(85,24720),(86,3970),(87,30070),(90,7160),(91,13060)]	93.634820
142	[(0,15490),(2,16583),(3,7262),(4,9381),(5,28455),(8,24403),(10,20727),(11,20229),(12,18217),(14,13234),(15,29854),(17,27075),(20,18951),(24,21954),(25,10555),(27,33989),(28,31797),(34,8326),(36,17439),(37,20618),(38,1478),(39,3769),(42,12816),(44,6169),(46,31512),(47,8384),(48,5666),(49,2864),(51,8057),(53,22347),(55,16183),(56,31052),(58,18622),(59,984),(62,23985),(63,2683),(65,3847),(66,16583),(68,20114),(69,8284),(72,17036),(73,2047),(75,5258),(76,4831),(78,13978),(80,6458),(84,18084),(85,25183),(87,11717),(89,15927),(91,32319)]	95.100944
143	[(0,30634),(1,12594),(5,3416),(7,28816),(8,15872),(9,10848),(10,21453),(12,32401),(14,25930),(21,17788),(22,614),(23,16042),(24,23656),(25,25202),(29,9747),(30,33192),(33,28761),(36,1062),(37,32620),(38,14184),(43,17177),(45,13439),(46,29983),(47,7389),(48,10333),(49,1663),(54,19734),(56,23599),(57,903),(58,13673),(61,26430),(62,23703),(66,10334),(68,30147),(70,6504),(72,29911),(73,28129),(74,6414),(77,31233),(79,24970),(81,25456),(82,8964),(83,4222),(84,25768),(88,8121),(90,28355)]	112.531602
144	[(0,29300),(3,23693),(5,15903),(6,11018),(7,3138),(11,10656),(13,14404),(16,19894),(20,31389),(21,717),(22,33380),(23,11684),(24,10791),(25,21513),(26,13476),(29,28952),(31,33307),(32,26967),(36,1868),(38,33258),(39,12689),(40,30344),(43,2815),(45,26550),(47,17963),(48,16053),(50,32082),(51,11738),(52,33266),(54,2613),(56,12079),(57,11801),(58,31396),(60,15771),(61,388),(63,18245),(67,18278),(71,33462),(72,20853),(73,17161),(77,13323),(82,23433),(83,33955),(84,24981),(86,21605),(90,13136),(92,29004)]	98.958393
145	[(1,25507),(4,13493),(5,1331),(9,2359),(10,34067),(11,20672),(14,13175),(16,27548),(19,25317),(20,10723),(23,6192),(27,19397),(29,8248),(30,999),(32,21795),(33,18992),(34,1501),(36,23509),(37,20962),(38,10306),(39,29789),(40,15306),(41,17677),(43,14883),(44,9763),(45,27468),(46,30889),(50,14328),(56,27517),(57,8867),(58,9755),(60,6921),(63,30643),(66,18100),(69,27218),(70,29202),(73,8335),(75,6289),(78,31022),(79,20203),(88,23407),(90,8650),(91,28900)]	96.919068
146	[(6,11291),(7,4015),(9,5101),(10,21448),(11,7922),(13,11773),(16,22620),(19,31255),(20,239),(21,3674),(24,21672),(25,13097),(26,29059),(28,4909),(30,12547),(31,18947),(32,26905),(33,15731),(34,17943),(36,17847),(38,11148),(39,31848),(40,16262),(43,27074),(44,5741),(45,565),(46,31891),(48,13181),(49,22545),(50,13152),(52,8258),(54,28436),(55,5482),(56,30205),(57,3149),(62,20210),(63,12828),(66,30910),(67,22878),(68,23104),(70,14708),(71,10228),(75,2192),(76,21421),(77,21640),(78,10016),(79,13647),(80,28416),(81,15215),(82,25005),(83,3594),(86,31185),(87,16753),(89,12589),(90,14836),(91,12871),(92,11391)]	102.468688
147	[(0,20892),(2,26169),(4,9027),(5,18177),(7,29138),(9,23085),(10,10730),(12,15466),(13,32054),(15,6610),(18,7814),(19,8526),(20,10685),(21,18806),(24,17847),(27,29981),(28,20814),(32,22222),(33,22443),(34,15784),(35,3822),(36,25554),(38,3935),(39,31170),(41,32432),(43,622),(45,5372),(47,30491),(49,26347),(52,10152),(53,28273),(55,5462),(56,6421),(58,10841),(59,15412),(60,23871),(63,33877),(64,22095),(65,32268),(66,3379),(67,25114),(72,25498),(73,22565),(77,19056),(78,8081),(79,8008),(80,14771),(81,16311),(83,16711),(84,26092),(86,11436),(87,17952),(88,22010),(89,11450),(90,22789),(91,28955),(92,20897)]	125.499688
148	[(0,31105),(1,18183),(3,15953),(4,18727),(6,12360),(8,33422),(10,10265),(15,11711),(17,33449),(19,30271),(20,25992),(23,11849),(25,2527),(26,26125),(27,25663),(28,18248),(30,1433),(33,7130),(34,16261),(35,11479),(36,20282),(37,4184),(38,30339),(39,27951),(41,11559),(45,54),(46,9786),(48,1383),(49,24001),(56,9050),(57,30605),(58,21509),(61,8903),(62,25061),(65,19155),(66,7084),(67,32451),(70,2444),(71,19333),(75,362),(77,27673),(78,14063),(80,8812),(84,13527),(85,30655),(87,12590),(88,31523),(89,30844),(90,3341),(91,11675)]	98.808432
149	[(2,31340),(4,23131),(5,9702),(6,25658),(7,33823),(8,9195),(13,21899),(16,4314),(20,25169),(25,28275),(26,21159),(30,19845),(31,9878),(33,2181),(37,31631),(38,8184),(41,9837),(42,5258),(43,4831),(44,23202),(47,15396),(48,11565),(52,2015),(54,20445),(57,25029),(58,17285),(60,18851),(64,27570),(67,28822),(70,4122),(71,33202),(72,6247),(73,27608),(74,2663),(76,17741),(78,30788),(79,17884),(84,2078),(85,23710),(86,23555),(87,8875),(90,22894),(91,31755),(92,17170)]	97.860766
150	[(0,16004),(1,25080),(2,13272),(4,14257),(6,20657),(7,32276),(9,29929),(14,14667),(16,16684),(17,33392),(19,23664),(21,9876),(25,18991),(27,13216),(28,29332),(29,17879),(31,24745),(33,11284),(34,10604),(35,10573),(38,10935),(39,20955),(40,33961),(43,28011),(48,930),(49,33831),(52,18612),(53,1522),(56,8612),(57,9505),(59,3366),(61,959),(64,12821),(65,2972),(67,21448),(68,33171),(72,10088),(73,28157),(76,15212),(77,32596),(79,13336),(80,7543),(81,15255),(82,4018),(83,19084),(84,2241),(87,20875),(90,4021)]	95.220601
151	[(6,51),(8,25526),(9,1787),(11,4302),(12,2155),(13,763),(14,21057),(15,18011),(16,7680),(17,13387),(20,17527),(21,10207),(22,26823),(31,21812),(34,7557),(35,1163),(37,12440),(40,7353),(43,3374),(45,23691),(51,29401),(52,19667),(53,17447),(54,5952),(57,30422),(58,7121),(60,21045),(62,13303),(63,14677),(66,32756),(67,29444),(68,10616),(71,26747),(73,19354),(74,14025),(75,17369),(76,23677),(77,11754),(81,32297),(87,6945),(89,23452),(92,9117)]	93.641582
152	[(0,3397),(1,7628),(5,24802),(7,25090),(10,31532),(12,10008),(13,28066),(14,31729),(18,8806),(20,670),(21,30668),(23,22054),(24,18373),(26,20995),(29,11285),(30,24204),(31,17868),(32,15689),(33,14387),(34,19692),(39,1132),(41,26682),(42,6041),(43,2873),(45,15044),(47,7253),(48,15702),(51,3039),(52,4359),(55,13329),(58,21040),(59,24971),(60,30245),(61,28862),(62,18482),(65,14180),(69,27036),(71,26822),(74,13695),(77,17065),(79,9889),(80,31987),(83,9820),(86,28609),(87,7204),(89,24256),(90,10573)]	96.861816
153	[(0,15135),(3,9891),(5,13661),(6,25091),(9,10184),(10,8546),(12,17642),(14,27555),(15,14168),(16,31965),(18,10931),(19,5336),(20,3929),(21,4147),(24,19839),(32,25944),(33,3535),(35,3859),(38,3690),(39,32542),(41,8928),(46,14997),(52,7867),(53,5227),(54,30909),(57,4673),(59,11448),(61,1954),(65,20609),(69,33815),(70,12472),(71,15181),(74,7233),(75,1062),(77,19142),(79,14047),(81,27577),(85,32874),(86,33164),(87,12442),(88,15503),(89,27480),(92,4068)]	106.283933
154	[(1,18140),(2,8927),(3,5092),(6,20322),(8,28042),(12,20908),(17,12443),(18,18374),(19,20309),(20,14906),(22,30391),(23,2197),(26,10933),(28,2793),(29,21118),(30,15686),(33,1119),(36,10261),(37,21223),(39,23362),(40,16896),(41,33619),(42,11161),(44,10971),(46,2124),(48,22531),(49,4489),(50,16883),(51,6359),(52,13338),(55,13396),(57,15194),(58,31183),(59,4155),(62,2868),(63,2356),(66,627),(67,4760),(69,4121),(71,470),(72,26155),(75,26287),(77,12270),(78,17773),(80,602),(81,4933),(82,15102),(83,5165),(88,26685),(91,21710)]	101.080539
155	[(0,13438),(2,10901),(3,27772),(4,28519),(6,27142),(10,8910),(13,26501),(17,8703),(19,16765),(21,23347),(22,24544),(28,4730),(30,9289),(32,32798),(33,10861),(34,1501),(36,4897),(39,28676),(40,20481),(41,11749),(42,14249),(43,9140),(45,17671),(46,16905),(47,13575),(49,11100),(50,13671),(53,26330),(55,17380),(56,5270),(57,15145),(62,21866),(63,25077),(64,14056),(68,29872),(69,9928),(71,33595),(73,20189),(75,5659),(81,23964),(82,27169),(83,22417),(85,5459),(86,27593),(88,8971),(91,32532)]	96.700694
156	[(0,7812),(2,16562),(5,29271),(7,33811),(9,2410),(10,14285),(11,2848),(12,24886),(14,30046),(15,6500),(16,7069),(17,11407),(18,9601),(19,16188),(20,25164),(21,23765),(22,27922),(25,14142),(27,13117),(28,31788),(31,5525),(33,13672),(35,638),(37,23313),(38,25757),(39,14161),(41,26979),(42,30506),(43,25565),(44,306),(49,8357),(50,31209),(53,30338),(54,20893),(58,18958),(59,5261),(61,8042),(62,6871),(63,33033),(66,21838),(67,7401),(68,24415),(69,2626),(72,8383),(73,9117),(74,5053),(83,24468),(84,17921),(85,13599),(87,13995),(88,11217),(90,3883)]	98.227394
157	[(0,26604),(1,8690),(3,7330),(4,16715),(6,6307),(7,8508),(10,21653),(11,19553),(12,28262),(13,8732),(14,3231),(16,20306),(17,8441),(20,5239),(21,30567),(22,23212),(25,10685),(29,5687),(30,6285),(31,5837),(33,28352),(34,19028),(35,28134),(38,18693),(39,3944),(40,3888),(41,12085),(43,16852),(44,6428),(45,32891),(47,4535),(49,31684),(51,23635),(52,31833),(55,23487),(56,10230),(57,121),(58,31866),(60,22898),(61,22535),(64,5455),(65,5496),(68,33225),(70,25182),(71,5643),(72,26403),(74,22925),(75,19821),(77,77),(78,26579),(80,4676),(81,12882),(82,11053),(83,10835),(85,22878),(88,20519),(89,6053),(92,24645)]	125.495627
158	[(1,22417),(2,3232),(4,22303),(6,1274),(7,14547),(8,11432),(10,5238),(11,21148),(12,3210),(13,28727),(14,30863),(15,29742),(17,18701),(18,15723),(19,30980),(20,2387),(22,12347),(26,29677),(27,2145),(28,21320),(29,16734),(30,2130),(31,14804),(32,17232),(34,25121),(35,26065),(37,32086),(38,25698),(44,7188),(45,26747),(49,9858),(53,17411),(56,30400),(57,16225),(58,4250),(62,3725),(63,28832),(64,26167),(69,20398),(72,21196),(75,27363),(76,14663),(77,2732),(80,15235),(81,11170),(82,28507),(83,20959),(88,22390),(91,13688)]	101.905430
159	[(1,10594),(2,10745),(3,3646),(4,28610),(6,16410),(8,15327),(10,31452),(13,4570),(14,20014),(15,9009),(17,27011),(18,22090),(19,3827),(20,14041),(23,16196),(24,23028),(26,17809),(27,5379),(30,31988),(32,27450),(35,15530),(37,22845),(38,13834),(39,1405),(42,18002),(47,2020),(51,28587),(54,7763),(59,24634),(61,18454),(62,17648),(67,8621),(69,30615),(70,14570),(72,27582),(75,33153),(76,4629),(77,13366),(78,3544),(79,12975),(80,5802),(82,31018),(85,19521),(86,26829),(87,25473),(88,10576),(90,18675)]	97.180840
160	[(0,30768),(3,7635),(4,13358),(6,4178),(7,15618),(8,23019),(9,9959),(11,15890),(12,10687),(14,17475),(15,13911),(17,17223),(24,2131),(25,30456),(30,26140),(37,25553),(38,7644),(41,19605),(42,18442),(43,9640),(45,27451),(46,18103),(48,2947),(51,20854),(52,2001),(55,33079),(58,19202),(60,8736),(63,7849),(64,13501),(65,67),(66,17076),(67,5397),(68,9381),(69,28455),(71,21383),(75,15577),(76,17745),(80,12539),(83,29536),(87,1101),(88,1545),(89,24628),(91,31372)]	95.023102
161	[(0,4000),(2,10607),(4,26215),(5,4132),(8,4878),(12,19551),(14,4470),(15,18657),(17,29623),(21,14782),(24,29696),(25,6369),(29,13021),(32,21993),(36,3059),(37,34081),(38,1661),(39,32974),(40,17747),(43,4573),(45,4051),(47,5260),(51,28926),(52,20371),(56,13766),(60,16263),(61,21095),(62,1291),(66,25914),(68,28178),(69,13678),(72,10537),(74,7659),(75,30518),(76,3714),(84,31869),(85,23369),(87,12133),(88,2297),(89,516),(90,10305),(92,25225)]	96.325534
162	[(0,4086),(2,16376),(4,23301),(6,3492),(7,32979),(8,28203),(9,16424),(10,19397),(11,10003),(12,14089),(13,12878),(15,31614),(16,18286),(19,4602),(23,9679),(26,28375),(27,33716),(30,7145),(34,5867),(40,16553),(43,31777),(46,845),(47,23416),(50,20388),(52,12370),(53,29682),(54,24789),(55,30946),(57,19414),(58,26412),(59,31261),(63,10515),(64,29549),(66,33289),(67,12271),(71,31584),(75,28737),(76,18423),(78,22276),(82,21093),(85,11973),(86,27391),(87,6778),(90,5703),(92,31863)]	97.399719
163	[(0,33747),(1,32495),(4,24748),(5,22827),(6,22649),(7,32650),(8,33730),(9,1284),(14,26403),(17,14624),(18,27975),(20,19819),(26,17500),(27,29430),(28,33856),(29,23843),(30,4472),(35,29456),(39,23285),(40,28476),(42,3781),(43,30564),(44,12280),(45,33494),(47,5830),(49,28764),(54,4679),(55,28577),(57,25188),(58,20338),(62,13914),(65,21446),(69,16624),(71,12403),(72,14160),(73,12087),(74,32213),(75,26383),(76,5084),(81,23835),(82,22294),(83,7912),(84,8151),(85,9296),(86,13943),(87,18959),(89,31569)]	109.223836
164	[(1,12161),(2,32030),(4,15788),(5,5217),(6,18410),(12,22522),(13,10889),(14,15895),(15,14146),(16,1372),(20,31809),(24,1724),(25,610),(26,13580),(27,11972),(29,2450),(31,33347),(34,5708),(36,7886),(39,10534),(42,18815),(43,29389),(44,30302),(45,30409),(46,18979),(48,30998),(49,6164),(50,21257),(51,1774),(55,1034),(56,15173),(58,31013),(59,28326),(62,17345),(64,31368),(65,1864),(68,19603),(69,29417),(70,10507),(73,25362),(77,11985),(79,1501),(82,30030),(85,2926),(89,27351),(90,12301),(92,2017)]	95.714703
165	[(0,18662),(1,26734),(3,12696),(4,7315),(6,31934),(13,11799),(17,23264),(18,20383),(19,6865),(20,26954),(21,8387),(22,7176),(24,29049),(25,26003),(26,28944),(27,19736),(29,10627),(30,8999),(31,15291),(32,30230),(33,8669),(35,7947),(38,6734),(43,9917),(44,6666),(45,30551),(49,1780),(50,18642),(51,31816),(52,14147),(53,23673),(54,28582),(55,30520),(57,9224),(60,15035),(61,16967),(63,14910),(64,19357),(65,8809),(68,5285),(69,21437),(71,1551),(73,4987),(74,22313),(76,12988),(78,22288),(79,32633),(80,18981),(81,12820),(82,18420),(83,19417),(84,20892),(86,28953),(89,11458)]	96.511020
166	[(0,16903),(1,24517),(2,29571),(4,13726),(6,20921),(10,32740),(11,30884),(13,28739),(14,12573),(16,8013),(17,33947),(18,3382),(21,29749),(25,16021),(26,17445),(27,17793),(29,21017),(33,20861),(34,23322),(36,37),(38,12557),(40,2752),(43,19083),(45,3073),(55,6331),(57,23038),(59,4815),(60,2333),(61,22365),(64,16376),(68,10210),(69,23977),(70,19151),(72,33615),(74,19691),(76,7058),(77,4706),(78,26524),(79,10821),(81,8797),(82,18545),(83,14184),(85,25374),(88,3441)]	100.851434
167	[(1,5107),(4,28864),(5,33438),(6,6665),(8,14293),(11,826),(12,16395),(13,6724),(16,31534),(17,2562),(19,9122),(20,9955),(24,10740),(25,4222),(26,19478),(32,31412),(33,29463),(34,2237),(42,786),(43,27461),(44,16228),(45,24279),(46,28955),(47,8022),(53,7859),(54,14733),(56,11780),(57,828),(59,33182),(60,24798),(61,6088),(62,33077),(63,88),(65,3895),(66,27080),(69,34075),(72,28917),(74,18783),(75,22535),(81,119),(84,2534),(87,151),(89,4411),(90,30162),(92,6645)]	124.477636
168	[(2,6142),(3,16045),(5,19374),(6,5201),(7,21389),(8,27799),(9,13968),(11,514),(12,23703),(18,23639),(19,23389),(20,30892),(22,6272),(23,2876),(25,9756),(26,2381),(27,4233),(28,25096),(29,27908),(31,33157),(32,8728),(33,20588),(37,33762),(38,19468),(39,6023),(41,19760),(42,20291),(51,30534),(52,27780),(56,18760),(57,8047),(63,20951),(65,9910),(67,25064),(69,2509),(71,23740),(74,33535),(75,16269),(76,29912),(77,22748),(80,16391),(82,14677),(86,20360),(88,9757),(89,22709),(90,10057)]	99.828252
169	[(0,22350),(1,2803),(2,23673),(3,28582),(5,22489),(7,18933),(8,13297),(9,14153),(11,10673),(13,107),(14,31829),(15,28208),(19,26331),(21,19358),(22,14724),(23,31759),(26,30317),(27,25666),(29,8370),(30,32369),(31,5324),(34,30477),(36,29791),(39,2250),(40,3018),(43,25323),(44,19425),(45,5995),(46,25831),(47,1470),(48,7373),(49,15954),(51,33045),(52,5620),(54,34019),(55,13523),(56,17869),(58,19620),(59,247),(63,32910),(65,1125),(70,25433),(72,4802),(74,3820),(75,4711),(76,8691),(77,33123),(79,12762),(82,30117),(84,11562),(85,5618),(88,18502),(89,13437),(90,7588),(91,30994)]	99.161736
170	[(0,27505),(1,5699),(2,22568),(4,10604),(7,17875),(9,5787),(11,25618),(12,27481),(13,16557),(14,33769),(15,17082),(16,13539),(17,24694),(19,12389),(20,16645),(21,21883),(22,12630),(23,14621),(24,16199),(25,29394),(26,26915),(27,10129),(29,12223),(30,20902),(31,17788),(32,614),(33,31181),(38,3387),(39,6807),(40,28788),(42,22029),(43,2476),(46,2979),(48,28128),(49,4435),(50,12697),(52,33801),(54,24664),(58,30683),(59,2124),(61,11279),(62,17933),(65,22548),(66,31003),(67,716),(68,30115),(69,855),(70,13628),(71,33723),(80,23611),(83,18513),(86,33640),(89,1203)]	97.903139
171	[(0,19657),(1,1589),(3,13628),(5,17263),(9,14873),(11,9774),(12,20304),(13,13313),(15,19936),(16,30652),(17,16040),(18,34024),(20,30766),(21,14458),(22,441),(23,8486),(24,29200),(26,13054),(28,15528),(29,3232),(31,22303),(34,341),(37,8355),(38,26557),(41,30682),(42,24826),(46,11074),(47,5763),(49,9844),(51,11249),(57,32564),(58,8400),(59,7133),(61,12336),(63,21383),(65,9329),(67,8469),(68,22671),(71,24890),(73,32371),(76,30850),(79,22443),(80,15784),(81,3822),(82,19470),(84,2815),(85,25586),(86,8887),(87,29095),(90,33378),(92,8134)]	93.208870
172	[(0,15429),(2,10602),(3,14255),(5,33072),(6,26053),(8,13864),(11,23604),(14,31200),(15,11833),(17,3834),(19,19801),(21,27082),(22,28093),(23,22687),(24,4481),(25,1435),(26,13111),(30,2871),(31,31601),(32,11442),(35,9263),(38,15886),(40,21914),(42,10586),(44,2763),(45,23636),(49,16006),(50,1244),(52,25421),(53,17860),(57,22822),(58,16864),(60,3969),(61,2958),(63,33922),(64,21064),(69,11264),(73,861),(74,16461),(75,16148),(77,25081),(80,31782),(82,4336),(83,3051),(84,23006),(85,22107),(86,23655),(87,361),(88,6370),(90,20209),(91,2733)]	98.270865
173	[(2,2875),(4,33187),(8,12165),(13,3545),(15,4210),(16,28990),(17,13426),(20,25697),(21,16960),(28,26069),(30,3381),(31,5722),(34,467),(36,8045),(38,30093),(39,12559),(41,30444),(42,32375),(43,8175),(44,12994),(46,21126),(48,13878),(50,25147),(51,915),(52,4157),(53,3016),(54,29725),(55,4520),(57,28451),(58,7069),(59,33312),(63,24482),(64,7074),(67,17972),(68,27907),(70,13003),(71,19575),(77,6879),(79,758),(81,20486),(83,27927),(84,19532),(85,20806),(88,24073),(89,27252),(91,18095)]	99.815791
174	[(5,23261),(6,28210),(8,31320),(9,10033),(11,3873),(12,5046),(13,21248),(14,23352),(15,20066),(16,26871),(18,27268),(20,13258),(21,11273),(22,11379),(25,18171),(27,30113),(31,708),(32,9709),(33,14308),(36,31809),(38,28541),(39,6125),(40,25064),(44,5875),(46,27207),(47,27690),(54,30999),(55,33333),(56,26180),(60,21135),(63,26549),(65,21964),(68,21285),(69,13680),(70,21618),(71,8477),(72,21482),(74,2312),(76,12922),(77,26911),(78,7341),(79,13960),(80,21826),(81,27553),(82,33020),(83,33832),(86,30515),(87,22772),(88,28327),(89,3331),(90,20877),(91,11178)]	99.942730
175	[(0,26331),(5,1210),(6,24093),(8,29135),(12,4519),(15,15128),(18,14822),(19,30936),(27,24584),(30,14491),(32,24866),(35,22566),(40,30021),(42,16059),(43,22571),(44,6178),(48,6331),(49,1427),(50,19020),(52,28551),(53,13633),(54,29894),(59,29266),(60,10754),(61,7771),(62,13870),(63,27231),(65,2409),(66,11005),(68,17758),(69,15042),(70,32338),(72,30201),(75,7030),(78,25694),(79,33781),(80,31489),(81,29166),(82,30598),(83,1728),(85,1309),(89,5031),(91,12132)]	96.893873
176	[(0,9042),(1,27694),(2,12242),(3,6471),(6,10534),(8,2265),(12,23662),(13,26042),(16,26323),(17,22000),(21,30733),(24,23271),(25,23586),(26,20911),(30,7261),(31,8193),(33,15802),(35,26186),(37,8038),(38,10885),(43,12099),(44,8661),(45,29717),(46,29566),(48,15520),(49,19498),(51,15856),(53,14667),(54,377),(55,31580),(56,14627),(57,6292),(62,10889),(63,6633),(66,14649),(74,3848),(75,3985),(76,18256),(77,9904),(78,28619),(80,17405),(81,15195),(82,19720),(83,19632),(84,10678),(86,1213),(87,25308),(90,32519),(92,21801)]	107.611746
177	[(2,26199),(5,7686),(6,2505),(8,11409),(11,29457),(13,4082),(16,12067),(17,31256),(18,1555),(20,10170),(21,27234),(26,22375),(27,31272),(28,15244),(29,32442),(30,6106),(31,906),(33,29767),(35,1349),(36,12962),(37,3006),(44,29117),(46,27007),(47,19481),(48,2690),(49,8084),(53,31292),(54,32780),(55,4085),(57,13649),(62,25683),(65,10332),(66,12483),(67,14382),(68,23852),(70,13357),(71,25902),(73,5880),(74,31684),(75,6149),(77,1804),(79,26704),(80,32641),(82,10186),(83,23366),(84,25397),(85,23629),(86,9727),(88,13771),(89,7589),(91,23715)]	128.302584
178	[(0,4347),(3,4076),(4,18559),(6,2913),(7,32352),(10,15481),(12,30686),(20,27836),(21,28720),(25,15268),(26,27483),(28,23413),(29,29445),(32,27002),(33,4637),(35,269),(37,11578),(40,26298),(45,28533),(46,4572),(48,23736),(49,1873),(52,15529),(55,2714),(56,2708),(57,4300),(58,8289),(60,22103),(61,21618),(62,8477),(63,7303),(64,6476),(66,27326),(67,3148),(71,448),(74,12266),(75,12547),(76,25880),(77,19548),(79,26143),(80,24171),(81,21779),(85,15292),(87,2034),(88,23600),(89,12234),(90,3491)]	114.292820
179	[(1,27073),(4,8927),(5,5092),(7,6075),(8,32494),(12,14473),(14,25959),(15,32940),(16,15022),(18,14796),(19,28248),(21,4090),(22,33675),(24,28289),(28,13132),(29,29472),(30,11921),(38,18486),(40,33882),(41,27632),(48,10809),(51,23350),(52,20544),(54,27794),(55,32485),(56,12647),(59,21037),(61,33957),(67,15703),(69,24554),(70,8524),(74,27878),(75,14430),(76,28065),(77,12181),(78,6322),(79,34057),(81,27250),(83,25019),(84,28794),(86,31970),(88,25186),(89,20006),(91,28383),(92,7996)]	105.122818
180	[(0,14490),(3,23196),(4,21243),(5,22123),(7,26524),(11,25673),(14,19734),(15,673),(17,27097),(18,312),(19,21665),(21,5212),(24,26480),(29,18114),(30,17248),(31,15221),(34,29031),(36,23275),(41,16842),(47,31234),(48,21784),(49,20654),(52,31823),(56,13467),(57,27126),(62,12358),(63,3988),(64,9544),(65,26279),(68,23130),(70,28381),(71,4689),(73,3074),(76,26607),(77,21827),(78,21941),(82,33719),(84,14614),(85,16725),(86,23922),(87,25277),(89,9436),(90,245),(92,29923)]	105.795257
181	[(0,883),(1,12970),(3,12713),(4,16466),(5,6990),(7,25227),(8,15580),(9,9348),(10,16094),(12,4162),(13,24370),(14,29537),(15,4446),(18,28500),(20,4865),(22,22597),(26,20306),(27,8441),(28,740),(29,3066),(30,10067),(31,27570),(33,21465),(36,33793),(40,31365),(41,15995),(42,1417),(44,3395),(46,33471),(49,32017),(50,22928),(53,7776),(54,23973),(56,26420),(59,13519),(62,11318),(63,21856),(64,7976),(65,16005),(66,13354),(71,15942),(72,496),(73,23996),(74,7953),(75,3924),(76,23556),(79,5884),(80,30952),(81,4014),(84,13238),(85,2809),(86,10832),(88,23381),(90,22519),(92,28431)]	102.102133
182	[(0,1378),(2,29664),(4,25013),(6,9177),(7,33856),(8,6034),(9,7844),(10,15932),(12,13807),(14,33808),(15,2405),(18,12502),(20,18404),(21,14010),(23,31622),(25,10286),(26,9635),(27,1289),(29,3765),(30,27204),(31,21939),(36,25368),(37,16450),(39,9279),(40,16783),(41,32405),(43,24697),(45,16727),(46,28444),(47,31196),(48,8267),(50,6632),(51,239),(53,16265),(55,29932),(57,8355),(58,30049),(60,22941),(61,1105),(65,7937),(67,13424),(71,27217),(73,20936),(75,21099),(76,19525),(77,11948),(80,24697),(82,23268),(83,22158),(87,21324),(90,5291),(91,22750)]	111.554452
183	[(1,14214),(2,17315),(3,268),(7,18186),(10,835),(11,5109),(12,2280),(13,5966),(16,4881),(20,7252),(21,24680),(22,24908),(24,8043),(25,19005),(27,5025),(28,10275),(30,7213),(31,14022),(33,12029),(34,1885),(35,24354),(36,4272),(37,31690),(38,11253),(40,16364),(42,11719),(43,7264),(44,29446),(45,9214),(46,1815),(47,13214),(50,20907),(55,25004),(56,27211),(58,7722),(59,23552),(60,8900),(61,200),(62,25212),(63,26593),(65,22630),(71,106),(72,25731),(75,32007),(79,25844),(80,17185),(82,11674),(83,2299),(84,15788),(85,5951),(86,381),(90,15403),(91,6966),(92,30657)]	101.971813
184	[(0,1271),(1,33622),(2,30166),(3,16621),(5,9928),(6,32695),(7,6134),(8,29541),(11,12357),(12,5459),(13,2963),(15,22152),(16,31640),(18,12668),(19,26517),(21,24817),(23,31444),(26,30661),(29,30024),(30,12649),(31,12787),(32,7571),(34,28657),(35,9047),(36,8246),(37,25283),(38,31317),(42,21417),(45,18150),(48,13423),(49,29350),(51,2279),(53,1975),(54,7749),(57,11635),(58,11917),(60,32264),(61,18613),(62,24237),(64,13003),(65,1503),(66,20436),(67,29820),(68,9196),(73,21717),(76,15408),(81,30333),(82,23656),(84,3929),(87,17590),(88,31377),(90,5747),(91,30445),(92,13504)]	100.083206
185	[(0,21135),(1,204),(2,10123),(3,30954),(8,7456),(9,23459),(10,8085),(11,29781),(12,28010),(13,10277),(14,17127),(15,9824),(17,12285),(18,29414),(21,30501),(22,2147),(26,11313),(27,18302),(28,26892),(29,8011),(31,10907),(32,13366),(35,5336),(36,3929),(41,6571),(43,1260),(44,28624),(47,16903),(48,28056),(49,1482),(52,4614),(53,26343),(54,21350),(55,19544),(56,32624),(57,8435),(58,29955),(59,17167),(60,17600),(62,22215),(67,13731),(68,11383),(71,33170),(74,14993),(75,16988),(80,13895),(81,1641),(82,29272),(83,32637),(84,29791),(85,28974),(87,5276),(88,5746),(89,6569),(90,7747),(91,13925)]	100.093243
186	[(2,31398),(4,13175),(5,23646),(7,32276),(10,12652),(12,3205),(13,19401),(15,32774),(17,16726),(20,732),(22,13883),(23,12337),(25,14021),(32,30835),(33,8475),(34,21585),(35,16635),(36,30604),(37,13073),(39,16384),(40,24255),(41,10621),(44,8142),(45,22665),(46,12229),(48,8911),(49,3719),(50,24225),(52,33103),(53,12447),(58,25517),(62,3526),(64,29941),(65,10912),(67,8724),(68,29759),(70,15018),(71,19190),(72,5716),(73,24851),(76,19281),(78,8184),(79,9187),(81,17557),(85,13104),(86,8263),(87,22427),(88,19274)]	102.296292
187	[(0,10601),(4,23804),(5,5974),(8,18805),(10,17094),(16,15419),(18,9915),(20,2107),(23,30301),(24,30623),(27,25490),(28,4034),(29,31497),(30,10132),(37,24215),(38,16602),(40,1112),(41,22433),(43,4219),(46,2552),(48,3052),(52,13210),(55,2758),(56,8966),(57,5590),(60,10745),(61,31979),(62,5455),(64,20947),(66,26269),(67,21943),(72,22753),(76,32726),(80,28888),(83,20655),(86,9278),(88,21006),(90,13352),(91,10170)]	136.959231
188	[(1,32758),(2,33711),(3,5691),(4,32400),(5,32465),(6,27016),(8,16677),(9,7401),(12,30604),(13,13073),(15,13146),(16,26712),(20,2258),(21,1456),(22,24401),(25,21485),(26,2047),(27,14688),(30,12857),(32,28229),(38,5522),(41,25151),(43,14003),(44,9278),(47,15529),(50,17034),(54,33702),(56,33858),(57,18048),(58,24826),(59,4849),(63,23813),(64,12955),(68,4459),(69,28475),(70,24323),(74,10198),(76,32967),(77,22411),(78,10302),(79,26428),(81,6307),(82,25990),(84,24982),(86,7910),(87,9507),(89,19372),(91,28120)]	103.100170
189	[(0,23303),(1,15779),(3,33555),(8,12437),(9,419),(10,15706),(12,23262),(15,10760),(17,16700),(18,8930),(19,324),(20,22941),(21,1105),(25,22882),(27,10802),(28,27484),(29,23615),(30,25251),(31,17133),(33,26120),(35,3852),(37,28091),(38,8284),(39,12806),(41,25929),(42,24412),(43,323),(44,33495),(45,5253),(58,16067),(67,1690),(68,21207),(70,27131),(71,18621),(77,6108),(78,4148),(80,28420),(81,11720),(82,3841),(83,18890),(87,17167),(91,21624),(92,2544)]	98.362561
190	[(0,21880),(1,10960),(3,20191),(4,897),(5,1625),(6,26443),(7,16622),(9,3206),(11,24507),(13,3882),(17,6711),(18,22380),(19,10497),(20,9377),(24,10414),(26,2940),(30,3674),(32,20992),(34,31881),(36,568),(38,28436),(40,19848),(41,22602),(43,17712),(45,4209),(47,1917),(50,19714),(53,19206),(54,22186),(55,9738),(58,27568),(59,33442),(65,23669),(67,4540),(70,32685),(71,28594),(72,7922),(74,33053),(75,14285),(76,22815),(78,5429),(79,10606),(80,21199),(82,27495),(83,20280),(85,646),(89,16372)]	100.064026
191	[(0,13130),(2,15502),(5,1173),(6,29926),(7,26664),(8,31411),(9,25761),(10,21865),(12,12940),(13,4698),(18,6422),(19,19481),(20,5785),(21,16566),(22,28285),(27,5634),(28,15005),(30,14224),(32,24336),(34,13672),(35,19897),(36,24477),(37,24837),(39,26190),(40,3203),(42,1210),(45,8823),(48,6838),(49,17256),(54,11046),(55,19067),(60,11369),(61,12462),(64,26371),(66,23259),(67,28890),(68,13016),(69,29953),(70,33173),(71,9328),(72,16560),(74,13415),(75,11985),(76,3735),(81,15734),(87,22402),(89,11538),(90,849)]	128.256592
192	[(0,6665),(1,30121),(2,18765),(3,24268),(5,1400),(6,33170),(8,20435),(9,8099),(10,21856),(12,22714),(13,27988),(15,21714),(18,28648),(19,18037),(20,30132),(21,9174),(22,5911),(24,30750),(26,21483),(27,10113),(29,2143),(32,17352),(33,30468),(34,31087),(38,34079),(39,22379),(40,29226),(41,21916),(45,3589),(48,7016),(49,10404),(50,2037),(51,2616),(52,26486),(53,21758),(55,24434),(57,20260),(58,26487),(60,4971),(62,2307),(63,29283),(64,9202),(68,5979),(72,26967),(78,17340),(79,24469),(80,20014),(86,15518),(88,29128),(91,20809)]	111.110563
193	[(1,10110),(3,16006),(5,5833),(6,12941),(8,17743),(9,12194),(10,31223),(12,4331),(13,11932),(14,5749),(17,32986),(19,27555),(24,27027),(26,125),(27,3801),(28,16506),(29,15917),(32,19190),(33,25476),(34,10674),(35,20477),(37,19003),(39,4717),(40,25941),(42,32973),(43,10316),(45,17888),(46,3508),(47,32627),(48,3137),(49,18755),(53,22196),(54,31631),(55,7650),(56,30953),(57,4260),(58,14902),(59,11303),(60,6869),(61,25852),(62,2546),(63,13153),(64,32824),(66,795),(67,5701),(69,31944),(71,7007),(77,24397),(78,32843),(79,14476),(80,6064),(83,25882),(84,6186),(85,10146),(86,11781),(89,337),(92,18457)]	101.288093
194	[(0,30935),(4,3465),(5,1411),(6,28600),(9,24311),(10,8362),(11,20286),(12,23155),(14,33215),(15,9100),(18,23279),(19,17259),(20,28017),(23,23187),(24,16954),(26,31979),(27,5455),(29,18133),(32,3696),(33,12798),(34,10694),(35,3024),(36,7132),(38,16241),(41,28605),(45,850),(50,24273),(51,19639),(52,16752),(53,5246),(55,27999),(59,21192),(62,26534),(63,29598),(64,29436),(68,27268),(70,27920),(72,7435),(74,1138),(75,25471),(77,14889),(78,3190),(80,24624),(86,22731),(87,31404),(88,22675),(92,18191)]	103.705347
195	[(1,11390),(2,29966),(3,33154),(4,22275),(5,11655),(7,27873),(8,17412),(11,24966),(12,12449),(14,21396),(17,26391),(18,4399),(19,13184),(24,3386),(26,13794),(27,15583),(30,8252),(31,17820),(36,8103),(38,27741),(40,24796),(43,18829),(45,5074),(46,16785),(47,27961),(48,14152),(49,13570),(50,33314),(52,22349),(53,8890),(56,6324),(58,21293),(59,23556),(60,18966),(63,22660),(65,1927),(67,31301),(68,11292),(69,34030),(70,29874),(71,4309),(72,31339),(73,25945),(75,992),(76,25651),(77,12631),(79,12002),(80,26700),(82,28674),(83,32130),(85,31442),(86,28969),(88,32751),(89,27450),(91,13465),(92,15944)]	108.199658
196	[(0,4996),(5,11107),(7,30967),(8,2228),(9,28657),(10,8831),(11,11721),(12,31628),(13,14066),(14,19903),(15,1264),(16,21357),(17,9078),(19,24496),(20,26443),(21,22396),(22,11042),(25,23305),(26,19977),(27,5712),(28,707),(29,17048),(32,26569),(34,31877),(36,24013),(37,23972),(38,32486),(40,32020),(42,21190),(44,16976),(46,16383),(47,9742),(48,552),(50,32654),(52,23510),(53,22094),(54,20228),(59,25250),(60,7809),(61,32725),(62,7802),(63,19625),(65,6121),(66,2770),(69,22278),(70,3650),(76,22350),(77,33424),(78,2666),(81,19110),(84,9396),(85,27585),(86,13068),(87,30098),(89,23878),(90,9149),(92,25598)]	147.497796
197	[(0,18439),(1,32206),(2,25329),(5,7203),(8,19835),(9,28183),(10,5705),(11,31478),(12,32128),(14,12321),(22,10851),(25,23202),(27,6396),(28,23821),(29,31005),(32,10239),(34,430),(38,14128),(40,3089),(41,14390),(42,22935),(44,1779),(46,21915),(47,3717),(49,27332),(50,28434),(52,6767),(53,14701),(54,25422),(60,31481),(61,33390),(62,14019),(65,15648),(66,22843),(67,3426),(68,22621),(69,27546),(70,23158),(71,16811),(73,29759),(78,18904),(82,12530),(83,14767),(84,20957),(85,5421),(90,15010),(91,30640)]	111.181118
198	[(1,13525),(3,5240),(4,6916),(6,27414),(7,3308),(8,27486),(9,32455),(10,24653),(12,1586),(13,20654),(15,30071),(16,20188),(20,17062),(21,18021),(25,25393),(29,29844),(31,9762),(32,21782),(33,7764),(34,8325),(35,31741),(36,31862),(37,15378),(39,23471),(41,17622),(43,19700),(44,23408),(47,24054),(48,3767),(53,862),(55,24023),(56,18164),(57,17277),(59,121),(64,11426),(65,31853),(66,21566),(67,26508),(68,17737),(72,15148),(74,1453),(76,21058),(78,15250),(79,12814),(80,14857),(81,21153),(82,3021),(83,28843),(88,12982),(89,27749),(90,9817),(91,21729),(92,14467)]	100.014747
199	[(1,8527),(2,4576),(4,9363),(5,7908),(8,29238),(11,12433),(12,11232),(13,32645),(14,15390),(15,1261),(19,17691),(22,11674),(23,2299),(24,23846),(28,18850),(30,30933),(34,7878),(36,14459),(41,21113),(42,22787),(43,21395),(46,7378),(48,23819),(50,15747),(52,21771),(54,11971),(55,28995),(56,12118),(57,13784),(58,23931),(60,1311),(63,27546),(64,21452),(65,27132),(67,13661),(71,15055),(72,25715),(74,16878),(76,9959),(79,21525),(80,27284),(90,12553),(92,25326)]	96.126250
200	[(0,26930),(5,3542),(7,14164),(10,20567),(12,11042),(14,12205),(15,18766),(17,9120),(18,799),(25,26),(26,11347),(27,29924),(28,17477),(32,14442),(34,21676),(35,13596),(38,30951),(42,28314),(44,16033),(47,28026),(48,33368),(49,31185),(53,24759),(56,25683),(58,14388),(61,12650),(64,20119),(65,30474),(66,23375),(70,8419),(71,18439),(72,33102),(73,5986),(75,13052),(76,239),(77,3674),(79,19446),(80,9465),(81,6426),(82,28112),(83,16541),(84,15707),(85,8880),(87,20275),(89,8620),(90,11260),(91,29003),(92,10173)]	106.675875
201	[(1,18455),(4,10928),(5,24366),(6,16355),(8,3993),(9,16577),(10,1087),(12,1773),(17,15656),(19,16743),(21,2602),(26,16603),(28,16496),(29,16082),(30,9255),(31,12995),(32,618),(33,22036),(34,6549),(40,8204),(41,3834),(43,7695),(45,235),(46,14206),(48,16337),(50,14539),(53,29866),(54,1571),(56,19390),(58,33609),(59,34061),(60,15386),(64,25300),(66,15206),(67,10752),(69,32022),(70,1224),(72,11424),(74,14518),(76,6057),(77,9912),(83,29076),(84,33422),(85,8554),(88,9405),(90,15680),(91,27960)]	97.714819
202	[(1,5340),(2,23161),(4,26434),(9,32114),(11,1036),(12,28474),(14,19236),(15,27168),(16,12053),(17,31882),(18,11743),(19,22981),(22,27882),(32,7428),(33,29895),(36,27832),(40,30922),(42,31124),(43,10361),(45,9269),(46,6745),(47,15834),(48,29276),(49,18411),(50,25493),(54,7948),(56,33707),(59,7676),(60,12268),(61,12827),(62,17696),(63,30027),(65,11155),(68,14204),(71,7457),(73,18046),(74,19958),(75,30612),(76,11206),(78,13365),(80,17045),(82,7690),(86,19969),(88,25765),(89,25041),(91,23696),(92,27859)]	113.150900
203	[(0,18033),(3,33278),(4,6469),(5,12998),(8,19030),(9,22821),(10,24974),(11,10851),(12,8673),(13,32859),(15,33806),(17,2641),(21,12922),(25,9071),(27,448),(28,28),(29,4442),(30,31479),(31,23717),(32,17791),(33,8535),(34,3798),(35,31293),(36,24275),(37,22803),(39,11526),(41,9860),(42,7730),(43,8220),(44,8044),(45,7186),(48,14447),(52,875),(54,10753),(56,2339),(58,3557),(59,24253),(60,12547),(61,18947),(62,26905),(63,20439),(65,16955),(66,22477),(67,21358),(70,23503),(71,31951),(72,5299),(74,20733),(76,23691),(78,13159),(79,14635),(80,10194),(81,13524),(84,25003),(85,28244),(88,27873)]	109.650312
204	[(1,5829),(2,13189),(5,23798),(8,10372),(14,32081),(15,29187),(16,14349),(19,7764),(20,6313),(22,21496),(25,33116),(26,10397),(28,30326),(29,6589),(31,27665),(35,19459),(36,22016),(37,32941),(39,10219),(40,19375),(42,28912),(45,5348),(46,33711),(47,20037),(48,25204),(49,9907),(51,28048),(52,33498),(53,12380),(59,539),(60,13923),(61,5601),(62,21248),(63,23352),(64,27444),(68,5197),(70,8513),(71,33515),(72,16799),(73,4917),(77,21726),(78,23572),(79,7452),(82,31512),(86,30023),(88,26616),(89,29337),(91,12498)]	103.049634
205	[(0,9919),(1,11876),(2,29602),(5,12500),(6,31973),(7,25041),(8,8470),(11,2955),(12,114),(13,5018),(15,11446),(16,19878),(17,32987),(18,17583),(19,16666),(20,10623),(21,8821),(23,30970),(24,26105),(25,29470),(27,317),(31,22576),(33,31410),(36,4046),(37,3378),(41,15172),(42,16601),(44,30009),(46,6611),(47,7096),(48,12783),(49,19058),(50,14095),(51,21975),(52,15678),(53,22500),(54,19476),(55,523),(58,8798),(61,7898),(64,30381),(66,20977),(67,32592),(70,32994),(73,3830),(75,6601),(76,33495),(78,33705),(79,14074),(81,1151),(83,7272),(84,16263),(85,32980),(88,3048),(91,27459),(92,23545)]	119.190407
206	[(0,19027),(3,10097),(4,3922),(9,9168),(10,8044),(11,192),(13,31),(14,23368),(16,30763),(19,11987),(21,8665),(22,13424),(23,5689),(25,13994),(28,7796),(31,27912),(32,5917),(33,6669),(34,459),(35,5681),(37,12735),(38,1604),(41,19698),(42,9520),(44,30042),(46,19088),(48,16135),(50,28737),(51,18423),(52,26744),(53,25069),(55,17428),(61,32805),(62,29623),(64,31069),(66,14925),(67,18552),(69,23655),(70,361),(71,6370),(73,20209),(74,32449),(76,18441),(77,32753),(80,18418),(85,10567),(87,15956),(88,14638),(90,7313)]	123.379137
207	[(1,30820),(3,12041),(4,32088),(5,19374),(6,5201),(11,19664),(12,5754),(14,31450),(15,21189),(16,33084),(21,29328),(22,12495),(24,12025),(27,1437),(28,7761),(29,33113),(35,9745),(39,13170),(45,17123),(47,4313),(50,15472),(52,20044),(53,19914),(55,12120),(57,16838),(61,7995),(62,13330),(63,10283),(64,6185),(65,13976),(67,34082),(70,14819),(71,14051),(72,6264),(75,31409),(76,28653),(77,27915),(80,1463),(85,24844),(89,29140),(90,21084),(92,13090)]	97.187248
208	[(0,16878),(1,6122),(5,20396),(6,2786),(7,19898),(8,26354),(11,1310),(13,25368),(14,16450),(17,15704),(18,9472),(21,9315),(25,23121),(26,17747),(27,813),(29,21098),(30,9212),(32,13725),(34,12828),(38,373),(42,21767),(43,13350),(44,20225),(45,28998),(46,6781),(47,33352),(48,13390),(49,29252),(51,10164),(54,2585),(56,23031),(57,27890),(59,25274),(62,28971),(63,31817),(66,11344),(67,8558),(68,21584),(70,22901),(71,14016),(72,8943),(75,11984),(77,17502),(78,26225),(82,21454),(84,33502),(85,656),(88,2723)]	97.554318
209	[(1,14409),(3,3343),(5,7433),(6,29439),(8,19748),(12,20561),(15,12435),(18,22318),(20,13942),(22,27761),(24,1041),(25,22816),(26,11167),(32,9833),(33,17502),(34,26225),(35,24022),(37,4742),(38,23162),(39,22383),(44,24249),(46,32883),(51,10432),(61,9954),(62,33437),(64,5716),(65,20944),(68,20494),(69,15883),(70,31047),(71,32953),(72,8994),(73,9445),(75,15057),(76,22662),(77,10891),(79,10367),(86,8907),(89,87),(91,25681),(92,19758)]	104.550562
210	[(0,12312),(2,7630),(3,20270),(5,14016),(6,8943),(10,17136),(11,21224),(13,7835),(14,10828),(16,19176),(18,29916),(19,29069),(20,28009),(23,406),(26,29053),(27,8134),(29,14476),(30,4515),(32,5996),(34,20746),(35,30306),(36,26643),(42,14009),(44,7682),(49,33167),(50,11366),(51,29803),(52,8452),(53,21841),(56,5610),(57,16657),(59,28359),(61,25528),(62,15480),(63,16121),(65,9153),(66,21704),(67,16334),(70,10016),(79,9911),(80,25007),(83,17428),(84,19005),(85,21535),(86,13496),(88,4875),(89,18854),(90,105),(92,25981)]	119.527177
211	[(0,3219),(3,27083),(4,16784),(6,11157),(8,28187),(9,486),(11,9044),(15,10417),(18,33811),(19,5950),(20,8265),(21,22593),(22,14384),(24,24988),(26,26319),(27,16419),(28,25246),(29,2303),(30,4031),(31,29958),(35,29101),(37,25778),(39,14443),(41,19818),(43,5663),(45,19698),(46,30400),(47,16225),(50,15364),(53,20767),(56,19396),(57,17548),(58,17434),(62,27896),(63,13621),(64,30767),(65,6946),(66,15025),(73,21361),(74,33796),(75,20448),(77,3068),(78,5489),(80,20959),(82,21279),(83,11217),(84,11861),(85,121),(87,14215),(88,1395),(89,25881),(91,24002),(92,19944)]	102.276695
212	[(2,603),(4,19332),(6,12195),(8,18350),(9,21237),(10,26694),(12,4413),(13,3890),(14,29431),(15,26449),(18,8884),(20,28628),(22,12055),(23,22604),(25,7253),(26,22013),(28,31742),(29,27160),(30,2167),(31,2477),(32,28670),(34,20170),(35,24136),(36,30202),(38,6696),(42,3404),(43,14522),(44,20359),(45,13558),(46,16988),(48,23981),(49,5541),(50,16982),(51,1870),(52,4157),(58,27271),(59,27094),(61,30314),(62,3283),(65,31732),(70,11994),(72,27068),(73,7765),(74,24436),(77,10914),(78,27957),(81,24414),(83,33040),(84,28203),(85,15015),(87,22349),(88,7301),(89,33895),(90,22832),(92,33931)]	103.526787
213	[(2,29728),(4,30784),(5,27080),(6,23927),(9,21837),(11,1602),(14,23103),(16,32809),(17,3122),(18,22707),(19,10862),(21,19209),(23,594),(24,32767),(25,11277),(27,32153),(28,27806),(30,813),(31,28631),(32,17762),(33,5191),(35,15461),(36,3658),(37,33304),(38,17551),(39,18100),(41,11806),(42,18799),(49,11918),(51,17737),(52,11559),(55,15193),(56,29513),(57,11400),(60,25074),(61,16917),(63,28543),(64,32325),(65,29852),(69,2446),(72,12391),(74,1315),(75,33577),(76,705),(78,5897),(79,9023),(80,26923),(81,12045),(82,7517),(83,5213),(85,2763),(86,12103),(88,1339),(89,20147),(90,17559)]	107.618530
214	[(0,27873),(4,18917),(7,30710),(8,9994),(11,27212),(12,2394),(13,19610),(15,20352),(19,9127),(27,29704),(29,20005),(30,2555),(33,13950),(37,7136),(38,1857),(39,6817),(40,2600),(41,7041),(42,21755),(43,16721),(45,21112),(46,292),(47,6974),(49,18639),(50,24808),(51,1958),(52,10551),(54,9415),(56,16357),(57,22969),(60,419),(61,4719),(62,10490),(64,28735),(67,3477),(68,31128),(69,24632),(75,5150),(76,27138),(78,8552),(80,4809),(82,4853),(85,9227),(86,28277),(87,16801),(88,2892),(89,30178),(90,6497),(92,25530)]	212.949992
215	[(0,23657),(1,21262),(5,2168),(8,27376),(9,5128),(10,28471),(11,9384),(12,1282),(14,14506),(16,4638),(18,18344),(22,24212),(23,12445),(25,1410),(26,28715),(27,26925),(29,8019),(33,20799),(34,30935),(35,27352),(41,6860),(42,7497),(46,18468),(47,31508),(48,19627),(49,12345),(51,11466),(53,22471),(54,32138),(59,24976),(60,15264),(61,6457),(62,14281),(63,17941),(65,18841),(68,15114),(69,28745),(71,17616),(72,16297),(77,11107),(78,27846),(80,13568),(83,25678),(84,15240),(86,23812),(89,7519),(90,26288),(92,21962)]	232.024661
216	[(1,22915),(4,21047),(6,21081),(8,29056),(9,9707),(12,21010),(13,33847),(14,14877),(16,30682),(17,24826),(18,4849),(20,11572),(21,29193),(24,25468),(27,25156),(28,26214),(36,27476),(40,27192),(45,6136),(47,9994),(48,19892),(49,1868),(50,17644),(51,4283),(52,28605),(56,8143),(57,31230),(58,17031),(63,20625),(66,7064),(68,24115),(70,13819),(71,4439),(73,2852),(75,3494),(78,2531),(80,25498),(82,27775),(84,30379),(85,12577),(89,9600),(90,26713),(92,13011)]	224.557248
217	[(2,22081),(7,21480),(8,11160),(9,1216),(12,14895),(15,21266),(17,4169),(21,18324),(23,4540),(24,12283),(27,6153),(28,18803),(29,18592),(30,19143),(34,10757),(35,6636),(42,20342),(44,12831),(45,29918),(49,22907),(50,6549),(51,23739),(53,26419),(55,24667),(58,14360),(60,20529),(61,6648),(64,10873),(66,31615),(67,269),(69,8241),(71,18214),(73,2596),(77,22280),(79,12588),(81,15787),(83,12072),(84,26669),(85,33233),(87,1960),(88,11376),(89,30198),(90,21634),(91,25451),(92,11072)]	210.734030
218	[(2,22180),(4,8261),(5,20574),(6,18415),(8,21440),(9,1037),(10,33027),(11,1965),(13,9586),(14,17760),(15,12136),(16,10978),(17,4267),(19,27969),(20,34040),(21,14923),(24,14062),(25,32837),(27,16296),(28,22689),(29,20856),(30,15005),(31,33597),(34,12375),(35,22087),(36,25546),(38,16976),(41,1290),(42,752),(43,10911),(45,2629),(47,26902),(52,18551),(55,4598),(56,4356),(57,16924),(59,12813),(62,26593),(65,13779),(66,20424),(70,29296),(71,13543),(73,2497),(74,18397),(75,10150),(77,9383),(81,20132),(86,9371),(88,7220),(91,2720)]	231.762250
219	[(1,32135),(3,11071),(4,6046),(5,7424),(7,8094),(9,3837),(10,19247),(17,24901),(19,8204),(20,3834),(26,13404),(28,12941),(29,7249),(32,31806),(33,28793),(35,4126),(36,19738),(37,7544),(38,12674),(40,14083),(41,4441),(43,14319),(51,5483),(56,4835),(57,33627),(60,2287),(61,1237),(64,7012),(71,6397),(72,14175),(73,21902),(75,6061),(80,19248),(82,4174),(83,13110),(84,27045),(85,12826),(87,5111),(89,7599),(90,13502),(92,11598)]	231.967177
220	[(1,3846),(3,26700),(6,18383),(8,1205),(13,29414),(18,446),(19,20008),(20,25609),(22,32435),(26,25910),(27,28613),(29,30076),(31,23780),(37,28528),(38,8792),(39,14030),(42,22097),(43,23268),(44,32652),(48,8528),(50,4597),(53,21145),(55,5613),(56,17863),(57,16035),(59,26182),(60,10724),(62,21617),(64,2076),(65,26950),(66,25389),(67,6153),(68,18803),(71,30986),(72,10975),(74,31949),(75,28048),(77,15810),(81,13433),(83,20692),(86,5317),(88,28580),(89,16381),(92,28492)]	231.027871
221	[(0,23576),(1,32793),(2,9159),(3,66),(5,738),(6,12322),(7,23998),(8,33740),(9,26672),(10,29472),(11,8770),(12,9402),(13,18306),(16,1137),(17,21372),(20,2642),(25,10262),(27,29365),(28,29361),(32,31312),(36,19959),(37,3484),(38,27251),(39,16867),(40,1117),(43,30458),(47,4094),(48,15138),(49,11630),(55,15489),(57,28599),(58,5652),(63,1639),(64,1558),(65,32873),(67,13560),(69,7664),(70,25348),(72,5495),(73,16584),(74,29309),(75,11483),(79,17519),(82,7933),(83,14089),(84,12878),(85,20302),(86,27341),(87,8979),(88,15976),(90,3206),(91,8514),(92,8836)]	217.505793
222	[(3,196),(10,2762),(12,18978),(13,76),(14,9979),(18,3075),(21,15089),(22,18790),(23,23968),(24,799),(25,10338),(27,18926),(29,25304),(30,30365),(33,25957),(34,20186),(35,544),(36,30718),(37,30020),(38,3297),(39,13726),(40,26366),(41,7681),(42,28251),(43,25823),(46,30215),(48,15256),(50,24262),(52,26033),(53,13110),(55,16696),(56,26601),(57,18221),(60,196),(64,2953),(65,2177),(66,16933),(67,21096),(69,18506),(72,27464),(76,19683),(77,8226),(78,2081),(80,2371),(84,11351),(85,29665),(87,23905),(88,25335),(89,11250),(90,2427)]	209.400279
223	[(4,21711),(5,8253),(6,15815),(10,28599),(11,32546),(13,19561),(16,22325),(18,25043),(19,11815),(20,4538),(23,19411),(25,1867),(30,15776),(33,11406),(34,22440),(37,6463),(38,24004),(39,20513),(42,25066),(43,33713),(45,966),(46,14597),(47,17396),(51,33380),(52,15136),(54,30145),(57,8836),(59,27327),(61,9321),(63,32842),(64,33376),(65,19297),(67,10114),(69,29962),(70,12918),(72,23919),(73,20873),(75,19472),(77,16160),(78,14681),(79,20664),(81,5546),(86,20552),(87,17434),(90,8883),(91,9649),(92,24488)]	233.913642
224	[(2,20268),(8,29698),(11,999),(13,9157),(15,26175),(16,10606),(17,8908),(18,2716),(20,4510),(22,21933),(23,5602),(25,9505),(26,27769),(27,5924),(29,22906),(31,27288),(32,5086),(34,12276),(35,18623),(36,6719),(37,26041),(38,7288),(39,17473),(41,21303),(42,9655),(44,19169),(45,28445),(49,20211),(52,10474),(54,25096),(56,23281),(57,619),(59,16244),(63,5611),(65,22180),(66,13281),(69,22536),(75,30117),(76,10963),(80,5060),(85,26013),(86,6423),(88,32907),(90,8045),(92,16357)]	217.849030
225	[(1,28700),(5,26907),(6,30614),(7,1720),(9,26979),(11,32527),(12,3078),(13,30129),(15,20737),(18,34007),(22,15736),(26,18439),(27,6366),(31,14240),(33,21166),(34,20258),(35,29478),(37,19151),(39,33615),(43,1382),(44,19097),(45,7003),(46,32454),(51,29697),(52,11399),(53,25035),(55,18510),(56,27704),(59,21519),(60,10238),(61,22552),(63,15031),(65,6533),(67,27371),(76,32517),(79,12725),(80,20240),(85,21166),(86,20258),(87,18235),(88,22152),(91,4669),(92,5301)]	216.969720
226	[(2,16540),(3,20749),(4,7293),(7,23298),(9,19052),(10,14038),(11,17077),(12,2017),(15,23192),(16,28627),(18,9271),(20,9419),(21,27638),(22,16862),(23,23943),(25,4139),(28,5179),(29,5406),(30,10598),(32,16254),(39,26777),(40,15403),(41,11662),(42,16043),(43,12696),(44,18884),(46,12811),(50,33764),(52,9755),(54,10683),(55,3924),(56,17440),(57,3609),(59,32821),(63,18850),(66,21270),(67,11175),(68,30980),(70,20719),(71,24167),(77,24594),(80,15985),(81,5428),(84,20677),(85,23580),(86,8868),(87,9073),(90,11852),(91,14527)]	218.970422
227	[(1,17474),(2,29830),(3,30202),(5,26686),(6,27886),(8,11027),(9,12968),(10,23945),(12,28692),(13,16210),(14,33543),(15,235),(16,14206),(18,4750),(19,30522),(23,25534),(25,18942),(30,26917),(31,29193),(32,27033),(34,15117),(36,15680),(39,684),(41,23276),(44,20447),(45,5034),(47,19607),(49,3132),(51,9595),(52,13153),(53,28625),(55,523),(56,1051),(59,19014),(60,493),(65,15174),(68,28153),(73,27925),(75,26953),(77,11342),(82,30052),(84,12826),(87,6573),(88,23046),(89,18688),(91,6511)]	234.594318
228	[(0,28201),(1,3117),(2,12595),(4,5926),(5,15288),(7,14595),(10,25315),(12,26069),(13,27946),(14,27041),(16,19987),(18,2188),(19,10912),(22,21119),(24,13819),(25,24710),(26,16934),(27,669),(28,17758),(29,26785),(30,33790),(32,11944),(33,20564),(35,2604),(37,33506),(40,13918),(42,26599),(43,33597),(46,12251),(51,4536),(52,3957),(53,7853),(56,26687),(59,19605),(60,18442),(61,29120),(64,11296),(65,23470),(67,28137),(74,2876),(76,21423),(77,17215),(79,32901),(83,15613),(84,4010),(85,32538),(87,6996),(88,27100),(91,15973),(92,27026)]	229.108056
229	[(1,2080),(2,30155),(3,1440),(6,20102),(10,24195),(11,18146),(12,30715),(13,28082),(18,14621),(19,6446),(21,26014),(22,11158),(23,6799),(24,26177),(29,23736),(33,5660),(39,5483),(40,31234),(42,28218),(43,28613),(46,881),(47,6325),(49,4211),(50,9573),(52,18892),(53,32545),(56,1243),(57,16424),(58,19397),(59,10003),(61,25484),(62,31039),(68,25445),(70,15200),(76,33399),(82,16631),(83,32644),(85,806),(86,19894),(88,9233),(89,23518),(91,2046),(92,22336)]	259.004764
230	[(0,24291),(2,33954),(4,19811),(5,6703),(6,18257),(7,32540),(10,30383),(11,22970),(12,27763),(13,4577),(15,16798),(16,32246),(17,33772),(18,19748),(20,18083),(22,17451),(23,23220),(26,11637),(27,12161),(34,17628),(35,28234),(37,7110),(38,9766),(39,15469),(41,12941),(43,17743),(44,12194),(45,15273),(52,28629),(55,24377),(56,10441),(59,26708),(60,20420),(61,3221),(63,7540),(64,31878),(68,27010),(70,15374),(71,5096),(77,27882),(80,24619),(81,15118),(82,15162),(84,30709),(85,20378),(87,9519),(88,31749),(90,4625),(92,32378)]	100.897373
231	[(7,5453),(8,3242),(9,21754),(10,8158),(13,5050),(14,25560),(15,26672),(17,18449),(20,27636),(22,17492),(24,29370),(26,14131),(28,16776),(30,3283),(31,27824),(32,3469),(33,13165),(34,25386),(36,6330),(38,6783),(39,20501),(40,29278),(44,23846),(46,18095),(49,6224),(52,17339),(53,32518),(55,27489),(56,20578),(59,1136),(61,28435),(62,27689),(63,20325),(65,29514),(67,16575),(68,10185),(70,24445),(71,3766),(72,15621),(73,1839),(74,6332),(77,16360),(78,11454),(79,4854),(82,10432),(86,1897),(88,22943),(89,16876),(91,8223),(92,25845)]	97.281650
232	[(3,8849),(6,34073),(7,21105),(11,2896),(13,32322),(22,16623),(24,18342),(26,20742),(27,10166),(28,16044),(29,31528),(33,29649),(34,2838),(36,19554),(42,2362),(43,16317),(45,15591),(46,6450),(48,30758),(51,20250),(56,12034),(57,19217),(58,5337),(61,11309),(63,21048),(64,1170),(66,4439),(68,17955),(69,1299),(70,22765),(71,12821),(73,6773),(74,7981),(75,24551),(76,18480),(79,15528),(80,4518),(81,6342),(82,22807),(84,11159),(85,10720),(89,21512),(90,1346),(91,27857)]	102.372609
233	[(0,15360),(2,6879),(4,6744),(7,32303),(12,26664),(14,27779),(15,8723),(17,24545),(18,26090),(21,27757),(24,19239),(25,19560),(28,31596),(31,18053),(32,22775),(34,7119),(36,8290),(38,18510),(40,29965),(41,33539),(42,25354),(45,28694),(46,14436),(48,21567),(50,9984),(51,21431),(52,8638),(53,12230),(55,11790),(58,27951),(59,19555),(61,28876),(62,20237),(63,469),(64,27652),(66,25641),(68,17776),(70,5391),(74,5019),(75,29148),(78,15382),(79,22561),(80,14263),(81,30888),(83,18226),(84,24584),(85,14972),(87,30747),(88,18066),(89,33639),(90,6195)]	109.355937
234	[(0,2205),(1,4025),(4,23253),(8,33117),(10,10667),(11,19947),(12,20796),(25,3926),(28,5279),(29,277),(31,23623),(32,12081),(38,14560),(40,30907),(41,11846),(42,31819),(43,19390),(45,11976),(49,33767),(51,20253),(54,26405),(59,8569),(61,14738),(62,5110),(63,27912),(65,24411),(67,25084),(68,7950),(69,2286),(72,15728),(73,22455),(74,27447),(76,7269),(78,1829),(79,15242),(80,5186),(85,7897),(86,11034),(89,18549)]	107.558661
235	[(0,5593),(6,1929),(8,32424),(17,23257),(18,30164),(19,32656),(25,34051),(26,13539),(27,24694),(29,12389),(32,4314),(33,1957),(34,1992),(36,21753),(37,20695),(38,773),(41,30473),(45,16487),(46,26755),(47,13846),(48,22974),(50,23521),(53,22960),(54,20170),(55,21059),(57,32372),(58,28315),(62,14064),(64,32005),(66,14920),(67,14534),(69,30450),(72,12016),(76,31516),(77,9514),(78,32503),(79,10055),(80,30230),(81,26916),(82,7669),(83,18410),(84,1611),(86,31067),(87,29088),(89,26190),(90,13592),(91,13501),(92,32593)]	105.735598
236	[(1,15584),(6,29244),(7,12673),(9,27401),(10,26760),(11,479),(14,19280),(16,6016),(18,25001),(19,28906),(22,28814),(28,7099),(29,15896),(30,7987),(31,4053),(32,7731),(35,28142),(37,18467),(41,24514),(44,24865),(45,1752),(48,9572),(49,20789),(51,31910),(52,10259),(53,32721),(55,18140),(56,8927),(59,15132),(63,28653),(64,27915),(66,31977),(67,2333),(68,22365),(71,25834),(73,731),(75,8905),(76,9918),(79,32923),(83,11415),(84,29977),(85,28075),(86,17859),(88,24473)]	97.302570
237	[(3,3884),(5,12505),(6,18727),(7,28909),(8,31583),(10,10927),(11,19623),(14,12307),(15,12597),(19,33251),(20,1282),(22,6819),(23,27407),(24,21880),(25,3900),(27,7158),(28,32470),(35,15303),(37,22534),(38,30020),(41,15521),(42,26587),(49,17102),(50,13728),(52,14239),(53,22558),(54,22903),(59,25395),(60,8922),(62,23335),(65,423),(66,31325),(68,9905),(71,10089),(75,11418),(79,3299),(82,25744),(83,29231),(91,12776),(92,3793)]	97.144584
238	[(0,19258),(3,29140),(4,21084),(9,21093),(10,4663),(11,11824),(13,16423),(15,26818),(16,17459),(17,6927),(19,911),(21,5744),(23,25183),(25,15436),(26,31820),(27,14164),(28,21910),(32,19657),(33,1589),(34,12009),(35,32476),(36,16695),(38,15714),(41,24776),(42,15299),(43,15543),(52,634),(53,13119),(56,8027),(61,11939),(62,8915),(63,1237),(64,19715),(67,4396),(68,17426),(69,8046),(70,17219),(72,32720),(73,19621),(76,18505),(78,27100),(79,24577),(82,17136),(83,23293),(85,27395),(86,33345),(90,5180),(91,925),(92,10692)]	99.888333
239	[(0,29207),(2,15931),(6,19519),(7,27456),(8,2973),(9,2079),(11,31688),(19,16572),(21,9236),(24,28979),(26,15661),(28,25360),(29,18393),(33,20905),(34,1931),(36,22660),(37,12961),(40,20666),(44,23185),(45,29032),(48,17238),(49,25123),(50,22751),(52,6940),(53,4059),(55,19321),(57,6133),(59,836),(60,10351),(61,30800),(62,9371),(63,19552),(65,11748),(72,28487),(73,11251),(74,955),(76,25027),(78,10132),(79,30341),(80,28040),(81,22417),(82,3232),(85,30633),(86,232),(87,4958),(88,13720),(89,24338),(92,13007)]	142.144495
240	[(2,16021),(4,11224),(5,20127),(8,22690),(10,9908),(12,2744),(14,19915),(16,10042),(17,6018),(18,6595),(19,28784),(23,2789),(24,18665),(27,19819),(28,29342),(31,14632),(33,11360),(34,9234),(36,21299),(37,18578),(38,13587),(39,4920),(45,17321),(46,24502),(52,11691),(54,15076),(55,26432),(56,1986),(58,33755),(60,16710),(63,32727),(64,4571),(67,15241),(68,24779),(69,18759),(70,21091),(72,4817),(73,24334),(74,15826),(75,19795),(76,10953),(77,5981),(80,1021),(81,9564),(85,2152),(86,30104)]	99.442335
241	[(1,4704),(2,32428),(3,31370),(4,31174),(5,19155),(6,23944),(7,22574),(8,1745),(12,7910),(13,9507),(15,33754),(19,29786),(20,18857),(21,10150),(23,9383),(25,13903),(26,33252),(27,12309),(28,24976),(29,15264),(30,6457),(31,14281),(33,8318),(34,7365),(39,1236),(41,21923),(42,29220),(49,17393),(50,8310),(51,32482),(52,29966),(53,31641),(55,9962),(56,33569),(59,30807),(60,10554),(65,29062),(66,4256),(69,14337),(70,11676),(72,8381),(76,4241),(82,3100),(83,32287),(86,24768),(89,26305)]	100.881201
242	[(0,15232),(1,15091),(7,28859),(12,9804),(13,1403),(16,21580),(18,4127),(20,20551),(24,25519),(25,27224),(26,3930),(27,25932),(28,23345),(29,11945),(30,32042),(31,31278),(34,12438),(36,21388),(37,11873),(39,7145),(42,33882),(43,12417),(44,14606),(45,25135),(51,24436),(53,9333),(55,14685),(56,32921),(58,6055),(61,6509),(63,7154),(64,15490),(69,12745),(70,28380),(73,16401),(74,9670),(76,24740),(77,1689),(79,27137),(82,8589),(83,31909),(85,20277),(88,11889),(92,12545)]	101.648877
243	[(2,30076),(3,17023),(7,14815),(10,17359),(11,5061),(13,18820),(15,14770),(16,11687),(19,14507),(20,11250),(21,33843),(22,25953),(24,27314),(25,2032),(26,616),(27,11325),(28,15408),(29,28077),(30,9026),(34,32086),(35,29974),(36,33346),(37,11167),(41,7533),(42,15908),(44,2405),(49,29713),(51,31865),(52,15046),(54,13251),(57,8197),(61,12109),(63,5632),(64,428),(66,4592),(67,29639),(69,1357),(72,11532),(73,18051),(75,11248),(76,3719),(77,24618),(79,5424),(80,637),(81,8231),(83,33185),(84,8480),(90,24004),(91,7318),(92,16203)]	108.561182
244	[(7,1217),(9,21648),(11,23313),(15,15030),(16,13125),(17,17866),(19,7118),(20,14565),(21,18454),(22,33381),(23,22648),(33,261),(34,21679),(42,23608),(44,5795),(45,17194),(48,11294),(53,451),(54,18928),(55,23714),(56,15110),(61,18439),(62,32206),(63,20150),(65,2429),(66,9985),(67,681),(68,6303),(69,10095),(72,19519),(73,6616),(76,12373),(81,31119),(83,19243),(84,10871),(85,17378),(86,27637),(87,27593),(89,9568),(90,16978),(91,16250)]	104.215623
245	[(0,29303),(5,30816),(6,31478),(7,32128),(9,12321),(10,13186),(12,22771),(14,5188),(21,16631),(25,7636),(26,936),(29,28927),(31,3690),(32,32542),(33,28966),(34,1566),(35,7822),(36,9118),(37,6880),(38,32648),(39,6125),(41,28074),(44,30072),(52,2779),(54,29369),(57,13779),(59,11447),(60,360),(62,21706),(64,13765),(65,2424),(67,25372),(69,2199),(70,124),(72,8789),(76,23588),(77,893),(78,17924),(81,25789),(82,16764),(84,23943),(87,7082),(89,20692),(90,12399),(91,4540)]	98.696169
246	[(1,7363),(2,29266),(3,23721),(4,33755),(8,15124),(11,32077),(12,6371),(13,22234),(15,12120),(16,18028),(19,16701),(20,23141),(21,9395),(22,5281),(23,15914),(24,31256),(26,33443),(28,15651),(29,29082),(31,7726),(33,31071),(34,31029),(38,9024),(42,26175),(46,27329),(47,32948),(48,20684),(49,9189),(53,15644),(54,19456),(56,4609),(58,28007),(59,10229),(61,14319),(62,28717),(64,15711),(66,6850),(67,29036),(68,33268),(69,545),(72,10383),(77,12120),(78,29767),(79,1583),(83,25068),(84,14253),(88,20059),(89,1826),(90,23094),(92,31644)]	97.688606
247	[(0,5160),(1,18977),(2,26219),(3,20783),(5,16865),(6,24113),(11,7348),(12,7340),(13,5927),(15,21843),(16,25140),(18,2418),(19,2085),(22,6562),(24,10453),(26,5295),(27,19095),(29,31606),(30,21622),(33,553),(34,1405),(36,31786),(37,1452),(39,18198),(41,16342),(42,25480),(43,22504),(44,15380),(45,31881),(47,22404),(52,5263),(56,2160),(57,14804),(61,33298),(62,29294),(65,28570),(69,17802),(71,17683),(73,14155),(75,11108),(79,242),(83,27240),(84,10917),(85,2628),(86,25330),(87,17550),(88,7618),(89,14598),(90,3700),(91,2562),(92,6200)]	99.279554
248	[(0,3715),(1,20899),(2,30327),(3,24222),(4,24951),(6,15249),(7,9635),(8,1289),(10,33431),(12,28728),(14,2035),(15,14160),(16,12087),(18,26699),(19,26181),(22,24438),(23,3433),(27,19442),(33,11911),(35,2401),(37,20461),(40,21854),(41,26970),(44,17060),(45,6371),(46,25825),(47,12155),(51,18415),(54,7874),(55,373),(59,22759),(62,24847),(63,1318),(68,1196),(73,11121),(74,12710),(77,33710),(79,8366),(80,9121),(81,2396),(83,6051),(86,7862),(87,32519),(90,32240)]	106.502627
249	[(0,9256),(1,8598),(4,19654),(5,13463),(6,3329),(7,27888),(9,26652),(10,6609),(11,23797),(12,25911),(13,5828),(14,32777),(17,14754),(18,766),(24,12510),(26,18181),(29,10236),(30,23767),(34,4746),(38,6164),(39,21257),(40,24036),(41,500),(43,2554),(44,12915),(45,17553),(46,2695),(47,11595),(48,19076),(49,28273),(51,21642),(52,31139),(53,19467),(56,20388),(57,2973),(58,29889),(59,19091),(64,21586),(66,33617),(67,148),(69,13088),(70,19526),(71,13635),(73,16432),(76,21726),(79,2129),(83,14272),(85,10675),(87,3825),(88,6939),(90,11445),(92,12981)]	125.535392
250	[(0,25268),(1,6071),(2,24249),(3,32004),(9,1706),(10,13804),(11,20000),(15,28471),(16,9384),(17,8610),(18,11165),(19,25792),(23,3199),(26,17814),(27,7985),(28,19163),(29,11252),(32,32534),(33,27877),(34,11610),(39,5607),(42,20889),(43,17974),(44,11188),(45,25238),(49,258),(50,1747),(53,1175),(57,9531),(58,23353),(61,31749),(62,10399),(65,10844),(66,18084),(68,21706),(69,9251),(70,8161),(71,5225),(72,12633),(73,27045),(74,12826),(76,25866),(79,6655),(80,19957),(83,16432),(85,23043),(86,24084),(88,22975),(91,28659)]	101.374644
251	[(1,31440),(2,16213),(3,286),(7,9648),(12,6130),(13,30302),(14,210),(15,2179),(17,7775),(19,27327),(20,21756),(24,10537),(25,11555),(27,6171),(28,9894),(29,27825),(30,17101),(32,33659),(33,14072),(36,12529),(39,17487),(40,13515),(41,26124),(47,19383),(49,10557),(52,28457),(54,25347),(56,2552),(58,19695),(62,26739),(64,16240),(65,6940),(67,8898),(68,12451),(70,3629),(71,13289),(72,5422),(73,6339),(74,2713),(75,26678),(77,21434),(78,21777),(79,19172),(81,1458),(82,7937),(83,5730),(84,14283),(86,27390),(88,14929),(89,792),(92,32109)]	103.210051
252	[(0,27020),(1,15498),(2,6243),(3,10466),(4,14365),(5,24805),(8,4526),(9,14611),(13,34053),(15,20793),(23,26367),(25,24363),(26,23741),(27,5446),(30,28275),(31,2550),(32,26862),(33,1455),(34,15223),(35,558),(36,11673),(37,29720),(39,23797),(41,7382),(42,26232),(44,10170),(45,27234),(46,6747),(48,1983),(49,23955),(51,32262),(52,5412),(54,16974),(57,18061),(60,7946),(61,29433),(62,32308),(66,27451),(68,33975),(70,7814),(74,11401),(76,28664),(78,21015),(79,10263),(80,15425),(81,4783),(83,509),(84,22023),(85,8787),(86,16256),(87,18171),(91,24942)]	96.661043
253	[(4,10869),(6,23037),(7,7110),(8,9766),(9,15469),(10,25460),(11,20104),(12,8161),(13,20548),(15,30735),(17,7919),(19,722),(20,28383),(24,3392),(27,10563),(28,10778),(29,14761),(31,264),(32,29511),(33,2218),(34,31710),(35,4354),(37,22927),(38,3750),(39,25018),(42,21),(43,29808),(44,16871),(45,19965),(47,32171),(48,25468),(50,33400),(54,17961),(56,14378),(60,8674),(61,23058),(62,31655),(64,31858),(65,15642),(66,22439),(67,30385),(68,15795),(69,1009),(71,1871),(72,5242),(73,7949),(74,12224),(75,4806),(77,19987),(78,30370),(79,15289),(82,23370),(83,29265),(85,25207),(86,32152),(87,23153),(88,7400),(90,10953),(92,28938)]	111.974666
254	[(1,28876),(2,20237),(4,33081),(5,246),(7,25988),(10,13595),(11,25012),(12,25529),(18,22635),(21,32677),(22,16959),(27,793),(29,9408),(30,28978),(32,5393),(39,11306),(40,22784),(42,5663),(47,33099),(48,28996),(49,14157),(50,4771),(53,29783),(55,14351),(60,18157),(62,29280),(63,22069),(65,16209),(66,20849),(67,28369),(69,2790),(71,7928),(73,3289),(77,26045),(81,32530),(82,20155)]	104.420188
255	[(0,17928),(6,19170),(14,15598),(16,11263),(19,3152),(20,9326),(21,33453),(22,10960),(23,5155),(24,17728),(28,6215),(30,401),(31,8301),(33,21345),(34,6635),(35,7579),(37,29502),(39,32229),(40,28935),(43,12632),(44,22915),(45,779),(47,21817),(48,2742),(49,1116),(51,12623),(52,11441),(54,21005),(55,33912),(57,6039),(60,30063),(64,17759),(66,2909),(69,22060),(70,16935),(72,11241),(74,25503),(75,28334),(78,19543),(79,10830),(81,32855),(82,30102),(83,24217),(85,17341),(86,32435),(88,5659)]	98.381431
256	[(2,19880),(3,32813),(7,4538),(8,1133),(14,10979),(16,22367),(18,28435),(19,20073),(20,14138),(21,26269),(22,21943),(25,18514),(27,6682),(29,5542),(30,28154),(31,22852),(32,7141),(33,15388),(35,3970),(36,30070),(39,33283),(45,10720),(46,23837),(47,9727),(49,3368),(52,8547),(54,19997),(56,5141),(57,16731),(58,8142),(61,22416),(62,16595),(63,20014),(64,9009),(65,2962),(69,21706),(70,7443),(72,16592),(73,16524),(76,24676),(77,14007),(80,32230),(83,4837),(85,1180),(89,4500),(90,20833)]	96.015322
257	[(2,15435),(4,608),(7,7191),(10,13953),(11,7925),(15,11009),(17,5328),(20,23057),(21,495),(24,33128),(25,12201),(26,6647),(28,5808),(35,4814),(37,20786),(38,945),(39,7849),(41,31612),(42,25055),(44,6892),(50,4622),(51,33455),(54,9513),(57,2625),(58,11944),(59,20564),(63,20499),(65,7351),(67,15560),(68,28387),(72,12855),(73,7454),(74,18077),(76,30594),(79,14861),(80,802),(81,33489),(83,22629),(85,33377),(86,9538),(87,8091),(88,31149),(89,10018),(90,23432)]	99.941924
258	[(2,4812),(4,31228),(5,18322),(6,2459),(8,24438),(9,12423),(10,6780),(11,5114),(12,19958),(13,27078),(14,12239),(16,9347),(17,26317),(23,7313),(26,10015),(29,3467),(31,23399),(34,19769),(35,24440),(37,18793),(39,10966),(40,18735),(42,24485),(44,6823),(45,16981),(46,6053),(48,23888),(49,33427),(51,664),(58,5568),(61,27340),(62,25047),(63,29447),(65,8746),(67,15721),(68,18124),(70,33334),(72,16291),(73,13544),(74,27482),(76,31986),(78,33377),(81,19180),(83,8437),(86,522),(87,23499),(88,2594),(91,13581)]	123.151037
259	[(0,19102),(2,21958),(4,4173),(6,16708),(8,16414),(10,32050),(11,27258),(14,12753),(15,7060),(16,20965),(17,4358),(21,1361),(22,1443),(27,20747),(31,5216),(33,17659),(34,28829),(35,18527),(36,23644),(37,22536),(39,6571),(40,28385),(42,23564),(43,10197),(44,28633),(46,15551),(48,8245),(49,12709),(50,22822),(52,26887),(53,1622),(55,1705),(62,21165),(63,4837),(65,8910),(68,31386),(69,2203),(70,31647),(71,8371),(74,9676),(78,29351),(82,8268),(83,31834),(84,15438),(85,16139),(89,8751),(91,5609),(92,7527)]	120.786589
260	[(0,20318),(1,1061),(2,15330),(5,3637),(8,29082),(10,13830),(11,27480),(13,12280),(14,12274),(15,3100),(16,32287),(17,4724),(21,2769),(22,26391),(23,4399),(25,17929),(26,5945),(27,11779),(28,13732),(30,361),(31,23518),(32,22024),(34,31447),(39,25690),(42,12129),(44,14905),(46,10757),(47,6636),(50,20704),(53,7427),(55,14086),(59,641),(60,29997),(61,28033),(62,995),(63,1332),(64,10256),(65,23129),(66,16036),(67,4408),(68,25662),(69,29294),(72,9927),(75,16163),(77,8088),(78,16023),(80,24360),(82,20158),(83,30396),(84,28827),(85,15705),(87,20311),(88,7915),(90,10226),(91,16922)]	113.039848
261	[(2,4069),(3,25876),(4,2559),(8,33480),(9,30447),(11,11828),(13,30827),(18,23354),(20,10157),(21,23279),(24,33319),(26,1525),(27,7336),(29,556),(30,25919),(35,18707),(36,14758),(37,15335),(38,27140),(41,16925),(43,29993),(45,9659),(47,21880),(48,10960),(50,31266),(51,16495),(53,10055),(54,1938),(55,31485),(56,16293),(57,27401),(60,19754),(62,30040),(63,30388),(64,2807),(65,603),(72,17933),(75,15470),(76,27087),(77,16571),(78,20351),(80,3499),(82,325),(86,33046),(88,12510),(90,18181),(92,2702)]	118.304932
262	[(0,17694),(1,3685),(3,1776),(5,13579),(8,24360),(9,33061),(10,21998),(14,32833),(15,9303),(16,31028),(17,14942),(18,10175),(19,10794),(20,9666),(22,25286),(23,4150),(27,27366),(28,15990),(29,32574),(30,33879),(31,30275),(33,29039),(34,7142),(36,32042),(42,19583),(43,21709),(45,9317),(46,32092),(55,12656),(57,14601),(63,24183),(64,11679),(65,19013),(66,22531),(67,10646),(71,8311),(72,14562),(73,8689),(75,32186),(78,15946),(82,4315),(83,1220),(84,16377),(85,6416),(92,18675)]	115.268514
263	[(0,16525),(3,10668),(4,6109),(5,33751),(7,8248),(8,14979),(11,15577),(12,7957),(13,9622),(14,7201),(15,259),(16,19575),(18,24309),(19,4239),(20,18788),(21,9814),(23,13381),(25,7183),(27,10854),(30,30071),(31,20188),(33,6039),(38,6586),(39,8435),(40,29955),(41,10505),(43,16976),(46,3448),(48,1485),(49,10401),(50,30827),(53,21517),(54,1925),(56,2934),(60,2220),(62,24314),(64,9490),(65,12084),(66,25290),(69,11723),(71,16071),(72,10156),(73,11141),(74,8946),(75,5956),(77,4457),(78,31317),(80,17305),(81,31634),(83,4692),(85,29711),(86,13382),(87,19626),(89,33033),(91,14978),(92,8844)]	114.244398
264	[(1,11660),(3,17712),(5,24072),(7,23548),(8,19466),(9,952),(11,20205),(15,9501),(17,7247),(18,22820),(20,7903),(24,9835),(25,18558),(29,18544),(30,22819),(34,17978),(36,32917),(37,20257),(38,18146),(39,12982),(46,24031),(47,8985),(48,3541),(50,7233),(53,2410),(56,6003),(58,19117),(59,17076),(61,20114),(65,15559),(66,6552),(67,30434),(70,26061),(73,32390),(75,21510),(83,26628),(90,12396)]	109.593566
265	[(0,14149),(1,20026),(2,22456),(3,30494),(8,14230),(9,9485),(10,19837),(11,19401),(13,9855),(15,27533),(17,24055),(19,1706),(20,4811),(22,18150),(23,30669),(26,26904),(27,332),(28,5023),(29,11172),(32,1549),(35,19528),(37,29598),(38,29436),(42,13061),(43,23075),(44,19250),(45,10346),(46,285),(47,21487),(49,24114),(52,34034),(53,27293),(57,4107),(58,4791),(59,20591),(61,20989),(63,4111),(64,18636),(65,6704),(67,29453),(68,29903),(70,27300),(74,8788),(77,21727),(82,3462),(87,3638),(89,20598),(90,22309),(91,12694)]	102.065421
266	[(2,2043),(7,2346),(8,30200),(10,30289),(12,32027),(14,30117),(15,25027),(16,8018),(19,29909),(20,17620),(21,22249),(22,178),(23,18617),(25,305),(26,28853),(29,11967),(30,9164),(31,29237),(32,8576),(33,20283),(35,2964),(37,14575),(38,15544),(40,3273),(41,20400),(46,2175),(47,13817),(48,21902),(49,1521),(51,28164),(52,31680),(53,15611),(54,29901),(55,32136),(57,17632),(58,20367),(60,3717),(61,540),(62,28392),(66,24758),(67,28531),(68,33611),(72,2981),(73,9759),(74,7653),(75,21868),(77,27184),(79,15039),(80,14674),(82,21227),(83,6677),(86,31397),(87,28067),(90,11577),(91,19180),(92,17260)]	98.705148
267	[(4,10594),(7,12980),(9,23052),(10,20075),(11,26484),(12,15498),(13,21964),(16,13391),(20,2048),(21,18630),(22,21063),(23,20089),(24,16080),(25,21032),(26,10190),(28,7740),(30,29282),(34,17153),(35,12621),(36,30170),(41,23457),(42,20667),(44,17041),(45,12578),(47,28527),(51,690),(55,11688),(57,14083),(58,33850),(59,14833),(61,3445),(62,27176),(63,23352),(64,20066),(65,26871),(68,7825),(69,23412),(70,24213),(74,11459),(75,17328),(76,26497),(77,9936),(78,3364),(80,10864),(82,21334),(84,29491),(85,21539),(86,20716),(90,23931),(92,13526)]	117.260762
268	[(0,7588),(1,9094),(2,15023),(4,23510),(7,14149),(8,20026),(11,8905),(12,22911),(15,23771),(17,28484),(20,8050),(22,30656),(23,32393),(24,2507),(28,13034),(29,14038),(30,2708),(32,17404),(34,25072),(37,14526),(38,12475),(40,24123),(41,11878),(43,8381),(44,9577),(47,12048),(48,5186),(49,20139),(51,22074),(53,25502),(54,409),(56,29783),(58,26212),(62,6583),(63,907),(65,12960),(70,23990),(72,15441),(74,16893),(75,13983),(77,9641),(78,25615),(79,3493),(80,6191),(81,22749),(82,33371),(83,33335),(85,20686),(87,32481),(89,313),(90,21745),(91,5866),(92,8194)]	127.628727
269	[(1,19993),(3,30576),(4,25191),(7,23971),(9,21279),(10,11217),(11,21449),(14,7827),(15,33743),(16,23003),(17,26794),(19,19159),(21,25351),(22,5583),(24,22347),(26,17823),(28,12569),(34,28345),(39,25109),(46,26890),(48,17823),(50,14102),(51,23210),(52,26609),(53,20121),(56,21643),(62,20555),(65,30460),(66,4575),(68,25994),(69,3358),(73,32454),(74,26030),(75,1174),(78,3087),(80,33852),(81,15651),(82,29082),(83,24695),(85,16313),(86,3104),(88,32092),(90,25628)]	105.310719
270	[(0,5890),(2,16772),(5,27843),(6,7441),(8,9366),(10,4237),(11,8163),(12,27651),(15,3011),(16,29042),(19,28942),(23,31550),(24,113),(27,31977),(28,20782),(30,27355),(32,5693),(37,23712),(38,29898),(39,16285),(40,3320),(41,1673),(44,33281),(46,15092),(47,11896),(48,30165),(50,19753),(51,26845),(53,13495),(54,17335),(55,25660),(58,26718),(59,31815),(64,30728),(66,8273),(68,18569),(70,16962),(74,24123),(75,3622),(76,13843),(77,5788),(78,27443),(82,26777),(84,19215),(85,32885),(86,2471),(87,28591),(88,23575),(89,2939),(91,19541),(92,359)]	111.352893
271	[(1,29328),(2,32723),(3,32508),(6,994),(7,19582),(9,5406),(10,10598),(11,30128),(14,9436),(15,33089),(16,30283),(19,20112),(20,18024),(22,20845),(29,26545),(31,16735),(34,21178),(39,21925),(40,7000),(41,18341),(43,15098),(45,10616),(47,6766),(48,4914),(49,30657),(51,26822),(53,11472),(54,3471),(55,3327),(56,2239),(58,13152),(60,27827),(61,24443),(62,32877),(65,2224),(67,8124),(68,33281),(69,33143),(74,5296),(75,28862),(77,759),(79,15107),(80,26514),(82,30589),(84,13175),(86,27548),(87,12377),(91,28416)]	112.425219
272	[(1,28048),(2,31177),(3,10592),(4,17701),(5,17468),(6,33747),(9,19636),(10,9097),(12,31240),(13,18072),(14,24540),(15,29341),(16,20091),(20,23666),(21,15651),(22,26736),(23,13650),(24,27676),(25,10840),(26,10030),(30,21278),(34,11810),(36,26836),(37,15727),(38,31448),(40,7310),(44,22199),(45,29674),(47,33151),(48,3038),(49,32860),(50,4591),(52,6770),(53,23183),(54,31841),(55,6371),(56,25825),(57,12155),(61,22960),(62,20170),(63,10833),(64,4509),(66,24737),(67,17731),(72,32498),(74,18806),(76,12495),(77,2051),(78,33564),(81,16332),(83,6707),(84,31021),(87,3423),(89,26022),(90,12940),(91,27320),(92,26262)]	114.158931
273	[(2,19234),(3,29391),(4,26530),(6,28259),(8,14930),(9,15282),(10,24365),(12,33356),(13,22114),(14,13280),(15,30651),(16,941),(17,24144),(21,20704),(23,5474),(28,33286),(31,18469),(32,4021),(35,16738),(36,14322),(38,30271),(39,25992),(40,10716),(42,5321),(46,1785),(47,18590),(48,23403),(49,4779),(51,14884),(58,14118),(59,22470),(61,4852),(65,4067),(67,32543),(68,29813),(69,20849),(70,11040),(71,14934),(73,13610),(74,190),(76,5450),(77,29663),(80,25367),(81,13283),(82,5285),(85,14159),(86,4260),(87,14902),(88,14342)]	99.411621
274	[(2,7079),(3,19065),(4,32646),(5,31426),(8,13132),(9,5781),(10,24693),(11,12812),(12,28372),(14,5038),(15,6541),(19,12383),(21,18261),(26,1836),(27,27009),(30,27538),(33,6130),(34,30302),(35,210),(36,2179),(38,7775),(40,16755),(42,15368),(43,10588),(44,23120),(45,11060),(46,25845),(47,33334),(48,29351),(50,25438),(51,17885),(53,11347),(54,29924),(55,17477),(56,9199),(57,28727),(58,30863),(59,29742),(61,18701),(63,9844),(66,1338),(67,3647),(68,14527),(69,9857),(71,9072),(73,2840),(74,22896),(75,14413),(76,4505),(77,3051),(78,25245),(79,8660),(80,5881),(81,29405),(82,15718),(83,20655),(84,23337),(86,13150),(88,23589),(90,1274),(91,4471)]	98.566706
275	[(0,21832),(2,12726),(3,23569),(4,19043),(6,30630),(7,14071),(8,23618),(9,18699),(11,2682),(14,20295),(17,23200),(19,28580),(21,6762),(24,10410),(26,19030),(27,29046),(29,19341),(35,23281),(37,11663),(38,6630),(39,220),(42,20624),(44,8151),(45,14847),(46,19955),(48,15809),(51,30179),(52,17729),(54,23705),(55,31089),(56,2676),(60,12716),(62,27586),(65,17824),(69,21523),(74,11837),(78,31922),(81,7986),(84,11272),(86,22858),(88,24333),(89,20718),(91,11361),(92,10364)]	97.300484
276	[(0,6809),(7,15500),(8,18943),(12,15582),(13,9271),(14,13361),(16,1311),(21,1877),(24,16408),(25,28353),(33,4716),(34,29946),(35,9836),(37,10759),(38,18697),(39,12056),(40,27428),(41,1183),(44,26445),(46,33074),(48,23027),(49,14307),(51,28122),(52,21863),(53,27903),(54,33835),(56,12513),(58,32674),(60,25360),(61,7223),(62,21267),(68,11809),(69,6222),(71,27849),(72,14224),(73,12217),(74,33181),(77,9211),(83,5467),(84,4625),(86,2554),(90,12141),(91,2964),(92,25858)]	115.070272
277	[(2,13033),(3,11),(4,29526),(5,28844),(6,21101),(7,4991),(8,20915),(10,28528),(11,8792),(12,14030),(14,33472),(16,10059),(18,7636),(19,11622),(20,32790),(21,31489),(23,6096),(24,2649),(26,11092),(27,26068),(28,7970),(33,4501),(35,30647),(36,10548),(37,9776),(39,8337),(40,11472),(42,912),(44,25566),(46,19898),(47,26354),(48,26693),(52,8423),(54,40),(55,14796),(56,28248),(57,33290),(59,17440),(60,3609),(62,14533),(63,13171),(64,13295),(65,18900),(66,26890),(68,1420),(69,14356),(70,21086),(74,7847),(77,29872),(78,9928),(79,14486),(85,988),(86,1035),(88,30624),(90,23513),(91,6229)]	131.394062
278	[(0,18532),(2,32892),(3,4281),(4,24067),(8,30570),(9,2463),(10,6336),(11,15683),(12,27623),(14,16958),(18,926),(21,22334),(22,12006),(24,22003),(26,32922),(27,3775),(28,23654),(30,2789),(31,18665),(35,17555),(37,31412),(39,1640),(42,9494),(43,23315),(44,3238),(46,10650),(47,20465),(51,19272),(52,17917),(53,22164),(58,25086),(63,6629),(65,9455),(68,31442),(69,28969),(72,6002),(73,19074),(76,23286),(77,12916),(78,23987),(80,5611),(81,9894),(82,27825),(86,12912)]	99.043076
279	[(3,21852),(5,17571),(6,18659),(7,19006),(8,15811),(11,16026),(12,30832),(13,16698),(16,2629),(17,22035),(19,26416),(20,2872),(21,33530),(22,1941),(25,32773),(28,13342),(29,12194),(30,15273),(31,13103),(35,19534),(38,28324),(39,26176),(40,14104),(41,9265),(42,25380),(44,27790),(47,6862),(51,22965),(54,21245),(55,33526),(56,766),(59,19617),(61,8420),(62,19483),(65,29131),(66,13410),(70,22078),(74,17779),(75,790),(77,32111),(78,13912),(79,33169),(80,4407),(81,17463),(82,9103),(86,5040),(87,20052),(89,26138),(90,33786),(92,6161)]	110.719818
280	[(4,22848),(5,6510),(6,5263),(9,30712),(10,20750),(13,16533),(15,6586),(16,8435),(18,21234),(20,13813),(21,3632),(25,29922),(29,31174),(30,28218),(31,33715),(32,6839),(33,17145),(34,7728),(35,29038),(36,29833),(38,7762),(41,21762),(43,33508),(44,24934),(48,19163),(49,3256),(50,26523),(51,27778),(52,26101),(53,22527),(54,18939),(56,6904),(58,28724),(59,4880),(61,30772),(63,3095),(65,5771),(66,29777),(68,1785),(69,5943),(72,28422),(73,855),(74,17850),(76,19205),(77,12677),(78,19878),(79,32987),(80,17583),(81,28639),(82,28220),(86,31599),(89,32124),(90,23221),(91,16977),(92,33387)]	109.873898
281	[(0,14082),(8,28858),(10,29754),(13,18060),(15,28716),(16,13479),(17,13994),(18,15388),(20,24484),(22,10886),(23,15211),(24,22757),(27,31550),(29,27218),(30,33395),(31,31574),(35,33834),(36,21128),(37,6838),(39,28806),(40,815),(41,24622),(43,29905),(44,24222),(45,25644),(46,16438),(49,10313),(51,899),(53,11541),(56,2935),(57,773),(58,2039),(60,6677),(66,643),(68,2444),(71,10039),(72,11098),(74,8791),(75,28888),(76,7942),(78,7711),(80,13503),(81,26434),(84,11429),(87,21330),(88,10940),(89,29824)]	123.274528
282	[(1,27500),(3,1975),(8,18108),(9,12486),(10,733),(11,31681),(13,25240),(14,9223),(23,28078),(24,1481),(25,20859),(27,23953),(28,22170),(29,16127),(31,5845),(32,17655),(33,26325),(34,30238),(35,23769),(37,18991),(40,25169),(41,32983),(42,29084),(43,21588),(45,9954),(46,33437),(48,28692),(49,7034),(50,15855),(52,29318),(54,12340),(55,24460),(56,20753),(57,308),(58,27448),(62,32034),(66,23681),(67,8231),(77,17920),(78,15027),(79,14850),(80,8239),(84,1549),(87,33924),(88,28626),(90,33971),(91,33613),(92,3887)]	107.586984
283	[(1,26133),(4,19781),(5,12631),(6,1085),(7,19651),(8,27568),(10,15628),(11,18277),(13,6030),(15,33668),(16,13367),(17,5943),(20,2004),(24,31130),(25,5686),(28,9397),(29,22044),(30,27625),(32,24223),(36,12816),(37,19678),(40,12475),(42,19144),(43,30550),(47,6681),(48,30125),(49,6981),(53,19108),(54,32991),(59,26489),(62,26493),(64,24303),(65,4811),(67,6137),(68,2192),(69,12510),(71,1522),(75,15144),(77,30203),(79,12582),(80,15699),(81,9148),(84,31921),(85,23463),(87,23385),(89,18013),(90,29927)]	107.866918
284	[(1,19780),(5,1031),(7,4993),(9,9084),(11,11200),(12,16459),(13,11448),(14,3814),(15,12299),(16,2434),(19,7699),(20,17324),(21,11741),(22,30878),(23,17453),(25,27320),(27,456),(28,6162),(29,4732),(32,31851),(33,24758),(37,2953),(39,11447),(43,16789),(44,28525),(45,16396),(48,30693),(49,7619),(51,32386),(53,1259),(55,28762),(56,26243),(58,26574),(59,20338),(62,8056),(64,19180),(65,17260),(66,4341),(68,141),(69,12584),(71,17202),(74,27380),(75,23294),(78,1944),(79,28096),(80,26302),(82,6553),(84,28560),(85,2358),(87,15337),(88,29165),(89,13414),(90,18336),(91,13372),(92,29653)]	110.274262
285	[(0,15726),(1,15116),(2,23302),(9,8205),(10,7851),(11,26984),(12,3878),(14,13363),(15,8357),(16,21102),(18,23198),(20,10429),(24,7287),(25,8688),(27,8002),(28,21236),(31,16564),(32,24464),(38,13526),(40,17897),(41,21774),(42,17143),(43,2749),(45,16414),(48,31257),(49,11859),(51,8012),(53,19648),(54,12837),(58,5212),(63,32195),(64,22564),(68,34052),(71,15075),(73,13438),(75,10901),(76,33464),(77,9181),(78,11295),(80,19614),(82,20322),(85,24215),(86,16602),(89,9038),(91,15383)]	122.740185
286	[(0,2941),(1,3091),(3,930),(4,33831),(7,14337),(8,11676),(10,8381),(11,25919),(15,5321),(20,12122),(21,21550),(25,22792),(29,19182),(31,2912),(32,1692),(33,15916),(34,21287),(35,9617),(39,9206),(40,9844),(42,10552),(43,32044),(44,28753),(45,975),(47,10444),(48,3582),(49,12556),(52,18380),(53,17443),(54,23063),(57,9005),(59,29589),(60,21628),(61,9387),(62,3815),(63,18378),(64,22301),(69,28822),(70,16208),(71,1397),(72,15563),(75,21940),(76,18508),(77,7295),(78,33305),(81,15088),(82,1345),(84,13836),(87,13454),(88,5857),(89,19870)]	128.177939
287	[(0,396),(3,27849),(4,14224),(6,26602),(11,14822),(12,30936),(13,6451),(14,1152),(16,1343),(17,20892),(18,28254),(21,11145),(29,21485),(32,30244),(33,26958),(34,14448),(36,18467),(39,14660),(40,3651),(43,32681),(44,28959),(48,5754),(49,6561),(50,17066),(52,3020),(53,498),(59,26716),(61,23752),(67,30395),(69,2996),(70,30668),(71,30582),(73,32884),(74,12056),(75,27428),(76,32936),(78,32031),(79,10876),(80,6091),(82,12191),(83,26286),(84,22925),(85,19821),(88,3857),(90,23114),(91,28349)]	100.541507
288	[(0,18014),(2,7896),(6,8736),(10,30355),(12,18018),(14,29976),(15,22073),(18,25963),(19,18838),(23,10779),(24,28178),(26,21444),(28,7583),(29,5053),(30,33212),(32,517),(34,7545),(35,26149),(39,13170),(40,1865),(41,13991),(42,4069),(43,25876),(48,7670),(49,17235),(51,32602),(53,3887),(54,26190),(56,14634),(57,29751),(59,26485),(60,14043),(61,8689),(62,23613),(63,32523),(65,20744),(66,16923),(68,29857),(69,27128),(74,20349),(76,32794),(78,3627),(79,26591),(81,11760),(83,11635),(85,3119),(86,3516),(87,977),(88,33852),(91,5336)]	118.708122
289	[(0,29180),(3,21953),(5,25193),(7,16144),(8,16152),(9,33496),(10,29078),(13,30159),(15,16482),(16,8656),(18,27022),(19,18134),(22,11628),(25,7847),(28,6955),(31,24815),(32,12405),(34,6255),(35,16288),(36,29045),(39,15561),(42,6891),(43,10636),(44,23924),(50,5933),(51,14752),(54,19327),(55,20648),(57,29824),(58,20931),(59,30194),(60,24621),(64,18546),(66,23623),(67,19250),(68,10346),(69,27702),(72,1192),(73,16861),(75,32306),(76,25567),(77,26733),(78,21258),(82,1059),(83,3761),(84,5634),(86,23005),(88,33858)]	113.323796
290	[(0,485),(1,3978),(2,31451),(4,19172),(7,22882),(9,7964),(10,12782),(11,23351),(13,7503),(16,15725),(18,9501),(20,32520),(21,4996),(24,20699),(25,20562),(26,16099),(27,8167),(28,14263),(30,6916),(32,27414),(34,19166),(35,13027),(36,15539),(37,18204),(38,2774),(41,24533),(42,20877),(43,13539),(44,24694),(46,13321),(48,24646),(49,32175),(51,10665),(54,31058),(60,15482),(63,12108),(64,32612),(65,16699),(66,27372),(67,8600),(69,30007),(70,2376),(71,10558),(72,2902),(76,26760),(77,479),(78,24376),(82,6426),(85,3207),(87,18532),(88,21487),(89,5385),(90,15061)]	122.127509
291	[(0,24294),(1,32052),(2,15070),(3,22385),(4,27950),(6,34023),(10,4550),(12,21494),(13,17993),(15,21441),(16,14312),(18,32470),(19,3130),(23,2787),(24,30638),(28,14845),(29,32370),(30,99),(32,6651),(33,18210),(34,30600),(36,17371),(37,4784),(40,14558),(42,10540),(43,26368),(44,27156),(45,30581),(47,22692),(48,15202),(50,33422),(51,23917),(54,21937),(55,31958),(57,5485),(58,26773),(59,24712),(64,17257),(68,9013),(69,6558),(70,20284),(72,32077),(74,25862),(75,22356),(76,3799),(78,2681),(80,32672),(82,10133),(83,1365),(84,21322),(85,19722),(87,29316),(88,20705),(90,10339),(92,4030)]	99.566601
292	[(1,32065),(6,9876),(7,1515),(9,23564),(10,8566),(15,32421),(16,19773),(20,7362),(21,29126),(22,8860),(24,1869),(28,33324),(29,16044),(30,31528),(32,13478),(38,7642),(41,10988),(44,25338),(45,11397),(46,4302),(47,23181),(51,8291),(52,6460),(53,28177),(54,18041),(55,33553),(56,31121),(57,867),(58,9040),(59,23444),(60,9125),(64,26540),(65,24540),(66,29341),(67,33646),(71,16879),(74,11886),(75,26830),(76,20633),(80,27725),(81,25934),(82,16923),(83,990),(84,19653),(85,581),(87,9082),(88,15986),(90,26205)]	101.314085
293	[(3,25166),(4,1532),(5,19156),(6,15934),(8,15250),(9,4311),(10,26786),(11,16744),(12,4927),(13,15412),(14,10398),(15,21987),(16,26511),(25,6728),(27,13503),(28,23125),(30,33164),(33,7955),(34,10972),(35,2806),(36,10240),(38,7215),(39,8495),(40,33577),(41,19016),(42,145),(43,24372),(44,22998),(45,27712),(46,23086),(47,28711),(49,27535),(52,23466),(54,1163),(55,23183),(56,31841),(57,19713),(58,14439),(60,23609),(61,2491),(63,5312),(65,26699),(66,26181),(69,27640),(70,3849),(71,3676),(72,23823),(74,29341),(76,29471),(77,11383),(78,31288),(80,15985),(81,9732),(83,9461),(85,13863),(87,19860),(89,30769),(92,9655)]	105.785315
294	[(0,1418),(2,32824),(4,31590),(5,23983),(6,22865),(8,7124),(9,30200),(14,33767),(15,32692),(17,9971),(18,19269),(19,16534),(21,32468),(22,33103),(23,9839),(24,10560),(26,31952),(27,20063),(28,24871),(29,17157),(33,14403),(34,30868),(35,11328),(44,8681),(46,7112),(47,16242),(49,11449),(50,9424),(52,30537),(57,11869),(58,15211),(61,9092),(62,18702),(63,18468),(64,31508),(65,19627),(67,33300),(68,27899),(69,1023),(73,14661),(76,31240),(77,11965),(78,31983),(82,7035),(84,13989),(85,24950),(86,33854),(88,31468),(90,504),(91,20578)]	110.812341
295	[(3,11733),(6,17134),(7,13420),(8,1901),(9,22930),(10,30665),(11,6896),(12,10607),(13,27928),(14,20466),(15,31799),(16,14507),(17,16595),(18,32190),(19,25),(20,12061),(21,20121),(23,9034),(24,6437),(25,27853),(26,987),(27,23576),(28,2456),(30,17239),(31,10869),(35,6155),(41,7592),(44,28476),(45,1934),(46,96),(48,26434),(52,26720),(53,188),(55,145),(56,270),(58,1824),(59,28254),(62,13805),(64,24216),(65,30649),(68,9085),(74,3782),(77,25820),(82,28087),(83,25693),(84,8345),(86,10220),(87,20374),(88,17505),(90,13163),(91,12048),(92,22415)]	108.143537
296	[(0,6977),(2,735),(3,31393),(7,2696),(11,17424),(14,18344),(15,10545),(16,32744),(21,823),(24,14844),(25,24933),(28,102),(31,32808),(33,31514),(34,24370),(35,23719),(36,12091),(37,8466),(38,27141),(40,30646),(44,2598),(45,12221),(47,19614),(52,24699),(54,10852),(56,15917),(58,27669),(59,33620),(64,34030),(65,1004),(72,2686),(73,6941),(78,30727),(80,3913),(81,25013),(83,25299),(85,32007),(86,7579),(88,13276),(89,8516),(91,25304),(92,33487)]	122.743797
297	[(3,30789),(4,16403),(7,22042),(8,6364),(9,14428),(10,1593),(11,12044),(16,7746),(17,6799),(19,207),(21,20970),(23,17491),(30,19449),(31,12992),(33,14718),(34,10420),(36,33073),(40,5523),(42,17885),(43,7078),(46,10595),(49,9760),(50,15312),(51,10575),(52,11075),(54,14696),(55,11211),(61,8795),(64,31952),(65,28480),(66,28122),(69,13133),(71,22330),(73,21803),(74,26307),(76,445),(79,22465),(86,11370),(89,18073),(91,11704)]	105.086039
298	[(0,20329),(1,19750),(2,7062),(4,31218),(6,20556),(8,32954),(9,27105),(10,5647),(12,11931),(13,4047),(16,9945),(19,1994),(22,12470),(24,1922),(25,22253),(27,17371),(29,17960),(30,30611),(32,28608),(33,4326),(34,26630),(37,28206),(40,21978),(41,32215),(43,27397),(44,21849),(47,29599),(49,18359),(51,26775),(52,10814),(53,27579),(54,3237),(57,15455),(58,17927),(59,33449),(61,30271),(62,30876),(63,8076),(66,14437),(69,4959),(70,20370),(71,7068),(72,17471),(73,27817),(74,19311),(76,22617),(80,30204),(81,23761),(85,18533),(86,9270),(89,28975)]	103.690626
299	[(1,12113),(2,17949),(8,23861),(9,16354),(10,23295),(12,964),(13,5963),(14,10149),(15,1886),(17,25407),(18,15994),(20,24239),(21,25655),(22,2572),(23,16954),(25,31979),(29,30111),(30,28664),(32,15485),(33,4117),(34,13801),(35,11872),(36,26555),(41,26395),(44,34057),(46,33949),(48,5332),(49,24014),(52,22135),(53,14356),(55,30405),(56,16358),(59,5874),(60,9648),(62,21445),(63,21808),(64,31651),(72,14795),(73,101),(75,4913),(76,4895),(78,29902),(79,5091),(80,24229),(82,26026),(83,8943),(85,12672),(87,31619),(89,23075),(90,19250),(91,10346),(92,5843)]	117.452483
300	[(0,3251),(1,10564),(3,1700),(6,26074),(7,25273),(8,14302),(10,8222),(11,27555),(12,26408),(13,8275),(14,24496),(15,5211),(16,26422),(18,6888),(19,9438),(21,15420),(23,5017),(25,25871),(28,20957),(29,5421),(31,22987),(32,7712),(33,32905),(40,25168),(41,2689),(45,6193),(48,2344),(49,24789),(50,30946),(51,3449),(52,31007),(53,19904),(56,22453),(58,1367),(61,7187),(64,13612),(65,23574),(66,32480),(67,10286),(69,21658),(70,8322),(71,31390),(72,24265),(73,29714),(76,17370),(78,32521),(79,22285),(82,10926),(85,21425),(86,14951),(87,22845),(88,13834),(89,1405),(90,31692),(91,842)]	111.610589
301	[(1,5531),(2,24296),(3,19796),(6,13521),(7,32012),(9,5510),(10,27204),(12,7767),(13,12638),(17,25655),(18,24179),(19,26059),(20,13969),(22,33833),(23,6165),(25,19858),(27,33830),(28,13092),(29,18333),(30,12767),(31,19199),(35,25912),(36,18957),(37,30984),(38,30919),(39,33220),(40,5055),(42,2169),(45,2888),(50,23290),(51,23594),(52,30385),(53,15795),(54,7496),(55,25225),(59,17537),(61,6223),(68,9179),(70,19836),(76,1181),(77,18556),(79,28225),(80,16467),(81,15717),(82,180),(83,23959),(84,31182),(85,24399),(86,31146),(90,11564),(92,301)]	99.018821
302	[(0,24644),(1,23695),(2,22659),(4,9312),(5,33080),(6,9134),(10,33464),(12,26139),(16,10264),(18,5017),(20,20541),(21,27774),(22,12874),(23,1457),(26,26997),(27,27415),(28,30113),(29,13913),(30,18244),(32,15341),(34,8084),(35,8530),(36,19679),(37,13612),(41,30719),(42,23896),(43,28191),(45,23173),(46,29611),(49,30336),(61,13478),(62,15684),(63,19841),(67,5391),(70,13059),(71,24197),(72,4073),(73,1758),(75,17369),(76,23677),(77,25248),(78,29380),(79,3000),(81,20434),(82,9156),(84,19321),(88,32167),(89,26046),(90,9970),(91,11149),(92,4725)]	109.104426
303	[(0,15308),(1,3425),(4,2932),(5,6037),(6,24812),(7,11396),(9,17263),(11,13888),(14,6635),(15,7579),(17,23393),(19,18628),(20,18092),(22,20928),(25,16513),(28,16151),(35,9748),(38,16322),(40,22132),(41,6020),(44,17019),(45,13445),(47,12785),(48,16207),(49,17958),(50,27231),(51,17345),(52,20996),(54,5239),(55,19213),(56,14952),(57,16155),(61,17863),(62,11968),(63,33672),(65,11151),(68,22975),(69,29999),(70,10258),(71,28512),(73,8233),(75,11595),(76,19076),(77,28910),(81,4966),(85,33053),(86,986),(87,14379),(89,15635),(91,28440)]	113.247219
304	[(3,31796),(5,33320),(6,23778),(8,33893),(9,13046),(10,7152),(12,820),(13,2725),(14,6771),(17,4443),(18,6207),(19,23016),(21,10814),(24,17874),(25,10672),(26,19972),(32,24571),(33,27116),(38,17037),(40,7552),(41,26000),(43,24235),(45,22758),(46,34070),(49,21553),(50,667),(58,27975),(60,19819),(63,30729),(65,28243),(66,15007),(67,3086),(68,4700),(69,20514),(70,12740),(72,26654),(75,15553),(76,10618),(77,22487),(78,9266),(79,18896),(83,28456),(84,22156),(85,32014),(86,26000),(92,1370)]	104.406517
305	[(1,24491),(2,12846),(4,3435),(5,11834),(7,11138),(11,22595),(12,22155),(13,938),(14,21855),(16,26794),(17,29628),(21,23424),(22,16527),(24,31179),(25,10396),(28,16300),(32,27406),(33,18763),(34,5797),(35,13480),(36,1892),(37,10822),(38,1573),(39,29476),(41,19593),(42,23716),(43,19706),(44,12923),(45,22105),(46,28384),(47,816),(49,26574),(51,14676),(52,28768),(54,32849),(56,32157),(57,32517),(62,19780),(64,14571),(67,15857),(68,7916),(69,13778),(72,32438),(77,8552),(80,13975),(82,25914),(83,27433),(84,19199),(85,6193),(86,26102),(87,4363),(88,25794),(89,1770),(91,3245),(92,3177)]	117.419973
306	[(1,9196),(2,310),(3,2182),(6,15575),(11,29933),(13,8395),(14,1395),(15,9794),(19,18372),(20,17989),(22,4800),(25,18037),(26,30132),(30,18136),(32,23090),(33,23118),(34,11722),(35,22419),(36,10416),(39,32153),(41,13402),(44,3669),(46,28371),(48,24147),(49,11081),(50,24342),(51,14793),(54,28340),(56,943),(57,31207),(61,32029),(63,4264),(64,14997),(66,20118),(70,30197),(73,21934),(74,844),(76,24819),(77,22652),(79,14883),(80,23940),(81,8128),(83,22462),(85,23975),(86,26631),(87,30518),(89,22082),(90,10689)]	101.055711
307	[(2,19238),(3,32239),(4,8047),(7,6269),(10,26528),(12,11654),(14,10283),(15,6185),(17,4128),(19,9813),(21,6348),(24,27882),(27,2438),(29,13910),(30,13319),(31,25799),(33,2192),(35,27000),(37,9858),(39,11393),(40,30591),(41,561),(43,22388),(44,33721),(45,26582),(51,8779),(53,2147),(58,33844),(59,24978),(62,6648),(63,26355),(64,761),(66,32263),(67,26533),(69,17221),(71,6901),(72,9407),(74,17526),(75,30045),(77,22149),(80,28916),(81,4586),(84,17661),(86,705),(88,5897),(89,21240),(91,18470)]	99.806673
308	[(1,24276),(2,27517),(3,8867),(4,31900),(5,4002),(7,16694),(10,12535),(12,13106),(16,21803),(19,33106),(20,5036),(21,15898),(23,12124),(24,20013),(26,22868),(27,6664),(29,16583),(30,14935),(31,10242),(33,1286),(36,1359),(37,23889),(38,12938),(40,18214),(42,10479),(47,21174),(50,21589),(51,30957),(52,23051),(55,18299),(56,17374),(57,14215),(58,1395),(59,9794),(63,18372),(64,17989),(66,978),(67,8011),(68,5000),(73,5270),(74,14185),(75,12719),(77,32638),(80,30196),(81,15406),(83,15327),(86,27264),(89,4837),(91,29273),(92,7239)]	117.367788
309	[(0,21281),(7,19934),(9,4129),(11,29734),(12,21973),(13,27762),(17,26692),(19,3159),(22,9529),(25,22135),(30,28729),(31,1884),(32,14526),(33,4652),(35,14413),(37,12183),(38,25605),(39,8595),(41,20065),(42,7243),(44,12229),(46,28009),(48,1077),(49,14664),(50,5477),(53,16343),(54,10807),(56,5477),(57,26374),(61,22689),(62,20856),(64,6347),(65,2985),(71,32543),(72,29813),(73,20849),(74,24162),(75,5330),(77,32568),(79,17312),(80,16035),(81,4090),(82,33675),(84,25303),(85,2212),(88,16586),(92,16805)]	101.392198
310	[(3,15345),(7,13656),(11,33118),(12,18027),(13,15626),(14,13213),(15,913),(27,11602),(28,14461),(34,31473),(35,1415),(39,9196),(40,310),(41,2182),(42,22888),(43,15844),(44,9777),(45,18362),(47,9443),(48,15250),(49,11550),(50,388),(51,18568),(52,27191),(55,27746),(60,12134),(61,5053),(62,33212),(63,20898),(64,16533),(65,23283),(66,23906),(69,1672),(70,5501),(72,24450),(73,90),(75,13882),(76,2602),(78,29824),(79,20931),(81,24988),(83,7212),(85,21643),(87,23475),(88,17305),(89,31634),(91,26327)]	99.485805
311	[(3,29727),(4,2923),(5,3502),(6,13164),(7,24520),(8,907),(10,12960),(11,31431),(14,32990),(15,25064),(18,22722),(19,575),(21,29604),(22,33590),(25,11442),(26,3209),(28,18654),(29,864),(40,5054),(41,29725),(42,34041),(43,13105),(44,16868),(46,13595),(47,25012),(48,29883),(52,28668),(55,25662),(56,29294),(57,2626),(61,8461),(62,12112),(63,6459),(67,25580),(68,2401),(70,24110),(71,3349),(72,19891),(73,3787),(74,30140),(75,11311),(79,21011),(80,5164),(82,10811),(83,1216),(84,17650),(85,3669),(86,6457),(87,9133),(89,22208),(90,137),(91,2540)]	104.218792
312	[(0,19327),(3,17674),(4,12272),(5,27917),(8,9949),(11,9397),(13,25207),(14,32152),(17,20652),(19,7760),(21,33934),(22,20652),(23,18522),(26,24304),(27,2053),(29,29956),(30,29682),(31,19718),(32,21023),(34,23095),(35,5534),(36,27275),(37,13464),(43,25195),(44,21476),(48,26292),(50,31906),(53,31473),(56,13591),(58,24817),(59,23145),(60,16961),(64,27085),(65,3069),(66,27836),(68,10189),(69,20411),(70,3049),(72,27252),(77,29006),(79,24109),(81,28320),(84,22043),(85,17902),(86,32464),(87,10898),(89,21346),(91,4563),(92,12152)]	111.144090
313	[(0,7939),(2,722),(3,23179),(6,28163),(10,28071),(14,29567),(18,33476),(19,6885),(24,17818),(26,18711),(27,31479),(28,8391),(35,21555),(36,4826),(38,27925),(39,22235),(40,16569),(41,21769),(43,1194),(46,4997),(47,5540),(48,2860),(52,19000),(54,369),(59,24707),(60,24208),(61,8379),(63,10602),(64,1803),(69,12249),(73,25922),(76,15123),(77,21001),(82,25290),(84,4183),(85,11354),(86,31137),(89,2624),(90,24794),(92,26192)]	113.034779
314	[(0,6154),(1,33115),(3,24082),(4,4910),(5,11791),(7,23086),(8,28711),(10,3438),(11,29991),(12,24587),(13,25434),(18,33324),(23,29929),(24,14265),(25,4074),(26,30784),(28,19722),(30,29703),(31,13330),(35,4790),(36,18475),(37,16231),(42,4197),(43,30821),(44,26307),(46,22951),(47,2981),(48,28687),(49,19504),(53,19298),(55,28454),(56,9946),(57,27152),(58,29162),(60,11059),(61,30740),(64,29897),(66,18044),(67,33097),(69,10954),(71,27559),(73,31264),(75,16451),(76,22429),(77,32448),(80,8239),(81,28200),(84,28025),(86,6135),(88,17716),(89,15224),(91,10055)]	110.358543
315	[(1,14211),(2,462),(3,30449),(7,27882),(10,4331),(13,33595),(18,14491),(20,4138),(21,24101),(23,11416),(26,3570),(28,33564),(32,14294),(33,5465),(34,6408),(35,26667),(37,10630),(40,6797),(43,29093),(47,2971),(49,18187),(51,10634),(52,6211),(53,32517),(54,14614),(55,31990),(58,9477),(60,5157),(61,14334),(65,29175),(67,10320),(68,12755),(69,27085),(70,14132),(71,31041),(74,12281),(75,17181),(77,17531),(79,20268),(81,20140),(82,30672),(83,33291),(84,23394),(88,25772),(89,1004),(90,14554),(91,27557)]	127.971815
316	[(0,5303),(1,29991),(2,24587),(3,6726),(5,4919),(6,1553),(8,28794),(9,11869),(10,19585),(12,15877),(13,21714),(14,22471),(15,32138),(16,4067),(18,6756),(20,2344),(22,14756),(24,19532),(30,12008),(33,22609),(35,268),(43,32103),(45,26200),(47,12434),(49,21925),(50,7000),(51,18341),(52,12983),(54,33460),(55,1290),(57,32289),(61,623),(62,15027),(64,18734),(65,28280),(67,11413),(69,13729),(72,8737),(75,29773),(76,23708),(80,31447),(85,32373),(86,14928),(91,21214),(92,20343)]	105.187131
317	[(0,11441),(2,33882),(3,14872),(4,30330),(6,21462),(8,15104),(10,23332),(11,11407),(12,9601),(15,18566),(16,25761),(19,27675),(20,33056),(21,13356),(22,14732),(28,18704),(29,1017),(32,1236),(36,11919),(37,1675),(38,22148),(39,26772),(40,18809),(46,21268),(47,12232),(48,26532),(50,21696),(53,33398),(56,915),(58,3514),(59,4931),(60,9143),(63,15554),(65,8604),(67,1548),(69,11785),(71,11988),(74,18542),(76,23078),(80,9728),(81,9124),(83,12090),(84,2577),(86,18437),(88,6267),(89,15048),(90,2059),(92,9893)]	111.709600
318	[(0,12655),(1,25996),(2,14132),(4,2892),(6,12659),(7,2122),(8,1195),(9,4288),(10,29209),(11,29467),(13,28454),(14,9946),(16,22236),(17,20128),(21,18365),(22,23450),(23,22350),(25,10597),(26,16690),(30,18875),(35,12709),(36,9893),(41,14549),(42,19042),(43,9226),(48,2176),(49,2848),(50,24886),(51,15638),(53,7625),(55,10810),(56,19867),(65,19808),(67,33691),(68,648),(69,19344),(72,11541),(74,18285),(77,28734),(79,21217),(81,1805),(83,6796),(84,4503),(86,5993),(91,25390)]	101.187293
319	[(2,24336),(3,5179),(4,6133),(5,25753),(9,33112),(15,26514),(16,20734),(17,2848),(22,2257),(24,3405),(25,5282),(26,3447),(28,27405),(30,3963),(31,28915),(32,18634),(33,11428),(35,9997),(37,9512),(38,21129),(39,8597),(40,24350),(41,415),(45,2235),(52,20676),(54,6159),(55,1565),(56,2569),(57,23799),(59,6424),(60,18851),(62,6142),(63,16045),(64,4155),(68,20385),(70,12766),(73,33262),(76,20741),(77,25292),(78,16499),(80,8633),(81,18030),(82,21570),(83,18618),(87,23022),(90,12709),(91,22822),(92,29317)]	98.351031
320	[(1,11660),(2,12464),(3,19889),(4,31925),(5,23876),(7,3604),(8,15803),(9,30592),(11,21346),(15,21643),(17,13431),(22,25643),(24,24329),(27,31480),(28,19368),(29,812),(30,27336),(33,32198),(34,2418),(35,25778),(39,19615),(40,30968),(43,13876),(44,20533),(46,22113),(47,27586),(50,1698),(52,32557),(53,11136),(54,10914),(55,20969),(56,31440),(57,6523),(59,32696),(62,14919),(64,24562),(66,3035),(72,11040),(73,14934),(75,13610),(77,31704),(78,30015),(79,4721),(81,5229),(83,3971),(84,13019),(85,8904),(86,12689),(87,30344),(90,28328),(91,13511)]	99.937302
321	[(0,33763),(2,2090),(3,3529),(4,32169),(5,29876),(8,23060),(9,21061),(12,28987),(13,18059),(14,25346),(17,25292),(21,21335),(22,2943),(23,21661),(24,11764),(25,20836),(26,31708),(29,4419),(32,3345),(34,18944),(35,5452),(37,31112),(38,13694),(44,22680),(45,29409),(46,24054),(48,10347),(49,15685),(51,29356),(52,12139),(53,8950),(54,15471),(56,20863),(57,32883),(60,30482),(62,28720),(65,7750),(66,3810),(67,27565),(68,12646),(71,22518),(72,32002),(73,30562),(74,28570),(76,32138),(78,2118),(79,9105),(81,3215),(82,26307),(84,445),(87,23828),(88,24380),(91,31036)]	108.567987
322	[(0,22097),(1,16727),(3,24022),(4,3528),(6,18220),(7,17389),(8,11486),(10,24663),(11,4224),(14,9377),(18,19852),(21,15479),(24,2695),(26,27251),(27,25796),(32,25095),(33,17554),(34,32026),(38,25309),(39,3445),(40,12206),(41,18544),(43,18461),(46,14501),(49,22867),(50,9049),(51,6426),(52,27154),(53,15215),(54,30167),(56,2140),(57,14976),(58,33879),(63,31518),(65,33505),(67,6827),(72,18136),(74,23090),(75,10846),(76,5694),(77,13193),(78,11202),(79,31462),(80,4751),(82,31571),(84,32453),(85,26570),(87,17694),(88,16055)]	201.670064
323	[(0,26262),(3,16123),(4,654),(5,5577),(8,22994),(9,1718),(13,21523),(16,17561),(18,25538),(22,18977),(23,27266),(24,22403),(25,13825),(27,19033),(28,23522),(31,27384),(32,313),(37,27724),(38,18120),(39,3190),(40,1804),(41,33095),(42,12433),(43,11232),(44,32645),(45,28062),(47,25892),(48,23182),(49,4582),(51,19379),(52,4084),(55,24372),(56,31922),(58,29648),(59,23213),(62,25952),(63,23024),(64,29030),(65,18858),(66,27560),(69,16437),(71,31707),(72,32134),(75,30714),(76,1773),(77,30470),(78,22923),(81,10711),(82,32376),(83,29346),(84,1330),(87,14633),(89,26547),(91,9363),(92,13244)]	242.388275
324	[(2,18671),(3,9755),(5,6921),(7,31998),(9,33233),(11,23469),(13,34017),(14,22300),(17,27919),(18,21484),(22,13031),(24,7672),(26,3707),(28,13008),(30,19618),(31,15569),(34,32092),(37,5137),(39,32545),(45,2878),(49,8747),(52,7224),(54,7634),(55,20116),(60,28339),(61,8745),(63,26653),(68,3576),(71,7799),(72,1559),(73,31249),(74,23305),(75,2536),(77,4413),(79,25673),(80,5093),(83,6453),(86,12694),(88,23362),(90,9199),(91,197),(92,31355)]	227.452681
325	[(0,11277),(1,28781),(3,554),(6,2679),(8,28373),(9,16466),(12,33485),(13,32183),(14,21459),(15,1065),(18,18341),(19,10835),(20,20801),(25,13987),(26,20640),(27,18625),(29,819),(30,5803),(32,17130),(34,2551),(39,12029),(40,1885),(41,20906),(43,6195),(44,7285),(46,5633),(51,7198),(52,24189),(54,27150),(58,1097),(59,20146),(61,15076),(63,2550),(64,26862),(65,1455),(66,15223),(67,31064),(68,17670),(69,4813),(71,26345),(72,12387),(73,11712),(76,26985),(82,1761),(83,29560),(84,27768),(86,13902),(87,15618),(89,751),(90,16425),(91,21790),(92,22680)]	207.777687
326	[(0,28192),(2,31792),(4,244),(5,30746),(9,25498),(10,22565),(12,26514),(15,13251),(20,21436),(26,4130),(31,1617),(33,7071),(34,19974),(37,33844),(38,22801),(39,18382),(40,3945),(41,28281),(43,24730),(45,33399),(46,12235),(48,8525),(52,19824),(53,29916),(54,29069),(55,8911),(56,3719),(57,24225),(58,31494),(60,5584),(61,25060),(63,17316),(65,17463),(66,9103),(68,8282),(69,31542),(70,25688),(72,2026),(73,26551),(74,8219),(76,27606),(77,13500),(78,15821),(80,30206),(81,20477),(82,15189),(85,8333),(89,949),(91,3129)]	226.495788
327	[(0,27661),(1,30973),(2,6630),(3,26958),(4,14448),(6,26894),(8,22054),(9,18373),(11,30646),(12,15407),(19,23100),(20,14303),(21,16036),(22,19973),(24,8587),(26,2373),(29,8453),(30,17361),(40,1591),(44,1824),(47,17229),(49,27285),(51,25662),(53,23921),(57,11031),(58,16291),(59,13952),(60,26073),(62,32514),(65,8138),(66,26515),(68,26539),(70,22908),(71,20350),(73,23474),(74,7091),(75,25688),(77,30542),(79,21799),(81,4312),(84,5322),(85,3298),(87,29942),(89,14083),(91,12805)]	212.261399
328	[(1,9728),(4,19927),(10,27373),(11,23713),(12,6991),(15,22595),(16,25205),(17,28452),(19,5592),(20,1513),(22,20173),(23,19974),(30,29795),(32,30040),(33,4717),(34,18857),(39,9084),(41,28650),(44,26589),(47,32942),(48,11590),(49,13986),(51,3947),(52,8083),(54,12550),(56,12262),(57,14145),(58,21009),(60,15545),(61,13439),(62,10863),(63,13264),(64,27426),(66,31093),(68,4259),(69,25776),(70,15650),(71,30914),(73,28729),(80,26474),(82,23228),(83,1139),(85,21061),(88,27027),(92,26580)]	250.534390
329	[(0,6060),(2,7375),(6,8112),(8,17460),(9,793),(10,3969),(11,13914),(13,25766),(14,1933),(18,23439),(20,23689),(24,6058),(25,22226),(26,23870),(30,24966),(31,12449),(36,22908),(40,26113),(42,19725),(43,27628),(46,29558),(48,3130),(52,2069),(54,12943),(55,11214),(56,30424),(57,12381),(58,19710),(59,17937),(60,9556),(61,29603),(63,17104),(64,25759),(65,20671),(66,26051),(67,24506),(68,10539),(70,10859),(73,12259),(74,25362),(78,11985),(79,3735),(80,18598),(82,4106),(83,857),(86,17551),(87,23722),(90,9465),(91,6426),(92,27154)]	212.911735
330	[(0,16499),(1,27099),(4,21468),(5,5050),(6,13668),(7,12802),(8,7434),(9,13351),(10,17898),(12,5444),(13,14181),(20,14308),(24,4847),(25,32886),(26,17427),(29,23195),(30,15393),(31,20317),(32,10988),(34,16962),(35,2606),(37,2596),(38,13333),(40,17019),(41,10530),(42,18179),(43,5650),(44,32619),(45,11797),(47,30802),(49,10660),(50,6688),(51,7034),(52,5058),(53,30535),(54,13329),(56,14067),(58,25267),(59,14081),(61,11192),(68,24293),(70,10714),(71,9912),(75,15408),(76,28077),(79,30123),(83,2393),(85,11986),(88,21190),(90,26254),(92,4081)]	193.377206
331	[(0,51),(2,7194),(3,17443),(5,13469),(6,28886),(8,27974),(10,33399),(11,332),(15,5187),(16,22844),(18,21746),(19,29236),(21,4081),(22,29895),(26,13308),(27,22556),(30,28866),(32,5522),(35,16871),(36,32197),(38,27914),(40,11659),(42,32700),(43,14895),(45,32397),(49,7813),(50,6221),(52,4401),(54,284),(56,27414),(59,5686),(60,12702),(62,22059),(64,188),(67,30803),(69,4729),(75,23591),(77,3594),(78,23218),(79,21159),(80,12226),(84,8878),(85,3216),(87,6199),(88,9877),(89,17159),(91,30143)]	213.348475
332	[(0,2586),(4,29214),(5,5313),(6,28124),(9,13799),(14,24287),(15,1897),(16,33460),(17,1290),(22,28186),(23,30350),(25,12380),(27,19119),(28,19802),(30,33646),(31,17995),(32,23709),(33,22658),(34,31832),(37,33321),(38,26509),(39,12840),(40,33253),(41,27410),(42,17496),(44,4972),(49,20131),(50,820),(51,33022),(52,10086),(53,21591),(55,19792),(56,8952),(57,6341),(59,28863),(62,18287),(64,21788),(65,18502),(66,4825),(67,10419),(68,2773),(69,15051),(71,21876),(72,1269),(74,10292),(76,30400),(78,7287),(79,13601),(81,10510),(83,5369),(85,14813),(86,14555),(87,12423),(88,13571),(90,14665),(91,5292),(92,29496)]	206.880243
333	[(3,4947),(5,871),(6,18365),(7,23450),(8,4122),(10,13440),(11,14582),(13,29122),(16,20039),(17,27680),(18,10797),(19,27766),(21,16591),(22,5268),(23,8658),(24,1640),(25,2448),(27,9340),(28,31428),(31,33821),(32,31337),(35,32105),(37,29036),(38,33268),(39,545),(41,21771),(42,21119),(47,6068),(48,31315),(49,22234),(53,25396),(54,6993),(55,3897),(56,175),(57,31112),(58,5461),(62,3189),(67,4757),(71,8063),(74,23611),(76,30170),(77,8248),(78,1896),(79,26006),(80,21850),(81,246),(82,14929),(88,10810),(89,3443),(91,32906),(92,33532)]	224.332562
334	[(0,30327),(1,24222),(2,25644),(3,1041),(6,23065),(7,28418),(9,28049),(10,29554),(11,18992),(13,21447),(15,4682),(16,24470),(17,16271),(18,23017),(19,2916),(21,28928),(24,22289),(25,1072),(26,15064),(30,3648),(31,15207),(32,12564),(33,10346),(34,27702),(37,25139),(38,33655),(41,31841),(42,17165),(46,9666),(49,3647),(50,23801),(58,20350),(63,5970),(65,27288),(66,733),(71,8839),(73,18683),(76,2025),(78,3426),(83,12564),(84,10346),(86,27142),(89,23619),(90,5799),(92,4255)]	206.188642
335	[(0,12086),(2,14363),(4,9055),(6,10814),(8,30204),(10,29509),(12,30475),(13,18697),(14,1789),(16,4291),(18,5877),(21,29374),(23,21631),(25,4155),(26,12238),(28,16324),(31,22104),(33,7903),(34,26626),(35,31277),(36,12014),(37,16188),(41,18627),(45,14843),(46,29642),(47,790),(49,8359),(50,33116),(51,10397),(53,30326),(55,30424),(56,7603),(57,32678),(59,9821),(60,21161),(62,28487),(63,11251),(64,955),(66,6463),(67,6407),(73,5660),(74,29577),(75,28585),(76,28248),(77,33290),(79,17440),(80,28341),(81,16339),(82,16051),(86,15635),(88,8895),(90,29415),(91,16898),(92,27358)]	221.509187
336	[(3,7301),(4,21331),(5,28537),(6,1217),(7,23281),(9,22085),(10,33896),(12,755),(14,24080),(17,1982),(23,6420),(25,25392),(29,12736),(31,16508),(33,21563),(36,1059),(37,3761),(39,25147),(40,16097),(42,29024),(43,6564),(44,26256),(46,16534),(47,29823),(48,17306),(49,18659),(50,724),(51,18432),(55,32710),(56,4929),(59,4720),(60,1999),(61,26693),(64,21023),(67,26829),(68,8200),(69,971),(72,18232),(73,19319),(75,32027),(79,3740),(80,26930),(82,6067),(83,10802),(84,18090),(86,33768),(90,32091)]	213.320874
337	[(3,9154),(4,14582),(5,29454),(6,4968),(7,10309),(9,24165),(10,7925),(12,29976),(14,29589),(16,19062),(17,5102),(20,15035),(24,2054),(26,6835),(27,19327),(30,12234),(31,3491),(32,13719),(33,33933),(36,17060),(43,15384),(44,16845),(46,2920),(52,28278),(53,28498),(54,26891),(55,4639),(56,5246),(58,1704),(60,1887),(63,11089),(64,29719),(68,17909),(75,9753),(76,30775),(78,33096),(79,27118),(80,15354),(81,21511),(82,22233),(83,14287),(85,28769),(86,8931),(88,17130),(90,29767),(91,1583)]	228.783129
338	[(0,961),(1,8080),(2,1253),(3,11189),(5,1778),(6,2406),(8,16900),(11,6121),(14,17619),(17,16059),(19,26684),(25,16011),(26,5248),(27,6643),(29,1272),(31,24607),(34,16472),(35,11450),(37,10319),(38,28562),(39,9429),(40,14322),(43,14215),(44,17320),(48,31),(49,13984),(52,33996),(53,24123),(56,2715),(58,5406),(59,13659),(63,30772),(65,24444),(66,16787),(68,24665),(73,32666),(74,1579),(76,32100),(77,16988),(81,6784),(84,3949),(85,30377),(86,29709),(87,6631),(88,13283),(89,30264),(91,4711),(92,6378)]	225.844905
339	[(5,28222),(6,16658),(7,2974),(9,1416),(11,3129),(13,17145),(16,27063),(18,29220),(20,18515),(22,242),(24,18916),(27,6496),(30,8479),(31,414),(33,19036),(34,8259),(36,9126),(41,9763),(42,21217),(44,1805),(46,33995),(48,28387),(53,27159),(54,19129),(56,11843),(57,28587),(58,29405),(62,23912),(63,34064),(64,31313),(66,11769),(67,7848),(69,12297),(72,26779),(76,18089),(77,13837),(80,22312),(81,32985),(82,22584),(83,30602),(84,10358),(85,23699),(86,16076),(87,17659),(88,5309),(89,19297),(91,20433)]	100.351169
340	[(0,18798),(6,33966),(7,22157),(10,13017),(11,18979),(13,1873),(14,13080),(16,14162),(17,12861),(20,26306),(21,5221),(22,25660),(24,9017),(25,751),(27,5111),(31,4961),(33,11477),(34,4434),(36,28513),(39,12179),(40,8754),(42,10830),(44,32855),(45,5000),(49,16432),(50,1897),(51,5774),(55,17090),(59,2189),(64,18890),(66,32518),(67,23305),(69,15613),(71,1855),(73,1805),(75,5872),(77,9206),(80,31645),(85,26389),(87,13937),(88,10034),(89,16029)]	98.977081
341	[(1,14593),(3,32577),(6,3115),(8,9150),(9,8821),(10,19800),(11,8996),(13,21040),(14,24971),(15,30245),(17,21533),(21,6905),(24,9701),(25,1416),(27,2226),(28,31450),(29,21189),(30,6344),(31,11395),(32,23884),(34,24713),(35,16244),(39,20328),(40,16669),(43,26675),(47,2521),(48,24976),(49,15264),(50,6457),(51,31782),(52,17222),(53,2260),(54,15632),(56,27537),(57,9608),(60,14756),(67,18120),(69,3014),(70,29088),(72,26190),(75,23341),(76,30025),(77,7137),(78,26804),(80,23099),(83,19863),(85,24056),(87,10622),(91,28363)]	106.068762
342	[(0,11630),(5,9030),(7,28146),(10,4057),(13,16995),(14,19885),(15,15533),(16,15912),(17,9687),(18,18911),(21,21472),(24,25028),(25,20356),(26,18310),(29,3153),(30,11282),(36,30400),(37,3561),(39,16915),(40,32089),(43,12514),(44,5773),(45,20943),(48,5563),(49,3828),(51,32780),(52,6787),(55,13100),(58,30383),(59,22970),(61,17018),(65,1247),(66,32377),(67,4289),(68,33198),(69,16448),(72,21189),(74,29784),(75,18628),(76,18092),(77,6532),(78,4086),(79,6625),(80,6146),(81,24363),(82,6162),(85,3649),(87,23777),(88,2509),(92,29808)]	97.221731
343	[(0,33984),(1,15738),(3,20020),(4,16537),(5,979),(9,17516),(10,32728),(11,9545),(12,16248),(14,15433),(17,32070),(19,4510),(20,33961),(22,17811),(25,2196),(26,15253),(27,32957),(28,24497),(30,11808),(34,2514),(35,19310),(36,33508),(38,11904),(45,33282),(48,11351),(50,2426),(52,454),(54,33716),(55,17259),(57,15465),(59,24836),(62,24321),(64,30899),(65,3261),(66,31062),(67,1172),(70,29183),(71,28953),(73,10294),(75,13871),(76,506),(77,21161),(79,28487),(80,4461),(81,32670),(84,19812),(87,24856),(90,15045)]	96.002865
344	[(2,24252),(4,17890),(6,22594),(7,6741),(9,20846),(12,25549),(14,5919),(15,16619),(16,16889),(18,7587),(19,8539),(23,23479),(27,9476),(28,13958),(29,401),(32,21798),(33,32340),(34,21041),(35,17885),(36,5307),(38,14538),(40,5542),(41,11938),(44,10784),(47,7070),(49,24602),(52,11523),(54,20783),(55,21821),(57,17586),(58,8447),(59,7535),(61,12037),(63,1278),(65,2692),(66,4314),(67,29447),(69,15742),(72,5369),(73,19323),(74,6951),(77,11678),(78,29766),(81,7330),(82,16414),(84,21917),(85,28019),(87,26512),(90,19577),(92,26835)]	96.815688
345	[(0,17273),(1,21107),(3,7884),(6,4215),(12,29322),(13,11301),(15,30556),(16,24541),(17,16194),(18,13535),(21,60),(26,21993),(27,9237),(29,18430),(31,28839),(32,4316),(34,7187),(38,23034),(39,30452),(42,26967),(43,8170),(44,21565),(45,11563),(50,32780),(54,10819),(55,10395),(56,15288),(59,2609),(61,10213),(62,18923),(63,15423),(64,91),(65,31724),(68,10392),(69,26399),(70,8824),(71,8762),(72,24749),(74,23536),(75,19199),(76,31346),(79,5775),(80,19856),(83,5045),(84,26883),(86,12526),(89,9060)]	102.036845
346	[(2,1280),(3,8622),(8,11426),(9,31853),(15,33556),(16,1974),(19,30413),(22,11300),(24,31731),(30,8410),(36,6306),(38,27972),(39,13528),(42,27725),(43,29613),(44,8854),(45,17433),(46,9331),(48,22261),(50,589),(51,6663),(53,1461),(55,6030),(56,6623),(59,21474),(61,11271),(62,13144),(67,7286),(69,3316),(76,32658),(77,26043),(79,19865),(81,19606),(82,13815),(83,18583),(84,12251),(85,33525),(86,4728),(88,20052),(90,10162)]	103.949158
347	[(1,29143),(3,6451),(6,15732),(8,5680),(9,26409),(10,22410),(11,20349),(13,924),(16,5341),(18,4560),(19,14895),(21,10846),(23,26614),(24,26769),(26,22909),(27,33960),(29,13625),(34,29089),(36,9953),(38,3442),(39,10344),(46,13519),(47,18721),(50,17221),(51,26658),(52,14449),(53,19648),(55,23538),(57,24828),(58,33167),(59,11366),(60,29803),(63,21270),(64,11175),(70,11663),(71,11693),(72,29272),(73,14868),(75,17675),(76,8354),(81,769),(83,1644),(85,2648),(88,6701),(89,28403),(90,30359)]	102.939595
348	[(0,27103),(1,21831),(5,17493),(7,18951),(9,1683),(10,16551),(13,33617),(16,4141),(17,30913),(19,26491),(24,23192),(25,25682),(26,18652),(27,32875),(28,3553),(29,32827),(30,7446),(36,5283),(37,17353),(38,23592),(40,8097),(41,6213),(42,28089),(43,11413),(46,21287),(51,4573),(53,25362),(56,33439),(57,27282),(58,13419),(59,29281),(61,21144),(63,7105),(64,19366),(65,18513),(66,5453),(67,2013),(68,21382),(69,2246),(71,29559),(74,32286),(75,28929),(77,3274),(80,27919),(81,27359),(84,19934),(87,12487),(91,23440),(92,14687)]	125.050908
349	[(1,23424),(2,16527),(3,33878),(4,33080),(5,9134),(6,29511),(8,10718),(9,21308),(10,1811),(12,33203),(13,15376),(15,7105),(17,22917),(18,12266),(19,3144),(20,693),(22,21521),(24,19305),(25,26832),(26,8041),(29,31575),(31,32717),(33,26475),(36,24165),(37,24521),(38,6930),(39,15702),(40,8627),(41,32396),(43,242),(50,14049),(51,24764),(53,32509),(54,19941),(56,18450),(58,21604),(61,3754),(64,4681),(65,24128),(70,31587),(73,4466),(75,29909),(76,27895),(80,16112),(81,2057),(82,27999),(85,2739),(86,32850),(87,33690),(88,27978),(91,32675)]	97.104018
350	[(1,3688),(2,17084),(4,33438),(5,6665),(7,6378),(8,17470),(9,22709),(10,14779),(12,19151),(14,578),(16,32368),(19,3239),(20,8743),(22,31531),(25,32944),(26,9495),(27,16653),(29,17176),(32,8889),(33,32857),(36,5749),(38,33345),(39,33211),(41,9991),(44,26891),(45,7121),(47,15567),(50,9836),(52,22307),(53,31588),(54,6837),(55,33524),(57,8914),(60,14940),(62,19761),(64,301),(65,4586),(68,2801),(69,7616),(72,4309),(73,31339),(76,10368),(81,32764),(86,11058),(87,4607),(88,14970),(92,17292)]	98.016894
351	[(0,22893),(2,8812),(3,26633),(8,6660),(9,28727),(14,17934),(16,20279),(18,30457),(19,5220),(22,14475),(25,12159),(26,11083),(27,34078),(28,13852),(29,10549),(32,27329),(33,32948),(35,7492),(38,15122),(40,1831),(42,5043),(45,2838),(46,11647),(49,532),(50,9063),(52,16446),(53,6089),(54,14201),(62,31597),(67,24110),(69,398),(72,31422),(75,8523),(76,2693),(80,27365),(81,11993),(85,9079),(88,33545),(89,6318),(90,18907),(91,30870),(92,21481)]	103.264208
352	[(0,30926),(1,9488),(3,8780),(4,7558),(5,16404),(6,27845),(8,21222),(10,32130),(12,24390),(15,6796),(16,28821),(17,31981),(21,18660),(25,1356),(28,22058),(29,30879),(30,10018),(32,6977),(36,30114),(37,13257),(38,7563),(40,23985),(44,11043),(45,14596),(46,8784),(48,4617),(51,27057),(52,17520),(56,32406),(58,2435),(62,9444),(63,33707),(65,31758),(68,24733),(75,19963),(76,7484),(78,21493),(81,25278),(82,30717),(83,10514),(86,16471),(88,32230),(90,20896),(91,26292)]	98.228830
353	[(0,26333),(1,19987),(11,21214),(12,20343),(18,9343),(19,313),(20,13225),(22,30799),(24,26209),(27,12295),(29,32920),(32,18907),(35,30594),(38,13493),(40,9264),(41,2884),(43,33756),(45,30871),(47,19542),(50,26478),(57,4098),(61,12394),(62,15629),(65,20372),(70,936),(72,23214),(74,30528),(75,8547),(76,23493),(77,3753),(78,30025),(79,7137),(80,30097),(82,9212),(84,33774),(86,32399),(87,16270),(88,20626),(91,14328),(92,856)]	99.020005
354	[(4,10740),(5,4222),(6,19196),(7,14856),(8,3333),(11,8420),(12,31424),(14,2927),(19,21909),(20,721),(21,6451),(26,18030),(27,21570),(28,10817),(31,9576),(33,2987),(35,1900),(37,7001),(38,26142),(39,19607),(40,2952),(44,31537),(45,1182),(46,1485),(47,20296),(49,9144),(50,33704),(51,11274),(54,2349),(56,24875),(57,3723),(58,27003),(60,147),(62,21112),(63,292),(64,10287),(65,3793),(67,5830),(68,12531),(69,23402),(73,23630),(76,13628),(79,18372),(81,19178),(82,27244),(86,518),(87,13657),(91,20435),(92,8099)]	99.524214
355	[(5,26724),(6,16617),(7,14473),(8,15809),(10,13585),(11,26234),(13,30029),(17,14124),(18,29755),(20,17729),(25,30343),(27,31489),(29,27517),(32,14001),(34,18983),(35,21756),(40,10828),(41,33698),(43,3206),(47,9987),(48,27759),(54,31336),(55,32968),(58,27941),(60,8901),(61,21237),(63,21037),(64,18452),(68,13010),(70,31473),(72,1775),(73,19183),(74,32008),(79,25631),(80,19201),(82,17634),(86,27190),(87,33372),(89,128),(92,19562)]	101.740591
356	[(0,14953),(1,27727),(3,31740),(6,915),(8,3514),(9,13781),(10,22558),(11,22903),(12,18035),(13,14774),(14,26879),(16,7354),(19,31030),(21,19703),(22,26923),(23,12045),(24,25134),(29,23449),(30,15532),(31,25744),(32,14423),(33,32243),(35,491),(36,1090),(39,1989),(43,3349),(44,19891),(45,26222),(46,24403),(47,13065),(48,29927),(50,24235),(58,17244),(68,27968),(72,20218),(74,7859),(78,22978),(81,26518),(83,29506),(84,25827),(87,9975),(89,21019),(90,15711)]	102.389274
357	[(0,21006),(8,27817),(9,19311),(12,22371),(14,1331),(16,18734),(17,28280),(19,31141),(20,32541),(21,15741),(24,8907),(29,12072),(30,13989),(31,24950),(32,20667),(36,5125),(37,23413),(38,30124),(41,1361),(42,31195),(47,11963),(48,13114),(50,2438),(52,3029),(53,10598),(54,30128),(57,13908),(58,1873),(60,34011),(61,20489),(62,4678),(65,14519),(67,6028),(71,31352),(72,3838),(74,33397),(75,5884),(77,24750),(78,7039),(79,330),(84,15711),(86,6850),(87,9957),(88,7843),(90,17650),(92,6315)]	113.957107
358	[(2,26552),(3,74),(6,3528),(8,22874),(10,24532),(11,7911),(14,7640),(15,8935),(17,30949),(18,33554),(19,15043),(23,12099),(27,25868),(29,21820),(30,30516),(33,23537),(36,29583),(38,707),(39,17048),(42,7980),(44,30569),(46,4542),(51,6766),(52,6492),(55,11719),(62,5220),(66,30709),(71,5054),(73,7783),(76,8298),(78,29398),(79,29192),(81,26370),(82,18586),(83,10141),(85,19686),(86,6494),(89,10621),(90,342)]	120.353351
359	[(0,8920),(4,8543),(6,30643),(9,13365),(10,29450),(11,6610),(13,17450),(16,9550),(17,7882),(18,13455),(20,27217),(22,10073),(23,9096),(24,8417),(26,5765),(28,13771),(29,33636),(30,30378),(36,9170),(37,1287),(38,33710),(40,11411),(41,19751),(42,22530),(43,13523),(44,17869),(48,16011),(52,19043),(53,21824),(58,8102),(59,24589),(62,25591),(64,29689),(65,12580),(67,13446),(68,30028),(69,15895),(72,15897),(76,20078),(78,18370),(79,8768),(83,15375),(85,17378),(86,27637),(87,2963),(88,23966),(89,24016),(90,22893),(91,21236),(92,5807)]	100.389248
360	[(2,8687),(3,29602),(4,30597),(6,30458),(7,27493),(8,19329),(9,28854),(10,16426),(14,31760),(17,30760),(19,27773),(20,12199),(22,20725),(23,12297),(29,26341),(30,19377),(32,18061),(34,26836),(36,4860),(38,22174),(41,12949),(45,986),(46,30589),(48,5675),(49,16620),(51,134),(52,13368),(55,16534),(56,23957),(57,17143),(58,5791),(60,10841),(61,13764),(62,8935),(63,31053),(65,15486),(66,25708),(68,7159),(70,757),(72,2270),(73,1961),(78,30675),(79,31200),(81,6045),(82,3307),(87,15040),(89,1810),(90,13860),(91,10947)]	107.969239
361	[(1,26593),(3,9443),(4,32394),(5,25942),(7,25127),(9,9840),(10,12433),(11,10067),(13,27775),(14,1126),(15,21152),(17,1138),(18,25471),(19,24951),(21,16965),(23,29961),(24,15756),(25,7352),(29,15577),(30,17846),(31,5231),(32,2683),(33,32117),(35,17420),(37,5830),(41,27543),(43,10697),(44,10967),(45,25625),(46,11886),(47,21101),(48,11275),(49,20177),(50,15068),(54,32479),(58,30606),(59,22766),(60,22880),(61,27215),(63,20290),(65,5427),(66,5739),(69,30590),(70,16564),(71,1191),(72,11491),(73,27005),(75,20874),(77,23943),(79,4139),(80,6843),(82,19235),(83,5946),(86,15742),(90,26834),(91,27409)]	113.992092
362	[(0,27027),(6,19113),(13,31995),(15,21303),(16,4828),(18,51),(20,9482),(21,20219),(25,18229),(26,10652),(28,9497),(29,24028),(30,33930),(31,16890),(33,10416),(36,32153),(38,5936),(39,30407),(42,23617),(43,11758),(44,25540),(46,12209),(47,6873),(49,30538),(51,4659),(54,596),(56,9934),(67,30276),(71,29795),(73,3264),(74,1711),(75,31379),(77,15391),(78,9014),(79,16341),(80,14509),(83,28067),(84,8452),(88,22298),(90,4667),(91,20265)]	102.075594
363	[(0,18135),(1,21687),(2,8082),(4,5432),(5,13839),(7,16717),(8,14257),(9,4887),(11,19976),(14,6615),(15,1642),(17,20266),(18,6738),(19,21424),(22,24496),(23,5211),(24,26422),(30,12157),(31,26674),(32,31318),(33,15859),(34,10139),(35,24274),(36,3033),(37,26804),(41,2033),(42,9493),(43,6997),(46,1510),(47,10519),(48,19416),(49,15605),(52,29236),(53,9090),(54,20592),(55,33021),(56,475),(57,27647),(58,15841),(59,15208),(60,21223),(62,18177),(63,27943),(64,8817),(66,14780),(67,31408),(68,29098),(69,31302),(71,33153),(78,22490),(82,13891),(84,16975),(85,19797),(87,9483),(88,7958),(89,8579),(91,28219)]	102.698128
364	[(0,9525),(1,32381),(6,19843),(12,4322),(14,12212),(15,5172),(18,13992),(20,10599),(23,15223),(24,31064),(26,33083),(27,8763),(28,19347),(33,335),(36,25948),(38,31407),(39,16346),(41,31146),(46,26475),(50,26971),(54,28421),(60,7386),(61,1835),(62,22280),(64,11722),(65,22419),(67,31922),(68,27020),(70,30861),(73,7872),(75,26843),(76,31500),(77,4326),(78,13741),(83,9213),(84,23101),(86,30708),(88,15268),(89,27483),(90,9158),(92,908)]	102.175150
365	[(0,4737),(1,1806),(5,29361),(9,31312),(11,31875),(12,12194),(13,31223),(15,14103),(16,10443),(18,11318),(19,31391),(20,27136),(24,14116),(31,23746),(32,22727),(33,70),(35,3539),(38,32457),(39,26757),(40,12453),(41,21166),(42,11301),(46,9144),(47,13166),(48,14654),(49,3459),(53,3741),(55,11898),(57,29348),(60,4681),(61,12388),(62,12782),(63,19891),(64,8140),(65,23282),(66,13544),(67,23519),(68,28240),(70,1142),(72,24361),(73,31976),(75,20389),(76,31635),(82,15127),(83,26585),(85,16118),(87,29259),(88,21435),(89,8209),(90,18030),(91,2494)]	103.999200
366	[(0,8067),(1,16969),(2,1211),(3,26239),(4,12363),(6,31854),(8,27322),(9,7724),(10,27482),(11,2513),(15,2425),(17,9615),(19,25423),(20,15849),(25,24213),(26,24341),(27,20072),(28,9913),(29,13670),(30,5028),(32,17125),(33,26717),(34,14692),(39,17512),(40,32180),(42,9972),(47,9723),(48,5945),(49,11362),(50,29260),(52,30348),(53,8547),(54,23493),(55,17707),(58,3257),(59,27959),(61,24413),(63,24070),(64,26298),(68,14797),(76,24173),(78,29538),(82,33238),(84,1477),(85,5513),(86,29931),(88,20932),(90,27179),(91,31983),(92,13973)]	109.020861
367	[(0,23784),(1,27197),(2,19792),(5,15331),(8,30745),(9,24523),(13,16322),(14,24500),(16,3929),(17,18316),(18,576),(19,32153),(24,17537),(25,14687),(27,5908),(28,2005),(30,19300),(31,5071),(32,162),(34,24737),(38,26611),(40,16838),(42,25317),(43,21505),(46,24697),(47,15797),(53,23222),(54,6028),(57,19134),(58,25221),(62,7647),(64,10334),(65,18779),(66,17782),(67,2339),(69,23531),(71,27833),(74,1347),(75,4844),(76,29490),(77,26095),(78,17529),(79,11901),(81,15074),(83,23890),(85,22998),(86,27712),(88,4346),(90,16176),(91,28771)]	121.548437
368	[(5,14033),(10,972),(11,29285),(12,3695),(13,25860),(14,6526),(15,14559),(17,25384),(22,15522),(26,29423),(27,22535),(31,11881),(33,11080),(34,5512),(36,30970),(37,26105),(42,29005),(44,3660),(45,10545),(48,23903),(49,5883),(52,17530),(55,11832),(57,24423),(62,3624),(64,15272),(65,5158),(66,25606),(68,18551),(74,813),(75,28631),(76,14070),(78,12825),(79,32687),(80,26259),(83,13442),(84,9618),(85,20027),(87,5971),(88,26584),(89,20084)]	98.060415
369	[(0,24200),(1,7176),(6,20319),(7,20470),(8,25132),(13,11630),(14,18804),(16,11926),(17,33378),(19,8134),(21,20977),(22,27580),(24,2935),(26,33548),(27,18467),(30,29057),(32,31443),(34,27381),(37,24473),(43,2140),(46,20671),(47,33738),(50,2792),(54,6087),(56,33616),(57,26330),(58,31492),(60,2305),(62,7891),(70,372),(71,3296),(72,2479),(73,16585),(75,8663),(76,19455),(82,7284),(83,20749),(84,7293),(86,11920),(91,15698),(92,11261)]	96.601235
370	[(0,12939),(2,30623),(5,17214),(6,13167),(7,27270),(10,13668),(12,5150),(13,27138),(16,30453),(19,23952),(22,9511),(23,33962),(24,6931),(26,1762),(27,668),(29,8710),(30,29632),(32,2790),(33,26895),(35,31427),(38,4614),(39,9883),(40,256),(42,19656),(43,5436),(47,25677),(48,12417),(50,17179),(51,30785),(52,19433),(54,27095),(57,4369),(58,1977),(59,33832),(64,20551),(65,33792),(68,14465),(69,7978),(72,4484),(73,24383),(76,30616),(77,23454),(78,7747),(79,13925),(80,17141),(81,27616),(82,20137),(85,27762),(86,8274),(88,29306),(89,14707),(90,29388),(91,18255),(92,31977)]	106.135915
371	[(0,26273),(1,27979),(2,26226),(4,8628),(6,646),(8,13740),(9,12046),(10,6251),(11,13231),(13,14395),(15,11094),(16,4325),(19,5014),(23,439),(25,7166),(28,21255),(30,15849),(34,9115),(36,29305),(42,19606),(44,2588),(47,3636),(50,6006),(51,3401),(54,27253),(56,6949),(58,26332),(60,26230),(61,7718),(63,1569),(64,10531),(66,12359),(67,23806),(68,4851),(71,21077),(72,19635),(73,33536),(74,25168),(76,20651),(82,22891),(84,18095),(86,29893),(89,7099),(91,32470)]	99.417439
372	[(0,33970),(3,23967),(4,32488),(5,30863),(8,5461),(9,5124),(10,23607),(11,24953),(12,25105),(14,27790),(16,20270),(17,27896),(19,15646),(20,7796),(23,10877),(24,32685),(28,25677),(29,14872),(31,10993),(35,27553),(37,25075),(38,2766),(39,29160),(40,7664),(41,33922),(44,31985),(45,26798),(47,19042),(48,19629),(50,10812),(56,31904),(60,22325),(64,12465),(66,7261),(67,8193),(68,29096),(70,9745),(71,21018),(73,32056),(77,4141),(78,19304),(79,10224),(81,5623),(82,23552),(84,33810),(85,17702),(86,18039),(88,8539),(92,24640)]	101.549772
373	[(4,2472),(7,13994),(9,24374),(13,7601),(14,23364),(17,4015),(20,15485),(21,12239),(25,17123),(26,33588),(28,17310),(30,5185),(31,15183),(32,30022),(34,23887),(36,8064),(37,22995),(40,20173),(41,32208),(42,22332),(44,13322),(45,33757),(49,27390),(50,19364),(52,20510),(54,4427),(56,5275),(59,32587),(60,10582),(64,14479),(66,13763),(67,13428),(68,17995),(69,23709),(70,22658),(71,6335),(72,13875),(73,32652),(76,13769),(78,4449),(79,28508),(82,3863),(83,5089),(87,1661),(88,26229),(92,20598)]	101.699761
374	[(0,3934),(3,30005),(7,24305),(8,22186),(10,14625),(12,8703),(14,18210),(15,30600),(16,23342),(18,11467),(21,23183),(22,6601),(23,33495),(24,13973),(25,17488),(27,33873),(32,19395),(33,29434),(34,9930),(36,22965),(40,19182),(42,32527),(45,15150),(46,11761),(48,27854),(52,33120),(54,9268),(56,10594),(57,10745),(58,16875),(59,28521),(61,1839),(63,17521),(65,13984),(66,27343),(67,5597),(68,1124),(72,24184),(73,5670),(75,20415),(76,11483),(77,12382),(81,2629),(82,22035),(83,28866),(84,12799),(85,2029),(87,10681),(89,5794)]	116.611825
375	[(0,445),(1,20727),(2,20229),(3,18217),(5,10376),(6,11891),(7,32723),(8,25220),(9,29268),(11,33099),(12,13279),(15,271),(16,28773),(17,10395),(18,15288),(21,28658),(23,5369),(24,19323),(25,6951),(26,10501),(27,10348),(29,15521),(31,8718),(32,11423),(36,21030),(37,6955),(38,33385),(39,9046),(41,2894),(42,3484),(43,27251),(44,25796),(46,8863),(47,5381),(49,13918),(50,2113),(51,4595),(52,29586),(54,13262),(55,3903),(58,24522),(59,5012),(61,6600),(63,3413),(67,32479),(69,32865),(71,31301),(72,11292),(73,34030),(74,1004),(75,21403),(78,16191),(81,13080),(83,25419),(84,10172),(86,28088),(92,4002)]	102.985844
376	[(2,5263),(5,2017),(7,26681),(8,24355),(10,3256),(11,30809),(12,24141),(13,19907),(14,21412),(17,27617),(18,16489),(20,2480),(21,19495),(23,6097),(24,27930),(26,17809),(29,9240),(30,2047),(31,4080),(32,5306),(35,17368),(36,8192),(38,33919),(39,15138),(40,13546),(42,15690),(43,16496),(46,24844),(51,3831),(53,27072),(54,33374),(57,21389),(59,32941),(61,13895),(62,30244),(63,1142),(67,27228),(68,6221),(70,23132),(71,28148),(73,9432),(74,4802),(75,30202),(76,5030),(78,29141),(80,17557),(81,6447),(84,11982),(87,17713),(88,3325),(89,19573),(90,31353),(92,20952)]	116.448954
377	[(3,33194),(4,6580),(5,21264),(6,18321),(7,2484),(9,32227),(11,25117),(12,21415),(13,20744),(14,16923),(16,23993),(24,14926),(26,7685),(27,28683),(28,10069),(29,30330),(31,21462),(33,22525),(34,6620),(35,26573),(38,16276),(39,9256),(40,18646),(41,33666),(44,20394),(45,4686),(47,12574),(49,21989),(51,1282),(56,28253),(58,621),(60,21644),(61,1717),(63,32071),(65,15423),(66,2323),(67,7992),(70,14926),(74,15353),(75,11053),(76,12983),(79,22943),(80,34004),(82,25039),(85,8870),(89,21869)]	122.039258
378	[(0,13107),(5,19147),(7,7254),(8,515),(10,3990),(12,14478),(14,21470),(18,12171),(19,3683),(21,28578),(22,17724),(23,12289),(24,13640),(25,16473),(30,26381),(34,4651),(37,19106),(38,25909),(40,26272),(41,24995),(42,17876),(43,33013),(47,16188),(48,25164),(49,23765),(50,23829),(51,33559),(53,20346),(54,34030),(56,31376),(59,2048),(60,18630),(61,11468),(66,25241),(67,18733),(68,29506),(70,14158),(71,23967),(72,4548),(74,28142),(76,18467),(78,3035),(79,6984),(80,17063),(81,9086),(88,4429),(89,11286)]	103.612306
379	[(1,10783),(3,24698),(5,4581),(7,15610),(8,22359),(9,30596),(11,31089),(12,2676),(13,20123),(14,11268),(16,3871),(18,2588),(19,15073),(21,23578),(22,12377),(25,20542),(28,10601),(31,1303),(33,5519),(34,8592),(38,28993),(41,2716),(43,4510),(44,21115),(45,6881),(46,14670),(50,4697),(51,17603),(52,32869),(53,27963),(54,32196),(57,30458),(58,2352),(59,26464),(60,29364),(61,6789),(62,1258),(65,19071),(66,30154),(71,6374),(72,10050),(74,14118),(75,17318),(76,2411),(77,31463),(79,29926),(82,8257),(83,26620),(84,30585),(87,173),(91,17450)]	113.681560
380	[(0,33115),(2,31955),(3,18191),(5,28484),(7,22186),(8,9738),(9,27780),(10,21494),(11,23628),(15,25564),(17,20715),(18,29128),(21,19509),(22,17675),(23,23643),(26,27017),(27,17813),(28,33246),(30,15585),(32,15641),(33,11820),(37,17400),(38,13095),(43,10568),(45,2938),(48,6440),(52,8729),(53,7994),(54,12468),(56,1393),(58,6386),(61,10775),(62,1165),(63,26512),(68,26974),(70,2480),(73,22255),(74,31038),(75,28714),(78,33400),(79,22311),(80,744),(81,25046),(82,12945),(85,11751),(87,30733),(89,19212),(91,14217),(92,23256)]	103.491501
381	[(1,15541),(2,1891),(3,7046),(4,16642),(5,7643),(6,25853),(11,19922),(12,17643),(13,20800),(14,6853),(16,14715),(17,29678),(19,12422),(21,14009),(22,802),(23,9534),(24,12214),(25,1542),(27,33803),(29,27571),(30,5638),(31,3222),(34,29683),(36,24600),(44,2209),(47,29022),(48,13638),(49,28055),(50,23929),(51,29527),(52,2699),(54,13831),(55,5156),(56,33910),(57,14923),(59,21489),(60,24377),(64,12981),(69,11380),(70,17119),(76,7259),(77,19400),(79,6126),(80,2765),(81,20472),(85,34070),(87,24287),(89,17565),(90,11251),(91,955)]	105.085288
382	[(2,30745),(3,27920),(5,14785),(8,32539),(10,33393),(11,22238),(15,29512),(16,28283),(18,12357),(19,30862),(22,30886),(23,16042),(24,23491),(25,23342),(27,16495),(29,29243),(30,10305),(31,33620),(32,14598),(33,23080),(36,29007),(39,16911),(41,7635),(42,13358),(44,12481),(50,15757),(51,24169),(56,7623),(57,4378),(61,4335),(63,24959),(67,15260),(69,32559),(70,3878),(73,4560),(75,31582),(76,3102),(77,10118),(80,11361),(81,23376),(83,7875),(84,4516),(85,21316),(87,13282),(89,26357),(91,7942),(92,5139)]	100.780893
383	[(3,30134),(4,3876),(7,3414),(10,25742),(11,223),(12,1710),(14,30109),(17,8167),(18,14263),(19,30888),(20,30174),(21,30976),(24,29663),(26,31776),(27,19054),(29,19475),(30,30852),(31,29725),(32,34041),(33,3945),(34,23093),(35,5523),(37,28697),(38,20586),(39,13232),(42,13873),(44,8596),(45,730),(48,29005),(49,15943),(50,15606),(51,27308),(52,32618),(53,15394),(54,2048),(59,21950),(61,20200),(66,29013),(67,19095),(69,29856),(71,15919),(73,33186),(77,6467),(78,14158),(79,14387),(80,19692),(85,1132),(86,2582),(87,7030),(90,28667),(91,18400),(92,9902)]	100.719197
384	[(0,1017),(3,5137),(4,22454),(6,7573),(11,2512),(14,33608),(15,30228),(16,11474),(17,3440),(18,32610),(21,19931),(22,23152),(23,13955),(24,33673),(27,9870),(28,11669),(29,21571),(30,23460),(32,19323),(33,6951),(36,25323),(37,29375),(40,8913),(41,22201),(45,1095),(46,15934),(49,8303),(51,28070),(52,10648),(53,9537),(54,14337),(55,19276),(57,5143),(58,32278),(60,29752),(62,30246),(63,29566),(64,14207),(65,5850),(70,13982),(71,28089),(72,34009),(77,3965),(79,25396),(82,2219),(84,18199),(86,11519),(87,22500),(91,22531),(92,4489)]	104.262726
385	[(3,7833),(6,28134),(9,23007),(10,9936),(15,25353),(16,22233),(17,14287),(18,25524),(22,12268),(24,28560),(25,13102),(26,749),(30,23198),(31,20878),(32,13642),(33,26024),(35,15989),(36,3890),(37,29431),(38,2075),(40,19612),(43,4143),(45,13990),(46,33943),(49,8043),(51,21254),(56,4089),(57,5054),(58,29725),(59,14415),(62,27455),(63,27459),(64,23545),(65,27171),(66,23133),(68,28756),(69,10406),(70,23735),(71,513),(73,6767),(74,9549),(75,18891),(79,29495),(81,16565),(83,9786),(86,30150),(87,22711)]	102.652555
386	[(0,7409),(1,19398),(2,19197),(4,17833),(5,16185),(6,9238),(8,27259),(10,15891),(14,23462),(18,30926),(19,33867),(21,9894),(22,32055),(24,7517),(25,5213),(28,12745),(29,28380),(31,28305),(32,3709),(34,7898),(35,33081),(37,18004),(38,3136),(40,355),(42,9792),(45,8411),(46,10140),(47,6512),(48,28496),(51,27047),(52,4136),(53,18567),(56,27175),(57,9668),(59,9310),(60,19779),(61,17997),(63,5073),(64,13977),(65,10149),(66,1886),(67,8182),(69,24399),(74,7190),(75,14480),(76,5783),(77,772),(78,8793),(79,17456),(80,24174),(81,8529),(83,28527),(86,32301),(89,7613),(90,6638)]	98.073425
387	[(3,20165),(4,7840),(5,16201),(8,31559),(9,22193),(17,9962),(19,17971),(20,9293),(21,25771),(23,24887),(27,24539),(28,27292),(31,18692),(32,14329),(36,26221),(39,17621),(40,19224),(41,1439),(42,21752),(47,23839),(48,23694),(50,22539),(51,206),(52,12168),(54,17312),(55,11968),(56,23099),(57,1762),(58,32849),(59,710),(64,13849),(65,459),(66,5681),(68,12735),(69,1029),(70,31937),(71,60),(74,32710),(76,21186),(77,4988),(78,4017),(79,14373),(80,28975),(83,19236),(84,27168),(85,12053),(86,32426),(87,24507),(88,18622),(90,5065),(91,2882),(92,13710)]	114.575885
388	[(3,14491),(9,18451),(10,10665),(14,9415),(17,25361),(18,14974),(21,11366),(22,12689),(23,30999),(24,33333),(26,30838),(27,4445),(28,20341),(30,20533),(32,12105),(33,21498),(34,21599),(35,1195),(36,15310),(37,25464),(38,33624),(39,30519),(41,7415),(42,24549),(46,15179),(47,33046),(52,1856),(53,6676),(54,25240),(55,27563),(58,29140),(59,29602),(60,30597),(61,244),(62,30746),(64,9772),(65,20144),(66,32499),(67,3583),(68,27732),(71,21273),(72,11069),(74,3936),(76,31595),(77,23044),(78,18918),(81,32661),(82,27806),(87,19402),(92,20531)]	96.336494
389	[(2,32767),(4,26678),(5,14724),(6,9773),(8,3214),(9,5106),(11,1525),(13,8472),(14,26065),(17,8555),(18,32217),(22,3385),(25,27621),(26,14742),(29,12424),(33,2878),(35,3791),(36,6538),(37,2629),(39,1497),(41,16369),(42,6122),(43,751),(44,16425),(45,21790),(46,25392),(47,32995),(49,30978),(53,26563),(56,29268),(62,7278),(63,26935),(64,20990),(65,31324),(67,29389),(68,30302),(69,210),(71,10627),(72,29740),(73,12975),(75,5245),(76,14916),(77,28258),(80,17577),(82,18486),(86,6055),(89,6509),(91,15961),(92,16615)]	107.454527
390	[(2,12232),(6,18490),(8,6974),(10,18639),(11,12134),(13,26630),(16,22285),(17,14065),(18,24956),(19,14295),(21,9152),(24,24214),(27,6218),(29,8609),(31,18737),(35,21578),(36,29751),(37,6152),(38,21823),(39,15049),(40,5292),(41,17843),(42,24501),(44,13195),(45,21170),(46,5439),(49,7640),(50,8935),(52,8945),(56,7422),(57,18409),(58,5994),(62,9408),(65,22255),(66,26499),(67,31323),(70,30599),(72,26982),(74,26385),(75,14821),(77,2385),(79,16115),(80,20343),(82,29117),(83,25940),(84,4322),(86,22560),(89,31416),(90,23461)]	98.156068
391	[(4,14412),(5,15508),(6,5535),(8,17434),(12,31751),(16,18938),(17,17476),(19,26094),(20,30918),(21,6030),(22,2151),(26,5669),(29,5756),(30,31712),(32,4003),(33,6529),(34,9642),(35,13249),(36,9228),(37,24373),(38,3598),(43,25139),(45,7126),(47,14341),(48,8946),(49,5956),(52,3975),(54,5415),(57,31186),(58,4039),(63,10303),(64,17275),(65,10827),(66,11265),(69,19586),(71,7449),(74,3850),(76,6611),(77,7096),(78,32758),(80,4196),(82,11635),(84,18015),(86,3167),(87,18764),(90,25381),(92,18159)]	102.143544
392	[(0,21614),(1,28635),(5,27113),(6,5468),(8,26220),(10,15468),(11,14684),(12,14943),(16,29659),(17,11953),(18,32268),(21,12794),(24,30297),(25,30796),(27,26545),(29,18593),(30,1822),(31,7794),(32,20954),(33,31224),(37,26168),(38,11931),(39,20516),(40,24946),(42,12647),(44,15),(45,30338),(46,24581),(47,18835),(48,25212),(51,10671),(53,1584),(54,28928),(57,13740),(58,25069),(59,1044),(60,29927),(61,21812),(62,18220),(63,17389),(65,5403),(69,3556),(79,17148),(80,25731),(86,6915),(87,1104),(89,23422),(90,30648),(91,22779)]	98.975720
393	[(0,32942),(1,11590),(2,18473),(3,23257),(4,26368),(5,29857),(7,30548),(8,28846),(10,4796),(11,8973),(12,26459),(14,26727),(15,1995),(17,16139),(19,15011),(21,7463),(22,27155),(23,24181),(25,14015),(26,12057),(28,17549),(29,7562),(30,31798),(31,23723),(32,16272),(34,5744),(37,29576),(40,4146),(41,11855),(42,26785),(43,10487),(45,2240),(46,27002),(47,28765),(48,12323),(50,22133),(54,7649),(57,12105),(58,31529),(61,2069),(62,7123),(65,6615),(67,13184),(71,24424),(75,3146),(77,20395),(80,11685),(82,28647),(85,18830),(87,32416),(89,33422),(90,23917),(91,16593)]	99.989096
394	[(5,28414),(6,27225),(7,33864),(10,32139),(13,32212),(15,25418),(16,33801),(18,31599),(19,17562),(20,1063),(22,5182),(24,12556),(27,24427),(28,30323),(29,31753),(31,6214),(33,15110),(35,3580),(38,28063),(39,27360),(40,23048),(41,1607),(42,25196),(44,28452),(51,18124),(53,33334),(56,16432),(57,1897),(58,5774),(59,15699),(61,3449),(62,33731),(63,32264),(64,26683),(65,10481),(68,10645),(71,4718),(76,18421),(78,33554),(79,1734),(80,14721),(81,15906),(82,2181),(86,334),(87,27833),(89,19843),(91,28667),(92,18047)]	102.138043
395	[(2,10400),(3,23490),(4,20043),(6,33837),(7,12078),(8,27796),(9,17889),(10,11404),(12,16296),(14,24609),(16,11353),(17,20090),(18,32422),(21,30958),(22,15276),(23,134),(24,13368),(27,11856),(29,20294),(31,18470),(35,4004),(39,32568),(42,33482),(44,20777),(52,15040),(53,26469),(54,9424),(56,30537),(57,21003),(58,13827),(59,23464),(61,23985),(62,15399),(66,11842),(67,3684),(68,32886),(70,17191),(71,32254),(72,6441),(73,3046),(74,11589),(75,23488),(77,14054),(80,202),(81,29566),(82,14207),(85,1386),(86,778),(90,27222),(92,26535)]	112.085922
396	[(0,32532),(1,18313),(3,20144),(5,10406),(6,23920),(8,6618),(10,16309),(12,6877),(14,14868),(17,78),(19,7832),(22,15880),(23,3192),(24,28068),(25,32964),(27,4395),(28,5160),(30,25970),(36,3770),(39,12228),(42,20381),(43,22573),(46,28052),(49,15272),(50,5158),(51,27826),(53,29586),(55,25856),(56,21220),(57,905),(58,23498),(60,21658),(62,7717),(64,22281),(70,19258),(73,29505),(74,33242),(75,30332),(76,13647),(77,28416),(78,15215),(79,33496),(80,29078),(81,19356),(84,10898),(85,25185),(89,15295),(90,10915),(91,2698),(92,4367)]	104.195346
397	[(0,13805),(1,33953),(2,23665),(3,15087),(7,16880),(10,23052),(11,11715),(13,12062),(14,22389),(17,5356),(18,5970),(21,13373),(23,26023),(25,23685),(28,23151),(29,21028),(32,30192),(33,10095),(35,1913),(42,8124),(44,5844),(45,13840),(46,8166),(47,30412),(52,20407),(53,1128),(57,22671),(60,28917),(64,11949),(65,30156),(66,19189),(68,3195),(70,7554),(73,28772),(74,11797),(75,27060),(78,14157),(79,30523),(80,32280),(81,31823),(83,29922),(87,27142),(90,8528)]	122.887981
398	[(1,28575),(2,16854),(4,22157),(5,21381),(6,24910),(7,32215),(9,14781),(11,13327),(12,29054),(18,19247),(19,4169),(20,15053),(22,2214),(23,29690),(25,29792),(28,22797),(30,7757),(31,4294),(32,25780),(37,8181),(39,12496),(40,22802),(44,22362),(48,9922),(49,5273),(50,16639),(51,33732),(52,27011),(53,22090),(56,15913),(60,13783),(61,23684),(62,27243),(64,18305),(65,10650),(67,16671),(70,25525),(72,10085),(73,11494),(75,10106),(77,2948),(78,9981),(80,3666),(81,17603),(82,32869),(83,22135),(85,23242),(86,6459),(92,18964)]	110.239194
399	[(1,9151),(2,18405),(6,20393),(10,13769),(12,4449),(13,11169),(14,30824),(15,30360),(20,28963),(21,21168),(23,29024),(24,23203),(25,26888),(26,16307),(31,9363),(33,26574),(38,31529),(39,7128),(40,10745),(41,3646),(43,28495),(44,33654),(45,20236),(46,12833),(49,13222),(51,18568),(52,27191),(55,21161),(56,19179),(57,26047),(58,32233),(60,10184),(61,26465),(62,21535),(63,24400),(65,24012),(66,20489),(67,4678),(69,30302),(70,30409),(71,28623),(73,4199),(74,15097),(75,23926),(76,25329),(77,14538),(78,34021),(79,4979),(80,33370),(87,16870),(88,18238),(90,18874)]	103.505842
400	[(0,20119),(4,13373),(6,27334),(8,15460),(10,18806),(12,1490),(15,11258),(16,4608),(19,2842),(22,4875),(23,1046),(24,13347),(25,31163),(28,28759),(29,21592),(33,29816),(35,33741),(40,12898),(41,17234),(48,17143),(49,11213),(51,28984),(53,19036),(54,8259),(56,2965),(57,19630),(58,7267),(61,1075),(64,18099),(65,3299),(66,838),(67,8805),(69,9547),(70,11436),(72,1106),(75,10981),(76,29402),(79,12180),(80,777),(81,14484),(83,4532),(84,25206),(87,19263),(88,25167),(89,17174),(90,28199),(91,26124),(92,32350)]	101.825274
401	[(1,26089),(3,7920),(5,15714),(6,7755),(7,32396),(8,8573),(9,15570),(12,16352),(14,13958),(17,14411),(22,29308),(24,17655),(25,26325),(26,30238),(30,3989),(31,21508),(34,31160),(37,690),(42,750),(43,15525),(44,10728),(47,3073),(48,32226),(53,23388),(54,17264),(55,14244),(56,7371),(57,31290),(60,27429),(61,27050),(62,9417),(63,3162),(64,32443),(65,30523),(66,24649),(69,21864),(71,3340),(72,20668),(77,8664),(78,26081),(79,31314),(81,26458),(82,30386),(83,20615),(84,15745),(86,13715),(87,13932),(88,15834),(89,29276),(92,11504)]	104.531592
402	[(4,21728),(6,26120),(8,27318),(14,2702),(16,33648),(17,19717),(18,1729),(20,2260),(21,1115),(24,31461),(25,6238),(27,4651),(29,7682),(33,9594),(37,9911),(39,26691),(40,6804),(42,21718),(43,33304),(46,26960),(47,4472),(50,9818),(51,31386),(54,5403),(57,2809),(61,8525),(62,27330),(64,30175),(66,19147),(70,33419),(73,13147),(74,23956),(75,1167),(77,17768),(81,18298),(85,6298),(87,33462),(88,21438),(89,22917),(90,12266)]	131.505774
403	[(3,25994),(4,29969),(5,26890),(7,1420),(8,14356),(10,15472),(12,5029),(14,29638),(15,21655),(19,14193),(21,12362),(22,22168),(25,17578),(26,30696),(27,10004),(28,27918),(29,9058),(31,264),(38,24730),(39,17281),(40,21747),(44,19297),(48,26066),(49,2566),(51,30879),(52,1777),(56,2914),(58,8528),(59,19541),(60,359),(61,17097),(62,15830),(63,12507),(64,16487),(65,31244),(67,8726),(69,12718),(70,23138),(72,3312),(73,4756),(74,13527),(76,28184),(77,23515),(80,3711),(82,31084),(84,25006),(87,29906),(88,8210),(91,30468),(92,4910)]	114.575547
404	[(4,3764),(6,11694),(7,7966),(8,26396),(9,31219),(10,18682),(12,32188),(16,17606),(17,32239),(20,15995),(21,31850),(22,32326),(24,22328),(26,16729),(27,23944),(28,22574),(29,26066),(31,19442),(36,15040),(40,18182),(41,33714),(42,30641),(43,18790),(44,4769),(45,16361),(51,19764),(53,31359),(54,22413),(57,18771),(60,32299),(61,24518),(62,23018),(63,4801),(64,15065),(65,32964),(66,3999),(67,12392),(69,5351),(70,19098),(71,5979),(74,17547),(76,17268),(82,9787),(83,9113),(84,32823),(88,28186),(91,15466),(92,33109)]	110.800311
405	[(4,19048),(6,16936),(8,12927),(9,11924),(11,21926),(14,10663),(16,18840),(17,24362),(19,11403),(20,24533),(22,17336),(23,29768),(25,6450),(26,18075),(27,6944),(33,12265),(35,24664),(36,9471),(37,20427),(41,19646),(43,7977),(46,6401),(48,34016),(50,596),(51,13),(52,31636),(54,7739),(58,10966),(60,7696),(61,23383),(62,29489),(63,24248),(64,16854),(65,6937),(66,11947),(71,28177),(72,3460),(73,7801),(75,15443),(76,24520),(77,907),(79,9918),(81,18478),(83,7584),(84,21167),(89,26393),(92,21605)]	103.271576
406	[(0,5716),(1,20944),(5,24127),(6,16497),(7,13599),(8,32544),(9,12666),(10,2914),(12,23619),(19,22737),(20,25098),(22,670),(23,29992),(24,10747),(29,32212),(31,27470),(32,19488),(33,20653),(34,4439),(36,13349),(40,436),(42,14797),(43,9633),(45,3556),(46,18178),(47,3882),(48,33917),(53,28105),(56,20998),(57,22521),(58,25769),(60,27770),(61,14551),(62,3396),(63,21599),(67,28511),(68,5503),(70,17521),(72,13984),(75,14757),(80,16337),(84,23440),(86,20733),(91,33040)]	121.135031
407	[(0,29237),(1,8576),(2,17277),(4,2059),(6,22822),(8,40),(10,20335),(11,2331),(13,24975),(14,3490),(17,8734),(22,16043),(23,12696),(24,18884),(26,12600),(29,33614),(30,2798),(32,31370),(33,31174),(37,9632),(39,11733),(41,33086),(43,26884),(44,1917),(45,7230),(46,2918),(48,22691),(49,19960),(51,4081),(53,22769),(54,20084),(58,26791),(59,9717),(61,7503),(62,30096),(63,4722),(64,19601),(67,13849),(69,28805),(72,28328),(73,24566),(75,30329),(76,37),(77,32041),(78,20589),(80,12751),(81,4828),(82,11208),(83,32394),(84,827),(87,15852),(90,13112),(91,30079)]	110.831136
408	[(2,7254),(3,515),(4,20554),(6,18226),(8,1878),(9,508),(10,28081),(11,17258),(18,5032),(22,26540),(23,24540),(25,2920),(26,6456),(27,26364),(28,22957),(30,25539),(31,21577),(35,16257),(37,3345),(38,1365),(45,31835),(46,31723),(47,25735),(51,3662),(53,2895),(54,30594),(55,15534),(59,1689),(62,20542),(70,17341),(73,10521),(75,4337),(76,32061),(78,28365),(79,2203),(80,2297),(81,516),(82,680),(83,4818),(85,17203),(88,8927),(92,16686)]	104.632501
409	[(0,30197),(1,28789),(2,7565),(3,9916),(4,19052),(5,24715),(6,19471),(7,26486),(8,21758),(9,27743),(10,5262),(12,26199),(16,22214),(17,30146),(18,27074),(19,5741),(20,12259),(23,8948),(24,8423),(27,3361),(29,15635),(30,16879),(34,11322),(36,10669),(37,8630),(39,7812),(41,7503),(42,30096),(45,11120),(48,31596),(52,29940),(53,32667),(57,4633),(59,33844),(60,24978),(61,16911),(62,29636),(63,31269),(66,2193),(67,151),(69,4411),(70,25775),(71,33227),(73,2890),(76,2061),(77,23251),(78,26312),(79,21891),(80,5465),(81,13122),(82,24009),(86,28714),(88,16400),(91,4964)]	104.757329
410	[(1,9900),(3,5201),(7,11405),(9,7553),(10,18364),(13,1645),(15,6923),(17,31706),(18,20643),(19,13560),(21,28599),(22,20292),(23,4152),(24,5177),(25,10012),(26,17819),(28,11270),(30,33662),(32,17718),(35,1871),(36,3145),(38,583),(40,33292),(41,32643),(42,24293),(44,20669),(48,23768),(49,2261),(50,11603),(54,261),(57,2425),(62,19127),(63,18916),(64,25589),(66,22952),(67,30616),(68,23454),(69,7864),(70,19679),(71,9986),(72,1603),(73,1297),(74,24459),(78,20242),(79,8257),(80,26620),(83,13247),(84,13212),(85,4053),(86,7731),(88,29494),(90,536),(91,26610),(92,24502)]	99.651405
411	[(1,4610),(5,9694),(8,11612),(10,8103),(12,4298),(15,13133),(17,5696),(18,6135),(19,2840),(21,13646),(23,701),(24,3848),(25,7460),(27,13836),(29,2707),(30,30348),(31,8547),(32,23493),(33,20752),(35,28392),(38,29118),(41,9610),(42,25000),(43,29505),(45,29178),(53,17067),(55,30461),(56,33934),(57,14817),(60,19418),(61,23668),(64,33684),(66,31174),(70,15914),(75,15284),(76,2645),(77,12997),(78,26884),(79,23245),(82,5888),(83,15225),(84,20668),(86,29852),(89,7370),(91,14323),(92,30429)]	108.261908
412	[(0,9273),(2,25292),(7,15623),(8,15059),(10,20776),(11,17059),(12,15735),(13,17847),(15,30217),(17,21287),(18,9617),(19,4649),(21,22775),(22,18560),(24,2143),(27,30241),(29,12369),(32,19622),(33,31149),(34,16015),(36,4414),(37,11233),(38,22258),(39,4615),(40,24987),(41,24014),(42,5084),(45,1129),(46,11047),(47,10351),(48,17687),(52,19838),(54,17226),(56,2218),(57,31710),(60,30663),(61,1057),(63,33594),(66,2606),(68,9721),(69,23134),(79,12953),(81,3236),(83,328),(84,28367),(86,2121),(89,8294),(91,9081),(92,18856)]	107.069292
413	[(2,33242),(4,15070),(5,17809),(6,1219),(7,18709),(8,4456),(12,1745),(13,2475),(16,17759),(17,19779),(20,29570),(22,33816),(23,32574),(24,20738),(25,27041),(26,30614),(27,1720),(28,1549),(30,1552),(31,12707),(32,11359),(34,30434),(39,13474),(41,17462),(42,13838),(43,29955),(44,10505),(47,21887),(50,8083),(52,12349),(53,25019),(55,16230),(56,23905),(57,25335),(58,15879),(59,11190),(63,22866),(65,4310),(66,28453),(67,14988),(68,26656),(70,16085),(71,28202),(73,7376),(75,7760),(77,33934),(79,22254),(81,9675),(82,24783),(85,21320),(89,6523),(92,3789)]	108.939786
414	[(0,12063),(1,1005),(2,25935),(5,7526),(7,5428),(12,34065),(13,6817),(16,5714),(17,10183),(18,33573),(19,25984),(21,20282),(26,21479),(32,15221),(34,25064),(43,24514),(47,27435),(48,18628),(49,30119),(50,7045),(51,15654),(53,23911),(54,13675),(55,3900),(58,5431),(59,10899),(60,17956),(61,15122),(62,33156),(65,25425),(66,24935),(67,29783),(69,1783),(72,24572),(73,14156),(76,29526),(77,22537),(78,16931),(79,26069),(80,27946),(82,18343),(83,24021),(84,11473),(87,28140),(88,8414),(90,14534),(91,7749)]	103.380093
415	[(0,10177),(1,31490),(4,14875),(6,30318),(9,30882),(10,19756),(12,22799),(14,27223),(16,22940),(19,24773),(20,21451),(24,33848),(27,12992),(28,18114),(29,6117),(30,22738),(39,11965),(40,16624),(42,6025),(43,13639),(44,25613),(50,26320),(51,12874),(53,4374),(58,27180),(61,1790),(63,21398),(69,32442),(70,29830),(71,30202),(72,26230),(73,21450),(75,13038),(81,17522),(82,30828),(87,12946),(88,26701),(89,14808),(90,1963),(91,11242),(92,5271)]	98.003001
416	[(0,12455),(4,840),(7,9863),(12,16838),(16,25300),(17,29001),(19,11704),(20,19021),(23,6352),(24,28382),(28,4255),(29,14559),(31,7500),(32,2242),(33,10854),(34,22463),(36,20690),(37,22084),(39,14544),(40,32128),(43,31040),(44,23490),(45,20043),(48,2377),(53,5882),(54,26492),(55,5365),(60,11527),(61,17880),(62,17240),(63,26713),(64,3793),(66,20315),(67,11576),(70,23612),(74,14355),(75,9790),(76,7434),(77,13351),(79,11547),(80,18861),(81,7782),(87,9279),(90,15099)]	119.460291
417	[(1,32079),(3,29510),(5,23399),(8,29666),(9,4214),(11,30289),(13,18943),(14,33697),(15,29044),(16,22717),(17,9454),(18,2076),(20,636),(21,9916),(22,26998),(23,6346),(24,27553),(26,16824),(30,5272),(32,16953),(35,22583),(37,31532),(38,33476),(39,15297),(40,7692),(41,15591),(42,21058),(46,20530),(49,7106),(52,5132),(53,7),(56,3384),(59,9852),(61,19815),(65,18018),(66,2628),(67,5463),(68,9616),(69,18723),(70,14398),(72,8496),(73,3559),(77,12332),(78,20515),(80,26430),(81,5572),(82,2737),(83,6880),(85,33595),(88,23177),(89,9712),(90,2348),(92,1758)]	106.364687
418	[(1,32769),(3,18931),(5,3966),(6,2669),(7,8923),(13,2361),(15,4804),(16,25263),(19,30203),(21,23856),(22,1290),(27,8201),(30,17784),(31,19278),(32,10279),(33,13279),(36,8731),(37,27075),(38,20540),(44,442),(45,25214),(46,23878),(47,9149),(48,7346),(49,29884),(51,19889),(52,31925),(56,4417),(58,33368),(59,31185),(61,14200),(63,30836),(64,3094),(65,16789),(66,28782),(68,7023),(72,32711),(73,4474),(74,30864),(76,4745),(80,15344),(81,8862),(84,3251),(85,18722),(91,1472)]	99.567820
419	[(0,20854),(2,1709),(3,26558),(4,8825),(5,26950),(6,16824),(8,8747),(9,20648),(11,28195),(13,2856),(14,25452),(15,3982),(16,142),(17,31698),(19,16711),(20,6106),(23,29627),(25,27139),(26,20610),(28,28689),(29,14744),(30,3405),(31,32770),(32,20525),(35,25220),(36,29120),(37,18708),(38,11691),(41,30475),(42,20565),(43,12489),(44,7901),(47,32156),(48,29796),(50,33208),(51,23049),(52,14180),(54,29653),(56,6424),(58,29852),(59,30671),(60,23959),(61,31182),(62,2779),(63,33808),(64,23675),(67,10242),(68,27319),(69,17455),(70,1094),(75,3219),(78,27083),(79,16784),(81,15921),(85,25378),(86,31291),(89,32535),(90,15709),(91,8896)]	99.442836
420	[(1,21532),(2,26803),(4,5674),(5,15960),(6,19721),(8,33377),(10,30088),(11,13175),(12,23646),(13,21620),(14,22220),(16,1682),(18,682),(19,3417),(20,10948),(21,27312),(22,31170),(24,9754),(26,13452),(29,18201),(30,15093),(32,21142),(37,5131),(39,27667),(42,25378),(43,31291),(45,32000),(46,33414),(52,26889),(54,31045),(57,20734),(58,22815),(60,27769),(63,26229),(64,13775),(68,18090),(69,31768),(71,19318),(73,30440),(74,3142),(75,13924),(77,12335),(78,14037),(79,32318),(80,8626),(81,17),(83,3170),(85,19607),(86,14714),(92,29056)]	99.629054
421	[(0,10517),(1,2170),(3,57),(4,24250),(5,26222),(6,24403),(7,16655),(8,28524),(9,23509),(10,19917),(11,23314),(13,28296),(14,164),(15,24933),(16,2040),(17,32864),(18,6812),(19,25657),(20,10377),(21,22344),(25,1052),(26,20392),(28,10525),(30,18745),(38,3246),(40,4421),(46,13067),(48,3744),(49,27633),(50,26079),(51,8242),(53,4287),(54,15123),(55,18199),(57,11519),(59,466),(60,31590),(61,23983),(62,22865),(64,7124),(65,14402),(66,11009),(67,28227),(71,845),(73,33362),(75,27103),(76,5375),(77,30837),(79,29702),(83,27096),(86,16116),(92,7777)]	106.361583
422	[(0,17443),(1,23063),(2,28903),(3,15224),(5,29243),(6,10305),(8,11253),(9,16962),(10,3373),(12,22372),(16,17581),(18,14774),(19,21278),(20,3331),(21,23151),(22,10568),(23,30391),(26,24977),(28,18141),(29,20359),(33,27836),(35,31653),(37,19527),(40,33963),(45,23638),(52,15294),(53,15246),(54,10520),(55,16457),(58,5621),(59,18985),(60,2084),(61,6435),(62,17497),(64,23242),(65,25837),(67,6110),(68,26083),(71,17616),(72,16297),(75,14917),(76,26762),(77,31467),(78,27990),(80,13058),(81,24028),(83,3777),(84,24285),(85,14496),(86,20534),(88,5863),(92,33010)]	108.151035
423	[(0,21173),(1,15827),(2,8665),(3,13424),(4,5689),(8,15775),(10,33453),(11,10960),(13,20191),(15,32622),(18,21762),(20,16513),(21,15710),(25,19733),(27,8840),(30,22637),(33,32988),(34,26564),(40,15358),(41,26685),(48,2366),(49,27665),(52,3361),(54,22409),(58,16374),(59,25520),(60,20944),(63,1099),(65,17394),(66,31923),(67,21397),(68,3951),(70,23263),(72,19536),(74,6418),(76,15871),(80,27121),(82,19052),(84,28131),(85,13336),(86,12188),(91,25255),(92,6062)]	108.824414
424	[(0,15421),(4,26972),(7,29245),(10,5125),(11,19522),(12,31481),(13,30013),(14,17626),(15,18789),(17,10964),(19,33162),(20,21969),(23,23777),(25,18512),(27,32183),(29,27400),(30,5728),(35,12429),(36,33649),(37,20020),(39,5421),(42,7193),(44,24164),(45,29274),(47,18190),(49,22063),(50,14194),(51,13652),(52,9802),(55,25253),(58,31036),(59,31942),(65,19682),(66,5280),(67,21345),(68,6635),(70,5697),(71,9783),(72,25347),(75,27644),(77,27082),(78,28093),(79,12996),(83,25849),(85,33918),(86,19702),(87,25654)]	98.855246
425	[(0,28272),(1,31555),(2,29572),(3,26627),(4,16070),(5,33106),(6,30425),(8,11397),(9,10998),(10,8253),(11,22706),(13,6238),(14,29291),(15,4251),(16,25072),(18,30048),(19,4159),(20,30792),(23,17580),(24,10774),(27,14740),(28,2912),(29,1940),(31,20814),(34,12743),(37,33146),(38,11344),(39,8558),(40,14518),(44,19006),(46,19541),(47,2588),(51,30962),(52,7159),(56,13259),(59,13793),(61,3154),(62,28569),(63,8696),(64,16766),(65,17174),(68,23015),(70,28002),(71,21165),(72,12121),(76,23178),(78,6774),(80,24349),(81,18498),(83,918),(84,30210),(88,22732),(91,33178),(92,32218)]	96.019781
426	[(0,3463),(2,6739),(3,26584),(4,21295),(8,11615),(10,12668),(11,19083),(15,31517),(18,24874),(19,10411),(20,4526),(21,14611),(22,32561),(24,26367),(25,15038),(26,5664),(27,17727),(32,17939),(34,28905),(36,14894),(37,13064),(38,19609),(39,19923),(41,19320),(42,31190),(43,2548),(44,24904),(45,31000),(47,923),(55,4964),(59,23622),(61,16477),(62,21701),(63,29549),(65,19309),(72,28478),(73,23516),(75,32059),(76,6645),(80,15385),(82,11993),(83,10712),(85,19240),(86,6063),(87,20274),(88,12892),(90,14824),(91,21266)]	126.393386
427	[(1,32306),(3,5790),(4,6120),(5,30697),(13,16507),(15,22399),(16,29994),(17,14744),(19,14371),(23,5162),(24,16562),(25,6956),(26,31717),(27,12389),(30,4314),(31,1957),(33,4803),(34,20787),(35,18219),(36,21657),(37,26209),(38,33563),(39,30795),(40,21010),(46,20201),(47,30963),(48,30991),(49,24933),(52,5184),(53,22892),(54,15279),(55,16345),(56,23501),(57,13983),(60,13648),(62,16034),(64,17969),(65,5309),(66,19297),(68,1921),(69,25341),(72,10757),(74,14834),(75,14464),(77,12817),(78,29389),(79,30302),(80,210),(82,27984),(84,31168),(88,11771),(90,21174),(92,10345)]	96.645460
428	[(0,8430),(4,14042),(7,18370),(10,28534),(11,14236),(12,17558),(15,20395),(16,16340),(17,10644),(18,19440),(21,17890),(22,33287),(23,24405),(24,12657),(25,5570),(26,7632),(28,5305),(30,5882),(31,5553),(32,7234),(33,21095),(34,1291),(36,20378),(38,11839),(39,11290),(45,22610),(46,20732),(47,5589),(48,769),(50,26929),(51,32631),(52,13998),(53,33234),(55,29102),(56,31920),(57,27382),(58,27102),(60,21960),(67,2359),(69,7926),(72,29058),(73,2257),(74,6990),(76,24315),(77,34047),(78,2664),(79,30868),(80,11328),(82,9522),(83,7072),(86,20857),(87,31833),(91,423),(92,31325)]	98.697324
429	[(0,23019),(3,19750),(7,30590),(8,16564),(9,6842),(10,19086),(12,33476),(13,6885),(14,16181),(16,6152),(17,17304),(19,911),(21,8774),(22,25382),(28,14312),(30,32470),(31,3130),(37,23200),(38,21426),(39,13728),(40,22892),(42,32013),(44,11683),(45,17773),(47,30161),(50,14190),(51,22210),(52,22647),(55,33486),(57,3977),(58,24523),(63,15358),(65,25234),(66,18119),(67,19120),(68,13322),(71,5516),(73,2958),(79,5644),(80,20883),(83,27138),(86,24767),(88,14598),(89,7595),(90,4648)]	99.586010
430	[(3,32542),(6,31319),(7,26107),(9,9794),(10,923),(11,31780),(15,33552),(17,7588),(18,30994),(24,22433),(28,24240),(30,4633),(32,33844),(35,2106),(36,12929),(39,15939),(40,15040),(41,27478),(42,28957),(43,30125),(45,12212),(48,24170),(50,5544),(54,21908),(56,17336),(57,29768),(59,6450),(60,11534),(61,918),(62,30210),(63,27760),(66,4807),(67,11414),(68,16573),(70,14145),(71,2937),(72,31327),(74,19684),(77,33522),(78,10273),(81,29494),(84,20187),(86,31314),(89,26790)]	101.736734
431	[(0,21356),(2,3444),(4,17240),(6,14582),(12,3767),(13,20376),(16,31175),(18,32357),(19,22011),(20,29622),(22,33920),(23,17021),(26,11914),(27,21338),(28,13765),(31,22326),(33,8770),(34,9402),(37,1317),(40,17138),(41,27578),(42,29508),(43,12049),(44,4491),(47,32547),(48,1250),(51,5195),(53,7416),(55,29581),(56,16806),(57,33771),(60,18512),(62,8833),(63,19063),(64,23504),(66,16040),(68,13885),(71,4937),(73,4353),(74,6318),(75,1192),(76,16861),(79,12539),(80,7989),(82,26708),(84,19875),(86,3698),(89,21038)]	104.869519
432	[(1,684),(3,14642),(4,9440),(7,31934),(8,688),(12,24168),(13,25851),(16,13742),(20,23606),(21,17954),(24,6977),(31,27970),(33,28114),(34,26454),(37,30137),(38,33760),(39,18231),(40,6147),(42,34016),(43,32192),(45,16308),(46,29238),(47,1666),(48,4834),(49,11811),(50,5885),(54,3010),(58,4173),(60,11655),(62,15627),(64,12716),(65,5818),(67,25765),(68,25041),(69,8470),(71,24246),(73,29542),(82,1574),(83,27097),(84,24964),(85,19716),(86,1031),(87,20960),(88,3208),(89,12949),(90,9494),(92,4656)]	104.742741
433	[(0,2954),(1,9992),(2,3911),(3,15559),(4,6552),(5,9805),(6,11805),(9,19586),(11,27429),(12,17189),(13,6267),(15,4414),(17,31604),(20,11513),(23,31130),(24,23140),(25,27395),(26,26645),(27,9616),(28,29679),(30,28336),(31,4677),(34,33320),(36,27937),(37,33207),(38,22846),(39,27587),(40,23776),(41,18474),(44,7396),(45,26725),(46,23210),(47,22496),(48,1654),(49,14600),(50,7532),(51,6252),(53,378),(54,15983),(55,24416),(56,32283),(59,6504),(61,29911),(62,21585),(73,29645),(76,14717),(77,16649),(81,32921),(84,21636),(85,8125),(86,31350),(91,24051),(92,22317)]	143.837010
434	[(0,23028),(1,30236),(3,10176),(4,31931),(5,12561),(8,5713),(11,29120),(12,33234),(14,11651),(15,28191),(16,25896),(17,13211),(19,4245),(21,19743),(25,18774),(26,22839),(27,14185),(28,12719),(29,9014),(30,16341),(31,24336),(32,4285),(33,30382),(35,20114),(36,8284),(37,13768),(39,21988),(40,496),(41,23996),(42,7953),(44,21136),(49,26058),(50,9046),(52,2792),(57,8249),(58,2435),(59,33581),(63,27569),(64,2729),(66,14977),(67,1580),(68,4160),(69,14183),(70,20962),(71,25723),(72,3089),(75,9091),(79,11405),(81,26876),(82,20583),(84,27311),(85,20894),(90,1169),(91,6389)]	211.250082
435	[(0,25302),(1,1961),(3,25242),(6,9490),(9,14569),(12,9523),(13,30673),(16,5082),(19,25125),(23,8137),(26,29191),(27,8526),(28,9624),(31,26591),(33,22684),(35,23882),(36,3332),(40,7653),(41,21868),(43,27184),(49,8895),(51,29415),(52,16898),(53,26642),(55,11780),(56,22478),(57,31954),(60,16986),(62,16794),(68,18082),(70,24656),(71,9456),(73,30295),(78,28231),(80,13494),(84,9129),(86,27554),(87,26885),(88,4894),(89,14558),(91,10540),(92,25859)]	239.019080
436	[(2,11276),(3,29676),(4,27127),(8,27951),(9,6821),(10,25192),(11,24984),(12,28230),(13,3813),(14,10934),(16,33311),(17,262),(18,16011),(23,1243),(24,15015),(31,8586),(32,26487),(37,10083),(38,26839),(41,20599),(43,1582),(45,4975),(49,13944),(51,9325),(55,5845),(56,31414),(57,6026),(58,29800),(59,23134),(66,25414),(71,6940),(72,32910),(74,5432),(75,27224),(76,21671),(78,8442),(82,25421),(83,17860),(85,13874),(86,31941),(87,3134),(88,19930),(89,20843),(90,4041)]	215.722303
437	[(0,27886),(4,11432),(8,22948),(9,16435),(10,33837),(15,29551),(16,18223),(19,19341),(20,19103),(21,22716),(22,29182),(24,33333),(28,22730),(29,2936),(30,33224),(32,28583),(34,12766),(36,31529),(39,2069),(40,3689),(42,24638),(43,9019),(47,1228),(55,28428),(56,24896),(57,26453),(59,29111),(60,8089),(65,4851),(66,16492),(68,4107),(69,10524),(71,14600),(72,25596),(73,13746),(74,23453),(76,30928),(77,26544),(80,1530),(83,6264),(85,15580),(87,14594),(88,12399),(91,10296)]	225.169107
438	[(0,9151),(1,25777),(2,15758),(3,33715),(6,30088),(7,26348),(10,7416),(12,12135),(13,15862),(14,584),(15,9251),(18,7186),(19,9232),(22,30799),(25,32088),(26,21368),(29,25269),(30,781),(32,19326),(33,24376),(35,28579),(37,2720),(41,10234),(48,11001),(57,30394),(58,24448),(59,26735),(62,23380),(63,6031),(68,19843),(70,25694),(71,19061),(72,12989),(74,23109),(76,32757),(77,26621),(78,31939),(82,5610),(83,16657),(84,6026),(85,16982),(86,1870),(88,3514),(89,2856),(90,17898),(92,9091)]	213.167057
439	[(1,32056),(2,18188),(4,26946),(6,27604),(8,2615),(9,19523),(10,18301),(14,24445),(15,2153),(17,17307),(18,8478),(26,10937),(28,16800),(29,16436),(32,8151),(33,14847),(34,5381),(38,4243),(40,23024),(42,17808),(44,8998),(45,16456),(46,11724),(51,30350),(54,4905),(55,19342),(58,18457),(59,21091),(60,24035),(62,5200),(63,27100),(67,17784),(68,2703),(70,3062),(72,22988),(75,892),(78,23427),(79,4892),(80,11885),(82,28293),(85,23888),(86,27011),(87,24567),(88,4443),(89,26684),(90,30813)]	238.092501
440	[(0,9721),(2,32925),(3,31152),(6,32970),(8,13359),(11,7140),(14,3836),(15,12901),(16,19186),(17,23658),(19,17248),(20,8672),(25,20173),(26,19974),(27,14251),(29,14817),(30,27810),(31,7327),(34,24349),(36,5517),(37,3722),(38,10906),(42,5325),(45,3669),(46,6457),(47,9133),(49,22548),(50,22126),(52,21987),(53,28293),(54,12150),(56,29200),(57,18085),(58,9849),(59,10419),(65,19045),(66,19620),(69,4800),(72,24909),(73,7551),(74,20456),(75,24407),(78,6342),(80,24485),(83,438),(84,1110),(85,13274),(88,4568),(89,16833),(90,15242),(91,5186),(92,23621)]	223.445484
441	[(2,31266),(3,5912),(10,26853),(14,23486),(15,18101),(16,24272),(18,15112),(19,1572),(21,13435),(22,15691),(24,14430),(25,31579),(26,6519),(31,25669),(34,13479),(35,19472),(38,247),(39,2961),(40,4345),(41,33872),(43,6349),(44,33074),(46,7496),(47,11253),(48,16997),(49,33410),(51,21011),(52,29769),(53,2488),(54,21945),(55,22251),(58,5750),(59,1916),(60,10018),(63,17609),(65,3923),(66,33649),(67,20020),(68,1247),(70,28253),(72,621),(75,21595),(76,17672),(78,5760),(79,32354),(82,19269),(83,14892),(85,33558),(87,6788),(90,24263),(91,26815),(92,8438)]	222.034488
442	[(0,17535),(2,32057),(4,24625),(7,10126),(9,13641),(11,31522),(15,21398),(17,18708),(19,30523),(23,6889),(24,26669),(25,26145),(28,9111),(29,21268),(32,8607),(34,19905),(36,14876),(38,30228),(39,11474),(40,11875),(43,20518),(44,12452),(45,12346),(46,5211),(47,21460),(50,31774),(53,7464),(57,1693),(59,25094),(60,8072),(61,28957),(63,4843),(64,32094),(66,5243),(67,29740),(68,26736),(69,13650),(70,27676),(71,15463),(72,806),(73,19894),(74,10867),(75,31129),(76,20157),(79,12881),(80,6688),(81,16442),(83,23611),(84,8153),(86,25287),(87,31805),(88,8963),(89,4906),(91,13098)]	222.285168
443	[(2,27992),(3,20985),(4,1527),(5,20031),(7,18977),(8,27266),(10,5283),(11,17753),(12,16958),(14,17498),(18,214),(20,32577),(21,12226),(22,11296),(23,23470),(25,5714),(26,14222),(27,3919),(28,23487),(29,10230),(30,16667),(31,5940),(33,21328),(35,33280),(36,3635),(37,18210),(38,27100),(39,951),(42,19557),(43,9190),(48,31056),(49,28180),(50,15705),(51,21864),(52,11330),(53,26049),(54,10264),(57,3414),(60,5425),(62,28000),(63,8897),(65,20226),(66,26165),(67,33623),(68,579),(69,12664),(73,30716),(74,27631),(75,8194),(77,10664),(78,19025),(81,10601),(83,13334),(87,9400),(88,18242),(89,2526),(90,32926)]	212.380733
444	[(6,20898),(7,9960),(9,11206),(10,33650),(11,31526),(13,22145),(16,10557),(18,2076),(19,26950),(20,16824),(22,16485),(23,7860),(25,13321),(32,15571),(34,14212),(35,13108),(36,27892),(37,25215),(40,2531),(41,12467),(44,27119),(45,7957),(53,13829),(54,15955),(57,6220),(59,18365),(62,2259),(63,10390),(65,23582),(66,20830),(67,15330),(68,14814),(73,12503),(76,13888),(78,32320),(81,4159),(82,21549),(83,27359),(86,19934),(87,31464),(88,25166),(90,3797)]	230.688242
445	[(3,18153),(4,16508),(7,2882),(10,19657),(12,27542),(14,14467),(17,21040),(18,24971),(20,15329),(21,14966),(23,23488),(25,10686),(26,6760),(28,10687),(29,2027),(30,16307),(37,29136),(38,65),(40,21732),(42,12904),(45,4419),(46,23664),(50,33948),(51,4582),(52,12627),(53,1179),(55,16810),(56,2372),(62,27315),(64,15379),(65,29477),(67,27357),(68,552),(69,8463),(70,25409),(71,31982),(72,2730),(74,30908),(76,7131),(79,25099),(83,12414),(86,7266),(87,24126),(88,7229),(89,14834)]	216.683553
446	[(2,22124),(5,14266),(6,21568),(7,18026),(9,33793),(10,22934),(11,6359),(14,24406),(16,29452),(19,27637),(20,27593),(22,26753),(23,25815),(24,8990),(28,17915),(29,19602),(30,31261),(31,14223),(32,14180),(36,6899),(37,24379),(38,686),(43,3),(45,19937),(46,4536),(47,3957),(48,10232),(50,435),(52,17162),(54,426),(55,8597),(59,29073),(61,11010),(63,28509),(66,31148),(68,21370),(69,12889),(70,18869),(71,19083),(74,12257),(80,33848),(82,30547),(83,31775),(85,32045),(86,16853),(87,30757),(88,24993),(89,26501)]	232.300422
447	[(0,6636),(2,11415),(3,13507),(5,16175),(11,17624),(12,7308),(13,31942),(14,1907),(15,18831),(16,8275),(17,24496),(19,33042),(20,17675),(21,8354),(23,29781),(24,28010),(27,26895),(28,14495),(30,12477),(31,3216),(33,20221),(34,7588),(35,9094),(38,17178),(40,33292),(41,29588),(42,4810),(43,5279),(44,3566),(46,34019),(47,33680),(49,3383),(50,5629),(51,1084),(52,5401),(55,28314),(56,26382),(59,20594),(61,6337),(63,26470),(64,28918),(65,27580),(67,27131),(70,11355),(71,22375),(73,11144),(75,16232),(76,25159),(79,1148),(80,17186),(81,13055),(83,16078),(84,10098),(86,3268),(88,12162),(89,18133),(90,12806),(91,29468)]	228.681569
448	[(0,7240),(2,16478),(3,342),(6,1025),(8,12490),(9,10120),(10,4790),(11,1778),(13,23836),(16,31323),(17,5866),(21,10027),(23,1415),(26,30698),(27,31456),(29,32868),(32,24699),(33,15876),(37,33422),(38,8554),(39,16751),(40,26445),(41,12853),(42,6701),(43,28403),(45,20773),(47,32946),(51,26496),(52,4974),(56,26928),(57,21035),(58,12327),(59,1688),(62,20436),(63,29820),(64,5608),(66,20411),(67,29658),(69,4894),(70,18937),(72,1268),(73,15199),(78,19006),(82,5327),(83,29488),(84,15048),(85,30051),(86,6027),(87,5917),(91,22557),(92,17439)]	219.204711
449	[(1,32491),(4,31461),(5,21659),(10,18990),(12,4884),(14,30426),(15,30333),(16,23491),(17,23342),(18,17474),(19,29830),(20,24079),(23,7938),(25,16335),(28,5024),(30,16681),(32,11604),(33,330),(38,1964),(39,27530),(40,9001),(41,17618),(42,9237),(43,2488),(44,14408),(45,3596),(48,20712),(56,19051),(58,7830),(65,2227),(67,25200),(68,12612),(71,20054),(73,4893),(79,13449),(81,13529),(82,726),(83,22387),(84,10631),(87,17488),(91,28829)]	182.764692
450	[(2,5142),(3,28030),(4,27172),(5,2834),(6,9663),(7,11260),(8,29003),(9,10173),(12,7558),(13,16404),(14,27845),(15,6802),(17,18419),(20,33859),(22,20634),(26,6948),(27,29516),(34,4882),(39,32192),(40,23932),(41,18153),(42,16508),(45,12730),(46,20649),(49,9881),(52,15639),(53,7131),(54,10457),(56,1843),(58,25707),(59,25997),(61,25734),(65,21320),(66,25931),(67,12902),(69,3402),(70,13122),(71,18996),(72,2589),(73,31013),(74,3025),(75,23525),(76,4604),(77,29495),(79,25872),(80,23419),(82,18304),(84,26758),(88,9801),(89,18127),(90,8308)]	110.286376
451	[(1,23812),(2,19055),(3,22532),(5,20006),(7,23179),(9,7154),(10,629),(12,8383),(13,17896),(14,33826),(18,18574),(20,7181),(22,32584),(24,13574),(26,12854),(27,24947),(29,7071),(30,19974),(31,14251),(33,11224),(34,20127),(37,28029),(39,7063),(41,11527),(42,17880),(43,26367),(44,9920),(47,29300),(48,12934),(49,9837),(51,32812),(53,9344),(54,13669),(55,16588),(56,13881),(57,20093),(58,24072),(61,19802),(63,32086),(64,15549),(67,5872),(69,9206),(72,29989),(73,2746),(74,2267),(76,23009),(77,14353),(78,18018),(79,2628),(80,5463),(81,8181),(85,7779),(91,24887)]	116.639118
452	[(0,17421),(1,14356),(5,27962),(6,4232),(8,3803),(9,29916),(13,4099),(14,15750),(16,26589),(19,8772),(22,13674),(23,22912),(25,27846),(27,200),(29,16037),(30,15664),(36,28085),(37,11889),(39,11547),(40,18861),(42,18641),(46,15621),(47,1839),(53,31334),(54,23449),(55,7529),(56,27494),(57,12428),(61,695),(63,13210),(64,5938),(65,6458),(67,32178),(68,15438),(69,23419),(70,26057),(71,22891),(72,24495),(73,1457),(74,12658),(75,8367),(78,3648),(79,11087),(80,19217),(82,11542),(84,19800),(86,16589),(87,3905),(88,31076),(89,15195),(90,13871),(91,506),(92,21161)]	114.118931
453	[(1,17965),(2,6994),(4,19482),(5,30523),(6,6833),(9,19051),(11,10442),(12,31177),(13,19847),(16,17661),(18,14067),(19,24240),(24,30131),(26,26621),(27,31939),(34,22041),(39,11581),(40,2257),(41,6990),(45,29808),(46,20532),(49,16863),(50,22431),(52,2920),(53,6456),(54,26364),(57,33572),(61,14499),(67,9355),(68,8224),(69,20493),(70,12684),(72,18198),(74,16342),(75,25480),(76,15917),(77,26795),(78,3891),(79,18934),(80,17054),(87,3554),(88,2931),(89,126),(91,30114),(92,13257)]	105.365375
454	[(0,16800),(1,16436),(5,19021),(9,27813),(12,23740),(15,14575),(17,12364),(19,26830),(20,20633),(21,4023),(22,13112),(23,30079),(25,16618),(28,15631),(33,21381),(34,8292),(35,17322),(37,20035),(40,26969),(42,23418),(46,29016),(49,12916),(57,27478),(61,9353),(63,28811),(65,23800),(70,28339),(71,4888),(73,10852),(74,5507),(77,2867),(80,26310),(81,1405),(82,16509),(84,14922),(85,7080),(89,22610),(90,18664),(92,23536)]	101.494453
455	[(4,30243),(5,29143),(8,12885),(9,27008),(10,9822),(11,23791),(14,9450),(15,23353),(16,1040),(17,18792),(18,11290),(20,827),(22,16224),(23,4624),(25,11373),(27,28777),(29,31442),(30,28969),(32,14326),(33,14168),(34,31965),(35,8973),(36,26459),(37,12601),(38,12772),(42,24485),(45,32915),(48,7464),(50,6391),(52,18529),(54,29005),(57,29027),(60,21322),(62,16399),(65,20113),(66,28725),(67,13753),(68,7830),(72,33658),(77,18903),(79,11795),(81,32148),(83,32662),(86,29633),(89,31976),(90,20229),(91,18217)]	103.172298
456	[(6,15169),(8,21672),(10,20881),(11,15111),(12,7570),(14,8028),(18,30488),(20,21624),(23,22213),(24,18648),(26,5968),(27,3155),(28,31725),(31,10760),(33,20522),(35,15484),(41,2040),(43,12102),(44,17982),(45,28522),(52,29399),(53,23381),(54,22926),(55,18738),(56,5717),(57,23421),(58,348),(61,20441),(62,28035),(64,11478),(66,32050),(67,29763),(68,11910),(69,11900),(70,33111),(72,6498),(73,24904),(74,31000),(76,19075),(77,33512),(78,31164),(80,24787),(83,2403),(86,26331),(89,11571),(90,23272)]	108.396605
457	[(4,11651),(5,729),(7,31291),(8,22180),(13,23033),(14,2535),(21,16431),(22,29280),(23,29112),(24,22323),(25,21514),(26,32366),(27,9906),(29,27653),(30,11632),(31,23117),(32,73),(33,8151),(35,689),(36,14839),(37,582),(38,15308),(39,3425),(40,28643),(41,16965),(42,21826),(43,27553),(44,14972),(45,34042),(51,32562),(52,13606),(55,30982),(59,5621),(60,18985),(61,2084),(62,6435),(63,17497),(65,23242),(66,5960),(67,25211),(68,12082),(70,26038),(71,22456),(72,30494),(73,26503),(75,21793),(76,14324),(78,17172),(81,25677),(82,27632),(85,16876),(87,16452),(88,28235),(90,27339),(91,11868)]	100.324183
458	[(0,3842),(1,18936),(2,16526),(5,7208),(6,10237),(9,33688),(10,30189),(11,5718),(12,1864),(16,25911),(17,5828),(18,32777),(24,14733),(26,26646),(27,24732),(29,25210),(30,15287),(31,8984),(32,9432),(33,13580),(36,25583),(37,26161),(38,33561),(39,26152),(42,4511),(43,7792),(44,8417),(49,27648),(50,23318),(51,15710),(52,24959),(57,1362),(58,2662),(59,32216),(62,6429),(66,9686),(67,8414),(70,8112),(71,29626),(72,20208),(73,14418),(75,2566),(76,2083),(77,26706),(80,26730),(81,14067),(83,25267),(85,33048),(86,10506),(88,17703),(89,16085),(90,13786),(92,17395)]	97.807501
459	[(0,9728),(1,25454),(4,12355),(6,31207),(7,30022),(8,29325),(9,16168),(11,3077),(12,13745),(14,15177),(16,15183),(17,30022),(18,29325),(19,16168),(21,13588),(22,5124),(23,4812),(25,14102),(26,23210),(27,26609),(28,6973),(29,19259),(30,13852),(31,19101),(33,12552),(35,27241),(38,30053),(41,292),(42,14123),(43,28935),(45,14881),(46,29307),(47,63),(48,15619),(49,24087),(50,275),(57,22097),(58,16727),(62,19511),(63,14262),(64,12988),(67,16147),(70,4262),(71,2347),(72,8992),(73,25939),(77,16909),(78,29449),(79,8688),(83,15152),(86,10426),(88,621),(89,7495),(90,29072),(91,18366),(92,8835)]	124.463876
460	[(0,3006),(3,13205),(4,10686),(6,13113),(7,29712),(9,23884),(10,1638),(11,10380),(14,10707),(16,19626),(19,30401),(22,25327),(23,10460),(26,33261),(27,20678),(29,3685),(31,23879),(37,29326),(38,14708),(41,26956),(44,15873),(45,5249),(46,2100),(48,79),(51,2573),(52,18079),(56,30929),(57,29362),(58,1106),(59,31439),(60,3128),(62,11149),(67,7156),(69,24013),(70,5619),(72,31168),(77,31446),(80,27957),(82,25230),(84,11671),(89,28394),(90,13093),(92,25446)]	102.771249
461	[(0,19473),(2,28688),(8,33288),(9,9561),(10,11078),(13,5183),(18,19622),(20,21590),(22,8057),(23,3833),(24,2768),(30,9054),(37,6376),(38,18849),(42,22460),(44,12150),(46,19681),(49,19150),(50,75),(51,15180),(52,6241),(55,29148),(58,1841),(59,33952),(62,9002),(63,32905),(66,1316),(67,14216),(68,1567),(74,17360),(81,1425),(82,5352),(84,11291),(85,4015),(87,79),(88,19911),(89,4861),(90,32591),(91,11622)]	106.154060
462	[(1,3214),(6,19277),(11,12127),(14,26395),(16,13717),(17,20276),(18,12703),(20,19202),(24,32185),(26,3881),(28,8128),(29,29626),(30,29091),(31,9113),(32,32823),(35,3374),(47,12855),(48,7129),(49,30658),(50,7290),(51,13330),(52,28660),(53,26907),(55,24601),(56,12477),(58,18880),(59,19908),(60,19044),(61,20011),(62,18763),(63,2123),(66,12173),(68,516),(69,10305),(72,21986),(74,25962),(82,26166),(85,2025),(87,17060),(88,19713),(89,3819),(90,16194)]	104.422444
463	[(0,14460),(1,19708),(2,12051),(5,13363),(7,29168),(9,13614),(10,6543),(11,8906),(12,899),(15,20671),(16,30986),(17,1665),(21,23266),(23,31845),(24,4370),(26,12925),(28,6154),(30,16484),(31,25051),(38,18484),(39,15184),(40,30261),(43,32082),(46,4075),(47,818),(48,22949),(50,33384),(51,23240),(53,2771),(54,27028),(55,6455),(56,16913),(58,27762),(62,29118),(64,6687),(65,29956),(66,3862),(67,11817),(70,7789),(72,29201),(79,4519),(80,4179),(86,11343),(88,21062),(89,25160),(91,2508),(92,8776)]	103.434541
464	[(2,17254),(3,7356),(8,1948),(9,12836),(14,25359),(15,25855),(17,29380),(18,17039),(19,25453),(20,1099),(24,2832),(26,23814),(29,18827),(30,29481),(32,9268),(34,33023),(36,32255),(37,10852),(38,14709),(39,5688),(45,21234),(49,9013),(52,4173),(54,11085),(55,31430),(57,28273),(62,29573),(63,9031),(67,23907),(69,13666),(72,21801),(74,1846),(76,4750),(80,12639),(81,8883),(85,17200),(88,2776),(90,4688),(91,15325),(92,23661)]	96.127162
465	[(0,22685),(1,2738),(2,9285),(3,22616),(4,21748),(10,19921),(12,7298),(16,31967),(19,11925),(21,7218),(22,10977),(23,33240),(27,4501),(28,32614),(29,14949),(30,8404),(33,33796),(36,6043),(39,8876),(40,18553),(41,8187),(42,31675),(44,33094),(46,31755),(47,17170),(50,31319),(53,14111),(56,28807),(59,24959),(62,18076),(63,10252),(68,13885),(70,14040),(72,18038),(74,21256),(77,16667),(78,27464),(81,17677),(82,27703),(83,19286),(84,31020),(85,2477),(87,30530),(90,21576),(92,5006)]	105.099221
466	[(0,1957),(1,1992),(2,17294),(4,31671),(5,418),(7,17279),(8,27688),(10,14012),(11,23043),(13,28318),(15,8281),(16,2821),(17,22051),(20,4829),(21,14416),(22,31465),(23,4982),(25,1092),(26,7501),(28,11911),(30,9818),(32,5428),(33,24869),(36,5818),(39,11291),(40,8511),(41,2365),(44,164),(45,24933),(48,5374),(49,9002),(51,29695),(53,29007),(57,8747),(60,7224),(63,25554),(66,753),(68,9397),(72,11464),(73,18272),(74,15322),(75,30545),(77,28103),(78,24259),(82,1115),(83,33517),(84,14761),(86,26955),(87,29609),(89,19504)]	99.237325
467	[(4,15352),(6,10339),(7,24218),(14,27568),(15,13045),(16,23466),(17,32791),(18,14365),(19,15436),(20,3574),(25,20447),(26,4757),(28,27170),(30,21399),(31,7586),(34,8874),(35,2312),(37,8433),(38,11218),(39,6155),(43,5296),(44,28862),(45,2969),(50,20959),(53,12206),(54,18544),(55,28794),(56,11869),(61,20890),(63,4778),(64,21099),(65,19525),(69,17624),(70,7308),(71,15494),(73,16502),(76,32526),(77,13856),(81,31411),(82,6830),(83,17643),(84,31),(88,8157),(89,256),(91,26566),(92,22788)]	102.627931
468	[(1,32845),(5,29656),(6,11381),(11,29953),(12,33173),(14,1849),(15,987),(16,23576),(20,32382),(23,29483),(24,633),(25,12249),(29,27170),(34,26361),(35,17863),(36,31659),(39,16654),(42,26080),(44,15150),(45,11761),(47,16787),(48,11324),(49,22),(50,23651),(51,1832),(53,34016),(57,18185),(60,19689),(61,11941),(67,28316),(69,7237),(72,28526),(73,33729),(75,12000),(76,5382),(78,12566),(80,8138),(81,26515),(83,27193),(85,6679),(87,22262),(88,8400),(90,14746),(91,5360)]	110.408574
469	[(2,33111),(3,24888),(4,26358),(5,26231),(6,14165),(7,3356),(13,30188),(15,11535),(16,20982),(19,25516),(20,23111),(21,4322),(22,4196),(25,17155),(30,24286),(33,2669),(34,8923),(35,19708),(36,12051),(39,21497),(40,4926),(41,7613),(44,11981),(46,12109),(48,5451),(51,4671),(55,27947),(57,4512),(59,20713),(60,12474),(61,21931),(63,5365),(65,15381),(66,332),(67,5023),(70,3281),(71,10909),(72,5171),(73,33896),(74,28254),(76,22807),(78,2779),(80,29369),(81,31322),(84,21344),(87,29679),(88,10132),(89,1814),(90,2038),(92,29121)]	111.764315
470	[(1,17661),(3,19738),(4,16602),(6,10937),(9,32292),(15,23237),(16,20511),(18,478),(22,29130),(23,21702),(30,3083),(31,1707),(35,22993),(38,15712),(40,16507),(41,19123),(42,22656),(44,32754),(48,32954),(49,27105),(54,26363),(57,32111),(58,32900),(59,30935),(61,29772),(62,15470),(63,27087),(64,22263),(65,11151),(66,5187),(67,22844),(68,87),(69,33297),(70,33585),(71,4886),(73,11343),(74,1366),(75,28114),(76,31755),(77,31605),(80,11734),(81,7598),(84,24844),(85,23461),(87,4804),(89,27410)]	102.274148
471	[(1,8796),(3,12027),(5,30253),(7,31367),(9,24404),(12,13458),(16,2101),(19,13083),(20,30223),(21,32315),(23,2687),(24,31167),(25,20824),(26,7477),(27,22339),(30,4926),(31,7613),(33,17558),(34,10715),(40,18201),(42,25569),(44,17824),(47,19376),(50,17834),(51,5129),(52,16716),(53,8136),(58,33240),(59,19336),(61,20935),(62,6243),(66,6595),(67,9664),(71,18447),(74,32197),(76,23164),(79,16854),(81,5386),(82,26506),(83,23891),(85,31597),(87,33214),(89,8579)]	106.168092
472	[(2,20568),(8,15230),(9,15312),(10,10575),(12,24195),(13,13107),(14,26319),(15,10208),(16,10367),(20,20765),(21,6902),(23,19009),(24,13708),(26,2752),(27,14659),(29,12752),(31,23240),(38,9676),(41,8772),(42,33541),(43,29557),(44,32809),(45,19485),(46,21098),(48,33179),(52,7548),(56,24334),(58,12198),(59,24497),(60,26051),(61,24506),(62,27927),(64,4742),(67,12065),(68,21719),(70,23650),(72,2190),(73,17697),(74,228),(75,25361),(76,14974),(78,4542),(89,30981),(90,6297),(92,33739)]	102.915282
473	[(0,17856),(1,21484),(4,9909),(5,10742),(7,13992),(10,7999),(12,26022),(13,18925),(14,32350),(15,6365),(16,2139),(17,14762),(18,28625),(21,9632),(25,22976),(27,8615),(28,13774),(29,26598),(30,11786),(33,6065),(35,31327),(37,22435),(38,30207),(40,14788),(44,24762),(46,2414),(47,21746),(51,29897),(53,30511),(54,1570),(56,14851),(57,13323),(58,1413),(60,10569),(61,11550),(64,23853),(74,11244),(75,19519),(77,29507),(81,28036),(82,6236),(83,29123),(85,29564),(86,21531),(87,32627),(92,1384)]	102.499156
474	[(0,18491),(3,28677),(5,8313),(6,16101),(7,31851),(8,24758),(11,9425),(12,22726),(15,29240),(17,12297),(21,4440),(23,30072),(26,3824),(27,4579),(28,15998),(29,2893),(32,24907),(33,4016),(35,33097),(37,22747),(39,22111),(40,33390),(42,20829),(44,13596),(45,19879),(46,9186),(48,13389),(51,10836),(52,13065),(54,26788),(55,24749),(56,21743),(57,937),(58,18768),(59,10565),(60,20362),(63,11612),(65,20122),(66,11013),(71,27669),(74,15825),(78,25088),(79,30522),(82,13891),(86,32467),(89,28255),(90,11257),(91,7360)]	102.769494
475	[(0,32925),(1,30649),(2,9442),(3,4119),(4,13080),(6,22424),(7,13088),(11,11508),(15,22731),(16,27534),(19,31912),(20,33806),(21,13020),(22,25163),(23,28486),(25,16282),(32,19270),(33,18118),(34,7387),(36,2652),(37,31662),(39,16700),(40,8930),(43,9291),(44,33721),(45,16801),(48,6779),(51,21903),(54,23042),(55,28917),(57,28540),(65,5920),(66,19630),(67,8956),(68,16472),(69,11450),(70,22789),(71,28955),(72,10154),(73,22329),(75,12148),(76,29862),(77,5946),(79,14732),(83,17836),(84,7670),(85,14097),(87,13164),(88,30576),(90,30078),(91,21565),(92,2286)]	113.699871
476	[(5,14171),(8,3463),(10,6339),(11,2713),(15,3863),(17,23287),(18,11198),(22,13898),(24,18529),(27,32218),(29,25007),(31,26194),(32,7966),(33,26396),(34,4912),(36,32422),(39,8740),(40,22134),(44,10053),(49,20358),(53,28468),(54,6007),(57,30853),(60,12846),(61,14350),(66,33195),(67,7803),(70,14357),(71,32817),(72,17670),(73,4813),(74,32558),(80,2392),(81,7106),(85,21147),(86,19119),(87,19802),(89,6471),(91,5413)]	106.595493
477	[(0,3683),(2,11782),(9,2686),(14,17057),(17,20712),(18,28468),(20,24286),(23,23619),(24,12086),(30,11783),(32,28434),(34,10782),(36,34013),(39,22701),(45,31463),(47,27610),(48,17300),(49,9586),(50,17760),(51,5254),(52,27952),(55,4592),(56,29921),(57,2390),(58,11575),(61,3247),(62,19978),(64,6962),(65,28493),(67,13083),(69,29906),(72,20928),(73,20737),(74,2505),(75,7535),(78,30828),(81,18140),(82,18554),(83,22835),(84,30903),(85,13656),(86,15669),(87,16367),(88,15074),(89,19513),(92,31259)]	100.164071
478	[(0,18182),(4,4990),(9,8513),(12,18582),(13,27825),(14,19419),(15,28970),(16,27518),(17,22724),(21,27772),(22,28519),(23,29487),(24,14279),(25,2792),(27,18908),(29,4359),(31,21985),(32,7703),(33,20452),(35,13082),(37,1550),(39,18449),(43,5340),(44,6468),(47,6188),(48,3798),(49,30695),(52,6293),(54,33389),(55,23446),(60,21778),(62,15293),(64,18314),(65,22127),(69,20774),(70,26766),(71,17276),(72,17818),(74,2716),(77,28225),(78,16467),(79,9018),(81,26380),(82,29873),(83,7954),(84,25455),(85,7139),(86,25394),(89,10757),(92,1041)]	127.618588
479	[(0,12225),(2,21883),(3,18501),(5,3278),(7,9867),(8,10347),(9,15685),(11,29356),(13,22213),(15,16711),(16,6106),(17,906),(18,28557),(19,15006),(23,18850),(26,4598),(27,4356),(28,7619),(29,33516),(34,28167),(35,19029),(36,6275),(39,27605),(40,10653),(41,14963),(42,24501),(50,31904),(55,796),(56,14215),(57,9937),(59,29647),(61,1026),(62,22785),(63,27291),(65,33188),(67,9889),(68,13082),(69,19810),(70,15200),(72,5117),(76,12817),(78,14647),(79,34045),(80,31993),(82,6433),(84,8813),(88,12863),(89,5912)]	102.271679
480	[(0,7142),(2,2658),(3,28179),(4,29188),(7,3255),(8,1619),(11,9012),(14,22437),(18,22882),(19,30821),(23,17788),(24,614),(25,16042),(26,23491),(27,23342),(28,17474),(29,26092),(31,32356),(35,6493),(36,1779),(37,28768),(43,4941),(44,23894),(45,22139),(46,16785),(50,30122),(51,19079),(54,2801),(55,7616),(56,5850),(57,29455),(58,29497),(61,8681),(63,33052),(66,27796),(67,17889),(68,10961),(69,5355),(73,20684),(77,7272),(78,34022),(79,21824),(80,12778),(81,23478),(82,12398),(84,22566),(87,9641),(88,6431)]	99.950909
481	[(0,7886),(2,7245),(3,8307),(5,15000),(10,32206),(12,29036),(13,30169),(15,25284),(18,4329),(20,12992),(21,18114),(22,18362),(24,9443),(26,5315),(30,18629),(35,15590),(38,17483),(39,27086),(40,23986),(41,10159),(43,24371),(44,29444),(45,19976),(51,16332),(54,2557),(55,33224),(57,29500),(59,22551),(62,19800),(63,8996),(66,30617),(68,725),(69,22999),(70,30985),(73,17946),(74,15624),(75,30507),(76,14337),(77,11676),(80,2881),(84,1380),(85,15799),(86,23953),(87,22170),(88,16127),(89,27836),(90,28720),(91,18785),(92,26845)]	104.668999
482	[(1,1234),(2,32067),(3,20364),(4,12813),(5,24121),(6,31382),(7,32353),(10,10183),(11,11062),(12,4886),(13,1054),(14,27251),(17,22655),(19,13012),(20,21228),(22,17859),(27,20852),(28,24882),(29,9600),(31,26813),(32,20842),(33,15133),(38,24949),(40,21204),(41,9848),(44,24333),(45,5867),(47,18391),(48,16763),(50,17265),(52,4256),(54,12390),(55,10366),(56,12661),(57,31855),(59,2794),(63,9547),(64,11436),(65,20879),(66,9626),(67,28260),(71,18636),(73,29429),(74,32594),(75,32458),(76,4253),(78,27772),(79,28519),(81,2667),(83,32406),(84,14470),(85,15762),(87,3413),(88,1611),(89,33078),(91,13144)]	103.750380
483	[(2,30058),(3,31597),(6,30942),(9,20568),(12,12098),(13,24637),(15,21935),(16,28494),(18,30649),(20,20067),(21,7168),(22,28710),(24,8828),(26,6141),(27,18811),(31,8918),(33,32858),(34,18706),(35,26138),(39,26685),(42,14274),(44,26373),(45,31805),(46,3316),(48,25919),(50,31281),(51,8199),(54,1251),(55,3552),(56,29098),(59,2193),(60,4432),(62,28565),(64,31399),(66,17486),(67,16303),(68,23467),(74,27893),(75,23032),(76,19445),(77,29765),(78,28175),(79,12524),(81,7895),(82,13278),(84,25255),(85,6062),(88,14513),(89,20988),(90,33161),(91,14772),(92,12701)]	112.379059
484	[(2,32953),(3,16184),(4,2536),(5,22901),(7,27871),(11,6372),(12,28299),(15,6111),(16,25072),(18,22056),(19,4922),(20,32473),(27,13508),(28,6941),(33,9760),(34,1723),(35,12567),(36,7591),(37,31285),(42,3272),(44,389),(46,7549),(53,26757),(54,4109),(57,14922),(58,17725),(59,2318),(60,12287),(61,16649),(68,25300),(69,25567),(70,25563),(73,28291),(74,13808),(77,28762),(81,2530),(84,18779),(86,15117),(89,15765),(91,3930)]	110.089301
485	[(1,11803),(3,20154),(4,15583),(5,21971),(7,2693),(10,16357),(11,22969),(13,7557),(16,2747),(19,29255),(21,24172),(25,23663),(27,23057),(30,5683),(32,25240),(36,6895),(39,10020),(40,3858),(41,20028),(45,11528),(48,22153),(49,23676),(50,4573),(51,7087),(53,23450),(54,22350),(55,16445),(58,34032),(60,8721),(61,10371),(62,4748),(66,746),(67,954),(71,5833),(74,18117),(77,6579),(78,33369),(79,22048),(80,32768),(81,23535),(82,28618),(84,17919),(86,14871),(87,22279),(89,8672),(90,30329),(91,37)]	102.406757
486	[(3,19796),(5,12864),(7,28025),(9,9459),(11,26237),(15,25679),(16,19469),(18,24071),(19,17618),(23,32548),(25,9836),(27,34043),(29,4408),(31,17303),(32,23279),(34,25197),(35,32549),(36,5393),(39,7197),(41,6718),(42,12471),(43,17710),(44,24746),(45,4528),(47,234),(53,25162),(54,30504),(56,6690),(57,12312),(58,11875),(60,15260),(61,15989),(62,3890),(63,18121),(64,30960),(68,18614),(69,28039),(71,20135),(73,7870),(74,766),(75,5794),(77,22224),(82,31018),(85,10596),(86,2800),(88,5574),(90,21898),(91,4453)]	104.979974
487	[(2,6425),(5,8791),(8,15539),(9,18204),(11,32073),(12,12566),(13,26123),(16,30330),(18,3033),(20,7819),(21,12948),(22,17649),(23,1367),(27,12237),(28,8342),(29,26304),(30,26465),(33,18144),(34,16720),(35,26423),(37,27626),(38,1761),(39,16980),(43,10086),(44,31223),(45,20736),(49,7939),(51,31159),(52,26418),(57,20304),(59,10368),(63,27949),(66,6462),(67,2291),(68,30585),(70,25651),(71,30805),(73,31827),(74,33519),(75,8673),(76,32210),(77,27051),(82,16565),(84,12069),(85,14611),(86,32561),(88,9725),(89,17447),(90,8855),(91,17267),(92,13181)]	112.077923
488	[(0,23884),(1,1638),(2,10380),(5,15244),(6,32442),(7,6106),(8,906),(11,32466),(17,8523),(18,12247),(19,18295),(20,18331),(22,9926),(25,18358),(26,24049),(28,5683),(30,13774),(31,4746),(32,1143),(34,5592),(35,1513),(39,12602),(40,755),(44,10981),(46,10765),(47,31858),(49,21640),(50,10016),(51,24867),(54,1819),(55,18893),(59,988),(61,13079),(62,26164),(63,5911),(65,27268),(68,19402),(69,8383),(70,25539),(71,29910),(72,9266),(73,11184),(75,1467),(78,21503),(79,30282),(81,5158),(82,27826),(83,31068),(84,29840),(85,16921),(86,13761),(90,20243),(91,13752)]	131.813096
489	[(3,12057),(6,23385),(7,7639),(8,20375),(9,18685),(10,33348),(11,27278),(13,19894),(14,10867),(17,11793),(18,28038),(20,32688),(22,8697),(24,11983),(26,31765),(27,25085),(30,27240),(31,20050),(34,9397),(36,25207),(37,21676),(40,11858),(42,25697),(45,17610),(47,16893),(48,14166),(49,7720),(50,27267),(51,18678),(53,32184),(54,41),(56,33797),(58,23781),(59,27577),(60,5163),(61,21598),(66,12161),(67,32030),(68,25513),(69,25189),(70,12940),(71,27320),(72,26262),(75,12298),(76,4640),(77,31366),(78,16750),(79,18181),(80,12872),(82,23546),(83,5219),(84,18101),(85,24272),(87,15314),(89,18447),(90,17825)]	105.766809
490	[(0,26172),(1,14469),(3,15025),(4,4756),(5,10824),(6,30957),(11,24738),(13,17212),(15,24030),(16,30066),(17,9029),(20,15794),(22,7070),(24,14940),(28,9252),(30,22991),(33,20369),(34,7253),(35,10842),(37,28446),(38,29499),(39,26418),(40,9497),(41,11086),(44,8465),(45,23549),(47,12170),(51,21086),(55,762),(56,18729),(58,23367),(59,2002),(60,28869),(62,21347),(63,10923),(64,18181),(65,7377),(66,25583),(67,26161),(71,4387),(72,7104),(73,17882),(74,34042),(75,31169),(78,492),(81,20748),(82,32773),(84,17173),(89,8797),(91,12002)]	105.415054
491	[(0,9010),(2,22975),(4,8633),(9,10625),(10,33184),(11,2144),(14,32597),(20,7306),(21,20522),(23,11086),(24,15645),(25,14611),(27,6344),(28,29304),(30,31667),(31,22023),(34,6078),(35,20263),(36,13381),(39,21395),(40,10032),(42,17373),(43,8521),(49,28421),(52,24725),(53,29435),(55,20308),(56,11781),(57,18319),(58,9294),(60,23845),(61,9724),(62,11680),(63,20158),(69,20148),(70,29322),(71,24569),(73,1253),(74,10495),(75,5764),(77,14675),(78,16428),(80,22807),(82,30519),(83,21478),(85,20706),(86,24465),(87,28317),(88,26287),(89,21779),(91,15103)]	116.209822
492	[(0,14299),(1,1167),(3,3785),(4,29728),(5,27416),(9,22217),(10,28841),(11,8127),(13,32464),(15,5464),(16,7766),(20,1134),(21,135),(23,32284),(24,18141),(26,1182),(27,14388),(28,3472),(30,13792),(32,4992),(34,19099),(35,10404),(37,6818),(43,27595),(45,13595),(46,19556),(47,9169),(48,28199),(51,15221),(53,9571),(60,13449),(61,18075),(63,11650),(72,3634),(74,33779),(76,21491),(79,8561),(82,14294),(86,29465),(87,30217),(91,23767),(92,20497)]	99.008574
493	[(0,4435),(1,12697),(3,19782),(4,12587),(5,11953),(6,21959),(7,32162),(10,31614),(11,7503),(13,26222),(14,19),(15,33704),(17,6864),(18,30659),(20,24140),(22,24528),(24,14646),(25,9867),(27,9847),(28,28299),(29,32588),(33,33306),(36,19952),(37,1827),(38,3191),(39,4416),(41,7125),(43,25178),(45,8161),(46,5225),(47,12633),(48,8874),(49,28796),(50,23147),(51,9965),(53,31276),(54,27601),(58,25309),(60,29207),(62,7122),(63,21384),(65,29799),(66,11794),(67,31441),(69,6261),(71,27635),(72,27206),(73,33778),(75,22321),(76,26375),(79,13346),(80,21553),(81,1560),(83,32129),(84,15079),(85,7780),(87,3586),(89,24352)]	110.736638
494	[(0,27308),(2,2952),(4,6965),(7,31845),(9,8410),(15,8063),(19,17059),(21,30044),(22,15),(23,17402),(24,315),(25,30287),(30,18170),(31,29675),(32,15313),(34,30686),(38,30047),(39,10463),(40,29019),(42,3413),(43,3181),(44,13948),(45,8020),(46,11895),(50,29015),(51,32894),(52,7762),(54,5631),(55,27764),(57,32157),(59,29170),(60,14956),(61,16266),(63,28223),(65,18545),(66,14184),(68,14949),(70,26717),(71,24852),(73,6198),(74,14359),(78,12121),(79,12235),(82,27084),(83,7193),(85,9111),(86,16363),(87,4907),(89,9500),(91,16479),(92,12484)]	105.826098
495	[(0,1247),(5,29752),(6,2094),(8,33685),(9,21339),(10,21229),(11,19105),(14,9252),(16,22991),(19,8321),(22,19345),(23,19271),(24,23152),(25,3924),(27,18123),(28,22854),(29,17170),(31,25124),(32,14809),(35,18502),(36,4825),(38,33033),(39,20224),(42,23811),(46,32814),(47,2050),(53,8063),(55,17351),(56,7866),(57,4428),(61,21782),(62,7764),(63,6313),(67,4050),(69,21875),(70,24218),(72,22001),(74,15891),(75,8414),(77,14534),(82,15781),(86,33369),(87,22048),(88,25695),(90,4289),(91,16859),(92,24486)]	101.609313
496	[(2,6730),(3,28948),(7,24819),(9,34052),(11,6904),(13,13874),(14,31941),(15,3134),(16,298),(21,14366),(22,30987),(26,344),(28,7710),(29,32981),(30,28961),(32,21466),(33,616),(37,1768),(38,16362),(40,31292),(46,17981),(49,19352),(50,29275),(51,25717),(53,2255),(54,4156),(57,2473),(60,30240),(62,6227),(64,18115),(65,5088),(66,2372),(67,23505),(70,33119),(71,2001),(72,12651),(73,20194),(75,4399),(76,13184),(78,30891),(79,9575),(80,17196),(82,10185),(83,7315),(86,11320),(87,10124),(88,23868),(89,29665),(91,23905)]	102.735917
497	[(0,6905),(1,17454),(2,20201),(3,12035),(4,25005),(5,32412),(7,27147),(10,11758),(11,25415),(14,7941),(16,8599),(17,24097),(18,17229),(20,22457),(21,30640),(23,18691),(24,15957),(26,8914),(29,17104),(30,25759),(31,30773),(32,9104),(39,26911),(40,24973),(43,18988),(44,32603),(46,17927),(47,29672),(49,23557),(50,15615),(53,492),(54,27858),(57,13081),(59,30386),(60,1691),(61,26856),(62,13627),(64,9992),(65,24409),(67,30870),(68,30849),(69,32117),(70,9275),(72,22296),(73,9233),(74,6370),(79,1511),(80,14177),(81,29568),(84,6455),(85,17517),(90,29802),(91,13509)]	127.287948
498	[(0,14483),(1,18955),(2,23158),(3,16811),(6,11971),(7,17990),(16,15539),(17,18204),(18,24934),(20,14156),(23,2026),(25,25049),(27,29047),(33,8063),(37,20551),(38,23180),(40,11662),(41,16043),(42,31546),(46,2855),(49,20390),(52,32887),(55,10940),(56,29824),(59,4241),(61,7884),(64,31365),(65,15995),(66,1417),(68,7898),(71,5819),(72,4031),(73,33749),(76,27852),(78,23695),(82,1746),(83,24145),(85,15895),(87,22386),(88,29388),(89,18255),(90,7886)]	109.624565
499	[(2,10138),(3,28406),(5,14425),(6,13599),(10,24281),(14,21367),(15,13142),(16,14767),(17,20957),(19,21973),(20,27762),(25,3260),(26,18630),(27,33591),(29,14956),(30,16266),(31,11732),(33,10611),(34,26946),(35,6283),(36,12163),(37,22151),(40,21759),(41,13471),(42,704),(44,22453),(47,22998),(48,31986),(51,708),(52,9709),(53,7099),(56,1150),(57,4886),(59,19076),(60,28910),(61,13122),(62,24009),(63,13707),(64,27419),(66,22009),(67,12174),(69,13273),(70,21544),(72,31518),(73,29178),(74,773),(76,20939),(78,18456),(80,16398),(84,33284),(86,4369),(87,7465),(88,25389),(89,6153),(90,21439),(91,17714),(92,27081)]	119.355560
500	[(0,25140),(1,23932),(2,18153),(3,3226),(4,14510),(5,27365),(6,2065),(8,8839),(10,17885),(11,21467),(12,16896),(13,13783),(15,32126),(18,880),(21,14054),(23,21629),(24,8664),(25,33685),(26,26177),(27,21359),(28,15603),(29,31825),(30,30427),(32,19731),(34,14812),(35,16678),(36,14952),(43,15958),(44,33930),(46,21357),(47,9078),(48,8970),(53,875),(55,10497),(56,9377),(57,8531),(58,27260),(59,29788),(61,29279),(62,31436),(63,8265),(64,23381),(65,22926),(66,16292),(69,12771),(70,7120),(71,19117),(72,23472),(73,23524),(75,17887),(77,21639),(78,9264),(79,229),(80,3230),(82,28302),(83,27481),(84,19464),(89,3570),(92,31719)]	115.931051
501	[(1,15640),(3,15392),(4,12059),(7,4117),(8,5265),(10,29998),(12,26237),(15,18131),(17,11594),(18,21202),(19,31917),(20,31260),(22,16148),(23,33144),(24,1351),(25,27574),(27,30343),(28,29019),(30,11251),(32,12360),(36,32711),(37,4474),(38,24480),(39,11566),(40,2258),(41,11030),(42,180),(45,27188),(46,22669),(47,19947),(48,9885),(49,20207),(50,16456),(52,12866),(53,5724),(55,177),(56,20728),(58,10515),(62,14537),(63,1684),(67,10320),(70,12254),(72,6479),(73,31240),(74,11965),(75,20342),(79,2978),(80,24583),(81,11084),(82,17156),(83,24917),(84,21362),(87,8104),(88,5040),(89,20052),(90,4523),(92,21989)]	113.145760
502	[(0,9636),(1,10319),(2,28562),(4,31480),(9,808),(11,14333),(12,4581),(14,27685),(15,11179),(17,33273),(18,5198),(20,29917),(21,13540),(22,11046),(23,24029),(24,6486),(26,1680),(27,1532),(28,19577),(32,3312),(33,11521),(34,28034),(35,4181),(36,17385),(37,4650),(38,5587),(39,30180),(40,27461),(41,16228),(42,9568),(43,10319),(44,31065),(46,27678),(48,3814),(49,12299),(53,14770),(57,34066),(58,4913),(61,5458),(63,7368),(64,16152),(65,33496),(66,8741),(67,261),(68,888),(72,26209),(73,33563),(76,4666),(78,21763),(79,30266),(80,25343),(81,15973),(85,24556),(86,22607),(87,22698),(90,4288)]	126.599534
503	[(2,1593),(3,12044),(6,27256),(8,31076),(9,15195),(10,13871),(11,506),(12,21161),(14,7945),(15,22943),(16,16876),(18,19746),(21,8367),(22,22344),(26,5275),(29,25514),(30,14739),(31,9074),(32,4022),(34,33125),(36,12655),(37,15998),(38,2893),(41,18965),(44,22152),(45,8326),(46,9046),(48,30988),(49,31831),(53,20159),(55,14404),(57,25370),(58,12436),(59,9872),(61,32738),(62,3951),(65,3620),(66,15601),(69,18877),(71,4164),(72,13276),(73,8516),(74,16488),(78,33718),(79,32448),(82,20827),(84,14813),(85,14555),(86,12423),(88,4196),(90,28852),(91,13207)]	108.136337
504	[(2,3285),(3,12164),(5,7395),(7,21025),(11,5389),(12,21982),(15,9051),(16,6664),(21,12745),(22,7961),(24,3978),(27,13020),(29,30389),(30,31433),(34,4894),(39,22262),(40,2099),(41,6118),(42,28123),(43,5974),(44,8912),(47,2556),(49,8606),(51,5392),(57,7169),(59,2956),(60,3975),(62,29285),(64,31823),(66,22414),(67,4609),(68,32943),(71,33111),(73,19838),(75,1465),(77,5690),(78,28800),(79,29234),(80,7940),(81,29510),(84,9944),(86,5271),(87,21404),(88,22167),(90,13054),(91,10823)]	103.294078
505	[(0,10922),(2,29989),(7,29756),(8,33163),(9,5208),(11,8727),(12,5282),(14,25826),(15,1132),(17,18368),(18,12731),(20,15714),(21,113),(24,1896),(26,4218),(27,15107),(28,26514),(29,20734),(30,2848),(33,21783),(34,12441),(37,13142),(39,24408),(40,17629),(42,2414),(44,31907),(48,7325),(49,29176),(51,18139),(52,33113),(53,26854),(54,30348),(55,2003),(56,20264),(59,7733),(60,27301),(62,16784),(63,32123),(65,25645),(66,24500),(68,30393),(70,30244),(71,26958),(73,8646),(75,17492),(76,2850),(78,19772),(80,10125),(84,10157),(85,23279),(87,23888),(88,27011),(89,24567)]	102.357902
506	[(0,22824),(7,5165),(8,28238),(10,29796),(12,24887),(16,29116),(18,19399),(19,26081),(22,13155),(24,31504),(27,22085),(28,33896),(30,7863),(31,13594),(32,15088),(33,1345),(34,8797),(35,26228),(39,21221),(40,22534),(45,4145),(46,16128),(47,3772),(49,32859),(50,11877),(52,22421),(53,23366),(54,25397),(55,4762),(58,18727),(59,28909),(61,12442),(62,15503),(63,20447),(64,5034),(67,4552),(69,30548),(70,28846),(74,947),(80,11607),(81,33940),(83,33361),(84,14127),(88,7778),(89,27055),(90,7286),(91,20870),(92,14020)]	129.189759
507	[(0,25189),(1,18925),(4,8498),(5,11795),(6,28896),(7,21334),(9,10300),(10,17959),(13,25728),(15,15018),(16,19190),(17,5716),(21,26442),(24,25927),(27,12749),(30,5699),(31,30269),(32,15866),(34,27396),(40,21758),(43,27744),(45,31),(48,7336),(49,26495),(54,27891),(55,32636),(57,18600),(58,28577),(59,15044),(63,18638),(64,18946),(65,32106),(66,2770),(67,5815),(68,14093),(69,12616),(71,3057),(73,29498),(74,17400),(75,30115),(77,32476),(78,15895),(81,27687),(84,19861),(86,23873),(88,32817),(89,17670),(90,18490),(92,33978)]	110.350968
508	[(1,21629),(2,19852),(7,11465),(9,25569),(15,7401),(17,21955),(18,30819),(19,24710),(22,16926),(24,23941),(25,5628),(26,11285),(28,24025),(30,12915),(31,28152),(32,15415),(35,7656),(36,19430),(37,4652),(42,2398),(45,17854),(47,639),(50,18230),(53,22934),(57,10292),(59,33101),(61,27873),(62,17412),(64,11140),(66,25629),(68,16061),(69,11890),(71,31429),(75,118),(78,8779),(79,23517),(80,12559),(81,18670),(84,1743),(85,10560),(87,26417),(89,19965),(91,32171)]	102.915383
509	[(1,26844),(2,9991),(7,26210),(8,14731),(10,9183),(11,2144),(13,4502),(15,9557),(16,13326),(17,11760),(18,12641),(19,18033),(20,19026),(21,4262),(22,16327),(23,7773),(24,14595),(28,18188),(35,7230),(36,25808),(37,8417),(38,26480),(41,10913),(42,21730),(44,5445),(46,31198),(47,12402),(49,7179),(50,12315),(51,31380),(52,6476),(54,27326),(56,21651),(61,13990),(64,3563),(67,26986),(68,22830),(72,17130),(75,16838),(76,15203),(78,20382),(80,12275),(81,13370),(84,10033),(86,31692),(87,842),(88,7805),(91,27216)]	108.867525
510	[(0,26977),(2,13689),(4,6100),(9,13322),(10,24138),(12,4090),(13,25256),(15,24389),(18,15399),(19,23059),(21,14672),(25,14690),(26,12971),(28,23921),(31,12305),(32,23205),(37,29065),(38,1201),(39,11667),(42,28998),(44,25728),(49,7526),(52,20152),(54,11521),(55,28034),(56,18346),(58,31229),(59,33899),(66,23478),(67,21639),(68,13697),(69,20720),(70,23883),(72,13332),(73,4279),(74,20202),(75,28386),(77,25049),(80,16022),(81,15249),(84,1155),(87,945),(88,3875),(89,22164)]	99.996699
511	[(0,83),(3,25784),(4,27340),(5,26671),(6,33112),(7,5226),(8,14195),(9,12724),(11,27151),(12,21929),(13,6934),(14,22961),(17,28855),(18,15902),(21,8006),(24,16733),(25,19680),(28,29149),(29,15546),(30,580),(32,2702),(34,24634),(35,5700),(36,27958),(37,7154),(38,15490),(40,1679),(41,26251),(46,12378),(47,16193),(48,20468),(54,1600),(55,3412),(57,2460),(58,32396),(59,8573),(61,5319),(62,24464),(64,24661),(66,18017),(67,32079),(69,8918),(71,32858),(73,3892),(74,19862),(77,29087),(80,18758),(81,20979),(82,5007),(84,8280),(86,157),(87,34068),(89,12205),(91,9230)]	113.205274
512	[(1,28264),(4,17358),(5,15685),(9,18497),(10,11030),(14,28487),(15,11251),(16,955),(18,846),(22,18912),(24,16511),(28,18253),(29,24114),(32,32711),(34,25159),(35,21392),(36,30332),(38,17322),(40,13285),(41,8201),(42,19380),(44,5306),(45,33739),(46,21722),(47,24339),(49,13659),(59,13581),(61,17557),(65,11864),(68,3274),(69,24800),(73,29674),(74,8824),(75,8762),(76,24749),(78,31602),(80,10912),(86,19823),(87,2223),(90,10166)]	106.197655
513	[(0,16215),(1,10878),(2,9328),(3,21849),(5,28917),(9,2464),(12,33934),(14,1219),(21,23540),(27,22977),(28,31309),(30,6339),(31,2713),(34,19839),(38,32906),(39,33532),(40,16514),(41,2799),(43,5222),(45,16388),(47,6047),(48,14914),(49,5859),(50,28028),(51,24736),(53,7313),(57,12431),(58,15131),(60,13896),(61,16656),(63,16698),(64,4568),(65,212),(66,9799),(67,3442),(68,20151),(69,22213),(70,17369),(71,12593),(72,8647),(76,31257),(77,11859),(80,4975),(81,22243),(83,15191),(86,16376),(89,8944),(90,33921),(91,30983),(92,19919)]	103.149434
514	[(2,28317),(3,17845),(4,30670),(5,19098),(6,5979),(7,30069),(8,2226),(9,24061),(12,21869),(15,5826),(16,5639),(18,29275),(20,26186),(23,14161),(28,23023),(32,25908),(34,5396),(35,677),(36,707),(38,5198),(40,5564),(43,12988),(44,8828),(46,32097),(47,24063),(48,4689),(50,1401),(51,24057),(53,25074),(56,20841),(58,30168),(59,22006),(62,9083),(66,31834),(67,15438),(69,9107),(72,28785),(73,11569),(75,191),(76,28079),(77,19669),(79,4873),(81,26588),(84,29872),(85,2943),(86,21661),(87,11764),(89,3912),(90,16808),(92,14117)]	100.489167
515	[(0,28729),(2,281),(5,5355),(13,20576),(15,27402),(16,20299),(17,15232),(19,29336),(20,24268),(23,25274),(27,15337),(28,30765),(30,6606),(32,17068),(34,22715),(35,26056),(36,28735),(38,3784),(39,2953),(47,3772),(48,10242),(50,32291),(51,32931),(60,6611),(61,7096),(62,12783),(64,20984),(65,23265),(67,11437),(71,2897),(72,12991),(73,3224),(74,21983),(78,30389),(79,27347),(80,15355),(81,26316),(85,23905),(87,8424),(88,28378),(89,19998),(91,9676)]	103.819441
516	[(0,27778),(1,26101),(2,22527),(3,18939),(4,11173),(6,7407),(7,12322),(8,6175),(12,18149),(14,17150),(15,12083),(17,33764),(18,13929),(19,25889),(25,15966),(26,11456),(27,10729),(28,25236),(31,13991),(32,14078),(34,30758),(36,14928),(38,18627),(40,4259),(41,895),(42,3422),(44,7686),(45,2505),(46,3043),(48,1038),(50,31791),(52,14013),(54,33671),(58,10739),(60,7866),(62,32099),(63,494),(64,1305),(69,23643),(70,24407),(71,23773),(80,31017),(83,28598),(85,18667),(87,17577),(90,14941),(91,28921),(92,8645)]	120.171574
517	[(0,32939),(3,13583),(4,19357),(6,5989),(7,327),(8,34048),(9,34018),(12,31547),(13,15150),(14,26171),(17,10683),(18,5113),(20,18671),(21,9755),(23,10683),(24,5113),(25,24862),(28,16631),(30,8178),(33,24538),(34,13413),(35,16566),(36,14887),(38,2840),(39,22896),(40,14413),(41,4505),(42,3051),(43,23006),(44,22107),(45,23655),(47,10530),(48,2236),(51,19175),(52,33830),(57,1243),(61,4183),(62,11354),(67,18149),(69,17150),(70,8715),(72,23359),(74,26247),(78,27428),(79,32936),(80,4622),(82,14807),(85,10232),(87,32613),(88,12557),(90,20723),(91,13925)]	106.243238
518	[(0,8436),(2,33605),(3,7904),(4,25217),(6,21259),(9,13091),(10,11376),(11,18619),(12,10785),(13,18746),(17,16302),(18,28719),(20,10074),(21,24716),(23,33196),(26,30778),(27,8583),(29,25184),(32,6964),(35,8258),(38,1011),(40,10148),(45,30617),(46,19123),(47,22656),(48,11357),(51,25230),(54,32310),(55,4239),(56,18788),(57,18257),(58,29605),(59,27232),(64,17009),(65,28224),(67,11904),(70,26236),(71,27820),(73,833),(76,21574),(78,5495),(80,1711),(81,18481),(83,32455),(85,1368),(86,14705),(90,6199),(91,14686),(92,33558)]	102.595239
519	[(0,33372),(6,19915),(8,17937),(12,31654),(14,20372),(20,21720),(21,17041),(22,15116),(23,5506),(25,458),(26,29116),(28,12810),(30,16707),(32,25366),(35,22514),(39,27035),(40,15942),(44,21842),(46,27353),(51,31060),(52,6384),(53,33236),(54,31451),(56,19172),(58,16594),(59,12444),(61,26668),(64,22612),(66,24149),(68,8002),(69,21236),(71,1054),(72,27251),(73,16867),(75,21241),(76,18836),(77,22528),(79,664),(80,427),(82,31771),(83,30574),(85,13831),(86,5156),(87,33910),(88,14036),(89,9048),(90,29987),(92,19731)]	114.624774
520	[(0,27393),(2,27784),(3,13303),(8,25213),(10,1271),(14,24896),(16,7599),(20,19978),(21,6334),(24,23703),(26,29732),(27,20680),(28,20371),(30,7014),(31,25046),(32,12945),(33,27050),(34,16611),(35,28441),(37,21623),(38,968),(40,16238),(41,24209),(42,16780),(43,29741),(50,16984),(52,4948),(53,22710),(54,18368),(56,10276),(57,8247),(59,9713),(60,4211),(61,20065),(62,7243),(64,1946),(65,32238),(68,1386),(69,778),(70,12903),(71,4238),(75,22053),(76,18664),(77,2023),(78,9214),(79,1815),(80,10696),(82,7981),(83,24551),(88,8992),(89,25939),(90,28126),(91,28919),(92,21247)]	103.327639
521	[(3,7438),(5,4742),(6,23162),(9,12689),(10,30999),(11,4197),(12,30821),(13,26307),(14,5523),(16,16069),(17,31466),(19,17046),(22,26045),(26,20009),(27,4985),(29,9563),(30,11943),(31,12808),(32,15654),(33,29397),(34,30252),(36,55),(37,398),(41,8113),(43,19243),(44,25287),(45,7795),(46,6242),(48,29492),(49,24211),(50,18755),(51,9737),(56,31049),(57,58),(60,12668),(61,19083),(63,16042),(64,23491),(66,11807),(67,31785),(68,23411),(69,27146),(70,17421),(71,33719),(74,19203),(76,17792),(77,26522),(78,10452),(79,27739),(81,33766),(83,23730),(85,20433),(86,33522),(87,4558),(88,32687),(89,20830),(90,15330),(91,156),(92,25289)]	110.591487
522	[(0,16806),(1,5488),(7,21612),(8,10402),(11,1731),(12,3439),(13,11695),(16,4412),(20,6913),(21,22085),(28,19547),(31,7171),(32,31213),(34,26447),(35,3171),(36,32620),(37,14184),(39,30647),(41,23950),(43,10518),(45,14821),(47,25081),(50,28371),(51,15180),(52,33653),(54,28928),(55,10821),(56,8513),(57,10411),(58,8086),(59,3858),(60,20028),(61,13130),(62,15678),(63,22500),(64,19476),(65,523),(66,22963),(67,11031),(68,16291),(72,17029),(76,4745),(78,17408),(79,17335),(80,22679),(82,31944),(83,2426),(84,31970),(88,11562),(90,4192),(91,33612)]	106.533377
523	[(0,17733),(1,31803),(2,12393),(4,10753),(6,15117),(8,13843),(11,14401),(13,27229),(14,32983),(15,14361),(17,30423),(18,9309),(20,5554),(21,3560),(22,21903),(24,23173),(25,20028),(26,13130),(27,19532),(31,4112),(33,1542),(36,21643),(39,1986),(40,10492),(42,13821),(43,12288),(44,29859),(45,21818),(48,10058),(49,20183),(51,9735),(55,10640),(57,3994),(59,22175),(62,6649),(67,6618),(72,20935),(73,17911),(74,22386),(75,29388),(79,28682),(80,19141),(82,17429),(83,15558),(85,13378),(86,29911),(87,28129),(88,32296),(92,4446)]	101.042319
524	[(0,26348),(2,19229),(3,15046),(7,14167),(8,21718),(9,33304),(10,17551),(11,13365),(13,20382),(14,13687),(15,14748),(16,21568),(17,17722),(19,18263),(20,23318),(22,5027),(23,4850),(25,17270),(26,28389),(27,10708),(28,29265),(29,23626),(31,34043),(32,5062),(35,33452),(37,18969),(41,22082),(42,10689),(43,19682),(44,12441),(49,3564),(50,19406),(51,17902),(52,32464),(53,10898),(55,20786),(58,29028),(60,18996),(61,14615),(62,33842),(63,6698),(64,6982),(65,14058),(70,33633),(74,20766),(81,8358),(82,27550),(84,27654),(85,3925),(89,32000)]	106.285917
525	[(0,21340),(2,30024),(3,22947),(6,10865),(7,16215),(8,10878),(9,16449),(10,6648),(11,26355),(14,1500),(16,20234),(17,3221),(19,7540),(22,14893),(28,665),(29,19151),(32,28320),(35,13227),(36,31110),(39,11151),(42,22786),(43,17604),(46,10223),(47,355),(49,21282),(50,31167),(51,7351),(53,23924),(54,1916),(55,27004),(56,30272),(58,13617),(59,20923),(60,31321),(63,24320),(65,2560),(66,9645),(67,5068),(68,3367),(69,19866),(73,16297),(74,29689),(78,25168),(79,27849),(80,14224),(82,1888),(83,1558),(84,22933),(85,20931),(86,30194),(88,21711),(89,25838),(92,13220)]	110.300594
526	[(5,25029),(6,9201),(7,29664),(10,33392),(11,28341),(14,23900),(16,31051),(18,23189),(19,26977),(20,9435),(21,21234),(24,19847),(25,24770),(26,7247),(27,22820),(29,7903),(30,12338),(32,492),(33,27858),(36,28925),(38,89),(41,6033),(42,10124),(45,16273),(49,12893),(51,27392),(53,23012),(54,16885),(56,16682),(57,6621),(64,23381),(66,6629),(70,5101),(71,20323),(72,7545),(73,28938),(74,405),(75,5167),(76,19209),(79,12291),(80,24174),(81,13433),(82,4508),(83,22163),(85,3762),(87,25507),(89,27725),(91,31482)]	129.824750
527	[(1,20834),(3,11637),(4,19901),(5,13716),(9,27954),(10,16749),(11,42),(13,5026),(17,17543),(19,32991),(20,1965),(21,29577),(22,28585),(23,16084),(24,27009),(25,10862),(28,423),(29,5589),(30,20450),(31,8527),(33,24709),(34,24616),(35,16122),(36,4425),(37,2942),(42,27537),(43,10715),(46,30398),(47,25045),(50,10233),(51,19550),(53,8370),(54,32369),(55,5324),(56,6013),(58,30559),(64,14275),(69,20361),(72,16858),(73,12204),(74,22893),(75,21236),(78,5267),(89,32383)]	107.707907
528	[(0,32159),(3,14420),(8,13680),(9,21618),(11,13572),(15,19689),(16,16899),(19,16027),(21,17860),(25,7565),(27,4680),(30,392),(33,17327),(34,25493),(36,20697),(37,13776),(39,9148),(41,12812),(42,17391),(43,12804),(46,14753),(47,6850),(48,9957),(51,11894),(53,8926),(54,5862),(57,29761),(58,1302),(59,29220),(63,15299),(66,125),(67,3801),(68,16506),(70,19280),(72,6016),(73,13140),(74,1087),(75,3632),(77,14971),(78,14363),(81,7099),(85,16854),(86,6937),(89,10748),(92,8433)]	103.551379
529	[(2,19717),(4,24028),(6,5105),(8,11011),(10,930),(12,23751),(14,15409),(21,14170),(23,11781),(27,21799),(28,23828),(31,24858),(34,5777),(37,15166),(38,30918),(41,25451),(42,30910),(46,28455),(49,22212),(50,10528),(51,15922),(56,22331),(59,2970),(61,5663),(65,14208),(67,18461),(68,13046),(71,30737),(73,6271),(74,624),(75,3009),(76,29185),(78,23614),(79,16107),(80,23641),(82,31111),(84,8303),(86,28070),(87,65),(90,33479)]	101.047433
530	[(0,5951),(1,11374),(5,28007),(6,10229),(8,1727),(10,25777),(15,2934),(16,23532),(17,9877),(18,16356),(19,7079),(20,19065),(21,32646),(22,31031),(23,14770),(24,11389),(26,16093),(29,632),(31,32203),(33,4162),(34,24370),(35,29537),(36,13256),(37,19011),(40,4218),(41,17166),(43,9311),(46,17586),(47,8435),(49,27394),(52,27133),(54,26405),(60,19836),(63,5717),(65,32111),(66,14671),(67,409),(68,21917),(69,28019),(70,6553),(74,30224),(76,13649),(78,17989),(80,29117),(81,25940),(83,14559),(85,23882),(86,340),(88,32625),(91,22361),(92,23730)]	110.084924
531	[(0,13239),(5,13854),(7,24314),(9,10714),(10,9912),(12,20177),(13,22189),(14,21169),(15,30830),(19,27475),(23,8632),(25,9117),(27,8492),(30,24492),(38,10679),(39,5029),(41,29638),(42,6935),(46,6489),(51,18081),(52,27022),(56,1234),(57,19429),(58,4281),(59,19773),(61,16238),(63,28910),(64,6408),(65,26667),(68,30619),(72,29767),(73,28675),(74,23385),(75,7639),(76,16312),(78,6454),(80,7967),(83,22508),(86,30822),(87,5120),(88,7781),(89,26417),(92,29206)]	104.771360
532	[(3,11705),(4,28740),(5,21008),(6,5144),(8,22072),(9,28743),(11,22594),(12,13806),(17,23794),(18,6232),(19,8476),(21,30483),(22,4003),(23,2159),(25,6313),(27,18879),(28,27717),(29,15578),(30,16328),(31,13087),(32,1085),(33,8071),(34,1308),(35,7292),(36,23066),(37,19170),(38,2366),(39,27665),(42,7092),(46,23520),(47,25141),(48,4140),(49,10007),(50,27005),(51,12364),(52,22913),(53,16931),(61,11268),(62,12824),(63,16815),(65,15865),(66,19345),(67,19271),(68,21990),(69,31880),(71,20998),(72,14029),(73,4848),(74,33682),(75,1882),(76,22622),(77,22320),(78,12366),(79,1153),(82,11362),(84,5748),(88,33480),(89,15640),(90,33353),(92,20689)]	97.390863
533	[(1,6287),(5,26835),(8,21742),(9,32317),(13,22360),(16,19954),(19,24801),(21,300),(22,6456),(23,26364),(24,22957),(29,12913),(30,2224),(31,24394),(38,20234),(39,3221),(41,26051),(42,31290),(43,8369),(45,19274),(48,27881),(49,4612),(56,20370),(58,32204),(59,8623),(60,11987),(65,17101),(66,28792),(69,4598),(71,7363),(72,5332),(73,24014),(75,3114),(76,24339),(80,11270),(84,15917),(85,26795),(87,12539),(89,2399),(90,19347),(91,24474),(92,6534)]	100.428215
534	[(1,27900),(2,18252),(3,6035),(5,21584),(6,29812),(9,5643),(10,26403),(11,12654),(12,5287),(13,6800),(14,28581),(15,2223),(16,33457),(19,27099),(21,3579),(22,1510),(23,33033),(24,20224),(26,30130),(27,3961),(29,26815),(30,32007),(33,33724),(35,22467),(36,2116),(39,1999),(40,25462),(41,32144),(42,33915),(46,11759),(47,22301),(48,28060),(49,2686),(55,27971),(57,33308),(59,27413),(60,18703),(62,15010),(63,31988),(65,17162),(67,10020),(68,3858),(69,20028),(70,13130),(71,15678),(73,16217),(74,18051),(75,5102),(79,26452),(83,1077),(84,33805),(85,8670),(86,28173),(87,504),(88,20578),(90,9957),(91,9613),(92,19776)]	103.643525
535	[(4,17352),(6,33511),(8,18111),(9,30661),(12,2883),(14,23377),(16,3818),(18,6425),(19,5247),(20,17668),(21,15327),(23,14620),(26,27132),(28,23674),(30,16285),(31,19103),(32,788),(35,25405),(36,20133),(37,5852),(39,21621),(40,2908),(41,23897),(42,17213),(43,12799),(45,8366),(47,8657),(49,23110),(50,19823),(52,27429),(53,27050),(54,9417),(55,17128),(56,33302),(57,25667),(59,22556),(61,3774),(63,23963),(64,26424),(66,9914),(67,16671),(69,9603),(73,32970),(75,13359),(79,2089),(83,19417),(84,14694),(88,14037),(91,1690),(92,21207)]	120.888814
536	[(2,27555),(3,26408),(4,1978),(10,20702),(12,8321),(13,9595),(17,921),(18,28215),(21,8612),(23,16124),(25,2753),(28,29115),(30,2398),(31,17776),(34,2130),(35,31362),(36,20076),(37,31059),(38,33539),(39,1156),(40,9565),(41,25954),(43,28018),(48,32761),(49,7851),(51,22571),(54,14204),(58,11059),(60,26004),(65,5797),(66,24375),(69,16971),(71,17567),(72,22659),(75,11840),(76,10570),(78,5525),(79,11189),(80,6250),(81,26170),(82,14268),(83,4369),(84,1977),(90,13562)]	104.539818
537	[(1,21248),(2,8304),(5,24739),(7,12060),(13,8124),(14,33281),(15,19802),(17,2920),(19,17633),(22,22729),(25,27836),(26,7418),(27,31470),(28,844),(31,8801),(32,15146),(34,32782),(35,24862),(39,23029),(41,9405),(46,996),(49,20476),(51,26188),(52,19239),(53,19560),(55,14241),(58,21435),(59,32923),(61,25432),(64,31536),(65,25697),(68,19105),(69,31947),(70,30855),(71,34077),(72,28767),(73,33136),(74,19701),(75,17441),(78,15103),(79,3774),(81,23963),(82,24493),(83,5978),(84,16724),(87,17626),(88,10066),(90,25398),(91,23923),(92,20987)]	99.752318
538	[(0,16234),(2,4805),(4,11651),(5,28191),(6,25896),(7,20297),(9,18378),(10,31369),(12,31048),(14,11075),(15,22334),(17,18139),(18,8731),(22,18128),(23,20181),(26,32306),(27,25567),(28,25563),(30,14025),(31,17369),(32,17728),(35,31827),(36,33519),(39,4846),(46,1324),(47,11704),(49,17984),(52,27917),(54,22978),(56,31630),(60,19059),(62,26451),(66,20887),(67,16424),(71,8554),(72,10855),(73,5797),(75,6611),(76,6009),(77,8565),(78,29106),(81,4489),(82,26746),(85,17704),(87,6330),(89,23374),(92,16742)]	96.488012
539	[(1,19445),(2,29765),(3,27900),(9,30111),(10,28664),(11,79),(12,19911),(15,10342),(16,26701),(18,3408),(21,11871),(22,1728),(23,15846),(24,28733),(25,7042),(29,22991),(33,26532),(34,13751),(35,9602),(39,20056),(42,30035),(43,6349),(47,5716),(49,25993),(50,16491),(51,18735),(57,23701),(59,12668),(60,718),(61,17201),(62,28482),(63,29738),(66,17855),(67,21120),(71,21244),(72,14995),(73,8178),(77,33439),(79,24170),(80,13951),(82,18632),(83,6792),(88,12184),(89,23880),(90,11094)]	101.193039
540	[(0,5769),(2,20488),(3,2619),(4,4374),(5,5967),(6,9906),(8,25998),(9,1015),(11,30403),(15,17082),(16,11178),(19,3291),(20,23384),(21,28184),(22,23515),(24,29972),(25,9316),(28,33196),(29,30267),(30,8797),(31,24513),(33,7147),(34,22623),(37,1799),(39,17110),(40,22528),(41,15083),(42,4734),(43,9052),(44,4868),(47,29140),(48,29602),(49,30597),(52,17924),(53,8326),(54,110),(60,32414),(61,7740),(63,24225),(66,14940),(67,28353),(71,1822),(72,25808),(77,1881),(81,28187),(82,9370),(84,19288),(85,13104),(88,27429),(89,17189),(90,6267),(91,21449)]	98.133511
541	[(0,22894),(1,26454),(3,14722),(5,33387),(8,7470),(9,32275),(10,7098),(12,17379),(14,32293),(15,6308),(17,11595),(18,16564),(19,6842),(20,19086),(21,20314),(22,32811),(23,22163),(27,12023),(28,818),(29,22949),(31,28973),(32,17293),(34,13634),(36,19386),(40,22642),(42,4723),(43,295),(44,9757),(48,10495),(51,199),(55,17543),(57,30843),(59,26924),(61,23829),(62,23639),(63,33651),(69,10974),(71,26691),(72,6804),(73,6225),(74,12075),(76,16295),(77,19884),(78,23025),(80,24700),(81,22578),(82,10077),(83,2400),(86,24839),(87,10741),(88,30553),(89,10676),(90,12646),(91,17084)]	98.495883
542	[(0,30449),(2,24188),(3,33175),(4,15954),(5,17664),(7,19416),(8,31757),(9,16002),(11,30677),(12,12339),(15,17399),(18,18109),(22,21798),(23,32340),(24,21041),(25,16069),(27,22715),(29,10073),(30,27803),(33,13015),(36,2868),(37,33255),(39,6352),(40,9218),(41,17589),(42,27905),(43,20694),(45,52),(46,30540),(47,31871),(49,8372),(50,23542),(51,4900),(52,30797),(53,11820),(54,26657),(55,15789),(57,17086),(59,10977),(64,14667),(65,377),(66,6005),(67,21111),(72,16888),(75,11260),(76,29003),(77,28583),(79,32373),(81,10493),(83,32840),(84,10004),(85,5737),(86,5576),(87,29075),(92,7485)]	142.425868
543	[(0,4803),(1,7613),(4,27340),(5,26671),(6,33112),(12,15692),(14,17493),(15,10301),(16,2048),(18,30454),(20,6678),(21,20440),(24,15302),(26,4010),(27,32538),(29,30846),(30,32068),(31,10388),(33,22153),(34,3977),(35,8195),(37,2388),(44,31170),(46,9754),(47,16403),(49,14334),(50,18279),(51,8696),(55,6675),(57,32530),(60,16829),(61,6185),(63,16476),(67,8361),(68,32735),(70,22047),(71,4372),(74,938),(75,29689),(77,15549),(79,14823),(81,29996),(83,31937),(85,29286),(86,23650),(90,29031),(92,11097)]	233.858977
544	[(3,16948),(6,8666),(7,10646),(8,21247),(9,4709),(10,16718),(11,17086),(15,18448),(22,12980),(24,28437),(30,16181),(32,28195),(35,15492),(36,23736),(37,30998),(39,5866),(42,11414),(43,16573),(44,20754),(46,13954),(47,9458),(49,10844),(50,18084),(51,25183),(56,27186),(61,22579),(63,3081),(64,12302),(66,30969),(67,479),(68,24376),(69,18398),(70,31445),(76,23323),(79,5906),(81,22341),(82,21090),(83,29447),(84,6873),(85,29038),(86,29833),(87,6158),(88,12521),(90,29718)]	227.157033
545	[(0,29293),(3,3984),(4,8900),(5,200),(6,28671),(8,26860),(9,13011),(11,3772),(13,24921),(14,30111),(15,33831),(16,5101),(17,20323),(18,7545),(19,28938),(20,21013),(22,12625),(23,15164),(24,15653),(28,16619),(32,22476),(33,26522),(34,583),(36,5617),(37,20260),(39,33372),(41,17212),(43,7870),(45,25993),(46,29232),(49,14505),(51,13114),(53,2438),(55,3029),(56,13659),(59,31663),(61,18224),(64,13639),(65,10664),(67,21150),(68,29631),(70,5436),(71,29979),(72,23954),(75,27568),(76,33442),(82,10040),(83,19496),(87,7559),(89,6775),(91,32489)]	213.004000
546	[(0,21700),(1,23889),(2,4884),(4,25025),(5,14386),(9,18353),(11,19473),(14,11694),(15,33196),(16,9871),(17,3252),(18,1892),(19,10822),(21,19128),(22,24165),(25,30264),(28,12306),(30,21932),(32,14729),(34,27336),(35,30055),(36,20003),(38,4504),(43,12166),(44,30251),(45,24020),(48,9919),(49,187),(54,20819),(55,22034),(58,13951),(59,24895),(62,16223),(63,15233),(64,21473),(65,5067),(66,18658),(68,21089),(71,15783),(72,7494),(76,28845),(77,15962),(78,32955),(81,10070),(82,15125),(83,10183),(84,33573),(85,10137),(87,10527),(89,20379)]	206.476860
547	[(1,27871),(4,9923),(6,1939),(9,26906),(11,9973),(13,4601),(14,15247),(15,32121),(16,28642),(17,26556),(21,3973),(22,20933),(25,1429),(27,10834),(30,29757),(31,7113),(32,21075),(33,12102),(34,27727),(35,20867),(36,22486),(38,4477),(39,6362),(40,17058),(41,28693),(45,10190),(50,29055),(52,14344),(53,8062),(54,148),(56,25296),(58,7047),(59,18561),(60,4230),(61,6444),(64,5569),(65,24369),(67,14049),(70,25319),(72,21749),(73,8873),(74,11587),(77,19236),(78,9451),(81,33902),(87,27020),(88,15498),(89,6243),(90,7557),(91,24927)]	191.768708
548	[(1,17613),(4,5420),(5,34037),(6,32469),(8,10971),(9,20684),(10,16109),(11,33223),(13,13986),(15,33767),(18,31717),(20,11965),(21,20342),(22,12248),(25,1325),(26,14020),(29,3344),(30,8533),(31,26425),(32,7427),(34,21425),(35,24208),(36,4938),(37,6882),(38,28712),(40,23717),(43,33611),(45,19069),(46,13166),(47,5468),(49,20838),(54,3223),(55,9901),(61,25526),(62,31686),(64,15947),(65,3880),(70,20828),(71,13103),(75,33505),(76,21027),(77,7537),(78,9543),(79,30155),(80,1440),(81,7091),(83,28357),(85,13805),(87,6657),(89,5178),(91,32157),(92,27767)]	244.062694
549	[(1,7531),(7,27595),(12,17230),(13,12074),(15,21483),(16,10113),(20,608),(21,20831),(23,30182),(27,19947),(28,10973),(29,8396),(30,9421),(31,3042),(35,19526),(36,33124),(37,6671),(38,311),(40,29672),(41,30051),(42,6027),(44,6914),(46,14088),(47,9932),(48,11724),(50,26849),(51,14931),(52,17812),(54,22014),(56,20694),(58,17970),(59,7044),(60,32395),(63,845),(65,17085),(68,34052),(69,14160),(70,12087),(71,6282),(77,31420),(80,9933),(81,12580),(83,7013),(85,18949),(87,23147),(88,30750),(91,9723),(92,5945)]	227.735166
550	[(0,28513),(2,26283),(3,17286),(5,7700),(7,22110),(8,31704),(9,30015),(10,30437),(11,4704),(14,8725),(17,1963),(18,11242),(19,5271),(20,30531),(22,17788),(23,614),(24,28851),(25,2905),(26,3126),(27,25704),(28,27296),(29,26217),(31,20001),(34,6649),(35,26087),(36,28285),(37,30265),(38,7633),(39,7378),(42,33372),(44,11632),(45,27274),(47,6743),(51,20147),(52,6025),(53,13639),(54,10664),(55,16408),(56,28353),(59,22862),(60,11057),(64,19258),(68,20867),(72,12256),(73,30241),(75,2402),(76,6780),(77,14559),(79,7500),(80,26696),(81,2586),(82,9903),(85,16575),(88,1289),(90,20051),(91,30959)]	221.995446
551	[(3,7218),(5,24405),(6,20747),(7,10330),(10,17153),(12,2453),(14,22997),(15,19302),(16,10876),(18,33776),(22,7374),(23,6977),(25,10972),(26,2806),(28,3605),(29,33681),(31,5576),(32,30271),(36,26711),(38,18360),(40,16743),(45,33376),(46,19297),(50,5102),(51,1823),(53,18502),(54,4825),(55,31962),(58,17833),(59,16185),(60,30795),(61,1359),(62,24043),(63,3347),(64,26936),(67,25813),(71,16825),(72,4285),(74,1480),(76,23166),(79,11353),(80,20090),(81,32422),(83,842),(85,21539),(87,4929),(89,20028),(91,5642),(92,16379)]	205.693447
552	[(5,10193),(8,9670),(9,30990),(10,21894),(11,23015),(13,16010),(14,3889),(18,30981),(19,11621),(20,19358),(22,32616),(23,31917),(25,32848),(26,28257),(30,25720),(31,2088),(33,9819),(35,25907),(36,33730),(37,30888),(38,21034),(43,32651),(45,24772),(49,14526),(52,16196),(53,19675),(57,20819),(59,9263),(61,26863),(64,17139),(65,20288),(66,22545),(67,20534),(68,1241),(69,31237),(70,29915),(73,11607),(74,25930),(76,1676),(78,14499),(79,18206),(81,24099),(82,1784),(83,13628),(84,33723),(86,23818),(87,5810),(88,17045),(90,21556)]	218.657677
553	[(4,7481),(6,10692),(7,6193),(14,13542),(17,10157),(19,4904),(21,27192),(32,3113),(34,2892),(37,11437),(40,8552),(42,18711),(43,21916),(44,7953),(45,3924),(48,29728),(49,27416),(51,17648),(53,5052),(54,8510),(56,26669),(58,10854),(60,5247),(64,32484),(66,16346),(67,14153),(68,33808),(71,18363),(72,9948),(74,29992),(75,7080),(76,5496),(78,554),(80,34037),(81,32469),(83,10971),(85,7492),(86,22263),(88,24090),(89,10342),(90,26701)]	207.251689
554	[(2,4696),(3,27596),(4,28035),(5,10288),(7,16694),(8,22307),(9,25513),(11,15963),(13,25441),(14,17839),(15,4174),(16,13110),(17,15081),(20,10582),(22,15818),(24,12742),(26,8510),(27,49),(29,2968),(30,24506),(31,3581),(32,20318),(33,29055),(35,8003),(37,23380),(38,6031),(39,14101),(41,21907),(43,11915),(44,11292),(45,24882),(47,15038),(49,17227),(53,29461),(56,9652),(58,11279),(60,17530),(61,10957),(63,12104),(66,13173),(68,937),(69,18768),(71,31979),(73,10010),(75,32746),(76,25680),(77,26350),(78,21738),(80,4606),(81,25686),(83,19088),(85,8493),(90,30437)]	212.943202
555	[(3,21125),(7,3401),(8,33513),(9,10110),(11,19308),(12,762),(13,26336),(16,7381),(18,20039),(26,32491),(28,25902),(30,28418),(34,2265),(42,24499),(43,28481),(44,2420),(45,12532),(46,15943),(49,20798),(52,2305),(54,34046),(56,8374),(59,15848),(60,24979),(62,6879),(64,6744),(67,10267),(68,11732),(69,119),(70,3890),(71,18121),(72,20902),(73,31531),(76,22495),(78,22883),(79,8864),(81,26743),(82,23456),(84,23103),(85,22407),(87,6491),(92,7744)]	225.686901
556	[(0,16006),(2,5833),(3,12941),(6,26385),(7,14821),(13,20322),(15,4268),(16,22440),(17,3063),(18,7934),(19,13616),(20,33681),(21,16641),(24,28376),(25,24930),(27,34022),(29,24281),(30,13379),(31,9667),(34,2688),(35,33964),(36,22069),(38,6481),(39,19902),(48,5549),(49,30797),(52,4747),(53,19813),(54,11913),(55,28271),(56,24944),(58,22488),(59,10208),(60,14899),(61,9604),(62,4445),(63,20341),(65,20533),(68,27956),(71,31481),(76,30926),(77,9488),(79,9220),(81,31963),(83,5201),(84,31622),(85,24973),(86,30830),(87,9845),(88,9634),(89,26138),(92,31597)]	210.598604
557	[(2,10877),(3,32685),(5,2641),(6,33110),(9,29503),(10,28701),(11,27286),(13,25459),(14,33815),(15,24431),(19,16146),(20,19131),(25,25447),(30,15833),(33,27751),(34,22955),(38,27094),(40,31867),(42,27486),(47,19132),(48,10293),(50,31596),(54,2160),(55,31362),(56,6376),(57,4116),(58,21729),(59,16605),(60,25180),(67,26480),(71,20273),(72,10110),(77,7640),(79,13095),(81,14802),(82,17438),(83,2222),(84,14145),(85,2937),(86,31327),(87,31020),(88,3766),(91,22340),(92,31401)]	240.769565
558	[(0,8184),(1,9187),(2,10976),(5,31334),(7,13677),(8,14703),(10,8246),(11,29980),(12,23321),(13,8922),(15,23335),(17,8257),(18,26620),(19,30585),(21,21745),(24,24604),(27,17287),(28,29352),(31,1193),(33,16997),(36,14677),(40,14469),(42,6465),(46,19449),(48,1673),(51,11795),(52,27194),(53,3824),(54,5242),(56,16898),(57,16098),(66,11011),(68,17395),(69,29011),(70,26132),(71,22067),(72,16440),(73,31325),(75,8338),(76,18698),(77,8415),(78,9620),(83,13678),(84,19461),(85,1386),(86,778),(88,31079),(92,27297)]	212.203159
559	[(4,16060),(5,4781),(7,26079),(8,13099),(10,5211),(11,21460),(12,15573),(15,14317),(16,25355),(17,5983),(18,6604),(22,22669),(23,2486),(25,13908),(26,30998),(27,16669),(28,12076),(32,14592),(33,26818),(34,28582),(36,25638),(37,18800),(38,31562),(39,24907),(40,3866),(41,17293),(46,9540),(48,32921),(52,31871),(53,21140),(55,28596),(57,7937),(60,11295),(61,15642),(62,22439),(65,32629),(66,17142),(68,27575),(70,22975),(73,32935),(82,9224),(83,20916),(85,19819),(87,1025),(88,29807),(89,33331),(90,26333)]	121.478834
560	[(1,18134),(2,24296),(3,20346),(5,15878),(6,4237),(7,15213),(8,18796),(9,20590),(10,9402),(13,19486),(15,17868),(18,13854),(19,18057),(21,7725),(24,12720),(25,12926),(26,1681),(27,12505),(28,8794),(32,4193),(34,25222),(35,27550),(37,7067),(40,10668),(43,25178),(45,2747),(47,23961),(48,28941),(49,16798),(53,13329),(56,3750),(57,25018),(59,21226),(62,9712),(63,2348),(65,10923),(66,18181),(67,7377),(72,26123),(73,24271),(75,9217),(84,17237),(85,14478),(91,502)]	106.889974
561	[(0,418),(2,17279),(4,25587),(7,6692),(12,30400),(13,3561),(14,17642),(15,30742),(18,17009),(21,21037),(22,7935),(24,6415),(29,33221),(30,17781),(32,13608),(35,5609),(37,17248),(38,10843),(42,20192),(44,15493),(45,28193),(46,3525),(49,27648),(50,13445),(51,9230),(54,12152),(56,33530),(60,26654),(65,12933),(66,20353),(69,22097),(72,13007),(75,32146),(76,19242),(79,28605),(82,21399),(83,7586),(87,16696),(88,937),(89,18768),(90,10565),(92,4165)]	102.426526
562	[(0,33522),(1,9518),(3,29330),(6,19541),(8,11304),(12,12861),(17,30790),(18,33770),(20,2797),(22,16677),(23,7401),(24,24415),(25,19697),(26,7282),(28,1764),(29,7893),(35,13100),(37,24846),(38,4759),(40,20683),(41,3701),(42,34069),(43,14256),(44,12120),(45,31997),(49,18864),(50,26036),(51,6653),(53,23621),(54,1053),(57,29534),(58,30486),(59,8840),(60,8765),(61,20491),(62,24906),(65,19357),(66,7022),(67,3956),(69,8779),(70,23517),(71,29041),(74,11662),(81,31390),(82,24265),(83,29714),(85,24222),(86,30342),(87,32917),(88,9817),(90,20390),(91,16172)]	100.661617
563	[(3,16147),(4,7978),(5,4730),(7,9289),(8,603),(15,9907),(18,34046),(19,8310),(21,1669),(22,30573),(27,32410),(28,21117),(30,14515),(31,28570),(34,1926),(35,1116),(38,17222),(39,22406),(40,16165),(41,182),(42,3379),(43,15156),(49,20558),(50,25823),(51,33596),(52,28378),(56,7213),(57,33985),(58,8821),(59,30340),(60,16028),(61,17646),(62,187),(65,8412),(66,31744),(68,19743),(71,28351),(75,15775),(77,24750),(78,33943),(81,6259),(82,21467),(83,16896),(84,13783),(86,32126),(90,7375)]	101.451115
564	[(1,18546),(2,30498),(4,23728),(6,33200),(7,28116),(8,9482),(9,20219),(10,13503),(11,7567),(12,22102),(14,9017),(15,751),(17,22984),(18,29823),(19,3225),(21,16803),(23,18115),(24,18966),(25,13174),(26,1726),(29,351),(30,32184),(31,41),(33,22289),(37,15314),(38,5266),(40,30474),(41,15415),(43,1026),(45,12007),(46,11935),(47,32628),(50,33277),(52,33379),(53,23135),(54,4033),(55,685),(59,11594),(60,21202),(63,14898),(65,13482),(66,14425),(67,33036),(72,5026),(76,24699),(79,31181),(81,3044),(83,31018),(84,22972),(88,24496),(89,26443),(90,22396)]	104.734811
565	[(0,19683),(1,8226),(2,2081),(3,21151),(4,8520),(7,24968),(10,17982),(11,28522),(12,21565),(13,11563),(17,1737),(19,344),(23,15965),(26,17102),(27,30081),(28,16698),(29,3831),(30,11985),(32,1127),(33,18662),(41,24101),(44,28471),(47,29115),(48,16109),(49,22526),(50,5088),(51,16804),(52,1895),(53,17772),(54,26459),(57,568),(63,30083),(67,22540),(69,31713),(70,25125),(71,10248),(74,23540),(76,33100),(78,14552),(79,16),(81,4448),(82,2459),(84,31056),(85,28180),(86,15594),(88,21003),(89,17944),(90,33769),(92,17336)]	104.541677
566	[(0,30524),(3,29164),(4,18071),(6,12519),(7,6153),(8,21439),(9,32029),(12,11799),(14,8486),(15,17690),(16,3752),(17,6083),(27,26128),(28,17103),(29,331),(31,34080),(32,33904),(33,17220),(34,31992),(35,7267),(36,21668),(37,21351),(39,15850),(41,30577),(43,23660),(44,1562),(45,7057),(47,24134),(50,1747),(52,30435),(53,10611),(54,3055),(56,6361),(57,10951),(58,19849),(61,10066),(62,1573),(63,29476),(65,16268),(66,13233),(67,28098),(70,28218),(71,26154),(72,5229),(73,23544),(74,11339),(76,21798),(77,24716),(79,33196),(80,24874),(81,10411),(82,8086),(84,8465),(88,4660),(90,13782)]	130.055149
567	[(1,31637),(2,2972),(3,14457),(5,2804),(6,194),(7,25718),(8,6317),(10,19299),(15,28075),(16,16249),(17,15786),(18,26604),(20,821),(21,9847),(22,28299),(23,32588),(26,13448),(29,13244),(31,27401),(32,26760),(33,479),(39,6308),(40,29207),(41,10553),(42,11882),(47,29007),(49,29205),(50,14943),(53,18707),(54,14758),(59,10825),(60,12374),(63,30961),(65,25702),(67,20181),(71,19548),(72,16604),(74,29028),(75,17176),(77,20003),(79,10863),(84,9710),(88,27581),(89,16924),(92,3400)]	98.338083
568	[(2,25383),(6,10094),(7,13998),(8,33234),(9,24470),(11,19972),(14,7586),(19,26384),(20,29919),(21,23449),(22,15532),(23,131),(27,9887),(29,5023),(30,2284),(31,33509),(36,25811),(37,13131),(38,14864),(40,30371),(41,33131),(42,30602),(43,19391),(46,20611),(49,20558),(51,10798),(57,20888),(59,28302),(60,27481),(61,16557),(62,13905),(63,588),(65,23540),(66,25273),(69,20506),(70,7340),(72,8473),(75,15050),(76,7665),(77,24669),(79,19124),(80,18723),(81,14398),(82,22258),(84,8810),(85,24292),(87,33113),(88,20976),(92,13834)]	98.025563
569	[(1,2250),(7,11482),(10,10728),(11,15876),(13,7302),(14,2370),(17,8235),(18,1800),(20,28291),(21,28008),(23,4109),(24,11434),(28,15767),(30,15845),(32,8986),(34,21920),(35,7728),(38,4105),(39,32854),(41,236),(42,20685),(44,10783),(47,11716),(49,17811),(52,3790),(53,25198),(55,28830),(58,28813),(65,945),(69,31739),(70,1681),(72,540),(73,22882),(75,17654),(77,3612),(79,20132),(82,12204),(85,31720),(86,33950),(88,20995),(89,30775),(91,33096)]	128.324040
570	[(0,26257),(1,22185),(2,17396),(3,18226),(5,28838),(6,30786),(7,21139),(10,26561),(14,31415),(16,17394),(17,31923),(18,8252),(19,17820),(22,5531),(28,7446),(32,4068),(35,9444),(37,12556),(38,24749),(39,10299),(41,6710),(43,19109),(44,16470),(45,16007),(46,31002),(47,20163),(48,13139),(49,9400),(50,18242),(51,5027),(52,30863),(53,904),(54,9186),(55,5991),(56,5891),(58,14260),(60,16353),(64,19383),(68,18806),(71,12039),(76,18694),(77,6057),(78,5149),(79,26858),(80,17769),(81,20471),(82,22042),(85,5271),(88,6225),(90,25684),(91,11726)]	102.144424
571	[(0,14412),(1,15508),(4,6538),(5,2629),(9,20410),(10,27476),(12,9806),(14,21962),(17,17537),(18,14687),(21,19599),(24,26300),(26,32857),(28,16445),(29,34067),(30,11872),(31,14775),(34,236),(35,18786),(36,31552),(38,8798),(41,7368),(42,32483),(43,5159),(44,19558),(49,31344),(50,27279),(52,16308),(53,23993),(56,7996),(57,27080),(58,21117),(59,30849),(60,32117),(61,9275),(62,28913),(63,29405),(64,26163),(65,26805),(68,5096),(70,12037),(71,24999),(73,17764),(76,7480),(77,9603),(78,7473),(81,21694),(84,937),(87,13590),(89,26365),(90,27863),(91,32810)]	98.942563
572	[(0,33300),(1,27899),(2,5901),(3,25088),(6,31101),(8,29961),(11,23887),(15,28183),(16,28692),(17,16442),(19,31193),(20,16744),(24,22631),(25,5063),(26,26158),(27,22420),(29,18277),(33,7993),(36,18873),(38,28219),(41,23479),(47,5795),(49,11282),(52,6290),(53,11239),(54,32660),(56,11716),(57,31342),(58,32373),(59,7426),(63,9851),(64,25287),(65,7795),(66,6242),(67,21327),(69,16295),(70,19884),(71,6306),(72,3707),(77,318),(79,1777),(80,15149),(82,30603),(83,1083),(85,30677),(86,24982),(88,5958),(91,12502),(92,1869)]	98.069186
573	[(0,8739),(2,4128),(3,5426),(4,22073),(9,31913),(10,3508),(11,18667),(15,25161),(16,19292),(18,7739),(20,32778),(22,16337),(25,29359),(27,25190),(31,5425),(34,17686),(36,30465),(39,13818),(42,30325),(43,2574),(45,13038),(47,12396),(52,33118),(53,22302),(55,18174),(59,7230),(60,7794),(61,21611),(65,8755),(66,30930),(67,26893),(70,16472),(71,30191),(81,12330),(82,17224),(84,15997),(85,3047),(86,4351),(87,27424),(89,1782),(90,27378),(91,7786),(92,25272)]	102.403445
574	[(2,4562),(3,16069),(5,30989),(6,17979),(7,1517),(8,2126),(9,23069),(11,26689),(17,31514),(19,19398),(20,19197),(22,28155),(23,16359),(24,21845),(25,13456),(26,24216),(27,31152),(30,14883),(31,9763),(34,9891),(36,27219),(38,1945),(40,17167),(43,859),(44,30177),(47,21812),(48,18220),(51,7357),(52,26780),(53,3085),(54,10490),(57,13031),(59,27371),(61,18236),(62,4379),(64,30151),(65,7553),(66,18888),(68,26097),(69,10048),(72,10988),(73,2173),(76,9648),(78,2659),(79,9011),(84,27521),(86,2047),(89,31883),(91,14684),(92,2301)]	101.327323
575	[(0,27553),(1,14972),(2,22306),(4,24946),(6,29704),(7,8361),(8,32972),(9,21708),(11,10841),(12,13764),(13,18472),(15,19338),(18,23523),(19,26254),(20,25249),(23,6159),(24,33653),(26,81),(27,26567),(28,14666),(29,30659),(31,23554),(32,12493),(33,9015),(35,3725),(36,12929),(38,27898),(39,10907),(40,30078),(42,20322),(44,188),(46,33989),(47,31797),(49,29516),(50,20047),(51,15619),(53,3596),(54,23961),(60,32340),(61,25291),(63,6864),(64,30659),(66,24140),(67,24481),(70,20723),(71,13925),(72,33415),(74,20799),(75,30935),(78,3419),(79,547),(80,19640),(82,28132),(84,1412),(88,16858),(89,12204),(92,24131)]	100.264738
576	[(0,12771),(1,7120),(2,5478),(5,6309),(8,25269),(9,26424),(10,5499),(12,14586),(13,22570),(14,18742),(20,28138),(21,5566),(22,32699),(25,19315),(27,6666),(28,30551),(31,34039),(35,19322),(36,27845),(38,19387),(40,26770),(43,6170),(46,10432),(48,12848),(50,21981),(54,17133),(59,8915),(60,1237),(61,19715),(63,11681),(64,23354),(65,669),(66,17758),(67,15042),(70,16467),(71,9018),(76,14243),(81,6973),(82,33091),(83,26683),(85,19407),(87,1390),(89,6265),(92,33055)]	102.174656
577	[(0,16568),(1,33816),(2,2516),(3,23202),(5,31056),(6,25397),(7,4762),(8,26738),(12,4328),(13,3034),(14,22931),(15,28469),(18,923),(19,6000),(21,9703),(23,15439),(27,9961),(28,26776),(30,13466),(32,13704),(34,20498),(36,31268),(37,18063),(39,16522),(40,25177),(45,23635),(46,975),(51,6516),(52,26291),(54,29676),(55,27127),(60,11998),(64,8332),(65,16938),(66,25564),(68,27127),(70,29891),(73,31809),(74,32323),(76,8710),(80,16929),(81,14586),(85,13262),(91,21800),(92,1023)]	101.880411
578	[(0,908),(2,7866),(3,21153),(8,3327),(9,22268),(10,5868),(11,8729),(12,7994),(13,23167),(15,23336),(16,30030),(17,18802),(18,12850),(21,28498),(22,3278),(24,31262),(27,9856),(28,19096),(29,11507),(30,16779),(31,11156),(33,26589),(43,3708),(44,16267),(45,20747),(47,31760),(51,29222),(54,1840),(55,18498),(56,19104),(59,32055),(61,12028),(62,13376),(63,10488),(64,31898),(69,19322),(70,27845),(71,23036),(74,31744),(75,13418),(77,25817),(81,8806),(82,3035),(83,6984),(85,20723),(86,13925),(88,24451),(90,21805),(91,13863)]	94.702382
579	[(0,17124),(2,22249),(3,178),(4,5894),(6,25281),(10,9746),(11,8335),(15,33101),(17,32002),(20,23513),(22,17887),(23,12599),(24,4474),(25,15681),(28,10848),(30,20829),(31,2682),(33,24420),(37,15117),(39,15680),(40,27960),(41,17144),(44,18391),(45,16763),(47,2705),(48,22898),(49,22535),(50,11757),(53,19134),(54,11223),(56,24928),(58,19304),(59,10224),(61,27500),(63,5690),(65,885),(66,13063),(67,29784),(68,18628),(73,25160),(75,2508),(77,25975),(78,11061),(81,25094),(83,1810),(87,3835),(88,30021),(90,13740),(91,25069)]	124.714212
580	[(0,32738),(4,32314),(5,23760),(6,27700),(8,931),(16,31203),(17,13963),(18,8372),(19,30770),(20,2282),(21,12717),(25,42),(26,22125),(30,21273),(31,11069),(32,9626),(33,28260),(35,7530),(36,5562),(39,29364),(42,29997),(43,16137),(45,31928),(47,21669),(49,29879),(50,24740),(54,22253),(59,26478),(60,23064),(63,2210),(64,22508),(67,15316),(70,29396),(71,30006),(73,8279),(75,21788),(77,28424),(79,18822),(80,15775),(82,4014),(83,14904),(84,11417),(85,34044),(87,29087),(89,15830),(90,4316),(91,18995),(92,22509)]	101.309362
581	[(0,3961),(1,28649),(2,29536),(4,9401),(5,21764),(6,5918),(7,26108),(8,31412),(9,294),(10,10013),(13,19214),(15,9178),(17,27266),(18,22403),(19,32223),(20,32814),(21,2050),(22,26863),(24,32347),(25,15211),(27,26121),(28,15342),(29,10879),(30,6167),(32,3542),(35,20350),(38,8575),(40,25759),(41,20671),(42,33738),(54,25177),(57,10731),(58,14517),(59,27990),(61,13754),(63,28706),(64,33088),(65,9314),(68,10452),(71,8719),(73,853),(77,25146),(78,31565),(80,21438),(82,25923),(84,16966),(85,15458),(87,31206),(91,9407)]	100.118438
582	[(0,23305),(1,11212),(4,17778),(7,5960),(8,25211),(10,1095),(11,15934),(16,19765),(17,20912),(22,22578),(32,2862),(33,1398),(34,33632),(35,31363),(36,10715),(39,30291),(40,17861),(44,33165),(45,24455),(46,23859),(47,10897),(49,7723),(51,5417),(53,27215),(54,22236),(55,20128),(56,4403),(59,6215),(60,6728),(62,5445),(68,13072),(74,29744),(77,11300),(79,13008),(82,20218),(83,11345),(86,11523),(88,11235),(90,28876)]	97.436569
583	[(1,17281),(4,29412),(9,3644),(10,21290),(11,27771),(13,16039),(15,903),(16,22307),(17,16722),(18,7908),(21,25778),(23,26209),(25,13159),(26,14635),(27,134),(32,19992),(33,18020),(35,25968),(39,2540),(40,10783),(41,31023),(43,3649),(44,13954),(45,9458),(46,711),(47,8720),(49,21994),(50,16866),(55,32416),(56,13616),(58,7795),(59,15593),(63,3121),(65,17063),(66,9086),(68,7940),(69,8273),(72,7412),(74,17009),(76,14291),(79,4946),(80,59),(81,27774),(82,12874),(83,21215),(86,26049),(88,31753),(90,32450),(91,16153),(92,31546)]	101.756814
584	[(0,11541),(2,18285),(5,28734),(7,27468),(8,32646),(12,2874),(13,9789),(17,15227),(18,422),(19,10959),(20,32651),(22,11448),(23,3814),(24,5660),(25,20482),(26,26446),(27,9967),(28,10963),(29,20506),(31,21659),(33,28893),(35,25940),(36,8069),(37,14657),(40,13683),(47,33437),(49,27480),(51,5232),(53,3550),(55,29170),(59,6627),(60,33076),(63,20000),(64,7559),(65,2175),(66,1109),(68,15209),(70,22450),(74,3818),(76,32929),(77,15290),(79,10043),(80,23549),(82,10721),(83,25740),(88,18798),(89,16955),(90,22477),(91,21358)]	112.587305
585	[(1,15552),(2,1147),(3,12979),(8,5249),(10,10564),(11,3621),(12,16682),(13,3172),(15,20601),(17,8620),(20,801),(21,33967),(24,6287),(25,16241),(26,13338),(27,12677),(32,24152),(34,29877),(35,17148),(38,800),(39,10089),(40,22432),(41,17428),(43,19397),(44,4546),(45,18562),(46,32141),(47,12126),(48,12415),(49,6393),(51,19959),(52,26199),(55,17823),(60,7504),(64,10185),(66,3268),(67,7148),(69,31804),(70,33574),(71,15979),(74,1833),(75,2519),(78,7565),(79,9916),(80,26998),(81,6346),(83,1878),(84,16166),(85,25219),(86,15485),(87,25118),(89,16690),(91,33493),(92,17701)]	108.857328
586	[(0,4147),(2,14724),(8,31834),(9,10260),(10,20464),(14,703),(15,6874),(16,31455),(17,21425),(18,23482),(19,16929),(20,11054),(21,24151),(23,33056),(26,15742),(28,8903),(30,6798),(31,29849),(34,14816),(36,27371),(42,31305),(44,23766),(46,22794),(48,25025),(49,21546),(51,2373),(52,29529),(53,6447),(54,17481),(55,24626),(56,25588),(59,20042),(61,33627),(62,4737),(63,3604),(65,10229),(70,19853),(72,9131),(74,10852),(75,5507),(87,6319),(89,7246)]	100.112934
587	[(0,10702),(1,23425),(2,6146),(5,33345),(6,33211),(7,15572),(8,20656),(12,3281),(14,21925),(15,28781),(16,14563),(17,17963),(18,16999),(19,30583),(21,14264),(22,15182),(23,6020),(25,18862),(27,24056),(28,20788),(32,27085),(33,3069),(38,2723),(39,7445),(40,19105),(42,6479),(43,16561),(44,16645),(45,24364),(49,26292),(50,8570),(51,4986),(53,23324),(54,21117),(55,21481),(56,32245),(57,12868),(58,23300),(66,11552),(67,2778),(70,10155),(71,12609),(72,13872),(76,14170),(79,21992),(80,12451),(81,4600),(84,8571),(90,5241),(92,27528)]	100.715231
588	[(1,6361),(2,10951),(3,19849),(7,1542),(8,31672),(9,29525),(10,4662),(11,27641),(13,28323),(14,33218),(15,17851),(22,18716),(31,29372),(32,25466),(33,6161),(34,6161),(35,21143),(37,29703),(38,26481),(41,2361),(43,3296),(44,2479),(45,33824),(48,19005),(49,21535),(50,13496),(51,12863),(52,16495),(54,9463),(56,33628),(58,16778),(60,6527),(63,16911),(70,25284),(78,21453),(81,8931),(83,26939),(86,32969),(87,31913),(89,14231),(91,22416),(92,11250)]	99.055872
589	[(1,32284),(2,13100),(3,22397),(5,21252),(6,8476),(12,22038),(13,17276),(14,17818),(18,21596),(20,13209),(21,15832),(22,17115),(23,26085),(27,31142),(34,14978),(35,13339),(37,31992),(38,8956),(39,16472),(41,31870),(43,6739),(44,26584),(45,20084),(51,33418),(53,10474),(54,31598),(56,11180),(59,31161),(61,21199),(63,8489),(65,21078),(70,10217),(71,20558),(74,11190),(76,10954),(79,1297),(82,20601),(83,27097),(84,24964),(85,27797),(86,9219),(89,1129),(90,4104),(91,26602)]	125.277795
590	[(0,10216),(1,15365),(3,19498),(5,32520),(6,12143),(7,8207),(9,31367),(10,32341),(11,18045),(13,14666),(14,30659),(15,14567),(16,21867),(18,21286),(22,23923),(23,20987),(24,32247),(25,26079),(26,13099),(28,5211),(29,26422),(31,29008),(37,1422),(38,11096),(39,6952),(40,4327),(41,28323),(42,33218),(43,24635),(47,25013),(49,27535),(50,32838),(51,21314),(52,23465),(54,33914),(55,8053),(57,7545),(58,28938),(59,405),(60,29871),(65,11850),(66,29607),(67,30972),(71,10144),(73,31767),(74,27971),(78,24331),(83,19729),(84,5415),(85,17338),(87,23241),(89,17094),(90,33979),(91,5448),(92,164)]	107.046446
591	[(1,29075),(3,24607),(5,11601),(7,2934),(10,27805),(13,21616),(16,7849),(19,26219),(20,20783),(21,4741),(24,2573),(25,24058),(26,16110),(27,14011),(30,19038),(31,18469),(32,9464),(33,532),(35,2520),(39,31572),(40,29284),(44,15596),(46,7310),(49,26803),(54,2996),(55,1659),(57,31986),(59,25170),(60,23983),(61,28600),(62,15266),(67,27814),(69,17184),(70,28059),(71,20519),(72,5771),(73,9805),(74,19575),(76,24309),(77,4239),(78,21178),(79,33859),(80,26050),(81,14161),(83,26979),(85,2764),(88,12301),(89,27802)]	100.654737
592	[(0,7741),(1,11829),(4,24069),(6,16273),(9,12721),(13,20862),(15,10853),(16,1426),(19,21778),(22,4007),(25,29555),(28,17618),(29,28698),(31,7431),(32,32097),(36,8159),(37,25321),(41,11977),(42,9625),(44,11638),(48,17978),(49,20549),(51,13236),(52,7570),(54,8028),(56,556),(59,25214),(60,14254),(63,29520),(65,18784),(67,2159),(69,10806),(73,19422),(74,360),(75,16943),(78,3098),(86,8243),(87,31648),(88,19037)]	113.166325
593	[(0,25216),(1,15928),(2,4634),(4,2191),(7,13063),(8,29784),(10,12648),(11,24921),(12,32616),(13,31917),(14,31260),(20,31058),(22,18687),(26,23551),(27,4950),(29,29441),(30,2856),(34,21314),(35,10906),(37,31768),(38,12003),(41,6608),(42,19099),(43,10404),(45,6540),(49,23218),(56,1108),(59,1949),(61,27484),(62,32567),(63,33845),(64,29103),(69,1347),(71,5343),(76,17316),(80,20925),(84,29658),(85,26692),(86,22204),(89,16981),(90,5771),(91,30434)]	132.259974
594	[(0,2811),(1,11558),(3,20932),(8,9491),(9,24456),(14,12819),(15,4502),(17,11340),(18,27902),(24,25115),(25,12219),(30,17718),(33,2638),(34,25332),(37,16379),(38,22589),(39,6014),(41,27536),(42,24706),(43,24748),(45,19631),(47,28941),(48,7780),(51,2255),(53,2480),(56,23711),(57,11992),(58,32459),(60,17547),(61,25961),(63,4864),(64,1771),(66,1287),(67,33710),(69,7570),(74,31132),(75,23070),(76,29563),(77,20075),(78,26484),(81,33600),(82,1543),(84,20603),(86,27043),(88,20888),(90,22789),(91,28807)]	114.826980
595	[(0,20637),(1,31664),(5,8868),(6,6868),(7,25635),(8,3388),(9,7305),(14,17999),(18,25135),(21,3340),(22,4960),(24,15855),(26,12513),(28,32674),(29,31467),(32,21817),(35,31424),(38,15613),(40,1855),(41,31417),(43,11404),(44,13261),(47,34085),(48,30732),(49,6623),(52,21474),(54,22372),(55,2055),(59,21192),(63,23275),(66,11259),(68,17209),(70,15066),(71,1946),(72,17888),(76,15923),(78,28541),(79,21836),(81,6534),(84,8211),(89,2708)]	104.822534
596	[(0,8037),(1,20318),(2,29055),(4,16749),(7,1525),(9,26237),(13,23154),(16,21956),(18,18139),(19,8731),(21,7094),(26,10169),(29,7983),(30,16089),(32,18453),(36,21847),(37,3997),(38,10282),(41,20271),(42,10340),(45,27184),(47,10636),(48,18744),(51,9003),(52,28787),(56,17022),(61,3857),(65,14311),(66,10225),(67,28860),(69,10141),(70,32657),(71,22009),(72,24326),(74,27163),(75,7189),(76,16427),(77,19434),(78,8336),(80,30735),(81,9205),(83,12137),(84,27327),(85,14916),(86,6689),(87,8232),(92,366)]	101.242182
597	[(2,2340),(3,14076),(4,31371),(5,4954),(6,31972),(8,25595),(9,4525),(11,16823),(12,8718),(13,444),(14,17216),(15,16277),(17,8465),(18,23549),(19,29113),(21,24885),(24,31457),(26,30196),(27,11026),(28,23788),(33,10522),(34,5701),(35,20335),(36,2331),(40,19001),(42,24652),(44,6360),(45,8458),(47,6728),(48,10704),(49,33412),(50,14985),(53,15360),(55,14787),(56,23673),(57,28582),(59,22489),(60,27618),(62,19521),(63,20466),(64,17840),(65,32254),(66,6441),(68,19731),(69,6335),(70,13875),(71,32652),(72,19352),(73,19075),(74,13949),(76,17360),(77,14976),(78,33879),(79,8119),(82,28392),(86,13436),(87,10357),(88,10323),(89,16781),(91,9421)]	96.276140
598	[(0,22913),(3,25325),(4,9167),(5,6695),(9,16425),(10,25866),(13,6655),(14,19957),(17,33589),(19,27292),(21,31957),(25,30448),(26,26184),(27,17192),(28,19444),(32,5528),(34,19323),(35,22587),(39,10666),(40,559),(42,112),(43,25700),(46,26853),(49,5607),(50,8),(51,28783),(54,29204),(57,11596),(58,4762),(59,26738),(60,10443),(62,20888),(63,13406),(65,19150),(66,75),(67,19581),(68,23096),(70,28728),(71,22185),(74,2436),(75,17680),(77,24860),(78,7316),(79,9498),(80,28544),(81,8968),(82,20089),(83,16080),(84,18517),(85,32574),(86,33879),(91,29822)]	126.284657
599	[(2,3257),(5,32750),(6,27516),(8,31691),(10,4133),(11,21528),(12,12592),(13,27493),(14,28979),(16,26606),(17,32947),(18,24539),(20,26986),(21,22830),(22,19281),(30,3186),(32,18492),(33,20414),(34,24638),(35,9019),(40,3116),(41,10122),(42,16685),(44,18768),(46,13159),(50,5184),(52,11067),(53,24552),(54,19309),(55,7533),(56,2525),(57,8208),(62,28954),(63,27850),(64,13335),(65,9658),(66,16004),(67,11431),(68,9211),(71,10107),(79,28265),(84,9717),(86,16562),(89,29271),(91,13865),(92,26228)]	101.612550
600	[(2,10540),(3,25859),(4,29238),(5,18180),(8,14483),(9,18955),(10,21452),(11,27132),(15,21103),(17,22346),(19,15309),(20,31918),(21,15516),(24,8897),(26,19705),(29,11702),(30,19760),(31,20291),(33,14937),(34,31832),(36,8135),(39,27671),(40,12231),(42,27509),(48,1313),(49,22140),(52,3473),(54,4517),(57,4560),(58,11926),(60,23074),(63,4981),(67,33887),(69,17310),(71,6683),(74,13404),(76,20104),(80,20626),(82,33372),(85,18366),(86,22649),(89,10902)]	97.708053
601	[(2,1808),(3,7973),(5,7916),(6,4125),(7,2449),(8,2782),(9,17825),(10,29663),(12,31595),(13,5738),(15,11956),(16,5757),(19,10822),(20,1573),(27,13495),(28,17335),(29,276),(32,4325),(34,30276),(35,12282),(36,28316),(38,17950),(39,5502),(41,13401),(44,7736),(45,25757),(47,31879),(48,22657),(49,33625),(50,4129),(51,15303),(52,16109),(53,33223),(54,3609),(57,26842),(59,9866),(60,30075),(61,22266),(62,26878),(63,402),(65,29129),(66,14707),(67,22137),(69,15243),(70,30286),(71,5879),(72,29174),(74,1509),(75,27201),(76,11273),(78,3454),(81,21234),(83,4418),(85,19863),(86,29660),(87,21184),(88,27174),(89,2483),(91,22545),(92,20534)]	99.010416
602	[(0,1158),(3,13944),(4,28077),(5,18860),(6,30514),(7,7108),(8,23912),(10,29299),(12,12816),(14,4408),(16,11443),(17,20251),(18,12326),(19,7274),(20,10360),(23,7697),(24,14644),(27,21458),(29,26545),(31,24726),(32,17264),(34,12768),(35,17513),(36,32290),(37,8945),(39,25379),(41,30760),(42,29600),(43,27556),(44,12008),(47,10647),(50,20210),(51,33995),(52,32718),(54,20803),(55,24951),(58,17812),(61,19798),(62,30727),(64,8949),(65,28000),(66,8897),(67,20627),(69,30093),(70,26752),(71,12043),(72,19688),(73,5969),(75,31705),(77,27998),(78,10284),(80,22318),(81,15012),(82,12376),(84,24728),(87,1811),(88,19143),(89,10621),(91,25628)]	116.229425
603	[(0,22431),(4,31915),(6,21429),(12,8827),(13,23195),(14,15393),(16,29147),(17,33237),(19,15528),(21,15295),(23,16706),(24,14834),(26,15054),(28,10220),(29,24460),(30,20753),(31,25456),(32,8964),(40,20869),(42,33042),(45,21938),(46,33561),(49,29478),(51,4011),(57,6177),(60,2575),(62,24200),(63,8598),(67,29376),(68,12159),(72,13156),(73,28712),(85,20391),(87,12075),(91,2928),(92,4900)]	108.372517
604	[(4,11445),(7,9347),(9,8656),(10,12885),(11,24059),(12,18948),(13,3958),(16,26518),(17,7356),(21,29075),(28,11717),(29,9064),(31,28907),(33,15286),(36,12362),(39,32498),(42,29981),(46,2263),(47,32224),(56,4151),(59,31307),(63,28253),(66,17895),(67,6035),(71,10206),(72,11626),(74,25828),(77,30188),(79,23452),(80,12537),(83,12298),(85,32393),(88,3251),(89,32130),(90,23338)]	108.037772
605	[(1,2050),(2,26863),(6,14993),(7,14704),(8,25732),(16,32543),(18,3738),(19,4043),(20,4209),(22,27514),(24,20796),(26,26261),(27,9894),(29,22752),(31,9389),(34,26780),(37,17532),(39,15560),(41,25348),(44,26344),(45,30388),(46,6832),(48,19652),(49,25747),(50,7394),(53,24934),(54,21042),(56,2866),(59,7869),(60,21664),(65,6747),(71,31274),(73,31410),(77,23235),(79,19723),(82,6448),(84,17712),(85,21155),(86,20982),(88,21755),(89,9681),(90,15241),(91,21075),(92,23054)]	100.373922
606	[(0,17432),(1,2274),(3,14542),(4,5485),(5,32681),(7,19616),(12,31018),(13,5486),(14,12750),(16,28048),(17,33498),(19,599),(21,6650),(23,17961),(25,25989),(28,5118),(30,25572),(31,5931),(32,15317),(34,30779),(35,17004),(36,16259),(37,18159),(41,30664),(42,6772),(43,13862),(44,24150),(45,2782),(48,4579),(49,1592),(50,12466),(52,31169),(53,16925),(54,22223),(56,27388),(58,11783),(61,29058),(62,2257),(63,14992),(64,21195),(65,3743),(67,29697),(68,33906),(69,31323),(70,5866),(72,28752),(73,3611),(76,33850),(77,14833),(81,2822),(83,17412),(87,6818),(88,1845),(90,13530)]	104.566345
607	[(1,18059),(2,25346),(4,21011),(5,29769),(7,18430),(9,14922),(10,17725),(11,10010),(13,19727),(16,14102),(20,24651),(21,30823),(25,1446),(27,12425),(28,17383),(29,27260),(30,29788),(31,18147),(32,27494),(33,12428),(35,25026),(36,1876),(38,17102),(39,13728),(42,5640),(43,1204),(45,10872),(48,2086),(49,21485),(50,25356),(52,12970),(55,9300),(57,14770),(59,18579),(60,12807),(64,5010),(67,21758),(68,27743),(71,4507),(72,11880),(74,19827),(75,30858),(78,5015),(80,5644),(81,20883),(84,5466),(87,20491),(88,24906),(89,7740),(90,18045),(92,14666)]	108.326549
608	[(2,22947),(3,28110),(5,23262),(9,29957),(13,32575),(15,25913),(16,23204),(17,15077),(19,24880),(20,1820),(25,33243),(26,12809),(27,6082),(28,7423),(29,26075),(35,30732),(37,25006),(39,25457),(40,28955),(42,5266),(43,8606),(44,8106),(45,7186),(47,21324),(49,1046),(51,24955),(52,24012),(54,33969),(63,16448),(64,32232),(66,19317),(69,16820),(71,29215),(72,25128),(73,21019),(74,15711),(78,707),(82,26152),(83,1624),(85,25332),(92,28559)]	121.951889
609	[(0,25292),(3,11005),(4,24932),(5,17631),(6,20619),(7,9262),(10,9398),(11,2212),(14,26597),(16,16749),(18,30173),(19,18182),(20,29044),(21,12639),(22,19634),(23,20745),(25,24452),(28,391),(33,7047),(35,30146),(36,16984),(38,29094),(39,471),(40,26550),(41,5670),(43,7593),(44,12337),(45,24054),(46,3767),(50,13767),(51,28304),(53,31977),(55,10198),(56,26896),(59,12120),(60,31997),(62,33572),(66,20829),(69,32637),(71,16455),(72,12441),(77,17960),(78,30611),(80,11998),(81,19872),(83,13151),(84,259),(92,7345)]	95.882394
610	[(0,31222),(1,9077),(4,29801),(6,2221),(7,16618),(8,7568),(11,26022),(12,27714),(13,16921),(14,28015),(15,9981),(18,5902),(19,9034),(23,3851),(26,27090),(33,19154),(35,10896),(39,8643),(41,9010),(44,20243),(46,23052),(47,20075),(49,29053),(50,8134),(51,28046),(52,23560),(53,2064),(56,23928),(58,28334),(60,23128),(62,32283),(63,30035),(64,20505),(67,4136),(68,25351),(72,30732),(74,33668),(75,13367),(76,5943),(79,16869),(80,28118),(83,24892),(85,10557),(87,2076),(89,9947),(90,7779),(91,15435)]	98.978872
611	[(2,7292),(3,5388),(6,25314),(10,30010),(11,5240),(12,6916),(13,29764),(14,4987),(15,8985),(16,4271),(20,13421),(22,19485),(24,13204),(26,29359),(27,9961),(30,4072),(34,34001),(35,33943),(36,19003),(38,5820),(39,28440),(41,22636),(42,23856),(43,8200),(44,13676),(45,23800),(47,3789),(49,6141),(51,10034),(52,11488),(53,6943),(54,12959),(57,4524),(58,30939),(59,12894),(62,9774),(63,20304),(64,16618),(71,12582),(76,27090),(80,15903),(81,11018),(82,3138),(84,33423),(90,14770),(91,11687)]	104.682640
612	[(1,9376),(2,17386),(3,30405),(4,16358),(5,27599),(9,5847),(10,30187),(11,8055),(13,27263),(19,31024),(20,10453),(22,28137),(23,1869),(27,31595),(28,5738),(29,5318),(31,6078),(33,17191),(35,10653),(36,20859),(38,8436),(41,21686),(45,9065),(46,31722),(48,27933),(49,32338),(51,13323),(52,1413),(53,1308),(57,20005),(60,21),(63,4788),(69,32936),(70,4622),(73,11259),(77,11189),(79,22598),(81,18048),(92,30776)]	105.660536
613	[(1,11918),(3,8200),(4,13676),(5,14374),(9,23943),(11,7951),(12,11811),(13,5885),(16,16429),(17,11083),(20,29914),(22,1450),(23,9277),(24,6567),(25,28228),(28,16393),(29,33963),(31,4943),(33,7561),(38,16872),(39,17628),(43,12832),(44,33189),(47,12814),(48,14857),(49,4428),(51,5384),(52,9415),(54,16357),(55,22969),(59,11979),(60,19623),(64,31507),(65,7671),(66,5069),(68,27616),(69,20137),(70,3837),(72,11551),(73,22810),(74,3263),(75,2136),(76,29026),(77,27943),(79,32132),(80,12994),(84,12216),(85,32805),(86,29623),(87,2362),(92,26196)]	99.908070
614	[(0,3288),(3,12816),(6,6688),(7,20833),(9,27822),(12,4320),(13,20553),(14,21107),(15,4623),(16,1692),(17,11891),(18,12495),(19,2051),(20,33564),(22,12063),(25,25011),(27,31624),(29,7981),(30,24551),(31,22862),(33,21167),(35,17897),(36,8270),(38,19831),(40,23057),(41,495),(43,18680),(45,8378),(46,4664),(53,6684),(56,17177),(60,12627),(62,29194),(64,31560),(65,2512),(66,1479),(68,33095),(69,12433),(70,11232),(71,32645),(73,21818),(75,360),(76,16083),(78,27313),(80,24812),(82,15009),(84,26918),(85,21606),(88,22718),(89,30657),(90,17244),(91,13474),(92,13411)]	100.538356
615	[(1,19271),(3,25913),(6,4530),(10,23515),(16,31717),(19,20484),(21,29017),(23,11176),(24,4286),(25,19038),(29,2988),(30,18438),(31,12983),(33,26709),(35,29749),(36,25842),(37,2755),(39,23925),(40,7683),(42,24492),(43,22635),(44,28459),(45,24377),(46,1821),(47,179),(49,10801),(50,33652),(52,6883),(54,23338),(55,12907),(56,13683),(57,27387),(59,1155),(60,15454),(61,15348),(63,263),(68,23618),(69,29276),(70,18411),(71,9420),(72,4166),(75,10670),(76,22187),(80,22351),(81,756),(83,1890),(84,29132),(91,25043),(92,11815)]	98.161773
616	[(1,15759),(2,31115),(6,33090),(7,22488),(9,13112),(10,30079),(14,1569),(15,16334),(16,18855),(17,14),(18,5831),(20,3649),(23,15631),(25,9729),(26,392),(27,34086),(28,7444),(30,20124),(31,33752),(32,6940),(33,541),(37,18572),(39,8795),(41,1599),(42,24431),(43,28084),(44,10165),(45,11367),(47,4241),(48,10709),(50,15789),(59,9726),(61,30006),(67,3539),(70,14968),(72,249),(73,29108),(74,2839),(75,29138),(76,13652),(78,1415),(80,10620),(81,33262),(82,6200),(85,353),(86,31624),(92,23831)]	98.098650
617	[(1,15739),(6,3021),(7,17441),(8,29165),(9,13414),(10,11803),(14,19196),(16,18653),(17,610),(18,5910),(25,12237),(27,9832),(29,4035),(35,13461),(36,19596),(38,3199),(41,29799),(42,19476),(44,13425),(45,10783),(46,24049),(48,702),(52,33108),(53,6213),(59,12901),(60,1341),(61,27259),(63,28947),(64,11498),(65,15843),(66,18557),(67,12344),(68,23815),(72,3437),(73,16136),(74,15029),(77,18945),(79,12909),(80,3582),(81,12556),(82,24749),(87,28356),(88,6431),(91,28739)]	105.150447
618	[(1,23049),(9,48),(10,14957),(11,22948),(13,11058),(15,25657),(16,24508),(17,3185),(18,280),(19,12743),(22,12414),(23,22587),(25,24381),(26,1128),(28,11593),(29,6621),(31,11130),(37,22439),(44,14273),(45,24284),(47,21457),(48,19514),(50,17252),(52,26434),(53,6148),(57,16587),(60,7844),(61,15932),(67,20927),(70,26240),(74,32377),(77,27345),(81,19285),(82,15629),(84,4529),(85,11141),(86,8946),(87,5956),(88,14368),(89,2244)]	124.613882
619	[(1,27330),(5,17859),(7,32535),(14,5239),(15,19213),(20,4686),(22,573),(23,31430),(24,26942),(25,6842),(26,23103),(29,20370),(32,21628),(35,4245),(36,26052),(37,32066),(38,30521),(40,31296),(41,33966),(44,4532),(46,11491),(47,19269),(49,17437),(52,15920),(53,14202),(54,25893),(56,28955),(57,8022),(60,15828),(61,856),(64,4437),(68,26954),(69,20185),(78,29256),(79,15277),(80,23995),(81,14444),(82,4494),(88,34081),(91,3939),(92,19970)]	98.080430
620	[(0,14464),(1,18978),(2,7993),(3,24459),(10,5786),(11,18169),(13,15546),(14,22267),(15,11922),(16,27504),(17,16425),(18,21790),(22,19358),(24,30111),(25,21701),(29,11300),(32,10198),(34,27248),(35,21414),(37,12463),(38,9449),(40,6717),(42,14616),(44,12602),(46,27593),(48,9568),(49,16978),(51,25306),(54,18903),(56,2298),(58,19312),(59,33276),(63,1779),(64,28768),(66,22944),(67,31397),(68,14874),(69,30999),(70,4197),(71,30821),(74,24287),(75,11652),(76,23157),(77,1206),(81,33508),(85,7858),(88,15865),(89,11793),(90,8031),(91,22413)]	99.052971
621	[(0,3070),(1,737),(4,31220),(8,13019),(9,8904),(10,12689),(11,30999),(12,33333),(14,27378),(19,24318),(20,6916),(22,27414),(23,3308),(24,12604),(25,29469),(28,12492),(29,217),(30,4762),(31,15100),(32,1200),(33,6918),(34,17888),(36,31714),(37,10579),(39,33501),(40,5458),(42,6894),(43,31006),(44,12859),(46,6639),(47,30941),(48,20365),(49,24848),(50,15183),(56,24438),(57,22467),(59,23840),(60,1166),(61,3981),(67,28160),(68,13859),(69,24155),(71,28414),(72,11026),(73,23788),(74,32767),(76,24559),(77,4831),(78,28809),(81,18480),(83,6890),(85,18220),(88,23660),(89,1562),(90,13073)]	100.677153
622	[(3,15426),(4,30127),(8,12335),(9,13907),(10,24986),(11,16621),(14,7930),(15,8163),(16,29846),(18,31949),(20,14900),(27,16712),(28,24797),(30,31497),(33,28310),(34,12190),(36,28319),(37,26013),(38,6423),(46,23963),(50,5898),(52,28335),(53,21995),(54,5455),(57,20912),(58,12616),(59,2513),(60,27020),(68,21609),(69,16585),(70,8358),(73,3408),(77,1322),(81,8852),(83,4631),(85,29943),(90,30104),(91,15070),(92,22385)]	100.715087
623	[(0,26275),(2,33425),(3,6934),(5,207),(6,2591),(10,26600),(11,845),(13,17085),(14,28053),(17,24537),(18,32004),(20,5059),(21,22197),(22,8624),(24,16458),(26,4072),(30,34001),(31,33943),(33,2491),(34,31976),(36,5870),(37,30673),(42,31750),(43,25775),(45,6731),(49,33811),(51,14366),(52,13629),(53,7239),(55,5412),(56,608),(57,19243),(58,10871),(61,28640),(62,8824),(65,28779),(66,20425),(73,13724),(77,867),(78,25625),(80,3607),(83,29224),(85,11367),(86,19353),(87,2495),(88,19598)]	102.292339
624	[(3,4845),(4,12450),(7,25634),(8,6511),(9,4318),(12,20709),(15,4543),(16,3466),(18,19624),(23,26802),(24,6895),(26,3354),(28,7365),(29,21259),(32,21354),(34,14138),(37,6938),(38,12053),(39,32426),(41,22073),(44,2643),(45,32614),(46,26571),(47,25590),(48,20730),(49,13549),(50,20450),(51,28390),(52,3530),(53,17695),(54,17025),(57,27408),(61,28318),(62,28401),(64,2042),(66,12652),(71,4381),(73,28671),(75,14896),(78,23903),(80,22312),(81,32985),(82,21559),(85,13488),(86,31361),(87,28490),(90,33567),(91,30809)]	103.209123
625	[(0,27005),(1,12364),(2,28701),(6,15479),(7,22367),(8,27123),(10,27607),(11,20958),(12,32946),(15,18406),(18,2623),(20,32919),(23,5690),(25,28598),(26,9353),(27,16452),(29,19560),(31,17683),(32,29656),(35,7027),(36,20266),(37,21960),(39,2827),(40,709),(44,6288),(45,3331),(47,11536),(48,4268),(52,22012),(57,31193),(59,5877),(60,19513),(64,14856),(65,27156),(66,20610),(68,21343),(69,7049),(71,9069),(73,4063),(76,16864),(77,10324),(85,10744),(86,15629),(88,23738),(89,28762),(90,20541),(91,27774)]	99.737534
626	[(0,16234),(1,15621),(2,2703),(5,19251),(16,33178),(17,32636),(18,18185),(22,281),(23,26337),(28,29717),(29,33322),(32,20760),(33,245),(34,6094),(36,3024),(37,7132),(40,22831),(41,1945),(43,20353),(44,26278),(45,5173),(46,13083),(48,3003),(49,899),(50,2516),(51,28809),(53,31826),(54,17475),(55,6513),(56,5197),(58,15388),(60,24484),(63,11055),(64,12605),(65,26255),(69,32423),(74,9133),(75,4202),(79,18064),(80,29058),(81,16175),(85,11029),(86,24665),(90,2497)]	102.888580
627	[(0,26562),(4,33727),(8,11552),(9,14627),(10,6292),(15,14359),(16,31784),(19,12131),(21,22278),(22,3650),(23,13299),(26,10993),(27,29773),(28,7466),(29,31641),(32,9839),(33,25459),(34,1514),(36,5195),(37,23956),(38,13743),(43,11594),(46,23020),(49,2804),(52,25864),(53,25070),(54,32471),(55,23694),(56,29128),(57,12789),(58,25635),(67,11793),(69,15637),(70,10712),(71,20777),(75,19916),(77,4619),(78,8481),(79,7283),(83,13525),(85,2135),(87,12064),(89,27882),(92,32882)]	99.065814
628	[(0,8832),(1,31091),(4,21610),(5,24086),(6,19046),(8,21580),(9,18798),(11,17360),(12,5277),(13,28809),(16,22862),(17,11057),(19,5562),(23,1836),(24,27009),(26,20441),(27,7735),(29,29635),(30,29094),(31,29864),(32,23802),(33,17661),(34,2073),(41,24131),(45,27545),(46,12479),(50,20606),(52,17956),(55,6441),(56,8795),(59,9849),(60,31962),(61,11453),(63,31738),(64,12845),(66,21069),(67,24208),(68,4938),(69,29965),(70,33539),(72,6548),(78,26636),(79,3248),(83,12790),(84,26171),(87,6921)]	128.011664
629	[(1,2952),(3,31154),(7,15773),(8,10170),(12,6399),(13,2717),(15,25190),(16,17277),(18,30051),(19,21881),(21,15258),(22,18678),(25,19357),(27,21536),(28,28222),(29,12660),(33,393),(34,4185),(38,19798),(39,31879),(40,22657),(41,22681),(43,10879),(44,26098),(45,25542),(46,31080),(49,13783),(51,23690),(52,4261),(54,17503),(55,19433),(56,4043),(58,20176),(61,15924),(63,30161),(65,9865),(66,33893),(70,4675),(73,5654),(74,30248),(77,4661),(79,4500),(80,20833),(84,14158),(85,23967),(86,11085),(87,27227),(89,20008),(90,7295),(92,10436)]	99.979365
630	[(1,13344),(3,28635),(5,9515),(6,24531),(7,5093),(8,12349),(9,4152),(10,11880),(13,22661),(14,23807),(15,26159),(18,1063),(19,3653),(20,27539),(22,9629),(25,8817),(26,27350),(27,13737),(28,18888),(30,33431),(31,13088),(34,5436),(36,23484),(37,15177),(39,15183),(40,30022),(42,21957),(46,14005),(53,20554),(55,18226),(57,33338),(58,9452),(59,5845),(60,6537),(63,2213),(64,32912),(65,7724),(68,29137),(70,4706),(71,2279),(73,805),(74,20397),(75,32646),(76,31426),(78,29743),(82,11843),(83,28587),(84,15768),(89,28720),(91,1928),(92,30250)]	104.101112
631	[(1,29844),(2,18216),(4,841),(5,29711),(7,10678),(8,28844),(12,16965),(13,21826),(16,6912),(17,4611),(20,12775),(26,10098),(28,31680),(32,32045),(34,9349),(35,27722),(36,30340),(38,9645),(39,5068),(40,8004),(44,9542),(45,28358),(46,6404),(48,27071),(55,28051),(56,6807),(58,4773),(60,22764),(61,18871),(62,18199),(66,22886),(69,3247),(70,19978),(71,6334),(72,25669),(73,12626),(74,31050),(75,5342),(76,10099),(77,19078),(78,15744),(82,10498),(84,18968),(85,947),(91,33354)]	111.038228
632	[(1,22430),(2,25454),(3,17017),(4,27665),(6,26434),(8,8868),(9,22012),(10,33177),(11,2851),(15,29158),(20,11647),(21,1757),(23,28467),(24,20107),(26,8046),(31,30981),(32,21529),(35,24553),(37,1023),(40,23042),(41,29158),(42,4376),(44,23120),(45,18429),(48,3163),(50,26402),(51,22934),(53,27939),(54,10638),(55,7476),(56,28026),(57,33368),(58,10776),(59,23996),(61,14911),(62,11786),(64,12683),(65,20566),(68,28008),(79,31974),(81,3929),(82,2601),(83,19375),(86,17848),(90,33493),(91,10744)]	111.206278
633	[(4,1540),(6,15028),(7,23625),(11,10489),(16,13595),(17,25012),(18,9299),(21,24119),(22,34038),(25,30507),(27,16986),(29,25806),(30,30869),(31,3732),(35,2430),(37,22073),(40,16365),(41,24349),(43,22630),(46,6947),(48,5685),(49,23918),(52,6765),(53,25819),(54,8457),(57,18558),(59,529),(60,15850),(61,30735),(62,9205),(64,15897),(65,9479),(67,12206),(68,6490),(69,11880),(72,16973),(75,24753),(77,19928),(79,28949),(80,6923),(81,33893),(82,13046),(84,5715),(85,29908),(88,8818),(90,8234),(91,22560)]	112.162736
634	[(0,10042),(1,20858),(2,24031),(4,30143),(5,29124),(8,29155),(9,7301),(11,1858),(12,4929),(13,31294),(16,29709),(17,20050),(19,9208),(24,1908),(25,13760),(27,20208),(28,28644),(30,10888),(32,14100),(34,28087),(35,25693),(38,15677),(40,1974),(44,16404),(45,29634),(46,12954),(48,23244),(49,11466),(50,27318),(53,8242),(54,13734),(55,4448),(56,2294),(57,19999),(63,31228),(64,18322),(65,32555),(66,28518),(68,10083),(69,11739),(70,31217),(71,28849),(72,14848),(73,15284),(75,783),(78,21362),(79,28408),(84,31838),(88,11238),(89,22469),(90,16106),(92,14575)]	102.512373
635	[(0,2623),(2,12912),(6,33540),(7,3538),(8,22),(9,23651),(10,1832),(13,15883),(14,22014),(16,33858),(17,18048),(18,16581),(19,27705),(20,23052),(21,20075),(22,18589),(23,11607),(24,25930),(27,28071),(34,27187),(35,6421),(36,19271),(37,23152),(38,3924),(40,21196),(41,20620),(44,12212),(46,10161),(47,11484),(51,12043),(52,19688),(53,29476),(56,5416),(57,8365),(58,4084),(59,6040),(60,28058),(63,27235),(67,10479),(68,21894),(69,2530),(70,2180),(74,18485),(78,32814),(79,2050),(81,5513),(82,2224),(83,21008),(84,5144),(85,6309),(88,18216),(90,8950),(91,8532),(92,24915)]	104.767281
636	[(0,7947),(2,8928),(3,3032),(4,16133),(5,17898),(10,3125),(11,7534),(12,13278),(13,33835),(14,1542),(15,31672),(16,13528),(17,14899),(18,20366),(19,32594),(20,32458),(25,33659),(26,14072),(28,17193),(32,8031),(33,22413),(36,25934),(38,1078),(39,15641),(41,3611),(44,11561),(45,25374),(47,12174),(49,11827),(56,19696),(57,14452),(58,791),(59,13980),(60,33217),(64,31612),(65,25055),(67,30790),(68,31847),(70,16677),(72,5507),(74,19004),(75,30058),(76,2867),(78,20881),(83,23019),(86,30022),(90,15677),(92,17511)]	114.544631
637	[(1,13483),(6,32654),(7,24901),(9,14276),(10,3307),(11,4297),(12,27377),(14,2611),(15,32714),(18,708),(20,16368),(22,26092),(24,11436),(25,20879),(28,1631),(29,4454),(30,15276),(31,27584),(32,13733),(33,29766),(36,14221),(40,18014),(41,18012),(42,2022),(44,27900),(45,18252),(46,6035),(48,23747),(49,29465),(50,8432),(53,23536),(55,14244),(56,3212),(57,10975),(59,10873),(60,30638),(61,14659),(62,23265),(63,16226),(64,32286),(65,28929),(67,24551),(68,18480),(69,12364),(70,22913),(71,16931),(74,15608),(75,28824),(78,528),(81,4248),(83,7460),(84,13865),(85,26228),(88,27610),(92,20081)]	128.172291
638	[(2,1183),(4,28478),(7,25639),(8,3943),(9,6889),(10,26669),(11,26145),(16,20563),(20,20622),(22,12259),(27,4898),(28,14256),(29,12120),(30,29767),(31,1583),(33,22227),(34,27120),(35,23016),(37,24213),(38,3138),(41,10681),(43,30739),(45,4894),(46,18937),(47,33227),(49,9876),(55,21192),(57,10776),(58,12216),(61,20386),(62,24879),(65,26783),(67,25478),(68,15469),(71,6601),(73,12727),(74,30174),(75,21741),(77,29842),(78,2857),(79,11479),(81,8126),(83,7373),(84,27545),(85,24816),(86,14753),(88,24254),(90,19321),(91,32558),(92,6250)]	109.022564
639	[(2,28021),(3,27257),(4,31055),(5,7661),(7,6298),(8,21673),(9,19365),(11,1893),(17,8243),(18,31648),(21,24352),(23,32372),(25,186),(29,32811),(30,11218),(32,13671),(33,20493),(34,12684),(38,11442),(39,3209),(40,18560),(41,5208),(42,11854),(44,1803),(48,29654),(49,24147),(50,30959),(52,8469),(54,14908),(55,8535),(57,12227),(60,8968),(63,8501),(64,16631),(66,11252),(68,21387),(78,9562),(79,33939),(80,3720),(84,24369),(85,17423),(86,128),(88,10721)]	102.381631
640	[(1,24062),(3,5954),(6,23900),(8,7845),(11,9594),(14,18673),(15,31116),(16,22176),(19,6654),(22,28585),(23,24774),(25,16104),(29,13420),(30,3964),(32,21033),(33,23302),(34,22912),(35,19809),(36,17260),(39,6785),(43,12886),(46,23770),(48,23039),(49,10808),(50,18595),(51,18020),(53,24662),(54,6520),(55,12296),(61,29293),(62,28716),(63,13479),(64,16793),(66,17717),(67,6698),(68,6982),(69,16434),(72,15488),(73,25556),(74,16706),(75,2982),(76,17052),(77,18354),(78,4531),(79,26617),(81,7846),(84,27074),(87,11379),(89,16280),(90,10663),(91,7850)]	114.414690
641	[(1,12135),(2,31754),(6,4056),(7,6438),(8,15018),(9,19190),(10,5716),(11,24851),(13,20637),(15,19646),(17,4710),(19,5719),(20,924),(21,7577),(22,11002),(24,4389),(26,4945),(28,26478),(30,12279),(32,31072),(33,21335),(35,21922),(36,17318),(40,32025),(41,24843),(42,28201),(43,3117),(44,12595),(45,6177),(46,24989),(47,9019),(50,30384),(51,20422),(52,15395),(59,23988),(62,2040),(63,32864),(65,14970),(66,32366),(67,9906),(71,15555),(72,5116),(73,6938),(74,7219),(76,15590),(78,9342),(82,14959),(83,27254),(86,11733),(88,16092),(89,11331),(90,101),(91,8525),(92,305)]	118.663462
642	[(0,20140),(1,20763),(2,19235),(3,5946),(5,14732),(8,696),(9,22616),(14,5712),(16,25895),(20,15334),(23,11459),(26,31419),(27,34084),(29,33449),(34,16485),(35,7860),(36,1394),(37,14288),(39,31875),(40,9396),(41,6752),(43,14272),(49,7510),(53,23037),(54,7110),(55,3806),(56,25798),(57,13082),(58,19810),(59,15200),(61,5117),(63,25503),(65,24841),(66,2381),(70,7060),(73,5730),(74,14283),(75,987),(76,13552),(82,12479),(85,4010),(87,16498),(89,647),(90,18940),(91,8510),(92,3826)]	107.267232
643	[(2,13331),(5,21053),(6,16465),(9,9897),(13,6914),(14,16588),(18,28193),(19,24761),(21,17333),(22,23722),(24,16130),(30,28057),(32,11915),(41,3903),(43,25353),(46,19457),(51,25422),(54,3493),(57,26655),(59,30765),(60,10253),(61,14431),(65,8677),(66,16979),(68,23968),(69,799),(70,10338),(71,29338),(72,20467),(73,32072),(74,18427),(75,26163),(77,13922),(79,16269),(80,8753),(81,3954),(82,12750),(85,7883),(87,8474),(90,9245),(92,14345)]	101.950805
644	[(0,9266),(1,11184),(3,1467),(5,14373),(6,28975),(9,1422),(10,11096),(12,7298),(13,22221),(16,13187),(17,33559),(20,29952),(21,12840),(22,15551),(23,2185),(24,1202),(26,7011),(31,4988),(32,2475),(34,459),(36,12270),(37,23098),(38,23440),(39,14687),(41,10116),(44,31933),(45,6981),(49,19694),(50,14845),(51,32370),(52,99),(54,12128),(56,10963),(57,20506),(58,7340),(61,6346),(63,33338),(66,8023),(67,3509),(69,8615),(71,5824),(73,30020),(75,6999),(78,8369),(80,31966),(81,27278),(86,1368),(87,14705),(89,14886),(91,10452)]	98.449691
645	[(0,17291),(3,18387),(4,7416),(6,18358),(7,4774),(9,18680),(10,28642),(11,30116),(12,32326),(13,22555),(16,20780),(17,12132),(19,17237),(21,19009),(22,15605),(28,30373),(30,12129),(38,15407),(40,26323),(41,22000),(42,33695),(44,15171),(45,22696),(46,31999),(49,18278),(50,2374),(52,1012),(53,12103),(54,13374),(55,27694),(56,6515),(59,3255),(60,1619),(61,27271),(63,29385),(65,30217),(67,9246),(69,19197),(71,15920),(72,10570),(74,20933),(78,30329),(81,10853),(82,3700),(83,2562),(85,11994),(87,33593),(88,33452),(90,20369)]	116.944357
646	[(0,34078),(1,23309),(2,33579),(3,25460),(6,20258),(7,29478),(9,14878),(11,20978),(12,8798),(14,21299),(15,11908),(16,4733),(17,11341),(19,13748),(20,16820),(23,13942),(25,22377),(26,27263),(29,5862),(31,32461),(32,32257),(33,23637),(34,10356),(35,1678),(37,29416),(38,28168),(41,9791),(42,27750),(43,33840),(44,7637),(45,17015),(47,7190),(48,22272),(50,15107),(51,20774),(52,2647),(53,9150),(54,8821),(55,19800),(56,8996),(59,30617),(60,4864),(61,1771),(67,32878),(69,19423),(70,30526),(71,3207),(72,6648),(73,14973),(74,12246),(76,8314),(78,32333),(79,19022),(82,15712),(84,13822),(89,33138),(91,33629)]	121.144423
647	[(1,16322),(4,31485),(5,25512),(6,25925),(7,10478),(8,29144),(9,5270),(14,23836),(15,10984),(16,21415),(17,30611),(19,11998),(23,29312),(25,20809),(26,20442),(29,24134),(31,2400),(34,11520),(36,22633),(38,2790),(39,26895),(40,14495),(41,32525),(42,3121),(44,17063),(45,9184),(46,21113),(47,22787),(48,3356),(52,26613),(53,3892),(57,9228),(59,7811),(62,21043),(67,33972),(68,2273),(69,24763),(71,1657),(73,5468),(75,2386),(77,29028),(78,17176),(79,25307),(81,1168),(82,3228),(83,21310),(84,17106),(85,33682),(86,13945),(87,10364),(90,31906),(91,28650),(92,20215)]	126.499882
648	[(0,900),(1,28408),(3,10664),(4,16408),(8,27463),(9,30841),(10,24582),(12,10612),(17,19223),(19,16231),(21,2584),(23,17945),(24,8698),(25,25000),(28,15862),(30,16125),(34,14123),(35,7589),(37,23715),(39,13719),(41,22947),(44,2076),(45,4979),(46,33370),(47,17635),(48,1928),(49,30250),(50,18950),(51,19610),(54,23215),(58,32919),(60,19472),(61,13482),(62,14425),(64,32984),(65,26399),(69,6574),(70,24957),(71,3542),(72,6663),(76,6121),(80,20415),(81,24348),(83,29472),(84,8770),(85,9402),(86,18306),(90,8001),(91,22938),(92,11203)]	120.764971
649	[(0,4738),(1,28639),(2,28220),(5,7282),(8,14949),(9,23141),(10,31110),(12,29962),(13,8030),(15,30574),(18,7513),(19,19910),(20,23426),(22,17796),(23,12116),(27,25559),(28,30468),(29,31087),(30,6383),(31,18409),(33,31190),(34,2548),(36,3851),(38,7488),(39,30269),(41,26649),(44,33006),(45,4681),(46,24128),(48,22221),(49,22473),(51,27635),(53,22693),(58,7753),(59,16767),(60,14638),(62,6490),(65,19036),(67,30075),(69,16177),(70,26208),(74,15776),(77,13770),(79,32887),(84,24173),(91,30949),(92,33554)]	119.958136
650	[(0,6537),(3,54),(4,8540),(7,2566),(9,28599),(10,32546),(12,5129),(13,16716),(18,11788),(19,14242),(21,14677),(22,23691),(24,13159),(26,6599),(27,16433),(28,30800),(29,3968),(32,33388),(33,30917),(36,20336),(40,12833),(43,29164),(44,18071),(46,21024),(47,28086),(48,19460),(49,19574),(51,24403),(52,13065),(55,32665),(56,6530),(60,21839),(63,4488),(66,31786),(67,7899),(68,9627),(69,33085),(71,5914),(72,25853),(74,18957),(75,30984),(76,1189),(78,27891),(81,13990),(82,33943),(83,19003),(88,3991),(89,16269),(90,29912)]	113.406840
651	[(1,26760),(4,6414),(5,4725),(9,4529),(11,17587),(13,22093),(15,31624),(17,27913),(19,6170),(20,2656),(22,31979),(25,25129),(26,18624),(28,8544),(29,28447),(32,31239),(33,22991),(36,27867),(40,1540),(42,15028),(43,23625),(44,22155),(45,30011),(47,606),(51,28444),(52,31196),(53,8267),(54,12190),(55,18732),(56,11163),(58,3949),(60,23095),(61,13456),(62,11923),(64,21627),(66,30288),(67,28868),(69,6304),(71,23936),(72,24517),(73,29571),(75,13726),(76,18759),(77,13118),(78,4804),(82,27294),(83,6689),(84,8232),(85,10579),(87,15673),(88,7708),(89,12771),(91,6555)]	111.425755
652	[(0,32369),(1,14079),(4,32421),(5,24067),(6,7561),(7,33438),(14,472),(15,6826),(16,10946),(17,2),(19,7288),(20,17473),(21,28401),(23,10616),(25,23990),(26,7576),(28,27803),(33,18877),(37,10556),(39,32165),(41,11814),(42,2255),(45,1841),(46,30458),(47,2352),(48,26464),(49,29364),(51,32363),(55,32274),(56,33533),(57,19754),(61,33348),(62,27278),(64,26826),(65,28287),(67,15194),(68,17640),(70,15310),(71,25464),(74,29920),(75,10573),(77,23291),(79,9451),(80,22283),(81,5934),(84,10772),(85,27627),(86,33924),(87,28626),(88,16593),(90,9193),(92,18214)]	241.184785
653	[(1,28822),(2,16208),(8,9079),(14,26270),(16,15076),(17,26432),(18,1986),(19,13706),(20,27211),(21,33271),(22,33901),(24,31093),(28,32485),(29,29704),(33,27243),(35,29348),(37,18006),(38,14516),(40,11019),(41,4557),(43,33179),(47,11972),(48,15025),(50,9672),(52,5609),(56,17796),(57,12116),(58,1899),(62,25223),(64,22715),(66,6933),(67,2215),(70,17083),(71,20761),(72,22013),(74,7326),(76,15260),(77,30435),(78,19290),(79,16055),(80,2653),(81,33993),(82,2002),(83,11618),(84,11889),(86,20907),(88,5467),(89,4625),(91,2554)]	242.718202
654	[(1,32707),(2,154),(3,20802),(4,9119),(7,8969),(10,10194),(12,29256),(13,15277),(14,33075),(16,30723),(17,28721),(18,33125),(21,27118),(22,4648),(23,28993),(24,12181),(25,9705),(27,22201),(35,18128),(36,24724),(39,24985),(43,30470),(44,25852),(45,33024),(46,32395),(50,4425),(51,9333),(54,19337),(57,28622),(58,15957),(61,21274),(65,23418),(67,10581),(71,10585),(73,3859),(77,31357),(80,11911),(81,14796),(82,24774),(83,19217),(84,5337),(86,17023),(88,19221),(90,14778),(92,31589)]	235.501223
655	[(0,31280),(2,17694),(5,13141),(7,16393),(10,1304),(11,27111),(12,6658),(16,9453),(19,12112),(20,9968),(21,3208),(22,12949),(25,8635),(26,25254),(28,21898),(29,30825),(30,4594),(32,14725),(33,14278),(35,12830),(36,19654),(37,13463),(38,16286),(43,33187),(48,17195),(49,26426),(50,20948),(51,17010),(52,10317),(54,12185),(55,24040),(56,24294),(57,28174),(61,14793),(64,28340),(66,943),(69,2165),(72,26884),(73,1917),(74,7230),(75,25808),(78,9337),(79,9442),(82,29198),(83,11741),(84,12055),(85,13391),(89,9399),(91,24670),(92,18317)]	231.307838
656	[(0,15353),(1,19765),(2,20912),(3,12616),(5,6692),(7,8789),(13,14513),(16,22780),(21,27235),(24,31071),(25,8818),(27,26800),(28,12570),(29,567),(30,33983),(33,12777),(34,7215),(35,25484),(36,25180),(37,6992),(38,22540),(43,21268),(44,33524),(47,15710),(48,24959),(52,27279),(54,16308),(55,29238),(56,14174),(59,24913),(60,21509),(63,20044),(64,19914),(66,12120),(68,8383),(69,9117),(71,8492),(74,5142),(76,27223),(77,2613),(79,26951),(81,17319),(82,9685),(83,31094),(85,19796),(86,1271),(87,33622),(92,30055)]	215.589309
657	[(3,31044),(5,30552),(6,27230),(10,3912),(11,25948),(13,31407),(14,779),(16,8568),(17,7307),(20,18747),(23,32430),(25,29761),(26,16362),(28,18352),(29,16260),(30,10816),(31,26103),(34,26690),(36,15099),(37,18820),(38,2404),(40,16625),(41,8849),(42,11686),(44,13110),(45,8874),(46,20690),(47,27497),(49,3913),(50,25013),(52,24807),(53,2282),(56,12174),(59,32519),(61,16902),(64,21365),(65,15708),(67,8729),(69,30691),(70,8270),(71,8219),(72,33079),(76,18415),(78,20816),(79,6600),(81,32312),(82,29773),(83,29827),(84,10331),(87,17522),(88,8191),(89,15697),(91,19590)]	238.819188
658	[(0,22880),(1,2724),(4,32479),(5,15816),(6,1805),(8,33995),(9,32718),(11,1194),(12,17245),(14,15520),(15,19498),(17,18875),(20,22816),(22,21350),(23,19544),(24,21965),(25,9879),(28,4502),(29,4225),(31,26494),(32,10111),(34,30912),(35,11863),(37,21808),(38,31651),(39,10232),(40,33305),(42,14034),(44,30994),(45,16769),(46,15980),(48,29478),(50,21235),(51,2761),(56,24141),(57,3960),(58,6006),(60,20107),(62,8046),(63,17219),(65,7739),(72,20756),(73,3755),(74,24394),(75,6848),(76,23569),(78,20149),(79,5503),(81,15304),(82,2238),(88,7065),(91,24568)]	242.928050
659	[(1,18636),(3,29429),(7,14126),(8,23849),(9,7636),(11,20981),(12,31104),(15,10548),(16,3746),(18,14933),(20,15402),(21,30969),(23,27907),(26,15596),(31,11248),(34,18081),(35,27022),(38,32191),(39,13577),(45,14105),(47,33911),(48,5337),(49,23580),(53,25564),(54,32582),(57,22746),(59,4621),(62,1501),(63,9716),(65,20070),(66,20889),(67,12622),(68,15509),(71,5955),(72,22692),(74,8721),(75,26003),(80,23388),(81,30681),(86,6375),(87,5663),(90,31910),(92,31208)]	243.630722
660	[(0,457),(3,21904),(4,26223),(7,569),(8,7661),(10,27354),(11,8393),(12,27202),(13,2911),(16,11721),(17,31628),(18,28191),(19,24052),(21,23042),(22,29158),(26,33750),(27,11966),(30,14091),(31,13376),(33,26317),(35,3217),(36,4872),(37,24296),(40,12470),(42,34082),(44,12601),(46,16641),(48,28172),(49,1119),(52,10261),(53,19980),(55,20645),(56,27509),(60,7770),(62,5574),(64,5033),(65,25765),(66,25041),(67,3213),(68,9226),(73,4089),(74,8827),(76,911),(78,8774),(80,21063),(81,20089),(83,17079),(87,33814),(89,24841),(90,1894)]	224.085118
661	[(0,11976),(2,4703),(3,18780),(4,23168),(8,33344),(10,12304),(15,14645),(16,10000),(17,31488),(18,32845),(19,5466),(20,20609),(22,4167),(26,30632),(27,21245),(30,4129),(32,14670),(34,10011),(36,15140),(38,10603),(39,20001),(40,30824),(41,30360),(43,25446),(45,29418),(48,18154),(50,17120),(52,27914),(54,2537),(55,30776),(58,21147),(61,5190),(64,30587),(66,17601),(68,22037),(70,6374),(71,10050),(72,21444),(74,13365),(75,8450),(76,18638),(77,31510),(78,25363),(80,12107),(84,1994),(85,11292),(87,4117),(88,13801),(90,5260),(91,6003),(92,32437)]	237.949817
662	[(0,6974),(2,28564),(4,33754),(8,21447),(10,18528),(12,16021),(13,17445),(14,22796),(20,1096),(21,11858),(24,14936),(26,12532),(27,15943),(31,13888),(32,27308),(36,9183),(37,3470),(38,21045),(39,16812),(40,4856),(42,22400),(44,19080),(47,5343),(48,18557),(50,6155),(52,15723),(58,11663),(59,26335),(60,24962),(62,3708),(63,28518),(66,4543),(69,22365),(71,19642),(72,9154),(73,5310),(75,26163),(76,26805),(77,9025),(78,8820),(83,22962),(84,1599),(85,6083),(86,16502),(87,19055),(89,18149),(92,3552)]	213.471454
663	[(1,30361),(2,26095),(3,19020),(5,608),(7,24891),(10,3062),(11,16593),(13,3526),(15,29941),(16,24099),(17,1784),(18,13628),(20,2643),(22,29930),(23,14510),(25,25444),(27,21959),(28,32162),(30,3105),(31,4833),(32,31607),(33,5090),(34,5887),(36,4790),(38,6565),(39,20353),(40,14658),(42,15571),(48,19767),(49,791),(50,19407),(51,15562),(52,3039),(53,4457),(55,2335),(56,21912),(57,31140),(58,33102),(60,25828),(61,25989),(62,21992),(63,12451),(65,20144),(66,24198),(67,21090),(70,17805),(71,15021),(72,32196),(73,7284),(74,23280),(76,19612),(82,10269),(83,4194),(84,9846),(88,32424),(89,27669),(90,33620)]	250.595841
664	[(0,10315),(2,28471),(5,31342),(6,32373),(7,5182),(8,13364),(9,15034),(10,466),(11,30436),(14,23687),(15,3036),(19,22941),(20,2999),(24,5423),(25,30127),(27,2370),(28,32579),(29,14916),(30,6689),(32,1458),(33,27332),(35,17605),(36,20340),(38,6177),(39,24989),(43,2657),(44,22622),(45,22320),(46,22183),(47,20393),(48,24023),(50,2211),(52,13383),(53,31669),(55,24167),(56,12446),(64,33980),(65,27290),(66,8869),(69,24126),(75,3786),(76,23308),(77,13734),(78,4448),(79,2459),(80,25985),(81,6396),(82,33037),(84,18111),(85,7972),(91,15414),(92,20004)]	241.205613
665	[(0,27772),(2,26355),(6,32477),(8,26555),(10,5429),(11,10240),(13,9495),(17,32176),(18,18781),(20,29215),(21,32633),(22,2835),(24,19511),(25,26141),(28,23593),(29,86),(33,23218),(36,30483),(37,4003),(38,6529),(40,11521),(42,11663),(43,11693),(44,29272),(45,24478),(46,32490),(47,4588),(49,2257),(50,14992),(51,2498),(55,23248),(58,15879),(59,16748),(60,14216),(61,1567),(62,12465),(65,16211),(69,5098),(70,2392),(71,31173),(73,28975),(75,1188),(76,21172),(77,1656),(78,1366),(81,30984),(82,1189),(83,3010),(85,22355),(86,27747),(88,15946),(91,16171),(92,12399)]	262.676495
666	[(1,23154),(2,19666),(3,1338),(4,17749),(7,20555),(8,27607),(10,10077),(12,28750),(13,22004),(19,15743),(20,6246),(21,26256),(22,22862),(26,28862),(27,2969),(28,19834),(29,27348),(31,32584),(33,962),(34,4242),(36,8266),(38,19248),(40,24736),(43,15247),(44,5552),(45,14219),(47,24283),(48,25121),(50,20408),(51,6303),(52,10095),(55,31096),(56,19483),(58,31438),(60,21213),(63,22728),(65,25907),(67,14003),(68,9278),(71,11902),(74,60),(75,10629),(76,20612),(77,33318),(78,3980),(81,12472),(87,8027),(90,27268),(92,4573)]	255.972872
667	[(3,27893),(4,22374),(5,18718),(6,31265),(8,20065),(14,29395),(15,17004),(16,16259),(17,31381),(18,16152),(21,29853),(22,7250),(25,17184),(26,6781),(27,33352),(28,13390),(29,29252),(30,18725),(33,33067),(34,7394),(35,11736),(36,10395),(37,15288),(40,3588),(42,26479),(43,15736),(46,29610),(48,7561),(53,32968),(59,20706),(61,12353),(64,19912),(65,311),(66,33644),(69,25840),(71,10590),(74,12675),(75,5429),(79,25551),(81,15478),(83,14689),(84,17600),(86,27800),(87,9111),(88,16363),(89,33892),(91,6750),(92,8870)]	160.019968
668	[(2,19813),(3,4951),(4,900),(6,28752),(10,19400),(12,12903),(13,4238),(14,5511),(15,31492),(16,2534),(18,10108),(20,30763),(22,21598),(23,566),(25,15808),(26,32334),(29,21476),(32,11158),(34,13662),(36,24918),(38,19894),(39,27608),(41,5571),(42,14528),(45,31570),(46,20820),(48,12348),(50,23676),(51,4573),(52,7087),(53,660),(55,24775),(56,2649),(57,19492),(58,10410),(65,3221),(66,5729),(67,1768),(68,16362),(70,31292),(73,5475),(79,8702),(80,33932),(82,4213),(83,18417),(84,15626),(85,29970),(87,15651),(88,12975),(90,7348),(92,11326)]	112.372254
669	[(4,21733),(5,13399),(7,32584),(12,25519),(13,27224),(14,21671),(15,23713),(19,19762),(23,16513),(26,31063),(28,11356),(31,24185),(33,17454),(34,20201),(35,12288),(36,29859),(37,21818),(38,3786),(45,4695),(46,1488),(47,14221),(49,29644),(52,25872),(54,9107),(55,6353),(56,27964),(57,10589),(60,26771),(62,1476),(63,13521),(66,28688),(68,843),(69,21474),(71,22372),(72,20326),(74,26773),(75,24712),(79,24102),(81,15606),(82,27308),(83,32618),(85,13142),(87,2268),(88,28619),(90,33645),(92,26603)]	112.409053
670	[(0,11407),(1,32940),(2,4588),(3,3731),(4,19763),(5,2904),(6,32115),(7,15806),(11,9788),(12,20870),(13,8768),(14,23011),(15,4893),(18,3593),(24,301),(27,6994),(28,33475),(33,5657),(34,7112),(36,21684),(38,12674),(41,19845),(43,28552),(47,2923),(49,9308),(54,11360),(55,31145),(56,17995),(60,18479),(61,31595),(63,9489),(67,597),(69,21810),(70,5145),(72,714),(73,18374),(74,20309),(78,1420),(79,14356),(81,31708),(83,21950),(84,32366),(90,17714),(91,17914),(92,19334)]	108.990569
671	[(2,14161),(3,24721),(4,5987),(7,4500),(8,16442),(11,13596),(12,1281),(13,20252),(14,4517),(15,622),(17,5372),(19,12049),(20,4491),(24,531),(25,16226),(26,25213),(28,8434),(30,9439),(31,27605),(36,30154),(37,28235),(39,27339),(41,17750),(42,1241),(43,16287),(47,3943),(48,14474),(49,1164),(52,22873),(55,20575),(56,12775),(60,13821),(61,31566),(63,19527),(66,3393),(70,17999),(73,29527),(75,3602),(78,8302),(80,9425),(82,2302),(83,7194),(84,29521),(86,16528),(87,514),(88,23703),(91,32516),(92,2079)]	130.008541
672	[(2,5453),(3,33402),(4,1893),(7,25370),(8,7930),(9,8163),(10,29846),(12,10873),(13,14348),(14,29516),(15,1166),(16,3981),(17,11125),(18,1564),(19,33832),(20,310),(21,2182),(22,22888),(27,32789),(33,14424),(35,3564),(36,30213),(40,21413),(41,23754),(45,26351),(48,16963),(50,1723),(51,9250),(52,10831),(53,12771),(55,19642),(57,1402),(59,24212),(63,12853),(65,25077),(68,15730),(70,24634),(71,5700),(72,27958),(73,11064),(74,9451),(80,20230),(83,14537),(84,30157),(85,31142),(86,19903),(87,31330),(91,26210),(92,23993)]	117.844190
673	[(2,2460),(5,4977),(6,11702),(7,5895),(8,7955),(9,735),(11,16369),(15,26819),(17,7779),(18,15435),(19,7005),(22,7656),(24,33452),(26,32928),(30,1996),(32,23774),(33,22336),(34,16775),(36,3687),(37,8154),(38,21707),(40,16298),(42,31333),(43,14122),(44,29594),(46,15967),(47,19630),(48,8956),(49,30038),(50,30281),(54,19803),(55,19337),(56,30671),(58,28313),(59,14646),(60,30126),(61,8453),(70,21942),(72,28641),(79,24753),(81,31804),(82,27717),(83,2092),(84,14529),(85,19144),(86,30550),(88,17291),(89,29715),(90,25836),(91,17589),(92,20265)]	112.154927
674	[(0,25950),(4,12264),(5,30732),(6,2151),(11,33097),(14,23520),(15,25141),(16,31811),(17,26111),(18,2621),(23,24356),(25,11676),(27,8381),(28,25549),(30,5919),(32,10453),(33,22471),(35,5789),(36,25807),(37,3950),(38,31402),(39,25443),(40,16123),(41,11711),(44,10282),(46,11866),(48,5230),(50,23020),(54,16986),(56,25806),(57,17203),(58,3143),(60,8814),(61,9148),(62,16481),(63,25496),(64,19418),(65,11947),(66,17130),(68,28740),(69,32063),(71,33861),(72,5795),(73,32578),(74,8308),(79,26652),(80,28580),(81,22193),(82,6951),(83,10501),(84,30514),(85,7108),(88,14787),(90,8163),(91,643)]	117.057034
675	[(1,28923),(3,17319),(4,3758),(5,12973),(8,26812),(10,2837),(11,8788),(14,21727),(16,10865),(17,31738),(18,15595),(25,31388),(27,6647),(31,12109),(33,8721),(35,27086),(36,32414),(37,7740),(39,8267),(41,30136),(42,14016),(45,16050),(47,18054),(48,27204),(49,3417),(52,8500),(53,33442),(58,23905),(61,28293),(63,4904),(67,32548),(69,30637),(70,29083),(71,22569),(72,10582),(75,29302),(76,9484),(80,27461),(83,26547),(85,17115),(86,26085),(88,10750),(90,29498),(92,31053)]	112.946227
676	[(0,20882),(1,10000),(2,13509),(5,11985),(7,1127),(8,5154),(10,32548),(12,23019),(13,4227),(14,27196),(15,11553),(16,6922),(20,24017),(23,22841),(24,5210),(25,17871),(27,28483),(29,18110),(31,7766),(32,24968),(33,2008),(34,14310),(36,14787),(37,23673),(38,13899),(39,9715),(40,14043),(42,12927),(48,5500),(50,12250),(51,27130),(52,1818),(53,12868),(54,23300),(55,21332),(56,5264),(57,12003),(61,27284),(65,10559),(67,28503),(71,15532),(74,31791),(77,19980),(78,698),(81,4961),(83,29272),(88,12437),(92,15955)]	153.812424
677	[(1,17178),(2,12245),(3,18253),(4,24114),(6,14831),(7,20860),(10,24112),(12,5762),(16,32274),(17,31617),(20,27601),(22,6888),(23,7493),(26,13841),(27,28012),(28,11052),(30,12734),(33,22973),(35,17968),(36,3140),(40,10743),(42,15047),(43,13570),(44,33314),(46,12914),(47,15005),(48,33597),(51,15030),(52,5827),(53,11751),(55,13300),(60,9994),(62,10662),(63,16587),(64,11720),(65,2865),(67,17501),(68,16407),(69,28407),(70,22651),(73,15502),(74,20498),(77,29930),(78,8024),(81,5900),(83,4446),(84,24565),(85,30674),(87,28949),(88,18390),(89,2426),(91,33238)]	127.459995
678	[(1,7933),(10,2603),(11,13193),(12,24647),(13,16659),(14,21863),(15,15059),(17,20776),(18,17059),(19,15735),(21,32735),(23,25290),(24,17642),(26,31030),(28,19703),(29,19752),(31,22542),(32,5276),(37,9891),(39,13661),(42,25334),(43,3666),(45,17210),(48,31667),(49,1673),(51,18363),(53,28595),(54,490),(56,30677),(57,24982),(60,28943),(61,5221),(62,276),(64,10307),(68,16626),(70,2745),(71,29504),(75,25404),(78,976),(80,2199),(83,1160),(84,11975),(85,10511),(88,7701),(90,16111),(91,4924),(92,7879)]	118.006281
679	[(1,16662),(2,6752),(8,29067),(10,31446),(12,26446),(13,9967),(14,25027),(17,11142),(19,17204),(20,22905),(24,16700),(25,8930),(26,22430),(30,22811),(35,33952),(38,13098),(41,21817),(42,2742),(45,20620),(47,4196),(49,28852),(50,23485),(51,30317),(52,26311),(54,8629),(55,30870),(62,22745),(65,22909),(67,15896),(68,7373),(69,6723),(70,32032),(71,31469),(72,2679),(73,16361),(75,10914),(78,31242),(81,33958),(82,5786),(85,19590),(88,22063),(89,19950),(90,15734),(92,4040)]	164.677415
680	[(0,12620),(1,3188),(3,3245),(4,15542),(7,29974),(9,15655),(10,6729),(15,12887),(16,2895),(17,5475),(20,27089),(21,14027),(23,22811),(24,9717),(25,25402),(29,12315),(30,31380),(31,9924),(32,21550),(34,3292),(35,2044),(36,4630),(38,13397),(39,22460),(40,14793),(43,25693),(44,22265),(46,17608),(47,25164),(54,10681),(55,20944),(56,29429),(57,32594),(58,32458),(60,13336),(61,25548),(63,31170),(64,15995),(65,1417),(66,29756),(67,5299),(68,23960),(71,6197),(72,29068),(75,4919),(76,25527),(78,27444),(81,32747),(82,9354),(83,33398),(87,27633),(88,30995),(90,23276),(91,11903)]	141.376440
681	[(1,32070),(3,24471),(4,16716),(7,281),(9,25943),(10,2005),(13,14425),(14,33036),(15,31725),(18,11159),(19,10720),(20,31658),(21,26738),(22,10443),(24,13015),(25,17285),(26,32329),(28,5059),(29,5348),(30,6526),(31,5114),(33,18808),(35,28361),(36,12671),(38,10081),(41,9027),(42,18177),(44,18050),(47,21059),(51,4731),(53,8084),(54,8530),(58,31581),(60,33784),(64,1420),(65,29344),(66,5169),(67,21374),(72,15773),(73,17461),(74,19450),(75,13739),(79,31998),(81,932),(83,2906),(84,8480),(86,26961),(87,23302),(92,15967)]	122.700365
682	[(0,8854),(1,17433),(2,31638),(7,33267),(9,25853),(11,3185),(17,23074),(19,21381),(20,24910),(22,9004),(23,10948),(24,26989),(31,30621),(35,3860),(39,17512),(40,27666),(44,1966),(45,10846),(46,5694),(48,890),(51,32827),(52,7446),(55,11558),(58,14762),(59,32824),(61,31590),(63,1956),(64,7964),(65,12782),(68,11402),(69,30165),(71,16911),(72,29690),(76,4633),(77,13915),(82,19447),(84,11066),(87,15797),(88,29218),(91,13291),(92,4891)]	130.261003
683	[(0,24198),(1,14500),(3,26606),(5,7089),(6,7310),(10,12639),(13,21470),(14,3131),(15,8971),(17,25448),(19,13938),(25,16256),(27,4499),(29,22538),(30,5143),(31,32278),(32,5937),(35,20623),(36,25813),(37,8027),(38,25470),(40,12922),(41,26911),(42,7341),(44,11928),(45,29322),(46,20258),(48,24016),(49,22893),(50,8590),(51,25267),(55,29659),(56,11953),(57,21959),(59,33366),(63,25498),(64,22565),(65,20228),(67,13259),(70,18489),(72,26503),(76,10786),(79,10684),(80,33661),(81,30273),(82,18061),(83,4881),(84,30461),(85,33934),(86,20652),(87,12509),(89,30297),(92,11015)]	143.842346
684	[(0,15465),(2,24836),(3,27155),(4,24181),(7,2939),(9,28467),(10,20107),(12,8046),(13,25517),(15,33261),(16,27368),(17,30235),(18,20871),(20,24092),(23,15502),(24,3038),(25,19536),(28,22910),(29,24737),(31,18568),(34,24509),(36,3249),(38,26639),(39,15566),(40,20204),(41,10364),(42,3371),(43,13198),(44,16031),(45,13243),(46,7576),(49,21965),(50,9879),(51,25696),(52,6570),(55,25502),(56,24895),(59,19223),(61,15041),(63,15187),(65,29749),(69,20378),(71,12053),(72,31882),(73,22623),(75,23677),(76,25248),(77,17734),(80,1369),(84,18705),(85,27162),(86,25333),(88,25401),(89,32854),(91,27707)]	128.628636
685	[(4,18257),(5,29605),(7,10026),(8,30839),(9,31857),(11,19894),(13,29122),(15,9168),(16,29524),(17,5392),(18,17866),(20,24550),(23,11086),(24,15645),(25,5013),(28,31487),(31,6847),(32,12431),(33,29122),(35,15208),(36,21223),(37,8145),(38,9094),(39,27022),(41,28277),(42,16801),(46,15080),(48,7567),(49,22102),(50,13749),(52,2131),(53,30456),(56,22723),(57,7586),(59,7780),(60,24129),(62,28276),(66,1056),(69,31216),(71,12587),(73,16535),(74,19281),(78,17981),(80,6436),(81,29726),(82,12659),(84,10471),(85,24338),(89,13748),(91,5010)]	112.589024
686	[(2,10650),(5,7752),(7,27748),(10,16478),(11,342),(14,4011),(15,19153),(16,3845),(18,18755),(20,3411),(21,12953),(22,17117),(28,18714),(32,29872),(34,4069),(40,24382),(42,24652),(44,26292),(50,21634),(51,28940),(52,30678),(53,1801),(54,28736),(55,30065),(56,11550),(57,388),(63,5207),(64,19222),(66,17977),(67,18514),(68,4125),(70,31723),(72,5456),(73,5798),(75,29500),(77,22697),(79,881),(82,16760),(83,314),(85,17430),(86,9190),(87,23793),(89,469),(91,26976)]	113.766544
687	[(1,32006),(3,2713),(4,24559),(9,21124),(12,24348),(13,29293),(14,28716),(15,29464),(16,17090),(17,19511),(18,14262),(19,23329),(20,19674),(24,29364),(25,14136),(26,33716),(27,14869),(28,8974),(30,21094),(33,25626),(34,23239),(35,28411),(38,11911),(40,20335),(41,23114),(42,12758),(47,16499),(50,23515),(52,15553),(53,31500),(55,33212),(56,20898),(57,9960),(60,9920),(64,13142),(65,14767),(67,32377),(68,9862),(69,1460),(71,16787),(72,11324),(73,22),(75,32359),(78,796),(79,14215),(80,1395),(81,9794),(83,23881),(85,25349),(88,13848),(89,26610),(90,24502),(92,7126)]	117.784169
688	[(0,11467),(3,32720),(5,898),(7,18145),(9,10284),(11,15331),(12,32981),(13,28961),(16,29642),(17,790),(18,31288),(25,19251),(27,32213),(28,13582),(30,389),(33,2344),(35,21879),(36,5612),(39,5808),(42,26932),(43,5733),(44,32003),(45,8885),(50,8526),(51,18790),(52,4769),(54,28373),(55,2869),(58,3779),(59,389),(60,8655),(61,32816),(62,9453),(63,31402),(64,28360),(65,31116),(66,22176),(67,22561),(68,7202),(69,1255),(71,15308),(72,27724),(73,25286),(74,29960),(77,31050),(79,14633),(82,17695),(83,21077),(84,33574),(88,7463),(89,22524),(90,10956),(91,3150),(92,33052)]	112.093969
689	[(2,23096),(3,6448),(4,18175),(7,5726),(9,20832),(10,19444),(12,18429),(13,32516),(15,12482),(16,2282),(17,19893),(19,27724),(20,17872),(21,32752),(22,3323),(23,23134),(26,27084),(27,23883),(32,3429),(33,16290),(35,29054),(36,9684),(38,18162),(39,27691),(40,5120),(41,9468),(43,21275),(47,33809),(48,33037),(52,23558),(53,19693),(56,24816),(57,26),(59,17477),(60,17098),(63,12914),(65,32861),(66,7294),(68,23304),(69,6769),(70,31031),(71,3807),(73,4329),(74,9140),(75,11234),(77,33920),(78,14507),(79,15879),(80,11190),(84,8469),(85,22671),(87,9322),(88,7209),(89,7328),(91,13205)]	110.317702
690	[(1,4126),(4,20644),(8,15593),(9,13653),(11,29017),(15,25324),(16,19388),(17,22627),(18,13505),(19,20869),(21,26422),(22,15981),(26,34071),(28,30728),(29,31418),(31,33089),(32,1177),(33,883),(34,10750),(36,25261),(38,16404),(39,28718),(43,5417),(44,1053),(47,25943),(48,2005),(51,14425),(54,7509),(57,28816),(58,32305),(65,9493),(66,6997),(68,16534),(69,29823),(70,8219),(72,27606),(73,4613),(78,25507),(86,25230),(87,546),(90,2775),(92,29601)]	108.724014
691	[(0,13052),(1,13621),(5,18028),(9,3132),(11,26758),(12,12517),(14,29131),(15,13410),(16,34039),(19,5074),(20,13682),(21,19338),(23,12862),(27,22100),(28,20560),(31,7239),(33,3663),(38,18806),(40,12495),(41,11784),(42,30899),(43,3261),(44,31062),(45,29094),(46,10851),(47,28508),(52,27010),(54,27336),(57,1168),(58,16308),(60,10924),(61,14558),(65,10654),(67,5182),(68,14094),(69,17826),(70,15139),(71,3999),(73,4219),(74,4892),(75,15792),(76,4570),(77,20014),(78,5012),(81,5774),(83,32547),(84,30782),(86,7554),(88,25442)]	125.762834
692	[(0,29219),(1,22788),(3,28770),(5,24043),(7,9852),(11,24636),(12,17000),(13,5163),(14,29591),(16,28465),(18,8281),(20,19475),(22,10911),(24,2629),(25,25503),(26,28334),(28,27223),(34,14781),(35,3623),(38,18069),(39,11459),(40,28751),(44,3522),(45,24392),(46,12840),(47,32959),(48,13286),(49,26237),(51,15374),(54,17694),(55,16055),(56,2653),(57,33993),(58,2002),(59,32048),(61,10186),(63,4060),(64,30347),(65,14557),(68,33863),(73,34056),(75,22606),(77,11850),(78,28320),(79,31204),(83,11029),(84,2736),(86,17355),(87,12739),(88,7634),(90,5786)]	147.549547
693	[(1,12734),(2,4551),(6,12902),(9,22762),(11,1484),(12,9219),(13,20487),(16,29955),(17,10505),(24,21027),(28,10625),(31,12898),(32,18313),(33,4600),(36,13169),(37,10123),(42,22569),(43,10582),(45,11371),(49,31670),(50,33883),(51,6925),(52,29267),(55,2489),(63,6833),(65,19112),(67,23306),(68,9924),(69,19944),(70,21716),(72,33046),(75,27619),(76,8999),(79,7274),(80,10360),(82,11153),(87,5926),(91,12720),(92,12926)]	115.479746
694	[(0,11057),(2,13766),(5,12171),(9,5713),(11,31197),(13,13729),(22,14017),(23,15540),(25,23725),(29,26398),(31,15553),(32,9922),(33,21683),(34,28016),(36,4717),(37,28687),(38,6141),(39,18811),(42,21469),(43,25039),(45,22584),(46,30602),(47,10358),(49,29783),(50,18110),(51,18958),(52,5261),(54,13069),(55,29793),(56,13766),(60,21629),(61,8664),(62,26081),(63,13662),(65,24918),(67,19894),(68,10867),(69,6289),(70,10995),(72,1743),(73,25459),(74,1514),(75,771),(78,27905),(79,3218),(80,17741),(83,84),(84,26869),(86,7094),(88,19434),(89,3986),(92,24300)]	108.460970
695	[(3,8448),(6,22198),(8,980),(11,754),(12,30118),(13,960),(14,10735),(17,4269),(20,17200),(23,2776),(25,19146),(26,8118),(27,20521),(29,4697),(30,17603),(31,32869),(32,22135),(33,14356),(36,26126),(40,5508),(41,1422),(42,11096),(43,7028),(47,20695),(50,139),(51,16107),(52,24033),(53,12736),(56,26351),(57,19685),(58,271),(60,23305),(61,11212),(65,32857),(66,19448),(68,13771),(70,530),(71,26520),(73,25721),(74,26382),(75,22842),(76,16037),(77,22857),(78,4968),(80,32150),(81,17188),(82,26013),(83,6423),(84,7218),(85,6983),(87,32668),(92,8014)]	115.685326
696	[(0,20954),(4,6325),(5,25171),(7,4649),(9,18157),(12,10215),(18,14100),(20,28087),(21,25693),(22,8345),(23,24841),(24,21783),(25,6248),(26,10749),(27,3587),(28,23116),(29,1630),(30,13721),(31,13507),(33,4054),(34,15144),(35,29619),(36,32751),(37,27450),(38,24048),(39,29002),(40,25310),(43,24905),(44,1716),(45,31524),(48,20056),(49,16141),(52,10630),(53,7611),(54,7741),(55,11829),(57,25580),(58,14550),(59,10307),(61,13954),(62,9458),(64,10844),(65,18084),(67,21706),(70,24569),(71,19830),(72,4674),(73,2514),(74,19310),(75,31632),(76,32105),(81,25548),(83,33059),(84,21332),(85,28721),(86,8953),(88,25464),(89,23886)]	118.766141
697	[(1,3507),(3,18148),(4,27275),(7,27307),(8,24019),(9,24950),(10,20843),(12,14504),(13,22690),(22,10864),(24,26409),(28,22690),(29,17636),(30,1161),(31,15746),(32,32417),(33,26043),(35,17941),(37,27572),(39,8777),(40,2415),(41,21305),(43,6540),(44,20097),(46,25032),(48,25375),(49,23254),(50,30448),(51,26291),(53,27107),(54,20516),(56,8631),(58,13673),(59,14475),(60,16719),(61,20344),(62,23757),(65,25850),(66,10072),(68,16156),(69,15252),(70,16810),(71,9323),(72,21185),(75,5685),(76,23918),(86,30090),(88,20227),(91,6363)]	117.146193
698	[(1,1819),(2,18893),(8,1842),(9,23497),(10,24255),(16,2787),(17,22194),(18,8439),(21,13769),(23,9031),(25,15794),(27,8187),(31,28700),(38,28392),(39,26121),(40,15307),(42,29692),(46,24699),(48,33542),(49,22749),(52,17675),(53,23643),(55,9640),(58,17214),(60,8015),(61,24185),(62,4897),(64,29705),(66,1709),(67,26558),(71,5899),(74,16264),(78,8333),(82,26234),(83,20483),(88,258),(89,15945),(91,15854)]	123.351932
699	[(6,11582),(9,15055),(14,574),(17,16576),(23,7254),(28,28083),(32,4681),(33,12388),(38,20354),(39,33912),(41,14444),(42,430),(46,13661),(47,26688),(49,1246),(50,19619),(57,23898),(60,10139),(61,25597),(64,5708),(65,33316),(69,26636),(70,32293),(71,15147),(72,16296),(73,22029),(76,16232),(78,30078),(79,1354),(80,12476),(83,132),(85,10720),(86,23837),(88,28906),(89,6626),(91,20094),(92,28603)]	115.242106
700	[(0,25672),(3,13375),(5,10433),(8,17716),(9,15224),(11,560),(12,16314),(14,21521),(17,19106),(20,26929),(21,32631),(22,16894),(23,5294),(24,14968),(26,2924),(27,7520),(31,23140),(32,13096),(34,22145),(38,5279),(39,3566),(40,12026),(42,22613),(44,24771),(45,17544),(46,11498),(47,9687),(48,19369),(55,6131),(59,9726),(61,28886),(64,11879),(66,26186),(69,33122),(70,6750),(71,8870),(73,24251),(74,17007),(75,17821),(76,26646),(80,28048),(84,10629),(85,20612),(86,33318),(87,3980),(88,21399),(89,16697),(90,31205),(92,22689)]	121.691171
701	[(1,20803),(2,30342),(3,32917),(4,26341),(8,5022),(13,1287),(14,33710),(16,7570),(19,368),(21,14592),(24,8948),(25,8423),(27,40),(28,22102),(29,13749),(30,302),(33,4373),(34,20847),(35,27138),(41,8067),(42,22182),(43,17272),(45,23096),(47,32806),(48,14092),(50,24440),(51,27182),(52,17113),(54,7557),(57,21191),(59,19996),(61,17713),(64,6706),(68,18919),(69,5879),(70,29174),(72,1509),(74,19402),(75,32466),(76,26835),(77,26645),(78,9616),(79,29679),(81,28336),(82,28835),(83,2184),(84,31733),(86,23422),(89,18715),(92,21497)]	148.076709
702	[(0,17306),(4,11221),(5,19152),(6,26995),(8,16385),(9,8928),(12,11463),(13,22743),(14,22756),(16,18680),(19,12393),(21,25195),(22,21476),(23,19661),(25,26814),(26,25044),(27,18548),(28,33072),(35,3296),(36,2479),(41,21082),(44,1445),(46,32065),(51,18110),(53,8823),(56,3737),(60,15817),(61,28181),(62,12948),(63,17649),(65,20797),(66,25104),(69,17212),(71,24030),(72,30066),(73,1),(74,25586),(75,8887),(76,25720),(77,2088),(79,23483),(80,17876),(81,33013),(86,17794),(87,30835),(88,8475),(89,7256),(92,9927)]	115.158361
703	[(2,19687),(3,9541),(4,8193),(5,14392),(7,7892),(17,31669),(18,3001),(19,19175),(20,33830),(21,13092),(22,20115),(23,29569),(24,25376),(25,13692),(26,2069),(27,7123),(31,8966),(33,28561),(34,4535),(35,26028),(36,33570),(37,1297),(39,32296),(40,3305),(43,22438),(51,24728),(56,32531),(57,844),(59,24819),(60,10724),(62,21617),(64,9227),(66,6912),(70,22458),(71,7449),(72,18464),(77,11477),(78,2712),(81,14729),(83,23150),(84,25448),(88,29665),(89,29456),(90,32969),(91,11527),(92,17880)]	111.283580
704	[(1,284),(3,25165),(7,1278),(9,27649),(10,12630),(12,31797),(16,498),(19,8119),(20,3698),(21,31224),(25,10954),(26,1285),(27,13418),(28,6273),(29,8926),(32,33182),(34,23747),(35,798),(36,7980),(40,82),(43,27826),(44,31068),(45,12511),(46,674),(51,21648),(54,31570),(57,30193),(58,33703),(60,26815),(61,17269),(64,22802),(66,22002),(70,5467),(71,4625),(73,4109),(74,21369),(75,25614),(78,21726),(83,6808),(86,15693),(87,6985),(88,47),(89,27347),(90,27407),(91,21880),(92,28321)]	113.575893
705	[(1,20774),(2,33659),(3,14072),(5,25646),(6,6578),(7,9672),(8,23620),(12,29024),(13,6564),(17,23855),(20,13255),(21,3483),(24,15607),(26,26666),(28,9817),(29,21326),(30,29710),(31,17388),(32,30105),(33,22214),(35,250),(36,20994),(37,14079),(38,8455),(40,20638),(44,27523),(47,26071),(48,18122),(49,25483),(50,32784),(51,13792),(54,23393),(60,19111),(62,33420),(63,23602),(65,2877),(67,28454),(71,10998),(75,10125),(78,27650),(79,24922),(80,2760),(82,10109),(83,106),(84,33523),(88,28016),(90,19130),(92,7990)]	107.657068
706	[(0,31612),(3,4042),(4,23201),(6,23976),(10,32734),(11,22859),(16,19533),(17,27902),(20,26495),(24,5667),(26,33604),(27,13758),(28,4873),(29,25676),(33,21083),(34,27686),(35,16969),(38,2260),(43,10233),(44,27801),(47,18975),(50,4977),(51,11702),(52,19760),(54,21317),(56,27846),(58,33810),(59,17702),(60,1423),(61,9176),(64,969),(66,19929),(68,1163),(69,16125),(72,8763),(73,32550),(74,5467),(76,15631),(77,19302),(78,13234),(81,31762),(82,33014),(84,15439),(86,25401),(89,27223),(90,2613),(92,30923)]	100.356788
707	[(0,10046),(1,22637),(2,19761),(3,17024),(4,4553),(5,15405),(10,15127),(12,3410),(14,28256),(16,18505),(17,17760),(19,33217),(23,20554),(26,19628),(28,3991),(29,20407),(30,1128),(31,8033),(32,30747),(34,24767),(38,1906),(39,7210),(40,5949),(41,11360),(42,31145),(43,407),(44,31491),(45,23749),(46,14177),(47,8087),(49,27819),(54,7457),(56,17946),(60,5436),(61,29979),(65,6687),(67,13143),(70,4514),(71,1770),(73,4565),(74,27471),(75,2680),(77,30625),(78,12656),(80,14601),(82,2869),(84,11692),(85,7346),(86,29884),(91,19592),(92,20540)]	106.363299
708	[(0,23290),(4,4477),(5,4977),(6,31685),(8,5705),(9,13600),(12,12765),(16,27804),(17,14297),(18,14467),(19,33577),(22,19298),(24,12957),(25,13868),(26,2646),(28,10211),(29,17845),(30,28819),(33,6160),(34,11198),(37,18090),(38,31768),(40,22170),(41,16127),(46,17745),(47,1171),(50,25234),(51,33917),(52,1466),(54,16928),(55,22982),(56,3974),(57,32849),(58,710),(59,27557),(60,12962),(61,8962),(64,5201),(65,16171),(66,12399),(72,31600),(74,24629),(75,28561),(77,31166),(78,10861),(80,15445),(83,33341),(85,19837),(86,19401),(88,9855),(91,14959)]	117.502973
709	[(0,1338),(5,31258),(9,2289),(11,1765),(14,17090),(15,19511),(17,2624),(18,24794),(25,1312),(26,11472),(27,3703),(29,4530),(31,3034),(32,3026),(34,8713),(41,6715),(44,22722),(45,575),(47,2745),(53,20905),(56,8968),(60,17005),(61,4533),(63,22802),(64,23866),(67,24508),(68,3185),(73,8505),(75,5755),(77,16396),(80,7225),(83,31166),(84,10861),(85,16746),(86,20321)]	111.646482
710	[(0,11356),(2,21294),(4,31134),(5,16147),(6,11938),(10,31834),(11,15438),(13,13106),(14,21249),(15,18491),(17,30846),(18,29745),(20,29001),(21,7318),(22,9561),(24,3714),(26,12871),(27,25449),(28,16826),(29,10061),(30,3378),(33,30246),(34,20271),(35,13537),(40,7727),(46,33734),(47,3825),(48,25689),(49,14144),(52,15544),(53,1909),(55,25327),(57,6701),(61,16419),(63,26267),(64,26648),(67,132),(69,8568),(70,7307),(71,15939),(72,7914),(74,29019),(75,31865),(76,31939),(78,28887),(79,9574),(80,15569),(81,26411),(83,26296),(84,30459),(85,24815),(87,17482),(88,18307),(89,13303)]	143.211179
711	[(0,27205),(1,22727),(5,15120),(6,2839),(8,25785),(9,12187),(10,1186),(11,31783),(12,16954),(15,20792),(16,17822),(18,33130),(20,33567),(21,7817),(22,14318),(23,364),(25,12783),(28,5342),(29,10099),(30,19078),(31,28816),(32,32305),(36,14285),(41,15655),(43,20818),(46,1384),(49,14804),(50,492),(51,11852),(53,25292),(58,28069),(59,17937),(61,33411),(62,14194),(64,23085),(66,25001),(67,28906),(68,6626),(70,2661),(71,21627),(73,1103),(75,6923),(76,891),(78,11760),(79,12641),(81,11264),(82,2590),(86,18366),(89,2421),(92,10922)]	110.316083
712	[(4,24799),(5,2280),(7,32406),(9,1813),(10,23292),(11,20443),(12,19378),(15,30544),(16,19169),(18,17757),(19,17311),(20,25605),(21,8595),(26,10461),(27,10967),(28,5532),(29,16524),(31,4682),(32,24470),(35,2726),(36,31161),(40,30182),(44,11752),(45,8046),(47,2212),(50,7614),(53,9817),(54,21729),(56,23024),(61,26882),(62,3783),(63,10920),(67,24550),(68,32335),(69,25312),(70,28797),(72,29081),(73,2978),(78,15240),(79,15481),(80,24289),(83,1903),(85,4978),(86,11052),(89,15645),(90,5013),(91,28531),(92,11369)]	112.551292
713	[(0,4213),(1,18417),(2,24881),(3,24250),(4,26222),(7,23064),(9,23246),(10,3895),(11,18606),(12,1265),(13,4153),(15,16206),(16,24354),(17,26636),(18,3248),(19,11586),(20,16706),(26,6152),(28,33439),(29,15829),(30,24610),(33,30060),(35,31033),(36,19334),(37,9372),(38,25066),(40,12809),(41,6082),(42,8865),(44,31787),(46,32637),(47,29791),(51,29441),(52,28749),(53,27078),(54,4117),(55,13801),(56,16009),(57,21841),(63,3052),(64,23759),(66,13890),(67,30876),(71,9212),(72,21532),(73,26803),(74,26237),(75,21286),(80,32949),(81,30448),(83,21315),(84,29696),(86,11201),(87,27872),(88,15435),(90,2842),(92,1660)]	116.215721
714	[(0,17724),(4,20349),(5,32585),(7,15507),(8,8859),(9,27774),(11,32925),(12,30649),(13,9442),(15,2955),(16,20192),(17,21600),(18,14366),(19,30987),(22,32115),(24,4994),(25,30421),(29,18346),(32,13655),(33,29262),(34,33394),(35,32223),(36,32814),(37,18352),(38,16260),(41,28804),(42,13981),(43,15175),(44,26187),(46,3867),(48,13773),(49,4834),(50,11811),(53,7962),(57,296),(58,29589),(60,24061),(61,18145),(65,3047),(68,9538),(69,13914),(70,32947),(72,26301),(75,30774),(76,19176),(77,4486),(78,9311),(79,31913),(81,28530),(91,15214)]	112.135546
715	[(0,3416),(1,13155),(6,29004),(7,8829),(8,1722),(10,10074),(11,13853),(12,16312),(14,6454),(19,24146),(20,14053),(21,17590),(22,19842),(24,2593),(29,10281),(30,5190),(31,1007),(34,23742),(38,1155),(39,24270),(40,14991),(43,9059),(44,22005),(45,5236),(49,24633),(51,1100),(54,6661),(55,30985),(56,32115),(57,22015),(58,20185),(60,24312),(68,8596),(70,20579),(72,709),(73,31096),(74,31424),(78,14498),(79,2798),(88,18266),(90,10788),(91,7497),(92,21685)]	99.479736
716	[(4,25889),(5,18001),(7,26850),(11,10605),(14,24274),(15,3033),(18,7640),(19,8935),(21,30949),(24,4509),(25,19255),(26,9977),(27,3151),(29,28953),(30,7130),(33,27130),(37,19152),(38,26995),(40,8525),(41,305),(42,28853),(44,8261),(48,14817),(53,27183),(54,13898),(57,24371),(58,31348),(59,18918),(62,32210),(63,31759),(65,19115),(68,19586),(70,27178),(72,16665),(73,10424),(74,32869),(75,25680),(76,19627),(81,20340),(84,6514),(87,19423),(88,30526),(89,3207),(90,6648)]	108.739668
717	[(0,364),(2,12783),(5,19322),(6,28718),(8,3056),(9,8397),(11,11402),(12,6179),(14,5838),(15,13683),(23,8897),(26,5099),(30,15573),(32,20309),(33,22639),(36,11204),(38,1934),(41,22027),(42,10001),(46,17925),(48,6895),(55,30075),(56,22266),(59,27172),(60,19037),(62,28685),(64,5600),(65,21257),(67,29493),(68,21225),(69,22977),(70,31309),(71,18329),(72,4492),(75,21112),(77,19894),(78,27608),(85,6311),(88,29579),(90,11386)]	103.904269
718	[(0,18283),(1,5455),(4,3836),(5,5022),(6,7410),(7,26253),(8,3943),(9,6889),(10,26669),(11,26145),(12,2586),(15,4414),(16,17576),(17,9969),(18,5966),(20,14138),(21,26269),(22,28506),(23,449),(25,8620),(26,6049),(28,15530),(32,17729),(33,3078),(34,7849),(35,3201),(36,7856),(37,27106),(38,24159),(51,30520),(52,10143),(54,31300),(56,27671),(57,12231),(58,27383),(60,13666),(62,34049),(63,23582),(67,16813),(70,29817),(71,5323),(72,255),(77,25886),(78,29192),(80,33718),(81,3584),(84,3632),(87,3625),(88,26926),(89,9853),(92,29093)]	124.778859
719	[(0,16018),(2,6601),(3,21859),(4,7698),(5,8025),(9,17863),(10,31659),(19,32656),(22,2028),(23,24265),(24,30441),(27,8987),(28,26948),(30,14721),(32,29911),(33,28129),(35,20601),(39,9679),(41,21999),(46,7999),(48,6319),(51,11956),(52,5757),(53,26239),(55,26832),(56,619),(57,645),(59,31804),(60,27717),(62,9071),(63,17324),(64,18854),(66,1470),(67,7987),(68,4053),(69,26304),(70,8546),(74,11915),(77,12470),(80,7220),(81,21154),(84,6550),(85,33675),(88,25831),(89,1470),(90,7373),(91,27545)]	131.668072
720	[(0,23840),(2,12405),(4,15967),(5,13417),(9,28871),(10,5071),(11,22267),(16,24696),(17,32118),(19,32250),(21,22287),(23,21825),(24,19872),(26,32769),(27,17703),(28,33720),(30,2706),(32,31133),(33,19450),(34,13739),(36,13085),(37,5191),(38,22010),(41,5954),(42,29622),(44,17191),(46,28876),(47,9024),(49,32322),(54,9503),(55,21127),(57,4715),(64,30247),(66,1193),(67,26731),(69,9243),(70,11841),(72,6019),(76,21125),(77,9102),(78,29118),(81,30791),(83,17919),(84,10740),(85,4222),(86,19478),(87,28673),(88,28558),(91,28376)]	101.236391
721	[(1,26535),(2,9136),(3,30584),(4,11613),(5,16062),(7,5348),(8,33711),(9,20037),(16,29525),(17,28510),(18,7625),(24,1677),(26,16364),(28,17874),(29,28922),(30,17739),(33,10564),(34,3621),(37,17846),(38,1576),(40,17663),(43,27762),(44,8274),(46,111),(47,24503),(48,17470),(50,12185),(51,3637),(53,920),(56,5817),(57,4731),(59,10873),(60,22194),(62,16458),(70,32526),(71,22525),(72,12538),(74,20261),(77,23495),(78,12292),(80,7705),(83,30011),(85,30912),(87,25471),(88,24951),(90,10508)]	108.488866
722	[(0,27567),(4,1330),(5,7560),(8,6424),(9,18851),(12,28070),(13,65),(14,20010),(15,13490),(16,26646),(17,10280),(18,27682),(20,5892),(21,26941),(23,7086),(29,8082),(30,15050),(31,1125),(33,18778),(34,16143),(36,20242),(38,6937),(39,10485),(42,29319),(43,10257),(44,29093),(47,32562),(48,18592),(49,7093),(51,32732),(55,4929),(56,31294),(57,7558),(58,24679),(59,116),(60,20360),(63,13848),(64,15359),(65,19734),(66,673),(69,16831),(70,645),(73,16222),(76,12541),(77,29359),(79,5262),(80,7760),(86,19478),(88,13820),(89,25784),(92,6897)]	120.288453
723	[(4,28734),(5,11835),(6,19756),(8,1287),(10,5522),(11,4636),(13,15825),(15,24641),(16,29045),(19,27632),(20,12617),(21,17191),(24,23574),(26,29191),(27,8526),(28,10685),(29,13643),(32,9053),(33,18252),(35,30855),(36,19232),(37,6421),(38,31719),(39,8676),(40,14079),(41,4879),(42,6830),(43,10014),(44,23391),(45,16577),(46,13064),(47,19847),(49,18875),(51,27717),(54,18406),(56,8837),(58,28024),(61,2193),(62,151),(64,16880),(65,2923),(66,3502),(67,13164),(68,4966),(70,11696),(71,29043),(72,34001),(73,33943),(76,24185),(79,873),(80,7462),(81,7107),(84,374),(86,8282),(87,28967),(90,29075),(92,11957)]	113.328760
724	[(0,16676),(1,16510),(2,32699),(3,20937),(5,4874),(6,33605),(7,16000),(8,11535),(9,4468),(10,18865),(11,29592),(12,23067),(15,13650),(16,12539),(18,2399),(19,32550),(20,5467),(24,28762),(25,20541),(26,28963),(27,13776),(30,1899),(33,1212),(36,21631),(37,32119),(39,4288),(42,12751),(44,17096),(45,16950),(46,11090),(47,33992),(48,8032),(49,3503),(50,8452),(51,21841),(53,9088),(54,23222),(56,18232),(58,30840),(60,14085),(61,13682),(62,19338),(64,623),(66,10887),(67,25124),(68,14809),(70,787),(76,13101),(77,11870),(79,29877),(83,3281),(88,24553),(89,1749),(90,9039)]	139.314679
725	[(1,5044),(3,22695),(8,20863),(9,32883),(14,14821),(16,3056),(17,8397),(18,30874),(19,8269),(26,1392),(29,26887),(30,13554),(31,18241),(32,18729),(36,6907),(37,33625),(38,4129),(39,15303),(43,33594),(45,20768),(48,23000),(49,30163),(52,32934),(53,9578),(56,22886),(58,10694),(59,11329),(60,22769),(62,1304),(63,27844),(64,28172),(65,13210),(67,10083),(71,27883),(72,7211),(74,10892),(75,32064),(76,11767),(77,26764),(78,25115),(79,12219),(80,2871),(81,18920),(82,10503),(86,15898),(87,2940),(92,10181)]	129.200085
726	[(1,17900),(3,22592),(5,16821),(7,27402),(8,5650),(10,24708),(13,6675),(14,21994),(16,25714),(17,11787),(18,12928),(20,29606),(21,3093),(22,31809),(24,9013),(25,6558),(26,20284),(27,1445),(30,8763),(32,11131),(33,8404),(34,11066),(35,33836),(36,33068),(37,15461),(38,3658),(40,14078),(42,30965),(44,14652),(48,17319),(49,14288),(51,18523),(52,13720),(53,24338),(54,16967),(56,33612),(57,25738),(59,19397),(60,10003),(61,14089),(64,28700),(66,13647),(67,28416),(69,772),(70,8793),(72,19677),(73,26492),(74,16650),(75,15367),(78,28053),(86,25295),(87,1973),(89,29872),(90,9928),(91,32695),(92,6134)]	125.200565
727	[(1,26310),(3,3873),(4,28152),(5,23375),(6,9816),(10,24273),(11,15996),(12,20632),(13,5573),(14,27432),(15,12352),(18,29250),(19,25357),(22,27526),(24,30685),(25,6179),(27,8389),(31,31786),(35,3504),(37,24375),(38,2133),(39,11308),(42,588),(44,24887),(46,875),(52,32224),(54,2525),(59,15003),(60,23029),(62,2874),(66,32883),(69,24799),(70,27720),(71,17596),(72,1478),(73,3769),(74,30105),(75,22214),(76,30954),(78,16768),(81,33678),(83,4964),(84,32315),(85,2883),(89,8128),(90,11729),(92,13467)]	110.770541
728	[(2,18702),(4,28731),(5,11431),(6,9211),(9,10107),(11,25401),(12,28825),(14,28679),(15,1828),(16,760),(19,14800),(21,15457),(22,9778),(25,2879),(27,5587),(29,2227),(36,4589),(37,1902),(39,31454),(40,14622),(41,19792),(42,8952),(43,27876),(44,13631),(46,26600),(48,32343),(50,25008),(51,21725),(52,10928),(53,24366),(57,21435),(58,22814),(61,502),(63,26589),(64,17069),(66,1489),(67,3163),(70,5732),(71,29357),(73,21381),(74,29093),(77,7855),(78,6149),(81,2923),(82,3502),(85,13813),(88,10629),(90,23284),(91,9282)]	136.327443
729	[(0,3498),(1,32994),(4,24593),(6,29847),(7,9595),(10,27044),(13,8494),(15,2784),(18,6839),(19,17145),(22,8169),(25,28456),(27,19983),(30,22273),(31,3674),(34,21672),(36,24855),(38,22553),(42,19676),(43,20176),(45,5800),(46,28904),(47,22674),(52,9095),(54,7764),(55,6313),(57,31672),(58,24553),(59,13112),(60,30079),(62,13313),(66,362),(68,3613),(70,29564),(71,20844),(73,28811),(74,33),(79,4949),(81,31689),(83,21311),(84,25561),(87,1540),(88,3181),(90,25603),(92,17069)]	110.512569
730	[(0,8831),(1,19489),(2,13377),(3,1459),(4,1834),(6,15062),(9,9615),(13,14693),(14,4787),(15,6564),(16,26256),(17,22862),(18,11057),(20,13766),(22,28438),(23,12416),(24,22074),(26,6970),(27,25171),(32,10187),(34,26907),(35,30614),(38,17514),(39,5472),(40,5794),(42,19644),(43,34011),(44,20489),(45,6178),(47,25697),(49,22395),(50,30019),(54,31124),(55,10361),(63,7489),(64,28027),(65,872),(67,29144),(68,20703),(69,33581),(72,27543),(73,5967),(74,9906),(76,18523),(77,28962),(86,13771),(88,33216),(90,2796),(91,25797)]	115.957465
731	[(0,10062),(2,28951),(3,19213),(5,5151),(9,21792),(11,32439),(13,33382),(14,1025),(16,6435),(18,9091),(19,14838),(20,32775),(23,24585),(25,30769),(26,2435),(31,20775),(32,30280),(35,29003),(37,15345),(39,24558),(41,19266),(42,17369),(43,23677),(44,11754),(45,6276),(47,30683),(48,7492),(51,6918),(53,31683),(56,17269),(57,20189),(59,4192),(60,33612),(62,29239),(63,13001),(66,22211),(69,12023),(70,1925),(72,2934),(75,27805),(79,32655),(83,6406),(84,23511),(85,24103),(90,25222),(91,26400),(92,27228)]	109.273058
732	[(3,25701),(4,5615),(7,9181),(8,23311),(9,1406),(10,18295),(11,33580),(14,9082),(18,31382),(19,32353),(21,50),(22,12525),(23,17356),(24,11627),(27,4585),(28,6408),(29,26667),(35,643),(36,10333),(37,1663),(40,22202),(42,4377),(43,4653),(44,33858),(46,3005),(51,10461),(52,10967),(56,19053),(60,31222),(62,32954),(63,27105),(64,5647),(66,32582),(69,27052),(70,22939),(71,18421),(76,20992),(77,8254),(80,19843),(82,28667),(84,31916),(86,12861),(87,5887),(89,16488),(90,10207),(91,10242)]	105.152536
733	[(5,26765),(10,8870),(14,17240),(22,15234),(23,10786),(28,30805),(32,13040),(35,12485),(37,244),(38,30746),(39,26458),(40,6271),(43,26911),(44,24973),(46,17729),(47,3078),(48,3875),(49,14700),(60,33669),(61,25816),(62,25339),(68,10376),(70,8564),(73,4966),(74,18234),(76,29235),(80,7156),(81,1834),(83,22261),(84,7556),(85,19286),(86,26205),(88,4630),(90,19839),(91,30)]	111.392697
734	[(2,10974),(3,25792),(5,10628),(6,22053),(11,32980),(12,17128),(13,31144),(15,566),(16,2345),(17,17022),(20,26257),(23,13639),(24,26864),(25,2272),(27,32060),(28,1829),(31,20929),(33,8297),(34,16649),(35,20327),(36,3437),(38,28644),(43,18711),(44,12614),(45,30929),(48,31070),(49,6375),(51,1039),(52,30335),(53,8784),(54,3351),(56,3725),(57,12929),(59,8658),(65,24223),(66,20928),(68,25437),(73,14267),(74,5028),(75,9350),(80,17311),(82,20261),(84,13388),(85,33192),(87,28849),(88,14848),(90,3571),(91,5405)]	126.222918
735	[(2,26737),(4,13770),(5,14473),(6,20971),(8,11101),(9,8345),(13,22071),(14,25731),(18,14319),(19,28717),(23,2220),(24,13642),(25,12322),(26,23998),(29,26174),(31,5828),(33,30510),(41,19359),(42,28230),(43,31269),(44,27126),(45,2414),(46,7344),(47,17093),(54,11520),(56,22633),(59,18468),(60,31695),(66,26923),(67,4609),(68,32943),(75,22617),(78,12074),(79,8657),(80,16134),(82,826),(85,26868),(87,10932),(89,30714),(90,1773)]	120.463609
736	[(1,21046),(3,25449),(4,32871),(5,3523),(6,11020),(9,13435),(10,29787),(11,19260),(17,30077),(18,7062),(20,31218),(23,33349),(25,17456),(29,20025),(30,29045),(32,17900),(39,30128),(40,1690),(41,6311),(45,19838),(47,12974),(49,27178),(58,4112),(61,19029),(62,22985),(63,17495),(64,28926),(65,31019),(66,33204),(68,510),(70,6712),(72,7973),(73,2517),(74,32841),(75,26754),(78,27745),(84,26720),(86,12877),(88,1886),(90,20349),(92,31262)]	123.594619
737	[(2,26543),(8,31255),(9,13621),(13,26598),(14,5953),(16,6104),(17,2245),(18,25854),(19,7476),(20,1932),(23,22994),(24,27241),(26,9636),(27,20670),(28,15538),(29,6288),(38,6583),(39,907),(40,31511),(41,21582),(44,4994),(45,28997),(49,17059),(51,21543),(53,1300),(54,7397),(55,20399),(56,5950),(57,31756),(58,1483),(59,12912),(61,13747),(64,33444),(67,372),(68,3296),(72,25348),(74,5495),(75,16584),(76,29309),(77,24348),(79,9412),(80,33133),(81,1767),(84,22097),(88,19315),(90,27795)]	117.456503
738	[(2,31255),(4,2030),(5,17622),(7,33119),(8,2001),(9,32698),(12,14940),(13,28353),(19,14950),(21,27912),(22,5917),(23,20421),(24,4066),(25,7179),(28,6239),(30,33796),(32,9533),(33,22242),(34,7543),(36,15915),(37,31884),(41,19130),(43,7990),(45,25791),(47,11329),(49,14960),(51,1748),(52,9729),(53,392),(54,23437),(55,19188),(56,23344),(58,9640),(59,32682),(60,31308),(63,15153),(65,28934),(68,16817),(69,32512),(72,28910),(74,5693),(77,23329),(78,25754),(79,7813),(80,13458),(86,30665),(87,16954),(88,10565),(90,22701)]	127.419069
739	[(7,30671),(12,15639),(13,22879),(14,13941),(15,26397),(17,9053),(19,5922),(21,27143),(22,7777),(23,25748),(24,7049),(25,3513),(31,17563),(34,24189),(35,6790),(36,2819),(37,8718),(38,444),(39,17216),(40,20813),(43,27390),(47,8635),(48,20134),(49,1920),(55,16915),(58,8370),(59,16016),(64,32813),(65,3328),(69,24612),(70,22746),(71,23810),(72,6488),(73,25413),(74,20060),(75,31750),(76,10585),(78,3229),(79,9572),(81,26224),(82,18714),(83,33492),(85,12038),(86,14391),(87,32159),(90,7319),(92,4716)]	117.951838
740	[(0,25622),(2,7804),(4,3672),(6,1756),(7,21652),(9,13156),(11,26975),(12,20437),(13,15612),(15,491),(16,1090),(18,13803),(19,17617),(20,24458),(21,4323),(22,33252),(24,12735),(27,29888),(28,4230),(29,17436),(30,23033),(31,2535),(34,3736),(35,4890),(36,25439),(38,5963),(41,24463),(42,27333),(43,23336),(45,31471),(46,6281),(48,15279),(49,3287),(54,26897),(61,26583),(63,13485),(65,17796),(66,12116),(68,498),(70,33863),(71,31282),(72,21840),(74,32625),(75,25179),(76,23820),(77,10841),(80,8938),(82,25649),(83,14763),(84,24489),(85,4013),(87,412),(89,23073),(92,22368)]	108.468296
741	[(0,29283),(1,25106),(2,11734),(4,15053),(7,31105),(8,9652),(10,27935),(12,4104),(13,5443),(14,31584),(16,13334),(17,3785),(18,30907),(19,17676),(20,819),(21,15498),(22,21964),(24,7117),(25,12606),(28,30528),(29,16835),(30,12300),(31,18977),(32,26219),(33,10312),(36,32042),(38,12219),(39,2871),(40,31601),(42,30471),(44,10856),(45,16750),(46,1245),(47,32825),(48,12024),(49,10517),(51,32965),(53,18006),(54,3443),(55,2303),(58,9188),(61,4267),(64,23818),(69,1219),(70,18709),(71,4456),(72,31144),(73,32343),(75,28465),(77,23214),(80,16123),(81,4795),(83,3543),(84,18351),(86,16408),(88,6607),(90,19525),(91,18657)]	106.424152
742	[(2,804),(6,18788),(9,15720),(10,33985),(13,4298),(15,33132),(16,7312),(17,33152),(18,18136),(23,30044),(26,12068),(27,11035),(29,31117),(30,34012),(32,28991),(34,19423),(35,30526),(36,27397),(37,21849),(39,28777),(41,31414),(43,22192),(44,18969),(45,31066),(46,25101),(51,20159),(53,4339),(54,27370),(55,4607),(56,29754),(57,19219),(58,19360),(59,6549),(60,198),(61,18260),(64,9839),(65,10560),(68,25996),(69,14132),(75,11291),(76,4934),(77,25760),(78,9875),(82,6318),(84,33048),(86,29312),(87,26448),(90,3673),(91,33050)]	122.231480
743	[(2,1767),(5,28867),(8,31092),(11,32147),(12,13770),(13,23792),(18,11188),(21,23671),(22,23193),(25,3444),(26,12490),(27,3616),(29,13659),(32,7578),(33,34036),(35,3028),(39,22936),(40,18193),(41,30211),(44,18902),(45,9005),(49,461),(50,16501),(51,11180),(52,21534),(53,16253),(54,8378),(55,26017),(56,8544),(59,4695),(60,28342),(61,18878),(62,29742),(63,30732),(64,2151),(65,20731),(66,11492),(67,19612),(70,10893),(71,15309),(72,31918),(73,15516),(76,21277),(78,14998),(79,7316),(82,33653),(83,23731),(84,4343),(86,10965),(87,31179),(89,33292),(90,17700),(91,7138),(92,25593)]	157.194585
744	[(0,4091),(5,13650),(6,12539),(9,18043),(11,32041),(14,1391),(17,19587),(19,6302),(20,19469),(23,27537),(24,9608),(25,29835),(26,1946),(27,32238),(29,6967),(31,13319),(32,16486),(33,28134),(36,33843),(37,17906),(39,30942),(42,26394),(43,2416),(44,30703),(45,2509),(48,20964),(50,33360),(53,15556),(56,16182),(59,17044),(60,17713),(62,32322),(63,24492),(66,2400),(70,33351),(73,10838),(74,10317),(75,15589),(78,11419),(79,3629),(80,26560),(81,1056),(88,9845),(89,2917),(90,4056),(92,30974)]	129.417026
745	[(0,22890),(1,2368),(6,24289),(7,20723),(9,7176),(12,27765),(13,6362),(14,21885),(15,13601),(16,33277),(19,9933),(28,34025),(31,20940),(32,40),(33,22102),(35,1678),(37,28769),(38,15812),(39,7405),(44,13967),(45,11236),(47,6786),(50,11066),(51,33836),(52,13193),(53,10631),(54,3805),(55,26928),(56,21035),(57,12327),(58,18152),(59,13167),(62,4341),(63,20224),(64,21470),(66,16321),(67,6554),(68,14719),(70,5339),(73,25393),(74,7281),(76,30816),(77,21905),(78,26516),(79,22772),(80,33564),(83,10049),(84,20914),(85,26727),(86,26240),(89,1954),(91,1491),(92,1823)]	152.106669
746	[(0,4602),(1,408),(2,6840),(3,21665),(5,5212),(9,22416),(10,16304),(11,23007),(12,9936),(13,6304),(14,30481),(16,33257),(17,15754),(20,18006),(21,3443),(25,27566),(26,31222),(27,9077),(31,27027),(38,26788),(39,16258),(40,24262),(42,26033),(43,6557),(45,3586),(46,19422),(47,26064),(51,26930),(56,7929),(61,33639),(62,6195),(63,7285),(65,11282),(66,25417),(67,20951),(69,9910),(71,10684),(72,33661),(73,30441),(74,33949),(76,6715),(80,8861),(83,2882),(86,24978),(87,32531),(88,844),(89,31946),(90,4930),(91,9999),(92,18743)]	137.818758
747	[(4,23197),(5,2022),(6,14499),(7,18206),(9,15085),(10,258),(12,31343),(14,20488),(17,20306),(18,10936),(20,26936),(21,23869),(22,1208),(25,21007),(26,28090),(31,18379),(35,13741),(36,896),(40,6554),(41,30196),(42,11026),(44,11976),(46,23313),(47,25757),(50,22072),(53,2337),(54,30883),(57,15311),(59,17220),(61,34014),(63,19578),(64,20641),(66,8094),(68,33672),(71,10390),(73,23582),(75,16211),(77,23768),(79,14946),(80,28500),(82,22380),(83,10497),(84,12279),(87,23872),(89,9278),(92,15529)]	115.869697
748	[(2,17264),(3,14244),(4,14639),(5,26544),(10,13441),(14,16211),(21,12657),(25,5686),(27,32407),(29,29555),(31,9309),(33,8026),(34,20833),(38,7863),(41,1780),(42,18642),(44,3950),(45,710),(47,15508),(48,5535),(49,23568),(52,30875),(53,8876),(54,18553),(55,7070),(57,16207),(58,11511),(60,8202),(61,16007),(64,24713),(65,14053),(66,17590),(67,31377),(71,19879),(77,29281),(79,6013),(80,34076),(83,17249),(85,27094),(87,26193),(88,30418),(90,3949)]	112.931758
749	[(4,12854),(5,8898),(7,19212),(9,14217),(12,5782),(15,31570),(17,13820),(23,20650),(24,17535),(26,26787),(27,32391),(29,19182),(32,24585),(33,27954),(34,16749),(35,42),(38,31837),(40,34084),(42,29514),(46,18299),(51,22108),(54,2552),(55,30961),(60,8272),(62,24447),(63,17843),(66,25092),(69,10790),(72,4864),(73,1771),(74,14346),(77,20728),(78,18578),(79,8557),(82,31120),(85,21276),(87,593),(90,29923)]	155.329579
750	[(1,26551),(2,8219),(5,19813),(7,22617),(11,13810),(12,20254),(13,25775),(15,7255),(16,28914),(21,10355),(22,13353),(24,18442),(25,26315),(26,34074),(28,3087),(30,27541),(32,9682),(37,8148),(38,1141),(42,15069),(48,29195),(49,6516),(50,26291),(52,29676),(53,23333),(55,24767),(58,21986),(59,14286),(61,3162),(62,26270),(65,21985),(66,7703),(67,20452),(69,31987),(71,16720),(77,19642),(81,13556),(83,26312),(84,21891),(86,13574),(87,31800),(90,23510),(91,22094),(92,20228)]	254.828683
751	[(0,2871),(3,3104),(5,5871),(9,20639),(12,33037),(14,24742),(18,21776),(19,10150),(21,33743),(23,28292),(24,17815),(28,14626),(33,10223),(34,4417),(35,22562),(36,33475),(38,3048),(39,12178),(41,6167),(43,30761),(44,910),(46,25429),(48,8377),(53,10469),(54,4671),(58,8936),(59,2622),(60,31657),(63,28320),(64,12457),(65,2115),(66,453),(67,32831),(68,15815),(69,21881),(70,28418),(73,25532),(75,27052),(76,32436),(77,23022),(81,3434),(82,16457),(83,31306),(84,9262),(86,4980),(88,11196),(89,33358),(90,22181),(91,20543)]	261.483804
752	[(0,3344),(4,15924),(6,30161),(9,14190),(10,19827),(12,13099),(13,2482),(14,15671),(15,28902),(22,23915),(24,9615),(28,1837),(30,5370),(33,12062),(34,20320),(36,1080),(37,19022),(38,4372),(41,938),(42,21855),(44,26794),(45,29628),(48,19389),(50,8464),(52,1004),(54,25443),(56,5500),(57,29900),(58,11000),(61,30393),(68,24670),(72,2675),(77,20702),(78,24244),(79,27867),(81,11234),(82,20263),(83,15940),(84,12221),(86,27000),(88,24440),(89,5138),(90,10813),(91,12178)]	239.388775
753	[(0,12675),(1,1267),(3,23898),(4,31344),(5,22287),(7,6054),(8,17736),(9,4113),(10,18669),(11,33214),(12,28726),(13,33116),(15,32063),(17,14783),(19,5813),(20,33292),(22,5049),(24,23968),(25,16803),(26,25643),(31,13471),(34,24854),(35,13554),(36,18241),(37,18729),(39,23367),(41,8753),(42,3954),(43,14645),(44,10000),(45,31488),(46,32845),(49,4467),(50,23008),(52,1339),(53,10752),(55,18226),(59,15004),(62,6556),(63,5995),(64,25831),(66,33205),(67,29715),(68,25836),(70,13835),(71,32776),(72,22024),(73,24526),(74,2036),(76,15657),(77,10796),(78,20990),(79,735),(80,19244),(81,348),(82,13085),(84,20785),(87,22938),(88,19930),(92,30840)]	231.631167
754	[(0,24859),(2,30975),(5,28689),(10,29808),(11,30226),(12,4753),(14,1274),(16,6438),(17,15018),(21,34083),(22,29792),(26,23172),(27,1170),(28,19024),(29,1973),(30,18645),(31,8338),(33,2818),(39,2025),(41,30733),(44,22744),(46,29363),(49,18989),(50,3105),(51,14002),(53,3251),(55,21607),(56,14723),(58,21849),(60,24316),(62,31470),(64,31138),(65,20709),(66,29880),(67,34009),(68,25679),(70,6574),(77,14826),(78,10440),(85,2723),(86,11492),(87,29090),(88,10050),(90,10227)]	243.699338
755	[(1,17043),(2,375),(6,29654),(7,13206),(8,24754),(9,7207),(14,3499),(16,29194),(17,24813),(20,12443),(22,32906),(24,13309),(27,678),(28,1770),(32,16893),(33,13983),(36,18914),(38,19005),(39,10805),(40,4956),(42,147),(45,5179),(47,1162),(48,16187),(50,33086),(51,19087),(54,22072),(56,23914),(57,3288),(59,4360),(62,24120),(63,3535),(65,7527),(69,22162),(70,7770),(73,28002),(74,22448),(76,3861),(79,23903),(83,31632),(84,32105),(85,22753),(86,25989),(89,9589),(92,7465)]	240.842247
756	[(0,19111),(2,15824),(3,12038),(4,14391),(5,32159),(8,15774),(9,33225),(11,200),(18,24640),(19,13182),(20,2424),(22,7905),(24,1968),(25,29006),(26,25106),(27,8982),(31,14373),(32,30726),(33,15431),(34,10295),(42,34017),(43,22300),(45,24310),(46,23498),(48,19045),(51,6406),(55,31665),(56,6046),(57,6853),(60,23188),(63,6841),(64,9723),(65,2816),(66,7767),(67,12638),(68,11034),(70,13689),(71,18776),(72,3949),(73,22007),(74,26280),(75,16007),(76,31002),(77,21479),(79,8344),(80,22509),(81,30195),(86,26821),(91,18637)]	250.388271
757	[(1,17334),(2,22353),(3,27629),(5,14865),(7,15617),(8,11656),(9,25270),(12,2595),(14,26581),(15,33853),(16,17320),(19,9240),(21,27723),(22,1833),(23,1304),(25,4164),(26,29502),(27,23191),(28,15038),(30,17227),(31,11104),(33,10289),(34,8853),(35,7631),(37,33893),(38,13046),(40,22295),(41,27591),(43,2868),(44,33255),(45,5276),(53,2604),(55,3140),(59,25718),(60,25156),(61,31621),(64,2885),(65,29163),(67,12171),(70,25744),(71,32038),(72,19106),(73,25909),(77,20668),(78,9978),(80,5635),(82,5487),(84,18315),(85,18381),(86,1832),(87,4258),(88,7607),(90,3692),(91,18631)]	236.664482
758	[(1,16932),(3,25559),(4,30468),(5,23726),(6,19480),(7,14053),(8,20112),(10,28374),(12,13614),(15,21192),(17,26339),(18,3833),(19,2768),(20,4957),(24,7756),(25,23637),(27,9174),(30,7427),(31,24960),(32,7582),(33,14331),(35,9501),(36,8803),(38,21811),(41,17245),(42,14207),(45,21403),(46,11764),(47,28584),(48,30405),(49,12304),(50,10328),(51,29),(52,33262),(54,11994),(57,4952),(59,7077),(60,11973),(61,27391),(62,5813),(63,8496),(64,3559),(65,28283),(70,3088),(71,15902),(73,31207),(75,23793),(81,5924),(83,34084),(85,33449),(90,16729)]	271.605407
759	[(7,31685),(10,10766),(12,12111),(13,31165),(14,13923),(15,5601),(16,21248),(18,4423),(19,23211),(20,30310),(21,10710),(25,17351),(26,7866),(27,4428),(29,29356),(30,4980),(32,5488),(34,5644),(35,20883),(36,24107),(38,21911),(41,2641),(43,16008),(44,33465),(47,11986),(49,26406),(50,1790),(52,5056),(53,7577),(54,11002),(57,9071),(59,3329),(60,27773),(66,5085),(68,9951),(69,4190),(72,15016),(73,17480),(77,11381),(78,24448),(80,20816),(81,14012),(82,26709),(86,27406),(88,12228),(90,1461),(91,15671),(92,14699)]	260.853634
760	[(1,33604),(3,27827),(6,2882),(8,23946),(10,20575),(12,4456),(13,33302),(14,25667),(17,30764),(18,1969),(20,2731),(21,20570),(22,9427),(24,23021),(26,16333),(27,17922),(30,24727),(31,29978),(33,9095),(35,7764),(36,23269),(38,19029),(39,22985),(43,28382),(45,25414),(46,11266),(49,15585),(50,18110),(51,18958),(54,17528),(55,33848),(56,14727),(57,30971),(58,17272),(61,25296),(63,7047),(66,14708),(67,4839),(69,10304),(70,33330),(71,30554),(73,33493),(74,10744),(75,15629),(77,4529),(80,13496),(82,18902),(83,9711),(84,5015),(86,25551),(88,33072),(89,24575),(90,14205),(91,9270),(92,115)]	237.474921
761	[(1,4545),(2,13379),(3,33898),(5,33828),(6,26200),(7,7833),(8,2684),(9,9007),(10,23415),(12,28098),(15,1209),(16,23008),(18,24137),(19,20408),(20,6303),(21,13090),(23,32367),(26,3921),(32,6495),(33,5552),(34,7178),(36,31915),(38,21156),(39,12970),(41,288),(42,33804),(45,8939),(49,11056),(50,5573),(51,8782),(52,16030),(53,30778),(55,7568),(56,27659),(58,9841),(60,4355),(61,3030),(63,16248),(66,28680),(69,25068),(70,14253),(73,13072),(75,12212),(76,5172),(81,7983),(82,16089),(83,20402),(84,15075),(85,25342),(87,12042),(88,10073),(89,27803),(91,775),(92,14245)]	239.836110
762	[(0,33061),(2,11330),(3,26049),(6,20920),(7,19949),(8,22313),(9,4426),(10,13930),(11,24362),(12,22664),(15,10216),(16,15365),(18,19498),(20,12648),(21,24921),(25,22535),(26,18933),(28,1359),(29,24043),(30,3347),(31,26936),(32,23869),(33,23186),(39,16143),(41,20242),(45,20684),(46,16109),(47,33223),(49,13986),(50,33075),(51,6039),(55,13399),(56,13850),(60,22655),(62,15584),(64,9503),(65,21127),(67,26752),(70,12607),(71,16316),(72,25939),(73,28126),(75,20886),(77,15824),(78,18380),(79,17443),(80,23063),(82,1734),(83,1625),(84,5211),(85,26422),(88,16491),(89,18735),(91,16499)]	253.169430
763	[(1,23327),(2,10337),(4,11418),(6,1415),(9,22928),(12,13183),(14,28490),(17,9403),(19,12155),(20,23237),(21,20511),(24,9283),(28,31093),(31,28949),(32,18390),(33,11639),(34,12710),(35,2848),(36,24886),(37,15638),(40,32843),(43,26756),(45,5742),(48,13343),(50,9899),(51,33022),(58,16769),(59,33935),(61,15349),(62,21751),(65,30766),(66,14458),(67,24311),(68,8040),(69,25197),(70,32549),(71,5393),(73,11873),(74,24476),(76,7706),(79,3649),(82,24678),(83,8651),(86,23649),(88,30201),(89,24689),(91,2988)]	240.745993
764	[(0,27648),(1,23318),(2,21274),(3,21708),(8,10631),(11,6025),(12,8730),(15,33094),(17,11596),(18,13963),(19,5006),(23,31338),(27,5864),(29,5690),(30,28800),(31,26174),(34,11780),(41,28951),(42,876),(43,30181),(46,28886),(47,10670),(49,13939),(51,11415),(52,13507),(54,16175),(58,3144),(59,7174),(60,25704),(61,13172),(62,9930),(64,12225),(67,16283),(68,26828),(72,30652),(75,25364),(77,17440),(78,3609),(80,18584),(81,14718),(82,3914),(85,30077)]	179.687008
765	[(1,33139),(2,3928),(4,12276),(5,17775),(6,1868),(8,21914),(10,29454),(11,12763),(12,8847),(14,31557),(15,4911),(17,2493),(18,14280),(22,8763),(24,24722),(25,23517),(26,29041),(28,9617),(30,15039),(31,12218),(33,19032),(35,2385),(37,16115),(38,20343),(40,4800),(44,30985),(45,32115),(49,2083),(50,26706),(51,2659),(53,3769),(54,16895),(56,20886),(59,22704),(62,19616),(63,5148),(64,18074),(67,16232),(69,13366),(72,7326),(75,30122),(79,33462),(81,18513),(83,4853),(89,21794),(90,15013),(91,6231),(92,1595)]	130.283436
766	[(2,20292),(3,25019),(4,22819),(7,24652),(8,21165),(9,12121),(10,9508),(12,25231),(13,21627),(15,33533),(16,25068),(17,21991),(18,2962),(19,32549),(20,8217),(21,21951),(22,15906),(24,5596),(25,22995),(29,23492),(30,5539),(31,12222),(32,24063),(34,24686),(38,32604),(39,30670),(40,19098),(41,27132),(42,11728),(44,461),(45,12268),(47,13990),(48,1043),(51,139),(52,19186),(53,23658),(54,3859),(56,21510),(63,31899),(65,25264),(66,4191),(67,5802),(69,12496),(70,6340),(71,11628),(78,31742),(79,17448),(84,434),(85,8516),(86,16488),(87,5297),(89,12143),(90,8207)]	106.905848
767	[(1,30974),(4,2009),(5,33705),(6,14074),(9,20311),(10,33881),(12,30689),(13,764),(14,3944),(15,1629),(20,16517),(23,10265),(24,1702),(26,13277),(28,11700),(29,20256),(30,806),(31,26826),(32,18427),(35,26156),(36,15617),(39,19369),(42,27990),(43,4735),(44,1936),(45,21407),(48,10777),(51,20118),(52,15099),(54,29964),(55,30321),(58,34081),(59,10827),(63,21511),(64,1990),(65,27070),(68,31361),(71,11323),(73,16881),(74,21641),(78,20876),(80,28113),(81,1223),(83,9917),(86,2708),(88,17404),(91,3591)]	123.199277
768	[(0,25511),(3,19596),(7,7593),(9,5477),(10,22792),(11,24437),(12,3106),(14,33003),(16,6693),(18,19745),(19,15923),(20,27374),(21,17903),(27,4286),(28,19038),(29,18469),(30,9464),(31,9368),(38,3297),(39,13726),(40,26366),(42,25537),(45,5063),(52,32378),(53,20824),(55,26878),(56,402),(57,15677),(59,30467),(62,31891),(64,20635),(65,4095),(66,16774),(67,17309),(68,4212),(72,30262),(73,6903),(74,10377),(76,23978),(78,15911),(79,27021),(80,5418),(82,26802),(83,28058),(84,24835),(85,28119),(86,3418),(87,28752),(89,33821),(92,8259)]	126.016252
769	[(0,34060),(1,28410),(4,3030),(6,25373),(7,13755),(8,22752),(9,6290),(10,22643),(11,2865),(14,22846),(15,27587),(19,3764),(20,31388),(21,6251),(24,940),(25,14994),(27,20625),(28,18915),(29,13353),(30,23211),(33,11594),(36,1693),(37,964),(40,20444),(41,27626),(42,9273),(43,6700),(44,14326),(45,26408),(46,10343),(49,17322),(52,11914),(53,21338),(55,26853),(57,14646),(58,30126),(60,3261),(63,8355),(64,26557),(66,12060),(67,8058),(68,18689),(69,20244),(74,28497),(75,18132),(76,17024),(77,4553),(80,30390),(81,1559),(82,31249),(83,23305),(84,11212),(87,18240),(89,10478),(90,27281),(92,4377)]	114.763077
770	[(4,8006),(6,24597),(7,4292),(8,15396),(13,1953),(14,14867),(20,32645),(21,3725),(22,25599),(23,21261),(26,17594),(27,11327),(28,27371),(31,21411),(33,13832),(34,19205),(35,32294),(36,23426),(37,23402),(38,13667),(39,19660),(40,20287),(42,19075),(43,33512),(44,19901),(46,230),(48,24872),(49,17584),(50,28699),(51,30294),(52,21575),(53,15821),(55,30206),(56,20477),(57,15189),(59,13848),(60,26610),(61,11000),(63,17249),(65,27094),(68,23923),(70,14075),(71,24897),(73,12619),(74,24562),(76,8633),(77,29371),(79,4108),(80,2018),(81,25913),(82,13784),(83,6261),(85,30617),(86,19123),(87,22656),(89,7519),(90,1705),(92,20624)]	104.064357
771	[(4,8565),(6,26738),(7,18326),(8,24090),(9,10342),(10,4764),(11,4144),(13,13973),(14,1588),(15,4848),(18,25181),(20,9529),(23,23930),(26,20382),(28,5731),(32,17045),(37,18518),(39,9481),(41,2444),(42,19333),(44,666),(45,30854),(46,11608),(47,895),(48,3422),(59,5711),(62,2311),(64,4899),(68,14932),(70,33555),(71,31277),(72,959),(73,32659),(74,25851),(76,19649),(78,10513),(80,16268),(81,13233),(82,19506),(83,34013),(84,31407),(85,16346),(88,25757),(90,9760),(91,15312),(92,26911)]	108.242922
772	[(0,24096),(1,5656),(3,5054),(4,1825),(5,2214),(6,29636),(7,3813),(8,32003),(10,3090),(13,33473),(17,345),(19,21300),(20,30789),(22,13452),(24,12474),(25,21931),(27,5365),(30,20926),(32,1239),(33,13940),(34,27576),(36,19517),(40,8500),(42,15628),(43,18277),(47,18774),(53,31918),(54,4436),(58,13394),(59,9024),(61,32916),(63,19042),(64,9226),(66,16357),(68,31034),(70,15840),(71,15932),(72,23890),(78,26206),(80,5363),(81,27842),(82,9167),(83,6695),(84,16260),(87,29416),(88,28168),(89,25543),(90,3812),(91,24327)]	122.320199
773	[(1,13074),(3,26319),(4,10208),(7,32080),(9,3600),(10,2941),(12,10046),(13,22637),(14,19761),(17,19116),(20,18850),(22,30933),(23,7888),(25,32623),(27,15616),(28,14510),(29,28880),(30,6801),(31,26338),(32,11997),(33,3691),(34,2219),(35,23946),(36,6413),(37,18910),(40,26875),(41,19538),(42,26416),(46,249),(50,23785),(53,27255),(54,19526),(55,33124),(57,11863),(59,29204),(63,482),(67,4813),(68,12021),(69,5764),(71,3720),(72,28014),(76,22353),(77,22425),(78,24262),(79,5709),(82,11595),(83,16564),(84,24464),(87,32499),(89,1134),(90,135),(92,16273)]	111.389746
774	[(0,34070),(2,28109),(3,31899),(4,19880),(5,32813),(8,7469),(9,12509),(10,14453),(16,16298),(21,26658),(23,18656),(24,16246),(25,19122),(28,3584),(30,14103),(32,19343),(35,14116),(36,30644),(37,8837),(42,30613),(45,8576),(46,17277),(50,30234),(51,17223),(53,5808),(55,1649),(58,15827),(60,14283),(62,12180),(63,777),(65,27105),(70,22725),(71,33580),(73,33873),(74,12846),(75,14350),(79,5373),(80,4100),(81,21463),(82,27588),(83,31820),(84,14164),(86,5302),(87,27161),(88,25693),(89,22265),(91,236)]	135.860620
775	[(0,32989),(4,13809),(5,11398),(6,17070),(7,9275),(8,8288),(10,7140),(11,24184),(12,31501),(13,554),(16,29321),(17,2798),(20,12974),(21,26742),(26,21726),(27,12698),(30,422),(32,5430),(34,1748),(35,28022),(36,11280),(37,24708),(45,473),(46,13192),(47,4821),(48,35),(49,27373),(51,6652),(53,14790),(55,31060),(60,13976),(62,1922),(64,28446),(65,29499),(68,21407),(69,1031),(77,6597),(78,9080),(82,21444),(84,13365),(85,8450),(87,8362),(91,21647),(92,25204)]	113.393506
776	[(0,28791),(2,10654),(3,3653),(4,2986),(7,33693),(8,17778),(15,29948),(17,22586),(19,18328),(20,29037),(22,12891),(25,4308),(29,32363),(30,9262),(31,30391),(32,2197),(34,32829),(36,1106),(38,4178),(40,11986),(47,29190),(48,20894),(49,9631),(52,16038),(55,23675),(56,9562),(58,14675),(60,28702),(61,8171),(62,1426),(63,4481),(64,33173),(65,9328),(66,16560),(67,8150),(69,18573),(71,32584),(74,29408),(76,4216),(79,23660),(80,1562),(81,862),(83,23615),(84,7944),(85,17574),(87,14093),(88,22721)]	109.509513
777	[(0,32917),(1,26341),(2,17934),(4,6925),(15,641),(17,5621),(19,11988),(20,22779),(28,21233),(29,1171),(30,6381),(31,29145),(35,22293),(36,2015),(39,28420),(40,7927),(45,10392),(47,28844),(48,26830),(51,2452),(53,5921),(55,33876),(57,9404),(59,4179),(62,9444),(63,16902),(65,11794),(66,9584),(69,8856),(71,3071),(72,22992),(76,4598),(78,26284),(79,7322),(80,24639),(82,30011),(85,13065),(86,29927),(87,21812),(88,18220),(90,28981),(91,24311),(92,8040)]	112.692475
778	[(1,11414),(4,32688),(6,22401),(9,19838),(12,16793),(13,29195),(15,20051),(16,10172),(18,4100),(21,8654),(22,21937),(23,31767),(24,12938),(25,24335),(26,23124),(28,7276),(29,19664),(30,20022),(31,11460),(33,25725),(37,949),(38,31840),(39,4749),(40,17066),(45,28703),(46,25520),(48,32491),(49,23759),(51,796),(52,25040),(54,17155),(57,23648),(59,4997),(60,26128),(61,15686),(68,15645),(69,9731),(72,4928),(76,15285),(78,3230),(79,25628),(84,27787),(85,25217),(88,32037),(89,29998),(92,17102)]	111.753106
779	[(0,33738),(1,26544),(3,32892),(5,13383),(6,31669),(9,29412),(13,9107),(14,6353),(16,17835),(17,19799),(18,4774),(19,17546),(21,26042),(22,7009),(23,5270),(24,15145),(25,2042),(26,25108),(27,16486),(29,14360),(32,31946),(33,4930),(34,16610),(35,4303),(37,6064),(38,28824),(39,8505),(40,4379),(41,32705),(42,6768),(43,32378),(45,26486),(46,21533),(50,29055),(53,13442),(54,9618),(55,33193),(56,1516),(57,16804),(61,8486),(62,29200),(64,744),(65,6219),(66,4955),(68,18235),(69,33382),(73,6518),(75,10036),(79,30943),(80,21896),(82,31880),(84,12560),(85,22544),(87,1331),(88,33000),(89,8365),(91,31515)]	110.577189
780	[(0,21803),(1,25331),(2,16236),(3,28125),(5,21943),(6,25416),(7,18262),(8,26406),(10,3005),(11,29614),(12,17154),(13,16656),(14,7523),(16,16133),(17,25452),(19,16476),(20,10403),(21,213),(23,25475),(24,3626),(25,21942),(26,15361),(30,25924),(35,5521),(37,14544),(38,32128),(40,28161),(44,23820),(45,2351),(46,6390),(47,16221),(50,26558),(52,5542),(55,29282),(58,11621),(59,19358),(60,14724),(61,9773),(64,2827),(65,709),(66,31096),(68,10267),(69,11732),(70,23254),(72,3025),(73,10523),(75,7327),(76,27895),(79,2922),(80,23990),(81,9602),(82,22953),(84,33743),(85,23003),(90,9485),(91,19837),(92,19401)]	103.816903
781	[(0,9293),(4,18979),(5,20760),(8,8995),(9,11317),(10,2903),(12,22996),(14,32307),(15,15278),(17,16415),(20,7510),(21,20434),(22,9156),(24,19321),(25,12021),(26,5764),(28,2763),(29,23636),(31,21426),(32,32408),(34,12865),(37,24170),(39,5544),(48,9781),(51,6874),(52,32473),(55,10628),(58,25621),(61,23253),(62,8335),(63,22296),(64,4968),(65,10309),(66,9019),(68,11582),(69,10509),(70,24519),(71,13004),(72,30559),(77,4194),(79,1978),(80,27222),(85,8842),(87,10416)]	119.087856
782	[(2,10890),(4,1867),(6,11359),(9,25587),(11,15751),(15,24472),(16,33232),(20,6918),(22,31683),(26,27031),(29,14940),(32,19336),(34,23852),(35,24359),(39,20072),(40,20054),(43,17219),(45,7739),(47,11280),(48,31948),(50,4330),(53,11752),(54,19425),(56,2113),(57,4595),(58,18266),(59,7246),(63,27111),(64,1424),(67,1637),(68,14175),(76,23166),(77,15244),(78,32442),(79,29830),(80,30202),(81,26230),(82,21450),(85,5788),(86,12242),(87,33646),(88,407),(89,23942),(90,8090),(91,7619)]	103.453930
783	[(1,10987),(3,6715),(5,26697),(6,20022),(7,4425),(8,9333),(9,16530),(10,32000),(15,7698),(16,13792),(19,9321),(21,30043),(22,13272),(25,13807),(28,25770),(30,15531),(31,32853),(33,17452),(34,24182),(35,10086),(36,21302),(38,33193),(41,28036),(42,24458),(44,5351),(45,11668),(47,29074),(48,24659),(49,33865),(52,12233),(54,32378),(56,7869),(57,17890),(61,21929),(63,10962),(64,11348),(66,32872),(69,22278),(70,3650),(71,32893),(72,9958),(74,32710),(75,4929),(77,8465),(79,12752),(84,24405),(85,12657),(86,33785),(88,14583),(89,6054),(90,17736),(92,27566)]	127.043141
784	[(6,18186),(7,23156),(8,2578),(10,1888),(13,481),(15,26703),(17,22656),(19,25795),(20,2389),(21,2962),(23,17492),(26,13382),(29,9094),(30,27022),(31,18134),(32,29169),(35,14597),(36,17396),(38,5390),(39,12598),(40,10742),(42,3473),(43,15209),(45,22450),(47,28164),(52,23096),(54,32806),(56,7775),(57,19124),(58,29679),(61,28310),(64,707),(65,17048),(67,6764),(69,22469),(71,17074),(74,20861),(78,21346),(80,19583),(81,9447),(83,4926),(84,7613),(88,26090),(90,12569),(92,32215)]	115.444907
785	[(1,21422),(2,9871),(4,19305),(5,9548),(6,21648),(8,17357),(10,2061),(12,8154),(13,21707),(15,14779),(17,23174),(19,2472),(22,17621),(26,30137),(27,33030),(29,22461),(30,28810),(31,6806),(36,29399),(38,25335),(39,15879),(40,16748),(41,21402),(42,25230),(44,14907),(48,11182),(49,32066),(50,28246),(53,5363),(54,27842),(55,22460),(57,12150),(59,17330),(61,16473),(64,12344),(65,550),(70,18657),(72,27911),(75,4420),(79,8748),(81,26204),(82,8719),(86,1829),(87,23398),(88,1930),(90,21198),(91,18584),(92,25756)]	118.076055
786	[(0,23980),(2,29203),(4,11835),(5,19756),(7,14996),(8,32846),(10,17297),(12,10759),(13,20565),(14,16600),(16,33274),(17,11798),(19,16100),(20,26855),(23,17673),(24,6343),(25,31307),(27,5103),(30,287),(33,25082),(35,14841),(37,12836),(39,15617),(43,8027),(45,29532),(46,17955),(47,26298),(54,26969),(56,7952),(58,15121),(59,16639),(61,7145),(65,23127),(68,16606),(69,26993),(70,26086),(73,25270),(74,9332),(75,12095),(76,5017),(78,20541),(79,16411),(82,955),(84,10963),(87,14794),(88,11906),(89,26529),(92,16620)]	119.108718
787	[(2,29571),(3,28266),(5,30832),(6,16698),(7,3831),(8,11985),(11,30021),(15,14327),(17,17001),(18,22305),(22,13983),(27,11874),(28,28800),(30,33637),(32,2953),(37,30216),(38,31428),(40,10732),(41,23001),(42,4261),(45,3467),(49,10752),(52,30925),(53,10642),(54,3630),(57,20390),(59,33852),(62,27790),(63,5238),(64,21148),(65,2825),(67,16151),(72,26241),(73,33362),(75,9549),(76,12640),(77,8339),(78,9574),(79,26793),(80,18998),(81,1930),(82,8991),(83,8637),(85,4705),(87,27084),(88,23883),(90,14524),(92,27520)]	112.356652
788	[(0,6190),(1,14300),(3,17672),(4,2103),(5,11482),(6,24644),(7,33271),(8,7103),(9,19261),(10,22500),(11,19476),(13,13425),(14,8801),(15,24161),(18,2362),(19,16317),(21,20952),(22,303),(23,6134),(24,29541),(28,20102),(30,24931),(31,22576),(33,18398),(34,31445),(35,6161),(36,21143),(40,23540),(41,25273),(42,14302),(43,24767),(44,19979),(45,961),(48,15442),(50,22625),(51,1584),(56,15459),(57,31244),(59,8726),(62,20761),(63,16556),(64,15229),(66,19190),(67,5716),(69,25993),(70,29232),(72,9334),(73,1137),(75,32650),(77,26928),(78,21035),(80,12130),(86,29545),(88,24816),(89,26),(90,11347),(91,11626),(92,11626)]	105.759597
789	[(1,33089),(3,26347),(4,14108),(5,30549),(6,6389),(8,28463),(9,6190),(15,8792),(16,14030),(18,11481),(22,13892),(27,30653),(28,3832),(29,17131),(32,5267),(36,30615),(37,7792),(38,30565),(39,14064),(42,26469),(44,10442),(46,2462),(51,5377),(52,947),(53,25705),(54,28513),(57,28689),(58,7633),(59,7378),(61,16063),(63,8783),(67,6023),(71,5698),(73,33169),(74,4407),(75,5696),(76,5929),(78,1256),(83,25858),(87,33086),(88,19087)]	101.418345
790	[(0,28147),(1,9020),(3,33544),(4,9075),(5,21031),(9,28351),(10,22380),(11,10497),(12,9377),(14,14650),(15,7234),(16,14482),(17,31404),(18,22675),(20,30241),(22,32332),(23,15594),(33,8204),(36,30046),(37,6500),(38,12925),(41,33696),(42,31467),(43,27990),(44,4735),(46,29654),(47,5510),(48,27204),(50,22198),(51,13665),(52,2270),(53,13115),(55,32159),(57,9753),(59,17018),(61,21889),(64,19788),(65,18706),(66,10162),(68,15704),(69,19174),(71,9228),(74,13591),(76,24817),(78,22096),(81,22430),(84,7603),(85,32678),(86,14107),(87,29596),(88,10678),(90,1213)]	120.804519
791	[(0,9452),(1,5845),(2,31414),(11,2226),(12,24061),(14,11945),(15,6518),(17,20142),(18,24432),(20,31220),(21,15860),(23,17552),(24,18773),(25,2328),(26,9798),(27,27653),(28,11632),(29,25042),(32,29552),(34,8924),(35,15168),(36,8149),(38,9943),(42,20660),(43,20270),(45,14016),(46,25117),(47,21415),(49,19193),(50,22832),(51,18938),(54,14305),(56,28990),(58,33214),(59,28726),(60,33116),(61,10397),(64,6565),(65,20353),(66,26278),(67,27311),(68,20894),(69,9631),(73,28544),(78,34022),(80,17817),(81,12798),(82,31980),(83,8751),(91,31630),(92,17313)]	119.096504
792	[(1,33863),(3,10621),(4,342),(6,23817),(7,11825),(11,29373),(12,32161),(13,21447),(17,13887),(18,30368),(19,22084),(22,15855),(24,21358),(25,227),(26,18978),(27,8796),(28,14897),(29,25235),(30,6978),(31,17418),(32,17543),(34,32991),(37,8056),(40,27846),(42,200),(43,25212),(47,33356),(50,5705),(51,13600),(57,21045),(58,30657),(59,17244),(60,368),(65,8681),(67,7420),(69,1769),(70,29216),(72,30499),(73,5614),(74,13086),(77,32988),(78,17941),(80,27572),(83,11619),(86,3578),(88,22161),(90,10239),(92,7159)]	139.535930
793	[(0,19780),(3,12051),(7,9178),(8,6201),(9,25970),(13,22100),(16,17518),(17,1920),(19,15079),(20,16798),(23,22062),(24,28881),(25,1523),(27,2011),(32,29713),(34,18387),(35,7416),(36,5092),(41,33628),(43,31347),(46,31633),(49,14229),(51,19554),(52,12047),(56,15358),(57,26685),(59,5065),(63,7252),(64,24680),(67,27192),(68,4111),(69,6255),(70,31464),(72,3136),(73,32109),(81,29027),(82,8017),(84,1169),(85,9382),(88,19172),(91,2253)]	128.310812
794	[(0,11886),(2,5095),(3,17971),(5,12027),(7,9576),(8,11325),(9,31057),(11,14171),(12,31240),(14,25519),(15,27224),(17,25066),(18,33713),(20,9305),(23,21694),(24,20730),(25,13549),(26,20450),(27,8527),(28,16736),(29,21490),(30,20846),(37,30909),(39,21099),(41,22979),(45,8527),(46,4576),(47,32651),(49,10428),(51,615),(52,801),(55,9941),(59,30004),(60,14553),(61,30112),(68,25637),(71,2149),(72,6518),(75,19266),(76,17369),(77,15845),(79,8986),(81,24065),(85,28018),(90,14830)]	141.970089
795	[(0,33788),(2,13359),(5,7140),(6,24184),(7,31501),(12,28647),(13,29626),(15,8507),(16,7240),(19,18921),(20,25018),(23,12881),(24,28543),(25,32325),(26,29852),(27,16081),(28,4194),(30,8275),(33,6030),(35,25006),(37,4964),(38,26547),(39,7339),(42,31781),(43,26800),(44,18303),(45,16345),(50,1261),(51,10830),(53,12788),(54,31658),(55,15100),(57,1924),(58,4198),(59,15432),(61,32963),(62,26509),(63,12840),(64,33253),(65,27410),(66,9411),(67,33298),(69,15042),(71,15458),(73,31206),(76,9656),(89,17051),(92,25404)]	149.878767
796	[(0,7116),(3,24238),(4,20815),(5,23895),(11,2402),(12,13571),(14,14665),(15,17931),(16,18803),(18,9123),(19,4596),(21,27560),(23,17637),(24,7753),(25,16767),(27,2695),(28,11595),(29,19076),(30,28273),(31,19888),(33,32774),(35,11150),(37,26337),(38,11394),(40,19499),(42,19151),(45,6903),(46,25912),(47,27487),(51,18176),(52,6608),(54,4199),(55,15097),(56,23926),(58,29036),(59,2599),(60,12019),(62,20128),(63,13087),(64,20884),(67,27565),(69,7739),(72,23057),(73,21698),(76,13323),(77,4656),(78,27568),(79,12827),(80,31476),(82,23891),(84,17279),(86,25587),(89,17231),(90,18010),(92,2340)]	119.903769
797	[(0,13889),(1,10865),(2,31738),(4,21778),(7,30300),(8,18277),(9,14825),(10,14699),(12,2987),(14,2327),(15,32959),(19,18094),(20,2761),(24,14461),(25,16381),(30,9876),(33,13433),(34,11816),(36,12127),(40,21579),(42,22906),(43,6827),(44,28506),(45,11478),(47,10517),(49,32965),(54,14796),(55,16084),(56,27009),(58,21144),(60,3994),(61,7933),(64,7732),(65,16703),(66,10369),(68,14182),(71,8658),(72,14722),(74,27373),(76,8442),(80,257),(81,14051),(85,24545),(86,26090),(88,14102),(89,5434),(90,5648),(92,13985)]	105.760889
798	[(0,13429),(3,12596),(6,15963),(8,25856),(10,5987),(11,24037),(13,26763),(14,941),(15,32527),(16,3078),(17,30129),(18,8686),(20,21147),(21,11769),(22,7848),(23,18872),(29,33758),(32,26908),(36,13723),(37,4746),(38,7615),(40,1438),(43,8932),(44,18049),(49,4817),(52,14273),(53,12896),(57,17326),(58,17597),(59,32000),(60,18773),(61,10950),(62,22388),(66,26363),(68,23421),(69,28237),(72,26182),(75,20550),(76,24968),(77,2008),(79,27701),(80,21486),(83,11183),(85,4964),(86,26547),(87,32651),(89,24772),(92,26675)]	128.879296
799	[(0,29007),(3,20516),(4,13079),(5,109),(9,25907),(11,26928),(12,19616),(13,33897),(15,20831),(17,4350),(18,6081),(21,26684),(22,30813),(24,33064),(25,6347),(26,26758),(32,4641),(34,3597),(35,13998),(36,33234),(37,24470),(40,11666),(42,15913),(43,32800),(45,10714),(46,5149),(47,26858),(50,30572),(51,31048),(52,14594),(55,5721),(56,33593),(58,33521),(60,5947),(62,27194),(63,3824),(64,3145),(66,2786),(67,19898),(69,28393),(70,395),(71,32695),(72,6134),(74,20786),(75,28139),(78,17149),(79,29748),(80,14883),(81,9763),(82,21217),(88,258),(89,15945),(90,31017)]	114.813771
800	[(0,7205),(6,26260),(7,32707),(8,154),(12,5833),(16,30660),(17,12154),(19,34082),(21,27218),(26,880),(29,9772),(31,7108),(32,24878),(33,27701),(34,21486),(35,800),(37,20375),(38,24457),(42,6270),(44,19149),(46,24345),(47,28952),(51,678),(53,21410),(54,22370),(55,27735),(56,6669),(57,459),(59,26115),(65,15713),(66,5982),(67,11318),(68,21856),(70,16159),(71,1649),(72,30490),(73,33008),(74,20459),(75,26803),(76,26237),(77,21286),(78,6072),(79,10154),(80,12854),(81,24947),(85,20922),(86,20087),(89,25902),(91,14794)]	136.750986
801	[(1,20357),(3,2902),(4,30678),(5,10775),(6,1165),(7,26512),(10,19577),(11,28931),(14,16319),(16,23651),(17,1832),(18,4258),(19,7607),(26,28539),(29,23612),(30,5866),(31,8194),(32,26136),(33,29287),(34,32603),(38,7291),(43,24438),(44,12423),(48,32551),(49,10910),(52,10405),(53,18516),(54,11079),(55,7012),(57,31588),(58,6837),(62,19283),(63,24626),(64,18248),(68,20500),(71,22049),(73,33817),(74,26553),(79,4119),(80,13080),(82,25419),(83,11081),(84,24342),(86,12150),(87,21442),(89,21962),(90,26151)]	141.115468
802	[(1,28837),(2,11589),(5,3003),(7,10190),(8,27051),(9,29011),(10,26132),(11,22067),(14,3420),(15,4194),(17,1348),(18,2850),(21,4),(23,29424),(25,7170),(28,7913),(30,18507),(31,4668),(33,23986),(35,21424),(39,14298),(40,29721),(41,22895),(42,28943),(44,6651),(45,18210),(46,32704),(47,16331),(49,6461),(52,33333),(53,12687),(57,25952),(58,23024),(63,8505),(65,28504),(66,33026),(67,14766),(68,7130),(69,16261),(71,26561),(74,7191),(76,15084),(77,9664),(79,28173),(80,29411),(81,22753),(82,25989),(83,1617),(86,12585),(87,29543),(89,17127),(91,23879)]	152.114942
803	[(0,13449),(2,30758),(3,3653),(7,18087),(9,28435),(10,4367),(12,24222),(13,30342),(14,24636),(16,30719),(17,10773),(18,18356),(21,14872),(23,16905),(24,13575),(25,15673),(26,26489),(29,4589),(30,1902),(31,1309),(33,20723),(35,18646),(36,4235),(39,28189),(40,30346),(44,30039),(46,3476),(51,29610),(53,17282),(55,20877),(56,13539),(57,24694),(59,24635),(62,2889),(63,32164),(71,10640),(72,17405),(73,3411),(75,5895),(76,7955),(77,31324),(79,683),(80,29153),(81,32436),(82,23022),(85,12709),(87,28146),(88,31269),(89,27126),(90,2414),(91,7344),(92,30616)]	119.202428
804	[(0,22878),(1,23104),(2,23291),(3,12220),(4,19961),(7,25280),(8,21354),(12,14600),(13,7532),(14,15658),(15,11885),(16,31281),(17,18693),(18,21457),(19,7734),(22,25863),(25,23963),(27,13428),(28,407),(30,25495),(31,5766),(33,19804),(34,6434),(35,24542),(36,15094),(37,32760),(38,9155),(39,7700),(40,30040),(41,30388),(43,28566),(44,3630),(46,23550),(48,22889),(49,14380),(50,3565),(51,18),(52,16149),(55,20403),(57,31633),(58,30663),(59,1057),(60,6997),(63,3487),(65,8112),(66,29626),(68,970),(69,6019),(70,31963),(72,5533),(73,5860),(74,8334),(76,14299),(80,10363),(85,22721),(86,28333),(89,25431),(91,16778)]	106.897353
805	[(3,23861),(6,32551),(8,8602),(9,8786),(11,32295),(12,23587),(13,2296),(16,12965),(17,21781),(19,7811),(22,1795),(24,29339),(25,24703),(27,1417),(32,3473),(33,29642),(35,25478),(36,15469),(38,12941),(39,7249),(41,7552),(42,26000),(43,20806),(46,24073),(49,6032),(52,3348),(54,10910),(55,2919),(58,2084),(61,4120),(67,23886),(70,22769),(72,1304),(73,27111),(74,6658),(75,26825),(77,24662),(78,30068),(79,32270),(80,1095),(81,15934),(84,29716),(86,13116),(89,13840),(90,12155),(91,23237),(92,10806)]	128.098835
806	[(2,4480),(3,25094),(4,8072),(5,31797),(10,31596),(14,5210),(15,28012),(17,22647),(18,8012),(20,32544),(21,8336),(23,24378),(24,6619),(25,24766),(26,29963),(27,19741),(29,14490),(32,2604),(35,515),(36,942),(37,11111),(38,14160),(42,12216),(45,33179),(46,13866),(51,12361),(52,22823),(53,24606),(55,20282),(60,18185),(65,8028),(68,31486),(69,26587),(70,20844),(72,5793),(74,24368),(79,17237),(80,14478),(84,33003),(85,29073),(86,30966),(87,22627),(88,13505),(89,8255),(90,18301),(91,13585),(92,6061)]	130.962724
807	[(0,13798),(2,25313),(3,10111),(8,33965),(9,29373),(10,32161),(13,33012),(14,9059),(15,22005),(19,31998),(22,10854),(25,19901),(27,15648),(29,323),(33,32970),(35,22077),(36,24241),(37,10788),(40,28377),(47,20768),(48,3643),(50,22653),(51,6197),(56,17651),(58,25354),(59,7027),(60,18287),(61,9449),(63,19819),(64,29342),(66,22892),(69,22323),(70,3592),(71,23652),(72,26407),(74,13865),(75,26228),(77,9249),(78,19152),(79,29877),(80,6687),(82,13143),(84,11682),(86,5187),(91,3641),(92,6597)]	125.847477
808	[(1,17456),(2,24174),(3,8529),(4,18349),(5,20911),(8,1475),(13,828),(14,26770),(17,13117),(19,21644),(22,6835),(23,10430),(24,15692),(25,950),(26,7189),(29,9268),(30,2638),(31,6998),(32,3391),(33,8356),(36,16803),(38,6531),(40,31541),(41,17923),(42,23951),(43,3713),(44,22355),(45,1360),(46,32041),(50,14323),(52,31538),(53,16782),(54,18885),(57,13898),(59,3214),(65,25798),(68,13140),(69,1087),(70,3632),(72,29013),(73,19095),(74,20232),(75,7731),(77,29418),(79,27270),(82,18963),(84,7056),(85,3365),(86,13037),(87,23828),(89,26430),(90,29747),(92,16046)]	148.549594
809	[(1,13698),(5,6229),(6,32792),(8,9840),(9,23952),(11,23528),(13,1668),(18,14554),(22,15937),(24,30515),(25,8690),(27,8031),(30,2496),(31,19663),(32,22063),(33,24163),(35,14228),(37,12158),(38,26755),(44,4320),(45,20553),(51,31876),(56,14034),(59,12052),(60,32949),(61,17797),(62,5530),(65,33203),(66,15376),(69,20856),(72,11544),(73,15078),(74,6532),(77,9507),(79,10828),(83,8915),(86,33461),(89,31070),(90,5137)]	125.579935
810	[(6,19715),(8,19337),(9,30671),(13,25710),(18,3522),(19,16832),(21,30721),(24,4521),(27,15136),(33,7303),(37,26540),(38,4962),(39,14837),(40,27029),(41,1944),(42,17709),(43,8637),(44,1436),(46,22946),(47,29351),(49,32560),(50,2043),(54,11121),(55,12710),(56,22815),(58,1267),(60,19864),(61,8882),(62,14341),(63,33751),(65,29161),(66,19389),(67,31912),(71,27131),(74,8625),(78,9093),(79,3243),(82,8373),(83,17696),(84,30027),(87,30253),(90,22328),(91,26132)]	138.916267
811	[(1,25895),(3,14205),(4,31691),(6,6428),(7,19731),(8,31832),(10,11920),(11,14039),(12,20145),(13,27721),(14,12423),(16,4196),(18,11635),(19,11949),(20,21431),(21,26412),(22,26937),(23,21795),(24,11574),(27,21467),(29,17098),(33,29735),(35,21151),(37,2425),(38,19663),(39,1002),(45,20479),(48,18572),(52,21447),(53,27490),(56,2350),(58,6859),(59,3242),(61,5077),(62,17553),(63,10385),(64,10169),(67,8051),(68,21826),(70,15952),(71,18595),(74,15285),(75,23105),(79,24226),(81,16217),(82,18051),(83,32288),(86,21074),(89,15608),(90,13806),(91,4673),(92,7809)]	108.397634
812	[(1,27502),(3,14362),(4,972),(5,29285),(6,3695),(9,13013),(10,2737),(11,17932),(12,14118),(14,12753),(17,25388),(21,29470),(23,32465),(24,18965),(25,24838),(27,27492),(28,22454),(31,18036),(32,13678),(40,21632),(41,8465),(42,23549),(43,29113),(44,32310),(46,16469),(47,4060),(50,27800),(51,9111),(52,16363),(54,31399),(56,20519),(57,6053),(61,15581),(63,34),(65,9771),(66,21638),(67,13573),(68,5636),(69,1),(71,2988),(74,6151),(75,6718),(76,29516),(77,20047),(82,7431),(83,32097),(84,18887),(85,33973),(88,29027),(89,8017),(92,32637)]	111.804144
813	[(0,4357),(3,3477),(4,20566),(6,18178),(7,22493),(8,8489),(12,21414),(14,9261),(18,19418),(20,8247),(24,15294),(26,10742),(27,21834),(28,22223),(29,33335),(30,12908),(32,31170),(35,29016),(36,31143),(37,29795),(39,26027),(42,15117),(45,17490),(48,27635),(51,23710),(52,22946),(53,29351),(55,32560),(56,2043),(58,22853),(60,33118),(63,18267),(64,5351),(66,32262),(67,3663),(70,6964),(73,10429),(74,15978),(76,18223),(80,30956),(81,25852),(82,33024),(85,27017),(87,31980),(88,2980),(89,17711),(90,16489),(92,27322)]	129.510183
814	[(0,25539),(1,1958),(2,19206),(7,26784),(8,1970),(9,28504),(11,2794),(12,13727),(17,27580),(22,28986),(25,29619),(28,28578),(29,12223),(31,32168),(32,6468),(33,11841),(35,12203),(36,13130),(37,15678),(38,22500),(39,6227),(41,30718),(45,30800),(48,21360),(49,27866),(52,7851),(53,33842),(55,23244),(56,757),(60,28595),(62,20294),(67,12101),(70,10044),(71,14684),(72,20715),(73,25024),(75,7609),(76,13519),(77,18721),(79,2898),(80,5706),(83,21803),(86,29963),(87,19741),(89,3418),(90,1703),(91,15065),(92,3127)]	118.320732
815	[(1,2293),(2,1852),(6,21472),(7,26151),(8,1380),(10,9131),(12,14105),(15,10566),(18,6536),(22,1274),(23,4471),(25,13137),(27,31977),(28,2333),(31,7862),(35,16239),(40,20244),(41,29577),(43,34065),(45,14437),(47,6728),(48,10704),(49,1299),(52,9614),(53,3007),(54,27841),(55,122),(56,3188),(57,33562),(58,11364),(61,5346),(62,9410),(64,5509),(66,32906),(67,33532),(68,16514),(69,1647),(74,20435),(76,14388),(78,1284),(80,3280),(81,1443),(82,30235),(83,26184),(84,5244),(85,12691),(88,31290),(89,8369),(91,19274)]	109.269606
816	[(0,18078),(1,20383),(2,17998),(3,26430),(4,29747),(5,14419),(8,27816),(9,12348),(11,11351),(12,29665),(13,891),(15,29069),(16,23800),(17,15604),(19,17660),(26,31286),(28,8879),(29,26624),(30,21982),(32,1488),(35,8015),(38,10552),(39,26414),(40,33536),(41,25168),(43,20835),(46,16259),(47,18159),(51,7493),(53,5836),(55,27),(58,19566),(59,16604),(62,28006),(63,9133),(64,4202),(66,3465),(69,474),(74,8473),(78,5920),(79,13417),(81,2119),(82,13364),(84,19476),(86,27893),(87,22374),(88,26563),(90,2944),(91,3886),(92,25067)]	107.434951
817	[(1,32142),(2,2146),(4,34051),(5,21250),(7,15324),(9,21857),(11,10409),(12,9535),(13,28216),(14,12131),(17,1686),(18,22688),(19,13153),(23,33068),(24,15461),(30,1719),(31,13037),(33,33341),(35,19837),(36,22257),(37,34009),(38,25679),(40,6574),(43,9763),(45,2855),(47,13403),(49,30241),(53,5189),(54,6996),(55,19168),(57,23119),(59,26800),(60,12570),(61,567),(62,33983),(63,25130),(64,7455),(68,18510),(72,23725),(74,29292),(76,3518),(77,9771),(81,11556),(82,2323),(84,6189),(89,1188),(90,21172),(91,10152)]	131.424630
818	[(0,31613),(5,4992),(6,18308),(7,30731),(10,15389),(11,18804),(12,20428),(15,24616),(16,16122),(17,25667),(22,31545),(25,7088),(26,15397),(30,16978),(31,24598),(32,31139),(34,9856),(38,7446),(40,12340),(41,24460),(43,18065),(48,19487),(50,24713),(51,14053),(52,810),(55,8262),(57,9175),(60,17967),(61,10326),(63,16586),(66,17284),(67,5161),(68,476),(69,29468),(73,1607),(74,25196),(76,10455),(78,26987),(80,23484),(81,18497),(83,20502),(84,21790),(85,30781),(88,8349),(89,20629),(92,24170)]	127.351936
819	[(1,12672),(3,19728),(4,24932),(5,12427),(6,31151),(8,8716),(9,19823),(10,2223),(13,21804),(14,19501),(17,3401),(18,33513),(22,12554),(24,11783),(27,5289),(28,7663),(30,25603),(35,5715),(38,21210),(43,8411),(45,30552),(46,23881),(47,6230),(48,562),(49,3841),(52,22210),(53,22647),(56,31026),(60,26882),(62,24944),(64,17435),(67,18187),(69,23219),(71,10828),(76,454),(77,24032),(78,22012),(79,28121),(80,24857),(82,19873),(84,8461),(85,29167),(86,13213),(87,30239),(88,10880),(89,26799),(91,23332),(92,11407)]	108.147125
820	[(4,2028),(6,20111),(8,23768),(9,2261),(14,9245),(16,3546),(17,15526),(19,580),(21,9713),(22,5181),(23,14964),(24,6543),(25,29886),(26,25999),(28,25463),(32,32730),(36,23923),(39,6869),(41,20414),(44,17765),(48,27750),(49,17582),(51,2180),(55,6156),(57,319),(58,12681),(60,33586),(66,28925),(71,20634),(73,20197),(74,27032),(75,11159),(76,10720),(78,32358),(80,26277),(82,20253),(85,7632),(92,23067)]	102.974345
821	[(0,32006),(1,16906),(2,17676),(3,819),(4,12944),(6,21871),(7,1602),(8,21891),(9,24694),(15,29816),(16,662),(19,30613),(22,26524),(23,10821),(27,30216),(28,18939),(29,13053),(30,14178),(32,14968),(40,20735),(42,14560),(43,12977),(45,2525),(47,475),(50,8784),(51,3351),(56,12101),(57,19370),(58,27607),(60,31425),(61,20733),(63,12041),(64,32088),(65,24728),(67,1380),(73,12540),(78,6897),(79,4659),(80,14770),(81,11389),(83,20057),(86,24981),(88,32160),(92,28856)]	101.118400
822	[(0,5461),(2,14734),(3,25080),(5,22826),(6,24350),(7,28260),(10,21638),(11,22242),(12,25548),(14,33910),(15,16990),(18,4100),(21,17865),(24,10726),(28,17245),(29,14207),(30,5850),(31,29455),(36,22981),(37,1470),(43,698),(49,554),(51,3459),(54,12495),(55,11784),(57,8031),(58,22413),(60,29826),(63,23794),(69,14173),(75,3000),(76,17967),(83,11450),(84,29171),(85,12176),(88,18155),(91,6459)]	115.838774
823	[(0,22858),(3,21589),(6,3030),(7,13503),(14,24151),(17,12571),(19,12136),(20,5756),(21,31712),(22,15170),(24,11604),(25,32076),(27,21962),(30,25028),(32,33195),(34,17220),(35,31992),(36,8956),(37,31608),(38,11202),(39,10401),(47,28006),(48,14281),(49,19865),(50,5837),(53,32138),(54,4067),(58,24035),(60,13857),(61,1441),(63,8007),(64,12306),(66,23144),(67,25973),(69,3548),(71,24433),(72,21578),(73,26188),(74,17827),(79,24178),(80,11118),(82,596),(83,13),(84,6231),(85,1595),(86,28734),(88,21217)]	118.722927
824	[(0,6318),(1,18907),(2,30870),(3,6640),(4,23059),(6,11316),(8,6003),(11,26219),(12,20783),(14,15763),(15,17497),(17,5169),(18,26919),(19,4342),(21,24018),(23,4499),(25,22538),(26,5143),(27,23150),(30,14290),(31,17987),(32,6577),(33,24624),(34,11317),(36,1376),(37,7680),(39,11597),(40,13165),(42,3189),(43,1442),(45,18905),(46,25969),(47,7085),(48,6693),(49,32144),(50,26474),(52,23228),(53,28058),(54,24835),(56,19294),(57,15214),(63,8639),(65,11797),(66,18762),(67,27659),(72,17881),(74,11401),(76,21701),(79,25406),(80,22203),(81,9733),(84,9380),(85,9154),(86,5310),(87,17688),(89,33073),(91,30206),(92,20477)]	102.731824
825	[(0,29214),(1,7257),(2,27274),(4,866),(6,4708),(9,23435),(12,26341),(15,579),(16,18859),(18,32786),(20,2746),(22,24403),(23,13065),(25,29799),(26,19476),(28,5460),(30,29178),(32,7872),(34,23563),(35,28673),(36,25778),(37,14319),(38,1118),(40,8886),(42,24116),(43,21678),(44,628),(46,9789),(47,30048),(48,15420),(50,25565),(51,31718),(52,16238),(53,26942),(54,1191),(56,9819),(58,3942),(59,33317),(61,29552),(62,8767),(63,6498),(65,14562),(66,8689),(67,20780),(69,24178),(70,11118),(71,32192),(72,12761),(73,6761),(74,15641),(75,11820),(78,8108),(81,27644),(83,30671),(84,23959),(85,604),(86,26045),(87,13058),(88,3092),(89,15470)]	103.112876
826	[(0,32550),(1,5467),(6,20106),(7,26774),(8,23368),(10,22522),(11,10889),(12,32899),(13,4003),(14,8247),(16,9713),(17,5181),(18,10191),(20,28438),(23,10157),(24,4693),(25,21442),(27,13775),(29,714),(30,2007),(33,28187),(34,19548),(35,16604),(37,13931),(38,18009),(39,11609),(41,10542),(42,5025),(45,7948),(46,34049),(47,23582),(48,26259),(51,29224),(52,13044),(56,32374),(57,10061),(59,19009),(60,13708),(61,24289),(64,1903),(65,16619),(66,16889),(70,1644),(71,16776),(74,19593),(76,22257),(77,34009),(78,33254),(80,10971),(82,31178),(84,22944),(86,31009),(87,33534),(88,21602),(91,28572)]	127.748459
827	[(1,11464),(2,18272),(3,15322),(5,27861),(8,1506),(9,30978),(10,30102),(12,32145),(17,178),(18,12869),(20,12373),(22,13135),(24,1401),(25,12934),(27,9260),(30,25223),(32,27008),(34,28338),(36,11207),(37,12438),(38,2579),(39,19675),(41,17322),(42,25273),(43,14302),(46,11354),(48,9430),(49,8778),(52,24486),(53,27980),(57,20320),(58,2051),(59,33564),(63,9146),(66,25592),(68,878),(70,147),(72,21112),(74,4145),(75,16353),(79,26862),(88,16790),(91,28755),(92,5625)]	114.473096
828	[(6,31365),(7,15995),(8,1417),(10,7368),(11,5783),(12,30806),(13,22888),(14,20019),(15,27258),(17,17096),(18,13453),(19,30455),(20,3376),(21,21053),(22,2411),(24,9692),(26,23281),(27,8041),(28,22190),(29,26525),(30,33354),(33,9018),(35,26380),(36,20855),(37,16863),(41,32713),(42,231),(44,28609),(45,7204),(48,10540),(49,30164),(50,32656),(57,587),(58,18227),(64,29401),(66,15425),(67,21614),(68,28635),(69,9498),(72,3227),(73,20324),(79,5430),(81,23738),(82,28762),(83,20541),(84,16411),(85,5951),(86,28411),(87,3602),(90,23311),(91,2793),(92,21118)]	106.146644
829	[(1,7606),(2,11576),(3,1998),(6,28252),(7,26800),(8,12570),(9,1972),(10,12840),(11,15551),(15,15201),(17,25557),(19,9305),(22,15669),(23,32575),(25,8760),(26,33675),(28,31153),(31,21171),(32,20621),(33,20000),(35,29733),(38,29295),(40,6711),(42,18537),(43,23471),(45,17622),(47,33119),(52,18271),(53,4961),(56,1281),(57,23897),(59,21169),(61,14588),(62,7884),(64,24167),(65,15885),(68,7647),(69,28329),(71,8656),(72,12885),(74,16435),(78,7001),(80,21958),(81,18063),(84,9664),(87,1854),(88,25967),(89,14024),(91,9286)]	113.876507
830	[(0,32765),(1,440),(4,26918),(7,26407),(9,13865),(10,18545),(12,4814),(13,25185),(14,5152),(15,13788),(16,24812),(17,11396),(19,22003),(21,18728),(23,5353),(24,33565),(26,31849),(27,33994),(28,28014),(29,6186),(30,31978),(32,5042),(34,2889),(35,1721),(36,4097),(38,23577),(42,2634),(44,23502),(49,27954),(51,3584),(54,17289),(62,1974),(66,12246),(68,12980),(70,28437),(71,23770),(73,9291),(74,21660),(75,6912),(76,18824),(77,20916),(79,23234),(80,13613),(86,17960),(88,31482),(90,7600),(91,21344)]	106.753191
831	[(1,23844),(2,32428),(7,20347),(13,3957),(17,27960),(22,20455),(24,31726),(25,26073),(27,5607),(32,3667),(34,22441),(36,2158),(39,29829),(41,11255),(42,6112),(44,22087),(45,25546),(47,31302),(49,7830),(51,15466),(52,33109),(53,9680),(56,10329),(57,18894),(58,29508),(59,9169),(60,28199),(61,26124),(65,32789),(68,3169),(70,17608),(71,1741),(72,30936),(73,12670),(74,22115),(75,23423),(77,22276),(78,19495),(80,17492),(81,2850),(82,27556),(83,29679),(85,28336),(86,4677),(87,805),(88,20397),(89,32646),(90,31426),(91,22270),(92,11699)]	126.556615
832	[(3,23505),(6,33119),(7,2001),(8,17634),(9,31777),(11,27141),(13,30646),(14,15407),(17,32199),(19,5670),(21,30754),(26,24032),(27,6868),(30,21080),(31,30302),(32,30409),(36,32613),(37,12557),(39,2752),(46,2004),(49,24445),(50,2477),(54,1034),(55,32999),(56,4265),(57,5278),(63,14550),(65,16827),(66,29826),(68,29152),(69,5529),(71,23489),(72,11529),(74,24169),(76,31028),(77,14942),(78,33429),(79,9813),(81,11792),(83,21059),(85,32356),(88,24807),(89,9554),(92,31351)]	115.315634
833	[(2,20488),(6,10990),(7,10872),(8,28953),(10,28526),(12,11513),(14,18564),(15,21564),(17,9331),(18,16191),(19,19556),(21,11750),(23,11998),(24,19872),(26,11186),(28,12275),(29,154),(30,30025),(31,7137),(32,30097),(35,1891),(36,7046),(37,27021),(38,5418),(39,25874),(40,8952),(41,32598),(43,26259),(45,2070),(46,13762),(47,25816),(48,27683),(50,16985),(51,31540),(60,12895),(61,10766),(63,2119),(72,11507),(73,16779),(74,20405),(76,3934),(77,27633),(78,26079),(81,14298),(85,13319),(86,25799),(87,34002),(90,18667),(92,22626)]	112.348934
834	[(0,22247),(2,11864),(5,20474),(8,27049),(10,33576),(12,2806),(14,22735),(15,16310),(17,1132),(18,2582),(19,3870),(20,8870),(23,11945),(24,32042),(25,31278),(27,22521),(29,23239),(30,28411),(31,3211),(33,14822),(34,15587),(35,14496),(36,20534),(38,5863),(41,1954),(43,19161),(44,24890),(49,5456),(50,24048),(51,22420),(55,2181),(57,25686),(59,21628),(61,26066),(65,19032),(70,15651),(71,9062),(75,18691),(76,24605),(78,12225),(80,29925),(82,19404),(83,3995),(85,21127),(86,15362),(87,20730),(88,13549),(90,8766),(91,3099),(92,23477)]	112.523739
835	[(0,12431),(2,6589),(5,12355),(9,27570),(10,13331),(11,10870),(15,18890),(17,33728),(18,25236),(21,2813),(24,6107),(25,7197),(28,8439),(29,24693),(30,12812),(32,1623),(33,22419),(34,10416),(38,32741),(40,1828),(41,5780),(42,28650),(43,20215),(44,20697),(45,21168),(48,4776),(49,23514),(50,13970),(51,10243),(52,18256),(53,21129),(54,8597),(55,24350),(56,32242),(58,25319),(60,9710),(61,5447),(62,587),(63,18436),(65,2337),(66,18543),(67,10609),(68,4527),(69,12460),(73,16908),(79,20592),(80,29920),(81,10573),(82,3345),(83,1365),(85,28651),(86,16219),(88,33343),(89,9735),(91,19080)]	145.723973
836	[(0,30450),(5,21814),(8,5211),(10,11623),(11,24128),(15,10253),(16,10080),(17,26348),(19,19229),(21,31335),(22,2950),(24,23128),(25,30885),(27,12765),(29,24784),(34,15897),(35,9479),(36,15147),(37,28526),(38,33729),(40,181),(41,29975),(42,16550),(44,7935),(49,31424),(51,31172),(55,9116),(57,13521),(60,28688),(61,20902),(64,19039),(66,19812),(68,14880),(69,6431),(70,33418),(72,10474),(76,30872),(77,14015),(81,15659),(86,7047),(90,23853),(91,28092),(92,29426)]	111.957179
837	[(0,8019),(2,7181),(5,2034),(6,13024),(9,22312),(10,13800),(11,26549),(12,29357),(16,32177),(19,11799),(20,3799),(21,23537),(23,17195),(24,7873),(29,6604),(31,8699),(32,2409),(33,13421),(34,10124),(36,3705),(37,18381),(38,1832),(39,4258),(40,7607),(44,5796),(48,13151),(49,9806),(52,14975),(53,11580),(54,402),(55,15677),(57,30467),(59,2551),(64,13340),(66,21413),(67,23754),(68,18698),(69,21387),(71,25626),(73,20),(74,29773),(75,23708),(76,22717),(79,6933),(84,8930),(85,21612),(88,15198),(89,29379),(90,4263)]	103.103423
838	[(0,27046),(2,18326),(6,31469),(7,5424),(8,637),(9,21365),(10,15708),(12,13245),(13,19886),(14,7665),(17,9643),(18,22493),(22,21062),(23,19198),(24,28148),(25,18852),(26,7196),(28,635),(29,427),(31,19437),(32,27257),(33,31995),(34,28401),(35,32605),(36,18918),(37,17107),(38,16920),(39,25720),(41,23670),(43,10994),(44,6812),(45,29670),(46,8061),(49,20588),(52,15773),(53,17461),(54,32274),(57,13999),(59,16389),(64,2370),(65,6195),(66,7285),(69,4096),(70,12311),(76,32804),(82,16481),(83,24578),(85,18012),(88,27098),(89,9905),(91,32103)]	107.778819
839	[(1,33288),(2,15822),(4,9197),(5,22122),(6,22821),(7,6542),(11,12071),(13,4757),(15,30379),(16,5196),(19,13399),(20,13850),(21,26724),(22,6356),(23,11199),(26,7326),(28,30725),(29,26732),(32,9221),(34,25485),(37,8195),(41,33931),(42,28130),(43,15995),(44,31850),(45,5413),(48,19172),(49,4544),(52,3257),(54,24405),(55,26756),(58,27552),(59,15779),(62,8790),(63,14266),(64,16839),(67,30544),(68,2559),(70,30683),(71,2124),(74,10744),(76,15794),(78,7070),(81,29705),(83,1709),(84,26558),(85,4872),(86,29169),(88,21347),(89,10923),(90,18181),(91,12872)]	108.162542
840	[(0,12700),(1,21088),(3,13676),(4,23800),(5,15604),(6,4180),(7,2218),(8,32253),(9,15154),(10,8470),(13,2955),(14,30805),(18,6781),(19,24793),(20,30881),(21,16966),(27,2584),(31,27084),(32,7193),(34,24164),(35,25872),(36,16139),(39,29923),(42,29190),(46,16295),(47,19884),(50,28960),(55,17933),(59,5421),(61,22987),(63,17997),(64,2304),(67,15784),(68,19023),(71,15342),(73,33361),(74,28577),(76,25188),(77,20338),(78,11560),(82,25603),(83,18311),(84,30699),(85,16066),(86,27289),(87,33919),(88,16032),(90,32802),(91,7837)]	118.141981
841	[(1,27838),(2,4540),(3,19576),(4,25053),(5,5659),(9,9648),(12,8448),(14,14706),(16,21465),(17,19133),(20,20778),(22,15386),(28,17168),(29,14398),(31,33292),(32,17700),(38,23872),(41,2955),(42,30805),(45,33553),(46,31121),(50,17298),(52,24140),(53,24481),(54,9857),(56,19703),(57,19752),(60,5087),(67,4940),(68,27423),(69,26382),(70,6206),(71,825),(76,15763),(78,27634),(80,31084),(81,2858),(82,31844),(83,14690),(84,29284),(86,23279),(90,15576),(92,14752)]	112.442770
842	[(1,25563),(3,29666),(4,4214),(5,31159),(6,14648),(7,23771),(11,2039),(12,24645),(19,16426),(21,15176),(23,23263),(25,7676),(26,12268),(28,28560),(29,13102),(35,8019),(40,21805),(42,15865),(43,11934),(44,7330),(47,22742),(49,7306),(50,17711),(52,15873),(53,5735),(54,12891),(56,7885),(57,3704),(58,33390),(62,32410),(63,23927),(66,6759),(69,20677),(70,23580),(71,28375),(72,33716),(74,20286),(75,23155),(76,1560),(77,18099),(79,22080),(80,8695),(82,25391),(83,16658),(84,2974),(85,1750),(88,23725),(89,6264),(91,763)]	104.406223
843	[(2,31907),(4,16383),(11,8781),(12,202),(13,33322),(14,20683),(16,4264),(17,25418),(18,32272),(25,14191),(30,16590),(33,14154),(37,21854),(38,26970),(39,5320),(44,14455),(46,29594),(48,18688),(50,16248),(52,28600),(55,17775),(56,1868),(59,8174),(60,28764),(61,1397),(64,27756),(66,13935),(67,17624),(68,25711),(72,13902),(74,18325),(76,22916),(79,13524),(80,5422),(81,6739),(83,11674),(84,2299),(87,19027),(88,552)]	110.184751
844	[(1,25864),(2,15603),(4,8343),(5,24317),(6,18815),(9,16213),(10,286),(14,2610),(16,27028),(18,33307),(19,13425),(22,7377),(23,17977),(26,20578),(27,25828),(28,25989),(29,21992),(31,452),(34,33417),(37,1816),(39,23758),(40,24322),(46,11991),(47,22800),(48,4024),(49,13491),(51,30840),(55,2423),(56,26989),(57,13618),(59,20264),(62,31535),(63,9048),(64,5014),(65,1819),(68,8406),(71,19705),(74,14738),(76,443),(77,4610),(80,19457),(83,2118),(84,9105),(86,33405),(88,8675),(91,29844)]	139.631398
845	[(5,19441),(7,25598),(11,27488),(13,25438),(14,17885),(16,11347),(17,29924),(18,17477),(19,9199),(20,28727),(21,30863),(22,29742),(24,6711),(26,30021),(27,7095),(28,26401),(30,20972),(33,3421),(37,13320),(39,252),(41,20472),(44,9386),(45,17783),(46,10903),(48,23071),(49,16766),(55,30860),(57,31434),(60,28216),(61,12131),(62,14470),(63,15762),(64,17565),(65,4461),(68,2389),(69,2594),(71,12001),(73,21249),(74,18491),(76,27491),(77,10056),(78,18707),(79,14758),(82,6369),(83,1147),(84,23591),(87,27822),(88,11504),(89,33641),(92,10647)]	106.964568
846	[(1,33686),(2,5374),(6,27739),(7,8674),(8,31831),(9,17031),(10,31703),(11,23185),(12,1782),(13,30838),(14,4445),(17,7624),(19,23536),(20,14637),(21,17194),(23,2521),(24,3634),(26,20139),(27,22407),(31,10978),(32,29202),(34,19205),(35,12677),(36,22020),(37,20315),(38,8758),(39,29233),(41,6534),(44,7722),(46,10513),(47,17561),(50,19799),(51,24049),(54,3194),(56,14764),(58,4046),(60,9649),(61,25735),(62,32084),(65,32372),(66,10933),(67,31858),(68,15642),(69,22439),(72,32629),(74,1499),(77,28603),(78,20226),(82,4577),(83,20875),(84,5557),(91,5652),(92,28506)]	104.298124
847	[(0,13684),(3,30266),(4,722),(5,28383),(6,7996),(9,5581),(10,26772),(13,30493),(17,32194),(19,8804),(20,21314),(24,3125),(25,9826),(27,6310),(31,9145),(33,32509),(35,1746),(36,24145),(44,20877),(45,11178),(46,3270),(47,28114),(48,26454),(49,5480),(50,10907),(51,30078),(52,21565),(56,6488),(57,16657),(58,6026),(59,29800),(62,17585),(65,19451),(66,21252),(71,17847),(72,27402),(73,20299),(75,17389),(76,26506),(79,26466),(80,7685),(83,9777),(84,18362),(86,5517),(90,15163),(91,21517),(92,1925)]	112.054523
848	[(1,3599),(3,17297),(7,14259),(10,30196),(11,11026),(12,23788),(13,6913),(14,13966),(15,14960),(16,4622),(17,18288),(19,16408),(20,28353),(22,24413),(23,11966),(26,5232),(33,23562),(35,4995),(37,27237),(40,33046),(41,26174),(43,12462),(45,28076),(46,14516),(52,27684),(53,30312),(54,2468),(55,1303),(56,33988),(58,34025),(60,2899),(64,6302),(65,22422),(66,24708),(68,22224),(71,27556),(72,12008),(74,7257),(75,27274),(77,1284),(83,3084),(85,33190),(86,32973),(87,10316),(88,29039),(89,7142),(91,18247),(92,24662)]	129.705273
849	[(0,14542),(1,5485),(2,32681),(3,28959),(7,703),(10,1880),(12,1413),(14,10569),(15,4311),(16,26786),(17,21896),(18,19926),(20,22902),(23,32564),(26,8816),(27,17115),(28,26085),(31,16410),(32,25991),(35,3916),(37,15164),(42,2444),(43,16702),(44,24366),(45,3423),(46,23143),(47,24940),(52,18489),(54,26503),(55,19373),(56,8348),(57,27866),(61,27941),(62,11102),(63,324),(64,18111),(65,12898),(66,18313),(70,1769),(71,29216),(73,31901),(74,4458),(75,17152),(76,14786),(78,22598),(82,5704),(83,32910),(85,7665),(86,24669),(89,26334)]	242.145686
850	[(2,15755),(3,21278),(4,3331),(5,23151),(6,10568),(9,30104),(10,14407),(11,33119),(12,2001),(13,17634),(14,17750),(16,816),(17,20500),(18,9667),(20,30723),(21,5264),(23,32511),(24,2592),(28,1388),(30,12938),(31,23051),(34,29432),(35,19599),(36,7969),(37,23845),(39,20606),(42,18643),(43,26485),(46,21773),(49,2189),(50,14211),(51,462),(52,18068),(54,33679),(56,14162),(57,25296),(58,24088),(59,18633),(65,14214),(66,17315),(69,5616),(70,25758),(72,17425),(75,30682),(80,254),(81,4038),(83,25580),(84,21626),(85,22525),(87,16467),(88,17135),(89,24401),(91,21824)]	285.625664
851	[(0,16009),(1,21841),(2,3757),(4,9671),(6,3481),(8,27816),(9,30487),(10,12074),(13,9723),(14,19806),(15,15107),(16,11977),(17,11783),(21,8897),(24,15308),(25,7668),(26,20580),(27,30237),(28,12283),(29,31449),(34,25421),(38,25662),(40,11149),(43,29416),(44,28168),(46,30366),(47,28116),(51,24331),(58,24376),(59,18398),(60,19004),(61,30058),(62,29312),(63,32365),(64,22091),(65,12908),(68,15626),(70,9722),(71,25089),(76,20702),(78,27849),(79,4490),(81,33143),(85,17281),(88,18372),(90,31769),(92,19719)]	275.357036
852	[(0,27432),(1,12352),(5,29240),(6,18872),(8,13133),(12,22462),(13,29324),(16,25303),(18,1996),(22,26108),(23,24053),(24,30064),(26,20720),(27,22142),(28,31720),(29,2755),(30,23721),(31,33755),(34,25097),(35,29323),(36,15616),(37,19331),(43,22290),(44,13470),(46,777),(48,27105),(49,5647),(52,19962),(53,24278),(54,32374),(56,2334),(57,22596),(60,21923),(61,29220),(63,6322),(66,579),(67,12664),(69,11112),(72,13234),(73,29854),(76,18673),(77,31116),(78,11183),(79,24384),(81,24340),(83,26564),(84,26159),(85,8071),(86,9692),(91,23850)]	240.066394
853	[(0,19043),(1,21824),(2,12778),(3,23478),(4,21639),(6,15040),(9,29545),(11,24816),(12,26),(15,9997),(16,23227),(19,13014),(22,16434),(24,29232),(28,25228),(29,248),(30,12497),(32,3184),(33,24863),(34,27447),(36,12463),(38,29739),(39,18225),(40,12655),(41,21275),(43,1736),(44,24000),(46,23747),(50,32860),(51,4591),(52,27565),(55,8575),(56,19025),(58,3381),(59,12302),(60,9091),(63,20857),(64,975),(67,27033),(69,31219),(70,8191),(73,17109),(76,27218),(77,33395),(81,18495),(82,4761),(85,18355),(88,5093),(89,12550)]	243.497624
854	[(1,17210),(2,20599),(3,33005),(8,1383),(10,18945),(13,21480),(14,11160),(15,31710),(16,4354),(18,23786),(20,16199),(21,29394),(26,30216),(28,549),(29,9923),(31,21990),(38,13452),(39,32941),(42,32936),(43,30793),(46,6282),(48,29669),(49,15774),(52,19707),(53,31705),(55,13989),(56,1529),(58,24835),(63,24454),(64,20987),(65,16969),(67,1809),(68,3419),(70,19969),(74,22674),(75,3398),(78,21162),(79,25917),(81,32204),(83,24852),(87,28232),(88,24814),(90,26351)]	267.490161
855	[(4,10932),(7,3281),(8,1638),(10,28954),(11,27850),(12,13335),(13,22061),(15,11410),(16,14838),(17,20465),(18,15913),(21,25329),(23,4911),(26,11642),(27,2975),(28,23181),(29,703),(36,9965),(38,14372),(39,4193),(40,18701),(44,32082),(45,16154),(47,16455),(48,5280),(49,21345),(52,5649),(53,13220),(55,20050),(56,19658),(57,17055),(58,16322),(59,24500),(62,11168),(65,13110),(66,8874),(67,18843),(68,24427),(69,30323),(72,17037),(84,24136),(86,33235),(89,20017),(90,27504)]	269.429586
856	[(0,29773),(1,28915),(2,18634),(4,25329),(5,14378),(7,17178),(8,28269),(9,30748),(11,31988),(13,23538),(14,1935),(15,32620),(17,32618),(21,17960),(22,20744),(23,16923),(26,2048),(30,28201),(31,24911),(32,29299),(35,29517),(36,4624),(38,10359),(42,32113),(45,33618),(46,25377),(48,6237),(49,34061),(54,2702),(56,24634),(57,5700),(61,13522),(62,33820),(63,7357),(65,32498),(67,33373),(68,23785),(73,18998),(75,21875),(76,5241),(77,9793),(78,33093),(82,5274),(83,3580),(87,10275),(88,18551)]	276.113679
857	[(0,13204),(2,30764),(3,1969),(5,18126),(6,22501),(7,5573),(9,27953),(10,9736),(13,27129),(14,19569),(16,8195),(18,19386),(19,32922),(20,19587),(21,15892),(22,24684),(26,17092),(28,21575),(29,22084),(31,24830),(33,31187),(34,10619),(35,23377),(37,27226),(40,15875),(41,29860),(42,337),(43,5562),(45,3588),(49,13968),(50,7457),(52,8234),(53,3517),(54,3348),(57,16485),(58,7860),(59,1394),(60,14288),(62,31044),(64,30552),(65,23881),(67,19845),(68,23698),(70,33042),(71,17675),(72,8354),(76,9246),(79,19645),(80,15605),(81,19693),(82,24752),(87,20431),(88,21484),(91,28457)]	267.234050
858	[(0,6520),(1,12296),(3,12361),(6,5435),(9,1285),(11,19743),(13,23503),(14,31951),(15,5299),(16,14687),(17,14062),(18,20839),(19,8951),(20,2914),(22,8528),(24,9244),(25,2412),(26,24630),(27,2163),(29,9225),(30,12328),(33,18345),(35,6975),(36,33917),(37,1466),(38,32490),(40,28075),(41,17859),(43,22064),(44,27082),(45,12755),(46,27085),(48,11920),(52,6522),(60,23750),(62,21216),(65,14471),(66,9153),(67,21704),(68,16334),(71,29740),(72,26736),(73,25300),(74,29001),(75,7318),(76,16203),(78,9340),(79,18939),(80,11173),(81,25958),(82,9523),(83,27190),(85,8411),(88,25717),(91,13961),(92,10956)]	262.172573
859	[(0,20332),(4,6868),(5,30835),(8,31410),(10,11017),(13,25340),(15,32161),(18,33012),(19,16726),(21,31512),(24,13786),(25,12583),(26,33954),(27,16740),(30,6458),(31,10762),(37,7787),(41,33229),(45,15607),(47,26666),(53,32739),(54,7624),(55,10299),(57,26819),(63,6319),(64,15963),(69,102),(71,21108),(72,8518),(74,33901),(75,16065),(76,33874),(77,10362),(79,23753),(80,21198),(81,9204),(83,4699),(84,4284),(85,32942),(91,26805)]	229.349768
860	[(2,28636),(3,16743),(4,2790),(5,1695),(6,7833),(7,8860),(8,6138),(9,14222),(10,3919),(11,28668),(12,7374),(13,7291),(15,17947),(16,33126),(17,30580),(18,31260),(20,12927),(21,11924),(22,24828),(24,5881),(25,11545),(26,243),(27,11712),(30,19350),(32,15833),(34,18787),(38,21814),(43,29126),(44,10815),(45,14971),(46,14363),(48,9055),(52,21317),(58,882),(59,13341),(60,8757),(61,10729),(62,25236),(64,20484),(65,28126),(67,26549),(69,17911),(74,14274),(77,5644),(79,26430),(80,23703),(82,19746),(86,17944),(87,33769),(92,5029)]	233.039652
861	[(0,28840),(3,1394),(4,19571),(7,12845),(9,32404),(12,4681),(13,32472),(14,18702),(15,18468),(20,5887),(23,8330),(26,5564),(28,4271),(30,26004),(33,11071),(34,6713),(35,27088),(36,20423),(40,19048),(42,16936),(44,29668),(47,1115),(48,31360),(51,7565),(52,23212),(54,21727),(55,9454),(56,25897),(57,5542),(58,11938),(61,6905),(62,17454),(64,21850),(67,28105),(68,4037),(69,23745),(70,26631),(71,28369),(73,2790),(74,1695),(78,13099),(80,26443),(82,4380),(85,16001),(87,21948),(88,24793),(92,33265)]	248.616922
862	[(0,3601),(5,5218),(8,18192),(10,26604),(12,12350),(21,29952),(22,3567),(23,24898),(26,24644),(28,2279),(33,23454),(36,1903),(38,29474),(43,16882),(44,19791),(45,18471),(46,12731),(48,32876),(49,33749),(50,8254),(52,29202),(58,24301),(60,28541),(63,8168),(64,11098),(66,14521),(68,15891),(70,18779),(71,17782),(72,27830),(73,31390),(74,9335),(78,11285),(80,8997),(82,26463),(83,16548),(86,12210),(88,33385),(92,6000)]	255.793639
863	[(1,4915),(2,15743),(4,1069),(5,11966),(6,7324),(7,6926),(9,3810),(10,3534),(11,2620),(12,5234),(13,6878),(14,28295),(15,18412),(17,32614),(18,14949),(19,8404),(20,11066),(21,1347),(26,23732),(27,5623),(28,24996),(32,998),(33,701),(35,30035),(36,6349),(37,8416),(38,29370),(40,32417),(41,26043),(42,14032),(45,15530),(46,7842),(47,32703),(51,7011),(55,5013),(56,20110),(57,30387),(62,186),(66,17004),(70,22864),(72,22015),(73,8387),(74,18646),(76,31852),(77,14381),(79,18804),(83,21077),(84,19635),(86,8934),(87,16421),(89,2085),(92,27061)]	234.700249
864	[(3,8022),(7,33664),(12,4143),(14,14613),(15,28321),(16,14402),(17,11009),(20,20376),(21,3918),(23,17249),(24,11851),(25,17183),(26,12158),(27,31244),(28,27686),(29,22182),(32,27322),(33,15999),(34,8065),(38,24165),(39,7925),(41,16373),(42,29475),(43,4477),(44,33908),(45,14738),(48,9528),(52,6562),(55,16375),(56,26778),(57,29340),(58,13263),(60,33143),(61,8967),(62,6303),(63,13090),(64,26628),(66,7136),(69,7087),(73,4939),(74,32054),(78,16471),(82,15808),(85,24091),(86,8437),(87,5620),(88,12026),(89,15340),(92,1713)]	109.042871
865	[(0,33844),(6,6352),(7,28382),(10,21493),(13,31036),(14,31942),(15,12561),(18,5331),(19,11230),(22,25452),(23,12470),(25,829),(26,2674),(32,9856),(36,18413),(37,5624),(38,31027),(39,31503),(40,17720),(41,22683),(43,30522),(45,17489),(46,2141),(50,8559),(51,8487),(53,4859),(55,30652),(56,16040),(57,34024),(58,15985),(59,9732),(60,14626),(63,11592),(65,27120),(66,6856),(67,15404),(69,12515),(71,16597),(72,22922),(73,32678),(74,17718),(76,1796),(77,20532),(79,967),(81,25469),(83,20247),(85,14442),(92,22579)]	108.748030
866	[(0,12527),(1,31198),(4,26415),(5,31609),(7,32551),(9,8747),(10,28431),(12,21333),(15,2196),(16,15253),(17,27207),(18,27690),(21,25576),(23,21513),(24,13476),(27,13939),(28,4409),(29,17205),(30,1749),(31,9039),(35,32410),(38,34075),(39,25297),(40,9322),(41,7209),(44,1122),(46,30812),(48,13012),(49,21228),(51,17859),(54,4396),(55,17426),(56,19425),(57,5995),(60,19505),(62,19234),(63,19148),(66,22368),(67,7271),(68,33971),(69,33613),(72,1743),(73,7429),(74,11348),(75,8661),(82,3052),(84,1569),(85,4992),(88,4859),(89,15308),(90,3425),(92,868)]	112.807201
867	[(1,16819),(3,27882),(5,15262),(6,30091),(7,15901),(8,4043),(9,24072),(12,11408),(14,32346),(17,27261),(18,32625),(22,2727),(23,9954),(24,11983),(26,1662),(27,5454),(32,3445),(33,12206),(34,6490),(37,19036),(38,8259),(40,27665),(42,6511),(43,15827),(45,8507),(47,21181),(48,30928),(52,33766),(53,27808),(54,7064),(58,7705),(59,4561),(60,4083),(61,25874),(62,8952),(63,27876),(64,25018),(65,1328),(66,30074),(68,17074),(69,13607),(71,23257),(72,26368),(73,29857),(74,30833),(75,21819),(76,9820),(80,10625),(81,33184),(83,15567),(84,17292),(87,5516),(89,30447),(91,22120)]	103.166652
868	[(1,12386),(3,9052),(4,4868),(6,578),(9,4388),(10,33206),(11,14539),(12,30088),(13,26348),(15,23157),(16,6410),(17,17585),(19,31340),(21,29247),(23,16264),(26,7872),(28,12532),(29,26548),(31,16170),(33,9880),(34,33987),(36,16059),(38,29811),(40,19159),(42,18567),(45,23267),(46,16636),(49,26872),(50,6420),(53,3143),(58,21765),(59,2845),(60,30535),(61,13329),(63,28761),(64,45),(66,8970),(69,7997),(70,3522),(71,24392),(72,21378),(74,20941),(75,27511),(76,21604),(77,12491),(79,29429),(80,32594),(84,34019),(85,25573),(86,19822),(87,22881),(90,12045),(91,4763),(92,30092)]	107.166374
869	[(0,13233),(1,28098),(4,32892),(8,23681),(9,5078),(10,9518),(13,20719),(15,18007),(17,22167),(20,29206),(21,18997),(24,12225),(27,12078),(29,16439),(30,32384),(32,5404),(33,5764),(37,1748),(38,28022),(40,2371),(42,1121),(47,22784),(48,29099),(50,24668),(51,24074),(52,21322),(54,12887),(55,2895),(59,3176),(62,131),(66,17678),(69,6369),(71,21699),(74,13755),(75,23428),(76,30857),(77,27524),(79,13200),(81,2994),(83,2359),(85,5221),(86,276),(88,22525),(89,6620),(90,10476),(92,8603)]	107.589467
870	[(5,6670),(6,15752),(7,7806),(9,26522),(10,583),(11,30492),(12,4615),(14,10754),(15,27211),(16,33271),(17,7103),(22,14865),(25,7216),(26,17766),(27,32510),(30,15961),(31,31332),(33,16535),(34,5333),(35,31628),(36,14066),(37,19903),(40,22274),(41,30280),(42,13058),(43,3092),(45,5259),(46,33223),(47,3609),(49,32821),(55,24530),(56,21044),(58,30450),(60,8689),(62,19158),(66,9804),(67,10625),(69,21899),(72,14310),(73,24883),(75,28264),(78,19345),(79,6980),(80,5061),(82,32764),(84,26981),(86,3566),(88,32678),(89,17718),(90,31690),(91,2744)]	110.709453
871	[(0,27406),(2,29149),(3,9222),(5,8152),(7,9954),(8,4838),(11,26337),(12,11394),(15,1614),(16,20007),(20,24278),(21,393),(22,6018),(23,30725),(26,32059),(27,25203),(29,21462),(31,25352),(32,26927),(35,9606),(38,21386),(39,27776),(43,8088),(46,23767),(48,22267),(49,11922),(52,21272),(54,18876),(55,18908),(57,4359),(61,16222),(63,4794),(64,29197),(65,9709),(66,647),(67,18940),(68,4903),(69,19636),(70,21397),(72,6458),(74,27017),(76,19726),(77,7463),(78,22524),(82,25247),(83,2494),(86,14760),(87,12085),(90,22058),(91,27581),(92,16924)]	116.353780
872	[(0,8581),(2,20255),(4,9793),(5,33093),(6,15630),(8,13630),(10,12942),(12,16836),(13,30186),(14,23409),(15,32395),(17,34074),(18,13582),(20,6825),(23,28522),(24,1354),(28,14042),(29,6715),(31,575),(33,27167),(34,7650),(35,30953),(36,24701),(37,5248),(41,13444),(42,19930),(43,20843),(44,4041),(46,11881),(48,4070),(49,31536),(51,26229),(52,13775),(54,25832),(58,21742),(59,32317),(61,7954),(64,24824),(65,18575),(66,23708),(67,22717),(68,9454),(69,2076),(72,14491),(74,24866),(75,5418),(77,26802),(79,19160),(80,5511),(83,32120),(87,26784),(88,29637),(89,19383),(91,28347),(92,25048)]	104.041957
873	[(4,8612),(5,12675),(7,386),(8,15428),(10,28383),(11,7996),(12,18606),(14,7290),(15,9583),(17,18979),(18,8177),(19,26309),(24,14963),(27,29495),(29,14071),(33,5867),(35,10622),(39,16074),(40,7010),(41,21894),(42,23015),(43,25076),(50,29025),(52,1724),(53,14818),(54,2579),(55,29349),(56,4287),(57,9261),(59,20575),(61,4456),(62,33302),(63,14668),(64,26473),(73,13189),(75,4954),(77,30852),(78,29725),(79,14415),(80,25318),(85,9481),(87,2444),(88,16702),(89,28095),(90,12104),(91,16626),(92,6086)]	132.490047
874	[(0,1879),(3,26743),(7,21032),(9,13962),(10,32060),(13,15692),(15,25472),(16,9192),(19,21899),(20,17154),(21,16656),(25,31790),(26,19995),(29,31101),(34,14605),(36,9372),(38,1491),(39,27711),(40,317),(42,17044),(45,7119),(52,12536),(54,17139),(55,20288),(58,18659),(59,31848),(60,16262),(62,33735),(63,9637),(64,19926),(65,7550),(66,1762),(67,668),(68,17903),(71,19587),(72,31197),(75,9246),(79,12468),(82,8585),(84,10790),(87,12129),(88,16192),(89,18276),(91,21599)]	124.576296
875	[(3,32636),(4,18185),(6,33517),(7,32716),(10,30552),(11,1608),(12,6685),(13,12268),(14,13045),(15,2925),(17,33634),(18,29354),(19,21433),(20,23017),(21,644),(22,5183),(25,31488),(27,20937),(30,27346),(33,4071),(34,1830),(36,19045),(40,21819),(43,11641),(44,11742),(46,8612),(47,9505),(50,23031),(51,27890),(53,30610),(55,9954),(56,4838),(59,26337),(62,11174),(63,28941),(64,16798),(66,12161),(67,32030),(72,12946),(73,17891),(74,5469),(77,28207),(78,22567),(81,10619),(82,22942),(83,14959),(84,25282),(85,23716),(86,19483),(87,28366),(88,3676),(90,7665),(91,117)]	112.828242
876	[(1,6770),(2,16125),(5,9152),(7,1658),(8,28721),(11,26311),(13,11479),(14,20282),(15,4184),(16,3027),(17,24771),(18,7772),(20,24803),(21,838),(22,13427),(24,24498),(26,33261),(27,27368),(28,30235),(29,20871),(30,8279),(31,3452),(36,6029),(37,15097),(38,23926),(39,25329),(41,4911),(42,1733),(43,30829),(44,5541),(46,4134),(47,19027),(48,552),(49,10644),(50,19440),(51,18928),(52,23037),(54,12127),(55,3366),(57,10719),(58,11623),(59,12388),(62,20324),(64,20550),(66,27649),(67,5627),(70,20657),(73,243),(74,9948),(75,18426),(80,26298),(84,27267),(86,20356),(88,15035),(92,18502)]	114.775531
877	[(1,27690),(5,20657),(8,7140),(9,20114),(10,11176),(12,22610),(13,20751),(14,28796),(16,669),(17,17758),(19,25787),(20,3370),(21,2696),(24,10053),(26,11700),(27,20256),(29,18274),(31,33606),(32,29167),(33,29970),(35,26751),(36,21851),(37,27161),(38,8137),(41,11147),(43,10472),(48,5296),(53,2931),(54,126),(58,32770),(59,20525),(61,15730),(62,511),(66,8781),(69,9209),(70,31917),(71,30566),(72,11757),(75,8633),(78,1606),(79,27122),(80,21754),(81,6402),(82,11672),(84,17298),(89,13810),(90,11271),(91,11286),(92,19060)]	127.691565
878	[(1,1461),(2,15671),(4,25631),(5,19201),(7,12651),(9,2749),(12,15612),(17,28822),(19,14572),(20,8698),(21,15537),(22,29813),(23,20849),(24,28369),(26,26297),(27,9020),(28,25550),(30,3909),(31,13910),(32,12108),(33,25579),(35,2175),(36,32754),(37,31897),(38,33335),(39,12908),(41,27170),(43,11183),(44,24384),(45,6150),(47,23477),(51,29527),(56,10830),(58,12788),(59,12088),(62,1773),(63,30470),(65,27647),(66,22965),(68,22745),(69,21838),(71,8561),(73,25712),(77,19228),(79,33794),(83,20484),(84,2374)]	141.394954
879	[(1,17512),(2,27666),(4,25530),(6,20767),(7,14251),(13,1165),(14,25101),(16,30683),(17,7492),(18,21915),(19,15953),(20,33670),(23,23395),(24,10335),(27,13394),(34,483),(36,22118),(37,8641),(38,33135),(39,27594),(40,13778),(41,12073),(43,30188),(45,2750),(46,2442),(47,10525),(48,18498),(50,30620),(52,24189),(53,18705),(54,27307),(56,10284),(58,29594),(62,12573),(64,30369),(65,25583),(69,28277),(70,16801),(73,18502),(74,13437),(75,7588),(76,30994),(78,1136),(87,549),(88,27479)]	127.095171
880	[(0,3100),(1,32287),(4,18333),(5,12767),(6,19770),(9,2586),(12,2059),(13,24051),(14,22317),(15,29445),(16,3049),(17,14289),(18,17980),(19,23511),(21,17875),(23,22961),(27,30124),(31,24127),(32,9405),(36,13907),(37,24986),(38,16621),(39,24336),(40,5179),(41,6133),(42,25753),(43,13518),(44,10837),(45,9247),(46,18572),(49,9194),(50,16409),(51,33432),(53,8765),(55,1575),(56,21777),(58,23209),(62,7323),(63,4999),(65,15348),(67,17943),(68,30299),(71,17765),(74,25492),(76,9573),(77,20484),(80,7247),(83,31173),(84,25141),(85,31811),(86,20679),(87,10717),(92,25318)]	115.574044
881	[(1,23852),(2,7347),(5,13995),(7,7281),(9,12895),(10,8872),(11,30033),(12,32003),(14,3090),(16,8279),(17,3452),(18,2673),(19,19694),(20,5525),(21,11189),(23,27648),(24,10530),(28,6530),(31,12121),(34,3018),(37,19263),(39,9278),(41,21006),(42,13047),(43,20960),(44,16335),(45,26072),(48,23113),(51,22723),(55,14124),(56,29755),(57,868),(58,9845),(59,3631),(60,2637),(62,3392),(64,18208),(65,23805),(66,1532),(67,1806),(70,12549),(72,24092),(74,11519),(76,15867),(82,3672),(85,12842),(86,15095),(88,21976),(90,23844),(91,32451),(92,31892)]	135.766609
882	[(1,27887),(2,17838),(3,15287),(4,26499),(8,16676),(9,28252),(10,18046),(11,13351),(13,22935),(14,30043),(16,26664),(19,33782),(22,14505),(23,29255),(25,24172),(26,8206),(28,15548),(31,1072),(32,34050),(33,28096),(38,26351),(43,2646),(46,26070),(47,705),(50,7830),(52,15466),(53,12454),(54,24868),(56,6719),(57,26392),(59,2784),(60,23201),(61,23790),(62,25099),(65,33105),(66,5286),(67,2397),(69,13291),(70,6480),(72,12368),(73,5903),(74,12384),(80,32650),(81,5605),(83,13150),(84,15411),(85,28698),(86,28875),(87,7104),(88,1564),(92,5819)]	119.312584
883	[(0,1524),(1,9749),(3,27852),(5,23695),(6,22659),(7,26841),(9,6141),(11,16893),(14,1603),(15,11342),(16,14897),(17,25235),(18,6978),(21,30694),(23,10603),(24,20001),(25,27319),(26,23272),(28,31135),(29,17569),(32,26301),(34,15874),(36,8130),(38,30664),(39,6772),(40,28634),(43,17132),(45,15842),(47,2430),(50,30277),(52,23321),(53,8922),(54,20433),(55,33522),(56,9518),(58,29330),(59,2235),(60,31337),(61,28773),(64,21697),(65,12019),(68,17693),(69,29380),(70,30216),(73,18706),(76,21052),(77,13097),(78,16190),(79,18849),(81,24644),(83,21852),(84,12651),(88,17169),(90,27094),(92,26419)]	115.503869
884	[(1,4266),(2,11518),(3,3715),(4,20899),(5,4791),(7,5815),(8,14093),(9,12616),(11,31986),(13,10522),(14,5701),(15,34065),(19,32160),(23,11260),(25,22858),(27,13136),(28,18580),(30,28484),(31,24827),(33,2938),(34,20123),(35,33801),(36,28031),(37,4465),(38,22302),(40,23493),(41,20752),(43,22882),(47,10810),(48,3443),(49,2303),(50,4031),(51,29958),(53,18972),(55,13625),(57,24100),(60,33566),(62,7245),(63,2987),(67,23928),(68,11584),(69,26902),(71,32151),(74,25627),(75,2701),(76,16216),(78,29380),(79,17039),(80,25453),(85,32754),(87,29993),(89,22195)]	107.449068
885	[(2,17412),(4,23750),(5,23979),(7,9490),(8,12084),(15,32204),(16,8623),(17,9333),(22,19770),(24,8925),(25,13811),(26,28216),(27,22950),(28,14093),(29,12616),(30,1571),(33,25258),(36,2699),(38,11638),(40,1292),(44,26144),(48,7245),(49,22169),(53,24295),(54,18643),(56,14374),(64,22487),(65,33148),(67,9310),(68,1632),(71,29403),(75,17774),(79,26395),(83,15243),(84,16477),(85,21701),(89,5653)]	115.805073
886	[(1,29812),(3,27457),(4,11582),(7,25050),(8,2112),(11,13176),(12,382),(13,2830),(15,7666),(16,3215),(17,25331),(19,10628),(21,12839),(25,5594),(27,16628),(28,29639),(32,29551),(36,11055),(37,9150),(42,21782),(45,28275),(51,4656),(54,22612),(55,7808),(56,13038),(57,5143),(58,23150),(59,25448),(60,23010),(62,20122),(65,27314),(66,14843),(67,29642),(70,10240),(72,9495),(73,12256),(74,12004),(75,23753),(76,15115),(77,32821),(78,13190),(83,1484),(84,7988),(85,28388),(86,346),(88,24038)]	113.744660
887	[(1,24475),(2,26771),(3,24088),(4,18343),(5,24687),(8,33273),(11,22337),(12,9108),(14,24140),(16,31035),(19,19976),(21,26224),(23,18798),(27,13768),(32,7027),(33,20266),(34,6738),(35,7222),(36,12016),(37,5316),(38,29231),(39,16235),(42,18880),(44,25962),(48,4652),(50,24007),(51,21994),(52,7081),(53,23545),(54,27171),(57,14739),(58,15092),(59,11896),(60,30165),(62,19753),(64,26436),(68,21322),(69,19722),(74,24284),(77,12326),(79,12378),(80,16193),(82,32563),(83,29205),(84,14943),(86,17846),(88,11470),(89,4240),(90,15458),(92,24333)]	122.506976
888	[(1,33657),(2,18032),(3,4645),(6,28654),(7,31037),(8,20943),(9,26105),(11,29443),(13,16148),(14,33144),(15,4734),(16,9052),(17,25336),(19,3327),(20,22268),(22,32654),(23,26048),(24,9909),(25,6116),(27,25739),(28,30914),(33,33535),(35,32048),(37,30772),(39,24444),(40,28332),(41,16303),(48,489),(49,33092),(50,34007),(54,1955),(56,529),(57,28842),(59,29913),(61,13038),(62,480),(63,15374),(64,5096),(65,13707),(66,27419),(67,31390),(71,20415),(72,24348),(74,9412),(75,5785),(84,20502),(85,25866),(86,3487),(87,27914),(90,24100),(91,23014),(92,14177)]	112.786520
889	[(0,7807),(1,33323),(6,18980),(7,18533),(8,9270),(12,8169),(14,29849),(17,22938),(18,19930),(19,33854),(20,3278),(22,30126),(25,11243),(26,32121),(27,21300),(28,5724),(30,177),(33,5610),(34,16657),(36,9553),(37,7484),(39,16274),(41,14474),(42,1164),(44,11683),(45,17773),(46,12844),(47,9263),(49,33962),(51,19458),(53,20895),(54,21633),(56,31007),(58,9394),(59,26122),(60,3206),(61,24351),(62,22623),(66,17682),(68,28524),(69,4897),(72,27505),(74,33805),(75,13138),(77,18242),(78,26391),(80,3736),(81,4890),(84,23501),(87,9198),(88,33869),(90,5029),(92,10214)]	111.148035
890	[(0,25403),(5,22586),(6,8646),(9,22252),(10,105),(12,4903),(13,33633),(14,6246),(15,26256),(17,14892),(18,21468),(19,17159),(22,21810),(24,29664),(26,328),(28,8170),(29,21565),(30,2286),(32,28660),(33,26907),(34,24489),(35,4013),(36,20273),(38,10406),(39,23920),(41,8507),(47,2282),(50,12174),(51,7732),(52,16703),(54,22882),(56,12967),(58,8378),(59,4664),(60,5124),(61,5272),(62,31052),(64,18971),(65,4442),(66,12614),(68,5324),(69,20441),(70,33645),(71,4601),(72,15247),(73,32121),(74,21300),(76,11383),(78,7958),(79,3053),(81,23323),(90,2696)]	136.061086
891	[(1,6675),(2,21994),(4,18418),(6,31194),(8,32222),(10,4327),(12,3338),(13,4335),(15,5027),(17,28299),(20,24151),(22,20),(23,29773),(24,7466),(25,31641),(30,9751),(31,18558),(34,22590),(37,29214),(38,5313),(39,1685),(40,17555),(41,11195),(42,29816),(43,662),(44,20232),(45,26304),(47,19397),(49,29161),(51,8272),(53,6791),(55,469),(56,27652),(60,16977),(61,33387),(66,18642),(69,28541),(70,28412),(74,11029),(76,32347),(77,19585),(78,13026),(81,28007),(82,7094),(84,19434),(85,8336),(87,17807),(91,12130),(92,2768)]	104.106340
892	[(0,7915),(1,20975),(2,23793),(6,28088),(7,26088),(8,6407),(9,15206),(10,10752),(13,17764),(14,7258),(15,3536),(16,19463),(17,22247),(18,3058),(20,22552),(21,9875),(22,31300),(25,22458),(26,32934),(28,11886),(29,26830),(31,32804),(34,12274),(35,3100),(36,33531),(37,19104),(38,11829),(41,20335),(42,23114),(43,17939),(45,3380),(46,28980),(49,26118),(57,24114),(58,21029),(59,2576),(60,30787),(61,26162),(62,33446),(64,11853),(69,28800),(71,21421),(73,2935),(74,773),(78,28550),(79,29856),(81,8193),(82,14392),(84,7892),(86,23355),(88,17591),(89,19432),(90,4654)]	104.127368
893	[(1,27079),(3,23938),(6,25752),(8,32158),(10,13613),(14,11700),(15,11936),(17,14486),(19,18924),(25,17799),(26,21285),(27,13680),(28,1486),(30,3666),(31,17603),(32,32869),(33,22135),(34,14356),(36,15472),(37,24313),(40,19181),(42,31628),(43,28191),(44,24052),(45,16402),(48,14415),(49,3704),(50,33390),(51,20968),(56,2345),(57,17022),(58,16398),(64,15969),(66,30093),(67,29041),(70,4984),(72,22094),(73,20228),(74,14795),(76,16385),(78,1696),(82,19835),(83,15503),(84,20447),(85,4757)]	113.778811
894	[(1,9664),(3,28173),(4,20642),(5,10626),(6,28212),(10,1006),(14,3160),(15,25340),(16,29699),(17,30016),(19,7078),(20,15302),(21,28212),(23,4426),(25,17043),(30,13368),(32,15544),(33,1909),(34,1633),(35,32171),(38,27974),(40,33399),(41,332),(42,5023),(48,12249),(54,22834),(55,32524),(56,3597),(57,16894),(59,33099),(60,575),(65,11884),(67,25231),(68,6730),(70,11613),(71,16062),(72,17316),(73,4402),(75,24909),(76,22112),(77,33414),(79,28161),(80,9040),(81,931),(83,16330),(84,23991),(85,6529),(88,9672),(89,23620),(91,26346)]	106.367940
895	[(1,31779),(2,1701),(3,15658),(4,15792),(5,10798),(6,23007),(7,9936),(8,6304),(10,24963),(12,1644),(16,29442),(17,12807),(19,3492),(22,15647),(23,29572),(24,26627),(25,16070),(26,20211),(28,14754),(31,33282),(33,3346),(34,18904),(35,27924),(36,9945),(38,25902),(41,15258),(42,21567),(44,4353),(45,6318),(46,18907),(47,10179),(48,15704),(49,19174),(52,33347),(55,6463),(56,24004),(58,20725),(63,16900),(65,24442),(66,13271),(71,11643),(75,25168),(76,27849),(78,7366),(80,3099),(81,22956),(82,482),(83,29865),(84,11214),(86,27551),(87,5489),(90,14343),(91,19626),(92,32773)]	119.183057
896	[(2,16433),(8,7464),(16,28235),(18,22146),(21,25285),(23,8906),(33,26746),(36,17704),(40,16549),(42,24311),(44,25668),(45,19783),(50,17310),(51,11321),(54,11445),(56,12436),(57,10312),(68,6978),(69,25857),(70,25589),(71,14030),(72,31938),(79,4145),(80,16353),(91,4784),(92,11400)]	118.265492
897	[(3,19918),(6,7214),(9,29136),(10,10648),(11,9537),(14,22732),(16,19638),(17,14727),(18,29249),(22,33486),(24,15817),(25,17762),(26,5191),(32,64),(36,15036),(37,5288),(41,14738),(43,15072),(46,11044),(48,27610),(55,17949),(56,3396),(60,665),(62,13118),(63,4804),(65,27728),(66,9089),(67,8601),(68,22218),(69,20290),(70,30006),(73,27107),(84,301),(89,13353),(90,551),(91,8085),(92,29781)]	104.554881
898	[(1,2499),(7,8286),(9,17986),(10,18495),(11,4761),(19,6719),(22,3780),(23,4764),(25,27654),(26,27224),(28,25066),(34,2253),(35,26811),(36,12213),(39,17524),(40,23358),(41,24370),(44,9120),(45,16803),(51,6293),(52,25129),(53,18624),(55,21306),(56,32961),(58,31398),(61,11072),(62,4377),(63,20265),(64,15480),(65,16121),(68,7048),(69,1994),(71,33404),(72,18429),(74,5765),(75,33202),(77,10561),(80,23166),(82,28080),(83,24402),(87,31160),(88,30462),(89,25413),(90,26325),(92,20326)]	112.566869
899	[(2,13048),(3,9021),(7,15622),(12,17139),(13,20288),(14,31836),(15,7314),(17,29047),(18,32804),(20,27025),(26,33618),(28,12518),(31,32143),(32,8265),(33,22593),(34,14384),(35,20133),(36,5852),(38,25199),(40,2947),(42,30807),(43,22859),(45,656),(47,28661),(50,26456),(55,13555),(56,3333),(59,23534),(60,25215),(62,28056),(63,1482),(64,22880),(65,2724),(66,1376),(67,32016),(70,2199),(73,7063),(75,17190),(80,18041),(82,22924),(84,18523),(87,27519),(89,10647),(90,16391),(92,29534)]	141.660934
900	[(0,24995),(1,8813),(3,2080),(4,329),(6,15196),(9,31133),(10,19265),(12,11391),(14,27588),(15,24833),(17,1461),(18,15671),(19,14699),(21,26352),(22,10856),(23,31869),(25,24698),(27,29578),(30,14580),(32,13627),(34,5371),(37,7946),(38,27270),(40,31950),(41,8299),(42,22921),(43,22136),(44,31229),(45,22166),(46,1019),(47,14580),(49,7019),(50,22033),(51,16483),(52,20966),(55,13497),(57,26340),(59,10990),(60,10872),(61,32835),(65,16897),(66,4433),(67,1487),(68,20607),(69,14986),(70,28436),(71,29855),(73,22555),(74,23222),(75,10529),(77,4437),(79,14332),(81,21639),(83,15040),(86,29545),(88,24816),(89,26),(91,17985)]	132.729783
901	[(0,20302),(1,27341),(2,8979),(4,17633),(5,9623),(12,11852),(13,23801),(17,21222),(18,23414),(19,18038),(20,10706),(21,2464),(23,8719),(24,13915),(27,1036),(29,3095),(31,6053),(33,25587),(34,26894),(37,19278),(38,1174),(39,6521),(40,1508),(41,30039),(42,10431),(43,20671),(44,30986),(45,1665),(47,26280),(51,14363),(52,9006),(55,9556),(56,29603),(59,23314),(61,7885),(62,25318),(65,9195),(68,14174),(69,29542),(70,15093),(71,3112),(72,24960),(73,13149),(75,26245),(76,5585),(78,10153),(79,21395),(80,24898),(85,10728),(87,33542),(89,9076),(90,1521),(92,28801)]	122.466802
902	[(1,10339),(2,24218),(3,15908),(4,5609),(7,32554),(8,26520),(11,27206),(12,33778),(14,1228),(15,15763),(16,10262),(18,8159),(19,5535),(20,23568),(22,29253),(23,8456),(26,9167),(29,11130),(30,9536),(31,4051),(32,4177),(35,19277),(36,5154),(39,18270),(40,33960),(41,3740),(42,32337),(43,20423),(44,8600),(45,11681),(46,23354),(47,669),(48,17758),(49,26785),(51,2439),(53,28615),(56,4880),(57,21375),(58,13355),(62,29428),(69,7653),(70,24180),(71,9248),(72,10330),(75,17153),(76,18345),(77,20853),(79,25056),(80,20795),(82,8620),(83,6049),(84,18814),(86,24512),(88,13640),(89,1223),(92,23038)]	125.079461
903	[(4,10664),(7,26257),(9,9744),(11,25767),(12,27865),(13,32135),(16,13244),(17,33898),(18,8306),(20,10938),(21,23733),(22,8903),(23,2472),(25,25789),(26,16764),(28,8403),(31,16844),(32,32904),(33,9715),(35,19633),(38,5707),(42,3151),(44,11),(45,30542),(48,24245),(50,23996),(52,8760),(55,24432),(56,29201),(57,14543),(60,22318),(61,15012),(62,12376),(64,21595),(68,30667),(69,17612),(72,9281),(73,6323),(76,31196),(77,8267),(78,12190),(79,18732),(80,26629),(81,12802),(82,7434),(84,9143),(85,27238),(89,6239),(90,18817),(92,15888)]	126.850588
904	[(1,30398),(2,25045),(4,32896),(7,15442),(9,29217),(11,21489),(12,24377),(13,10441),(14,19328),(22,1810),(23,30408),(24,9106),(25,4925),(26,23440),(27,28459),(28,4430),(29,9955),(33,4669),(34,5301),(35,33337),(37,30793),(40,24812),(42,25826),(43,3330),(44,14134),(45,8887),(48,23753),(49,22159),(53,19073),(55,32533),(58,8342),(59,26304),(60,26465),(63,4690),(64,13861),(65,20185),(67,11768),(69,23294),(71,7503),(72,30096),(73,30874),(74,8269),(78,11808),(81,11767),(82,26764),(85,21305),(89,18031),(90,11762),(91,6338)]	118.895714
905	[(0,3771),(3,234),(6,8166),(7,29579),(10,21272),(12,1606),(13,27122),(16,28678),(17,29172),(18,14834),(19,4687),(21,23503),(23,7368),(24,16152),(25,33496),(29,13971),(31,33648),(34,19415),(38,12440),(39,16830),(41,18572),(46,9678),(47,9710),(48,5447),(49,15126),(51,28533),(52,18726),(53,4073),(54,1758),(55,18542),(58,8524),(61,26637),(62,24723),(63,16150),(64,33245),(68,18837),(69,17350),(73,19300),(74,5071),(75,580),(77,17977),(78,18514),(79,13778),(80,12073),(81,2429),(84,4684),(85,16281),(87,18858),(88,33331),(90,24601),(91,12477)]	111.526726
906	[(3,30591),(4,561),(5,6733),(6,28294),(8,32973),(9,22239),(12,12089),(14,24600),(17,8120),(18,6785),(22,12886),(24,24899),(25,25098),(29,11244),(31,27023),(32,24789),(33,19560),(36,16674),(37,25647),(38,11434),(40,5456),(43,30216),(50,14143),(54,25153),(55,33222),(62,9951),(63,4190),(67,19493),(68,23160),(73,2653),(74,16725),(75,16735),(77,8014),(79,1419),(81,26409),(82,22410),(83,20349),(84,32585),(85,28859),(88,10004),(89,27918),(90,15760)]	114.086839
907	[(1,15529),(7,26743),(8,23456),(10,19086),(12,33476),(13,6885),(15,2844),(17,27926),(20,23082),(21,14580),(23,13627),(24,8384),(25,29718),(31,29694),(32,16049),(33,12325),(35,33115),(36,7594),(38,11596),(41,17289),(42,6177),(45,14535),(50,9056),(52,19275),(55,19029),(56,17983),(59,15923),(61,28541),(64,8168),(65,4715),(66,32280),(67,31823),(71,13467),(72,5638),(73,15787),(79,23009),(81,21094),(84,9399),(86,32311),(87,18440),(90,8773),(92,22665)]	123.602440
908	[(1,27041),(4,4269),(5,3314),(6,7370),(8,17965),(9,15186),(10,33368),(11,528),(14,30570),(16,8548),(17,11572),(20,7660),(26,19593),(27,21752),(34,33599),(36,14482),(37,27534),(40,30286),(42,21607),(43,21699),(45,10324),(47,32203),(51,31193),(52,21896),(53,19926),(54,17803),(56,3438),(58,7733),(59,14623),(62,11578),(64,3030),(66,25373),(67,13755),(68,22752),(70,4018),(71,19084),(72,17962),(73,23860),(74,13775),(77,28176),(78,23259),(79,32292),(81,3265),(83,2027),(84,23388),(85,30681),(88,24654),(89,10922),(90,33825),(91,30030),(92,32134)]	127.287407
909	[(0,29692),(2,32749),(7,14406),(12,21198),(13,18584),(14,25756),(17,28026),(19,16454),(20,25490),(23,11915),(24,11292),(25,34030),(26,1004),(27,14554),(32,13669),(33,16588),(34,14925),(35,18552),(36,2245),(38,26251),(39,2846),(41,21583),(44,17547),(49,26649),(50,19877),(52,10193),(53,16403),(55,7237),(58,11217),(59,11861),(64,2629),(68,11690),(69,3565),(70,18),(71,18976),(72,7057),(75,16851),(76,16305),(79,27794),(80,32485),(81,21735),(82,26161),(84,7581),(86,9163),(87,12800),(88,24033),(89,31570),(91,25778),(92,1727)]	101.345416
910	[(0,8521),(1,2),(5,23582),(15,2448),(16,10214),(18,5024),(19,19281),(22,24957),(25,19590),(27,30599),(29,7251),(33,31247),(34,19232),(36,14208),(39,1802),(40,11205),(41,30097),(43,17910),(44,18820),(46,14770),(51,6569),(54,10180),(56,12166),(58,9170),(59,1287),(63,12709),(64,9893),(65,16449),(66,6648),(67,24743),(69,2444),(70,16702),(71,28095),(73,27153),(74,24702),(76,26583),(77,6625),(78,6146),(79,5193),(80,12134),(82,18322),(83,2459),(84,18132),(87,18492),(91,2526),(92,17010)]	115.951374
911	[(1,1317),(3,21105),(11,2862),(12,1398),(13,25850),(15,27340),(20,11147),(21,8934),(22,16421),(24,19515),(26,8975),(28,6153),(29,18803),(32,28306),(34,20983),(36,5193),(37,24808),(38,29910),(42,17964),(44,18446),(45,30350),(46,13064),(48,13800),(49,3118),(50,22320),(51,30362),(53,11276),(54,27107),(55,20516),(56,24946),(58,26718),(59,31815),(63,27404),(66,9305),(71,12178),(76,5335),(78,9747),(83,21312),(84,22216),(85,15158),(87,820),(88,2725),(89,6771),(90,14821),(92,2063)]	117.265705
912	[(4,16619),(6,15268),(8,15289),(9,23528),(10,16457),(12,29997),(14,20603),(15,15721),(18,20268),(19,15424),(24,1309),(25,17063),(28,14419),(30,24686),(31,19893),(32,11247),(34,20285),(35,16220),(37,16576),(39,8650),(40,31441),(43,27876),(44,13631),(46,26600),(47,845),(48,23416),(49,237),(50,8574),(55,4800),(58,27502),(60,13179),(62,12057),(64,4344),(67,17777),(68,24795),(70,4915),(72,9097),(74,31240),(76,29159),(80,19170),(81,7277),(86,8292),(88,12896),(89,6695),(90,16260),(91,10816),(92,6466)]	111.224479
913	[(0,33052),(1,28756),(2,10406),(3,23735),(6,31552),(7,3303),(12,21394),(13,26899),(14,24364),(18,6581),(19,9464),(20,532),(21,7372),(22,15710),(23,24959),(25,316),(27,22881),(28,33795),(29,14098),(31,22484),(32,8692),(33,7160),(36,28563),(38,15244),(39,12863),(40,5912),(47,1581),(48,32005),(53,3878),(55,4664),(57,15021),(58,23851),(61,13231),(63,16158),(66,16104),(68,33520),(69,16516),(70,22071),(71,25731),(72,2928),(73,4900),(76,564),(80,1867),(83,25301),(85,10283),(86,6185),(87,13976),(88,31513),(90,20382),(91,13687)]	115.544752
914	[(1,3240),(4,15339),(10,33324),(13,7606),(14,8758),(15,29233),(16,12391),(18,6103),(20,20554),(24,8957),(26,7419),(27,4244),(28,17844),(30,14789),(31,6228),(32,22654),(34,17661),(37,25038),(38,30054),(40,8797),(41,18545),(43,6147),(44,7432),(47,6502),(49,13455),(52,26048),(53,7203),(56,24543),(58,1550),(60,8770),(64,28473),(65,17908),(66,18547),(68,14139),(69,6967),(70,13997),(72,509),(74,26842),(76,6766),(77,4914),(78,30657),(79,7797),(80,9913),(81,13670),(82,5028),(84,21694),(87,26455),(89,29986),(90,11094)]	109.001513
915	[(1,16223),(2,30842),(3,30227),(9,28478),(10,23516),(11,770),(12,5216),(17,30463),(19,2406),(20,11409),(22,33296),(23,1722),(25,7435),(26,21076),(27,11711),(31,17609),(33,8334),(34,21566),(35,5774),(36,15699),(38,1899),(44,24332),(46,21796),(50,17725),(52,810),(54,22324),(55,24963),(59,14615),(60,33842),(63,31553),(66,17776),(67,9480),(74,28875),(75,25412),(76,18388),(77,10693),(78,24597),(79,4292),(80,26882),(82,24944),(83,666),(84,6637),(85,22889),(86,14380),(87,19410),(89,34075),(91,23012),(92,24316)]	111.256331
916	[(0,3453),(1,26213),(2,28372),(3,16897),(4,25014),(5,32851),(7,25356),(9,6287),(12,17549),(14,4564),(18,10094),(21,10384),(23,29988),(25,31820),(26,14164),(29,20567),(30,22091),(31,16455),(33,21958),(37,26982),(38,13342),(39,12194),(40,21591),(42,19792),(43,8952),(45,30563),(46,15034),(47,3341),(48,16290),(49,33538),(50,29964),(51,347),(52,6214),(56,16462),(58,11295),(60,21640),(61,27447),(64,30354),(65,24801),(66,11360),(67,9234),(69,21299),(71,10515),(72,5665),(74,3274),(75,24800),(76,4483),(77,9939),(78,20210),(79,33995),(81,30693),(83,27062),(84,26487),(86,4971),(87,27499),(88,20049),(89,28179),(90,9933),(92,11508)]	113.432671
917	[(0,27879),(3,11502),(4,7596),(5,28515),(7,1843),(10,21512),(11,2485),(14,4821),(15,35),(16,30499),(17,23247),(18,28531),(19,17007),(21,31236),(30,23658),(33,4699),(35,27543),(38,24735),(40,33250),(44,8767),(45,15871),(46,31637),(47,2972),(48,14457),(49,20985),(50,21732),(52,9324),(53,24313),(54,30753),(55,380),(59,27536),(60,24706),(61,6659),(62,25071),(63,5997),(65,502),(66,8189),(68,18862),(69,27321),(70,22162),(72,20611),(78,17348),(82,3614)]	127.779644
918	[(1,15550),(4,14372),(6,2151),(7,20731),(8,7445),(9,19105),(12,6350),(16,16976),(18,31865),(19,15046),(22,8358),(23,26400),(26,16197),(29,16043),(30,31546),(31,15609),(32,11996),(34,15298),(36,2456),(38,17208),(39,25398),(40,23923),(41,20987),(42,16969),(44,30005),(45,22958),(46,33453),(47,28321),(48,14402),(49,32389),(50,16616),(54,8100),(58,24630),(59,2163),(60,10682),(62,9432),(63,4802),(65,8152),(66,265),(70,18902),(71,448),(76,2166),(78,5065),(79,29937),(81,9707),(83,2731),(86,15507),(87,8859),(88,16411),(91,12571)]	101.311526
919	[(0,4130),(2,24996),(4,11775),(5,24720),(6,9739),(8,27249),(9,18599),(10,24196),(15,887),(16,1018),(18,5475),(20,11140),(23,12978),(24,545),(26,11901),(28,8391),(29,15412),(30,23871),(31,14090),(33,13951),(34,409),(35,10517),(36,19220),(38,34048),(40,18601),(41,5312),(44,29669),(45,579),(46,12664),(51,28549),(53,22240),(54,12515),(57,28961),(58,20122),(61,21080),(62,30302),(65,2507),(68,18500),(70,21402),(72,2697),(73,21768),(74,25462),(78,22312),(79,32985),(80,21559),(82,33792),(85,10808),(88,33983),(91,12777)]	107.109012
920	[(1,10769),(2,9459),(4,7697),(7,25517),(11,27861),(14,29366),(18,32836),(20,23268),(21,32652),(22,19352),(23,22067),(24,16440),(25,31839),(26,3079),(28,5184),(30,14239),(31,6082),(32,23906),(34,22584),(36,25991),(38,12058),(39,29190),(40,25142),(41,13506),(42,11010),(44,10089),(46,20727),(47,20229),(50,26463),(52,29915),(54,27026),(55,29053),(56,30362),(59,18383),(63,20916),(66,26693),(70,13486),(77,1595),(79,18829),(81,5074),(82,13682),(83,4444),(86,13714),(87,24657),(88,21264),(89,18321),(90,2484),(92,25375)]	122.786921
921	[(0,9703),(3,30801),(4,9785),(5,3619),(7,21261),(8,4915),(9,15743),(11,10501),(13,32499),(14,3583),(15,29364),(16,6789),(23,31343),(24,12164),(25,25719),(26,8814),(28,3449),(29,33731),(30,32264),(32,18629),(36,10074),(38,18013),(43,8205),(44,28632),(45,14909),(47,15382),(48,22561),(49,7202),(50,1255),(52,16884),(56,13886),(58,12957),(59,13868),(63,1575),(64,8464),(67,27934),(71,23926),(76,13696),(77,22238),(80,20817),(81,33782),(83,27593),(84,28925),(86,2642),(87,9422),(89,4196)]	145.374856
922	[(0,7768),(4,31550),(5,113),(7,27852),(10,9900),(11,5325),(14,15690),(20,27217),(23,570),(25,17767),(30,17138),(31,5384),(33,28850),(36,12401),(41,14368),(43,32280),(44,8353),(45,33347),(48,27826),(50,25467),(51,23248),(53,25405),(54,20133),(55,25119),(56,7005),(58,17058),(60,22583),(65,27799),(66,6326),(71,13793),(73,5637),(74,1326),(78,25354),(79,13407),(81,31888),(85,1821),(86,21918),(90,22146)]	124.566829
923	[(2,26606),(5,23844),(6,32451),(7,31125),(10,20792),(11,26133),(12,19978),(14,6962),(15,25408),(17,5145),(18,4137),(19,24641),(22,20277),(24,19048),(28,10596),(29,2800),(33,17857),(35,29358),(38,27890),(39,10736),(42,25433),(44,173),(46,5302),(47,4452),(51,5154),(52,11022),(53,18151),(54,7135),(55,224),(57,24524),(58,18403),(59,22727),(62,21727),(63,9454),(64,2076),(65,17721),(66,23839),(67,11593),(69,16646),(70,19817),(73,1028),(74,10041),(76,21877),(77,24070),(79,28519),(80,29487),(81,14279),(82,2792),(84,8467),(85,27304),(87,4027),(91,20949),(92,16227)]	114.464411
924	[(0,4118),(1,4560),(2,14895),(5,23335),(6,29052),(9,28298),(10,16474),(11,15077),(14,32979),(17,27642),(18,24923),(19,12887),(22,23547),(24,5155),(25,15845),(29,17152),(31,14998),(32,7316),(37,15510),(38,22767),(39,6835),(40,19327),(43,12234),(45,1303),(46,1997),(47,27792),(48,4434),(53,18524),(58,2314),(60,25990),(62,1504),(63,17294),(64,25084),(65,7950),(67,29056),(68,17418),(69,5019),(70,17787),(73,1645),(75,28719),(76,28433),(77,28722),(78,28303),(79,27615),(80,28442),(81,11620),(82,32232),(83,9283),(86,24746),(87,22417),(88,3232),(90,22303),(92,1393)]	122.753597
925	[(0,11062),(1,16371),(2,2196),(7,31565),(8,2417),(12,29838),(14,31378),(15,17550),(16,23027),(18,19499),(20,10932),(21,34064),(23,25818),(24,4269),(27,25367),(29,11955),(30,22910),(31,24737),(38,4830),(40,8012),(44,10294),(47,26616),(48,32911),(50,4701),(51,10485),(54,5683),(56,13774),(57,26598),(58,5953),(59,17414),(60,4043),(61,13443),(62,10698),(63,24704),(64,23835),(67,16088),(69,28182),(72,32640),(75,29788),(77,131),(81,3295),(82,24936),(83,29808),(84,16871),(85,19965),(86,6080),(87,25937),(89,6504),(90,20544),(92,10736)]	147.604109
926	[(2,8132),(4,8996),(6,20440),(8,14753),(11,26056),(12,28735),(16,27095),(19,8394),(23,14191),(25,13456),(26,32309),(33,26852),(34,11036),(35,33053),(37,25388),(40,26381),(41,4252),(45,29961),(47,8204),(48,3834),(53,4352),(54,20156),(56,3268),(59,33325),(63,25831),(64,7158),(67,25762),(68,32979),(69,29181),(71,341),(72,31062),(73,29094),(76,4996),(82,31696),(83,30276),(87,10220),(90,22684),(91,29867),(92,1972)]	116.728341
927	[(1,13907),(2,1760),(3,11769),(4,7848),(5,15623),(6,15059),(7,33982),(8,8060),(10,4658),(12,12669),(14,17536),(16,33915),(19,8856),(22,9553),(23,17684),(28,4562),(32,5149),(34,12152),(36,6093),(37,21420),(38,23862),(39,16968),(40,11672),(41,25773),(43,18067),(46,16879),(49,11886),(50,21101),(51,11275),(54,25478),(55,15469),(57,6605),(58,12094),(60,25389),(62,22833),(64,21733),(65,1232),(66,16925),(68,34020),(71,18332),(74,6897),(75,4659),(76,14770),(77,11687),(80,17021),(82,4235),(83,21260),(85,24542),(86,15094),(87,19308),(88,762),(89,3165),(91,29741)]	132.103319
928	[(1,28131),(2,2336),(4,26271),(5,20026),(7,20094),(8,28603),(10,27317),(11,6494),(12,10431),(13,30773),(14,18543),(15,16029),(16,7887),(18,31653),(19,23873),(21,10950),(23,18874),(24,3390),(27,18237),(28,33127),(29,13460),(30,10028),(33,33242),(35,15070),(36,22385),(37,8055),(38,13195),(39,33454),(47,27951),(49,33885),(50,4045),(52,8324),(56,12519),(58,29496),(59,730),(60,25848),(62,1512),(65,16465),(67,6147),(69,13512),(71,18140),(72,23710),(79,366),(80,23483),(81,17876),(82,14313),(85,16520),(86,15660),(88,19294),(89,15214),(90,32098),(92,29346)]	142.378602
929	[(2,6778),(3,19135),(7,18787),(10,28521),(12,19278),(13,10279),(14,13279),(15,8127),(17,2643),(19,7893),(22,12265),(23,22),(25,5934),(27,21625),(29,15191),(31,6201),(33,12501),(37,11338),(38,7876),(39,12230),(41,14302),(42,24767),(44,1796),(45,30226),(46,4753),(47,29181),(48,20247),(49,11570),(51,9780),(52,25809),(55,24281),(56,18710),(58,7396),(59,5273),(65,6592),(66,28384),(67,59),(68,16411),(72,21038),(75,14879),(78,22531),(79,32985),(80,21559),(81,14852),(82,27040),(84,5676),(85,17611),(86,11621),(87,4630),(89,22578),(91,5146)]	142.035704
930	[(5,22433),(6,6740),(8,23733),(12,11143),(13,19442),(17,4432),(18,19427),(19,13891),(21,16975),(22,31335),(23,24886),(24,8190),(25,21800),(26,5901),(28,14321),(31,23395),(32,20130),(36,7016),(38,20550),(41,30850),(43,14179),(44,30142),(46,10798),(47,11768),(49,7713),(50,25956),(51,23911),(52,20566),(56,30182),(58,1186),(59,31783),(61,16662),(62,27585),(65,14805),(66,28293),(68,12533),(69,26413),(70,8043),(72,28106),(74,7826),(75,21521),(76,13480),(77,1612),(81,17732),(82,24380),(83,8229),(85,5785),(86,34062),(87,6496),(90,28677)]	129.387946
931	[(0,12729),(2,25285),(4,29886),(7,13768),(9,21900),(11,6561),(14,16404),(15,28718),(16,10491),(18,30305),(22,26630),(30,4318),(32,23687),(33,17686),(38,27595),(39,1337),(40,23351),(42,8863),(43,19955),(44,2152),(45,21414),(47,7269),(48,4621),(49,16569),(50,29160),(51,7664),(52,5941),(55,3599),(56,27794),(57,3293),(60,6068),(61,31315),(66,14159),(67,24701),(71,12656),(75,9538),(80,29775),(83,21349)]	122.726168
932	[(0,21612),(2,24437),(4,17247),(6,6863),(10,33434),(11,25093),(12,25756),(14,15133),(15,33131),(17,33864),(18,2255),(19,4156),(23,8268),(24,31834),(25,30716),(26,21427),(27,30358),(28,3084),(29,1224),(30,8783),(35,14667),(38,9752),(40,9918),(45,15033),(46,33098),(48,6153),(49,21439),(50,7859),(52,18448),(53,32777),(57,24330),(58,7897),(60,785),(61,5135),(63,12162),(64,20947),(65,21182),(68,15931),(70,24645),(73,7914),(76,27891),(77,32218),(79,10906),(86,18838),(87,19906),(88,15410),(91,30923)]	144.107257
933	[(1,16908),(4,12191),(5,26286),(6,3257),(7,6983),(11,28236),(12,21406),(14,16699),(16,27398),(18,24935),(20,26368),(21,27156),(22,2490),(23,13760),(24,19136),(27,39),(28,100),(29,23373),(31,4936),(33,18067),(34,29699),(35,19809),(36,17260),(38,18459),(41,28450),(44,5219),(45,18101),(46,3768),(47,28374),(51,9589),(54,5896),(56,13828),(58,20962),(59,26236),(62,30047),(63,10463),(65,31489),(66,1167),(67,12658),(68,2072),(70,4497),(71,19267),(74,14713),(77,33260),(78,26844),(80,8002),(81,21236),(83,6452),(86,21568),(87,18026),(88,16353),(90,14675),(91,16428),(92,3428)]	155.753542
934	[(0,30111),(1,28664),(2,14339),(3,12693),(4,14422),(5,24060),(7,2393),(9,9033),(10,28170),(13,7425),(17,27473),(19,15907),(20,18626),(21,24058),(22,30815),(24,7212),(26,21643),(28,23475),(32,14037),(35,18036),(36,13678),(37,19461),(40,1182),(41,14388),(43,21686),(44,33705),(45,14074),(47,6205),(53,22962),(54,1599),(55,12472),(56,15181),(58,26915),(59,10129),(60,5511),(62,22202),(64,5962),(65,29249),(68,29070),(69,993),(72,11579),(74,2563),(76,27597),(77,18256),(79,28965),(82,19778),(85,267),(86,23739),(88,21615),(90,17048),(91,18260)]	124.730771
935	[(0,17244),(2,21918),(6,13781),(7,22558),(8,6586),(9,8435),(11,15443),(12,30576),(13,25191),(14,14630),(17,722),(18,28383),(21,5452),(22,23653),(24,33696),(27,22794),(28,13421),(29,3306),(33,26978),(34,23764),(35,6705),(36,6232),(39,10469),(41,23602),(45,19107),(47,11555),(49,22980),(54,29759),(57,33620),(61,9196),(62,5448),(63,8712),(65,29532),(67,11669),(68,21571),(69,32205),(72,7720),(73,27267),(75,20356),(76,18310),(77,6497),(80,26677),(82,5539),(84,9096),(85,8417),(86,26480),(91,16026),(92,5184)]	162.633453
936	[(1,23359),(3,19705),(6,6202),(10,20271),(12,6607),(14,14990),(17,5851),(19,3756),(20,2001),(21,32698),(23,2386),(26,23753),(27,26357),(28,20068),(31,25579),(32,28648),(35,27818),(38,7911),(43,27390),(47,5547),(49,30944),(54,5004),(55,5),(58,32730),(59,8670),(60,5198),(61,24011),(64,2078),(65,23710),(66,22946),(69,10528),(70,29900),(71,14882),(73,21907),(77,10186),(79,12333),(80,30984),(82,4410),(84,10544),(85,27785),(86,12744),(88,24236),(89,15021),(90,23851),(92,16312)]	155.043439
937	[(3,8426),(4,12260),(6,15283),(11,33421),(12,15381),(13,332),(14,5023),(18,17425),(21,26755),(23,14553),(27,33047),(28,5529),(30,6239),(31,21018),(32,25961),(34,12129),(37,8668),(38,7014),(39,25046),(40,26437),(43,17807),(45,2360),(47,11834),(49,4824),(50,5825),(52,15577),(53,7957),(57,23540),(59,32209),(60,9705),(61,32977),(63,28872),(64,20599),(69,68),(72,24726),(73,30681),(75,10780),(78,12955),(79,33199),(80,25117),(81,3893),(83,30428),(85,11559),(89,20326),(91,33197)]	127.938929
938	[(0,6241),(3,19367),(4,31202),(5,13393),(6,10440),(7,5531),(8,29169),(11,5909),(12,11826),(16,8606),(17,17954),(18,6267),(20,3883),(22,13220),(23,27955),(25,28736),(26,5309),(27,19297),(34,14009),(35,5438),(36,3359),(37,136),(39,16505),(41,17971),(43,33247),(44,28121),(45,22091),(46,16455),(50,23685),(52,22518),(53,32002),(54,30562),(55,28570),(58,4634),(60,6681),(61,21569),(66,20774),(67,33659),(68,11205),(71,7640),(72,18472),(77,20688),(78,2036),(81,24537),(83,32883),(88,32418),(89,32142),(91,24724)]	111.269737
939	[(1,8009),(3,29512),(5,26463),(7,20868),(9,894),(10,20947),(14,12262),(15,31969),(17,24966),(18,21764),(19,11493),(21,22956),(22,482),(23,29865),(24,11214),(26,6854),(27,7135),(28,23921),(30,15666),(31,7615),(33,26247),(34,33383),(40,10764),(43,6315),(44,3291),(45,23384),(46,22184),(47,2440),(48,7042),(49,9831),(51,9291),(52,23590),(53,508),(58,21077),(59,30357),(61,675),(67,19388),(68,123),(69,22066),(72,5685),(75,24342),(76,14793),(79,31222),(80,15573),(81,2303),(82,28337),(84,13151),(85,33916),(86,29200),(89,32260),(90,9430)]	123.750025
940	[(1,15241),(2,24779),(4,20029),(7,2344),(10,27339),(11,11868),(12,31494),(17,15512),(22,7500),(23,26696),(24,2586),(27,20755),(28,28640),(30,33151),(31,20719),(32,29327),(33,34040),(34,14036),(35,3456),(37,32562),(38,13606),(44,27006),(45,26293),(46,31627),(48,21236),(51,11343),(55,9581),(56,9239),(60,20447),(61,4757),(65,18006),(68,31774),(70,13770),(72,19228),(73,18621),(74,22736),(76,1759),(79,32714),(81,6839),(83,18458),(86,9299),(87,14074),(90,26622),(92,8517)]	119.248976
941	[(3,30524),(8,29919),(10,1452),(11,19350),(13,15833),(18,29806),(20,23430),(24,29988),(25,7826),(26,21521),(27,13480),(29,31791),(31,12321),(32,13186),(34,22771),(37,21539),(42,29018),(43,2214),(45,7635),(47,7436),(48,27626),(50,21011),(51,9069),(52,28875),(53,25412),(56,4480),(59,10916),(60,21700),(61,23889),(62,27971),(64,3030),(65,5445),(66,21464),(68,29681),(71,13020),(72,11942),(73,16456),(74,3714),(76,3904),(77,17815),(78,16635),(79,30604),(84,29739),(85,27016),(87,12612),(90,15227),(91,10313),(92,8642)]	128.045693
942	[(0,6221),(2,29483),(5,17566),(8,18898),(9,21173),(10,15827),(12,28644),(15,18693),(16,3944),(17,3044),(18,25011),(20,25040),(22,14898),(23,41),(24,29195),(25,30356),(26,5530),(36,15722),(38,23809),(40,13246),(45,7349),(47,24126),(51,6958),(52,818),(53,32515),(54,10829),(55,13345),(56,28929),(58,3274),(64,10144),(69,16218),(70,32965),(71,7159),(73,17633),(74,9623),(75,1292),(77,20817),(81,2086),(82,21485),(83,2047),(89,28690),(91,15896),(92,7987)]	115.258189
943	[(3,30555),(4,27731),(5,21331),(9,180),(10,4556),(11,1659),(13,32960),(15,3080),(16,26601),(17,18221),(19,23406),(22,30181),(24,8774),(25,30845),(26,11902),(27,20487),(28,19057),(30,33508),(31,2774),(34,10373),(35,13496),(37,16),(39,24261),(40,13017),(41,7241),(42,8045),(44,32165),(45,4715),(46,24649),(47,8594),(48,8658),(49,14722),(51,27373),(52,23713),(53,716),(55,5702),(57,8287),(60,20651),(62,18426),(66,11816),(68,611),(70,17738),(72,7781),(73,26417),(74,21197),(75,1580),(76,4160),(77,16931),(82,3592),(85,18060),(88,21975),(89,19532),(91,16330),(92,23057)]	129.837430
944	[(3,17978),(6,14046),(7,2714),(8,2708),(9,4300),(13,9082),(14,15986),(18,32059),(19,6645),(20,10993),(21,29773),(22,29827),(25,10192),(30,19760),(31,20357),(33,2902),(35,18018),(37,16373),(38,29475),(39,4477),(40,6593),(43,20394),(45,176),(48,28724),(50,6340),(53,33004),(57,28306),(58,3233),(59,3909),(60,13910),(61,12108),(63,23304),(67,27553),(70,2502),(73,16421),(76,12348),(77,3346),(78,23880),(81,7298),(83,12304),(84,19779),(85,33907),(86,30698),(87,31456),(88,27715),(89,32445),(90,31773),(91,8180)]	129.274599
945	[(0,29100),(2,6725),(3,8449),(5,7763),(8,3494),(9,3458),(10,19551),(12,4470),(13,11948),(15,22945),(16,29837),(17,20448),(22,16273),(24,10229),(26,14319),(27,28717),(30,11122),(32,1136),(34,30246),(36,33863),(37,31282),(38,21840),(43,21616),(45,16604),(46,25865),(48,22324),(49,23936),(53,11856),(54,490),(55,11925),(58,10874),(61,26158),(63,26147),(64,25577),(67,31859),(68,29381),(70,31910),(72,13737),(73,18888),(75,33431),(77,31366),(78,31869),(79,22756),(80,20930),(83,2322),(84,10777),(85,31649),(86,19782),(87,29555),(91,23071),(92,16766)]	111.922513
946	[(1,6193),(4,2359),(5,34067),(6,11872),(7,26555),(9,1267),(12,12991),(14,6502),(17,5174),(19,11213),(21,3718),(22,9519),(24,19887),(27,4213),(28,12446),(30,11506),(31,33642),(35,15484),(39,20885),(40,17294),(43,9682),(44,4816),(45,16938),(47,6488),(48,24681),(53,32377),(55,21677),(56,18236),(57,4379),(62,25865),(67,3273),(68,18997),(70,22021),(71,8914),(72,9230),(75,12152),(78,23181),(80,28473),(81,17908),(82,18547),(83,25103),(84,33084),(85,17586),(86,24687),(92,17810)]	191.490342
947	[(0,24335),(6,28273),(7,19888),(9,9429),(10,1942),(11,25138),(14,26566),(15,8977),(16,18836),(17,9597),(18,22090),(24,6238),(27,30006),(30,23568),(32,690),(35,27250),(36,8214),(37,974),(39,10790),(43,22399),(44,29994),(46,21195),(48,20860),(49,3412),(52,14312),(56,23454),(57,7747),(63,10645),(65,9820),(68,28609),(69,7204),(71,33227),(72,10477),(75,9515),(76,24531),(77,5093),(78,12349),(82,8288),(83,16001),(84,11387),(86,27074),(87,629),(91,5446),(92,22910)]	238.880554
948	[(0,5959),(1,15151),(2,23440),(3,28459),(6,5674),(7,2320),(8,12585),(9,3489),(10,20236),(11,12833),(13,15962),(15,24935),(16,9217),(19,30636),(20,24744),(21,7969),(22,23845),(26,3641),(27,6597),(29,4775),(32,13457),(33,20839),(34,1866),(37,3586),(40,20714),(41,21264),(43,3570),(44,22768),(45,1080),(46,10542),(47,5025),(49,24771),(50,17544),(52,4319),(53,29834),(54,268),(58,3500),(62,31064),(63,9573),(64,20484),(65,2374),(66,29882),(69,12056),(72,4805),(74,7920),(76,26506),(78,21154),(81,16675),(82,13685),(85,21093),(86,12672),(87,29542),(90,27982)]	235.890081
949	[(4,24107),(5,30107),(7,11635),(9,16932),(10,11246),(13,29367),(15,32495),(18,26248),(20,6416),(21,6206),(23,19378),(24,20315),(25,11576),(26,1998),(27,33626),(28,2490),(30,2290),(37,30817),(38,9422),(40,5691),(41,32400),(42,26651),(43,30317),(44,26311),(45,30406),(46,3439),(47,13636),(51,16857),(52,24609),(53,33155),(55,5933),(56,31911),(58,5927),(59,385),(61,1289),(65,10023),(66,14171),(67,16561),(68,16645),(70,7840),(71,16201),(74,8326),(78,31780),(82,2765),(83,20472),(84,30274),(85,16086),(89,11205),(90,26804),(92,7236)]	238.493332
950	[(0,9240),(2,4228),(4,25582),(5,30881),(6,23649),(8,22782),(9,4542),(10,10445),(12,8758),(13,32844),(14,17697),(15,228),(16,31628),(17,32948),(18,9374),(21,32040),(23,17065),(24,2181),(31,1433),(34,19486),(35,12157),(36,20011),(39,2874),(40,9789),(43,370),(47,18754),(51,10184),(52,26465),(54,22349),(55,17730),(56,16293),(58,28516),(62,18980),(65,2493),(66,29584),(67,14038),(68,32450),(74,7843),(75,18143),(76,22811),(77,9717),(79,8863),(80,23297),(81,5619),(82,14014),(83,10199),(91,23066),(92,17628)]	233.278169
951	[(0,22144),(1,24897),(2,4634),(4,2191),(6,21113),(7,22787),(8,21395),(9,24233),(12,2956),(15,13981),(16,15175),(18,30858),(23,32337),(24,12179),(25,18962),(26,20480),(30,15493),(31,17148),(32,25731),(33,2928),(34,8536),(37,26205),(44,18963),(45,4426),(49,15023),(53,22233),(57,12513),(58,33389),(59,23446),(60,20731),(62,20689),(63,5073),(65,9931),(66,20166),(67,20296),(69,30697),(70,2795),(72,24201),(73,20757),(74,16180),(76,4565),(77,6546),(82,25261),(83,31125),(84,13145),(86,6244),(87,12578),(88,18349)]	225.836292
952	[(0,25209),(2,14339),(6,33508),(8,11904),(11,15468),(12,11070),(14,11484),(16,1671),(18,22315),(19,17901),(21,1114),(22,19542),(26,17428),(29,14569),(30,1440),(37,1674),(38,18109),(42,25922),(45,17809),(46,22254),(48,31596),(52,4225),(55,17503),(59,19270),(60,22284),(62,9684),(66,27270),(69,13502),(70,33957),(72,7527),(76,50),(79,7066),(82,15545),(83,10543),(84,27404),(85,22327),(86,13632),(87,24552),(88,33289),(92,24932)]	252.908840
953	[(0,296),(1,29589),(3,6265),(5,30387),(7,1245),(11,28685),(12,18852),(13,28714),(14,3764),(16,26178),(17,11274),(19,28249),(21,24751),(23,23944),(24,1883),(25,21886),(26,22686),(27,2495),(28,14912),(30,11756),(31,21654),(32,29215),(33,33080),(34,9134),(35,29511),(36,17409),(37,30220),(38,15560),(40,95),(41,21231),(44,31637),(46,28828),(47,20145),(48,23366),(50,294),(53,18743),(55,13051),(57,17660),(63,4873),(65,13173),(66,19424),(67,9053),(70,20903),(72,21857),(73,2073),(75,10328),(76,32905),(79,28261),(80,4654),(82,22784),(83,26214),(86,1582),(87,4499),(90,15765)]	238.674329
954	[(0,15052),(2,11634),(3,26260),(5,25878),(6,7224),(9,25554),(11,5156),(12,33910),(13,14923),(17,6784),(18,11996),(20,19067),(23,40),(25,20335),(27,28420),(30,7844),(32,18189),(34,18347),(35,1525),(37,7697),(40,29666),(41,4214),(42,31159),(46,24458),(50,17552),(53,28234),(54,4476),(55,22339),(56,550),(57,2321),(58,7594),(59,16132),(62,19531),(63,5117),(65,25503),(66,3762),(72,17084),(74,27994),(75,13964),(78,23615),(80,1133),(82,13537),(85,6048),(87,23596),(88,5798),(90,10173),(92,23173)]	224.614516
955	[(2,11692),(5,6607),(8,26670),(9,10228),(11,6307),(12,25990),(14,20178),(15,17805),(16,23858),(18,13824),(19,32432),(21,17001),(23,7943),(25,25148),(26,33816),(27,32574),(28,20738),(29,27041),(30,30614),(33,3937),(34,33236),(36,3168),(40,17854),(42,1916),(43,1777),(46,13594),(48,1712),(50,9047),(51,8246),(54,23962),(56,8317),(62,29793),(63,19712),(66,20993),(68,3521),(69,4089),(70,8827),(71,23195),(75,3817),(77,27977),(78,24659),(80,28549),(84,10233),(85,27801),(88,27130),(89,22),(90,13649),(92,14714)]	242.460585
956	[(0,33107),(2,14753),(4,14682),(6,18837),(7,17350),(10,2157),(11,7522),(15,26566),(17,13090),(19,12317),(21,5778),(24,26115),(28,14588),(30,29854),(32,26854),(34,11104),(39,9073),(41,16190),(46,4559),(48,6632),(49,13621),(51,33296),(55,33945),(56,13723),(57,29187),(58,33675),(61,31422),(63,4903),(64,33633),(69,30642),(70,7505),(73,25358),(77,23038),(82,31844),(83,3493),(84,6191),(85,9191),(88,5625),(90,26381),(91,33159),(92,16869)]	225.637624
957	[(0,4934),(1,8557),(2,23020),(3,3259),(4,20323),(5,7545),(6,28938),(7,405),(9,8257),(10,848),(11,8320),(13,31327),(15,22435),(16,18080),(19,6505),(21,15028),(22,16642),(23,219),(24,19837),(27,11045),(28,3918),(29,14264),(30,4184),(31,3027),(32,24771),(33,7772),(35,3492),(37,24226),(38,30844),(39,466),(41,22770),(42,33955),(43,24981),(44,18950),(45,3870),(46,1672),(47,5501),(49,27390),(52,8114),(53,8933),(56,33919),(57,15138),(60,13713),(61,32623),(62,25095),(63,17554),(64,25224),(66,13927),(72,17990),(77,16277),(82,16440),(83,31839),(84,3079),(85,7645),(86,5957),(87,6234),(89,30949),(90,5744),(92,9005)]	243.656487
958	[(0,3613),(2,19439),(4,11327),(5,27371),(6,10256),(7,23129),(8,16036),(9,4408),(10,25662),(13,25787),(15,3349),(16,23351),(20,25012),(21,9299),(25,10980),(30,27007),(31,32484),(32,23830),(35,6692),(36,14338),(37,20956),(38,7675),(43,3648),(45,27009),(48,17022),(50,20683),(53,14416),(54,9450),(56,12536),(58,17518),(59,1920),(61,1820),(64,13373),(65,22283),(66,5934),(67,30062),(68,32971),(71,13780),(72,28007),(73,13844),(74,10310),(75,10643),(76,5407),(78,18299),(80,4822),(81,7418),(82,21699),(83,4308),(84,9943),(88,8222),(89,27555),(92,15767)]	272.358549
959	[(0,33009),(6,25445),(7,28138),(9,22244),(11,2214),(14,31608),(15,11202),(16,31462),(17,12252),(21,26039),(24,23040),(26,10614),(27,8336),(29,26250),(32,8390),(34,19498),(36,15856),(37,26148),(38,13528),(40,6888),(41,33282),(42,19689),(43,11941),(45,30303),(47,29059),(48,31059),(50,11634),(51,26260),(52,2060),(57,22641),(58,10349),(59,14573),(60,24236),(61,15021),(63,33658),(65,22053),(66,20751),(67,20690),(68,27497),(70,4290),(74,33045),(77,522),(78,2413),(80,132),(81,439),(85,6681),(88,20937),(89,1320),(90,23234),(92,22627)]	245.083701
960	[(0,30101),(3,14506),(6,1370),(8,21186),(15,1904),(16,2630),(17,8443),(18,7248),(19,4691),(20,13586),(23,5564),(26,18511),(28,29834),(31,14266),(32,23371),(33,16376),(34,8855),(35,26520),(38,33497),(42,32495),(44,31050),(45,5342),(46,22711),(47,12243),(50,27434),(52,12185),(54,16759),(56,9643),(57,22493),(58,8489),(59,16797),(60,16867),(64,20703),(65,33581),(67,31585),(68,18519),(73,7640),(74,21692),(77,19762),(81,25426),(82,867),(83,5532),(84,16524),(86,24245),(88,12216),(89,32805),(92,23669)]	250.268370
961	[(0,28437),(1,3005),(3,30661),(6,6866),(7,30157),(8,16378),(9,25896),(10,13211),(11,28078),(12,1481),(13,20859),(21,9254),(23,18648),(26,26057),(27,22891),(29,3254),(36,16499),(39,670),(40,30668),(42,1824),(44,32835),(49,17705),(50,4007),(51,1266),(52,3337),(54,16930),(56,31963),(58,30593),(60,25624),(61,20562),(62,16099),(63,8167),(64,14263),(66,12403),(68,11137),(71,12232),(73,25678),(77,1531),(78,24043),(79,3347),(80,32249),(81,28512),(86,1026),(88,19070),(90,2370),(91,11689)]	211.642271
962	[(1,29735),(5,33600),(6,8319),(10,19298),(13,23149),(14,17640),(15,26816),(17,33040),(18,29009),(19,1393),(23,22395),(24,19612),(26,28027),(30,12550),(32,17417),(33,33961),(37,27538),(40,14903),(41,14204),(43,11575),(44,30026),(46,11329),(47,22769),(49,14769),(51,17576),(52,9969),(53,6624),(54,16834),(57,9377),(59,11686),(60,16650),(61,15367),(62,23902),(63,16913),(65,671),(67,7342),(68,3665),(69,5474),(74,23854),(75,21455),(76,3224),(77,21983),(78,29234),(79,7940),(80,6412),(82,10796),(83,20990),(84,10972),(85,9552),(87,19524),(88,14381)]	142.882984
963	[(3,14593),(4,8830),(5,9734),(6,16454),(8,11702),(9,5895),(10,25218),(14,4429),(15,11286),(19,7350),(20,19273),(21,1592),(22,12466),(25,13850),(27,4298),(29,15177),(30,16511),(32,24799),(33,19313),(34,27761),(35,25804),(37,30315),(38,22570),(39,33537),(40,20079),(41,20594),(42,1397),(45,31740),(48,6316),(51,27374),(53,22470),(54,13453),(57,26835),(58,33356),(59,22114),(60,13280),(62,661),(65,20097),(67,14357),(68,32817),(70,33083),(71,8763),(72,19347),(73,12717),(76,6925),(77,13402),(82,31755),(83,30064),(87,13187),(91,1234),(92,19429)]	115.504362
964	[(2,10045),(3,13348),(5,4369),(8,30747),(9,18066),(10,33639),(11,11689),(17,10666),(18,559),(19,27737),(21,14983),(22,29688),(26,14554),(27,27557),(28,12962),(29,8962),(30,9566),(33,9213),(35,10868),(36,32325),(39,26033),(40,10969),(41,26252),(42,26202),(44,18694),(45,6057),(46,9912),(48,5341),(49,22512),(50,17458),(51,23621),(52,1053),(58,13235),(60,25819),(62,26556),(63,5898),(64,28528),(65,20154),(67,13068),(69,27042),(71,8221),(72,32390),(73,4698),(74,13557),(76,6289),(81,15608),(82,28824),(84,15698),(85,11261),(86,29021),(87,26450),(91,3756)]	119.242927
965	[(0,18453),(1,23760),(2,16968),(3,11756),(5,21145),(7,5613),(11,6184),(13,339),(14,27630),(15,27043),(16,32237),(17,6380),(21,10316),(22,5793),(23,32564),(25,28346),(27,17005),(28,6323),(34,28736),(35,30065),(36,11550),(40,13767),(42,1861),(45,22721),(46,28747),(49,28110),(51,20119),(52,30474),(53,15415),(60,17998),(64,6507),(67,7014),(69,18581),(70,24383),(74,33220),(78,22065),(79,7144),(80,23708),(81,22717),(82,9454),(83,2076),(84,17721),(85,34042),(87,2910),(88,8790),(89,14266),(90,21568),(91,11256),(92,18427)]	118.107202
966	[(0,29533),(2,5616),(4,33005),(6,22468),(10,16549),(14,10793),(15,25801),(18,23359),(20,26247),(21,33383),(22,20387),(26,5117),(27,26052),(28,32066),(29,30521),(30,24938),(32,33399),(33,12235),(34,16771),(35,16385),(37,1696),(38,5563),(40,3172),(42,28802),(43,25750),(44,13527),(45,30655),(46,4207),(47,24298),(49,16597),(50,22922),(52,33260),(53,26844),(54,4798),(56,17027),(62,3385),(66,25880),(67,19548),(69,7849),(71,31612),(73,12331),(75,5711),(76,24164),(77,29274),(80,4305),(83,7935),(91,10140)]	109.367485
967	[(1,2910),(4,8799),(5,29973),(7,6585),(8,17199),(9,31223),(11,14900),(13,8794),(15,9416),(17,29993),(18,8589),(20,19825),(21,7164),(22,22119),(23,3037),(25,10370),(29,16181),(30,5878),(34,2136),(35,3680),(36,5972),(38,24570),(40,7740),(42,29282),(44,24889),(46,29933),(49,28720),(53,30379),(54,5196),(55,5535),(56,33956),(57,19289),(61,6709),(63,18347),(66,29619),(70,12303),(71,3557),(72,24253),(75,31554),(76,15649),(77,4832),(81,12487),(82,17398),(84,18458),(86,9226),(88,25607),(89,32621),(90,23445),(91,18762)]	112.587249
968	[(2,18198),(4,16342),(5,25480),(6,22504),(7,15380),(8,11708),(11,18553),(12,8187),(13,31675),(15,24272),(16,23026),(19,11148),(20,31848),(21,28133),(23,28091),(24,21811),(25,10524),(26,10202),(28,3769),(29,30105),(30,29888),(32,5801),(33,2453),(39,28357),(44,6750),(45,8870),(47,25365),(51,3406),(54,12668),(55,19083),(58,23921),(59,20398),(65,9400),(66,18242),(67,26391),(68,4399),(69,13184),(71,30891),(72,9575),(73,17196),(75,10656),(76,7480),(79,9812),(80,27823),(81,24068),(82,20384),(84,676),(85,21682),(86,33402),(88,18603),(92,7847)]	120.376486
969	[(4,7050),(5,31341),(6,12164),(11,17519),(14,15597),(17,33438),(19,13522),(20,31647),(21,8371),(22,1938),(23,31485),(24,25512),(25,26294),(27,22176),(31,6471),(34,19618),(35,19573),(40,2885),(43,12634),(45,32411),(47,23497),(48,33529),(49,17016),(53,6411),(55,8086),(56,3858),(57,29611),(58,1465),(59,26703),(62,16843),(64,22542),(68,3495),(69,3111),(70,11308),(73,30881),(74,16966),(76,22076),(77,23277),(80,28038),(82,33961),(85,28011),(87,33601),(91,28995),(92,12118)]	167.296743
970	[(1,15309),(2,682),(5,30250),(7,13127),(9,22720),(10,3741),(11,5550),(12,3627),(14,5079),(15,10323),(16,15798),(18,9372),(22,9907),(25,7883),(26,9105),(28,3215),(29,26307),(31,6182),(32,29927),(33,31555),(36,28046),(37,23560),(38,2064),(39,34059),(40,12209),(41,30837),(43,9356),(50,5939),(51,17668),(52,8594),(53,21049),(55,23207),(57,16281),(58,22472),(61,8918),(69,3596),(74,5230),(77,12679),(81,32218),(83,23465),(85,11008),(86,33964),(87,22069),(90,16542),(91,17341)]	124.537483
971	[(0,2057),(1,27999),(3,15948),(4,27481),(5,16557),(6,33769),(8,9668),(10,11204),(11,27599),(14,5008),(15,27583),(16,31861),(19,28964),(20,7725),(24,16295),(25,19884),(26,23025),(30,19579),(31,26039),(32,13103),(35,24161),(36,10199),(38,4082),(41,9245),(43,28745),(44,19935),(48,24627),(52,33433),(57,22436),(61,4946),(62,59),(63,27774),(64,12874),(65,30417),(69,26089),(71,30483),(72,4549),(76,1551),(78,4987),(80,32507),(82,27800),(83,9111),(84,21268),(85,12232),(88,31239),(89,22991),(91,33521)]	109.173631
972	[(1,2842),(2,26482),(5,30331),(7,18865),(12,6498),(14,11248),(17,18081),(18,15023),(20,23510),(21,19652),(23,30250),(26,23521),(33,24672),(34,18752),(35,12607),(36,2046),(37,3958),(38,29125),(41,14613),(42,10960),(44,31163),(45,9590),(47,15214),(48,32098),(52,6705),(57,25444),(59,13954),(62,26022),(63,18925),(66,32664),(70,11033),(71,7769),(72,15649),(73,4832),(74,12845),(79,19754),(84,9496),(85,14214),(87,19039),(89,9723),(90,9004)]	116.913189
973	[(2,17746),(5,561),(7,16417),(10,14999),(11,20364),(12,12813),(17,12112),(18,9968),(22,2202),(24,19774),(26,2711),(27,14841),(29,15739),(30,31457),(32,28207),(33,7146),(34,3353),(37,21583),(39,14879),(42,32866),(43,10379),(45,25516),(46,23111),(48,14559),(49,12570),(50,32013),(52,33004),(54,33313),(56,12302),(58,30969),(61,12715),(62,24592),(68,14940),(71,24230),(72,17185),(75,20058),(77,9840),(78,23952),(80,12040),(81,17863),(82,16035),(84,1143),(86,5592),(89,17526),(90,30755)]	140.160220
974	[(0,11071),(1,8832),(2,13984),(5,2141),(9,22953),(12,9234),(14,32326),(16,22328),(17,26132),(18,22067),(21,23602),(23,28622),(24,24605),(25,12943),(26,23989),(28,24564),(31,27323),(37,1187),(38,25480),(39,15917),(41,27669),(43,11253),(45,4870),(48,27110),(50,22559),(51,15207),(53,10765),(54,31858),(55,30387),(57,1245),(59,13249),(62,19051),(64,3240),(66,12858),(68,15976),(69,16003),(70,4233),(71,3654),(72,7292),(73,8315),(75,29919),(76,25387),(78,26985),(83,25019),(84,22819),(85,16500),(87,25029),(88,17285),(90,5220),(92,23218)]	123.678670
975	[(0,30331),(1,13638),(3,19103),(4,22716),(7,28220),(9,8479),(10,414),(13,7372),(14,15710),(16,25290),(17,17642),(19,17864),(20,6002),(23,6982),(24,16434),(25,10563),(26,10778),(27,32716),(28,7127),(29,9969),(30,6624),(33,18859),(36,5584),(38,31514),(39,24370),(41,27402),(42,5650),(43,15791),(44,2371),(46,1121),(47,12074),(48,8657),(53,19126),(54,16683),(55,27681),(57,1793),(59,19727),(60,23930),(61,24177),(62,19552),(63,16130),(65,28343),(66,14150),(67,14829),(68,33752),(70,5007),(72,19776),(73,2233),(75,19943),(76,20837),(78,16536),(79,5700),(83,29362),(84,15614),(85,33787),(88,22141),(89,30251),(90,24020),(92,8746)]	118.680216
976	[(0,3935),(2,10650),(3,20465),(5,8526),(6,18790),(7,23968),(8,16803),(10,6531),(12,15846),(13,28733),(14,15830),(15,4316),(16,5816),(22,1484),(23,7988),(25,17707),(30,21875),(33,22760),(38,34070),(40,24287),(42,19229),(44,19797),(46,5429),(48,22735),(52,5079),(53,5136),(55,29510),(57,23399),(60,5995),(62,33267),(63,9485),(64,19837),(67,29936),(68,14271),(69,4786),(71,3459),(73,22425),(74,28691),(75,2357),(78,24752),(79,7617),(80,23901),(81,22546),(84,2893),(86,11088),(89,30386),(91,27650),(92,17758)]	117.555945
977	[(1,21878),(3,22533),(4,27600),(5,31916),(7,12861),(9,11523),(20,7299),(21,30562),(23,22210),(24,22647),(25,8012),(26,20514),(29,16962),(31,963),(32,13469),(33,4945),(35,26178),(36,11274),(37,18848),(38,26048),(41,1990),(43,29704),(45,20005),(46,2555),(47,15691),(49,6027),(51,24411),(54,32887),(57,23371),(58,13485),(59,4324),(63,8998),(64,16456),(65,11724),(66,304),(68,13446),(69,30719),(70,23896),(71,32948),(73,31178),(74,19567),(75,8030),(77,5221),(78,276),(80,22525),(81,12538),(83,21097),(87,13783),(89,19006),(90,15811),(91,28467),(92,23548)]	164.137545
978	[(0,9574),(1,15569),(2,26411),(6,11344),(7,8558),(10,12073),(11,2429),(13,14837),(14,3511),(15,4851),(16,16492),(20,15996),(21,20837),(23,16536),(24,5700),(25,17158),(26,8312),(28,15612),(30,23194),(34,34028),(35,22320),(36,12366),(39,30913),(42,20953),(43,23751),(46,11808),(48,30737),(50,30386),(51,1691),(52,8079),(53,8132),(57,17808),(59,33055),(62,33967),(65,5306),(66,33739),(68,31612),(69,1135),(70,9347),(72,26513),(73,12955),(74,2228),(75,16494),(82,1557),(83,30252),(85,21954),(89,13644),(90,20622)]	159.752254
979	[(0,20722),(2,8904),(3,29803),(6,211),(7,29038),(8,29833),(10,19330),(11,29678),(14,24246),(15,27840),(16,11984),(17,26704),(18,32641),(23,3009),(24,29185),(30,1430),(34,20553),(36,16227),(37,5064),(39,16723),(40,16947),(42,5540),(46,10656),(48,32409),(49,11493),(52,14533),(53,29221),(56,7220),(58,1170),(59,5072),(62,12524),(63,9885),(64,33264),(66,13315),(67,10368),(68,32070),(69,28880),(70,6801),(72,3194),(73,29958),(75,24593),(79,1211),(80,12734),(82,24848),(85,2886),(87,5745),(88,16243),(91,15309),(92,31918)]	138.978180
980	[(4,175),(5,30431),(7,16484),(8,15176),(11,3627),(13,24435),(15,8424),(20,31388),(22,190),(24,30632),(25,13339),(28,2295),(32,11844),(36,12985),(39,27583),(40,14270),(43,6319),(45,7754),(46,26650),(47,14234),(48,17436),(49,23033),(50,2535),(53,15517),(56,2162),(58,25318),(66,27256),(68,20195),(70,16018),(71,1893),(75,17551),(76,23722),(78,17948),(80,32405),(81,11069),(85,29717),(90,27371),(91,32415)]	154.976029
981	[(0,22394),(6,29331),(7,3341),(8,11675),(13,16777),(14,15059),(17,28443),(24,30576),(25,25191),(27,28289),(29,28734),(31,25692),(32,21162),(33,15202),(39,6535),(40,2493),(41,30304),(43,31692),(44,17528),(46,15957),(49,26176),(50,14104),(53,15910),(56,28642),(57,30116),(58,6527),(61,3394),(62,18803),(64,11777),(65,2361),(66,15784),(68,28853),(69,11079),(70,7012),(73,6641),(74,27046),(80,7289),(81,3288),(83,4360),(84,3223),(85,20215),(86,15788),(87,27675)]	190.503391
982	[(0,19218),(3,24974),(4,471),(6,32661),(12,31264),(16,22271),(18,12277),(20,7155),(21,1045),(22,16162),(25,29437),(26,25073),(27,31598),(29,32429),(33,18175),(34,9388),(38,17841),(42,30589),(47,22532),(49,20006),(51,28426),(52,18741),(56,32913),(59,10004),(60,3060),(61,31843),(64,26566),(65,8977),(66,11299),(68,26016),(70,29296),(73,3907),(75,26141),(81,24533),(84,33997),(87,23328),(88,17476),(90,19084)]	153.799582
983	[(2,9067),(3,8021),(4,18090),(5,31768),(7,21953),(9,25193),(13,20035),(23,16218),(24,23284),(28,15723),(32,18604),(34,10619),(35,22942),(36,26062),(37,3022),(40,31340),(42,13572),(43,21635),(46,32070),(47,27365),(48,2065),(50,17480),(52,5577),(53,29266),(54,10754),(55,8115),(56,4115),(57,8576),(58,17277),(61,31941),(62,3134),(63,19930),(64,20843),(65,270),(66,214),(68,5419),(69,1523),(71,2011),(72,14679),(74,32050),(75,17798),(76,23322),(78,11853),(80,23589),(82,33187),(85,20649),(86,2681),(87,17419),(89,5603),(92,24104)]	212.881598
984	[(3,6348),(8,32329),(9,18463),(10,25561),(11,25751),(12,18679),(13,1765),(14,13264),(18,29439),(19,25395),(28,23434),(29,29930),(30,8024),(33,1154),(34,5858),(35,11602),(36,15521),(37,29807),(38,21469),(39,19655),(41,24074),(42,21322),(43,1024),(44,28988),(45,11263),(47,17474),(48,29830),(49,30202),(50,26230),(51,30423),(54,15420),(57,29551),(61,21914),(64,6289),(73,7425),(75,16757),(77,10421),(82,508),(84,27913),(85,7868),(86,24381),(87,1128),(90,3760),(92,23342)]	198.311281
985	[(0,30577),(1,33256),(2,33532),(3,7839),(5,8612),(6,30031),(7,32846),(8,16369),(9,6122),(10,33862),(11,14429),(14,23044),(15,26952),(17,30365),(21,17953),(22,8592),(24,22395),(25,11789),(28,16594),(29,11929),(30,11638),(32,5087),(33,880),(34,13406),(36,5954),(37,18791),(38,29605),(39,27232),(44,18758),(45,13393),(50,23887),(51,26175),(52,10606),(53,11103),(57,11192),(60,6402),(61,13069),(62,24452),(63,16863),(65,681),(66,17575),(67,16432),(68,1897),(70,26266),(71,22262),(72,8400),(73,7133),(75,28960),(76,9320),(77,31876),(80,20226),(83,6925),(88,4293),(89,12372),(91,6997),(92,19034)]	164.641294
986	[(0,28573),(4,21512),(5,2485),(8,21606),(9,5967),(13,22094),(15,11977),(16,9625),(19,8757),(22,30075),(23,4476),(24,18767),(26,28334),(30,10950),(31,22388),(32,21660),(33,32191),(34,26909),(37,11949),(38,21074),(41,8739),(46,25749),(49,10570),(51,20933),(53,18274),(54,20582),(55,14412),(56,572),(57,28674),(60,12979),(62,21818),(64,26519),(66,19255),(69,28881),(73,2933),(74,149),(75,33941),(78,5390),(81,33398),(84,15909),(86,32547),(87,30782),(88,15372),(89,28424),(91,1345)]	156.237022
987	[(1,12449),(2,3869),(3,9589),(4,23492),(5,12973),(6,15441),(7,58),(8,3212),(9,16052),(11,5063),(12,16807),(14,22858),(16,9791),(17,27750),(18,33840),(20,16066),(21,30741),(22,29277),(24,31301),(25,390),(27,12864),(31,14360),(33,28230),(34,31269),(35,28023),(36,1102),(42,8381),(43,9577),(46,1603),(47,11342),(49,4782),(51,607),(52,6044),(57,25628),(60,16269),(61,8753),(62,3954),(63,12750),(66,19519),(67,6616),(68,13904),(77,31930),(78,29057),(79,9861),(81,8340),(82,14123),(83,28935),(88,19614),(90,11563),(92,24887)]	134.987067
988	[(0,198),(1,18260),(2,17881),(5,15468),(7,3486),(8,8107),(9,13513),(11,15465),(12,4735),(16,21548),(20,19907),(21,33981),(22,28055),(23,12700),(24,21088),(25,283),(26,3514),(27,13781),(29,12864),(33,6889),(34,27998),(35,932),(38,1670),(40,23772),(41,6731),(43,15480),(44,16121),(46,9153),(47,21704),(48,7841),(54,27129),(55,2627),(57,18441),(58,32753),(59,14835),(60,29692),(62,1827),(64,19216),(65,1475),(68,13973),(69,17174),(70,28199),(71,19985),(72,4698),(73,7774),(74,10586),(75,9162),(76,12596),(81,20012),(84,25215),(85,10608),(88,6001),(90,29237),(92,18709)]	133.553212
989	[(0,3952),(2,28351),(4,10753),(6,20179),(7,9789),(9,10772),(11,27039),(12,27755),(13,23504),(16,16878),(21,6926),(29,2447),(30,13256),(31,19011),(32,4206),(33,2392),(34,7106),(38,17674),(40,21627),(46,9590),(48,15214),(51,24655),(52,32074),(53,27978),(54,33463),(61,4858),(62,3260),(63,21006),(64,6748),(65,3227),(66,22261),(67,13567),(69,33647),(70,21564),(73,29170),(75,15314),(76,5266),(79,3065),(80,8370),(81,16016),(82,17160),(83,18189),(84,19578),(85,20641),(86,5707),(87,30132),(91,16242)]	138.163299
990	[(0,30905),(1,32753),(3,13562),(6,8113),(7,3672),(10,31977),(11,362),(13,27673),(14,14939),(15,11433),(18,18919),(19,33886),(20,5779),(29,7104),(30,31737),(31,24125),(33,11182),(34,32066),(35,30521),(36,24938),(38,3966),(39,29898),(40,16285),(41,19103),(42,788),(46,15763),(47,17497),(52,7),(55,27941),(56,11102),(57,22430),(58,9124),(61,17679),(62,16528),(63,28171),(66,17467),(67,14997),(69,16514),(70,2799),(71,11542),(74,8250),(76,13023),(77,27672),(79,22168),(83,18453),(86,18466),(89,26133),(90,11649),(92,15011)]	146.104890
991	[(0,4009),(4,12301),(5,16629),(6,15861),(8,33423),(10,10766),(12,19518),(13,15749),(14,27206),(15,33778),(17,29024),(18,23203),(19,26888),(20,14358),(21,25277),(22,14784),(23,29020),(24,16205),(26,24127),(27,16497),(28,33036),(29,19648),(30,26644),(31,26408),(32,26985),(34,7263),(37,22767),(38,6321),(41,23696),(45,11351),(46,27199),(48,27931),(52,24487),(53,4371),(54,32491),(55,23759),(60,20474),(61,5032),(62,20614),(63,20320),(64,2051),(65,15805),(67,21989),(68,16966),(70,22076),(71,5409),(74,1743),(75,25459),(76,22351),(78,32021),(81,30325),(85,5649),(86,13412),(88,30403),(89,6298),(90,2618),(92,28057)]	124.880251
992	[(2,17961),(4,24254),(6,17132),(9,3300),(11,276),(14,21349),(16,1329),(17,1312),(18,32553),(19,13118),(21,32482),(22,29966),(23,30641),(24,18790),(28,15369),(30,2304),(32,26102),(33,4363),(34,31313),(38,13987),(40,17425),(43,13164),(44,24520),(45,23359),(46,32145),(47,19181),(50,24064),(51,7896),(52,20829),(54,13596),(55,1281),(56,25873),(58,12817),(61,14519),(62,6738),(64,11228),(66,12223),(67,30960),(68,12500),(69,1027),(74,20983),(79,11806),(82,26944),(84,1049),(88,17288),(89,24782),(91,26290)]	106.643388
993	[(0,4808),(1,6469),(2,12998),(7,9925),(9,15960),(10,19721),(12,288),(13,17145),(19,12192),(20,15722),(21,28533),(22,4572),(23,15306),(24,14597),(25,17396),(26,32022),(27,1224),(31,32988),(35,5881),(36,29405),(38,836),(39,23754),(41,29536),(42,21376),(48,7291),(50,30471),(53,10627),(54,8999),(56,12742),(57,7360),(59,18881),(62,25641),(65,31541),(66,17923),(67,23951),(68,3713),(72,8800),(73,25863),(74,10831),(75,4707),(76,46),(79,7247),(80,6995),(82,30526),(84,20041),(87,612),(90,10752),(91,21034)]	132.818376
994	[(2,20573),(3,21999),(5,33231),(10,11443),(11,23656),(12,25202),(18,25643),(19,29809),(21,1446),(22,33077),(23,6058),(24,22226),(25,23870),(29,21619),(36,10843),(39,18951),(40,11272),(42,12183),(43,25605),(44,8595),(45,272),(47,20342),(48,12248),(49,29782),(50,33383),(52,32711),(54,938),(57,14917),(58,33483),(59,28940),(61,24085),(65,30458),(66,27493),(67,16005),(68,33112),(70,32563),(71,29205),(72,20715),(73,29213),(76,22116),(77,24409),(79,30870),(83,2563),(84,12747),(86,17694),(88,10291),(89,31717),(91,13614)]	110.761942
995	[(1,8254),(8,24525),(15,24691),(16,5151),(17,18160),(18,2319),(19,30529),(20,21016),(21,17842),(22,15104),(24,18765),(25,24268),(28,25518),(29,5544),(33,11064),(34,9451),(35,9519),(36,1764),(37,6050),(38,29031),(40,23854),(42,8715),(45,13366),(47,15291),(48,30230),(49,8669),(53,31518),(54,3656),(56,14842),(60,21436),(63,18875),(64,24870),(68,25140),(71,21367),(73,12631),(74,20884),(79,29589),(81,10359),(82,29640),(86,23077),(88,18320),(89,31610),(90,13756),(91,21052),(92,13097)]	113.163591
996	[(2,29230),(5,13525),(7,6786),(9,30093),(10,29041),(11,15223),(12,558),(15,12078),(17,27410),(24,7492),(25,21915),(26,3717),(27,540),(28,4882),(29,26180),(31,9438),(34,24729),(35,20348),(39,31242),(42,11683),(43,17773),(46,13285),(47,7566),(48,3547),(49,26892),(50,18509),(51,5395),(54,6734),(55,10494),(57,12020),(58,32872),(64,4038),(66,26446),(67,9967),(68,25027),(71,5313),(72,28124),(73,13205),(74,10686),(76,13113),(77,6546),(80,24074),(81,7536),(82,1265),(83,21052),(85,24855),(91,33073),(92,17514)]	110.744631
997	[(9,463),(10,24171),(16,29539),(18,3594),(20,1986),(21,13706),(22,27211),(28,25642),(31,7990),(34,21429),(40,8777),(45,13643),(46,27606),(48,24427),(49,30323),(50,27412),(52,17329),(54,3991),(55,16269),(56,8753),(60,28610),(62,14955),(63,33864),(65,27797),(67,427),(69,11049),(70,6744),(71,27543),(72,33550),(75,26444),(76,2609),(78,4232),(79,20098),(80,11977),(81,5921),(84,26604),(85,22772),(86,33564),(87,3002),(92,32110)]	123.984973
998	[(0,28841),(2,11296),(3,33168),(4,7411),(5,30049),(6,20055),(9,14238),(11,21853),(13,633),(14,12249),(17,28262),(18,18684),(21,30860),(23,31434),(24,32635),(25,27670),(26,25267),(29,31405),(30,8313),(33,14321),(36,24353),(37,4085),(38,32245),(39,12868),(40,28013),(41,14923),(42,23723),(43,4450),(47,7463),(53,28950),(55,30365),(56,23521),(59,27147),(65,33397),(68,25482),(69,21453),(71,8060),(72,26386),(74,18417),(75,15626),(80,4477),(81,6362),(83,14468),(84,20513),(87,10456),(88,25026),(89,1876),(92,18094)]	122.536064
999	[(0,25527),(2,25416),(3,30570),(4,2463),(6,33046),(7,29234),(8,2693),(9,3902),(10,4859),(12,21488),(13,18823),(16,2375),(20,7188),(22,24540),(23,4862),(24,21056),(28,6523),(30,32696),(31,33656),(33,1771),(37,8965),(39,31542),(43,24576),(48,5491),(49,14504),(50,15045),(51,11474),(52,11875),(55,30981),(56,6297),(57,1548),(58,12287),(59,16633),(60,30670),(62,18025),(65,21325),(68,11397),(69,10998),(72,5940),(77,13461),(78,19596),(79,7461),(80,5661),(83,21693),(84,10340),(85,13978),(87,6458),(89,27017),(91,10694),(92,11329)]	138.636673
