ruleset_index	matches	time_ms
0	[(3,19621),(7,3548),(8,3157),(9,18234),(10,2053),(11,2572),(12,843),(13,22383),(14,23),(16,14625),(19,25181),(20,1314),(22,23885),(25,10451),(26,5091),(30,20015),(33,3458),(35,23794),(38,18480),(42,27264),(47,12725),(49,20599),(52,8714),(53,19944),(54,9072),(58,3352),(59,22842),(60,23338),(64,1423),(66,9321),(67,17041),(69,5366),(73,25993),(76,30408),(77,24319),(82,3824),(83,2797),(84,1340),(85,22296),(87,15449),(88,23227),(92,23127)]	108.772415
1	[(0,10442),(2,5644),(4,10742),(7,21824),(8,2439),(9,3558),(10,15785),(12,19178),(13,25462),(15,6032),(18,5244),(21,19078),(24,24613),(25,24032),(27,15070),(28,13935),(29,20787),(30,11276),(31,20649),(33,16844),(38,24727),(41,17871),(45,1306),(47,22436),(52,27443),(53,20970),(55,25762),(56,21681),(59,12189),(60,21165),(64,2142),(65,9172),(66,12260),(67,27876),(70,29949),(72,4909),(79,27501),(80,29625),(82,7215),(83,10521),(84,25347),(86,19065),(87,29225),(89,10564),(90,977)]	93.013952
2	[(2,25609),(8,9758),(11,18913),(12,8476),(14,22019),(19,2486),(20,22321),(22,27137),(25,19954),(27,22576),(31,25312),(34,11846),(39,5884),(40,20869),(44,20819),(48,29671),(52,12609),(53,27211),(54,27139),(55,9102),(56,24535),(58,25796),(62,9563),(63,21306),(67,28556),(68,21230),(69,6291),(70,25110),(71,4182),(72,12905),(79,15780),(80,6185),(81,11218),(82,20724),(85,17911),(87,25258),(88,9767)]	101.313397
3	[(2,17682),(8,10425),(11,2931),(12,1273),(14,10938),(15,22433),(27,15082),(28,28393),(29,26749),(34,15178),(36,18368),(38,8116),(41,543),(42,27501),(43,29625),(46,6043),(47,21374),(49,12488),(55,5198),(57,2489),(58,6696),(62,20821),(65,25002),(66,23850),(67,2026),(70,5494),(71,22011),(72,4879),(75,28865),(78,566),(79,19823),(80,1714),(81,22740),(83,21148),(86,18684),(87,24742),(91,10752),(92,1596)]	89.973644
4	[(3,30033),(6,4769),(10,12807),(11,11796),(12,29137),(14,21928),(15,3017),(17,30331),(18,28440),(22,26731),(23,11087),(27,5222),(30,12331),(31,24802),(34,4626),(39,486),(41,30141),(42,26713),(43,25751),(44,17368),(46,24934),(49,577),(51,7563),(52,27361),(53,28302),(54,27951),(56,17739),(57,14321),(58,2558),(59,2275),(61,26859),(66,22859),(68,12903),(69,12465),(70,28384),(72,28033),(75,26267),(76,4435),(78,30629),(79,27428),(80,13947),(82,6493),(83,16530),(84,16117),(89,18085),(91,26553),(92,23283)]	90.175827
5	[(0,3642),(2,2303),(3,24384),(4,19822),(5,14421),(6,15862),(7,20874),(8,20340),(9,18706),(10,17979),(11,6543),(12,354),(15,2493),(17,15246),(19,26742),(20,7354),(21,9622),(26,9228),(28,18049),(29,10075),(35,26974),(36,16789),(39,8113),(41,17250),(43,18450),(44,29983),(45,21591),(46,20074),(48,3721),(53,16441),(56,19839),(57,25649),(63,8611),(65,6814),(66,28874),(68,1616),(71,6489),(72,199),(73,19586),(74,5938),(80,3748),(81,5308),(83,29060),(84,18389),(90,23509),(91,5579),(92,25017)]	86.458305
6	[(2,2330),(3,18292),(7,21773),(10,27602),(12,30300),(15,4541),(17,774),(20,30132),(21,3151),(23,4413),(24,4135),(28,14528),(29,10606),(30,9187),(31,28770),(34,19549),(35,13327),(36,24370),(37,5396),(38,17244),(40,16699),(45,17844),(46,27480),(49,22497),(55,6315),(56,30467),(58,10141),(62,27335),(65,14853),(66,18079),(67,30121),(68,14738),(70,4631),(71,27533),(74,13569),(76,15371),(78,20628),(79,15414),(81,13106),(83,12452),(85,23042),(86,26790),(88,14407),(89,16378),(91,22612),(92,5056)]	91.161005
7	[(0,13243),(3,22402),(7,12436),(14,18682),(18,18296),(21,4492),(23,25251),(25,8320),(26,17004),(27,2949),(28,26976),(29,19201),(30,19491),(31,18950),(32,2951),(35,8264),(37,12403),(39,883),(40,22851),(46,15231),(47,2008),(49,20427),(53,16337),(57,22782),(60,5205),(62,23626),(63,9785),(66,16386),(69,22151),(71,10589),(72,27725),(75,1360),(76,27174),(77,12156),(81,4085),(83,8286),(84,18647),(85,12383),(86,14269),(91,6554),(92,12482)]	85.729090
8	[(0,29398),(2,3317),(4,2446),(6,1464),(8,15241),(9,3773),(11,22987),(14,30492),(15,22120),(17,6277),(19,23314),(24,26498),(27,24144),(29,8176),(30,8100),(31,4016),(33,12750),(35,12475),(36,8115),(37,2199),(38,4387),(39,30601),(42,6738),(43,23408),(45,6031),(46,27747),(47,29786),(48,24385),(50,28505),(51,532),(53,12980),(54,10938),(57,30193),(58,17187),(64,22756),(69,9041),(70,2629),(74,18970),(75,14258),(77,12879),(79,25942),(81,7714),(82,15825),(86,189),(87,29811),(88,23724),(91,16548)]	89.739668
9	[(0,18462),(1,10145),(2,10749),(4,20928),(6,26248),(8,3265),(12,27243),(14,27329),(17,22272),(18,13238),(19,25668),(21,355),(22,18749),(23,19528),(24,21161),(27,10326),(29,18965),(31,12094),(32,13605),(35,672),(36,20381),(37,7764),(38,15314),(39,475),(45,28956),(50,5860),(52,16293),(53,8711),(54,12684),(59,29823),(64,20985),(70,11596),(71,13074),(73,26492),(74,660),(82,13763),(84,21103),(88,29841),(89,7332),(91,6188)]	92.546848
10	[(1,10134),(2,3942),(3,11958),(5,15566),(6,22930),(12,24010),(13,22634),(14,16092),(15,20336),(19,13777),(21,4745),(23,13815),(25,25461),(36,7590),(39,3236),(42,20738),(43,29356),(48,17597),(49,19896),(52,696),(53,29364),(54,16170),(60,27883),(61,29999),(62,22932),(70,29714),(77,20242),(78,7645),(79,6050),(81,3011),(82,10929),(84,27158),(86,29959),(87,1784),(88,16878),(91,379)]	87.474046
11	[(0,25999),(1,19160),(7,13950),(12,4955),(13,27001),(14,407),(16,26455),(17,8394),(18,30323),(19,17704),(23,23788),(24,652),(26,25530),(28,24909),(29,19508),(30,10497),(34,11973),(38,28987),(44,26761),(55,25038),(57,8269),(60,18110),(61,23806),(62,21997),(63,20785),(64,21130),(66,7992),(69,19662),(70,28329),(72,15247),(73,17814),(74,19070),(75,6916),(76,16537),(80,43),(84,13963),(85,29975),(87,12171),(90,15820)]	84.540262
12	[(1,29451),(7,2737),(10,7700),(11,10632),(13,8311),(15,15864),(17,1760),(21,12029),(23,3944),(29,14970),(31,25339),(33,28809),(37,18647),(38,12383),(41,13021),(50,20629),(51,4085),(52,9627),(53,29101),(55,4909),(57,15212),(58,19982),(59,23516),(62,21533),(64,1737),(66,10620),(69,6653),(72,27991),(73,28920),(74,9293),(75,8727),(76,12044),(79,11023),(80,27329),(82,25017),(84,11150),(85,14144),(86,17733),(89,2308),(91,18347),(92,27264)]	107.045970
13	[(0,1582),(4,14702),(5,30166),(6,13389),(7,10146),(8,21083),(10,19619),(11,3290),(13,24303),(14,29785),(16,13514),(19,23761),(21,8587),(24,17251),(25,4916),(29,12039),(30,24198),(31,5565),(33,17107),(35,7813),(37,20932),(39,12990),(40,24620),(42,7646),(44,5755),(45,14540),(46,4617),(48,9167),(50,8400),(51,14300),(55,13061),(58,23328),(63,2222),(64,11461),(66,6053),(67,7796),(69,7896),(70,27029),(71,17733),(74,11975),(76,27562),(79,17076),(81,19746),(88,17535),(91,26322),(92,30466)]	86.489875
14	[(3,6096),(5,16249),(6,8485),(7,23577),(10,14685),(18,3003),(19,15109),(23,25465),(25,11722),(32,3894),(33,19547),(36,12636),(37,10420),(38,26058),(39,4225),(41,7558),(44,25362),(46,22262),(49,5425),(52,11863),(57,21700),(58,7019),(59,27415),(61,14389),(63,92),(69,7762),(71,15180),(73,13999),(77,11424),(80,29514),(81,2304),(82,21813),(84,25316),(86,4920),(87,5440),(89,16335),(92,3413)]	91.718867
15	[(0,14924),(1,21159),(3,2137),(4,399),(6,16077),(8,27823),(11,3800),(12,19306),(22,28932),(23,7501),(24,9512),(26,20919),(27,10462),(29,272),(30,18576),(35,10648),(36,260),(37,26447),(40,27088),(42,18293),(43,16959),(44,26057),(48,22111),(50,7561),(52,24745),(54,28578),(58,21665),(59,7820),(61,5279),(62,37),(64,18333),(65,29736),(66,28250),(70,25573),(71,23527),(72,12200),(73,12474),(74,30164),(75,24612),(76,2287),(77,18204),(78,24662),(79,2576),(82,14476),(84,17759),(85,12895),(86,14247),(88,19651),(91,17245),(92,25696)]	88.386975
16	[(1,19718),(9,18120),(11,21848),(14,18800),(17,21227),(18,25185),(22,9831),(24,22353),(25,6765),(27,14738),(28,4369),(31,20718),(32,10952),(33,14050),(35,29843),(39,16234),(40,18180),(41,24762),(43,7246),(46,8789),(49,5258),(50,25175),(52,28451),(53,15348),(56,5182),(60,4827),(62,20930),(64,1405),(65,8457),(68,6753),(75,9559),(76,2583),(81,19811),(83,1705),(84,24829),(85,5951),(87,14706),(89,2231),(91,10026)]	86.223393
17	[(3,12679),(6,11350),(8,23907),(9,11141),(18,4221),(19,630),(20,24205),(22,13585),(25,2671),(27,9770),(37,29232),(38,8744),(40,4580),(42,21261),(43,11470),(44,23803),(45,7067),(50,11291),(59,14609),(60,9595),(61,13116),(63,25131),(65,13664),(66,23668),(67,24195),(70,18285),(72,1627),(73,4552),(77,3283),(81,3709),(90,19751),(91,22096)]	90.472226
18	[(1,8019),(4,28),(5,27472),(7,2686),(8,1321),(9,25804),(13,19603),(17,7340),(18,11255),(19,1776),(22,20136),(23,101),(24,1997),(26,13578),(28,9092),(29,25741),(31,29336),(33,1596),(37,1777),(39,3732),(41,7440),(42,15902),(46,23764),(47,25235),(50,24634),(56,5233),(60,26623),(61,3115),(62,16604),(64,24124),(65,22734),(68,29420),(70,14154),(71,13908),(73,13377),(74,22295),(77,20822),(78,26029),(81,23219),(82,27801),(85,23969),(86,24648),(87,9781),(91,3207),(92,6537)]	85.997821
19	[(0,28256),(1,11994),(2,21270),(3,12378),(5,4556),(6,6313),(10,14896),(11,19263),(15,24451),(16,29912),(17,9389),(22,10626),(24,23298),(25,23731),(27,8008),(28,23519),(30,9657),(31,14662),(32,17196),(33,17730),(36,26),(38,16240),(40,3770),(41,27009),(42,4935),(44,1211),(45,10923),(47,15940),(48,9844),(51,2764),(52,24417),(55,20402),(56,6554),(57,26597),(61,22339),(63,26981),(65,1089),(66,11382),(67,10972),(68,16918),(72,29312),(75,20285),(76,562),(79,2961),(80,15090),(81,9310),(87,25925),(89,6317),(92,10037)]	88.180611
20	[(0,14210),(1,24979),(4,215),(5,14419),(6,18695),(7,29178),(9,18295),(12,7027),(16,6519),(20,1067),(21,19733),(24,23421),(25,29853),(26,5059),(28,6202),(31,15524),(32,10125),(33,27396),(34,7335),(36,9359),(42,916),(43,117),(44,14713),(48,75),(49,8680),(52,29188),(53,19196),(54,9379),(56,19900),(57,29062),(58,9084),(60,1817),(61,2918),(62,8708),(64,9292),(65,23492),(68,7557),(69,18089),(70,4923),(75,13490),(77,19573),(79,27713),(81,5517),(86,4786),(87,28048),(88,21789),(90,21017),(91,12062)]	92.127538
21	[(2,17434),(3,14080),(7,1008),(9,9496),(12,17725),(13,27590),(14,18139),(17,29563),(18,16182),(21,6523),(22,20204),(29,29596),(30,8075),(33,28120),(34,20234),(36,12060),(40,11155),(41,29413),(42,15011),(43,534),(44,23105),(46,30185),(47,29154),(53,7607),(54,15737),(55,26258),(56,1618),(58,3936),(60,9022),(61,15181),(64,2432),(66,10466),(69,7397),(70,30611),(71,30441),(74,28634),(75,5664),(76,7525),(80,24791),(82,13130),(83,7608),(86,15512),(87,15028),(89,15088),(90,23316)]	88.674431
22	[(0,8660),(1,17925),(4,14074),(5,19424),(6,21114),(8,19110),(9,15691),(11,10068),(12,2439),(13,3558),(14,23758),(15,25109),(17,525),(19,5160),(21,524),(23,5540),(27,2984),(28,1024),(30,4194),(31,10228),(32,21183),(33,12264),(35,12473),(43,28862),(44,17892),(45,23047),(46,10372),(47,6924),(50,12586),(51,13166),(54,19781),(59,9077),(70,2051),(72,26182),(73,1826),(77,7815),(78,29506),(79,2520),(81,21073),(83,24366),(85,20287),(86,26939),(89,28313)]	84.888031
23	[(1,19223),(2,9728),(3,14895),(5,2111),(6,27560),(8,25984),(10,24239),(12,19484),(13,8312),(14,22390),(16,24612),(17,230),(19,8201),(23,30371),(33,20498),(34,8280),(36,248),(38,807),(39,1774),(41,2626),(42,23716),(46,8726),(47,16339),(48,357),(49,23938),(50,1417),(53,27893),(54,8935),(55,21541),(57,152),(61,12770),(64,18760),(65,10004),(66,13824),(78,3061),(80,15159),(87,24884),(90,27084),(91,24809),(92,10806)]	106.263121
24	[(1,4812),(2,19124),(3,30078),(7,17465),(11,8041),(16,13581),(17,19446),(18,25251),(20,17932),(23,11369),(25,14489),(26,25549),(30,25232),(31,14600),(32,215),(33,18410),(34,22546),(38,10554),(40,22147),(41,5102),(42,26826),(45,15762),(46,25616),(47,20286),(49,6380),(53,6724),(54,29487),(55,23907),(56,11141),(57,10136),(58,25406),(63,2729),(64,15650),(66,2721),(67,16829),(68,27744),(69,2289),(70,21149),(77,7018),(79,11536),(80,3308),(85,3113),(87,3757),(90,26618)]	84.936250
25	[(1,1501),(3,12702),(4,7232),(6,25234),(7,6208),(9,26721),(11,16586),(12,22358),(17,7598),(18,29381),(19,15584),(28,591),(29,14071),(30,17543),(31,28769),(32,9107),(35,4296),(37,28937),(39,19065),(40,20851),(42,27154),(47,8127),(48,7832),(49,4656),(50,5427),(53,20585),(55,15752),(57,16116),(59,18459),(60,10205),(61,12718),(62,4043),(63,8291),(65,2906),(69,22472),(73,8555),(74,7188),(76,19096),(81,5890),(83,6864),(85,5778),(88,29472),(91,15305),(92,26850)]	86.335390
26	[(3,8689),(6,15460),(8,7878),(10,22407),(11,18087),(12,26936),(14,30344),(15,29496),(20,25057),(21,7656),(24,8785),(25,16751),(27,7136),(28,23914),(29,20292),(30,15261),(33,11772),(34,21375),(35,29252),(36,19625),(37,2456),(39,9324),(40,14784),(44,20836),(50,1763),(51,5219),(52,10073),(53,9343),(55,27837),(57,3409),(58,8780),(62,13686),(64,5381),(65,28830),(67,15374),(68,14916),(69,10971),(73,19212),(75,4118),(76,29071),(78,5260),(84,3176),(85,18343),(89,29053)]	92.971847
27	[(0,1531),(5,15653),(6,24900),(7,4188),(8,27226),(10,23513),(11,11286),(13,29918),(15,3534),(16,18744),(18,7460),(20,14309),(21,6030),(22,18507),(23,26207),(25,14765),(30,20123),(31,9815),(32,15290),(34,4101),(35,16259),(36,23635),(39,30639),(40,14903),(41,18693),(44,5892),(45,29191),(46,16211),(47,29665),(51,23642),(53,23040),(56,16866),(57,16799),(58,26490),(60,4270),(68,17262),(69,11357),(71,9467),(72,23036),(73,15686),(75,1820),(76,16416),(77,29299),(78,29995),(79,25272),(81,23935),(83,26105),(85,23243),(87,6012),(89,14768),(90,5650)]	88.440951
28	[(6,10979),(8,29341),(9,13252),(10,16038),(13,3849),(14,7017),(16,17921),(19,12287),(22,16494),(23,8951),(25,14207),(30,13015),(36,28686),(37,14336),(39,13323),(41,7492),(42,20212),(43,29409),(44,4693),(45,472),(47,29907),(48,11165),(52,24473),(53,8882),(55,2533),(57,4627),(58,30511),(61,4727),(62,5006),(64,17919),(65,2571),(67,30228),(71,25598),(73,19650),(75,3741),(76,18109),(82,10564),(83,13653),(84,527),(88,19054),(91,21580)]	92.810112
29	[(4,15013),(6,14249),(7,3017),(13,15396),(14,20865),(15,7142),(16,11648),(17,28057),(18,3203),(20,7125),(22,19666),(24,22451),(25,12723),(29,29527),(32,22329),(33,27401),(34,30031),(35,15335),(36,19693),(37,6806),(39,8147),(40,21872),(44,16497),(48,14975),(49,9232),(53,25182),(55,12163),(58,20440),(59,17384),(60,21708),(64,16710),(65,16882),(68,24089),(70,25081),(72,28575),(73,6444),(76,806),(77,595),(79,5520),(80,4256),(82,21424),(85,2335),(88,21329),(90,24943),(91,1290),(92,6748)]	84.273383
30	[(2,6336),(3,18343),(4,18960),(5,25379),(7,21993),(9,17104),(12,25976),(13,19990),(14,26829),(16,29590),(19,23827),(21,20643),(23,20761),(24,24009),(28,25298),(29,19204),(33,20594),(35,9518),(36,20612),(37,302),(39,2006),(46,15347),(47,7061),(49,27075),(50,30389),(51,21749),(54,14643),(55,4900),(56,22360),(57,9206),(59,25422),(63,1552),(68,22416),(69,3670),(71,27278),(72,10679),(73,17434),(74,8174),(75,3959),(78,17113),(82,21644),(84,14632),(85,9088),(86,8732),(87,22426),(88,19504),(91,4903)]	85.195249
31	[(2,16799),(4,25676),(6,17581),(7,7783),(9,4400),(13,14063),(14,27307),(20,6702),(22,7248),(26,11701),(27,16151),(28,29729),(29,19827),(30,9715),(34,17210),(36,10054),(38,15722),(39,17975),(43,12540),(47,27917),(48,8775),(49,6208),(50,15053),(51,10591),(52,5301),(53,10329),(55,2164),(57,5558),(59,7499),(68,14461),(73,22222),(75,14830),(76,1385),(77,15894),(80,26332),(81,2416),(83,380),(84,17484),(87,393),(92,12364)]	113.933692
32	[(1,20394),(3,19960),(6,27666),(9,28212),(10,29962),(13,6432),(15,21384),(16,1666),(21,7277),(22,18767),(23,28715),(26,8721),(27,29570),(28,3770),(29,27009),(30,4935),(31,17025),(33,30523),(35,14272),(36,23133),(42,6713),(45,9427),(47,8884),(49,25754),(50,27902),(51,6981),(53,24894),(54,1639),(55,20235),(56,4036),(57,28485),(60,18811),(62,27229),(64,3920),(66,18778),(68,16515),(70,13092),(71,29923),(72,19834),(75,18353),(80,9098),(83,450),(85,152),(86,9328),(89,29489),(90,16328),(91,20175),(92,15751)]	93.316444
33	[(1,12551),(8,17615),(12,8819),(13,2982),(14,17529),(16,18933),(20,19269),(21,24162),(23,29834),(24,880),(25,19836),(26,11223),(28,14904),(30,17150),(31,6049),(32,8031),(33,1873),(34,15158),(37,9009),(38,28282),(39,19635),(40,10361),(44,15951),(45,16033),(46,1714),(47,22740),(48,15830),(50,24824),(53,5212),(55,2846),(56,25187),(58,26351),(59,5829),(60,23674),(61,3707),(67,30102),(68,16174),(73,13926),(75,6166),(77,13230),(79,17280),(80,24404),(83,21664),(85,27495),(88,20254),(91,7669)]	87.174934
34	[(0,10183),(4,2154),(5,66),(14,30093),(20,743),(22,27811),(23,30456),(24,18121),(26,5137),(29,23383),(31,29160),(34,19878),(35,28050),(36,8698),(37,12699),(39,19522),(43,5496),(44,15606),(46,9973),(47,6885),(48,650),(50,4598),(51,3689),(52,2894),(54,27074),(57,12503),(58,27595),(59,1508),(61,6586),(62,6272),(65,20641),(70,23655),(71,3795),(76,26433),(81,19005),(82,18873),(83,5093),(86,9758),(88,27012),(90,5529),(92,28014)]	97.696286
35	[(0,26360),(1,8547),(2,12657),(4,17359),(8,3084),(10,26743),(11,6221),(13,13676),(14,21048),(16,22992),(22,2729),(23,8484),(25,8094),(27,29674),(29,3856),(30,18721),(31,19398),(33,23813),(34,22037),(35,3533),(38,28697),(40,4215),(41,29173),(45,4124),(47,30114),(51,20771),(52,1102),(55,7250),(56,14032),(58,29280),(59,29745),(60,14087),(63,28520),(64,17492),(65,29944),(66,25426),(68,9419),(69,23106),(71,11094),(72,15540),(73,12015),(74,3634),(76,7297),(77,23168),(81,16411),(85,2883),(87,23432),(91,13562),(92,17723)]	99.336523
36	[(2,15096),(3,1049),(6,10737),(13,18698),(16,30395),(17,2204),(18,6645),(20,12474),(21,30164),(22,24612),(23,230),(27,24550),(31,10261),(32,7191),(33,1563),(38,12925),(42,20080),(43,24767),(45,13570),(48,11286),(50,2504),(52,19302),(54,10180),(55,27691),(57,5868),(58,5967),(59,3821),(61,29177),(62,23155),(64,20879),(66,7503),(68,3638),(72,23963),(73,24731),(75,3199),(77,24842),(79,25155),(82,6288),(84,4545),(86,26341),(89,13633)]	91.698255
37	[(4,22987),(6,17112),(7,11359),(9,9838),(10,12323),(11,14176),(14,19746),(19,28340),(20,17112),(22,18932),(23,4718),(25,16671),(27,11595),(30,28604),(31,1797),(37,24635),(38,24508),(40,29130),(42,8855),(43,29144),(45,993),(58,18215),(59,1224),(60,21093),(63,25243),(65,306),(67,7473),(70,29674),(71,26774),(72,22315),(73,9653),(74,21843),(77,9662),(80,30136),(81,14738),(83,12835),(85,5695),(87,18828)]	85.131741
38	[(0,2277),(2,5012),(4,15939),(5,23975),(6,5611),(8,9744),(11,8872),(13,7156),(21,1651),(23,16645),(25,28410),(26,27694),(27,19106),(28,61),(31,19308),(32,10823),(34,9289),(35,22503),(36,22681),(37,27875),(38,29279),(39,11495),(44,7273),(46,14555),(47,8564),(48,10704),(49,21108),(51,27583),(55,1925),(58,9835),(59,28580),(61,8559),(63,11005),(64,7663),(65,20603),(66,3637),(70,6377),(73,27477),(77,10334),(78,17465),(79,8258),(82,20665),(85,13534),(86,14404),(90,21509),(91,5430)]	88.050855
39	[(1,29945),(3,19723),(7,10962),(9,22187),(14,20977),(15,29200),(17,25114),(19,25323),(20,1752),(21,6776),(22,2570),(24,9383),(25,26159),(28,5201),(31,22178),(33,27970),(34,25667),(35,14771),(36,14276),(38,24033),(42,13399),(43,25679),(47,22859),(49,18213),(51,7167),(54,16831),(56,18134),(57,13453),(59,12462),(62,7854),(63,4341),(64,2132),(66,15156),(67,5218),(69,14770),(71,25275),(72,18901),(73,16489),(74,25883),(75,440),(78,13195),(79,13586),(80,4601),(91,8954),(92,4875)]	91.976065
40	[(3,9847),(5,29762),(8,6977),(9,2875),(11,17499),(12,9551),(13,25896),(15,5197),(16,3880),(17,24538),(18,4414),(19,12298),(21,9333),(22,9563),(23,21306),(24,29158),(25,2305),(28,26567),(29,5666),(31,10975),(32,30101),(33,719),(34,15704),(39,23309),(42,17190),(45,239),(46,26290),(48,22128),(49,3727),(50,23128),(51,9367),(52,1593),(53,5468),(54,17612),(55,22470),(57,16564),(58,20158),(60,10586),(63,738),(64,7445),(68,13457),(69,27124),(72,27092),(76,22221),(77,18984),(79,19162),(81,6036),(84,6973),(85,14364),(86,7968),(87,29235),(90,30289)]	83.266792
41	[(3,2325),(7,2058),(8,3567),(9,1385),(10,23262),(11,48),(12,18111),(17,171),(20,23474),(25,15533),(26,2870),(27,7668),(28,8157),(33,20731),(36,19447),(38,25567),(39,8177),(42,21257),(43,2060),(46,13436),(47,12924),(48,17920),(50,20519),(52,7872),(53,12844),(55,19668),(57,17904),(59,18944),(60,7927),(61,23524),(63,24198),(64,10682),(65,11792),(66,21411),(71,17586),(74,9124),(75,24196),(76,7698),(77,2616),(78,2423),(79,3876),(85,15098),(89,26491),(91,29064),(92,9885)]	85.796894
42	[(9,7150),(12,6638),(13,9489),(15,20188),(17,23356),(19,5160),(20,10602),(21,29905),(23,12794),(24,20908),(25,861),(28,19622),(29,14472),(30,1558),(31,20482),(33,3959),(34,21509),(36,16646),(39,22471),(40,17410),(42,20242),(43,7645),(47,25586),(49,20027),(55,26914),(57,30151),(59,9359),(62,24045),(63,29819),(67,30132),(68,4633),(71,839),(75,24008),(79,27813),(80,8097),(83,12446),(85,27875),(86,11598),(88,29813),(90,26040)]	95.769887
43	[(0,21890),(1,19898),(2,29745),(3,19040),(5,5432),(7,15882),(8,4924),(9,1843),(11,9146),(13,23957),(14,11064),(16,16919),(17,5185),(20,16581),(22,26282),(23,18698),(25,15532),(26,26018),(28,1834),(29,8121),(30,27385),(33,21445),(36,5501),(40,9447),(41,16236),(44,13621),(45,3321),(50,21715),(52,11238),(53,25085),(58,33),(59,22569),(60,22559),(61,8167),(63,14557),(64,25809),(66,18853),(69,30419),(70,19642),(72,27896),(75,21361),(76,19795),(78,5848),(84,9582),(86,4530),(87,1387),(91,6411)]	84.394835
44	[(1,23375),(2,8354),(4,12131),(6,28644),(7,10139),(9,29960),(10,29066),(11,9529),(12,12978),(14,11831),(18,29861),(21,1899),(22,20148),(23,25351),(24,6367),(26,23551),(27,23920),(28,1748),(29,552),(30,7501),(31,29282),(35,21031),(36,22308),(40,24880),(43,27370),(45,25259),(47,6979),(49,4629),(50,9845),(51,29254),(52,2358),(55,19751),(56,22096),(60,5722),(61,23336),(63,3608),(64,5109),(67,18550),(68,30325),(71,15588),(72,26447),(73,15304),(75,12848),(77,6639),(78,24821),(80,24248),(82,5566),(85,2003),(91,7512),(92,8822)]	87.985153
45	[(0,24538),(2,5396),(4,8791),(5,8764),(6,30599),(9,1323),(10,1451),(11,11429),(12,13799),(13,20267),(15,17410),(17,21181),(24,22941),(25,8099),(26,16951),(27,24623),(29,29214),(30,17673),(32,5550),(33,4174),(39,2535),(43,26657),(45,6907),(46,1386),(48,16903),(49,20411),(52,4364),(54,29416),(55,26256),(57,29168),(58,25687),(60,9960),(62,4246),(63,5916),(66,26080),(69,402),(71,21552),(72,8921),(75,12045),(77,4835),(78,9923),(82,9546),(83,29685),(84,18333),(85,28762),(87,10972),(88,16918),(89,26782),(90,6067),(91,14228),(92,13495)]	86.371439
46	[(1,25151),(2,18920),(6,254),(9,30603),(12,2454),(14,5102),(20,21819),(23,5436),(25,15120),(26,8517),(27,4419),(28,25386),(31,11033),(32,11866),(34,26111),(36,20910),(39,21851),(40,5229),(44,5858),(46,11584),(47,5565),(49,17107),(51,12879),(53,23428),(54,12894),(55,11976),(56,19114),(59,5748),(61,3192),(62,10426),(65,10792),(70,21761),(72,29147),(73,994),(77,3541),(79,22879),(80,8860),(81,14888),(83,29457),(85,17098)]	106.473059
47	[(2,5506),(3,20614),(5,27773),(9,16797),(19,6684),(24,21076),(25,11261),(27,13628),(28,12367),(29,12848),(33,22519),(35,5847),(37,2668),(38,15711),(42,16132),(45,29866),(46,1519),(47,12353),(48,8302),(49,1168),(51,15749),(56,15088),(57,23658),(59,6195),(61,13049),(62,2751),(63,21220),(65,27382),(66,7197),(68,28584),(69,25357),(71,15350),(72,5403),(74,18532),(76,5364),(77,115),(79,1614),(82,19410),(84,2668),(85,3502),(87,7539),(88,5578),(90,561)]	86.245259
48	[(3,18346),(5,10573),(9,21631),(11,2206),(13,17500),(14,2384),(16,20460),(18,25384),(25,1546),(27,3504),(28,9912),(30,17248),(32,15834),(34,25968),(35,30358),(36,7792),(37,14469),(41,12329),(44,9813),(47,12168),(53,18130),(56,18480),(57,718),(58,9144),(60,13270),(61,14720),(62,23359),(63,1283),(67,21676),(68,24893),(69,7687),(71,28927),(72,5535),(73,23181),(74,10287),(75,5391),(76,27592),(78,29446),(82,23347),(84,6581),(88,14071),(89,17543),(90,28769),(91,2182),(92,29273)]	85.206698
49	[(0,13326),(1,26311),(8,23403),(11,15305),(13,5864),(14,2396),(18,5946),(26,2333),(28,19115),(35,5562),(40,17602),(41,27015),(42,8816),(43,23814),(52,5111),(55,6898),(59,19026),(62,5865),(63,27279),(68,21496),(69,2723),(70,27828),(73,353),(74,4982),(76,22881),(79,12672),(83,19780),(89,14025),(92,18617)]	83.915926
50	[(2,30612),(4,20633),(5,15576),(6,6382),(7,25330),(11,7898),(12,3115),(14,25452),(19,24057),(20,3849),(21,7017),(24,18101),(25,18965),(28,20488),(29,19982),(30,23516),(31,24547),(35,24379),(38,2730),(39,19367),(42,7578),(43,29825),(45,24194),(46,9567),(47,30413),(51,22509),(52,2741),(53,25040),(54,9854),(57,18345),(61,25208),(63,23588),(64,23876),(67,29347),(73,23828),(79,15563),(81,3063),(84,15341),(86,4424),(87,26654),(92,29223)]	83.256547
51	[(3,28524),(4,29768),(6,19130),(7,25413),(9,9483),(11,26112),(15,24455),(17,23317),(18,26385),(21,17495),(22,22966),(23,12344),(24,9381),(26,176),(27,8331),(28,15869),(29,8969),(31,13597),(32,3587),(35,641),(37,26548),(39,8274),(40,14994),(42,13476),(43,15641),(44,15246),(47,9347),(48,23765),(51,14133),(52,6896),(56,21235),(57,1296),(58,9480),(59,14653),(61,24465),(62,26656),(66,15700),(68,22451),(69,12723),(72,19287),(75,12091),(82,9901),(83,16591),(85,29467),(87,12863),(89,12577),(91,26414),(92,2280)]	86.970711
52	[(0,15687),(2,11328),(8,24708),(11,12875),(12,28205),(13,16152),(15,10792),(24,10387),(31,2856),(32,21752),(33,6867),(35,20341),(36,15678),(37,1070),(38,5311),(39,5723),(40,3488),(45,5150),(48,23452),(49,21115),(50,2234),(51,18018),(53,9903),(56,15483),(57,7323),(61,9842),(62,13682),(63,20269),(66,1828),(70,2289),(76,7786),(77,30224),(78,4454),(85,1351),(90,20600),(92,1507)]	87.869289
53	[(0,22749),(2,18563),(3,5549),(4,2193),(6,27761),(7,14106),(9,24383),(10,28163),(11,12068),(15,4290),(16,17318),(18,8193),(20,14031),(22,18326),(24,22479),(28,13755),(30,2282),(33,2379),(35,11498),(36,25089),(37,27596),(38,2064),(39,23528),(40,15479),(41,9067),(42,16139),(44,10471),(45,12306),(49,29950),(50,7954),(51,10531),(61,13485),(63,5672),(67,21875),(68,28534),(71,10918),(72,5625),(73,12668),(78,29138),(82,25624),(83,1725),(84,2447),(85,5027),(86,4136),(89,6244),(92,20550)]	90.996942
54	[(0,27786),(1,8727),(2,2346),(3,3229),(7,1133),(9,14693),(10,22395),(18,17028),(19,16620),(21,26967),(29,11573),(30,27548),(32,30505),(34,25774),(36,25048),(39,11900),(43,30642),(44,27493),(46,20305),(47,12920),(48,27500),(53,23077),(58,28756),(59,16833),(61,6402),(62,11504),(63,8118),(66,24596),(69,6012),(71,19617),(73,9813),(74,27953),(79,11300),(81,12225),(82,14882),(84,20278),(85,12839),(86,27513),(88,28885),(89,4161),(91,13343),(92,23260)]	87.699893
55	[(1,11915),(2,23112),(3,23542),(5,13131),(7,25586),(9,6301),(13,2682),(14,25920),(15,29920),(16,5404),(17,27686),(18,30618),(22,11134),(24,20583),(28,15298),(30,27711),(36,1247),(38,10884),(40,5528),(41,24102),(42,26997),(49,23446),(51,19785),(57,11025),(60,5792),(61,5746),(63,26583),(66,8849),(68,6060),(71,8386),(72,19952),(73,4546),(74,8588),(79,16704),(81,29144),(83,7600),(86,30164),(87,24612),(89,20407),(90,11261)]	147.311616
56	[(1,11681),(6,3325),(7,21160),(10,17523),(11,22999),(12,5126),(19,845),(22,25707),(23,21613),(25,20917),(29,814),(32,25424),(33,4397),(35,8938),(40,7912),(42,12163),(46,2731),(49,26928),(50,28089),(51,17016),(53,10020),(58,28464),(59,29372),(60,16700),(61,1175),(64,3242),(65,18339),(66,27853),(67,4347),(68,14555),(70,24668),(79,11021),(81,4048),(82,25004),(83,22779),(87,17621),(88,22144),(89,18667),(91,7294)]	200.565356
57	[(2,1577),(4,21715),(9,2093),(10,21110),(12,10236),(17,9831),(18,8837),(19,27771),(20,18272),(22,1535),(26,16439),(28,25945),(29,433),(30,20377),(31,29035),(32,21304),(33,28483),(35,19317),(37,11482),(42,10233),(43,864),(44,22913),(45,4145),(49,26744),(53,1249),(56,14312),(58,6025),(59,10575),(60,3116),(61,21522),(64,28884),(67,5065),(69,10249),(71,14315),(73,8235),(76,18230),(80,20450),(81,18516),(83,24729),(85,9891),(86,4021),(87,3872),(92,27379)]	185.940436
58	[(5,30118),(6,18407),(9,26474),(10,25),(11,7375),(12,16739),(14,21945),(17,13679),(19,15632),(24,24867),(25,29342),(26,9941),(27,11883),(28,19229),(29,24229),(36,30556),(37,19633),(39,5172),(40,28634),(41,5664),(42,7525),(45,29368),(46,9616),(47,5542),(48,8157),(49,19894),(50,24426),(56,27726),(58,22059),(59,2711),(62,29098),(67,15063),(68,18733),(69,28122),(74,28884),(75,12371),(76,8738),(78,9927),(79,12315),(80,10004),(84,16646),(87,26789),(92,7386)]	186.067043
59	[(0,17898),(1,280),(5,9480),(8,26147),(9,26897),(10,23534),(11,5186),(12,305),(14,24261),(20,15281),(21,14219),(22,3937),(23,14461),(25,29610),(29,5686),(33,27749),(34,26315),(37,30117),(41,21754),(47,29000),(49,29278),(51,29271),(55,14556),(56,6384),(57,10820),(58,10250),(60,27425),(61,3844),(66,17931),(68,5608),(69,28882),(78,6092),(81,28265),(83,6061),(84,395),(85,29931),(87,12524),(88,25779),(90,6604),(91,15864)]	177.737476
60	[(3,17365),(6,8094),(8,29674),(9,26774),(10,15003),(11,7253),(13,5744),(15,11658),(18,21242),(19,7138),(20,6796),(24,1874),(25,2669),(32,22127),(34,29636),(39,8594),(44,25227),(45,27921),(47,187),(52,1826),(57,17646),(58,3261),(59,8086),(61,1452),(62,29623),(63,27886),(65,6545),(66,27096),(67,6587),(70,25707),(71,21613),(72,3173),(74,5558),(76,7499),(78,762),(79,12814),(80,29772),(81,486),(83,1531),(85,19431),(87,20547),(88,1170),(90,15718),(91,25734)]	178.905268
61	[(1,6055),(3,28874),(4,9693),(6,3878),(7,21785),(8,21443),(9,9047),(11,12087),(12,13745),(14,28932),(15,11386),(22,25520),(23,5629),(27,24044),(29,16567),(30,569),(33,12667),(35,5530),(37,4665),(38,26453),(41,2087),(42,18446),(43,27694),(44,19106),(45,29880),(46,3943),(49,25145),(50,12331),(51,24802),(52,23637),(54,12223),(55,6790),(56,15675),(57,2607),(60,10469),(61,22512),(62,2007),(65,17817),(71,18603),(73,236),(76,2745),(79,11550),(82,20201),(83,1129),(86,12373)]	178.823769
62	[(2,3003),(5,24437),(6,543),(8,24865),(11,6908),(12,15493),(16,17979),(18,8962),(19,28950),(20,1707),(21,5228),(22,19787),(28,26043),(31,18081),(34,28688),(35,3425),(36,7443),(38,17932),(39,13914),(40,14710),(41,20767),(44,29013),(46,13812),(48,24346),(49,23421),(50,1836),(51,19285),(52,4297),(53,24637),(54,21465),(55,27033),(56,29161),(57,11913),(58,14765),(59,4087),(60,22536),(61,20737),(63,7588),(68,9085),(69,17289),(70,629),(71,11751),(72,6222),(74,28545),(77,18078),(79,18440),(82,4493),(84,13630),(86,23593),(91,8945),(92,24395)]	210.095810
63	[(2,13170),(6,8269),(8,22061),(10,20821),(11,15455),(13,7118),(18,3732),(19,26858),(20,23442),(25,20221),(26,1578),(27,4912),(28,13689),(29,26574),(31,16636),(35,1657),(36,25405),(37,5313),(38,27895),(40,29481),(42,14147),(43,10889),(45,28812),(48,15513),(55,21207),(56,6567),(59,4157),(61,20033),(63,25308),(64,14786),(67,2605),(68,2227),(69,6093),(70,28822),(71,17016),(75,25551),(78,26271),(80,23252),(82,24995),(86,7491),(88,3312),(89,23320),(92,9923)]	194.675758
64	[(3,16715),(4,1807),(5,25233),(6,19443),(7,7476),(10,29956),(11,51),(15,24306),(16,24941),(17,4673),(18,2161),(20,22446),(24,2961),(27,5456),(29,23574),(35,15921),(37,29486),(40,10149),(42,1926),(44,16887),(50,29961),(55,9734),(56,21557),(59,17331),(60,1157),(61,27506),(62,16051),(65,14654),(67,21492),(70,18959),(71,873),(72,19736),(73,8621),(76,6151),(77,19966),(80,10705),(81,7384),(83,1383),(84,7203),(86,10334),(88,5587),(90,2394)]	191.136283
65	[(1,10481),(3,27349),(4,12855),(9,4919),(11,25523),(12,9642),(16,10283),(21,29641),(23,7180),(25,5491),(26,28928),(28,24426),(29,24253),(30,28141),(32,13525),(33,24712),(35,1213),(36,25262),(37,5009),(39,18165),(40,11115),(41,21092),(48,15563),(51,6997),(55,14162),(56,17698),(57,23677),(58,19383),(61,16615),(63,24887),(66,10845),(68,12959),(71,6213),(72,24062),(74,11348),(75,9319),(76,12357),(78,2941),(82,4723),(83,25164),(84,19529),(86,2617),(92,4046)]	182.657619
66	[(0,25805),(6,26311),(8,4949),(9,27836),(10,16003),(12,11189),(13,11377),(14,25302),(15,16813),(17,777),(18,27440),(19,11434),(20,22975),(22,15241),(23,17899),(24,3303),(25,2677),(26,8493),(29,22420),(33,17053),(34,9588),(35,28407),(38,5069),(41,22755),(42,11200),(46,6836),(49,22262),(50,3098),(52,20175),(53,11991),(55,20896),(58,5547),(59,21517),(61,26323),(63,22162),(64,27151),(66,16621),(67,180),(68,11272),(69,27760),(72,8752),(74,9675),(75,21927),(77,3490),(78,21909),(79,2644),(80,24224),(87,24322),(88,20875),(90,17720),(91,29543)]	176.800002
67	[(2,19104),(3,6228),(4,17840),(8,7563),(10,14477),(11,20425),(14,2841),(22,24668),(26,2236),(27,2830),(28,5927),(29,26730),(30,3326),(31,10548),(33,22125),(34,23178),(40,5534),(42,24231),(43,4591),(45,518),(46,4172),(48,4830),(52,19387),(54,3678),(56,12943),(57,26924),(59,25126),(60,5941),(69,17754),(70,5036),(71,4511),(74,28883),(75,18208),(76,24636),(77,14682),(80,18088),(81,4622),(88,11132)]	184.222471
68	[(4,7140),(6,5276),(7,16827),(8,22190),(9,21925),(10,8529),(12,24371),(15,25102),(19,6764),(20,15603),(23,2215),(26,5492),(27,3362),(29,2737),(31,2899),(33,14407),(36,14008),(37,62),(38,20878),(42,4665),(47,20053),(50,21265),(54,26134),(57,597),(58,5775),(59,10142),(60,1645),(61,23388),(62,17457),(66,20407),(73,28508),(76,19385),(78,27730),(80,8034),(83,19800),(84,20425),(88,3847),(91,11048),(92,14449)]	212.432997
69	[(0,6298),(4,6620),(9,6775),(13,25515),(17,24299),(18,14216),(24,21352),(25,4971),(26,995),(27,1564),(31,19192),(34,25027),(35,18070),(36,3992),(37,10273),(44,16767),(45,13382),(46,25698),(49,27034),(51,24012),(52,26521),(55,3778),(60,5190),(66,30191),(68,6155),(69,29997),(70,4218),(71,21791),(72,6452),(73,25889),(74,6181),(78,24210),(79,2418),(82,25250),(85,17086),(86,30287),(88,26854),(89,25099),(90,12809),(91,12224)]	189.564858
70	[(0,23707),(1,4529),(2,12176),(3,27923),(5,1262),(7,22712),(9,12640),(11,14133),(16,9704),(19,28048),(22,14332),(25,28177),(26,6966),(28,16744),(29,8583),(37,2902),(38,9482),(41,12703),(42,1032),(44,10523),(45,16070),(46,23815),(49,6787),(52,29252),(53,12906),(54,28415),(58,274),(59,730),(64,1735),(65,2518),(66,2462),(67,6177),(69,1263),(74,26982),(78,23183),(80,21819),(81,9176),(86,1969),(88,23879)]	189.516787
71	[(1,14232),(2,2043),(3,13766),(8,25177),(9,841),(11,13829),(16,18521),(17,2343),(22,3289),(27,10476),(28,2508),(29,23586),(30,25702),(31,15336),(32,18813),(35,4651),(37,8673),(38,28141),(42,20592),(43,3016),(45,8309),(46,14396),(47,344),(48,19888),(49,18302),(53,20531),(54,14003),(56,28823),(57,24901),(59,22671),(61,19701),(62,17015),(63,20197),(64,20756),(67,27814),(69,15919),(71,5434),(73,22223),(78,22214),(79,3180),(80,13085),(81,2444),(82,19420),(85,15934),(86,10528),(87,8817),(89,22068),(90,28163),(91,30556),(92,19633)]	202.228535
72	[(1,13243),(4,4771),(7,16329),(8,30313),(11,10472),(12,6015),(14,20361),(15,29276),(16,27028),(17,1361),(20,16784),(22,6061),(24,21459),(26,14224),(28,15720),(29,26512),(31,16073),(36,30232),(38,17386),(40,4422),(41,22948),(43,6922),(44,2456),(45,25590),(46,28699),(48,21882),(51,20863),(52,26886),(53,24594),(54,558),(55,6444),(56,4500),(57,18095),(60,15026),(61,29919),(66,28493),(68,26772),(71,4712),(72,9197),(73,11280),(75,4807),(76,25627),(77,19097),(78,9455),(79,11995),(81,30520),(83,13651),(86,10345),(87,4403),(88,9408),(89,19659)]	211.047424
73	[(2,3998),(5,10986),(6,15321),(8,22903),(9,21979),(11,25680),(12,6908),(13,77),(14,8730),(15,18605),(16,7024),(21,12518),(23,20210),(27,5668),(34,7008),(35,15774),(40,29998),(44,19880),(46,18824),(50,1986),(51,18226),(52,2584),(57,20526),(58,10308),(61,10283),(64,29425),(66,27024),(67,19321),(70,23207),(71,8858),(72,23561),(76,3623),(77,9820),(79,22291),(80,13764),(81,6065),(82,7337),(86,13965),(87,17526),(88,10609),(89,1568),(91,7360)]	217.724365
74	[(0,25635),(1,24873),(2,25964),(6,2697),(7,11380),(9,27127),(10,6762),(13,1263),(16,25078),(21,24148),(23,17737),(25,19198),(30,480),(31,18360),(32,15048),(33,16814),(34,822),(35,13187),(36,29253),(38,28432),(39,6858),(44,4902),(46,870),(48,8698),(49,22260),(50,25702),(51,15336),(52,18813),(54,10663),(55,7903),(56,13802),(57,4250),(58,15573),(60,23661),(66,13789),(68,8076),(71,26798),(78,11643),(79,18094),(81,21770),(82,13612),(83,2021),(86,11741),(89,19362),(90,25459),(91,28698)]	161.159136
75	[(0,11259),(1,1276),(2,8991),(3,25417),(5,6419),(6,11262),(7,12388),(10,10082),(15,22008),(16,3070),(20,25735),(21,24471),(23,10436),(24,11478),(26,27910),(28,25526),(38,15821),(39,24112),(44,16080),(45,28012),(47,19746),(53,26066),(54,8452),(56,14028),(57,26477),(58,2980),(59,19905),(60,23406),(62,30433),(63,21270),(67,16836),(68,24138),(69,21204),(70,6243),(71,6516),(75,4782),(78,7700),(79,18611),(80,30227),(83,27855),(85,16456),(87,14689),(90,10622)]	90.666775
76	[(1,20399),(3,7278),(6,29369),(7,13225),(11,6181),(18,21814),(19,7461),(20,12213),(25,14924),(26,30358),(27,11937),(31,4509),(36,14388),(37,75),(41,4849),(43,331),(44,17444),(45,3710),(46,21499),(47,8577),(48,8288),(49,16697),(56,27265),(57,589),(58,3619),(59,21933),(64,1834),(67,12464),(71,25092),(72,30249),(75,11358),(76,16698),(78,6509),(83,21994),(84,18257),(86,10542),(87,20480),(88,22723),(92,20663)]	97.822645
77	[(0,11081),(2,8614),(3,25648),(4,2553),(5,12897),(7,25943),(9,24760),(13,8381),(17,1747),(21,7936),(24,18002),(25,23024),(26,22870),(32,2979),(34,14887),(36,24253),(40,12689),(43,30527),(44,27780),(45,3225),(48,2628),(49,11193),(50,14441),(52,11439),(56,8412),(57,10818),(58,21474),(60,6659),(61,1157),(64,14473),(65,9411),(67,30048),(73,12148),(74,3993),(76,13871),(77,13044),(78,24731),(79,14217),(83,5679),(85,29399),(88,18299),(89,25182),(90,27908)]	89.889853
78	[(0,13183),(3,497),(8,7690),(10,10730),(12,24388),(17,24305),(21,27857),(23,15812),(24,13017),(25,7523),(26,29458),(28,10160),(31,27017),(32,23081),(33,18103),(34,13518),(36,6416),(37,23166),(38,28418),(41,29852),(42,9387),(45,29419),(48,12552),(50,1943),(55,5046),(58,29026),(59,23153),(60,15080),(62,27555),(63,27045),(65,10721),(66,13377),(67,22295),(71,12817),(73,22982),(74,16924),(76,14802),(78,15983),(80,8641),(84,3183),(86,25140),(87,687),(90,2323),(92,14373)]	90.218164
79	[(0,27906),(2,9234),(3,11223),(5,22068),(6,28163),(9,1061),(10,30049),(14,24314),(17,5285),(18,121),(20,11773),(21,26468),(22,1222),(25,17809),(26,24025),(29,22653),(32,8534),(38,3362),(39,15049),(42,30115),(44,22529),(46,30620),(47,740),(50,26060),(55,29025),(56,7874),(64,5785),(65,18321),(66,28261),(72,11405),(73,21869),(74,12780),(75,28653),(76,2019),(80,15307),(85,23924),(86,14692),(92,19387)]	93.505511
80	[(2,23458),(8,19267),(10,11763),(11,8121),(12,27385),(17,5820),(18,8863),(19,21070),(20,8262),(26,24696),(29,18968),(32,12785),(34,13547),(36,3145),(40,26328),(45,9964),(46,6710),(49,4642),(50,10167),(56,12765),(58,26159),(60,1931),(65,21886),(66,6297),(67,27668),(70,1627),(73,29557),(75,269),(76,15702),(80,4754),(81,13426),(82,16800),(84,23260),(86,29600),(87,30512),(88,17261),(89,27335)]	89.061631
81	[(0,17125),(1,19725),(2,18310),(3,20587),(5,20759),(6,19068),(7,16112),(8,25995),(9,20503),(12,1420),(13,21229),(18,2540),(19,23158),(20,20749),(21,24396),(24,26861),(29,9999),(32,20004),(34,15230),(37,15362),(38,9091),(39,26425),(40,23473),(41,14416),(44,28768),(46,11853),(47,19884),(49,14858),(51,21325),(52,7177),(53,24076),(57,14308),(58,26382),(60,15009),(64,28868),(65,16096),(70,1058),(75,19995),(79,3674),(82,21315),(84,11081),(86,29365),(88,14634),(91,22234)]	93.426720
82	[(0,10517),(1,19317),(2,25948),(4,6327),(5,21069),(6,22420),(10,11191),(12,988),(13,17377),(15,1213),(16,25262),(24,29940),(27,25169),(28,8326),(31,9880),(36,6559),(38,24982),(39,11561),(40,2891),(41,20783),(42,19625),(44,5616),(45,5395),(47,5119),(48,9023),(52,622),(55,29517),(57,27461),(68,14780),(72,16324),(73,15149),(74,6883),(76,27302),(79,15574),(84,21102),(86,16796),(88,7312),(91,20174),(92,529)]	87.524846
83	[(2,10786),(3,26695),(4,10104),(10,19466),(14,264),(15,29204),(17,25996),(19,2050),(20,24635),(22,21859),(23,15211),(24,24864),(25,17281),(30,27602),(31,12690),(33,19248),(34,9665),(38,2902),(40,9780),(41,21183),(43,14097),(44,1117),(45,2064),(47,10249),(48,11997),(49,24526),(51,25581),(63,3106),(64,7020),(68,14936),(69,7194),(70,29479),(73,27597),(77,27234),(78,20323),(80,19065),(81,20851),(83,14827),(85,7661),(87,23396),(89,30372),(90,24235),(91,28187)]	86.702215
84	[(0,27377),(4,29788),(5,9987),(6,18275),(7,12206),(8,13312),(10,10300),(12,5662),(14,24247),(15,4624),(16,14828),(17,108),(19,4035),(21,11279),(22,7745),(23,4146),(24,13843),(27,19533),(31,14544),(34,28005),(40,7784),(42,8819),(43,2982),(44,17529),(46,14425),(47,20832),(51,17304),(52,24387),(55,18582),(56,15907),(57,115),(58,7549),(59,27538),(60,9247),(64,27294),(65,29306),(66,9639),(70,19659),(73,15061),(75,25056),(76,30248),(80,23371),(83,13138),(84,12438),(87,11400),(89,28025),(92,14403)]	112.091554
85	[(0,17250),(1,14285),(2,18469),(5,4462),(6,22696),(7,5692),(9,4819),(10,9842),(20,6682),(22,18313),(23,2584),(26,2642),(27,16123),(31,15709),(32,13394),(33,489),(34,21077),(35,13329),(36,21474),(37,6072),(41,17478),(43,11641),(45,1841),(50,12089),(52,18280),(54,29938),(55,20828),(58,6817),(60,10945),(61,6862),(64,3508),(65,18416),(68,12900),(69,30206),(72,20684),(75,4928),(77,15481),(78,15737),(79,15865),(84,5927),(85,15693),(91,28130),(92,82)]	86.025621
86	[(7,25955),(16,30301),(18,25523),(19,9642),(21,7878),(22,12528),(27,10648),(28,260),(29,17073),(31,16813),(35,3879),(36,3431),(37,17790),(39,2582),(42,12937),(43,29183),(44,15987),(47,29205),(49,22536),(50,20737),(52,22401),(53,19575),(54,20633),(60,11122),(61,26366),(65,4580),(68,20505),(69,2942),(70,26251),(73,5169),(78,25878),(79,7464),(83,16581),(84,6702),(85,6582),(86,8576),(87,22069),(88,16641),(89,14470),(90,27787),(91,16972),(92,14150)]	84.881956
87	[(0,16044),(1,22867),(2,24307),(4,4436),(5,13013),(7,12974),(9,5413),(11,27351),(15,370),(17,8127),(18,27179),(20,22205),(23,23709),(25,6989),(27,4791),(28,7074),(29,6017),(30,26446),(32,20508),(33,20001),(35,4823),(40,27012),(44,3440),(46,16133),(47,29927),(49,26879),(50,19240),(51,9367),(52,1593),(55,13471),(57,19330),(60,2557),(62,14263),(64,8121),(66,4446),(68,3554),(69,22555),(72,13367),(77,14307),(80,14866),(81,2634),(82,12624),(84,631),(85,7812),(86,3136),(89,12047),(91,28633)]	94.508589
88	[(2,417),(5,27259),(6,348),(7,20557),(8,10747),(9,20482),(10,28973),(11,20824),(12,15770),(13,13895),(14,17988),(15,24311),(17,3449),(18,30081),(19,11583),(20,6164),(22,14771),(23,5261),(25,28853),(31,30326),(33,20083),(34,16851),(36,150),(37,30425),(38,28038),(39,14832),(42,23053),(43,11293),(46,21342),(50,10496),(51,1815),(52,22263),(53,30532),(54,5108),(59,4524),(63,24696),(64,852),(66,17956),(68,20033),(70,24830),(71,2243),(72,28131),(75,5501),(78,25014),(79,6068),(81,17206),(85,15283),(87,10846),(89,12823),(90,19178)]	86.731030
89	[(0,17914),(3,29028),(5,30491),(6,21050),(9,1970),(10,20810),(11,986),(12,14595),(13,17610),(14,27168),(17,3384),(18,4303),(19,28322),(22,27076),(23,11020),(24,16686),(25,16043),(26,22031),(27,12966),(41,26692),(44,12354),(45,24685),(48,26255),(51,12502),(53,1345),(59,12324),(60,1921),(63,17822),(68,17483),(69,26429),(70,25543),(76,27843),(77,21938),(79,20468),(81,7934),(83,4121),(84,11924),(85,25600),(86,618),(89,8893),(90,9458),(91,5641),(92,26703)]	83.494814
90	[(2,2151),(3,12204),(6,8231),(11,2137),(13,6171),(15,22811),(16,20939),(21,5323),(23,259),(27,11),(28,17242),(29,23715),(30,22292),(32,6934),(36,9838),(38,20699),(41,24541),(44,21029),(45,7350),(48,23444),(50,14510),(54,8749),(55,14070),(57,11415),(60,3114),(61,9031),(64,16907),(69,7158),(70,21409),(71,17447),(72,29541),(75,12609),(79,25483),(81,21675),(84,20063),(85,7462),(86,16116),(92,18010)]	83.051433
91	[(0,4288),(2,9753),(3,23319),(5,27891),(6,428),(9,1383),(10,7203),(12,10334),(15,9788),(24,23052),(26,18721),(27,19398),(28,6300),(31,1240),(32,21537),(34,2405),(36,25732),(38,6979),(39,2251),(41,4457),(48,28649),(49,13206),(50,7005),(51,17882),(53,27337),(56,28254),(58,12661),(59,23071),(60,4222),(63,8743),(65,14167),(69,12908),(70,14945),(71,22720),(73,22956),(79,25095),(80,8724),(81,16184),(84,5522),(85,22113),(86,14238),(88,13316),(89,26609),(91,19253)]	86.974419
92	[(0,21760),(4,4870),(7,21084),(10,3181),(12,960),(13,11609),(14,11030),(16,7079),(21,29341),(22,13252),(26,5553),(29,13592),(33,11343),(36,19424),(37,29970),(41,18484),(46,28743),(49,18799),(52,21663),(54,14254),(55,19637),(56,7183),(60,19946),(61,8824),(63,3295),(64,28520),(65,17492),(66,25496),(67,12461),(70,28064),(73,4477),(76,19754),(77,16137),(78,17919),(80,12114),(81,124),(87,9357),(88,26069),(90,3859)]	89.713437
93	[(2,25609),(9,2648),(10,8353),(12,10585),(15,25758),(16,25498),(19,1250),(21,24776),(23,15527),(25,11112),(26,8899),(28,27891),(29,14823),(30,5150),(37,26093),(39,12582),(43,13158),(51,29898),(52,23778),(53,15630),(54,7947),(55,7396),(56,18511),(57,28605),(61,17638),(63,16404),(66,20756),(68,9828),(69,25884),(70,24502),(71,3037),(74,2002),(75,29780),(77,2357),(78,16429),(79,22923),(81,28028),(82,5301),(84,19816),(86,13710),(87,8042),(89,10957)]	87.499100
94	[(0,25796),(2,29973),(3,27306),(4,4771),(7,16064),(8,18540),(11,16186),(12,29298),(14,21667),(15,28311),(16,20578),(17,11943),(18,15371),(22,12812),(23,21001),(26,26055),(29,10112),(31,28744),(33,5097),(34,17561),(36,29206),(37,6600),(38,14365),(40,5885),(44,507),(45,4382),(47,28277),(48,1552),(50,6778),(51,22583),(52,14392),(55,6871),(60,19714),(61,1347),(63,14876),(65,8588),(68,17861),(69,4139),(70,8631),(71,26299),(72,13484),(73,29922),(74,17712),(75,8130),(77,6370),(80,6451),(86,15601),(87,22464),(88,25099),(90,23257),(91,16106),(92,6327)]	86.784960
95	[(0,10634),(1,26732),(2,1579),(3,1835),(4,3433),(5,6375),(8,13006),(10,19),(11,29797),(12,4727),(13,8289),(18,24811),(19,11835),(21,4961),(23,21525),(26,2266),(29,15356),(30,16603),(32,10285),(33,27331),(36,19675),(38,13627),(43,27783),(45,17235),(46,6365),(47,20920),(50,16610),(52,14419),(53,16525),(54,1684),(55,26147),(56,26897),(57,23534),(58,14359),(61,28558),(63,25802),(66,3371),(68,6333),(70,22484),(71,16090),(72,12940),(73,28235),(75,668),(77,13730),(78,21727),(80,20398),(82,16507),(86,8965),(87,23600),(88,25685),(89,10136),(90,28518)]	94.609335
96	[(0,24765),(10,15584),(11,14872),(21,1298),(23,13317),(25,19783),(28,1469),(32,18775),(33,5329),(34,10103),(37,29800),(38,17142),(41,4368),(44,5444),(45,10643),(48,11282),(53,1753),(54,27639),(56,25972),(58,18373),(65,13982),(66,24205),(70,8530),(72,6392),(73,25867),(76,3949),(77,22031),(79,29489),(80,20243),(83,16752),(84,5181),(86,11451),(87,26255),(89,30028),(90,11440),(92,25545)]	97.852865
97	[(1,12889),(2,16649),(3,1555),(4,3828),(5,25358),(8,16863),(10,6118),(11,5607),(12,7748),(14,5145),(17,14275),(18,11020),(21,24581),(22,8660),(25,25224),(27,24301),(33,11104),(34,15289),(36,18768),(37,12465),(38,14354),(39,3053),(44,25653),(45,11636),(46,18136),(47,17886),(48,3258),(51,28558),(53,12257),(55,3741),(56,18109),(58,15165),(60,23685),(62,6157),(63,21903),(64,26258),(65,21569),(68,18650),(69,17441),(72,9624),(73,16705),(76,5076),(78,11614),(83,16854),(84,12055),(85,13735),(90,21699),(91,19939)]	85.360978
98	[(1,11708),(8,9318),(10,11868),(11,28762),(13,22717),(16,11742),(17,21628),(20,2592),(22,1588),(27,30471),(28,25296),(30,21218),(31,1461),(33,26170),(35,6430),(38,15875),(39,18757),(40,12275),(41,18980),(43,29118),(45,11219),(46,27462),(49,22162),(55,23184),(57,6258),(59,18273),(60,14617),(61,5468),(65,22137),(67,24034),(68,8420),(69,17236),(70,6625),(71,15022),(73,21455),(79,8421),(80,8820),(81,19707),(82,13703),(84,10133),(88,29210)]	91.368868
99	[(0,14303),(2,23926),(5,11053),(6,5028),(9,14289),(10,28831),(12,29536),(13,27956),(14,20985),(15,6052),(16,30173),(19,15097),(21,20827),(23,9622),(26,29983),(27,4762),(28,7970),(31,24732),(32,4653),(33,19360),(34,14257),(38,19125),(40,13181),(43,8923),(44,24407),(45,12731),(47,30028),(48,11440),(51,3863),(60,25006),(61,1525),(62,10783),(63,1546),(65,11959),(68,23273),(70,20245),(74,18486),(76,16702),(77,1926),(78,304),(80,4562),(83,4464),(86,12766),(87,7619),(88,3906),(90,2605)]	85.562661
100	[(1,4070),(2,1008),(3,11311),(11,30605),(12,14361),(15,13847),(18,25118),(19,9212),(21,19553),(22,9007),(23,27461),(25,23717),(27,18953),(28,25037),(32,3724),(34,9200),(43,6237),(44,22843),(45,18237),(46,19499),(47,23658),(49,10352),(59,15819),(60,16215),(61,11024),(62,30286),(70,23432),(77,29027),(78,27414),(80,3962),(82,16048),(84,12689),(88,13604),(90,13036),(92,18497)]	86.911286
101	[(0,10338),(2,21104),(4,7571),(5,7121),(6,2427),(7,24919),(9,11313),(10,17516),(12,26446),(13,18817),(14,10833),(16,24208),(17,28511),(21,18576),(23,28507),(25,3181),(28,4436),(33,18361),(36,28983),(37,1216),(39,4954),(42,100),(44,7253),(45,7879),(47,2645),(50,22656),(52,26953),(54,16678),(58,9518),(59,20612),(60,6775),(62,21936),(64,20191),(65,22173),(68,10908),(71,18545),(72,20447),(74,18233),(75,23394),(76,12154),(79,4822),(81,24711),(82,8949),(84,9823),(85,6419),(90,3970),(91,10749),(92,2008)]	86.908691
102	[(5,12152),(6,21605),(7,23241),(8,18520),(10,13898),(13,6965),(16,19863),(17,4525),(18,29959),(19,1784),(20,19076),(22,18162),(23,1241),(24,4435),(25,11113),(27,21606),(33,11144),(35,21879),(36,322),(38,1513),(43,17501),(45,1197),(46,20593),(47,26476),(49,25878),(50,692),(51,22277),(52,10621),(55,22237),(56,11918),(57,18830),(58,21873),(60,23174),(61,6346),(63,4424),(65,9049),(66,7152),(68,28637),(69,6245),(73,3196),(74,6206),(75,10584),(76,4785),(79,21914),(82,19681),(84,822),(85,12101),(87,15177),(88,12154),(92,25739)]	94.080274
103	[(2,26870),(3,5743),(5,16485),(7,13813),(8,6572),(9,25225),(12,16484),(14,23732),(15,16831),(18,14455),(19,4187),(24,23776),(26,1988),(32,14505),(35,21385),(38,18388),(47,26035),(49,19862),(50,6588),(61,16948),(62,26492),(63,7757),(65,159),(66,2550),(73,9977),(75,7310),(78,8085),(84,22809),(85,29822),(86,10984),(87,179),(88,17157),(89,21718),(91,5399)]	83.894716
104	[(0,22504),(1,30171),(2,21779),(5,6479),(6,11361),(9,20206),(10,23356),(13,9345),(17,16497),(19,1638),(20,28868),(21,9243),(22,14942),(23,10507),(24,19615),(26,9914),(28,30379),(29,24777),(30,2127),(32,27521),(34,24014),(35,662),(37,20779),(39,26392),(41,143),(44,23787),(46,13362),(47,24247),(48,4624),(49,10713),(52,12290),(54,17313),(57,26178),(58,19952),(60,18158),(62,14135),(65,20131),(67,29058),(68,15715),(69,9946),(70,1115),(71,12693),(77,10238),(78,19654),(79,16533),(80,7836),(86,311),(87,30604),(90,677),(91,127)]	84.893188
105	[(0,4660),(3,1914),(8,7515),(9,23596),(10,8733),(11,16079),(13,20666),(14,15265),(15,23901),(17,7147),(18,2397),(23,27522),(24,25630),(27,382),(29,16143),(31,8967),(32,6004),(35,4298),(37,15753),(39,2763),(40,3917),(42,17909),(43,6565),(44,23408),(46,12808),(47,8512),(49,17862),(50,11857),(54,18296),(57,27311),(58,16422),(60,28007),(62,424),(64,22826),(65,3916),(67,16447),(70,23342),(75,30594),(78,15724),(83,13744),(85,11566),(88,1768),(90,2524),(91,11302),(92,29238)]	86.294355
106	[(0,23432),(4,25591),(7,29543),(8,2197),(9,24240),(12,21479),(13,6512),(14,29358),(26,24365),(27,1534),(32,30087),(34,17602),(43,7644),(48,2990),(50,6872),(51,9537),(54,25371),(58,26908),(60,16587),(63,8518),(64,8422),(66,28769),(67,2182),(68,29273),(70,17600),(71,25046),(72,4109),(80,28153),(82,6756),(86,14827),(88,12888),(91,14034),(92,3692)]	86.450130
107	[(1,22657),(3,4459),(4,26641),(7,13237),(9,2729),(10,5673),(12,8787),(13,15952),(14,25299),(16,6124),(17,5538),(19,11208),(20,23497),(21,19391),(22,6183),(23,16049),(25,12184),(27,22771),(32,19366),(33,23110),(34,25675),(36,1147),(39,8462),(41,4279),(42,21534),(44,19526),(45,29547),(46,12505),(47,19730),(50,23071),(55,18936),(60,9769),(61,26047),(64,19916),(66,15563),(71,29145),(72,22465),(76,3730),(77,9598),(80,28713),(81,18462),(82,10145),(84,6678)]	108.714475
108	[(1,27632),(2,1406),(6,18623),(7,11321),(10,20447),(11,18341),(13,18214),(14,29235),(16,19137),(18,3915),(20,13949),(23,8437),(26,734),(27,14951),(29,26229),(31,21404),(32,7998),(35,24692),(37,12543),(38,24072),(40,11106),(41,6772),(43,7721),(44,1870),(46,8048),(50,15355),(51,3916),(53,16447),(54,8757),(59,21165),(62,15000),(65,22284),(66,6026),(67,16243),(70,6053),(71,7796),(78,9173),(79,9529),(80,12978),(83,845),(86,7801),(87,23938),(89,6636),(91,5055)]	83.899824
109	[(4,1869),(7,23428),(8,3108),(11,25253),(13,204),(14,2480),(16,19045),(17,29464),(18,4931),(20,20280),(21,16574),(22,1993),(26,9490),(27,1080),(28,11016),(31,13189),(33,22565),(34,9030),(37,6551),(38,5075),(40,22421),(41,21172),(42,2858),(43,14179),(46,8433),(49,18397),(51,15601),(53,9884),(54,22993),(55,3073),(56,10203),(57,7551),(58,20365),(62,1735),(65,13261),(66,22173),(67,28810),(68,25584),(69,10240),(74,14682),(78,16744),(81,17106),(83,10106),(88,24010),(89,30019)]	91.810602
110	[(3,18923),(4,16454),(7,10283),(9,1018),(12,6510),(14,16621),(15,180),(16,24570),(20,9630),(22,7194),(23,7391),(26,23134),(27,27437),(28,12649),(34,17134),(36,15589),(37,7189),(44,20528),(46,22284),(47,6026),(48,13211),(49,98),(50,25070),(53,1266),(54,26186),(57,1677),(60,8621),(61,7150),(62,2050),(63,24635),(64,5106),(67,21387),(71,8465),(72,28470),(75,6909),(76,25077),(77,18252),(78,35),(81,30044),(82,22815),(83,17999),(84,29638),(86,370),(89,16253),(91,6892)]	87.041484
111	[(2,21751),(8,18465),(9,20303),(12,24807),(13,10927),(17,25205),(18,10176),(20,4740),(24,30138),(25,2966),(30,9508),(32,14528),(33,12703),(36,16622),(37,28891),(41,22450),(42,27291),(44,2057),(45,1792),(46,21372),(47,19622),(48,14472),(49,29691),(50,10752),(51,1596),(52,24500),(53,17167),(54,29010),(56,20154),(57,10034),(59,7336),(60,11277),(61,6420),(63,2094),(64,10778),(66,6188),(67,3501),(69,13094),(70,17957),(71,15411),(72,10349),(73,15629),(79,7449),(82,4999),(83,14711),(84,7001),(87,24856),(89,26374),(92,24193)]	85.076337
112	[(0,3122),(2,14646),(3,20364),(5,3093),(8,22404),(12,25772),(14,30172),(15,22978),(17,7366),(20,23439),(21,4703),(23,6506),(26,1571),(28,7940),(32,26366),(34,29403),(36,2441),(39,18362),(43,26495),(47,23415),(48,17741),(49,23376),(51,100),(55,11219),(56,6916),(57,16097),(61,19047),(62,14099),(64,2266),(66,27684),(69,17554),(70,11273),(71,29244),(73,22444),(74,11698),(75,9880),(76,19680),(77,9617),(78,4275),(79,26523),(81,20379),(82,25372),(85,16096),(91,26548),(92,30255)]	84.603920
113	[(0,14325),(3,22682),(11,21274),(12,25365),(15,28410),(16,14120),(17,1954),(18,9737),(19,5057),(22,10986),(23,10504),(26,21863),(27,10662),(31,25514),(33,13017),(35,21467),(39,20743),(41,1652),(42,17270),(43,16999),(45,22267),(48,25133),(51,24014),(53,24756),(56,24105),(57,22519),(60,6978),(61,18941),(62,21675),(64,26491),(65,23728),(67,23327),(70,28738),(72,3815),(73,10500),(75,25896),(76,19656),(78,24946),(79,30204),(85,10739),(89,30073),(91,15507)]	84.586024
114	[(0,12473),(2,6989),(4,8729),(5,14964),(6,27867),(11,19872),(13,11225),(14,21698),(15,11394),(18,17651),(22,12786),(23,8142),(27,17659),(29,14342),(32,9097),(35,12366),(37,3796),(38,17744),(39,24801),(40,29129),(41,27413),(42,18851),(43,9784),(44,27598),(45,24679),(47,6521),(49,1662),(57,7151),(59,15083),(60,3767),(62,19865),(65,15992),(68,12099),(69,17310),(70,7965),(72,11270),(74,18060),(77,17087),(78,4207),(79,26971),(80,20359),(82,5893),(83,20732),(84,5355),(85,20188),(86,21267),(89,15728),(91,29749)]	84.798355
115	[(1,22979),(7,11813),(9,25857),(10,17727),(11,20059),(14,197),(15,23448),(17,24490),(19,22235),(21,6223),(23,22167),(25,3690),(26,8765),(29,26586),(30,24399),(32,22151),(36,8484),(38,5907),(39,27637),(41,21390),(46,18671),(48,7678),(49,23683),(50,29405),(53,20826),(56,24457),(58,5396),(60,28001),(61,16717),(62,7884),(63,12322),(64,13642),(65,2677),(66,8493),(70,21817),(72,10359),(73,4462),(74,6444),(77,13841),(79,11120),(81,25959),(86,20553),(88,25831),(90,10333)]	90.111490
116	[(3,26853),(6,14963),(7,15841),(10,23875),(11,764),(14,30052),(24,19989),(25,2802),(27,27083),(29,18132),(32,30119),(34,25063),(36,10327),(42,30549),(43,4300),(44,2447),(49,3689),(52,19963),(54,27623),(55,3973),(56,15611),(62,25525),(64,15686),(65,20326),(68,2234),(71,27374),(73,7974),(74,8598),(75,13032),(76,3405),(77,5658),(81,3035),(82,21746),(83,2401),(84,9431),(87,8687),(88,17804),(89,21841),(91,13158)]	86.172113
117	[(1,13628),(2,6745),(7,26504),(12,20774),(15,27795),(21,19971),(22,17175),(25,5823),(28,3129),(32,8466),(34,1549),(38,28414),(39,15878),(45,344),(47,16712),(48,12462),(50,13953),(56,8019),(58,12870),(60,7436),(63,12147),(64,14518),(66,25508),(68,27077),(69,8406),(70,29937),(73,24978),(74,1016),(75,17663),(77,11117),(79,4230),(81,18881),(82,10384),(85,7482),(86,20962),(90,18782),(91,15860)]	85.160358
118	[(1,27149),(2,8362),(3,14629),(4,25985),(5,22177),(6,6670),(8,21743),(11,22281),(15,16407),(16,21771),(17,15875),(20,13665),(21,5578),(24,30409),(25,14703),(28,21472),(30,29765),(35,23939),(37,8429),(39,6065),(40,30528),(41,18197),(43,19410),(44,22012),(48,24328),(53,3643),(55,12717),(59,19220),(60,24621),(62,16671),(65,1024),(66,1775),(69,14560),(70,20647),(75,27930),(77,15450),(79,22836),(82,8385),(84,12978),(87,845),(89,22694),(90,14226),(91,1205),(92,5225)]	86.723430
119	[(11,21333),(13,18645),(14,23863),(16,13725),(19,10822),(21,3091),(22,9779),(23,28482),(25,25763),(26,24109),(37,13256),(39,11498),(43,27446),(44,10418),(45,29888),(50,6990),(51,26919),(52,12195),(53,18918),(55,10748),(57,20158),(58,1254),(59,28476),(61,21527),(62,27908),(69,20706),(70,19772),(71,15144),(72,19519),(77,501),(80,26413),(81,5701),(83,16727),(84,11604),(88,4079),(89,18280),(92,24894)]	113.535099
120	[(0,2814),(1,13410),(4,1774),(7,29637),(10,13602),(12,28741),(14,15482),(19,11918),(22,20175),(24,25086),(26,9714),(28,4858),(29,30287),(30,1327),(35,19613),(36,1194),(38,20600),(42,20767),(44,9456),(45,8594),(46,1673),(47,13578),(48,19365),(50,27629),(51,20531),(54,20008),(57,3508),(58,18416),(65,19465),(66,17184),(71,18839),(73,12414),(74,8926),(75,22177),(76,6670),(78,21743),(85,1964),(86,20669),(87,10111),(89,26540),(91,9614)]	89.339446
121	[(1,18382),(3,26332),(7,16912),(12,989),(14,7595),(15,10648),(25,6974),(27,21297),(28,21515),(29,28198),(32,6010),(33,12566),(34,4555),(36,23597),(39,26101),(40,10862),(42,11538),(43,28307),(44,1338),(45,20760),(46,26621),(47,4391),(50,28499),(51,5018),(53,22521),(54,11945),(56,22594),(58,19166),(61,27413),(63,3032),(64,29253),(68,21559),(69,7158),(70,21409),(73,14399),(74,13844),(76,21361),(77,19795),(83,392),(86,14400),(89,2596),(90,1740)]	93.199999
122	[(0,24672),(2,5682),(3,2925),(8,1918),(11,2309),(12,20111),(13,28105),(16,12279),(17,19271),(18,8012),(22,22455),(25,16478),(27,16669),(29,16893),(30,29318),(32,21007),(34,30381),(38,2805),(39,459),(41,4),(45,15980),(46,10459),(49,28614),(53,8831),(56,28702),(58,12092),(61,23773),(64,30232),(67,5058),(68,22829),(69,22973),(70,20421),(72,25214),(74,20840),(76,24707),(78,26132),(79,22088),(80,24509),(86,26863),(90,4963),(92,4396)]	90.065682
123	[(3,5718),(4,18456),(6,20258),(13,20519),(14,24552),(17,22247),(18,11616),(19,3154),(20,1896),(22,24020),(26,28445),(27,27294),(29,26044),(30,6817),(35,14407),(38,4773),(42,19440),(43,12365),(44,14832),(48,29545),(50,23999),(51,7201),(52,15344),(56,2227),(59,25375),(61,13376),(62,599),(63,26131),(64,1643),(65,13983),(68,1867),(69,4742),(70,14354),(74,8216),(79,30420),(81,8598),(82,29283),(86,23092),(88,11896),(90,13034),(92,19481)]	88.015290
124	[(0,28957),(4,9272),(5,19015),(6,7857),(7,24110),(8,2072),(9,26922),(10,29583),(12,19919),(16,8295),(23,19172),(24,18882),(25,28781),(27,5674),(29,17394),(32,5384),(33,8005),(35,22750),(36,10736),(40,3896),(41,26209),(43,404),(46,28336),(49,15994),(50,4575),(52,20067),(53,11755),(55,14566),(57,16601),(58,17346),(59,25553),(62,131),(64,11377),(68,25805),(69,17849),(72,18173),(75,22783),(78,4459),(79,7636),(82,30235),(83,1844),(84,5486),(86,11226),(87,12367),(88,12848),(90,22094),(92,21197)]	88.285925
125	[(7,9473),(8,1380),(9,20157),(12,4459),(13,26641),(16,25518),(17,8285),(18,19774),(19,26612),(26,15846),(28,13874),(31,934),(32,25126),(33,5941),(35,4564),(38,16496),(39,12642),(41,13371),(42,10581),(51,21568),(52,26022),(55,26991),(60,26147),(61,18377),(67,15097),(69,19256),(70,6927),(71,2644),(74,8590),(77,14166),(78,26064),(81,18510),(83,14359),(84,17058),(86,10705),(88,5902),(91,4309)]	86.118995
126	[(0,21605),(1,23241),(2,18520),(4,22577),(6,29415),(7,5517),(8,13424),(10,18530),(11,15342),(15,1195),(16,20186),(19,20242),(23,17719),(27,5702),(29,13632),(30,10985),(34,6884),(37,24982),(39,17669),(43,2866),(44,19548),(45,5262),(47,25205),(48,10176),(49,2576),(56,17891),(57,4212),(58,2415),(59,3631),(62,4442),(63,18560),(64,12256),(65,13510),(73,29887),(74,10461),(75,16022),(76,15147),(80,26404),(81,23460),(83,1789),(85,22855),(87,4688),(90,2401),(91,15402),(92,14195)]	87.175848
127	[(0,13857),(2,12027),(3,192),(8,4250),(10,7876),(12,16034),(13,22165),(15,29709),(16,13525),(19,25836),(22,20426),(27,8879),(29,26219),(32,20137),(34,23818),(35,22498),(37,809),(38,5985),(39,29614),(40,18831),(43,17256),(44,12985),(46,17798),(51,13272),(52,19849),(53,9396),(54,25625),(57,26089),(60,5638),(62,18499),(63,20437),(64,7610),(65,22887),(66,26552),(73,27726),(74,818),(76,29387),(78,2771),(79,23238),(80,28627),(82,25158),(83,10337),(87,27935),(92,22915)]	86.265246
128	[(1,685),(5,19506),(7,17006),(12,16317),(13,24443),(14,1363),(15,16305),(18,16563),(23,7314),(26,8551),(27,10682),(28,27244),(29,2516),(30,2306),(34,22447),(36,12764),(39,18486),(43,9442),(44,6155),(45,29997),(47,27416),(49,12281),(52,1337),(53,25811),(54,5627),(55,26704),(56,7359),(57,9754),(58,13714),(61,11552),(62,8154),(63,2609),(65,14884),(66,14752),(70,23463),(72,22456),(74,22922),(75,3935),(76,18619),(78,7797),(82,8564),(83,10704),(86,25282),(87,25727),(88,23696),(91,11607)]	86.575995
129	[(0,4573),(1,20690),(3,17013),(6,23416),(9,15550),(10,27964),(11,21158),(13,19143),(14,26134),(15,25821),(18,5386),(21,7082),(22,24699),(26,23471),(28,11942),(31,25956),(32,21079),(34,16651),(38,18085),(40,6495),(41,8656),(44,29747),(46,12785),(48,10887),(50,11392),(53,3376),(54,4088),(55,5410),(56,6714),(60,4243),(62,19798),(65,3504),(66,21380),(67,20194),(69,5653),(71,21329),(74,27482),(76,13158),(78,19859),(82,28569),(83,9558),(85,5309),(86,2651),(87,148),(90,1665),(91,24797)]	83.774728
130	[(3,2802),(6,10242),(7,26379),(8,14110),(9,16325),(11,24301),(13,18336),(16,27035),(23,14150),(24,1458),(26,12542),(28,3143),(29,5280),(30,15941),(31,17648),(33,5248),(35,8836),(38,26930),(41,9808),(43,8598),(44,13032),(46,5240),(51,8701),(56,12354),(60,1311),(61,8330),(63,26033),(64,6708),(65,8364),(67,4111),(68,12422),(69,21309),(73,18304),(74,14981),(75,24648),(76,4312),(78,30335),(79,11035),(81,25379),(82,16487),(84,20171),(85,4485),(87,11455),(89,15265)]	113.871341
131	[(2,13219),(4,12227),(5,18003),(7,6725),(8,14220),(10,16630),(11,1768),(12,28584),(16,4741),(20,3723),(22,2296),(23,16695),(24,15009),(25,13530),(26,17030),(28,23171),(30,9921),(31,14454),(39,6457),(41,21900),(42,8823),(44,12592),(48,16190),(49,18408),(50,16177),(53,15514),(56,11506),(57,2277),(59,26891),(62,8594),(63,1673),(65,5580),(66,27967),(68,2387),(69,19696),(72,1123),(73,18869),(74,13738),(77,14619),(80,14580),(81,24116),(83,19614),(85,4812),(87,20433),(88,19342)]	87.157619
132	[(3,28992),(9,12118),(10,8461),(11,11420),(14,10589),(17,25868),(21,28138),(24,7408),(26,15004),(27,30430),(29,9095),(30,20449),(32,13165),(34,2420),(37,9374),(38,1696),(42,29477),(45,3347),(46,12608),(47,15429),(52,22707),(54,14619),(57,2508),(60,22737),(61,18385),(62,29373),(65,17107),(67,23433),(69,15617),(70,12303),(75,7202),(77,9112),(79,9340),(80,26266),(82,26595),(84,14254),(85,19637)]	92.546350
133	[(1,27150),(3,23370),(7,27212),(9,21558),(10,3694),(11,22406),(12,10965),(13,15229),(15,2468),(18,7184),(23,29464),(26,27289),(27,23111),(30,28118),(33,193),(38,24639),(39,8241),(41,25676),(42,16584),(45,8041),(46,24694),(47,30130),(50,28573),(51,25615),(52,2397),(54,8618),(55,8414),(58,5927),(59,15693),(61,17242),(62,27267),(63,12559),(65,29210),(66,13239),(67,15957),(69,22921),(71,26918),(72,4003),(73,17865),(76,27852),(80,14844),(82,14049),(83,26843),(84,11586),(87,875),(88,20877),(89,24733),(91,7307)]	86.535633
134	[(2,18224),(4,13436),(5,27189),(7,18144),(8,27625),(9,17629),(10,327),(13,12796),(20,30548),(24,18512),(25,13643),(27,7536),(29,4919),(32,12988),(35,3124),(36,30273),(37,26809),(40,6591),(43,5131),(44,26525),(48,27345),(51,26774),(52,15003),(53,18111),(54,24632),(55,8392),(58,23443),(59,25870),(61,28924),(63,26521),(68,10237),(69,23148),(71,6424),(72,5443),(75,2440),(76,17441),(80,2436),(81,30057),(82,22286),(83,4981),(86,18111),(89,1179),(90,27957),(92,3272)]	86.103838
135	[(0,24545),(1,27412),(2,8096),(3,24663),(6,30354),(12,15979),(15,4319),(16,10602),(19,25178),(20,13851),(22,1689),(23,15559),(26,7182),(29,10672),(30,12957),(31,27040),(33,26723),(36,26702),(37,7901),(38,20092),(40,21863),(41,16702),(42,14739),(44,11498),(45,19595),(47,8491),(49,28840),(50,15725),(56,5682),(58,18650),(59,17441),(62,22394),(67,16817),(68,25271),(69,20204),(73,14636),(74,21390),(75,5777),(80,28174),(81,7873),(83,1693),(84,18752),(86,9651),(87,27178),(88,21249),(89,28669),(90,940)]	89.188204
136	[(1,9839),(2,21740),(3,4103),(7,14332),(9,4990),(10,7570),(11,12923),(15,21247),(17,11987),(18,9800),(19,24283),(21,5835),(24,17293),(25,26274),(27,7873),(29,11712),(30,15456),(31,9899),(32,9443),(35,25393),(38,24228),(39,1823),(42,8718),(44,5719),(46,6992),(48,5709),(51,27993),(52,21407),(53,8503),(57,3731),(59,4874),(62,13341),(64,25248),(67,17402),(68,15661),(71,10545),(74,4859),(76,2043),(78,25841),(80,19733),(81,22165),(82,13604),(83,17610),(84,5852),(85,25115),(87,24886),(88,22529),(89,19748),(90,3052)]	86.113968
137	[(1,21291),(6,20796),(10,25054),(11,18439),(12,9881),(13,14241),(15,22668),(19,4154),(20,11301),(22,16900),(24,22410),(26,22276),(27,8919),(29,17626),(34,19108),(35,27987),(37,29875),(38,7163),(39,20686),(40,26381),(41,28288),(42,14563),(45,27473),(46,9292),(47,21963),(48,16787),(54,16593),(55,23916),(61,7068),(64,11996),(66,22638),(67,8695),(70,24029),(71,28680),(72,29453),(75,6941),(77,392),(78,8197),(82,18444),(83,28268),(84,30208),(85,29677),(86,13737),(89,22699),(90,23861)]	89.385116
138	[(0,9941),(3,9487),(5,28844),(7,21936),(8,928),(10,5322),(13,3939),(17,25967),(22,14627),(25,28465),(30,19626),(34,6441),(35,4069),(37,17870),(40,12103),(42,12683),(43,15858),(49,2151),(50,12204),(51,14863),(52,30455),(54,19278),(56,22582),(61,13782),(62,8841),(63,13728),(65,25313),(68,24042),(70,8721),(71,3202),(72,14957),(73,13859),(77,13953),(79,23085),(81,377),(83,3571),(84,7776),(85,6466),(86,17155),(88,28199),(89,17011),(91,21816),(92,18256)]	91.174730
139	[(3,1267),(4,30068),(9,9941),(11,25089),(12,18376),(13,11843),(16,2222),(17,12742),(18,29859),(19,8505),(21,1319),(25,6387),(28,5580),(29,15893),(34,7357),(36,6761),(40,20618),(44,15917),(46,17890),(48,26584),(50,28324),(51,5868),(54,8874),(55,14275),(58,14116),(61,4960),(62,22),(63,4326),(65,22958),(66,4306),(67,23146),(70,6348),(71,394),(72,23286),(73,8987),(76,7051),(78,177),(82,26333),(83,5098),(85,12375),(89,5801),(91,1660)]	90.259025
140	[(0,21089),(4,6115),(6,24967),(8,26941),(12,21529),(13,26951),(14,25864),(17,25128),(18,24448),(20,22129),(21,6496),(24,27218),(25,14892),(28,15624),(30,13639),(31,9309),(33,3493),(36,4999),(37,29237),(42,16912),(43,1276),(46,4974),(47,18792),(49,27017),(50,23081),(52,5626),(55,222),(56,29585),(63,2343),(64,15469),(66,16507),(67,11594),(68,25541),(70,2506),(72,11516),(75,18850),(77,13021),(81,23930),(82,29312),(84,9968),(87,10293),(88,22969),(89,27319),(90,9298)]	84.969908
141	[(2,2128),(3,19114),(6,1251),(7,3247),(8,7459),(10,6250),(14,3604),(15,5586),(16,16924),(20,1131),(24,18835),(27,15768),(29,29150),(31,9573),(32,18962),(33,25194),(34,1334),(35,2807),(36,12407),(37,4785),(38,893),(40,10369),(41,2562),(43,10795),(45,20304),(46,26606),(47,28194),(49,7652),(51,4400),(57,5640),(58,4857),(60,14570),(61,6623),(63,13517),(64,28961),(65,4534),(66,18036),(67,7009),(68,26774),(69,22315),(70,9653),(75,29554),(76,18336),(78,665),(80,29668),(81,10804),(86,24218),(87,16875),(88,29615)]	90.963035
142	[(4,22648),(5,28776),(8,19503),(10,6274),(14,5322),(20,1444),(21,23070),(22,5284),(24,17624),(26,400),(29,26007),(30,1419),(32,16959),(33,26057),(35,23052),(36,21027),(39,12588),(40,13129),(42,14565),(43,13287),(44,19297),(46,20992),(47,1549),(54,24631),(57,9847),(60,24467),(63,2344),(65,3620),(67,7066),(72,12593),(75,29558),(76,7635),(80,9519),(83,1086),(85,24920),(87,25612),(90,29368),(91,9616),(92,15045)]	107.456608
143	[(0,27690),(2,22636),(3,20251),(4,8471),(5,17141),(10,2756),(13,12876),(14,22588),(16,902),(21,8137),(22,134),(23,25092),(27,26887),(30,7333),(31,20110),(32,30327),(34,5984),(36,23460),(37,22099),(39,27530),(41,4824),(43,23495),(44,15428),(48,25379),(50,21993),(52,16903),(53,10619),(54,29035),(58,27298),(65,27235),(69,28850),(74,17669),(77,5591),(79,28071),(81,25266),(82,20795),(83,10343),(84,4614),(90,4828),(91,10494),(92,8751)]	101.303537
144	[(0,15339),(1,19289),(5,9174),(8,29145),(14,9149),(16,3020),(19,29518),(22,3248),(23,11086),(25,11013),(28,18162),(35,17085),(36,6195),(38,4573),(39,20690),(41,23851),(42,8068),(44,367),(53,12539),(56,19334),(57,15391),(58,25913),(59,16751),(61,28788),(63,26365),(65,24649),(68,6097),(69,17077),(71,14206),(72,15836),(73,14692),(74,13239),(75,15957),(77,2467),(78,28405),(81,26974),(83,22797),(84,28861),(85,6295),(92,26550)]	87.008176
145	[(3,14726),(4,21300),(7,19463),(8,21895),(10,23550),(12,12473),(13,11249),(15,10630),(17,28747),(18,24225),(21,19220),(22,24621),(23,30126),(25,5067),(27,14103),(28,5681),(29,17850),(33,7199),(40,29162),(44,14456),(45,6330),(46,2062),(47,27866),(51,23043),(54,17110),(55,20047),(60,25322),(62,13284),(63,28487),(64,12070),(68,10275),(70,28546),(76,15446),(78,13148),(81,12487),(82,4997),(84,17363),(86,12830),(87,23842),(88,8760),(90,7970)]	88.839370
146	[(1,17457),(3,18495),(5,18417),(6,3785),(7,13573),(8,7447),(11,2396),(13,22476),(15,15947),(20,10720),(21,16232),(27,216),(28,16211),(29,28587),(31,8163),(32,27296),(34,10595),(39,23351),(40,13034),(42,8531),(44,15582),(45,28218),(48,27081),(49,9774),(50,19369),(52,24129),(53,11456),(56,19045),(57,29464),(59,21990),(62,24419),(64,14278),(67,26050),(69,27434),(74,4250),(75,12078),(76,10572),(79,7963),(81,23687),(82,11782),(83,4457),(84,15569),(85,17886),(86,925),(87,4343),(91,5177)]	91.939113
147	[(1,20272),(5,30397),(7,26518),(10,12921),(11,16906),(14,19510),(17,12722),(18,4098),(20,27774),(22,17814),(25,3933),(26,17317),(27,2918),(29,13346),(30,18423),(31,21779),(35,12970),(40,29093),(41,23568),(42,26912),(45,5749),(47,20196),(52,11579),(53,23653),(54,8358),(55,5546),(57,18610),(59,10901),(60,9186),(61,5783),(66,9013),(67,28708),(68,13999),(69,19194),(72,14216),(74,17359),(75,10032),(76,14460),(77,28613),(78,42),(80,15190),(81,23450),(82,8551),(83,1671),(87,4409),(88,6698),(89,16823),(90,13808)]	89.877467
148	[(1,3675),(3,12017),(5,10741),(6,12002),(7,21143),(12,30134),(13,16617),(19,29318),(21,3418),(22,21083),(23,23077),(28,29212),(33,14607),(34,5736),(35,26163),(39,1440),(41,19579),(43,24969),(44,27304),(45,7382),(46,14675),(48,25745),(50,15250),(51,12426),(53,23607),(55,7217),(57,16830),(61,15256),(66,11704),(67,24761),(76,23312),(77,5973),(79,10577),(80,24945),(82,17460),(83,4998),(87,4090),(88,5651),(89,8755),(90,5514),(92,2384)]	90.868985
149	[(0,10981),(1,16614),(3,29315),(4,21295),(7,30059),(9,30348),(10,14139),(11,3681),(12,4692),(16,20298),(18,12570),(22,13713),(25,18704),(27,16777),(28,16296),(29,1936),(30,3863),(31,25693),(34,11072),(35,14616),(37,6480),(39,19046),(42,29558),(43,7635),(47,20599),(49,644),(52,920),(54,25101),(55,7529),(61,9521),(63,484),(66,12234),(71,30475),(72,29343),(73,13868),(76,15730),(77,13597),(78,5919),(80,27739),(82,21459),(83,9563),(84,21306),(89,6485),(91,1820),(92,16416)]	89.602886
150	[(0,2471),(1,9846),(2,30239),(3,29127),(4,22733),(5,16667),(6,1941),(7,28897),(14,3936),(15,3340),(18,2586),(19,24906),(20,26917),(22,26848),(23,18632),(27,19938),(28,11243),(29,11369),(33,8172),(36,14668),(37,2213),(39,22077),(41,20726),(49,15553),(56,14401),(57,27286),(58,23303),(59,30504),(60,12427),(63,28202),(64,8479),(66,27158),(70,21914),(73,23579),(75,3558),(76,23758),(77,24347),(78,25698),(79,8738),(81,20636),(82,13055),(86,6279),(92,5785)]	92.331231
151	[(3,1745),(4,2056),(6,19848),(7,967),(9,8192),(11,8582),(12,19276),(14,18819),(15,1911),(16,26118),(17,22709),(19,10029),(20,18155),(25,24986),(26,25488),(28,3100),(29,13205),(31,10284),(34,6937),(38,2025),(39,13876),(40,24079),(41,25086),(43,28072),(46,29279),(48,2327),(51,6627),(52,14414),(55,13004),(56,6165),(57,10983),(58,20403),(60,13987),(61,25668),(63,19172),(64,18882),(65,16666),(66,13782),(67,17396),(68,2220),(69,3834),(70,388),(72,18719),(73,10244),(74,10590),(76,4075),(77,15440),(78,6660),(85,24637),(88,1535),(89,4654),(90,10369),(92,30300)]	96.063544
152	[(0,20435),(3,23487),(4,2001),(5,2770),(12,13347),(14,25537),(17,2664),(19,10782),(20,20473),(22,4316),(28,3888),(29,23224),(34,28161),(35,28230),(36,20361),(37,1885),(38,610),(39,8622),(40,5356),(42,30178),(44,7530),(45,26174),(49,10275),(50,6064),(52,14132),(53,23911),(54,16836),(55,24138),(58,23161),(59,17800),(60,9754),(61,13714),(62,28759),(64,19995),(65,8174),(66,1776),(68,21990),(69,16679),(70,4822),(74,3180),(75,27532),(76,8741),(84,18858),(87,13295),(91,14668),(92,2213)]	98.533642
153	[(0,5317),(2,18427),(5,21412),(6,15151),(7,9802),(8,10442),(14,13997),(17,8562),(20,15483),(25,14342),(30,10869),(31,8352),(36,10754),(39,24590),(42,3229),(43,1283),(47,1527),(48,19220),(49,24621),(55,1886),(56,25924),(59,23390),(63,29868),(64,14799),(65,3465),(66,16293),(67,26448),(68,12758),(70,27425),(71,10586),(74,1033),(75,23460),(79,21669),(81,553),(82,25179),(84,26012),(86,3656),(87,9381),(90,14811),(92,24431)]	117.359853
154	[(2,29158),(4,28026),(5,21413),(6,9468),(7,14700),(8,4854),(9,12471),(11,20167),(12,18014),(13,3504),(14,15801),(15,11572),(16,20091),(20,443),(21,30179),(22,6486),(23,26787),(26,6697),(27,26358),(29,25412),(32,17086),(33,12240),(40,14858),(42,21325),(45,23094),(47,16063),(49,16240),(50,27458),(53,20960),(56,10851),(57,24694),(60,30137),(64,17553),(67,20524),(72,28765),(73,29996),(74,15229),(75,18977),(78,9),(79,9930),(81,27582),(82,16073),(83,1160),(84,27352),(85,29478),(87,5609),(88,16937),(89,23563),(90,26808),(92,11751)]	94.156629
155	[(1,4035),(4,11660),(5,7347),(6,4494),(7,19137),(10,30025),(13,7753),(15,28751),(16,2966),(19,21685),(22,10448),(24,20504),(26,5190),(28,22724),(30,29042),(31,16512),(37,18242),(40,8375),(41,29799),(42,24798),(43,25228),(44,25596),(46,9886),(50,3264),(52,25399),(53,15356),(55,11858),(56,8510),(60,3744),(61,4784),(62,7790),(65,17267),(68,12787),(69,6842),(72,2670),(76,2429),(77,23766),(79,24234),(80,22218),(81,11084),(83,14175),(84,12903),(87,13061),(88,5812),(90,6860),(91,2298)]	91.075072
156	[(3,27742),(4,4836),(8,11733),(11,4243),(12,26679),(14,26596),(15,9125),(17,17063),(20,16763),(21,27363),(23,14467),(24,25806),(25,7185),(27,420),(31,6320),(32,22370),(34,5509),(41,10651),(43,2279),(45,7673),(46,7148),(47,13161),(49,16449),(52,9884),(53,22993),(58,28051),(63,23313),(70,20783),(71,12496),(73,30300),(75,9643),(76,22664),(78,26142),(85,3127),(88,20630),(89,10697),(90,1650),(91,11173),(92,16666)]	91.274322
157	[(0,3191),(7,9292),(8,17450),(9,1744),(11,18844),(12,9925),(14,4673),(15,5083),(16,18373),(19,30108),(21,1516),(23,12455),(24,26037),(25,27774),(28,2055),(30,23039),(32,2661),(33,25805),(34,17849),(35,6656),(39,18040),(40,2263),(42,26269),(46,10368),(47,10159),(48,10117),(49,10282),(57,30451),(63,19295),(64,29511),(66,46),(67,17934),(68,12886),(69,27292),(72,5274),(73,24132),(74,1181),(77,23216),(82,19907),(84,29140),(85,26050),(86,9046),(87,15540),(90,1447),(92,20497)]	92.239492
158	[(0,20339),(1,14175),(8,11381),(12,7893),(16,4988),(20,4155),(22,4938),(25,28298),(26,7),(27,24588),(29,426),(30,23469),(32,18420),(33,7084),(34,13636),(35,26742),(36,7354),(39,29631),(40,24946),(41,6189),(43,22904),(46,18719),(49,26230),(50,19770),(53,6175),(54,2419),(55,18509),(58,24236),(60,12279),(63,21997),(66,23721),(67,9037),(69,1087),(72,19442),(75,15082),(76,28393),(78,30399),(79,12125),(81,28133),(82,18729),(83,29335),(84,5085),(85,12753),(87,19731),(88,17442),(89,8438),(91,8148)]	92.856559
159	[(3,2262),(7,16015),(9,11390),(10,16775),(14,15767),(15,12510),(18,12620),(21,7454),(26,4541),(27,20039),(28,23482),(29,6553),(34,8017),(36,5865),(37,27279),(38,5903),(40,16730),(41,13723),(45,18941),(46,19382),(47,22204),(48,18771),(49,29806),(53,6408),(55,10538),(56,25613),(59,4352),(60,11555),(61,13496),(65,6472),(66,13038),(68,10972),(69,14024),(72,22881),(75,22067),(77,24791),(82,5835),(87,17655),(89,20375),(90,14731),(91,6523)]	99.589683
160	[(2,15208),(3,25744),(6,25016),(12,13193),(17,183),(24,21525),(26,5544),(27,8873),(28,8185),(29,12432),(31,14171),(32,6996),(34,26007),(37,26361),(38,20107),(39,10558),(40,9789),(42,19913),(43,18102),(44,27757),(45,13924),(46,13281),(48,25225),(51,9422),(55,21244),(56,6687),(58,25258),(59,29681),(60,21693),(61,23641),(63,28810),(64,25584),(68,22648),(69,28776),(70,30032),(72,8428),(73,24425),(75,643),(79,8264),(82,3962),(84,6450),(89,7400),(91,13635),(92,20400)]	98.843038
161	[(4,15685),(5,11061),(10,30333),(13,19143),(14,20238),(16,10609),(19,30011),(23,30228),(26,29177),(27,23155),(28,19406),(33,4850),(34,5130),(35,17893),(36,9121),(37,22387),(38,27761),(40,12845),(44,8696),(50,29633),(51,19206),(52,23991),(53,3359),(55,16421),(56,30400),(57,28823),(58,24901),(59,14407),(64,7403),(68,19906),(71,12304),(73,29527),(77,28997),(84,7412),(87,875),(88,23672),(90,21618)]	87.596606
162	[(0,2835),(2,23342),(3,9298),(5,10381),(7,3358),(8,25751),(10,14103),(12,18200),(15,11222),(17,4436),(19,17936),(21,16588),(23,12297),(24,7498),(26,4810),(27,1109),(28,2882),(30,13835),(31,6567),(32,1610),(33,7486),(35,27999),(36,585),(38,11100),(39,14188),(41,19279),(43,3499),(44,8896),(46,16348),(58,1771),(60,22917),(67,11747),(71,3092),(76,16640),(77,1873),(79,9137),(81,10376),(84,29403),(85,8782),(86,10171),(88,4318),(89,17389),(90,24998),(92,16370)]	93.502571
163	[(0,16965),(2,7256),(4,7349),(10,8588),(11,30408),(12,6494),(13,30391),(14,5274),(16,21627),(17,19734),(18,25500),(19,2900),(20,13425),(21,9312),(22,2271),(23,28820),(26,8839),(27,22706),(32,11411),(33,28894),(35,25595),(37,225),(38,12355),(39,28034),(40,29080),(41,9721),(42,7180),(44,18724),(46,26508),(47,16490),(49,13328),(51,29527),(53,19888),(59,26351),(62,20242),(63,10921),(66,10137),(67,28062),(71,11104),(75,949),(76,4865),(77,1507),(78,1472),(79,10454),(80,5054),(81,29449),(86,17276),(87,1059),(91,24980)]	89.442774
164	[(1,7732),(8,21324),(10,1688),(11,2272),(12,6564),(17,8815),(22,25270),(28,359),(30,6657),(32,9697),(34,11439),(37,15866),(38,8325),(41,8698),(42,12699),(47,15814),(48,5149),(49,7545),(51,24047),(53,18348),(54,13530),(57,15892),(59,4956),(60,25686),(61,145),(63,2327),(64,5677),(67,3399),(70,6694),(71,16526),(72,11697),(73,29324),(74,29421),(75,30374),(76,29110),(77,16991),(82,26137),(85,6813),(89,18309),(91,1600),(92,28315)]	117.220059
165	[(2,21110),(3,21686),(5,24813),(8,13250),(11,3545),(19,26076),(22,7563),(24,2609),(25,12097),(27,1388),(28,10269),(29,14918),(34,27762),(38,25272),(39,28250),(40,26291),(42,13726),(45,19961),(48,16222),(53,5716),(54,23671),(55,20416),(57,1130),(58,7943),(59,18265),(60,11625),(63,6955),(64,11919),(65,15130),(68,9490),(69,1080),(72,25666),(73,17379),(74,5672),(75,30360),(81,4264),(82,16062),(86,14961),(88,19313),(90,12606),(91,7365)]	93.282994
166	[(1,7982),(2,28086),(3,1892),(4,21811),(7,12393),(9,21443),(10,9047),(12,143),(13,26608),(14,12671),(16,5728),(18,28320),(19,23444),(25,23654),(26,13555),(27,20637),(29,8879),(30,8484),(31,27879),(32,7616),(34,15931),(37,6507),(38,12384),(39,19000),(48,870),(50,8698),(51,5891),(52,14945),(54,13609),(55,12833),(56,6792),(58,19127),(60,12688),(61,6004),(62,13978),(64,23342),(65,9298),(70,15186),(71,22549),(72,4443),(73,30523),(77,17473),(78,27862),(79,18553),(84,30150),(85,25720),(86,17162),(87,23090),(88,3614),(89,14514),(91,30444)]	94.056205
167	[(1,5305),(2,6497),(3,16028),(4,22896),(6,21771),(7,15875),(8,18757),(9,19359),(11,2694),(14,23527),(17,16430),(18,22581),(19,8084),(20,10593),(21,24711),(22,8949),(24,11467),(25,10343),(26,2520),(29,19879),(30,1402),(34,29480),(35,9825),(41,22933),(43,7272),(48,10585),(51,24938),(52,27573),(53,24136),(54,17919),(55,2571),(56,28197),(58,26073),(60,3268),(61,20260),(62,11142),(63,10389),(68,2127),(69,3163),(71,1974),(73,10356),(74,29585),(80,2671),(83,15158),(85,7581),(87,14926),(90,4224),(91,3557)]	87.596142
168	[(0,1494),(2,3498),(3,3877),(8,16466),(11,14355),(18,23038),(19,19318),(22,27376),(24,10485),(29,16251),(30,22478),(31,6808),(33,13231),(37,2309),(38,20111),(40,14203),(46,6792),(49,23389),(50,26576),(53,16890),(55,9266),(56,27770),(57,937),(60,29670),(61,25750),(62,14988),(63,7018),(64,25135),(65,7313),(67,27155),(68,8856),(70,4564),(74,18711),(75,13210),(77,16524),(78,23083),(79,1374),(81,15010),(82,19172),(84,19163),(88,20275),(89,29866),(90,1519),(91,8233)]	87.638207
169	[(1,27646),(2,5716),(3,23671),(5,18196),(6,17523),(7,22999),(8,16613),(10,10002),(11,2548),(13,7513),(15,22983),(18,3644),(21,3446),(22,27305),(23,16330),(24,9290),(27,12396),(28,29034),(31,5103),(34,12789),(38,5469),(42,7604),(43,30298),(44,19080),(45,19092),(46,14004),(51,28696),(52,28906),(53,4375),(55,517),(56,17378),(61,6957),(64,30197),(67,30088),(69,26998),(71,3237),(72,6953),(73,1871),(76,10641),(81,3219),(83,6541),(84,17957),(85,15411),(86,10349),(89,13875)]	87.484999
170	[(0,5735),(5,20216),(6,2779),(13,29180),(15,17706),(19,14082),(20,12093),(22,7303),(23,21246),(24,20601),(26,25209),(28,2258),(31,8137),(32,134),(35,17065),(36,648),(39,14491),(40,21286),(41,615),(42,26972),(43,12599),(46,20531),(48,14777),(49,6240),(51,24613),(55,9432),(56,8994),(57,9340),(58,26266),(60,7754),(61,15251),(62,28924),(63,29484),(72,15025),(74,10644),(76,1839),(79,14769),(81,19832),(89,4802),(90,5859)]	86.903641
171	[(0,26943),(1,22887),(5,11377),(6,25302),(8,11985),(9,20240),(12,11221),(14,20916),(15,12911),(16,23979),(20,13531),(22,5619),(23,23196),(24,22212),(28,28992),(32,6151),(33,19177),(34,11338),(35,29435),(36,18779),(39,2939),(40,9868),(41,20808),(42,5664),(46,4442),(47,6767),(48,17965),(50,5073),(54,24764),(56,7114),(59,28652),(61,2505),(62,30032),(64,8428),(65,13405),(66,125),(68,11350),(74,26380),(75,11161),(76,26984),(77,28820),(81,12970),(82,10493),(85,22355),(86,5032),(87,9241),(88,20588),(90,22650),(91,24478)]	85.273474
172	[(0,16245),(2,17604),(3,15009),(5,19758),(8,12458),(9,28960),(10,3735),(13,9378),(16,22473),(21,13777),(22,26360),(23,8547),(28,27604),(29,1556),(32,8399),(34,22670),(40,23061),(41,18300),(43,12649),(45,21081),(46,19049),(53,528),(55,19747),(56,8196),(60,1189),(63,11485),(66,3976),(69,11657),(70,2299),(72,10854),(73,17839),(74,18894),(77,13881),(78,25033),(79,25768),(84,8577),(89,694)]	85.242923
173	[(5,23858),(6,2617),(7,20708),(8,23824),(9,14750),(11,26161),(12,9300),(13,13058),(14,12925),(16,20381),(17,7764),(18,15314),(20,9791),(22,4896),(25,21049),(26,4972),(27,12162),(28,30488),(29,3482),(32,7119),(33,9997),(36,23520),(37,22518),(38,27563),(39,21231),(40,10130),(44,28091),(45,27972),(48,3722),(49,10786),(50,18910),(51,29288),(52,1073),(54,16838),(56,16340),(64,2754),(66,4171),(67,4933),(69,2999),(72,9283),(75,13956),(84,5642),(85,5695),(86,12732),(91,1473)]	91.215073
174	[(2,26852),(3,2652),(4,1695),(5,29369),(6,23187),(7,6388),(9,29928),(10,18478),(14,20903),(15,13244),(16,27553),(19,5678),(21,11047),(22,4317),(23,4649),(25,20987),(27,16108),(29,4492),(30,26012),(31,16264),(34,20519),(39,22080),(40,27155),(41,3154),(42,3160),(44,21103),(47,76),(49,2821),(51,24719),(57,974),(58,5110),(59,21786),(62,20698),(64,19594),(67,2424),(69,1450),(70,24555),(72,21970),(76,3894),(77,9587),(81,27418),(83,18733),(84,6106),(88,18067),(90,28372)]	88.204241
175	[(2,11211),(3,23466),(4,16583),(6,22610),(13,22812),(15,670),(17,4233),(18,20146),(20,23703),(22,1797),(26,24616),(32,4855),(33,21554),(35,8415),(36,28041),(37,8078),(39,18147),(41,13703),(43,12549),(44,23285),(45,805),(47,13609),(48,12833),(53,22314),(58,10622),(62,19386),(69,2101),(71,10375),(72,12010),(78,3901),(79,22161),(80,22174),(81,27731),(86,15998),(89,23719),(91,1169)]	115.480830
176	[(0,18448),(1,11953),(2,22507),(4,24026),(8,29192),(10,18174),(11,18904),(12,2759),(13,5705),(14,12411),(16,7543),(18,26701),(19,21672),(20,25515),(24,10623),(25,17584),(27,22218),(29,9704),(34,8605),(35,1818),(36,21397),(37,28135),(40,21440),(41,22557),(42,25036),(51,14466),(53,3936),(55,16799),(57,21470),(59,622),(60,19423),(65,8626),(67,12482),(68,24837),(69,7538),(70,8390),(71,1720),(72,9059),(74,20415),(76,20965),(77,21716),(78,10926),(79,16842),(90,11191),(91,19637),(92,7183)]	87.609228
177	[(1,19869),(4,16778),(5,5248),(8,17049),(9,5856),(10,16214),(14,14902),(15,6233),(16,21929),(18,27516),(19,16207),(21,6750),(26,2006),(31,3521),(32,14269),(33,15355),(37,10479),(41,19432),(42,18483),(43,5778),(48,13089),(50,29405),(51,1503),(53,24061),(58,16909),(59,29456),(62,8141),(65,13217),(66,18892),(67,7493),(68,23263),(69,8472),(73,8548),(74,10282),(77,26367),(78,29716),(82,16901),(83,16343),(86,10293),(89,21689),(92,26284)]	89.980693
178	[(0,9605),(4,28478),(6,11326),(7,10443),(10,24875),(11,5887),(13,25764),(14,11647),(17,7060),(21,11148),(22,6508),(24,20890),(25,2909),(26,25457),(30,20135),(32,16859),(36,13137),(40,24024),(44,1409),(46,18107),(47,4957),(48,23477),(50,6944),(52,20759),(53,19068),(54,16112),(59,4536),(61,24555),(65,7017),(66,13887),(67,139),(69,1086),(70,12662),(71,22611),(73,16971),(78,25637),(80,29006),(84,25869),(86,11068),(87,745),(89,26032),(91,17007),(92,8932)]	84.553970
179	[(2,13367),(4,29158),(6,8227),(7,2123),(8,3549),(9,3852),(10,4320),(11,30264),(12,26556),(13,30492),(14,22120),(15,23699),(16,279),(22,27743),(23,27517),(25,23849),(28,24993),(29,19264),(30,20791),(31,12084),(36,6503),(37,24518),(38,11729),(39,1610),(41,19823),(42,26561),(43,3592),(44,27082),(47,10930),(49,22017),(52,15491),(53,25070),(54,28690),(55,13498),(57,29904),(62,4993),(64,17393),(68,17126),(74,1721),(76,27267),(77,14158),(78,30274),(82,5045),(84,9941),(85,11883),(86,19229),(87,7265),(88,14667),(91,13739),(92,19418)]	85.991458
180	[(2,7648),(3,2509),(4,20961),(5,2677),(6,29952),(7,27862),(8,17537),(10,29347),(11,11384),(12,16903),(13,10619),(14,29035),(15,15143),(17,20773),(18,11886),(21,11694),(22,3826),(24,28430),(25,12583),(26,16707),(28,9553),(32,25309),(36,25911),(37,23641),(40,27839),(41,3975),(43,22180),(44,28838),(45,7838),(46,11866),(49,8088),(50,7380),(51,19745),(54,10469),(55,22512),(58,12485),(59,5950),(60,28428),(61,9890),(63,22442),(65,2021),(67,9714),(72,8899),(74,17481),(78,24496),(79,15232),(83,15962),(85,2980),(86,9426),(87,1359),(88,16548),(90,16664),(91,5778),(92,13637)]	89.850678
181	[(0,2730),(6,29587),(8,26460),(10,20090),(15,16009),(18,9108),(21,16941),(24,9703),(26,18373),(28,2233),(33,14524),(34,23134),(35,28806),(36,4384),(38,18787),(39,11849),(40,5417),(41,14404),(43,15535),(44,25034),(47,21625),(49,30036),(50,7321),(52,5963),(55,4600),(57,15941),(59,20634),(61,11753),(62,24850),(64,16932),(67,19360),(70,9983),(80,25986),(81,10547),(83,27534),(86,5734),(88,29263),(89,23432),(91,28914),(92,29662)]	83.367961
182	[(0,27760),(2,22068),(5,10249),(9,8314),(10,25532),(11,18188),(16,30174),(19,21452),(20,14927),(22,30634),(23,6081),(24,26564),(25,17964),(26,1414),(27,18025),(28,9744),(29,25006),(31,7045),(35,10442),(36,21247),(37,10912),(38,22461),(40,6263),(44,14783),(45,8349),(48,19375),(50,27484),(51,10720),(52,21038),(54,20721),(56,24040),(59,26814),(60,15340),(65,11964),(66,6928),(67,462),(68,11395),(69,10024),(71,1875),(72,5109),(74,15549),(75,11529),(78,1542),(81,14783),(82,12419),(91,21647),(92,22156)]	84.936675
183	[(1,28362),(3,10126),(5,29152),(7,1053),(9,20342),(11,9188),(14,30618),(18,6431),(19,15478),(20,17993),(22,7156),(23,21086),(26,7046),(28,26695),(29,14626),(30,26433),(32,29345),(33,20981),(36,25047),(37,11493),(44,10621),(45,24750),(48,9538),(51,17208),(52,11616),(53,30624),(57,14752),(58,19850),(63,6420),(66,22838),(68,7004),(71,13935),(72,20787),(73,11503),(77,2421),(79,13172),(80,24628),(81,2167),(82,2601),(83,14743),(85,15149),(86,6883),(87,29120),(88,26960),(89,25087)]	84.363730
184	[(2,9915),(4,16923),(5,6842),(7,19192),(11,18768),(15,11774),(18,24878),(21,21297),(22,21515),(23,23515),(24,21013),(27,141),(28,3124),(30,12773),(31,28249),(32,3890),(35,27225),(40,18663),(42,3659),(43,29285),(45,4751),(48,7368),(50,29952),(54,13618),(56,8475),(57,26473),(59,1003),(60,1358),(61,3937),(63,2999),(65,10491),(66,29869),(69,28122),(70,847),(71,26502),(73,2480),(75,18809),(76,4940),(78,28572),(79,22629),(81,10673),(84,15483),(85,7323),(88,26394),(89,29257),(91,2653)]	113.228704
185	[(4,17246),(5,26493),(12,20934),(13,3343),(15,27258),(18,12141),(22,30586),(25,8047),(30,10624),(32,24791),(36,15483),(37,7323),(39,5146),(40,1031),(44,12169),(45,25170),(49,27252),(50,5663),(51,18047),(54,16798),(55,28707),(61,15504),(63,10556),(64,19151),(68,12857),(69,16702),(70,14739),(71,25712),(72,7529),(74,19227),(75,20691),(76,866),(78,11319),(80,12217),(83,29013),(85,22143),(88,1330),(89,205),(91,9322)]	200.131824
186	[(1,27782),(2,4968),(3,11249),(6,25769),(7,28897),(8,19160),(9,15937),(10,16341),(12,22430),(17,26185),(20,15058),(22,6520),(26,30151),(28,2374),(32,5761),(33,9301),(36,30276),(43,5648),(44,7032),(45,23693),(46,14277),(50,26437),(51,12639),(54,10765),(56,12081),(57,4104),(60,16612),(62,5850),(63,30599),(64,6338),(65,14030),(68,28304),(69,12456),(70,8261),(71,27860),(74,27675),(75,11909),(76,25902),(80,29353),(81,24031),(86,2149),(87,19355),(88,21726),(89,20008),(90,6097),(91,17077)]	208.766280
187	[(0,7584),(1,4028),(8,14589),(11,19110),(12,29559),(16,13246),(19,5866),(24,22872),(26,6241),(30,24473),(31,8882),(33,14383),(35,423),(36,3338),(37,953),(39,4569),(41,8392),(44,25982),(46,8379),(47,2874),(49,10875),(50,18574),(51,17086),(55,24947),(57,7434),(59,18322),(62,29511),(63,12711),(64,8501),(65,29978),(67,1718),(70,14230),(75,29755),(79,6218),(80,16270),(83,5741),(84,29831),(85,29628),(87,15298)]	198.285659
188	[(2,21193),(4,12987),(5,17662),(6,1342),(7,10102),(12,30276),(15,3032),(16,29253),(17,8309),(18,13823),(19,11417),(22,14780),(24,26388),(27,26662),(28,24985),(32,22007),(34,3430),(36,26294),(42,1517),(43,24352),(45,6944),(47,20759),(50,9993),(52,9118),(53,19829),(54,11547),(55,26474),(58,5664),(61,26018),(64,25145),(65,12331),(67,30266),(68,3375),(72,25386),(75,30030),(78,21939),(80,18167),(82,20706),(84,12941),(87,19614),(91,7917),(92,2100)]	188.797955
189	[(0,577),(1,11268),(2,29948),(5,3646),(6,3589),(7,26422),(9,19408),(10,15936),(11,13526),(12,4334),(14,27643),(16,24471),(20,15340),(27,12930),(28,8218),(30,19710),(36,367),(37,15667),(39,2707),(41,8837),(42,27771),(44,19104),(46,18483),(47,4158),(50,24145),(52,16409),(59,6860),(61,6462),(63,1809),(65,7291),(68,454),(70,20346),(71,19420),(73,3825),(74,23018),(75,4102),(76,13770),(77,26676),(78,8846),(83,6913),(90,29536)]	178.928214
190	[(1,11520),(3,5565),(9,21824),(10,23183),(11,22855),(13,2813),(15,6684),(16,4988),(19,26983),(27,1360),(29,8013),(30,16232),(31,2951),(33,14838),(34,22630),(35,3657),(36,1083),(37,60),(40,19754),(42,15449),(43,23227),(44,20991),(45,26980),(48,19231),(50,22051),(51,27228),(54,24007),(55,12770),(56,26593),(57,15215),(58,17623),(59,2241),(64,4779),(67,4965),(71,23235),(72,2396),(73,29534),(77,15184),(82,4886),(84,158),(88,20248),(89,11304),(90,2436),(91,2268)]	186.806636
191	[(2,13661),(3,2793),(5,9205),(7,14856),(10,25502),(17,29595),(20,22122),(21,10077),(22,21170),(23,1765),(24,8804),(26,4206),(27,9808),(29,15550),(30,21056),(32,8606),(36,18284),(37,17245),(39,9527),(40,27268),(43,17870),(44,6450),(45,8881),(48,22808),(50,36),(51,24699),(52,1093),(53,9288),(54,28193),(58,16766),(60,2626),(61,9796),(62,29919),(63,18175),(65,15174),(68,16665),(69,17812),(71,11573),(72,30272),(75,16991),(80,22155),(82,19430),(85,5239),(86,15204),(89,22243),(90,29827),(92,29321)]	209.033056
192	[(0,21771),(2,8073),(3,98),(5,18823),(6,25712),(7,7529),(8,6530),(11,25388),(12,8302),(14,21344),(15,1633),(20,10090),(22,3591),(23,2960),(25,8156),(26,1997),(29,21235),(32,21009),(40,599),(47,16752),(50,14167),(54,8074),(55,3918),(58,5043),(59,26569),(63,11802),(64,18369),(66,622),(67,19423),(69,24602),(70,25143),(75,1527),(76,21650),(77,20674),(78,5727),(79,13922),(80,15767),(83,20036),(84,25024),(85,22752),(86,18018),(87,28531),(88,30385)]	212.273411
193	[(0,154),(4,27127),(5,6762),(6,20770),(7,14697),(10,15302),(12,2526),(14,29678),(15,8855),(16,29144),(17,15209),(18,3926),(19,13997),(20,3884),(23,10022),(24,7667),(26,24168),(30,15610),(31,29738),(32,27860),(33,11601),(36,810),(38,13535),(41,3411),(44,5931),(45,15521),(46,27061),(50,25118),(52,21121),(53,9493),(54,6480),(55,3024),(57,20723),(58,11060),(59,19575),(60,20633),(63,27993),(64,21407),(66,23334),(68,28894),(69,22491),(70,11498),(71,25089),(72,18376),(74,3449),(75,15542),(77,1563),(80,16998),(83,26479),(85,3312),(86,23320),(87,15131),(88,10980),(89,6437),(92,23756)]	196.629366
194	[(1,17388),(5,26620),(6,12257),(10,2214),(13,29072),(16,4711),(17,20301),(21,26232),(24,7358),(25,25726),(27,29511),(28,12711),(32,4130),(34,19785),(36,7221),(38,4783),(39,26589),(40,10746),(41,24915),(45,3112),(50,4770),(52,6636),(56,2906),(57,30067),(59,26038),(61,10986),(62,28080),(63,2115),(64,30260),(65,268),(67,11998),(74,15562),(75,10664),(79,16474),(85,11218),(88,10597),(89,9988),(91,19671)]	189.759246
195	[(4,23423),(5,27917),(6,8775),(7,24308),(8,5278),(14,8888),(15,1460),(16,19943),(19,9976),(23,16539),(24,29655),(25,15873),(26,28426),(29,13838),(31,20160),(34,8641),(35,21264),(36,21137),(41,23849),(45,23124),(46,3883),(49,1247),(50,10524),(51,19356),(52,21248),(55,2933),(57,15544),(64,513),(67,9116),(69,22041),(70,9679),(71,5482),(74,24262),(75,23686),(77,4898),(83,19293),(85,8639),(86,1302),(87,3008)]	196.397056
196	[(1,28670),(3,12487),(4,20880),(6,1084),(7,9416),(8,26766),(10,12824),(11,23086),(13,23211),(14,8081),(15,2672),(21,26597),(24,18247),(26,23822),(27,20667),(28,6720),(31,10809),(35,29268),(38,28656),(40,18026),(46,13176),(49,3133),(51,23981),(57,17333),(58,17007),(61,8575),(65,18895),(66,27936),(67,9854),(72,1655),(73,14591),(74,17715),(77,29525),(78,27695),(79,18305),(80,15789),(81,3373),(82,20252),(84,412),(85,26472),(86,18262),(89,21514),(90,11177),(92,10647)]	204.583084
197	[(0,7961),(1,10245),(2,3201),(3,11370),(6,25758),(7,13554),(10,176),(15,3690),(16,12321),(17,12536),(18,13974),(19,28915),(27,18256),(30,15889),(31,4489),(33,15528),(34,6531),(35,19934),(39,15033),(40,23570),(42,25237),(43,15286),(44,4449),(50,17720),(51,12412),(55,6659),(56,25189),(58,16344),(62,13184),(63,4440),(65,5811),(69,8521),(71,27658),(73,28304),(74,12456),(76,15258),(78,11962),(80,8783),(81,22511),(83,6534),(85,2063),(89,18494),(90,8231),(91,30226)]	200.285987
198	[(0,4213),(1,5246),(2,19131),(4,8480),(5,15192),(6,30543),(7,30469),(11,21350),(12,22315),(13,8088),(16,14906),(17,13125),(19,17011),(20,5209),(22,19439),(23,1553),(25,22913),(26,19022),(28,26467),(31,8346),(35,26186),(36,10828),(37,5908),(38,18944),(39,10051),(41,10145),(42,10749),(44,13623),(45,4018),(46,10750),(47,29406),(48,2179),(49,14705),(50,25234),(53,29652),(57,6055),(59,30451),(61,6581),(63,6523),(64,20204),(66,27194),(71,22564),(72,1296),(73,9480),(75,28803),(76,2705),(77,26962),(79,22228),(87,21675),(88,29450),(91,2304),(92,21813)]	174.989777
199	[(1,8645),(3,2118),(4,14417),(6,19769),(7,27995),(11,18350),(12,3423),(13,21095),(16,6339),(17,9460),(18,11578),(19,1894),(20,404),(22,2601),(23,14743),(27,28286),(32,1357),(35,5515),(36,10738),(39,13810),(41,9375),(42,23531),(46,25738),(48,3672),(49,1600),(50,25403),(53,22325),(57,4960),(62,4383),(63,8521),(67,21412),(70,7195),(71,2040),(73,16803),(78,8107),(80,9113),(84,19269),(88,968),(89,12679),(91,25670)]	180.797031
200	[(0,17713),(1,13265),(4,18000),(6,19491),(8,11043),(11,6532),(14,19307),(15,24739),(16,21911),(18,1006),(20,28208),(22,7712),(23,28039),(25,28895),(26,20889),(27,12731),(29,2623),(30,6831),(31,13732),(35,7901),(36,25157),(39,2557),(40,7137),(41,11826),(45,15581),(46,12811),(47,10208),(48,11176),(49,925),(51,12171),(54,7093),(56,8141),(57,25717),(58,28589),(59,13404),(60,1239),(61,3828),(63,16046),(64,7097),(69,13871),(71,7961),(73,8571),(76,10720),(77,16232),(80,5662),(81,19494),(83,11203),(84,10107),(87,5441),(88,4373),(89,3869),(92,27933)]	181.741270
201	[(2,22045),(5,27314),(7,16266),(10,5150),(11,6992),(14,18945),(15,23928),(16,29465),(17,6943),(20,5112),(21,8890),(22,17805),(27,13270),(28,14720),(32,3604),(35,17171),(36,1783),(37,16627),(40,5424),(44,4709),(48,4801),(52,12587),(53,27260),(56,1700),(57,23186),(58,13872),(59,6000),(60,10001),(62,27892),(64,26927),(69,10790),(71,29274),(74,4669),(76,28115),(78,5556),(79,26541),(82,14143),(83,18689),(88,14717),(89,30266),(91,20492),(92,30567)]	195.166535
202	[(3,6374),(4,17311),(6,12516),(9,26551),(11,5537),(12,2357),(13,10825),(14,29505),(16,28535),(17,27133),(19,2087),(20,18446),(21,27694),(25,5269),(29,8553),(31,28259),(32,29460),(33,6464),(35,19152),(37,29855),(39,23170),(40,5767),(41,18404),(42,9835),(43,25130),(46,23026),(47,21339),(48,25653),(52,24023),(58,2793),(60,16144),(63,3158),(64,17319),(65,20602),(66,6861),(67,860),(68,22737),(69,10925),(70,14214),(75,2286),(76,22530),(79,3003),(88,13545)]	215.423608
203	[(0,151),(1,27265),(3,955),(4,6612),(5,30365),(6,25291),(7,28798),(15,21840),(18,3512),(21,3894),(24,23184),(27,22611),(28,17908),(30,22945),(32,26403),(33,17769),(37,16205),(39,1959),(44,28505),(45,28498),(46,17599),(47,7226),(49,27450),(50,6434),(53,18147),(54,16864),(56,8924),(58,620),(59,4875),(61,8163),(62,27296),(65,14096),(66,204),(68,28670),(69,19788),(71,24623),(77,29279),(78,6933),(79,1786),(81,26352),(85,9244),(86,14705),(87,25234),(88,24308),(89,2841),(90,6658)]	139.393870
204	[(6,16375),(13,9093),(14,25622),(15,28919),(22,14031),(23,3953),(28,26415),(31,15624),(32,18374),(35,8321),(36,25941),(40,28697),(43,20305),(44,12920),(46,21193),(47,24828),(48,2947),(51,1907),(52,12449),(54,5319),(55,5515),(56,10262),(58,12260),(59,3767),(63,20903),(64,18033),(65,28813),(67,5958),(68,7935),(71,29542),(73,22676),(74,24859),(75,6763),(78,3169),(79,19768),(82,20992),(83,6602),(84,4345)]	86.424377
205	[(6,29119),(8,20372),(9,21595),(10,8145),(16,27930),(18,15450),(20,22836),(22,17643),(26,28975),(27,30299),(28,24067),(30,28290),(33,20746),(37,16457),(38,7892),(39,7319),(42,15538),(43,26565),(44,27365),(45,16858),(46,17299),(47,4367),(50,20844),(52,4708),(57,29895),(58,5589),(59,24026),(60,15535),(64,4368),(70,15559),(72,9433),(74,25536),(76,19104),(77,6228),(78,102),(80,1895),(81,6352),(82,7681),(85,7688),(86,10067),(87,28176),(88,21495),(89,7430),(90,10318),(92,6014)]	86.313519
206	[(0,9660),(4,19771),(6,4994),(10,28505),(11,28013),(12,19436),(13,4891),(14,30622),(15,2272),(20,14294),(22,462),(25,14403),(26,21373),(28,27077),(30,16075),(31,29852),(32,1055),(33,1604),(34,13329),(35,22386),(39,14612),(40,18558),(44,21746),(46,27307),(51,16640),(52,24574),(54,14251),(59,16894),(60,5904),(61,17717),(64,4393),(65,7296),(66,2417),(67,28728),(68,748),(72,694),(77,21797),(79,15754),(80,6895),(81,990),(82,16642),(84,8767),(85,28485),(89,5872),(90,13363),(91,29417),(92,22608)]	84.938738
207	[(1,12513),(2,29772),(3,2574),(4,7663),(7,23391),(8,18798),(9,12060),(10,6136),(13,18994),(14,22475),(18,7865),(21,12262),(22,6673),(23,17541),(24,30405),(26,20361),(27,3),(29,26378),(30,9875),(32,5798),(34,12432),(36,25531),(37,12048),(38,10033),(39,7134),(40,5570),(41,6379),(45,6748),(47,17028),(49,18220),(50,10510),(53,22413),(59,8768),(64,22843),(65,18237),(66,13144),(67,28706),(70,5941),(73,20181),(74,2337),(78,23205),(80,20807),(83,1124),(88,29074),(89,21975),(90,17483),(91,26429)]	88.952818
208	[(1,18982),(3,12291),(4,19599),(6,30164),(7,24612),(13,21247),(14,10912),(15,22461),(18,28383),(19,21692),(20,5775),(21,10142),(24,25071),(25,20012),(26,12845),(33,25966),(35,14278),(47,5529),(49,28014),(51,20129),(57,23431),(58,30001),(59,4578),(61,7569),(62,440),(64,26771),(65,29744),(71,27156),(72,11122),(73,26366),(75,12454),(77,15812),(79,21049),(80,4972),(82,3080),(89,24530),(90,17386),(91,9300)]	84.151682
209	[(2,30293),(4,25814),(6,8458),(12,1150),(13,10965),(14,25401),(17,11533),(18,24691),(20,657),(26,10449),(27,19759),(29,28773),(33,15812),(36,18138),(37,4099),(38,4717),(41,26305),(44,6997),(46,2825),(48,24805),(50,11786),(52,21993),(54,16903),(55,20610),(58,13503),(60,20576),(66,14148),(71,3980),(73,20957),(74,14036),(75,29526),(76,15277),(77,18845),(81,29819),(82,10395),(85,6259),(86,11908),(87,15044),(88,16375),(90,17451),(91,19351),(92,12058)]	92.248965
210	[(1,8290),(4,20414),(5,27156),(6,11122),(7,28223),(11,21227),(13,26877),(14,23906),(15,10759),(17,18482),(18,8838),(23,21631),(28,786),(30,6651),(31,20840),(34,30302),(35,28035),(36,13459),(39,28756),(41,8145),(42,18085),(45,17738),(46,26272),(49,12749),(52,16678),(53,1493),(55,3952),(56,1957),(57,8705),(58,608),(63,11494),(66,5554),(67,27449),(69,9531),(71,17421),(75,527),(77,2456),(80,25009),(89,25634)]	84.309460
211	[(0,16145),(5,24751),(6,18112),(8,7608),(9,10346),(11,15920),(13,26903),(15,24954),(17,5961),(20,10612),(21,8977),(24,27791),(30,28085),(32,28926),(35,25752),(38,29853),(39,15837),(41,2287),(42,14130),(43,12308),(48,29076),(50,24996),(52,22829),(53,22973),(55,14065),(58,26546),(61,23037),(62,22563),(65,4739),(66,16609),(68,12863),(70,12294),(73,105),(78,3471),(80,29335),(81,5085),(82,16192),(83,20630),(84,14857),(85,30451),(86,14541),(87,23221),(88,15273),(89,29758),(90,9638),(91,14727)]	83.309534
212	[(0,3271),(1,18074),(2,9786),(3,26061),(4,1462),(10,28260),(11,19020),(13,15037),(14,10086),(15,29401),(17,4445),(18,21823),(20,10087),(23,24440),(24,18034),(27,15970),(28,3688),(30,10815),(31,9614),(33,23229),(34,10286),(35,20905),(37,14657),(39,3951),(43,6797),(46,20691),(47,866),(52,1073),(54,5018),(56,28913),(58,13585),(62,20013),(63,7348),(64,5715),(68,26103),(71,12888),(72,3226),(77,2884),(78,17997),(80,14791),(82,11947),(83,26713),(84,25751),(86,7046),(87,21248),(89,29887),(91,8675)]	84.669042
213	[(2,2370),(4,30471),(7,13503),(10,12618),(11,30354),(16,15282),(19,25076),(20,27169),(23,17828),(24,686),(25,4268),(26,24095),(28,16105),(29,13934),(31,21476),(32,5031),(33,13045),(34,7983),(38,329),(45,26418),(46,7844),(48,5087),(52,19579),(54,8814),(57,30426),(60,26481),(61,28635),(63,9281),(65,15707),(76,6243),(88,15663),(91,28246),(92,17650)]	88.777693
214	[(0,24308),(1,2841),(2,6658),(4,456),(7,26040),(8,9824),(9,20721),(10,29722),(11,14234),(13,6191),(15,1490),(16,3757),(19,28586),(22,25858),(23,3244),(29,25393),(30,3287),(33,26466),(34,1900),(35,551),(38,2038),(41,27233),(43,4913),(44,28241),(46,17408),(47,883),(48,19479),(49,26299),(50,20911),(52,30271),(53,15999),(54,14313),(55,22692),(58,26970),(59,24655),(60,19408),(61,3335),(62,3989),(64,22494),(68,706),(73,17199),(77,8939),(78,4094),(83,19018),(92,5058)]	100.028136
215	[(4,28206),(10,20728),(17,19872),(20,564),(21,6626),(27,16824),(31,16405),(38,9552),(39,15642),(40,28806),(44,29855),(47,6884),(48,8740),(53,30521),(56,16939),(58,12999),(60,14330),(62,18409),(64,9408),(65,30527),(68,20540),(71,24725),(72,10774),(75,20692),(81,4994),(86,7479),(88,21996),(90,24216),(91,4535)]	85.908315
216	[(2,15604),(3,29813),(5,24145),(6,1645),(7,23388),(9,26482),(11,23007),(12,12029),(15,9868),(16,20808),(17,5664),(25,26685),(29,24662),(33,20014),(35,21214),(37,2938),(40,23644),(45,22743),(46,22674),(47,9824),(48,1944),(49,6195),(52,24915),(56,7659),(59,20442),(64,17661),(67,13048),(68,26327),(70,23769),(71,19902),(72,23613),(74,21312),(75,6140),(77,10178),(78,12555),(79,24299),(80,14216),(81,6874),(85,8004),(89,15480),(91,6203),(92,5717)]	88.587799
217	[(0,1442),(3,16375),(4,17598),(7,7359),(10,23507),(11,11205),(13,11195),(14,20622),(17,22107),(18,15751),(21,29940),(22,21810),(23,4965),(26,29386),(28,6460),(29,5082),(30,23521),(32,8180),(33,29897),(34,5698),(35,3930),(38,15311),(39,24317),(43,29161),(44,21775),(49,9980),(53,14292),(56,13608),(58,12402),(60,17116),(61,10166),(68,13137),(71,384),(72,22736),(76,25363),(80,6996),(86,25001),(88,9371),(89,13491),(90,28104),(92,6135)]	88.562387
218	[(1,12436),(5,13416),(10,24232),(12,7498),(13,18143),(14,26924),(17,2411),(19,3377),(21,19299),(23,2343),(24,10266),(25,129),(27,24927),(28,66),(35,8434),(36,5247),(37,12333),(40,15554),(44,5575),(45,19181),(52,10104),(54,9756),(55,7428),(58,29792),(60,16981),(62,6420),(63,8377),(65,9473),(66,1154),(67,26272),(68,5968),(70,11017),(71,28658),(72,18981),(74,7094),(76,20895),(77,19652),(80,11868),(82,10075),(88,9792),(89,5742),(92,8153)]	90.734809
219	[(1,6266),(2,9591),(3,11645),(4,22362),(7,328),(10,16556),(11,12044),(12,12998),(14,6060),(16,7797),(17,27631),(19,5424),(24,27594),(25,1676),(26,14341),(28,20770),(29,27240),(31,6327),(32,21069),(33,10598),(36,18022),(38,19232),(39,2717),(40,7451),(42,23421),(43,1836),(45,8882),(47,14383),(49,14942),(50,10507),(51,19615),(54,26879),(55,9396),(56,1845),(62,213),(63,28027),(66,29770),(67,13031),(68,10273),(70,18368),(71,23174),(72,6346),(76,26770),(88,17813),(89,12650),(90,9195),(92,6836)]	91.558113
220	[(8,12850),(9,2360),(10,23329),(11,26326),(13,12141),(16,15095),(17,1015),(19,1587),(20,18759),(23,12815),(25,5428),(27,13581),(28,109),(32,8777),(33,8875),(37,2720),(41,28428),(42,15901),(43,12419),(44,361),(45,26990),(46,1021),(48,7508),(50,26455),(52,3271),(54,3005),(55,11617),(56,25326),(58,1825),(59,1459),(66,7566),(68,6460),(74,25539),(75,1907),(76,15942),(78,27251),(79,25640),(80,18632),(81,28748),(83,19547),(85,11283),(86,19854),(87,23972),(89,10552),(90,12126)]	95.100411
221	[(1,10822),(2,17432),(4,18778),(5,14975),(6,9232),(8,4095),(9,27805),(10,19264),(13,24150),(14,28899),(19,14567),(22,11933),(23,14682),(26,7814),(28,3388),(29,26073),(32,19833),(34,27180),(36,7615),(37,26581),(38,3033),(41,640),(42,7406),(43,12177),(44,8233),(45,5372),(47,28847),(48,22340),(51,24399),(52,13562),(53,7877),(54,26439),(56,2097),(57,20870),(58,10062),(60,23870),(61,23317),(62,26385),(64,10281),(65,10588),(66,20006),(67,22337),(71,21758),(72,1928),(73,3642),(77,30573),(79,2352),(81,12535),(82,28842),(83,18200),(86,9056),(87,17376),(90,21824),(92,2185)]	87.383770
222	[(0,7943),(1,18265),(2,28518),(5,13046),(6,11695),(7,933),(11,26541),(12,2400),(13,4904),(16,9036),(18,14889),(21,14715),(23,8222),(24,1006),(25,4022),(26,25844),(34,8971),(37,23415),(38,7727),(39,21811),(40,20946),(41,20814),(42,8347),(44,15169),(47,23456),(48,17351),(49,26865),(54,27965),(59,7211),(62,2620),(64,4324),(67,22310),(68,283),(74,13046),(75,11695),(77,30509),(80,4386),(81,1710),(82,21597),(83,18205),(84,15706),(86,30344),(87,6579),(88,19041),(90,4124),(92,15438)]	88.807173
223	[(0,15913),(1,2288),(3,776),(4,27535),(8,23606),(9,2097),(10,20870),(11,6321),(12,23128),(16,9313),(17,17094),(18,7453),(19,5306),(20,7941),(22,18587),(24,15859),(26,5091),(28,22735),(29,15053),(31,7569),(34,11380),(40,16972),(50,27796),(51,3248),(55,1789),(57,2185),(58,28593),(62,28865),(68,26042),(70,6639),(71,24821),(72,11778),(77,30380),(78,21185),(79,2187),(80,12041),(84,28322),(87,26546),(88,2189),(90,13029),(91,10387)]	86.402854
224	[(4,7604),(5,20675),(6,15405),(7,12092),(13,28050),(14,10397),(15,8684),(18,29210),(19,13239),(20,8178),(21,24806),(25,27286),(26,23055),(30,10276),(33,18127),(34,23937),(35,4677),(37,27313),(39,7837),(40,1389),(42,7897),(44,28373),(45,20),(50,19448),(51,24238),(56,4464),(57,19116),(60,23462),(61,3034),(63,16862),(64,12436),(66,25734),(67,23836),(69,17456),(70,2725),(72,15726),(73,9782),(77,11527),(78,26269),(79,27705),(80,758),(86,6482),(90,23520)]	86.591730
225	[(1,17830),(5,19845),(9,10651),(13,24774),(14,28506),(15,798),(19,5953),(20,20271),(21,29378),(23,10565),(24,572),(26,7961),(27,9818),(29,9560),(31,29679),(32,17074),(34,21321),(37,15186),(38,22549),(39,4443),(40,30523),(42,20668),(46,28925),(47,18027),(48,8927),(49,1499),(50,30324),(52,1090),(53,13050),(56,2969),(59,25970),(61,11360),(63,25217),(64,25183),(65,10520),(69,7465),(70,13154),(72,8751),(73,16528),(76,22301),(79,4064),(80,21082),(81,5654),(84,28309),(86,21321),(88,11774),(89,14260),(90,22990),(92,14537)]	106.970883
226	[(0,7926),(5,16182),(9,9284),(12,28315),(16,27726),(20,9409),(24,467),(25,5262),(26,29724),(27,16494),(28,17566),(31,2665),(32,16764),(38,15311),(39,28827),(42,2484),(43,21686),(45,5390),(47,7525),(49,21695),(51,9303),(53,27873),(59,15807),(60,17715),(64,10979),(65,2442),(67,26302),(69,7577),(72,7966),(74,6840),(75,28221),(77,10149),(78,10994),(80,28289),(81,11554),(82,9445),(84,11927),(88,15240),(89,9895)]	86.251267
227	[(4,18273),(6,19719),(7,21190),(9,8019),(11,23361),(13,18629),(14,7238),(18,22289),(20,28559),(21,26736),(22,11378),(27,828),(28,21284),(30,17416),(35,30266),(37,28780),(38,8900),(41,27659),(44,2490),(46,5392),(50,27165),(51,9021),(52,27993),(54,10112),(56,8749),(58,3824),(59,17148),(63,14480),(64,20800),(65,13591),(68,19667),(69,25162),(70,7226),(76,24577),(77,7768),(81,6681),(83,16331),(87,24249),(89,4344),(91,9623),(92,12069)]	86.824286
228	[(0,23443),(1,16635),(5,6059),(9,19992),(11,30402),(12,30488),(13,15333),(14,17796),(15,1678),(16,7959),(18,18568),(19,14030),(21,5091),(22,15633),(24,23769),(27,22064),(29,27114),(30,8762),(34,7648),(36,5692),(37,22987),(38,23280),(45,9140),(47,12680),(51,8518),(52,8422),(53,707),(54,5407),(55,14121),(57,22004),(58,9789),(60,19913),(61,27809),(64,12601),(65,1647),(66,20020),(68,19623),(69,4984),(70,9890),(73,23632),(76,16419),(79,11959),(82,24359),(85,16945),(86,17488)]	85.747096
229	[(3,29575),(16,10035),(17,23363),(18,21246),(21,28333),(23,282),(24,20780),(29,23477),(33,4611),(35,16061),(36,7483),(37,17643),(39,19615),(43,13581),(49,30625),(51,9199),(58,14103),(62,19717),(63,2468),(65,16255),(67,10084),(68,3309),(71,21471),(72,28659),(73,27059),(75,30508),(79,17333),(86,3020),(87,3296),(88,21957),(89,29973),(90,27306),(91,7699)]	94.734738
230	[(1,28742),(2,9865),(5,23942),(6,11397),(7,29112),(12,2806),(15,16444),(19,18693),(20,18387),(23,25424),(24,4397),(27,7732),(33,19390),(34,27988),(35,18987),(36,1288),(37,10096),(41,20770),(42,14697),(45,24799),(47,19545),(48,26464),(50,2247),(52,24581),(56,27414),(57,28177),(58,943),(60,24550),(61,23748),(62,28966),(64,30439),(65,25086),(67,6699),(69,23713),(71,25238),(73,18475),(84,4197),(86,18621),(87,24304),(88,5729),(92,22776)]	90.158124
231	[(0,17386),(1,9300),(7,2747),(8,4223),(9,26211),(12,13074),(13,23629),(14,22445),(15,27805),(17,5404),(19,20463),(21,944),(23,5873),(24,15118),(27,30579),(28,18611),(30,20013),(32,11571),(33,1730),(34,8996),(37,6366),(38,24593),(41,14755),(43,2666),(46,1473),(53,15382),(55,13915),(56,27826),(59,28575),(61,30396),(62,26084),(63,9017),(65,12560),(66,18914),(67,29917),(68,4507),(70,5376),(71,14393),(73,16582),(74,25125),(77,26413),(78,636),(79,30),(80,15394),(81,11786),(85,27512),(88,25267),(90,1992),(91,10321)]	90.379757
232	[(1,30002),(2,3779),(5,4580),(9,6977),(10,2875),(13,13262),(15,2448),(21,28184),(24,23810),(28,30217),(29,20902),(32,333),(34,6607),(36,2461),(37,9901),(39,10644),(43,14419),(46,2395),(48,20070),(51,3651),(58,319),(59,10235),(62,24006),(63,29787),(64,27106),(65,17522),(66,19902),(68,21705),(69,13114),(71,8479),(76,9690),(78,20328),(79,28992),(86,21432),(88,14298),(89,19154),(92,24180)]	90.803710
233	[(0,12268),(8,28495),(9,6604),(10,28063),(12,14856),(13,19723),(18,23116),(20,995),(21,14499),(22,7867),(23,18593),(24,1026),(25,11664),(26,16160),(28,12847),(33,21537),(35,16816),(36,16357),(40,25817),(42,28108),(44,15758),(45,1558),(47,23098),(48,9811),(49,8580),(50,20417),(54,9843),(56,15072),(58,1440),(61,9719),(62,11362),(64,23075),(65,1546),(67,3504),(68,21380),(69,20194),(74,5944),(75,9364),(76,22319),(79,18160),(81,19918),(85,463),(87,22224),(89,10044),(92,14238)]	87.420384
234	[(1,26647),(2,1880),(3,18596),(6,3001),(7,28166),(15,25211),(16,11739),(18,17126),(23,16478),(27,9860),(28,11878),(30,842),(32,4656),(33,16898),(34,14899),(38,11198),(41,16213),(42,21523),(43,1700),(44,23186),(46,28978),(47,14184),(48,9191),(50,8224),(52,22397),(58,439),(59,8184),(63,29852),(64,17735),(66,27157),(68,19839),(69,25649),(73,4205),(75,14940),(76,1708),(77,29619),(78,15379),(79,26203),(80,28684),(81,17753),(82,25465),(83,5649),(84,28612),(85,12952),(89,18163),(92,29543)]	92.778573
235	[(0,17150),(1,15079),(3,24442),(4,29097),(5,23634),(7,26233),(10,18140),(14,9271),(16,26722),(17,12805),(19,10885),(21,27832),(22,1973),(23,21236),(24,17667),(29,14082),(30,6666),(32,20298),(34,6380),(40,30520),(43,12871),(44,4684),(45,16372),(51,10999),(54,10286),(55,16550),(57,14569),(58,22586),(67,19211),(69,15826),(70,174),(71,14291),(72,9065),(73,3083),(75,16869),(76,14773),(77,15856),(81,11781),(86,13981),(87,24528),(89,9527),(90,4183),(91,25584),(92,10240)]	98.282099
236	[(0,4131),(3,14718),(4,29819),(5,10395),(7,19631),(11,10215),(12,12009),(14,16645),(15,16625),(19,8617),(25,12984),(26,17875),(31,17200),(33,24734),(34,8120),(38,1468),(41,3751),(45,23590),(47,9270),(48,7949),(50,1735),(51,10111),(52,18767),(53,17463),(56,29158),(57,2305),(58,9747),(60,23856),(62,4760),(67,12688),(68,6004),(69,13978),(71,24465),(72,20794),(73,21220),(75,27382),(76,7197),(79,11274),(81,9474),(82,23664),(83,5416),(84,20131),(86,3231),(88,5788)]	110.934117
237	[(0,5203),(1,4970),(2,1362),(3,23662),(7,22966),(11,23210),(13,28877),(14,28521),(16,10958),(17,19606),(18,13490),(19,23405),(21,9430),(25,28214),(27,1037),(28,10251),(29,1576),(33,27580),(34,5504),(36,2511),(38,23415),(39,17741),(44,8152),(45,19343),(46,23558),(47,381),(49,12568),(50,6250),(51,14198),(55,7865),(58,556),(59,538),(61,126),(64,12954),(67,25877),(70,936),(71,25793),(77,29090),(78,24090),(79,9120),(80,5050),(82,6958),(85,5559),(86,19389),(88,904),(89,13620)]	87.976289
238	[(0,22769),(2,29074),(3,21975),(4,17483),(5,11024),(6,2236),(8,10376),(10,1768),(12,29724),(14,30483),(15,20471),(16,6328),(18,16298),(23,24920),(24,9840),(25,18847),(28,2135),(30,21034),(31,23234),(32,26943),(33,22887),(34,26552),(35,14015),(37,13650),(38,3784),(39,3529),(40,6064),(41,11509),(42,19282),(43,17511),(44,26443),(46,24432),(50,27827),(51,23147),(55,26340),(56,1582),(57,2625),(64,29618),(69,23838),(70,495),(71,26438),(73,22462),(74,15404),(75,1345),(76,12943),(80,18800),(83,17373),(85,4034),(90,4336),(92,6993)]	85.999954
239	[(0,8008),(1,23519),(2,20487),(5,21728),(6,26557),(10,18187),(14,5804),(16,1177),(17,26079),(18,3176),(19,6071),(24,21928),(25,3017),(27,12587),(30,8710),(31,5146),(33,12631),(34,18006),(38,10721),(39,13377),(40,22295),(42,7910),(43,22672),(44,28480),(48,15820),(52,4623),(57,20164),(59,29598),(64,28473),(67,17998),(69,3526),(70,27773),(73,12562),(74,2390),(76,27817),(78,24473),(80,7864),(81,14175),(83,4487),(85,23237),(90,4122),(92,15364)]	84.928387
240	[(0,13763),(2,23654),(3,2742),(5,20151),(8,11165),(10,897),(11,6946),(12,11251),(13,27707),(17,13750),(18,8416),(20,11486),(21,11706),(23,25208),(26,2900),(27,13425),(30,2775),(32,7669),(34,10170),(35,20924),(37,24186),(38,21153),(39,25255),(40,23566),(42,30428),(43,30618),(44,7100),(47,4586),(53,27831),(60,7129),(65,3174),(70,7519),(74,4222),(75,17429),(76,28553),(77,17398),(80,26201),(82,1383),(83,16744),(84,8583),(85,21035),(87,16976),(88,18511),(89,28605),(90,26182),(91,1826)]	93.724343
241	[(0,14935),(3,23262),(4,18365),(7,11357),(9,238),(11,11258),(13,19614),(14,26869),(15,7250),(16,14032),(18,29280),(19,29745),(20,14087),(22,20895),(23,19652),(24,14047),(26,4179),(29,14330),(31,18409),(33,12422),(34,21309),(36,29776),(39,3609),(41,6873),(42,17696),(43,13699),(46,14844),(48,10273),(49,2076),(58,21372),(59,19522),(62,6098),(63,2631),(64,2631),(70,22070),(71,23518),(79,27520),(81,17634),(82,30026),(83,26324),(85,29816),(86,24910),(90,15306),(91,19965),(92,3392)]	93.213612
242	[(2,10016),(5,25263),(6,26914),(8,2630),(9,25644),(12,6381),(14,21287),(17,556),(18,326),(19,10618),(21,961),(22,28062),(23,22785),(26,807),(28,13646),(29,11500),(30,14245),(31,29976),(32,22702),(34,26634),(36,23762),(37,1496),(38,30500),(39,13835),(40,6567),(41,1610),(44,15423),(45,2068),(48,3214),(50,15439),(54,3757),(56,12227),(57,18003),(58,3442),(62,19102),(66,28155),(69,13427),(73,14509),(74,7807),(75,3135),(76,22566),(80,13336),(82,18956),(83,646),(84,616),(86,8365),(88,20511),(90,24010),(91,7119),(92,20725)]	94.755439
243	[(0,4492),(3,3050),(9,23448),(11,16045),(14,17501),(15,26093),(17,25495),(19,18317),(23,25464),(24,15708),(26,15519),(28,4940),(31,16018),(37,10449),(38,19759),(40,28382),(41,11519),(43,3144),(45,30174),(51,21557),(54,29341),(55,12381),(57,5158),(58,7301),(61,19881),(62,10163),(63,19800),(65,26808),(66,22572),(68,12654),(70,29983),(71,12532),(77,12520),(79,26649),(80,13131),(83,16013),(85,7561),(87,24745),(89,27621)]	89.070846
244	[(3,28604),(5,27465),(6,26975),(7,2937),(10,11876),(14,10233),(15,22404),(19,3466),(21,13496),(22,18617),(23,30420),(24,1353),(25,26544),(26,22238),(27,18493),(29,22196),(30,2277),(31,14157),(32,4709),(36,18917),(37,24380),(38,15085),(39,5630),(42,13197),(43,2655),(44,26645),(47,17991),(50,20880),(52,13134),(54,21267),(55,19142),(57,18798),(58,10565),(59,572),(61,7961),(62,10245),(63,9091),(68,9532),(71,21728),(72,26557),(73,10973),(75,15644),(76,15722),(77,19697),(78,27269),(84,20359),(88,13061),(92,22926)]	88.292563
245	[(2,4318),(3,17389),(4,11183),(5,5315),(13,2215),(14,28263),(22,10523),(23,3938),(25,21905),(26,30315),(32,24590),(33,8983),(35,13311),(38,30041),(39,22080),(45,28012),(46,26706),(47,18860),(48,7789),(57,9473),(59,3049),(60,755),(61,9235),(71,16639),(72,28837),(73,29802),(80,1981),(82,25360),(85,24766),(86,29024),(89,19547),(91,4965)]	87.968817
246	[(3,24123),(8,28627),(9,10465),(13,23138),(14,30601),(17,1620),(18,24162),(20,25331),(25,2375),(26,1769),(28,3195),(29,32),(30,17699),(31,27574),(33,28525),(34,27287),(35,10636),(36,23998),(37,25095),(39,17499),(41,10397),(42,8684),(44,14616),(45,17929),(47,5488),(51,23447),(57,25135),(59,9858),(60,11282),(61,1836),(63,25620),(64,8446),(65,11074),(66,3840),(67,22009),(68,26635),(71,29893),(73,3120),(76,10567),(78,15355),(81,4812),(83,9048),(86,20036),(91,5342)]	89.457156
247	[(0,13917),(3,3610),(5,12808),(6,8512),(7,13144),(10,27883),(11,29999),(15,9175),(17,4165),(18,2867),(20,12376),(21,7145),(22,7024),(23,6161),(24,19957),(26,17136),(27,4238),(30,17002),(32,15057),(33,19205),(37,4067),(40,24820),(43,21665),(45,22630),(46,3657),(48,7597),(49,17572),(52,7269),(54,3932),(55,16676),(58,6207),(61,9656),(65,18841),(67,27557),(70,1995),(71,28879),(72,29661),(73,13889),(75,2975),(76,5609),(77,24456),(79,16843),(80,2742),(81,22907),(86,23865),(88,7600),(91,16430),(92,23622)]	87.736382
248	[(0,4512),(3,7686),(5,18954),(7,1414),(8,18025),(10,17230),(12,28436),(13,25688),(17,4432),(18,15180),(24,1050),(25,356),(27,8737),(29,9224),(31,24311),(33,2355),(35,790),(36,507),(37,4382),(38,23333),(40,14909),(43,21885),(44,7684),(46,19111),(48,2500),(49,22145),(50,5386),(57,2989),(58,24984),(59,7804),(61,17643),(62,21022),(63,7547),(64,18178),(65,15169),(66,26342),(67,3099),(71,29911),(76,30481),(78,30196),(79,19970),(84,6793),(87,11191),(88,19637),(90,5971),(91,19348)]	113.338513
249	[(0,8265),(2,26313),(5,2224),(6,17345),(7,2915),(9,9462),(11,11903),(13,8366),(14,18717),(16,11034),(19,23593),(22,12086),(23,3054),(25,29427),(26,20235),(31,5856),(33,6009),(35,6731),(38,7545),(41,23798),(46,12683),(49,23653),(53,7704),(58,17695),(59,18229),(63,19520),(64,3435),(65,867),(67,3704),(69,118),(70,6771),(71,25112),(72,244),(73,25477),(75,25824),(77,23144),(78,24908),(79,4214),(83,18063),(84,10391),(86,24279),(87,14803),(88,27217),(91,1442)]	84.602523
250	[(1,28732),(2,6997),(6,6481),(7,30082),(9,11653),(10,15509),(12,10956),(13,23721),(15,20728),(17,21090),(19,25699),(21,29657),(22,10906),(23,26579),(26,4845),(29,28116),(33,27451),(34,15081),(39,4394),(43,14997),(45,30247),(46,355),(47,18749),(48,19528),(49,19985),(50,6167),(51,27174),(52,21891),(54,29097),(55,23634),(56,21878),(57,11772),(61,5729),(63,1866),(65,5013),(69,18314),(70,2776),(71,18185),(72,16840),(76,9959),(82,8662),(83,25477),(85,14094),(90,28232),(91,27182)]	84.826413
251	[(0,9384),(1,24204),(3,14200),(5,14369),(8,24783),(10,23701),(15,18577),(17,20105),(18,9471),(20,18325),(21,27615),(23,12304),(26,29453),(27,23226),(28,22891),(29,16789),(31,23315),(32,4632),(36,3267),(38,84),(39,19082),(40,28227),(43,15381),(47,9374),(48,23963),(49,24731),(53,15366),(54,14560),(55,8086),(56,8379),(57,2874),(61,22443),(63,4608),(64,6019),(65,4623),(67,12825),(73,8800),(74,27008),(77,1813),(80,22575),(81,9995),(82,11964),(83,13577),(85,25366),(87,29452),(90,3200),(91,15824),(92,9771)]	88.204689
252	[(1,11465),(2,3870),(3,12119),(4,27724),(6,2409),(8,2183),(13,17020),(14,21845),(18,5165),(21,22137),(23,912),(26,3895),(27,16366),(30,18704),(32,7464),(34,9898),(36,10325),(39,11903),(40,13355),(41,16868),(43,16207),(45,6750),(48,29608),(52,14440),(55,12272),(58,8410),(59,21758),(62,6393),(65,13763),(66,13924),(67,15321),(69,24611),(70,4098),(71,2766),(73,26511),(76,21600),(77,25063),(78,1785),(79,8636),(80,7668),(81,8157),(84,14409),(87,20987),(91,10487)]	88.655245
253	[(0,9501),(2,3448),(5,3121),(6,23811),(7,10096),(11,23118),(12,2776),(15,24999),(17,28465),(18,29699),(19,19118),(20,13739),(22,30046),(23,11581),(26,30167),(30,19285),(34,28390),(35,24312),(36,10019),(39,8857),(40,23240),(41,12903),(42,21273),(47,24357),(52,20747),(53,28444),(55,20362),(56,10689),(61,23225),(62,24808),(67,16260),(68,18866),(69,993),(72,13779),(73,930),(75,26782),(76,23918),(77,7959),(78,4932),(80,10460),(85,10455),(88,1621),(90,28553),(91,24679),(92,19704)]	93.414098
254	[(0,27043),(1,9719),(2,11362),(3,2448),(4,1849),(5,24610),(7,27986),(9,3492),(10,11421),(11,25177),(12,28552),(14,25559),(15,23998),(16,25095),(17,8724),(18,16184),(21,5522),(27,15794),(29,7360),(33,14689),(34,3028),(35,12248),(36,13482),(38,23536),(42,12308),(45,22202),(46,18101),(47,18965),(50,22534),(51,8409),(52,12242),(53,8673),(57,13115),(58,20688),(60,21020),(63,25942),(65,14396),(66,11615),(67,20294),(70,3923),(71,19087),(75,39),(76,28156),(78,14964),(80,10513),(83,12887),(87,23155),(89,18398),(90,21984),(91,28655)]	86.445441
255	[(1,6503),(2,24518),(3,28409),(5,19390),(6,4062),(7,8685),(9,7798),(10,13268),(14,20758),(17,18367),(21,20922),(22,11520),(23,531),(26,16691),(28,11754),(29,28649),(30,10905),(33,24346),(34,13196),(39,11769),(40,310),(41,8467),(42,16861),(46,2091),(51,11686),(56,13125),(59,15927),(60,24942),(62,16452),(63,24165),(65,21217),(66,10876),(71,17499),(74,12246),(78,11275),(79,11418),(89,23083)]	88.376604
256	[(0,25031),(3,23457),(4,23388),(5,14334),(7,7941),(8,26347),(13,1133),(14,23594),(15,5948),(18,30396),(19,18135),(22,1718),(27,18781),(30,1757),(32,1877),(34,25318),(35,24218),(36,16875),(41,20366),(42,26070),(44,2091),(47,10293),(50,5253),(51,15537),(52,14304),(55,11753),(56,14449),(57,20367),(58,7032),(60,14562),(62,3743),(63,15767),(64,12510),(65,18806),(75,23610),(77,26496),(79,1224),(80,18264),(82,516),(84,17009),(86,23105),(88,9896),(89,24597),(91,14882)]	86.859038
257	[(2,29267),(5,12765),(6,13871),(8,9179),(9,1192),(12,27641),(13,30473),(15,24088),(16,21287),(18,22250),(19,20652),(21,24199),(25,8169),(30,27783),(36,29709),(37,27716),(39,28810),(42,4615),(44,27588),(48,20360),(53,30053),(55,9203),(62,6252),(63,24948),(71,12606),(72,29947),(73,23850),(74,2026),(76,9024),(78,22511),(79,10280),(81,21706),(85,19478),(91,28132)]	84.664120
258	[(1,5160),(2,10602),(6,11877),(10,24294),(11,28772),(14,28679),(15,24554),(19,11070),(22,5872),(23,13363),(25,18641),(26,2043),(27,10070),(29,20317),(33,23753),(34,19202),(35,13463),(36,5204),(41,13600),(42,20834),(45,15361),(47,12893),(49,696),(50,29364),(51,23269),(53,24482),(54,2849),(56,11269),(60,22026),(61,23295),(62,10928),(65,10168),(66,19315),(68,9663),(70,15819),(71,16215),(72,9940),(74,15249),(75,5988),(78,19478),(80,14922),(81,24075),(82,13134),(83,27937),(84,26539),(85,13450),(86,9101),(89,14624),(90,10376)]	86.592829
259	[(0,10056),(1,26940),(2,21651),(5,11713),(6,26872),(11,30186),(12,9975),(14,28046),(15,2125),(18,23350),(20,18000),(22,5855),(24,12556),(25,1047),(28,5586),(29,4992),(30,16699),(32,1778),(33,17318),(35,28407),(37,17456),(38,1031),(40,27152),(41,26504),(44,25474),(45,9213),(46,24740),(47,7994),(48,13041),(49,6700),(51,10085),(52,7135),(54,15207),(56,5434),(57,25195),(60,3713),(62,8847),(65,30025),(71,3422),(72,12632),(85,24851),(88,24696),(92,7573)]	112.955049
260	[(0,8129),(1,10474),(3,10765),(8,32),(12,14811),(13,18724),(15,30026),(16,26324),(17,1151),(19,16601),(21,13343),(25,14352),(31,29973),(33,22402),(35,19339),(36,8759),(38,27508),(39,11658),(40,8401),(41,21284),(46,5698),(47,3930),(49,28020),(50,26054),(51,10607),(54,5141),(56,12125),(60,20034),(63,6368),(65,22758),(66,20479),(67,21050),(72,22157),(75,19984),(77,26114),(82,29912),(83,9389),(87,16167),(88,1305),(89,26439),(91,18347)]	84.562682
261	[(0,11804),(1,29664),(3,21960),(10,8471),(11,13451),(15,12089),(16,3763),(19,20510),(22,25349),(23,7572),(24,9640),(26,14332),(31,27375),(32,25708),(36,13805),(37,2605),(38,2227),(39,7715),(40,19514),(41,22359),(43,1437),(44,25485),(45,4907),(48,11520),(50,10682),(51,11792),(52,15880),(58,9171),(60,20433),(61,18952),(63,7346),(65,9786),(69,10046),(70,25870),(72,28924),(73,29484),(74,22164),(76,10492),(77,27282),(84,28370),(89,29427),(90,20235)]	84.110172
262	[(2,29684),(3,10966),(5,11736),(6,17411),(9,3691),(10,8700),(11,7681),(13,22671),(15,19701),(16,23580),(17,25950),(24,6929),(25,16837),(26,1040),(30,29490),(33,13527),(34,483),(35,28416),(36,14245),(37,28432),(38,6858),(39,28653),(42,3043),(43,2925),(44,23312),(49,1889),(50,25748),(51,1809),(56,24087),(57,1165),(60,28007),(62,14116),(64,9050),(65,26),(69,16065),(70,8333),(71,20371),(73,18498),(75,25859),(79,21434),(81,24234),(82,206),(86,15329),(87,4568),(90,781),(91,20375),(92,14731)]	90.409100
263	[(0,17012),(1,8252),(6,5681),(7,17850),(10,23357),(11,643),(12,10463),(13,23011),(22,26678),(24,12207),(29,2254),(31,14906),(32,13125),(41,6047),(47,25717),(49,21118),(52,8411),(59,17360),(61,7491),(63,28950),(64,14694),(66,19736),(67,3645),(69,21683),(70,13845),(80,21927),(84,14900),(85,22803),(89,23313),(92,28073)]	97.189281
264	[(2,15449),(3,23227),(4,20991),(9,12926),(10,20719),(11,8509),(12,28563),(16,13093),(19,549),(20,13330),(21,30549),(22,20011),(24,29244),(30,18038),(33,7195),(35,18390),(36,8463),(37,8789),(39,29450),(40,16395),(41,2443),(43,27046),(47,16410),(50,1033),(54,27606),(55,5906),(56,27788),(57,16525),(60,14207),(62,24363),(63,1255),(67,23164),(68,25704),(72,15989),(73,18551),(75,29000),(78,28356),(79,7926),(80,30244),(81,15447),(83,22216),(85,3219),(87,7522),(89,27147),(90,12702)]	103.361783
265	[(0,18017),(1,29964),(2,13452),(3,12878),(7,2012),(16,12287),(19,11653),(22,4751),(24,2784),(25,19137),(26,7825),(28,25454),(29,22046),(31,15452),(34,13026),(36,20297),(37,2115),(38,30260),(39,268),(41,11998),(42,4538),(43,10762),(46,5230),(48,5005),(51,22002),(52,20506),(53,30445),(54,1040),(55,28986),(57,1656),(60,29434),(61,29701),(62,25904),(65,8456),(67,30229),(68,24972),(69,28977),(71,7470),(76,14681),(77,12146),(81,19562),(82,14429),(83,1133),(84,13894),(90,26298),(92,27391)]	95.885960
266	[(2,24968),(3,14741),(4,16407),(5,264),(8,3389),(9,17088),(10,12505),(11,19730),(15,27817),(18,19258),(19,10341),(24,7806),(26,26723),(30,19904),(31,14785),(34,5340),(37,7839),(39,2857),(42,15104),(44,2989),(45,24984),(46,26802),(49,17332),(50,17261),(53,8988),(54,9485),(56,21982),(58,23528),(62,26115),(69,120),(70,1133),(72,7636),(75,26968),(79,16684),(81,16335),(82,17194),(83,23697),(84,13620),(85,22969),(88,7680),(90,6518),(91,24075)]	87.839455
267	[(0,19797),(2,1379),(3,3571),(6,18019),(8,28912),(10,15171),(12,11465),(16,14695),(17,6390),(20,30535),(21,4820),(22,1315),(24,1986),(35,5330),(40,12719),(42,25984),(44,29624),(46,29019),(47,14702),(48,23380),(51,8483),(53,20123),(54,9815),(55,15290),(57,7451),(58,11027),(60,29292),(61,7510),(63,20903),(64,13244),(65,27553),(66,11412),(67,28636),(70,7575),(73,7273),(75,14555),(76,8564),(77,10704),(78,21108),(79,28965),(80,28785),(84,11993),(86,11805),(88,17831),(91,15083)]	87.973289
268	[(3,29800),(5,1932),(6,16889),(7,18017),(8,29964),(9,10070),(11,27382),(13,4158),(16,8535),(19,26724),(22,27197),(23,15123),(26,24786),(28,23076),(32,16249),(33,817),(35,28179),(37,8226),(38,15616),(39,817),(40,16953),(44,3867),(48,28684),(52,28829),(53,24760),(56,8673),(59,9354),(61,30253),(63,23915),(64,9825),(69,23290),(71,28217),(73,15366),(74,29836),(81,29197),(83,1999),(85,21122),(86,27755),(87,21956),(88,24262),(89,17405),(92,2387)]	83.925532
269	[(0,18698),(1,3249),(4,28536),(5,29994),(6,10685),(8,26369),(9,16192),(10,20630),(13,19034),(14,4479),(15,3760),(16,13574),(17,26973),(20,28754),(21,863),(22,6964),(25,24631),(29,2718),(30,24468),(35,1598),(37,12373),(38,24737),(39,5930),(44,4971),(45,995),(46,7662),(47,1162),(49,25679),(50,28814),(51,27961),(52,17186),(55,13855),(57,1814),(60,20399),(61,1217),(65,9182),(68,20530),(69,21199),(72,22366),(73,28925),(74,23997),(76,8438),(81,3195),(82,32),(83,22177),(86,26900),(90,26644),(91,2792)]	88.908580
270	[(0,14272),(1,23133),(5,4269),(6,561),(8,26758),(10,11670),(13,13752),(14,26599),(19,469),(21,20032),(22,5324),(26,4477),(28,27529),(29,23514),(30,6476),(32,17915),(35,15137),(36,15136),(39,27205),(40,5655),(44,24289),(48,19642),(49,10989),(50,14610),(54,335),(55,9658),(58,9332),(60,21459),(62,19676),(63,26610),(65,4074),(66,10458),(68,18616),(70,3053),(72,19245),(73,817),(74,16953),(80,416),(81,4000),(82,28827),(83,6308),(84,14608),(86,18492),(92,9852)]	104.899604
271	[(0,14744),(1,12262),(2,18260),(3,12451),(5,3254),(7,25759),(11,24789),(13,16548),(17,14240),(19,21491),(21,8353),(22,11499),(24,13925),(25,26859),(31,4164),(33,15980),(34,2290),(35,17129),(36,26917),(38,5178),(39,6891),(40,26321),(41,8339),(42,10174),(44,9020),(45,2220),(47,28204),(50,30022),(52,24096),(55,12013),(58,19369),(60,16247),(61,19169),(64,17461),(67,4353),(68,24289),(69,27328),(71,14639),(72,13894),(75,13714),(76,1661),(79,2642),(80,9185),(81,12338),(82,22115),(83,11249),(85,10630),(88,16888),(89,28392),(90,20848),(92,18110)]	93.577734
272	[(1,1907),(2,1925),(6,16965),(10,22347),(12,22890),(13,23881),(15,2356),(17,21233),(19,30030),(20,846),(21,3195),(23,20462),(26,4061),(28,26897),(29,4749),(30,18697),(31,11052),(32,29219),(35,13482),(37,17946),(40,13710),(41,1858),(42,17854),(43,22324),(45,27038),(48,25658),(49,17916),(50,26353),(51,3558),(54,7556),(56,19111),(58,17172),(62,10286),(64,24640),(65,22795),(66,14020),(68,21923),(75,20325),(76,6673),(77,5257),(80,9398),(81,21218),(82,10328),(83,29521),(84,28570),(86,15194),(89,11497),(91,3663),(92,16783)]	85.850573
273	[(0,13135),(4,8968),(5,31),(9,30386),(10,29982),(13,26995),(15,8374),(17,11710),(18,10984),(19,179),(21,26054),(22,17898),(23,280),(24,27467),(25,13026),(26,27827),(27,23219),(28,27801),(29,24282),(30,6877),(35,23768),(37,16893),(38,29318),(42,19097),(43,23371),(46,13138),(47,12438),(48,16975),(50,699),(51,9739),(52,9918),(53,2327),(57,16896),(60,11401),(62,10813),(64,16453),(69,11615),(70,2800),(71,2890),(72,12712),(73,300),(75,7896),(76,28809),(79,6490),(80,23206),(82,9490),(85,29683),(86,20723),(87,11060),(88,2311),(91,9975),(92,11065)]	87.361119
274	[(0,24699),(6,27219),(7,18623),(8,24993),(9,27080),(12,28100),(14,2577),(15,24098),(16,17289),(17,629),(19,6788),(20,6982),(24,27110),(27,23222),(30,15961),(31,19539),(36,18577),(38,20105),(39,25343),(41,2782),(43,25286),(44,14178),(47,15819),(52,1672),(53,20889),(54,12731),(60,4988),(62,1476),(64,17701),(65,14154),(70,28703),(71,1312),(72,25987),(73,19007),(75,23583),(76,25007),(80,12489),(83,5741),(86,4107),(87,25887),(88,25023),(92,18761)]	88.633787
275	[(1,24005),(3,26208),(5,29448),(6,1854),(8,8268),(16,18645),(17,23863),(18,14326),(24,19426),(25,24461),(35,4464),(37,5183),(38,14782),(39,25787),(43,10175),(50,10899),(53,18372),(56,29196),(58,18473),(59,11820),(61,4493),(65,30608),(66,29104),(71,27702),(74,20434),(76,1257),(77,17751),(78,25719),(79,11297),(80,15595),(81,15293),(85,6660),(86,7154),(87,27318),(88,17176),(90,6290),(91,13933)]	95.649906
276	[(1,14324),(2,6264),(3,15091),(5,21694),(7,20536),(9,2683),(11,26535),(12,3282),(14,9172),(18,4383),(22,23718),(24,26591),(25,27685),(28,23176),(29,26670),(30,5849),(35,11032),(36,25159),(38,1004),(39,12239),(40,887),(41,18375),(42,25427),(43,11766),(44,581),(46,22701),(47,21703),(50,27614),(55,5385),(57,2836),(59,2362),(62,10371),(64,5782),(65,22502),(67,26663),(68,22486),(69,27856),(72,21056),(76,12460),(79,2546),(81,6665),(82,17208),(89,22782),(92,2978)]	86.918914
277	[(5,1747),(8,1123),(9,18869),(10,2720),(15,593),(18,21905),(19,14984),(20,8432),(21,22174),(22,20047),(23,7043),(25,24822),(26,25898),(27,5680),(32,14957),(33,23481),(35,15910),(36,9578),(37,29020),(38,15168),(41,5403),(43,286),(45,19580),(46,24612),(48,10434),(50,6334),(51,21370),(53,10088),(54,28721),(57,10367),(62,30257),(63,24977),(64,13959),(66,7662),(67,27683),(68,25422),(71,29670),(72,17180),(73,6302),(74,25847),(75,5688),(76,29645),(77,12787),(78,6842),(79,17768),(81,24788),(82,17481),(85,28491),(86,28089),(90,15368),(92,4408)]	87.218043
278	[(1,14089),(5,23774),(7,19909),(8,9945),(9,598),(10,10299),(12,21721),(13,11289),(14,2086),(17,27343),(18,12021),(22,9412),(25,20056),(26,7503),(27,29199),(28,12514),(30,25208),(33,21135),(34,2729),(35,15650),(38,23522),(40,10165),(42,12064),(46,4919),(47,21820),(48,26442),(49,2766),(50,1215),(55,2715),(59,28464),(63,19809),(68,8639),(69,1302),(70,3008),(73,24924),(74,24064),(75,6270),(76,30078),(77,15336),(80,16862),(81,22891),(82,16789),(83,26079),(84,3176),(87,24108),(88,20683),(90,23610),(91,1848)]	105.735135
279	[(0,8223),(1,13820),(2,431),(5,27489),(6,13368),(7,18686),(9,389),(15,5575),(16,19181),(23,5893),(24,20732),(26,21830),(30,24799),(33,25244),(35,29798),(36,6545),(38,6947),(39,21094),(44,7706),(46,9242),(49,4994),(52,29221),(53,18811),(57,23593),(58,14726),(59,18043),(60,383),(61,10478),(67,13857),(70,21947),(72,8051),(73,587),(75,21863),(76,10662),(77,4152),(80,2582),(83,12049),(84,6890),(85,7103),(86,6492),(87,3806),(91,7643)]	89.160081
280	[(0,14903),(5,9831),(6,7269),(8,3932),(9,21733),(11,1869),(12,24021),(13,29977),(17,2822),(18,8),(19,11674),(24,12208),(25,2724),(27,12362),(28,7347),(29,18365),(31,30289),(32,4650),(35,28069),(37,22382),(38,8116),(39,17932),(43,25174),(44,21583),(45,7077),(47,17620),(50,20730),(55,4083),(59,12188),(60,16696),(62,19741),(64,24827),(65,10402),(66,21394),(68,13138),(69,11832),(72,2681),(76,15466),(77,12741),(78,27930),(80,15450),(82,21707),(83,5255),(87,15304),(89,8284),(91,12445),(92,28209)]	88.569890
281	[(3,19302),(6,19228),(7,18428),(10,23440),(12,28370),(15,21043),(16,8682),(17,14403),(19,28908),(21,18051),(24,2992),(26,5324),(28,3529),(30,14247),(33,25064),(36,11339),(37,22808),(38,14153),(43,8080),(44,7686),(49,6023),(51,23059),(55,16132),(56,27608),(60,23697),(61,13620),(62,22969),(64,5848),(65,16861),(66,15753),(67,21148),(70,18394),(71,19956),(74,6435),(75,16270),(76,29056),(79,18585),(80,9832),(81,17311),(82,18261),(83,29243),(85,5393),(88,13310),(89,3823)]	92.728965
282	[(0,19581),(5,30573),(8,19849),(13,20315),(16,1112),(17,26162),(18,104),(20,11404),(24,7340),(25,11255),(26,3959),(27,11542),(31,22884),(32,27565),(39,5160),(47,22643),(49,27657),(50,27291),(52,11912),(53,28022),(55,6336),(56,18343),(59,16497),(62,1589),(63,12840),(64,26329),(65,10247),(66,17881),(68,429),(69,465),(74,15369),(75,681),(77,13273),(81,7322),(83,15452),(85,665),(87,2174),(88,21192),(89,6617)]	108.104604
283	[(0,13920),(1,28789),(2,10982),(5,4898),(7,1351),(8,17623),(10,12590),(13,11273),(15,4359),(16,29360),(17,11832),(20,22755),(21,11426),(26,24225),(27,29874),(29,23977),(30,17476),(31,6066),(34,13129),(36,14565),(38,9479),(39,4675),(40,15616),(41,24191),(43,5299),(46,175),(53,17902),(55,18978),(56,27815),(60,12342),(61,29198),(64,26812),(68,12078),(70,20119),(78,339),(79,18036),(80,7009),(81,26774),(82,17906),(85,6870),(86,9875)]	85.401290
284	[(0,18270),(1,10176),(7,7187),(8,4780),(11,17836),(13,23390),(14,7324),(15,8441),(16,23451),(17,28559),(18,26736),(19,14729),(20,18186),(21,351),(23,20508),(25,3663),(26,8631),(27,16369),(32,29934),(35,537),(36,25503),(37,4324),(38,26060),(39,3049),(43,8597),(46,4899),(49,13765),(50,10408),(56,29018),(58,10938),(60,26351),(62,7834),(63,14922),(64,24075),(66,1326),(68,27342),(71,18679),(72,23586),(73,25702),(79,30384),(83,11526),(85,25883),(87,25298),(88,18244),(89,18246),(91,6138),(92,2693)]	90.127281
285	[(2,22773),(3,402),(6,24436),(7,19348),(10,21025),(11,17064),(12,19330),(13,14376),(15,16449),(18,24976),(24,8443),(25,16845),(26,14990),(30,23107),(34,27309),(35,16749),(37,12260),(39,2739),(42,4795),(49,6725),(50,1463),(51,4450),(54,16594),(57,1232),(58,11694),(59,24553),(60,8761),(68,3737),(69,6),(71,9504),(72,9860),(74,4035),(77,27923),(81,295),(82,9468),(84,20710),(85,953),(89,21519),(90,16812),(91,2554),(92,2750)]	90.036829
286	[(0,7011),(2,18859),(4,15553),(5,17165),(8,22070),(9,23518),(12,27375),(13,25708),(15,19097),(16,4977),(18,6681),(22,5990),(23,9647),(24,26894),(25,14853),(26,28903),(27,24432),(28,20549),(32,18782),(34,13086),(38,19859),(41,17701),(42,26750),(46,942),(47,6095),(48,10213),(51,23631),(52,8040),(55,10627),(59,386),(61,20763),(63,30062),(64,5036),(66,17856),(67,14811),(70,2751),(71,8335),(73,11379),(74,21757),(75,28854),(76,26307),(79,3754),(81,8848),(82,21019),(83,17139),(84,29993),(85,16026),(86,5936),(87,22305),(90,5463)]	97.260773
287	[(0,19597),(1,608),(4,21056),(5,18958),(10,4233),(11,20146),(13,20729),(16,28235),(18,25780),(19,30284),(22,20360),(23,20632),(24,8424),(28,19996),(30,29193),(38,10782),(39,10927),(41,28877),(43,11302),(44,21664),(45,23053),(46,21147),(47,19387),(49,17949),(52,22033),(55,20019),(57,19454),(58,5508),(63,5806),(64,8946),(66,8731),(68,1349),(72,4735),(73,12665),(74,12239),(75,887),(80,4818),(82,15017),(83,12663),(84,1181),(87,11409),(92,30236)]	87.233772
288	[(1,3997),(2,14037),(3,29622),(4,28898),(5,29681),(6,21693),(7,15077),(15,21819),(21,20569),(22,30077),(24,19906),(28,15344),(31,14011),(32,4936),(33,20363),(34,14146),(36,12046),(38,10033),(39,7134),(43,21960),(44,28699),(50,9868),(51,12132),(52,27928),(54,9527),(55,14696),(57,28400),(59,35),(60,4116),(61,18498),(63,6586),(64,12019),(65,4790),(67,4772),(71,24090),(72,6275),(74,11348),(75,8039),(76,11528),(80,2765),(81,26687),(82,20098),(83,26473),(89,732)]	92.569066
289	[(3,22574),(4,28573),(5,25615),(8,5334),(9,25429),(10,2341),(11,9066),(14,21381),(15,19657),(16,21379),(18,13587),(23,16189),(25,25847),(27,17062),(29,14188),(31,29812),(32,26247),(35,2140),(37,13474),(39,19535),(40,22761),(43,23023),(44,28694),(47,11806),(48,11715),(49,5884),(50,20869),(51,13905),(53,9387),(54,6835),(56,8189),(57,3823),(58,23191),(63,12897),(65,7930),(69,9526),(72,1565),(79,12092),(84,9808),(87,26474),(90,17171),(91,9669)]	91.921560
290	[(3,4827),(5,22575),(6,28576),(8,29438),(10,21562),(13,1522),(15,10334),(16,960),(17,27455),(22,28670),(24,15978),(25,22972),(27,22457),(29,1239),(30,8480),(31,15192),(32,30543),(37,28692),(40,24270),(41,2267),(42,28372),(45,8376),(46,28976),(49,6192),(52,277),(59,28887),(62,13512),(63,22519),(64,17736),(65,34),(66,12174),(72,1993),(77,10215),(82,19494),(83,7539),(84,5578),(85,3909),(86,16127),(91,28176),(92,10535)]	93.035941
291	[(5,2413),(6,9423),(7,13948),(8,10970),(9,8431),(10,22229),(13,19219),(14,2641),(18,10251),(20,28735),(21,29640),(22,14473),(23,7053),(24,9310),(25,1419),(28,20330),(29,25626),(30,22924),(31,23104),(33,15879),(34,19291),(35,3750),(37,25445),(40,8490),(41,15508),(45,4309),(46,22961),(47,243),(49,21143),(51,21392),(53,18154),(55,21732),(59,20493),(60,16115),(61,21801),(65,14180),(66,18501),(68,24571),(73,9189),(75,17597),(76,7140),(79,22327),(81,17556),(83,17679),(87,11492),(90,13803),(92,1072)]	96.617829
292	[(5,15091),(7,22227),(11,22723),(13,11976),(14,19114),(16,6669),(17,25328),(20,16300),(21,17760),(23,338),(24,9285),(25,445),(26,25044),(28,11546),(29,30217),(30,20902),(34,17774),(36,1193),(39,2343),(46,8582),(49,23488),(51,15252),(53,18561),(54,27542),(55,3778),(57,5658),(58,20520),(62,21586),(63,28062),(66,2356),(68,20692),(70,7796),(72,6324),(73,29528),(78,17125),(80,2159),(83,28174),(84,7873),(85,16008),(91,14866),(92,3799)]	87.310923
293	[(0,5618),(3,23255),(6,22862),(10,683),(13,10901),(14,29328),(15,735),(18,13575),(20,7343),(21,2663),(25,22339),(26,18585),(27,9832),(28,13639),(29,21303),(30,3656),(31,23546),(33,9461),(34,2383),(36,29462),(38,20180),(39,26204),(41,27381),(42,472),(44,15363),(45,11162),(48,30060),(49,1717),(52,24843),(53,10331),(56,7556),(58,12561),(59,1940),(62,28024),(63,17406),(65,15180),(67,22211),(68,5401),(69,17265),(70,21767),(71,4638),(72,23489),(74,2356),(77,12857),(80,28289),(84,26319),(88,7385),(91,29850),(92,7897)]	106.326411
294	[(2,21407),(3,10990),(5,15955),(6,11583),(8,13677),(9,3389),(10,584),(13,9191),(16,26316),(18,7620),(19,23694),(21,22201),(25,30188),(27,12564),(28,9631),(30,14900),(31,19416),(38,8460),(41,22705),(44,1754),(47,10692),(53,9303),(54,31),(60,29438),(62,10121),(64,6884),(65,8740),(68,9394),(71,22089),(72,2002),(73,22673),(74,26700),(75,26639),(76,22890),(77,20564),(78,15600),(79,6228),(80,17840),(82,1144),(83,27316),(84,26699),(88,19900),(89,12653),(91,27826)]	85.873778
295	[(0,520),(3,4853),(4,5649),(7,15473),(8,22992),(9,28378),(10,22649),(13,494),(16,18317),(17,3743),(18,14388),(20,7850),(23,18758),(24,29173),(28,2150),(29,8925),(32,3121),(35,6427),(36,4997),(37,1476),(39,21420),(42,7524),(43,15177),(44,29080),(45,26559),(46,22651),(47,6374),(48,17311),(55,472),(56,29187),(59,25780),(62,6117),(65,20881),(67,23601),(68,21738),(69,22961),(72,17126),(77,9448),(78,10503),(79,19266),(80,8777),(81,8875),(82,24078),(83,29501),(89,23432),(92,28778)]	88.210935
296	[(1,22806),(4,18174),(5,980),(6,24695),(12,14023),(13,19872),(15,11225),(16,6159),(18,6509),(20,6747),(21,27430),(22,20060),(26,29104),(27,5643),(28,30485),(30,11474),(36,25553),(37,13117),(42,25864),(45,9380),(50,17457),(52,14283),(53,21404),(54,24258),(55,16171),(58,3227),(59,26818),(61,30447),(62,18320),(63,10764),(64,22041),(65,10327),(67,21092),(70,27021),(73,7558),(76,18490),(78,11365),(80,13844),(82,9576),(83,15850),(88,19669),(92,27649)]	93.634389
297	[(0,1319),(2,6399),(3,28120),(4,19350),(5,4136),(8,9926),(12,17831),(15,23236),(17,282),(18,6535),(20,16109),(24,24832),(25,26975),(28,323),(29,30612),(32,6063),(34,23772),(35,6408),(38,6012),(44,15608),(45,27812),(46,5346),(48,12528),(52,27171),(53,18413),(54,13338),(55,27206),(57,12707),(59,356),(61,13091),(68,3485),(72,25574),(73,2512),(75,14768),(80,13040),(86,19233),(88,14072),(89,14470),(90,28401),(92,7390)]	87.669208
298	[(1,4228),(3,9444),(6,9833),(8,8494),(10,27184),(11,19571),(12,2005),(13,26192),(16,16650),(19,20221),(20,15557),(21,27496),(23,13144),(24,12182),(25,28160),(28,3329),(29,1822),(30,21592),(31,22898),(33,7947),(34,7396),(37,3272),(38,13900),(41,13665),(42,5578),(44,26691),(48,14947),(49,11632),(52,10579),(54,22317),(55,27613),(57,21333),(61,29318),(65,14597),(66,30349),(68,772),(69,14542),(73,12997),(74,3218),(75,9701),(76,30610),(77,28098),(78,27250),(80,7388),(81,24703),(82,25227),(83,27921),(86,15979),(87,26061),(89,302),(91,3410),(92,22923)]	86.624844
299	[(0,27579),(2,9863),(3,3668),(4,14817),(7,17583),(8,3011),(9,10929),(10,2772),(13,9931),(14,16387),(15,24062),(18,5396),(20,8791),(23,7358),(24,25726),(26,15596),(30,21600),(31,25063),(33,10654),(34,12264),(35,17573),(38,23303),(40,3477),(41,15243),(42,17519),(46,4999),(50,14596),(51,11752),(54,6099),(56,23420),(58,4920),(64,6876),(69,3040),(70,29559),(74,29486),(76,8891),(77,11416),(78,14285),(81,24754),(82,13103),(83,11122),(84,26366),(87,6461),(89,10762),(92,9950)]	93.690661
300	[(1,9512),(2,7715),(3,9131),(4,18906),(5,3110),(8,13136),(10,18227),(11,13997),(15,13332),(17,30167),(19,3977),(20,2777),(23,4441),(26,21067),(29,2063),(30,21599),(31,6577),(33,15938),(36,3161),(38,17471),(39,23430),(40,30254),(44,12014),(45,7497),(46,13481),(47,12345),(52,22160),(53,16124),(59,9247),(67,17964),(69,12358),(74,27688),(75,8223),(77,13718),(79,8005),(85,25588),(87,27279),(88,5903),(92,16094)]	86.958156
301	[(0,9321),(4,2022),(6,4372),(8,18039),(11,6632),(15,9326),(16,28947),(18,30307),(22,14775),(26,11551),(27,25415),(29,7824),(30,15734),(31,7352),(34,5952),(37,27384),(38,23818),(40,12429),(41,2854),(42,20122),(45,9217),(50,21991),(51,18042),(52,16260),(53,18866),(56,21434),(58,1240),(59,8507),(64,2088),(68,14336),(70,13323),(72,10141),(73,9928),(75,29796),(76,16502),(77,27751),(78,684),(84,28752),(87,254),(88,3592),(89,27082),(90,4864),(91,3927)]	87.230370
302	[(1,8519),(3,7528),(8,4764),(11,14671),(12,30409),(13,22589),(16,6174),(17,19349),(18,4441),(23,29087),(24,5766),(25,7264),(26,8332),(27,10727),(28,16108),(30,29432),(31,17100),(38,9928),(43,23730),(44,30014),(46,14748),(49,8574),(50,25601),(56,21222),(58,16311),(59,10043),(60,20082),(62,28189),(64,22568),(66,25041),(68,2274),(69,1869),(71,7328),(73,16989),(74,906),(76,4075),(77,29302),(78,13453),(80,7517),(81,28493),(86,16740),(87,8090),(88,20546),(90,18168),(91,19857)]	96.300021
303	[(0,14765),(1,15660),(2,24051),(4,16086),(5,23916),(7,131),(9,11377),(10,25302),(11,16813),(14,13196),(17,11517),(18,10181),(19,6899),(23,29079),(24,14812),(29,9398),(30,30027),(35,25545),(36,6930),(37,28655),(38,25370),(39,28926),(44,20661),(45,11639),(48,13569),(53,10348),(56,29143),(58,11741),(61,25326),(62,22129),(71,607),(72,14237),(73,11244),(74,6433),(79,7900),(81,16771),(83,9967),(86,3510),(88,23816),(89,15853),(91,1716)]	89.044483
304	[(0,19572),(3,17205),(6,99),(8,28153),(10,6756),(11,2774),(12,20801),(13,21628),(18,10354),(21,10579),(26,19341),(29,13384),(31,512),(36,2575),(38,11638),(40,23092),(45,2048),(46,16534),(47,26584),(48,9222),(50,28591),(51,28428),(52,1147),(56,23098),(57,20209),(58,25500),(59,2900),(60,13425),(62,21112),(64,12810),(66,22886),(67,14813),(68,22098),(74,6490),(75,24302),(81,28762),(84,29047),(85,12835),(91,28405),(92,5140)]	107.981449
305	[(1,15672),(6,15866),(9,796),(11,1451),(12,19002),(14,19237),(15,19363),(16,26973),(19,2656),(26,15451),(28,15078),(30,20017),(32,19158),(33,27456),(34,7106),(36,15020),(38,6727),(40,28335),(41,17617),(42,4376),(43,2146),(44,28330),(45,712),(46,15895),(49,10938),(50,13622),(52,12848),(53,18501),(56,21725),(57,22301),(60,26167),(61,18270),(62,10176),(65,12232),(66,23926),(67,17099),(69,15234),(71,9130),(73,13876),(74,1230),(75,28758),(76,8939),(77,4094),(83,10542),(84,7352),(85,7497),(86,16714),(87,16500),(88,11427),(89,14495),(90,1611),(91,27387),(92,14965)]	85.157869
306	[(5,30585),(6,895),(7,25988),(9,28947),(10,753),(12,28946),(14,15273),(17,10206),(18,1878),(21,21959),(23,19730),(24,27022),(26,10090),(28,20187),(30,6847),(37,13954),(38,6501),(40,635),(42,21414),(44,3643),(45,24493),(47,14910),(49,23735),(58,17111),(60,27573),(62,3545),(63,5585),(66,13360),(71,13393),(72,1682),(73,5003),(74,20854),(76,15181),(78,14952),(80,29457),(81,6591),(86,19026),(89,26555),(90,12221)]	90.131140
307	[(1,3246),(2,1329),(3,3908),(4,937),(9,7534),(10,26609),(11,27468),(12,20953),(13,13245),(15,22843),(16,16857),(17,13126),(19,95),(21,1337),(22,7242),(25,17557),(28,25404),(33,12078),(37,26230),(38,2336),(39,16394),(40,16946),(43,3862),(44,13149),(46,19089),(47,19189),(48,17293),(49,16722),(51,1415),(53,30586),(54,8829),(57,14065),(58,19187),(59,22951),(61,16371),(62,10166),(63,12826),(65,25974),(67,20268),(79,25748),(81,2453),(84,17901),(85,21204),(86,6243),(89,12672)]	102.163471
308	[(4,11031),(5,25821),(11,16425),(14,13829),(16,2512),(22,20595),(23,4607),(24,18863),(26,20532),(27,2614),(31,1272),(33,11943),(34,16683),(35,23007),(36,23001),(37,14920),(40,384),(41,22736),(47,27204),(49,7003),(50,590),(52,17555),(55,25960),(57,23221),(58,15273),(61,10206),(62,1878),(65,21959),(66,5816),(68,17960),(71,8662),(73,8510),(75,24316),(76,8537),(77,3348),(78,21281),(79,12498),(80,26483),(82,16015),(84,5233),(87,18231),(90,17009)]	86.519894
309	[(0,1686),(3,1984),(4,11143),(5,30414),(6,15432),(7,22368),(13,27958),(15,19319),(18,17240),(19,1469),(23,14596),(24,11752),(26,2994),(30,6094),(32,8226),(35,23583),(36,6660),(37,15647),(39,25276),(44,14277),(48,19062),(49,835),(50,14432),(51,15500),(54,22282),(56,14432),(58,24983),(60,615),(61,66),(67,26815),(70,28474),(73,11615),(75,9449),(76,13669),(78,125),(79,17559),(82,27743),(83,27517),(84,6583),(89,23599)]	85.803912
310	[(4,8942),(5,6505),(9,18275),(10,17872),(13,5634),(17,20918),(19,10394),(21,11607),(26,17062),(27,23892),(28,18100),(30,26817),(31,14755),(32,30038),(33,19777),(34,24),(37,1147),(42,2796),(45,7202),(46,8377),(49,14164),(50,28788),(51,1294),(53,18008),(54,25915),(56,12705),(57,8717),(58,2854),(60,13484),(64,29977),(72,983),(74,17390),(76,8890),(77,17805),(78,3823),(79,23191),(81,27791),(86,1814),(87,9675),(88,21927),(91,16442),(92,24613)]	87.916196
311	[(0,14126),(1,8502),(5,252),(8,23915),(9,9825),(13,16703),(15,27155),(16,8856),(20,15113),(23,16841),(25,8399),(26,18762),(27,21537),(30,17636),(35,14534),(36,8018),(39,824),(41,16838),(44,18513),(45,29117),(46,11421),(47,25177),(49,20332),(54,21464),(58,20783),(59,12906),(60,3916),(61,27708),(62,3789),(63,8627),(65,25387),(66,11054),(67,24017),(68,790),(69,507),(70,26386),(72,5457),(74,2581),(75,14051),(76,25506),(77,7720),(79,30571),(85,3643),(87,984),(90,30430)]	87.336051
312	[(0,6835),(2,6900),(5,10897),(6,27403),(9,15088),(12,22459),(13,10455),(15,20485),(16,29011),(23,17907),(26,15354),(27,29102),(28,10394),(29,15001),(31,8991),(32,25417),(33,13752),(34,1227),(35,24118),(36,24900),(37,9516),(38,15061),(39,28041),(40,8078),(42,29399),(45,24142),(46,15137),(47,15136),(50,16820),(51,1851),(52,2410),(53,24),(55,18068),(56,29441),(57,4710),(58,21297),(60,276),(61,18184),(67,11558),(68,25079),(75,22262),(78,28972),(80,22729),(81,29207),(83,7363),(85,8634),(88,29709),(90,30621)]	87.406929
313	[(0,2513),(1,24277),(2,19118),(3,11192),(4,6470),(6,21652),(7,17711),(8,27471),(10,23307),(11,15199),(15,17131),(20,27577),(23,10741),(24,778),(26,15389),(27,22945),(30,16692),(32,29376),(34,18310),(35,23384),(36,15926),(40,2752),(42,25294),(45,20019),(46,2674),(47,20584),(49,6092),(50,20857),(51,23995),(52,27603),(53,22385),(56,27531),(57,9517),(59,11076),(61,19600),(63,17604),(68,23040),(73,22101),(75,9643),(77,21946),(78,22175),(79,19458),(82,19736),(83,8621),(84,25687),(88,2004),(89,715),(91,12138),(92,13037)]	162.707738
314	[(0,20978),(2,316),(3,11406),(4,26578),(5,4178),(9,7912),(10,4978),(12,23792),(16,28280),(17,11135),(18,11546),(20,5492),(22,5753),(25,2145),(26,30471),(27,29021),(29,22330),(32,5809),(33,16047),(35,5479),(37,761),(38,6148),(39,22812),(41,29124),(42,26289),(45,19617),(47,7636),(48,19040),(49,16499),(50,9654),(51,8772),(55,7381),(58,20229),(60,16228),(64,15838),(69,8985),(71,16690),(73,19586),(76,30637),(78,27651),(82,23028),(86,3445),(89,21737),(90,15880),(92,12632)]	196.065334
315	[(0,28018),(2,4524),(8,17557),(10,2526),(14,2670),(15,15140),(17,6273),(19,15752),(21,18337),(26,5254),(29,11389),(30,2495),(36,7021),(39,12269),(43,17054),(44,29980),(47,7775),(50,14967),(52,5793),(53,22301),(55,20809),(56,7877),(57,8515),(58,16623),(59,9200),(60,19656),(61,20793),(63,23992),(64,13671),(71,14575),(74,11463),(75,1753),(76,27639),(80,16050),(82,1653),(85,28717),(87,27183),(89,10327),(91,24179),(92,21989)]	196.667574
316	[(2,23792),(3,12245),(6,20052),(8,9941),(13,1633),(14,30521),(19,1790),(23,7537),(24,5642),(25,29466),(28,24505),(29,4454),(30,24973),(31,11005),(32,13853),(34,27289),(35,10126),(39,11557),(41,18306),(42,26630),(44,27005),(45,26967),(48,4967),(49,6891),(50,26321),(51,8339),(52,27378),(53,25864),(54,2731),(58,11286),(60,14462),(61,3464),(63,18199),(64,10779),(66,11490),(67,10967),(68,14744),(71,20338),(72,3676),(74,8681),(76,12488),(81,19339),(82,8759),(84,27508),(88,12138),(89,7627),(90,28756)]	206.566953
317	[(3,318),(5,13770),(6,5764),(11,17063),(14,14620),(17,691),(18,16324),(19,16176),(21,14463),(23,7296),(29,30052),(30,18532),(32,3609),(34,27375),(35,25708),(36,3311),(42,5085),(44,4283),(48,29283),(52,20825),(54,15072),(56,29288),(57,10953),(61,13689),(62,27235),(64,19554),(65,27919),(69,18943),(70,23340),(71,22895),(72,28040),(76,12760),(81,29562),(83,10259),(84,17527),(88,10583),(91,8196)]	186.132128
318	[(0,22411),(6,27666),(8,14553),(12,3306),(13,7381),(16,24036),(19,30550),(20,10888),(21,17747),(26,18295),(27,17055),(28,5665),(31,19051),(32,5782),(33,22502),(35,6700),(38,14387),(41,13989),(42,25897),(43,7299),(46,8138),(49,4243),(50,26679),(52,1319),(53,18119),(56,4430),(57,26422),(59,9476),(61,11941),(62,13005),(65,4398),(66,23596),(70,17578),(71,26880),(74,30449),(76,23849),(78,20042),(82,16289),(85,26592),(89,30031),(90,15335),(91,3383)]	189.170220
319	[(0,16926),(2,8606),(3,17566),(4,20164),(6,154),(8,10456),(9,30116),(10,7709),(11,30144),(14,17990),(15,9185),(16,8113),(17,4243),(19,12892),(20,23510),(21,2673),(22,29428),(23,24107),(24,15530),(26,327),(27,24206),(37,22857),(38,7956),(40,23967),(41,2563),(44,234),(50,39),(51,28156),(53,13988),(54,562),(57,10918),(59,3871),(62,3498),(63,3877),(65,18216),(68,16114),(69,22980),(73,23984),(74,27154),(75,18071),(76,5292),(78,23939),(79,8744),(85,29473),(86,21051),(89,8730),(90,6700),(92,3141)]	180.439094
320	[(3,12772),(5,21499),(8,7033),(12,14135),(13,179),(14,17157),(20,8928),(21,17316),(22,21674),(23,15330),(24,26426),(26,25501),(27,10052),(28,11071),(29,20970),(31,25762),(34,2867),(36,29853),(37,5059),(39,27725),(40,29216),(42,13734),(43,21591),(44,20074),(46,11223),(54,2884),(56,24204),(57,7342),(58,8688),(64,27763),(65,7315),(66,7279),(68,16117),(72,2800),(73,2890),(74,12712),(75,300),(76,5948),(77,15000),(78,19689),(79,1195),(80,1170),(82,14666),(83,28489),(84,24335),(86,20690),(89,4728),(90,12408),(91,30440)]	215.599719
321	[(1,18273),(2,14617),(3,5468),(4,17612),(5,21649),(8,22398),(10,25777),(15,2568),(16,26117),(20,16768),(23,25809),(25,7263),(26,18011),(28,7749),(29,14587),(30,9167),(32,11094),(33,15540),(34,12015),(37,5290),(39,8704),(42,24263),(43,24643),(45,12944),(46,29406),(48,28868),(49,24011),(50,11676),(51,13372),(55,22643),(56,24606),(57,2825),(59,5820),(61,2679),(62,11148),(63,23155),(65,10068),(66,2439),(71,28632),(73,23675),(74,18841),(79,15792),(80,20023),(81,20418),(83,14768),(89,7256),(91,28251),(92,19801)]	198.435231
322	[(0,15901),(1,8349),(4,23358),(5,29466),(9,18109),(11,22974),(12,5276),(16,7884),(17,12548),(19,9503),(20,5563),(22,29007),(24,12683),(25,15858),(26,3033),(27,9628),(34,12600),(35,11111),(37,25599),(39,7510),(43,21872),(44,16133),(45,29927),(46,13133),(48,6561),(51,19494),(52,15839),(53,23687),(57,20246),(58,29490),(61,18936),(62,10803),(65,9156),(69,23870),(70,16834),(72,6847),(75,8750),(76,22206),(78,15736),(85,6400),(90,27985),(91,22259),(92,24815)]	184.494738
323	[(0,16783),(1,7926),(5,30641),(7,21714),(11,14742),(14,1475),(15,15620),(16,26492),(17,660),(20,7808),(24,17233),(27,23067),(28,14084),(30,13931),(32,17405),(33,3808),(34,3875),(37,4087),(38,26491),(40,26367),(41,1881),(42,18350),(43,3423),(44,21095),(48,25362),(50,22262),(51,14105),(53,20856),(54,4434),(56,25719),(57,11297),(58,20061),(60,16265),(63,4255),(71,22979),(73,17),(74,25870),(77,5709),(78,15576),(79,25988),(80,9902),(82,21063),(83,16966),(84,30071),(85,21080),(86,26542),(90,2118),(91,14417),(92,21985)]	191.288947
324	[(1,4301),(2,22090),(5,25322),(10,13691),(13,17663),(15,9415),(17,14104),(22,7270),(26,4419),(29,8325),(33,24165),(36,1627),(37,4552),(45,16149),(46,15758),(47,29619),(49,892),(51,711),(56,24624),(60,10847),(61,12804),(66,21361),(67,28194),(70,23805),(73,7640),(75,12735),(76,19020),(78,20262),(79,11384),(80,16318),(87,7638),(89,23087),(92,20044)]	190.145873
325	[(0,4268),(1,27188),(2,46),(4,6027),(5,14210),(6,24979),(7,4378),(8,12307),(10,24107),(14,26127),(15,1537),(16,30534),(18,8339),(24,13727),(25,4616),(26,10516),(27,23267),(31,24461),(33,4859),(34,19999),(35,16560),(37,20796),(38,29345),(39,20981),(44,9365),(49,21133),(51,23156),(52,3182),(53,17285),(55,26817),(56,7353),(59,16579),(60,27831),(64,7464),(66,9898),(67,10370),(71,2294),(73,8164),(75,28134),(78,25042),(79,4668),(81,7720),(86,3289),(90,3733),(91,13764)]	193.970827
326	[(4,6829),(6,27023),(7,27656),(8,24299),(9,14216),(12,9185),(13,12338),(15,29341),(16,12381),(19,6084),(25,5584),(26,476),(32,24053),(33,3709),(36,14065),(37,19187),(39,20103),(40,21842),(42,15278),(43,7738),(46,18678),(47,25405),(48,27349),(49,12855),(53,8838),(57,26437),(58,19991),(59,7409),(60,823),(61,23063),(62,20305),(64,20785),(67,12049),(70,13505),(72,25807),(73,1602),(75,20422),(77,9297),(78,12352),(79,16970),(80,22166),(84,12248),(85,27807),(87,11470),(88,23803),(89,8336),(90,25179)]	201.799154
327	[(0,8405),(2,14782),(5,29298),(6,9027),(15,26577),(17,12931),(18,141),(19,8576),(20,12115),(21,20479),(22,1364),(23,10793),(25,21515),(26,13186),(27,5370),(28,22908),(29,20397),(32,2133),(33,14262),(40,27503),(43,22093),(46,13826),(48,22710),(49,628),(50,21464),(52,26841),(53,4959),(56,9220),(57,21578),(58,9940),(62,9725),(63,26364),(64,16592),(65,17474),(68,15701),(70,24853),(71,18673),(73,18655),(74,30207),(75,13505),(79,11477),(81,13640),(83,28791),(84,7223),(86,22152),(88,10206),(89,7451),(90,14155),(91,11635)]	183.380646
328	[(4,14916),(5,28881),(8,24502),(9,3037),(10,5421),(13,16408),(14,26993),(15,1451),(16,11532),(18,5472),(19,2944),(24,24633),(25,10161),(26,27122),(28,8698),(29,5891),(30,2585),(31,18952),(34,14087),(37,2250),(41,30159),(45,17670),(49,10502),(54,3727),(55,23128),(56,9367),(57,1593),(59,17357),(65,23771),(66,5285),(67,121),(68,5229),(70,10457),(73,6094),(78,20178),(83,20956),(84,4945),(87,10022),(88,7667),(89,3934),(90,8685)]	208.144555
329	[(0,4337),(1,10381),(2,4515),(4,29639),(5,22379),(6,18046),(9,15794),(10,1189),(11,20242),(12,10921),(13,26534),(15,20937),(16,13346),(17,24636),(20,24844),(26,14829),(28,16947),(29,15768),(33,19940),(36,24853),(42,23885),(43,13402),(45,13543),(49,28735),(51,18880),(53,30303),(54,14850),(57,8952),(59,7995),(61,26006),(62,22788),(63,5918),(66,10573),(67,2913),(68,14366),(70,9330),(72,6133),(73,8915),(74,29324),(75,29421),(76,30374),(77,29110),(78,16991),(80,21678),(83,14730),(84,4076),(85,29130),(86,329),(88,8768),(90,5662),(91,19494),(92,15839)]	187.138582
330	[(0,23939),(5,23629),(6,3325),(7,29275),(8,1127),(10,27556),(16,15726),(17,9782),(18,23891),(19,13121),(22,17959),(26,8630),(30,25494),(34,3053),(35,26124),(38,3730),(40,20661),(41,1271),(42,28550),(44,5577),(45,18828),(49,9500),(50,13758),(51,27657),(54,24138),(55,17177),(56,11523),(57,7534),(58,27912),(60,7089),(64,24939),(66,29873),(68,8962),(70,4592),(73,18665),(74,18809),(75,4940),(78,12501),(80,29554),(81,15245),(83,27962),(85,342),(86,10305),(89,15459),(90,23471)]	200.262412
331	[(0,19848),(1,967),(2,5),(8,15065),(13,10981),(17,3538),(18,21965),(19,13651),(22,6464),(24,10433),(28,28056),(31,20031),(33,25169),(34,23392),(36,21593),(37,29639),(42,5024),(46,28880),(47,12048),(49,4166),(51,4189),(52,5328),(55,15222),(56,30543),(58,4504),(61,3003),(62,18727),(65,28642),(73,2679),(74,2638),(75,29872),(77,4457),(82,27367),(83,6229),(84,21611),(87,1654),(88,6282),(89,10949),(90,29246),(91,8773)]	220.438648
332	[(4,2486),(5,22321),(7,6605),(9,27112),(11,6012),(12,16056),(14,17594),(16,2731),(19,16298),(24,24970),(26,2081),(27,29201),(29,29590),(31,12623),(32,6735),(38,4256),(40,21424),(42,29183),(45,30501),(47,6472),(48,13038),(50,20801),(51,17852),(52,2386),(53,1788),(55,4184),(57,7881),(59,169),(61,24565),(62,14211),(66,2393),(69,30423),(70,26509),(72,11765),(74,5921),(77,9181),(78,8443),(80,25958),(81,28055),(82,8469),(83,28918),(84,30478),(86,24117),(91,1382),(92,28973)]	135.423837
333	[(0,20878),(3,24106),(4,3447),(6,17747),(9,15612),(10,536),(12,27700),(13,27242),(14,24221),(16,21677),(20,17122),(22,4796),(23,9874),(29,19225),(32,4754),(36,3539),(37,22009),(38,26635),(42,15633),(44,28483),(48,7331),(49,23138),(50,16278),(51,30357),(54,17184),(55,27881),(57,5290),(59,22266),(60,23501),(67,24499),(68,15899),(69,21152),(71,21075),(73,5012),(77,17850),(78,17659),(80,1862),(81,24610),(84,902),(86,26014),(87,25139),(89,19061),(92,19079)]	92.785999
334	[(1,7686),(4,22502),(5,3322),(7,6696),(8,2397),(11,7199),(15,6217),(16,13632),(17,23904),(19,27276),(21,7235),(22,17537),(23,9311),(25,21277),(28,15726),(30,2293),(32,26375),(34,9526),(40,25536),(41,7556),(42,9263),(50,13742),(51,13631),(52,10039),(53,6475),(56,25508),(57,23862),(58,18673),(63,24378),(71,2734),(74,22183),(83,26375),(86,4494),(87,23412),(88,1781)]	93.193935
335	[(4,7239),(6,10579),(8,7388),(11,29149),(13,1004),(15,10453),(18,1057),(19,25216),(20,14038),(21,1662),(22,24239),(28,22450),(29,17664),(30,26275),(32,549),(33,13330),(35,6499),(36,11671),(38,21117),(40,30106),(42,121),(44,22516),(45,41),(46,19379),(47,21863),(48,16702),(49,1926),(53,26415),(54,25909),(56,12651),(58,2165),(59,28279),(63,12562),(64,2390),(65,16921),(67,25994),(68,13709),(69,15292),(73,4611),(75,17187),(77,10367),(80,1680),(82,3788),(84,19459),(85,23816),(86,15853),(89,1024),(91,10508)]	88.343221
336	[(0,612),(1,4206),(6,2937),(7,4464),(10,3922),(11,24540),(13,28384),(14,11756),(16,17034),(18,16633),(19,3102),(23,15015),(25,6065),(29,19658),(32,15833),(33,12348),(34,20108),(38,10786),(39,18910),(42,21934),(45,29672),(46,23694),(48,18191),(49,13368),(50,12336),(51,13483),(54,25187),(57,27088),(59,18319),(60,5377),(61,10434),(62,10801),(64,25417),(65,13752),(66,26599),(68,7394),(72,5126),(76,23891),(77,13121),(80,17713),(83,12930),(84,28567),(85,30503),(90,448)]	92.485775
337	[(1,17761),(5,20458),(8,29014),(11,19294),(13,17829),(14,386),(17,1116),(18,11141),(19,10136),(20,11625),(21,4122),(22,27662),(23,13912),(24,5993),(25,6740),(27,6835),(30,26032),(33,5164),(35,21885),(36,7684),(37,9189),(40,9977),(41,9127),(42,25536),(43,25025),(44,7751),(45,8165),(46,2235),(48,9564),(49,29461),(51,26126),(52,24424),(54,30017),(55,27445),(57,18079),(60,26410),(61,23702),(62,27904),(66,13430),(67,7680),(68,17383),(70,25184),(72,6792),(80,11975),(83,23324),(85,24130),(86,5896),(87,24461),(90,15355)]	90.832080
338	[(0,27042),(1,7361),(3,11591),(5,28017),(7,28713),(9,18443),(11,18895),(12,24157),(16,13703),(18,10133),(21,28284),(23,3329),(24,23246),(25,24926),(27,5701),(31,2229),(32,4329),(35,16823),(36,24462),(39,27339),(42,14541),(43,23221),(44,1859),(45,28995),(46,20172),(48,4891),(49,16000),(50,28159),(52,3056),(53,16953),(54,17944),(56,2391),(59,18115),(61,7234),(64,19741),(65,18078),(66,22472),(72,11116),(74,23781),(75,20701),(76,25516),(77,20691),(79,1533),(82,18623),(84,10413),(85,8079)]	86.796447
339	[(0,1327),(4,12326),(6,8361),(9,4574),(15,19519),(16,8482),(17,18178),(18,17696),(22,16843),(23,2742),(24,12550),(25,28605),(29,17638),(30,18745),(37,849),(38,14148),(41,14456),(45,25966),(46,7404),(47,2956),(54,20318),(59,24169),(64,30334),(65,2081),(68,25791),(73,5682),(79,30389),(83,21155),(85,27753),(86,9641),(87,17318),(88,29721),(92,28880)]	87.332550
340	[(1,14556),(3,11095),(4,689),(5,12544),(7,28650),(8,21245),(9,20686),(12,15814),(20,23878),(22,9658),(23,30645),(28,17813),(34,2525),(35,12715),(38,21444),(39,10829),(42,11418),(45,17960),(48,8662),(49,25477),(52,17178),(53,12134),(54,3783),(55,19781),(57,12333),(58,11559),(59,22601),(60,24203),(62,9246),(64,6913),(65,6545),(66,15382),(70,12024),(74,25966),(76,28551),(79,15403),(82,18670),(83,29141),(84,30605),(90,7474),(91,1081),(92,21575)]	94.348265
341	[(1,10064),(2,5697),(5,24206),(7,1256),(8,7443),(13,23161),(14,17800),(15,9754),(16,22022),(17,18525),(18,22218),(24,23165),(25,4574),(27,3381),(28,22475),(31,14665),(33,4967),(34,28625),(37,24892),(39,29422),(40,10188),(41,27907),(42,4520),(44,13549),(45,1616),(49,14330),(52,14436),(53,19123),(56,14373),(57,12102),(59,4119),(61,24108),(62,20683),(64,23610),(65,14790),(67,26491),(68,26903),(69,21107),(70,24528),(72,9527),(73,14696),(74,27839),(76,28146),(80,6496),(83,15111),(84,19790),(86,27117),(87,1726),(89,26103)]	108.692599
342	[(2,24399),(3,13562),(4,17723),(5,19537),(7,7219),(8,11145),(9,11593),(12,8468),(13,26715),(18,16663),(19,547),(21,17952),(23,21164),(25,14757),(26,13326),(31,5791),(32,29497),(34,22352),(35,18509),(37,19742),(38,3645),(39,4148),(40,27485),(43,11800),(44,19170),(45,8930),(46,2291),(47,26862),(48,27955),(50,2474),(53,16148),(54,20923),(55,2329),(60,12758),(62,26642),(64,29848),(65,29729),(67,29171),(68,21018),(69,2058),(70,2805),(73,2124),(74,25773),(75,6899),(77,11841),(78,2835),(83,8067),(84,5446),(89,5336),(90,19797),(91,573)]	86.925426
343	[(2,11701),(3,16151),(7,1556),(9,21240),(10,9470),(12,8702),(13,1703),(14,12218),(15,3910),(18,9497),(19,8178),(21,29945),(25,25243),(27,13755),(30,24755),(31,10075),(32,23879),(33,14130),(36,25174),(38,29172),(39,146),(40,13087),(43,690),(46,21597),(47,18205),(48,15706),(50,28688),(53,27187),(54,1109),(56,22778),(57,16747),(58,8729),(59,8133),(60,20609),(61,132),(64,11356),(66,27903),(70,8651),(71,14961),(73,25816),(74,5561),(75,19135),(81,8208),(83,15709),(85,28740),(86,21316),(91,26379)]	89.257125
344	[(0,22056),(1,5220),(2,30591),(5,9025),(8,26925),(9,24194),(10,7472),(12,13725),(14,23934),(15,26994),(16,19871),(18,25782),(19,15228),(20,5654),(24,14915),(25,24301),(29,10905),(32,3397),(33,20697),(34,13882),(36,25952),(37,20362),(38,3873),(41,8014),(43,17422),(46,6812),(47,27312),(48,22788),(50,28887),(51,9776),(52,23239),(53,2168),(54,3610),(56,6031),(57,22756),(58,3661),(59,8836),(60,15225),(64,14193),(66,20298),(69,24447),(71,20243),(72,28918),(73,30558),(74,16647),(78,19303),(80,25799),(86,27619),(88,21401),(90,22920)]	93.561138
345	[(5,15563),(10,256),(11,6107),(12,10842),(13,19688),(14,19699),(20,20224),(23,18807),(24,8381),(31,10226),(35,28875),(39,23955),(40,25143),(46,27681),(49,21855),(51,11049),(56,6059),(57,6691),(59,4047),(62,1452),(64,17430),(65,20165),(66,29805),(68,28292),(71,2831),(72,16694),(74,6212),(75,7352),(76,11336),(78,13823),(84,28884),(88,10118),(89,4044),(91,3115)]	103.480522
346	[(2,6401),(3,3326),(4,3566),(5,6581),(7,6523),(8,20204),(11,17137),(12,21582),(14,23627),(15,13315),(18,19113),(20,17884),(21,16032),(22,25408),(23,25386),(25,8412),(26,28210),(27,3337),(30,23284),(31,14365),(33,25202),(35,15120),(36,8517),(38,15679),(40,17125),(42,2159),(44,1693),(46,21390),(47,11299),(48,16743),(49,26976),(50,19201),(54,17554),(55,11273),(59,22037),(61,15675),(62,2607),(64,3695),(72,22553),(75,8323),(77,29390),(78,17292),(83,30073),(87,18245),(88,3806),(91,17755),(92,13503)]	94.912045
347	[(1,13023),(2,214),(3,20729),(8,5846),(9,16527),(11,11348),(12,9319),(13,12357),(15,5682),(16,6995),(17,10400),(18,11538),(21,8750),(23,9320),(25,4710),(26,17920),(28,7015),(31,10180),(32,27691),(33,24614),(34,26449),(35,4126),(36,23272),(38,11473),(41,12117),(42,16757),(46,20634),(48,26810),(58,12749),(61,7680),(64,26302),(69,12740),(70,5183),(71,13789),(78,5365),(80,1667),(81,27055),(82,28240),(83,7700),(84,25718),(86,4429),(87,1570),(89,15316),(90,19148),(92,15873)]	93.493074
348	[(0,24148),(1,29808),(2,12570),(3,4069),(7,1444),(8,23070),(9,12183),(12,867),(14,11306),(18,27067),(26,8989),(27,24897),(28,4379),(31,7781),(37,12995),(38,3013),(41,13437),(42,10471),(43,10967),(44,14744),(46,13086),(47,13229),(49,11788),(52,11697),(53,29324),(54,29421),(55,28499),(56,26928),(57,21163),(59,25655),(60,5657),(61,17524),(62,3081),(63,2622),(66,2747),(67,16492),(68,23960),(73,28518),(77,4532),(80,14104),(81,27877),(84,22368),(91,16261),(92,22759)]	87.553361
349	[(7,4247),(14,12148),(15,2622),(16,12606),(19,29374),(22,19764),(23,28592),(26,1872),(27,20929),(29,11563),(30,459),(32,5647),(33,6283),(37,4163),(40,11303),(43,16843),(47,7528),(49,6176),(50,30029),(51,1198),(53,16177),(54,3769),(57,23054),(58,5199),(59,20253),(63,17781),(65,10055),(67,1898),(74,9712),(75,10341),(76,5769),(77,9142),(78,16380),(84,28369),(87,23978),(90,1873),(91,7295),(92,27512)]	88.235019
350	[(0,27989),(5,21771),(6,28028),(8,27421),(9,29866),(12,15186),(14,5425),(19,6271),(23,4029),(24,21574),(32,19789),(34,21336),(36,29678),(37,8855),(43,7549),(44,30017),(45,20403),(46,22750),(47,10736),(50,11032),(51,25159),(53,25517),(54,13344),(55,7329),(56,19662),(59,7049),(60,9495),(65,2453),(70,3964),(72,5482),(75,10732),(78,28300),(79,837),(82,23620),(84,12472),(86,15064),(91,13298),(92,30051)]	89.635755
351	[(0,8612),(1,2803),(2,24945),(6,5684),(12,10961),(14,5938),(15,28685),(16,19534),(17,15069),(19,8752),(20,14882),(22,2704),(25,25771),(26,24676),(27,17973),(28,20565),(30,14616),(31,17929),(33,5488),(34,23094),(38,992),(39,21370),(40,6108),(44,27231),(45,6607),(46,13202),(48,17789),(49,13426),(55,23488),(56,16925),(57,13241),(58,21984),(61,25568),(62,6758),(63,28081),(66,980),(67,26386),(74,3742),(76,4265),(77,14458),(78,24264),(81,25288),(83,11140),(84,5949),(85,15682),(86,1737),(89,30564),(90,30379)]	98.752477
352	[(1,19603),(2,14150),(3,1458),(6,18052),(7,9738),(10,19293),(14,12180),(16,7357),(20,23134),(21,27437),(22,12649),(27,23606),(29,24170),(31,3452),(36,9822),(38,27960),(46,3104),(47,15855),(48,21377),(49,15208),(50,21625),(52,10440),(53,12173),(54,22110),(55,1372),(57,19455),(58,13156),(64,6686),(68,3513),(69,20884),(70,18254),(71,14759),(74,23430),(76,7588),(80,1376),(83,20839),(84,22764),(85,17409),(86,22823),(88,18264)]	108.040679
353	[(0,7533),(1,7959),(3,28743),(4,25381),(5,11319),(7,19467),(10,24892),(13,4158),(17,10761),(18,2932),(19,17405),(21,27907),(22,21039),(23,2153),(24,14255),(25,29279),(27,17992),(28,28110),(29,7025),(30,16263),(31,20183),(32,30379),(35,9024),(37,11655),(38,21300),(44,12841),(47,26297),(50,21853),(51,18690),(54,24583),(57,17845),(59,28256),(60,14528),(61,3639),(63,29418),(64,20191),(65,22173),(68,28637),(70,30315),(71,1389),(72,9159),(75,14304),(77,14310),(78,28146),(80,22852),(81,28601),(86,27738)]	85.654409
354	[(2,14260),(4,11467),(5,10343),(6,26274),(7,10393),(10,383),(11,10478),(12,137),(13,28360),(15,2853),(19,4056),(20,14819),(21,20729),(24,25550),(28,18900),(29,629),(30,11751),(31,6222),(33,28471),(35,17775),(37,25471),(42,28228),(45,8528),(47,3454),(48,16099),(49,23765),(52,3608),(60,25921),(61,29724),(63,17408),(67,16490),(68,7520),(69,20025),(71,781),(72,8049),(73,8874),(77,11038),(78,17540),(80,14139),(85,2275),(86,7111),(90,7529),(91,6530)]	89.058733
355	[(2,29494),(3,27497),(5,18519),(6,20912),(7,26556),(14,4462),(15,16462),(17,19766),(22,18412),(23,30327),(24,28969),(25,15631),(27,22174),(28,20047),(32,28105),(35,18325),(40,23906),(41,24515),(43,21824),(44,23183),(46,17829),(47,29391),(48,7710),(51,14688),(55,2636),(56,12394),(57,8430),(59,14802),(60,21359),(70,24),(71,29090),(73,5498),(74,24568),(76,3748),(77,5308),(78,25441),(79,24855),(81,667),(90,17938)]	84.493000
356	[(5,16852),(6,29288),(7,10953),(14,9240),(15,25812),(16,6803),(17,18008),(18,6073),(19,10210),(24,10073),(27,18966),(28,12153),(29,14946),(30,30358),(31,6958),(32,29767),(34,11210),(38,8997),(41,24333),(42,17917),(44,5457),(45,30494),(46,19503),(51,5857),(54,27505),(56,3830),(57,30010),(60,20178),(62,28513),(64,2687),(69,15866),(70,8325),(72,5237),(73,22296),(74,24136),(77,13487),(78,16187),(79,24244),(80,17053),(81,26485),(82,554),(85,29933),(90,8446),(91,11074)]	88.011009
357	[(6,6064),(7,14606),(8,12997),(9,3218),(10,13929),(12,4410),(13,21713),(16,10779),(19,16002),(20,2931),(21,25509),(22,19430),(23,6259),(24,11908),(25,15044),(30,26699),(32,25984),(38,20256),(40,18000),(48,28476),(49,904),(54,24789),(56,16548),(59,6944),(60,22245),(61,10072),(62,27333),(63,26779),(64,693),(65,19815),(67,22707),(68,9918),(69,2327),(76,10513),(82,26108),(84,8446),(85,11074),(86,3840),(89,30563),(92,19119)]	87.211691
358	[(5,12697),(6,23358),(7,8609),(9,16414),(10,7309),(12,22963),(14,14395),(17,7214),(18,22242),(24,25558),(25,27036),(28,25175),(29,29383),(31,25289),(32,16409),(37,24293),(38,6720),(41,10809),(43,7177),(44,14728),(45,19286),(48,14349),(49,27700),(50,10680),(51,28204),(56,29344),(57,6615),(58,18224),(59,18044),(60,28353),(61,29669),(62,8752),(63,24275),(64,15569),(65,17886),(66,4197),(67,11155),(70,824),(74,8998),(75,7502),(79,8220),(80,29485),(82,11168),(84,18684),(88,7524),(90,1035),(92,8173)]	88.169042
359	[(1,17988),(4,15555),(6,28487),(7,12070),(14,14214),(16,7726),(17,29036),(20,1875),(21,4630),(23,23441),(26,10687),(27,15612),(29,7587),(30,3319),(31,18170),(33,21324),(35,11190),(37,16787),(39,30196),(40,11626),(41,8495),(43,517),(44,17378),(48,24926),(50,10557),(51,10233),(53,24949),(56,5627),(57,2438),(65,30135),(68,28402),(70,17503),(73,26369),(74,12753),(81,23753),(89,10772),(90,8612)]	89.234202
360	[(5,7406),(6,12177),(9,8450),(10,14078),(11,27696),(13,4516),(15,8198),(16,20709),(17,28255),(18,11823),(20,25413),(21,17385),(22,546),(26,17453),(27,2941),(33,8410),(38,15272),(40,4084),(41,3710),(43,30138),(44,22998),(45,3510),(46,22115),(49,4646),(50,15126),(51,8973),(53,3560),(55,23694),(57,4795),(58,4066),(64,23291),(66,13938),(67,18979),(68,15031),(70,8260),(73,15861),(76,6107),(80,2308),(81,13419),(84,17546),(87,15584),(89,16916),(91,15597)]	84.551078
361	[(1,6420),(2,8377),(5,5134),(6,23188),(7,2866),(9,29492),(10,18350),(12,6874),(14,27234),(17,15562),(18,10664),(21,21393),(22,7455),(23,21099),(28,4807),(29,643),(32,2344),(33,765),(36,26508),(37,16490),(41,24749),(42,1303),(43,12023),(44,1495),(49,12660),(51,30008),(53,22334),(59,5871),(60,11685),(63,12192),(65,27733),(66,25557),(68,19869),(69,10050),(71,17987),(72,26801),(75,25371),(78,467),(79,5262),(80,20441),(82,24018),(84,22180),(85,5597),(86,24447),(89,12984),(90,27878),(91,3101)]	85.942175
362	[(0,7667),(1,82),(2,19371),(4,18983),(6,424),(7,258),(14,1389),(16,22732),(18,19848),(19,25065),(24,15096),(25,1943),(28,369),(29,23292),(31,28111),(32,25701),(34,13954),(35,6501),(39,20464),(40,4263),(41,14138),(43,11829),(47,15908),(48,773),(50,7426),(51,2492),(52,10344),(53,26168),(54,22192),(57,19130),(59,13709),(60,15292),(62,22856),(63,23070),(64,25530),(66,14601),(69,8698),(70,5891),(71,2585),(77,13493),(78,15798),(82,26953),(84,16678),(88,226),(90,2426)]	92.048448
363	[(6,29425),(8,22733),(10,8206),(12,30290),(13,26095),(15,1991),(16,24565),(19,5483),(20,23360),(23,13332),(25,30167),(27,22213),(28,12538),(30,12018),(34,18705),(35,4942),(39,1539),(41,30016),(43,8327),(44,4637),(45,19552),(46,26886),(51,16066),(52,13651),(53,18696),(54,19288),(55,29865),(56,2974),(58,3405),(59,18927),(61,9923),(62,30397),(63,28945),(65,29871),(67,6385),(68,28112),(70,738),(71,22067),(72,24848),(73,17933),(74,8741),(75,11516),(77,16741),(88,29182),(92,27337)]	85.382521
364	[(0,4258),(2,16467),(4,26417),(7,29045),(10,2433),(11,26081),(12,26516),(13,27744),(16,19514),(22,25227),(23,9898),(24,10370),(26,14753),(30,17162),(31,15515),(34,9318),(39,24824),(42,254),(43,3592),(46,6283),(49,9563),(51,8780),(54,15821),(55,11474),(57,27984),(58,17287),(60,8338),(67,25719),(69,4672),(71,10016),(72,9029),(73,13673),(75,14760),(77,7947),(78,11444),(81,21990),(85,22628),(88,2909),(89,25457),(91,16870),(92,19840)]	105.050812
365	[(0,1971),(1,18934),(2,11612),(3,30321),(5,3388),(6,26073),(9,19833),(13,15302),(15,29424),(16,11613),(17,11048),(18,24850),(20,5364),(21,29430),(22,6513),(23,4945),(27,5074),(29,6965),(30,5632),(32,1815),(33,21972),(37,540),(38,24618),(42,19688),(43,16238),(45,16099),(46,23765),(48,23727),(49,24652),(51,20325),(52,20513),(53,3429),(55,28678),(56,4729),(61,10091),(62,21562),(63,5457),(64,14800),(67,14631),(70,11437),(74,4475),(75,24104),(77,15486),(78,23770),(81,5768),(86,25236),(91,30343)]	86.138547
366	[(1,4333),(5,12883),(6,20157),(10,15249),(12,11297),(18,7631),(21,27610),(22,2619),(23,12344),(25,7575),(28,22048),(29,1270),(31,17878),(33,27311),(34,14195),(35,26783),(36,5925),(37,29772),(38,30372),(39,12768),(40,12687),(42,11683),(44,20774),(45,6801),(46,624),(50,23135),(51,20616),(53,14304),(56,2598),(58,25520),(59,5629),(64,24024),(65,30647),(66,18536),(67,5783),(68,29488),(72,29227),(73,14468),(74,9611),(77,20500),(83,5255),(85,28019),(88,28817),(89,388),(91,15600)]	85.717786
367	[(2,4184),(4,4639),(7,13974),(8,19855),(9,15748),(12,28655),(13,25370),(14,6880),(15,7934),(16,15483),(17,20892),(18,20124),(20,635),(23,1240),(24,8507),(25,22759),(26,15469),(27,24230),(33,22795),(34,14020),(35,13048),(38,24177),(39,12496),(41,14109),(44,11820),(47,26709),(51,23098),(52,12503),(53,26383),(54,22707),(55,24260),(56,27099),(58,27776),(60,20287),(63,24943),(67,8924),(68,26930),(69,10220),(70,17420),(74,19836),(75,3721),(82,25216),(83,1439),(85,15363),(86,11162),(87,9684),(88,3483),(92,10163)]	86.830281
368	[(1,23627),(2,5826),(4,8075),(6,17443),(8,14157),(10,19763),(11,28767),(12,27448),(13,4281),(14,28510),(15,14039),(17,2761),(19,15896),(20,23028),(22,23452),(26,6610),(29,19295),(32,7257),(38,29281),(40,23589),(41,3114),(42,18207),(45,11225),(48,24410),(49,3756),(50,25320),(52,21498),(53,6729),(54,28927),(57,2648),(58,8353),(60,28943),(61,19457),(63,28429),(68,10104),(75,21476),(76,15412),(77,23535),(79,3278),(82,10415),(88,29028),(92,929)]	85.957290
369	[(1,7563),(2,27361),(4,2651),(5,148),(6,19935),(8,15301),(9,4792),(12,15536),(15,11205),(17,22650),(18,24478),(20,18851),(23,16132),(24,27608),(28,1468),(30,22559),(32,4563),(33,9748),(34,6345),(36,20569),(37,5788),(40,16870),(48,4488),(50,19962),(51,12535),(55,9352),(57,15356),(58,16603),(62,26333),(63,3480),(64,2676),(66,12613),(70,13610),(71,25570),(73,8869),(74,12256),(80,7478),(86,12144),(89,2958),(92,15052)]	84.976106
370	[(2,22872),(3,13763),(4,6954),(5,16235),(7,7082),(8,24699),(9,1093),(10,3325),(15,28913),(19,13433),(25,19608),(27,9644),(28,7783),(31,8706),(33,1321),(35,11602),(42,3376),(43,4088),(44,4436),(49,2066),(51,3866),(53,1843),(55,26799),(56,4554),(57,8318),(58,15063),(59,18733),(60,28122),(61,8998),(62,7502),(63,1060),(65,3210),(67,187),(68,29135),(70,7523),(71,26612),(72,12938),(73,12592),(77,2354),(79,9322),(80,3677),(82,22140),(83,22205),(85,27958),(86,4348),(87,16255)]	85.737973
371	[(0,19664),(1,22414),(2,14734),(4,24342),(5,158),(10,28561),(12,4262),(14,8818),(15,22775),(19,27868),(20,21316),(23,23985),(26,27618),(27,24605),(28,12034),(29,18949),(31,1256),(32,26964),(33,29345),(35,3183),(36,25365),(37,2817),(39,18870),(41,16691),(43,1603),(49,12341),(51,5119),(53,11100),(58,17306),(59,19128),(60,26868),(62,22011),(63,8824),(68,4209),(69,25438),(70,7637),(73,20737),(74,30254),(76,9633),(78,21224),(79,6924),(81,6272),(84,1473),(86,26522),(87,17875),(91,10251),(92,1576)]	86.535170
372	[(0,23649),(1,22984),(2,27390),(4,7766),(6,7148),(7,14311),(10,27170),(13,12540),(14,7706),(17,22563),(19,1121),(20,27077),(23,10675),(25,2620),(29,318),(30,15574),(33,22849),(35,27418),(36,13681),(39,26312),(41,11485),(46,591),(47,25897),(49,12645),(52,2959),(56,9078),(57,22669),(60,9313),(61,17094),(65,9704),(69,9317),(72,429),(74,21875),(75,12918),(78,30145),(79,14080),(81,6832),(84,19071),(85,22753),(86,14684),(87,21158),(88,15228),(89,5654)]	86.875218
373	[(0,13135),(1,3147),(7,14403),(8,21373),(9,23524),(10,18744),(15,29019),(16,7562),(17,13573),(19,25063),(21,28679),(22,24554),(25,6748),(26,21242),(27,24832),(28,3587),(30,14994),(33,6356),(37,1623),(38,24713),(44,28890),(48,16692),(52,6365),(53,13759),(57,3438),(62,11597),(67,8514),(68,12623),(69,6735),(73,361),(74,26990),(75,1021),(76,13194),(78,16615),(79,26791),(81,28054),(82,2917),(83,28662),(87,27761),(88,14106),(90,26340),(91,2176)]	88.206782
374	[(1,14185),(2,29465),(4,10513),(5,16489),(7,30584),(8,24007),(14,15879),(15,19291),(16,24543),(17,16004),(23,19104),(27,20094),(28,18974),(30,4824),(32,15460),(34,10466),(37,29221),(38,24432),(39,20549),(41,9096),(43,21102),(45,21198),(47,10661),(50,5345),(51,17998),(55,3571),(58,29184),(61,16582),(62,19200),(65,16000),(68,13901),(70,11881),(72,7540),(73,25756),(79,29336),(80,5575),(81,19181),(85,3232),(87,13590)]	94.770489
375	[(1,6274),(4,2427),(5,6357),(7,18260),(10,18101),(11,18965),(12,8126),(13,21654),(14,978),(15,15799),(18,6059),(20,30538),(21,6938),(22,8469),(23,28918),(24,30558),(25,16647),(26,662),(33,10431),(34,11564),(36,24479),(41,10701),(42,26581),(43,3033),(44,9628),(46,29617),(50,30223),(51,30465),(53,15835),(55,12277),(56,14438),(57,22265),(61,11342),(62,25824),(63,29433),(65,21324),(69,5252),(71,9116),(73,22041),(74,10327),(77,11269),(78,5777),(80,27848),(83,24989),(85,22805),(88,24713),(91,26134),(92,25821)]	105.080632
376	[(2,7269),(3,28234),(4,1600),(5,28315),(11,451),(13,14338),(14,7023),(17,26444),(18,19791),(20,2266),(22,27684),(23,18970),(24,16382),(26,4541),(28,774),(31,22105),(32,24675),(33,4177),(34,13616),(36,2889),(37,14356),(38,19564),(39,22340),(41,11838),(42,25512),(43,14720),(45,18784),(49,20175),(50,15751),(51,28626),(52,8139),(53,21421),(54,21804),(55,19496),(56,7146),(60,52),(61,12217),(63,11437),(65,21530),(69,4189),(73,26221),(74,6953),(76,4605),(79,29353),(80,24031),(84,4134),(87,3382),(90,14886),(91,11258)]	85.749738
377	[(0,25522),(3,21296),(6,14672),(11,22587),(13,4790),(15,27995),(16,16811),(17,19289),(18,23807),(19,6470),(21,19744),(24,24101),(26,13432),(27,651),(30,13770),(31,5764),(33,21931),(37,3086),(39,8265),(41,20826),(42,10267),(43,27109),(45,22311),(47,9196),(48,8775),(49,24647),(50,16246),(52,27471),(55,2511),(57,17304),(58,24387),(70,24101),(71,16347),(74,18422),(75,19907),(76,27378),(77,25864),(79,25267),(80,11327),(86,9002),(87,17278),(89,27167),(92,12998)]	86.237357
378	[(0,2202),(1,2811),(3,1224),(4,391),(7,7334),(8,4819),(9,9842),(10,25917),(12,24857),(13,8291),(16,22410),(19,3415),(20,18659),(21,23381),(23,17494),(25,25010),(31,7229),(32,1471),(33,24969),(34,7905),(35,13737),(36,26553),(37,22287),(39,13960),(41,4987),(45,14544),(48,16763),(49,27363),(53,18366),(54,22041),(55,4948),(59,30535),(60,4820),(61,19156),(62,25033),(63,25768),(69,11407),(78,7279),(79,7108),(81,5730),(82,6007),(84,23716),(85,3476),(86,17542),(88,21731),(90,3729)]	84.774308
379	[(0,20713),(6,3816),(8,23964),(12,29196),(21,2473),(23,16888),(24,29922),(28,7584),(29,4028),(31,25390),(33,25561),(37,12782),(39,12559),(41,29210),(42,13239),(43,8178),(44,15705),(45,1111),(46,13260),(50,3811),(51,7649),(54,7166),(55,23684),(56,7576),(57,12177),(59,9011),(60,21953),(61,18053),(62,15711),(63,1853),(64,20080),(65,24767),(66,22949),(67,29352),(69,18545),(70,10972),(73,16896),(75,20665),(82,8281),(83,12061),(92,14214)]	85.731124
380	[(4,24578),(6,21594),(7,24007),(8,12770),(11,20390),(14,21034),(18,30385),(24,4160),(27,10933),(29,15508),(30,17427),(31,28141),(32,19210),(34,16996),(35,28458),(37,29213),(39,854),(41,26019),(45,14826),(47,18473),(48,7345),(49,19267),(52,12161),(53,21889),(56,27749),(57,8120),(60,16865),(65,6809),(66,13971),(67,22938),(68,7794),(70,2266),(71,9137),(75,26777),(79,17225),(80,13707),(81,11590),(83,19865),(84,6252),(85,30633)]	84.339750
381	[(5,7192),(6,2856),(8,7827),(10,16083),(15,12442),(16,5817),(17,8320),(20,8145),(21,18085),(25,6510),(27,16621),(31,20949),(32,16159),(33,8946),(34,10470),(36,3255),(37,13407),(38,4539),(41,13118),(42,15832),(43,29430),(49,18432),(51,14756),(52,8341),(54,3140),(57,19299),(59,20714),(62,7570),(63,12923),(66,27257),(70,3093),(72,10655),(73,17037),(77,19314),(80,21446),(82,2137),(85,16534),(86,25790),(87,17594),(89,29502),(90,12562),(91,2390)]	86.799788
382	[(0,13298),(1,11788),(2,19855),(5,28959),(8,19404),(9,23293),(10,14067),(14,16607),(18,18768),(19,12465),(23,25092),(25,24543),(26,29856),(27,11792),(29,13849),(30,21618),(31,26818),(33,13846),(34,22964),(35,18133),(38,27098),(39,19901),(40,4329),(41,25744),(45,16253),(47,6892),(48,29945),(50,19093),(52,2717),(55,4508),(57,23786),(58,14959),(62,23903),(63,4918),(64,27687),(67,16377),(70,19330),(71,14376),(73,11538),(75,11281),(76,3955),(77,19149),(78,21397),(79,6290),(80,13933),(81,29570),(82,10058),(83,18732),(85,9487),(89,991),(91,29056),(92,29732)]	92.029660
383	[(0,13737),(2,13282),(5,19349),(6,28565),(11,27644),(13,21474),(15,20251),(16,8471),(17,22457),(19,19918),(20,11151),(21,8427),(22,7429),(23,436),(25,16271),(28,809),(31,16838),(33,21842),(38,29908),(39,1955),(42,4712),(43,7821),(46,7815),(48,18207),(50,259),(52,777),(54,30535),(56,28043),(59,5025),(60,19485),(61,16746),(67,4238),(69,2237),(70,17377),(73,30604),(75,28496),(76,7614),(77,21358),(80,28161),(81,28230),(82,20361),(83,1885),(84,610),(85,8622),(86,16361)]	83.807361
384	[(0,30052),(1,1709),(2,1627),(3,4552),(9,25265),(13,21860),(17,26254),(20,23448),(21,23021),(23,16808),(25,15801),(26,29705),(27,14399),(29,4208),(30,2197),(31,17285),(32,30558),(33,16647),(36,30298),(42,26576),(45,12558),(46,22862),(48,18598),(49,23789),(50,8365),(56,1501),(58,8356),(59,24562),(62,4500),(65,15533),(67,21502),(68,26656),(71,10471),(72,16016),(74,20652),(75,28798),(76,4288),(83,12744),(85,19641),(86,10217),(90,28053),(92,16240)]	90.237084
385	[(0,21437),(5,6342),(6,6656),(9,11539),(10,10704),(12,5525),(14,20568),(17,23324),(19,1486),(22,16144),(26,5287),(27,4106),(30,24976),(32,168),(35,21781),(36,15037),(37,10086),(39,13024),(40,15021),(41,9334),(42,23575),(43,16158),(45,26421),(46,30131),(48,11917),(51,3035),(52,20361),(55,14128),(58,16838),(64,6014),(67,21400),(68,27420),(69,6784),(70,28901),(72,12412),(74,24732),(75,4653),(76,19360),(78,1313),(79,23732),(80,16831),(83,14675),(86,8267),(88,28761),(89,4104),(91,474),(92,25109)]	93.264377
386	[(1,23185),(2,24544),(3,1605),(11,4917),(16,13348),(21,22891),(23,14493),(28,13427),(30,9294),(32,8500),(35,1849),(39,21085),(42,30487),(45,26997),(47,9696),(48,21653),(50,21127),(52,26703),(53,10116),(54,5595),(56,10561),(57,10909),(61,8769),(62,15224),(63,18233),(65,16387),(66,24062),(70,14814),(71,4758),(73,17366),(78,29500),(82,29019),(83,14702),(84,1420),(85,25903),(86,12463),(88,14071),(91,569)]	87.214157
387	[(0,24415),(4,6463),(5,26350),(10,21899),(15,5374),(18,20963),(19,18642),(20,2996),(24,23140),(29,17145),(32,152),(33,9328),(34,14942),(35,10507),(38,452),(39,5398),(40,23030),(42,28175),(48,15495),(54,17559),(55,22129),(56,6496),(62,10529),(64,21077),(65,13329),(66,22386),(69,18425),(70,20643),(72,18997),(73,25187),(78,9467),(79,6322),(80,302),(82,26560),(83,29505),(85,28535),(87,22855),(89,16757),(90,28763),(91,27609),(92,21745)]	107.970941
388	[(1,30457),(2,3488),(4,15752),(7,28159),(9,17859),(11,23944),(13,15999),(14,14313),(15,22692),(17,5530),(19,19286),(20,5581),(22,20690),(25,23350),(26,25918),(27,13649),(29,17650),(30,20074),(31,16287),(32,15944),(35,14553),(38,9602),(40,26154),(41,6422),(43,12871),(44,9247),(46,29876),(48,20219),(49,1325),(50,23349),(54,20315),(58,21975),(61,6829),(65,9547),(66,3222),(69,24389),(73,23628),(76,29088),(80,20152),(82,16105),(83,13934),(86,29651),(92,21532)]	87.673126
389	[(2,686),(5,27305),(6,16541),(7,9265),(8,29388),(10,21699),(11,14332),(12,10691),(14,26742),(15,7354),(17,6255),(18,23175),(20,23352),(25,10211),(26,10987),(29,2908),(33,16149),(34,15758),(35,29691),(36,26359),(37,19181),(40,10662),(42,18982),(44,3733),(45,13764),(46,6065),(47,30528),(48,28139),(55,3638),(57,2350),(58,6180),(59,1499),(60,25475),(64,8864),(65,18793),(70,26097),(71,14918),(77,3131),(80,26218),(81,24518),(82,11729),(83,1610),(84,7486),(85,323),(86,3442),(90,19993),(91,3398),(92,1483)]	86.187303
390	[(0,9118),(1,19829),(4,21852),(5,21383),(8,883),(9,19479),(10,26299),(11,13484),(13,7396),(16,8005),(20,18306),(22,903),(24,7895),(25,13168),(26,3674),(27,5863),(28,2051),(32,17742),(34,16102),(35,26053),(36,28400),(37,13011),(39,6239),(40,1382),(43,3597),(44,11798),(45,29057),(49,14395),(51,22039),(57,13965),(58,17526),(59,10609),(60,1568),(62,7360),(69,27918),(71,1267),(75,5389),(76,14390),(81,5778),(83,26705),(84,26516),(87,23529),(88,25183),(89,14012),(90,18830),(91,21873),(92,12984)]	87.626695
391	[(0,19252),(6,5675),(7,1406),(8,26546),(11,15587),(16,29550),(17,13412),(20,81),(21,11273),(22,7711),(24,29350),(28,13222),(29,687),(31,9150),(32,26286),(33,1161),(38,24753),(40,12961),(41,29033),(42,13502),(44,4586),(45,28490),(53,17218),(55,13409),(57,802),(58,1131),(61,838),(65,24085),(66,13551),(72,7770),(73,26805),(75,24504),(76,17299),(77,4367),(79,17606),(80,13787),(81,8475),(82,26473),(87,25316),(91,22261),(92,2166)]	87.681602
392	[(1,23301),(2,14099),(4,25672),(7,14133),(8,22680),(10,8408),(13,2474),(14,14808),(15,27764),(16,1597),(21,17586),(22,21315),(23,20384),(25,2787),(26,4584),(29,19905),(31,24861),(32,4976),(33,27255),(35,9384),(36,26471),(38,2005),(39,22854),(43,14230),(44,21517),(45,22993),(46,3073),(47,10203),(50,15429),(51,26372),(52,21989),(53,12790),(54,7235),(55,17537),(59,20797),(61,10284),(66,10221),(69,7755),(70,10406),(71,16757),(74,178),(75,24358),(78,69),(79,13918),(80,20787),(81,11503),(82,627),(84,6507),(85,15683),(87,14444),(88,7885),(89,27789),(90,27915)]	86.871120
393	[(3,12805),(7,4523),(8,25861),(9,19308),(10,10823),(11,28064),(12,5216),(13,19986),(14,7118),(16,30324),(17,24851),(25,7132),(28,22619),(29,30336),(30,3307),(33,16742),(39,3105),(41,16715),(42,27114),(43,10570),(46,16859),(47,13729),(48,22083),(52,22144),(53,18667),(55,7294),(56,16287),(57,15944),(60,18880),(63,4143),(64,25038),(66,8269),(67,9976),(68,8660),(69,4624),(70,30294),(72,30425),(76,20065),(77,7981),(80,27730),(81,2330),(82,27261),(85,5131),(86,9309),(87,21053),(88,21143),(90,21392),(91,23490)]	85.161932
394	[(0,9442),(3,14724),(4,12994),(7,14767),(8,20684),(11,21684),(15,12736),(19,3734),(20,22081),(26,23631),(28,19250),(31,4549),(32,4776),(37,23352),(38,21124),(39,10200),(40,21395),(41,18070),(43,11405),(45,5472),(47,29878),(48,11785),(50,8451),(51,9663),(53,15819),(54,16215),(55,8662),(56,25477),(59,7009),(62,11724),(63,1358),(65,5273),(70,9985),(71,9085),(72,27468),(74,29473),(77,16742),(78,22242),(79,28451),(80,20740),(83,8442),(84,20948),(85,21310),(90,13744),(92,29942)]	82.730127
395	[(1,18312),(5,15013),(6,14416),(10,5135),(12,24927),(14,16203),(18,27198),(19,26935),(20,27897),(21,4713),(23,8973),(33,15079),(36,2876),(38,13669),(40,15161),(42,25910),(43,24695),(44,15462),(45,3923),(46,11030),(48,2822),(50,10264),(51,29381),(52,15584),(53,14872),(59,11129),(60,22965),(63,1242),(64,5251),(65,2543),(66,7407),(78,25223),(83,9776),(84,16326),(85,2036),(86,23832),(87,29899),(89,8920),(92,30091)]	85.988779
396	[(0,2298),(2,5471),(3,9547),(4,16250),(5,6784),(6,308),(7,20148),(11,11955),(13,18064),(17,1172),(18,23245),(25,24033),(28,13917),(29,7316),(30,11907),(31,16389),(33,10867),(38,12788),(39,26317),(40,23980),(41,18443),(45,18645),(51,13945),(52,24936),(55,15396),(57,30115),(58,24483),(60,12358),(62,24680),(66,15878),(70,22769),(75,20545),(76,7963),(78,23687),(79,25429),(80,2341),(83,13859),(88,7494),(91,17480),(92,21987)]	93.437029
397	[(0,6117),(1,15653),(2,15424),(3,19941),(4,27895),(6,6396),(8,26389),(9,147),(11,29915),(12,3391),(14,1888),(17,5923),(18,24378),(19,5045),(22,25513),(23,15583),(25,28154),(29,28677),(32,493),(35,6902),(37,14298),(41,21783),(42,4353),(46,9891),(47,15757),(50,10178),(52,7320),(53,24811),(54,11835),(57,11350),(58,5427),(59,1974),(61,10356),(63,23566),(64,7271),(65,21641),(66,5382),(69,11947),(74,18828),(75,14474),(77,9705),(80,22467),(83,2724),(85,12362),(86,7347),(87,4494),(88,23412),(90,7508)]	87.171279
398	[(0,14929),(1,11872),(2,7898),(4,28650),(5,5592),(7,13665),(8,28952),(9,2131),(11,14112),(14,28206),(16,3531),(18,16556),(19,22107),(20,11991),(22,29584),(23,23750),(24,8670),(25,30575),(28,24777),(29,2127),(39,10384),(41,11918),(42,17592),(46,8735),(48,16194),(50,23121),(53,12620),(55,11325),(57,6984),(60,30028),(61,11440),(62,27800),(63,4729),(65,4919),(76,4873),(78,3523),(80,28562),(81,7649),(84,2994),(86,8627),(91,27748),(92,634)]	85.333220
399	[(0,18234),(2,18032),(3,25828),(7,29096),(9,2823),(10,13194),(12,16615),(14,21272),(17,14881),(18,9278),(20,22036),(21,14163),(23,21934),(29,25924),(31,14417),(32,4877),(33,10938),(34,22433),(36,28497),(39,28364),(41,2262),(42,20628),(43,15414),(44,23266),(45,12515),(46,1397),(50,30098),(51,1294),(53,18008),(54,25915),(59,13142),(61,30183),(63,30316),(66,10072),(67,27333),(68,26034),(74,11451),(75,15362),(76,3201),(77,3873),(79,29828),(80,219),(81,15691),(82,19406),(83,16396),(85,14139),(86,3681),(87,6137),(90,13863),(92,5428)]	105.100120
400	[(0,7097),(2,5872),(3,25949),(5,25513),(6,11307),(12,6931),(16,26527),(19,9939),(23,12039),(26,29957),(27,27918),(30,20132),(34,26946),(35,29186),(36,20038),(37,26554),(39,3563),(42,29300),(48,4795),(49,14221),(50,2816),(51,17211),(52,1988),(56,28406),(57,24466),(62,3844),(65,9120),(69,3540),(71,17312),(75,7832),(78,16692),(83,10438),(87,26937),(88,9331),(90,637)]	87.251904
401	[(0,15700),(3,13605),(4,13650),(5,3784),(6,24733),(10,16095),(13,6303),(15,13206),(17,24987),(18,21902),(21,27744),(23,20585),(24,27565),(27,931),(29,10708),(32,27914),(34,29508),(35,7610),(37,8483),(40,27688),(41,8223),(42,28443),(45,21404),(51,5437),(52,30355),(53,19357),(54,6837),(57,16772),(58,26498),(59,18141),(60,9743),(61,8513),(66,8567),(75,24291),(76,20521),(79,11862),(84,8728),(86,19175),(87,11801),(88,21339),(89,25653),(92,3157)]	88.774434
402	[(0,19842),(2,22722),(4,28164),(7,9273),(9,1115),(10,15152),(13,14966),(15,22845),(20,19123),(22,12072),(27,7905),(30,17738),(31,26272),(34,16026),(35,30283),(42,21076),(52,28377),(56,6769),(58,25761),(59,10481),(61,27349),(62,7042),(64,25510),(67,28641),(69,19722),(70,17892),(71,22259),(72,24815),(73,5302),(78,3940),(80,20137),(83,6869),(87,14206),(92,29437)]	103.738211
403	[(1,21487),(3,20530),(4,9955),(5,7662),(6,27683),(7,25422),(10,10510),(13,344),(14,8520),(16,12072),(22,4399),(23,1010),(25,10871),(29,5231),(36,3186),(37,15278),(38,7738),(39,25124),(41,11551),(43,6018),(45,27778),(49,13153),(51,24170),(53,13271),(54,62),(56,14798),(57,29211),(58,7508),(60,9852),(62,24370),(63,1063),(64,16372),(65,6010),(66,12566),(67,11815),(70,9239),(72,29467),(75,29151),(85,22025),(87,9314),(88,21128),(89,14412),(90,1031),(92,26578)]	87.354495
404	[(1,5481),(5,20803),(7,58),(8,6971),(9,21429),(11,20507),(15,25244),(16,7159),(17,3908),(18,15287),(19,11212),(20,14404),(23,28917),(24,2893),(28,11357),(30,4484),(31,8737),(33,17546),(36,15584),(41,28657),(48,22253),(50,21086),(52,14741),(53,16913),(54,2988),(56,25134),(57,15172),(60,20589),(62,20207),(63,7189),(65,24033),(66,17684),(69,21794),(74,4885),(75,429),(76,16511),(77,29248),(79,9255),(83,24585),(90,16906),(92,9109)]	85.106750
405	[(1,28523),(3,5820),(4,8863),(5,21070),(6,8262),(8,8674),(9,3917),(10,1430),(11,21478),(12,10813),(13,13827),(16,12110),(19,26300),(20,2267),(21,20459),(23,9395),(24,8001),(25,2395),(26,24146),(27,10553),(29,6941),(32,15867),(33,24876),(41,23932),(42,1798),(43,24895),(45,9887),(47,6667),(48,432),(49,29898),(50,22192),(51,7415),(54,14276),(59,9775),(60,2522),(62,5685),(64,7898),(67,4288),(69,1178),(70,3736),(71,18561),(73,2114),(77,23915),(79,7197),(83,22052),(84,30323),(85,17704),(86,28719),(88,234),(91,5356)]	83.476788
406	[(2,14148),(3,18000),(4,4543),(7,3127),(10,14798),(11,1429),(14,7469),(18,26044),(20,10808),(21,24807),(22,20473),(24,27740),(28,25810),(31,4144),(34,19902),(35,8794),(36,8481),(37,17728),(38,8999),(39,22309),(40,20472),(42,29488),(43,25592),(44,3600),(45,7755),(46,16342),(47,2813),(49,28811),(50,18504),(51,21814),(53,21126),(54,8942),(55,153),(57,8221),(58,29896),(62,26587),(67,22001),(72,16000),(74,23877),(76,2431),(80,4801),(84,16261),(87,23523),(88,486),(90,30141),(91,26713)]	90.317524
407	[(0,14785),(2,6055),(3,18339),(5,8196),(7,10085),(8,28721),(10,21609),(12,10020),(15,12295),(16,7275),(17,1421),(18,9070),(19,7267),(20,9942),(22,2484),(23,21686),(26,6621),(28,19511),(31,14532),(32,23262),(33,18365),(38,15801),(39,4853),(40,5649),(43,17417),(46,27952),(48,17302),(49,4120),(52,21850),(55,28336),(57,26467),(58,4766),(61,1522),(63,935),(65,25428),(67,21077),(70,14988),(72,12408),(73,28276),(74,26305),(75,27460),(77,27054),(78,27697),(79,16463),(81,22732),(86,18355),(88,446),(90,28052)]	96.519017
408	[(2,7334),(3,4819),(7,27092),(8,25129),(9,4620),(10,24391),(13,30453),(14,9280),(16,2657),(18,21430),(20,961),(21,28062),(24,8165),(25,2235),(28,17969),(29,17032),(32,9105),(35,15963),(37,11094),(38,17679),(44,27107),(45,7504),(49,14506),(53,29337),(54,9024),(55,22579),(56,25134),(57,1099),(60,16888),(61,29922),(66,12304),(67,27775),(69,29091),(71,9089),(73,5145),(75,22541),(77,12730),(78,15027),(80,23672),(82,28449),(83,4236),(84,16938),(86,13367),(88,29158),(90,6246),(92,21501)]	87.036609
409	[(2,24046),(3,21897),(4,9284),(5,30350),(6,20503),(10,8256),(11,19869),(14,24175),(15,14710),(16,21623),(19,15582),(20,8915),(21,21311),(23,26684),(28,13132),(29,15853),(36,18093),(41,1522),(43,14053),(44,21064),(48,12847),(49,16118),(50,12371),(55,29233),(57,10089),(59,19187),(60,22951),(61,19901),(62,16359),(63,19799),(65,28341),(67,14926),(72,5212),(78,15109),(82,15698),(86,26777),(88,3615),(91,15510)]	85.598823
410	[(2,15288),(4,23391),(5,18798),(6,10565),(8,2745),(12,50),(13,4117),(16,30344),(17,29496),(19,22337),(21,20870),(23,4955),(24,27001),(25,407),(26,16810),(29,13436),(30,26505),(36,12200),(40,17979),(42,8962),(47,6397),(48,3467),(49,12909),(50,17585),(51,17157),(52,21718),(53,4709),(58,18664),(62,5878),(63,12550),(65,19718),(68,2354),(69,13438),(71,6810),(72,30248),(73,29712),(74,21992),(75,29795),(78,10892),(79,8281),(80,12061),(82,20120),(85,17200),(87,24734),(90,11136)]	112.977274
411	[(2,19362),(6,22761),(8,26041),(10,21137),(12,18813),(14,10663),(17,21130),(18,3445),(19,19007),(20,29677),(22,6495),(23,20077),(24,20415),(26,27094),(27,29993),(29,28616),(31,14304),(34,3745),(35,26115),(36,3568),(37,4019),(39,10481),(41,5946),(44,17824),(48,8842),(50,2600),(53,4851),(54,623),(55,23952),(58,3846),(61,8964),(64,12976),(66,18365),(71,2530),(73,8742),(74,25750),(76,13236),(77,22544),(78,17417),(79,18518),(86,15707),(88,21066),(91,17702)]	85.922236
412	[(0,25136),(1,26117),(4,28877),(5,24564),(7,1018),(9,11900),(12,2035),(14,3933),(15,15247),(17,13086),(24,21235),(32,30221),(35,17562),(36,7181),(37,7167),(40,5455),(42,4865),(43,1507),(46,12194),(49,29410),(50,5049),(51,2794),(52,4718),(54,1665),(55,24797),(57,28390),(58,28881),(61,6034),(66,26124),(68,2781),(69,11952),(70,24324),(71,18145),(72,10887),(73,286),(75,12961),(76,15283),(79,5620),(80,478),(81,14579),(83,7745),(84,4146),(86,13003),(88,4349),(91,5686),(92,8486)]	87.381867
413	[(0,28600),(1,8665),(5,4541),(6,3772),(8,26332),(10,9190),(13,9144),(14,20212),(15,24165),(20,29932),(21,5636),(22,24741),(24,4817),(25,17796),(30,17950),(32,3304),(33,26788),(34,23164),(35,25704),(40,6189),(41,24072),(42,11899),(44,6047),(49,18580),(55,12391),(56,6579),(57,19041),(58,19042),(60,3110),(62,16405),(63,15233),(67,26068),(70,9269),(78,19530),(79,10816),(80,15197),(82,11502),(86,3511),(87,2274),(88,27190),(89,7342),(90,11901),(91,3582)]	89.431468
414	[(2,816),(3,15258),(6,11480),(7,11554),(8,9445),(11,11411),(15,7958),(29,4834),(31,24154),(34,27155),(36,5465),(37,21654),(39,27367),(40,6229),(41,29230),(43,3751),(44,18320),(45,29266),(46,1668),(48,6899),(49,27515),(50,22748),(52,19270),(53,19469),(54,15276),(55,28214),(56,8815),(58,19223),(59,9728),(61,992),(63,23573),(64,3379),(67,8673),(72,17163),(73,20670),(74,10788),(79,30488),(80,15333),(81,15900),(82,3235),(83,15779),(84,7079),(89,3809),(90,19211),(91,13618)]	86.520406
415	[(0,1238),(1,6456),(8,5943),(14,7174),(17,13157),(19,22203),(20,1403),(21,26612),(25,9358),(29,28614),(31,30244),(32,15447),(34,9044),(35,24122),(38,11880),(39,20564),(42,18158),(43,24981),(44,3979),(45,27911),(47,12867),(48,25825),(57,14046),(58,11171),(60,12363),(63,4017),(64,2630),(65,25644),(72,26868),(73,14645),(77,30579),(78,25718),(82,26362),(83,5593),(84,6044),(85,12582),(87,17710),(90,9702),(91,22561),(92,25347)]	86.299153
416	[(0,25358),(2,14646),(3,26509),(4,8219),(5,5947),(6,24408),(13,5572),(14,25261),(15,1269),(16,26927),(18,8135),(22,13523),(23,23120),(25,23651),(26,7054),(29,14039),(30,11647),(32,3108),(37,23859),(38,24918),(39,9427),(46,26150),(47,25277),(48,2711),(51,27251),(52,14551),(56,21255),(58,3915),(59,15806),(67,14173),(68,27366),(69,14199),(70,17046),(72,13082),(73,9583),(76,1127),(78,2083),(82,16601),(86,14622),(89,12504),(90,7227),(92,17433)]	84.707523
417	[(3,15315),(4,6120),(9,11606),(10,17088),(11,12505),(14,21403),(16,18065),(19,28367),(21,21897),(23,5956),(24,27418),(25,13681),(26,114),(28,15232),(29,4319),(31,14239),(39,14580),(40,24116),(42,2705),(43,26962),(44,2541),(46,2768),(47,1056),(48,8911),(51,9362),(52,22986),(54,29312),(56,4289),(57,2888),(58,11478),(59,29256),(60,12548),(62,21529),(63,23258),(67,18857),(68,3259),(69,29937),(70,14022),(73,27051),(74,18669),(76,2780),(77,14618),(78,13528),(79,14678),(86,2670),(87,14572),(88,10548),(89,1203),(90,6622),(91,25733),(92,16989)]	87.538162
418	[(4,6877),(5,3611),(7,18506),(15,18726),(20,339),(21,10234),(24,5018),(26,28913),(27,6920),(28,7733),(31,29877),(33,8126),(34,24524),(40,29483),(41,23555),(46,21514),(47,11177),(48,8798),(51,12772),(53,16204),(54,15824),(55,21085),(56,18743),(58,11176),(59,925),(60,19021),(62,18916),(64,13797),(65,8597),(66,15598),(70,9168),(75,22513),(76,9257),(77,21386),(78,6565),(79,17676),(80,28623),(81,20350),(82,18929),(85,29282),(88,3318),(89,10003),(90,15649),(91,17130),(92,4560)]	101.509257
419	[(0,9422),(1,15703),(2,27648),(6,114),(8,892),(10,28144),(13,15527),(14,21219),(16,20009),(18,8551),(19,1671),(21,10902),(22,18789),(23,9753),(24,23319),(27,5724),(28,10332),(30,15530),(34,10130),(36,27809),(37,18836),(39,27831),(40,29149),(42,28150),(43,26373),(47,21808),(48,4902),(52,8174),(53,1776),(54,2693),(56,3871),(57,2176),(58,15707),(59,16319),(61,28752),(64,23659),(66,23848),(67,1272),(71,29118),(73,12692),(74,1012),(75,16145),(81,7019),(83,24717),(84,18291),(86,20620),(88,4969),(92,19473)]	87.536078
420	[(2,18569),(3,3747),(4,13100),(5,12642),(7,8237),(8,19478),(9,1856),(15,15429),(16,17865),(17,29694),(20,659),(23,29093),(26,754),(28,16474),(29,6713),(30,3573),(31,3500),(33,14148),(36,29898),(37,12028),(43,20620),(44,13831),(45,30338),(47,17263),(48,19738),(49,10886),(50,11954),(51,3306),(52,24596),(53,19605),(55,11722),(57,8113),(60,23055),(61,14945),(63,14106),(64,3394),(65,22704),(66,13745),(68,28567),(73,1729),(74,25498),(76,17339),(77,12351),(78,17153),(81,25765),(82,6874),(84,16396),(86,7463),(89,10608),(90,19190),(91,9260)]	85.330174
421	[(1,8649),(3,4276),(5,30494),(6,19503),(8,3982),(11,22391),(20,669),(21,15494),(24,25939),(26,477),(32,29077),(38,9524),(40,13018),(41,28389),(42,21256),(43,19515),(45,24181),(49,21259),(56,19641),(57,10217),(61,15955),(62,11583),(64,13677),(65,16586),(66,24088),(67,10398),(68,3314),(70,26414),(71,16348),(75,24148),(84,24464),(85,11228)]	92.038300
422	[(3,21737),(5,13849),(6,21618),(9,3053),(12,23286),(13,3544),(15,6695),(19,18697),(23,6486),(25,10567),(31,22760),(34,2638),(39,10693),(40,16739),(43,8616),(44,12287),(48,25791),(50,21134),(53,19604),(54,1069),(57,23074),(58,413),(60,13892),(61,13674),(65,14871),(71,24725),(72,10774),(77,8870),(79,8729),(80,21002),(81,23292),(82,19472),(88,7376),(91,30550),(92,19590)]	107.421050
423	[(3,462),(7,14168),(10,20922),(11,11520),(13,5565),(17,22647),(19,14812),(21,752),(22,14243),(32,17535),(36,11759),(37,16973),(38,28655),(40,3635),(41,16937),(42,21506),(43,6182),(45,28483),(46,8153),(47,3934),(48,14064),(49,15624),(50,18374),(54,3965),(56,27246),(58,9359),(61,14148),(67,26125),(68,2260),(69,3494),(70,25901),(71,18963),(72,6536),(74,2225),(76,17816),(77,1974),(79,27392),(82,9284),(84,25760),(85,8738),(89,19611),(91,23496),(92,16849)]	90.105771
424	[(0,19124),(1,4599),(7,12079),(13,29510),(15,11372),(18,15432),(19,16863),(20,19199),(21,24045),(22,16440),(26,28138),(28,13861),(29,16606),(33,15840),(34,16668),(35,16084),(37,16151),(38,756),(39,2063),(43,11242),(46,21492),(48,18791),(51,6905),(52,200),(54,175),(55,16745),(56,26007),(57,23541),(58,28251),(59,18834),(62,24778),(65,14651),(67,24346),(68,13196),(72,14560),(73,20060),(77,13777),(78,26360),(80,29862),(82,15337),(83,3958),(84,28533),(86,26475),(89,18636),(90,25082),(91,12988)]	92.602233
425	[(6,8132),(7,6838),(11,12377),(12,8162),(14,21691),(15,15893),(17,28179),(19,16402),(20,6672),(21,19243),(22,25659),(24,27939),(26,10403),(29,22418),(32,13346),(33,18423),(35,17989),(40,4669),(42,16173),(43,20554),(44,18686),(52,15031),(53,10759),(54,9564),(56,29611),(58,5264),(60,23558),(61,16212),(62,24066),(63,1092),(66,14013),(67,28228),(69,20804),(71,8847),(75,3225),(78,20760),(79,26589),(82,11226),(84,16360),(87,20614),(89,12913),(90,3044),(91,15958)]	89.343651
426	[(3,29028),(4,27105),(5,30075),(6,7472),(10,24878),(13,20301),(15,29599),(16,9350),(17,5196),(19,24103),(20,2183),(22,26238),(24,912),(25,24231),(26,4591),(28,518),(33,23319),(35,27891),(36,14823),(37,17159),(54,22025),(55,15510),(57,19261),(58,20831),(60,11403),(65,28749),(67,15318),(68,404),(73,2929),(80,25967),(81,14265),(82,25288),(83,12457),(86,17567),(87,4876),(89,15764),(90,11679)]	86.509601
427	[(3,11245),(4,9347),(5,18016),(6,9624),(7,18690),(9,25601),(10,18283),(11,21876),(14,6301),(16,29707),(21,1560),(25,20409),(26,4962),(27,14082),(28,6666),(30,20298),(32,19515),(34,29592),(37,14255),(38,11598),(40,12029),(41,3187),(44,11920),(45,9106),(46,25487),(48,20182),(50,17062),(54,11400),(56,22603),(58,8078),(60,22615),(63,24832),(65,29721),(70,17484),(72,5698),(73,7830),(75,18486),(76,21367),(82,6370),(85,15347),(86,7061),(87,27486),(89,28871),(90,27204),(92,10378)]	84.987308
428	[(0,23773),(4,2928),(5,7001),(8,24856),(10,6963),(13,3137),(14,2834),(15,7981),(17,27433),(18,7241),(23,22308),(24,16482),(26,7423),(27,22455),(29,1502),(31,1137),(32,30597),(37,26252),(38,26141),(40,19611),(43,11095),(44,2307),(48,27055),(53,8581),(55,23436),(59,22664),(61,13740),(65,19463),(66,21895),(69,14097),(72,29620),(73,29428),(75,7869),(76,3692),(81,21527),(82,27908),(83,22154),(85,20942),(89,1482),(90,6998)]	88.527096
429	[(2,25514),(3,4228),(6,4661),(7,10050),(10,5979),(15,28144),(16,13011),(18,16298),(22,5928),(26,732),(30,10251),(33,23056),(37,23863),(39,6250),(42,15393),(43,11296),(44,28967),(45,9),(46,14503),(47,13885),(48,24469),(49,9226),(50,26189),(51,23422),(52,4517),(55,13303),(56,18205),(58,15748),(61,28655),(63,3635),(64,24456),(67,28537),(68,28890),(69,16741),(71,24963),(72,22447),(78,20410),(79,18240),(81,22597),(85,27102),(91,13982),(92,24790)]	97.211697
430	[(3,24590),(5,24158),(6,22199),(7,22408),(12,13006),(14,29577),(16,27640),(21,18728),(22,3765),(24,8392),(25,156),(26,29066),(28,18633),(30,10089),(32,19187),(34,28252),(35,13720),(36,23254),(37,16119),(38,5233),(39,12280),(40,15584),(41,7742),(46,16655),(48,4961),(50,10814),(53,12766),(57,9395),(58,8001),(59,2395),(60,13628),(62,16360),(68,9634),(70,1593),(72,2802),(74,18472),(76,1649),(80,24734),(82,11525),(83,7367),(84,11433),(86,11862),(87,23826)]	88.362811
431	[(0,6798),(10,26213),(12,2179),(14,25812),(17,21384),(20,8094),(23,15720),(24,26512),(25,24254),(26,26784),(27,1233),(29,9129),(31,22116),(32,9584),(36,11442),(37,17336),(39,15858),(41,18995),(42,28118),(48,24452),(49,19801),(53,18909),(54,2305),(56,24487),(57,6871),(58,20651),(61,16755),(69,14583),(71,4249),(73,26834),(74,30564),(75,1565),(78,8264),(80,15080),(81,943),(83,23823),(84,15124),(86,26411),(88,10741),(90,19883),(92,27028)]	87.418212
432	[(5,16612),(6,4806),(8,25882),(14,11395),(15,19168),(16,12096),(17,11074),(22,12541),(23,19022),(25,9294),(27,23757),(28,24923),(29,21831),(31,9664),(35,23522),(37,1067),(38,19733),(39,22165),(41,1474),(42,432),(43,14685),(45,233),(47,17119),(50,20413),(51,21450),(52,29692),(53,2403),(55,9887),(59,12793),(60,27917),(61,19787),(67,13545),(69,20372),(71,13768),(72,18595),(73,8908),(74,21014),(77,13268),(79,14109),(80,29874),(82,19388),(83,20773),(85,21332),(87,19395),(88,17444),(89,3710),(90,12064),(92,7164)]	86.637566
433	[(0,15611),(5,9054),(11,9743),(13,10583),(14,10697),(15,7181),(21,16042),(24,23656),(25,4034),(27,3259),(29,17191),(31,24441),(33,12027),(37,18688),(38,16005),(41,11569),(43,22898),(44,11696),(45,43),(46,27961),(48,29650),(50,14172),(54,4629),(55,9845),(56,15385),(57,783),(63,26798),(64,12085),(65,10591),(66,23974),(67,4037),(69,5124),(70,415),(73,21607),(74,10834),(75,16836),(78,1009),(79,21029),(80,7350),(81,12227),(82,18003),(83,30612),(85,9970),(87,8400),(90,1743),(91,3889)]	107.664458
434	[(7,15475),(9,15561),(10,3638),(11,27809),(12,8581),(13,25567),(14,17497),(15,23730),(16,8736),(18,15094),(19,22941),(20,12237),(21,12251),(24,22833),(25,17019),(28,24316),(29,15798),(31,8606),(32,8951),(34,14207),(38,29713),(39,13963),(43,27692),(47,28343),(52,19962),(53,12535),(56,703),(58,13156),(59,19702),(66,19746),(69,17215),(72,23570),(74,8690),(75,22877),(76,9275),(77,17222),(78,19305),(80,23608),(81,10723),(82,27612),(84,26224),(91,27)]	90.509816
435	[(0,14386),(1,15861),(5,1310),(6,14694),(7,6286),(8,23647),(9,29139),(13,6177),(15,19634),(17,2097),(21,629),(22,28774),(23,12967),(24,23212),(25,4483),(26,14222),(28,15206),(29,7631),(30,7554),(36,21747),(39,14467),(41,26968),(46,21890),(50,1024),(52,10508),(53,20426),(54,10486),(55,28197),(58,21211),(59,27053),(60,7888),(61,25887),(63,27551),(65,2018),(68,24450),(69,30065),(70,13307),(72,22497),(74,13049),(79,22982),(80,16924),(82,3437),(85,15595),(86,20784),(89,8490),(90,15508)]	89.398077
436	[(0,14583),(2,19963),(5,27374),(6,15072),(8,1440),(10,18723),(11,29741),(13,6083),(15,11566),(17,12370),(18,24926),(21,9140),(25,14571),(27,13274),(28,22860),(29,20017),(30,16216),(32,5043),(34,29274),(38,22606),(42,28695),(45,1948),(48,6307),(53,5524),(54,24689),(55,22884),(58,18799),(59,11952),(60,24324),(62,13547),(63,1541),(68,12011),(69,17956),(71,4623),(73,22402),(77,16670),(81,4662),(83,528),(84,9210),(85,20501),(89,15634)]	86.853722
437	[(0,19719),(2,5751),(4,11381),(9,23473),(10,14416),(15,14644),(17,29435),(18,21145),(23,29124),(25,23350),(27,18000),(28,27823),(29,29190),(31,28674),(32,27402),(38,18880),(40,2157),(41,19053),(45,19676),(55,21167),(57,24237),(58,7630),(59,6011),(60,7863),(62,8402),(64,23194),(65,4209),(67,29555),(68,1656),(72,1279),(73,10722),(75,5738),(76,7968),(78,7276),(79,5005),(81,10144),(84,298),(85,26460),(92,27652)]	85.133493
438	[(1,22839),(3,30289),(5,1856),(8,26831),(10,18909),(11,2305),(15,18314),(16,24939),(18,28498),(20,11715),(21,5884),(22,21039),(23,25460),(24,5059),(25,7663),(27,10881),(29,22044),(31,1422),(34,6709),(35,5156),(38,23512),(43,24042),(53,21156),(54,21460),(56,8522),(57,26197),(59,25254),(60,29298),(65,13492),(66,19518),(69,1798),(70,3901),(72,23304),(73,5601),(74,28704),(75,13752),(77,5674),(81,3952),(82,1957),(83,8705),(87,10953),(89,15527),(90,27556),(91,8690),(92,22877)]	88.185195
439	[(4,18496),(12,17261),(14,5376),(19,29728),(21,28063),(26,4244),(28,14488),(31,10175),(36,3126),(38,26986),(39,37),(40,4255),(41,23340),(44,23551),(45,7332),(47,14655),(50,24997),(52,7872),(53,2270),(54,1216),(57,11762),(58,23756),(59,7519),(60,487),(68,7383),(70,7682),(71,6617),(73,8970),(75,8554),(76,10270),(77,3832),(79,1855),(84,2882),(90,18235)]	96.606811
440	[(0,2781),(1,18470),(9,30160),(14,4321),(18,5797),(20,17448),(23,11464),(28,29011),(30,17024),(31,22591),(32,29839),(33,3838),(35,14430),(36,2094),(37,9324),(38,5523),(39,3211),(40,30503),(42,10845),(45,3643),(47,984),(48,14762),(50,22780),(51,15594),(52,735),(55,8719),(56,22212),(58,20745),(61,28037),(62,27605),(67,28223),(68,12819),(80,20834),(82,4077),(84,22578),(86,2291),(90,26203),(91,28684),(92,18142)]	99.493187
441	[(0,906),(1,11584),(2,10682),(3,27244),(5,5745),(9,11941),(10,13521),(12,9319),(16,9115),(17,19445),(18,24858),(19,5344),(20,7077),(21,13964),(23,17563),(25,23715),(26,22292),(30,890),(31,12586),(32,13166),(34,8682),(37,19783),(41,16853),(44,22701),(45,21703),(51,30571),(52,4024),(54,1977),(57,28033),(58,29023),(59,5350),(61,3452),(62,16483),(63,19486),(65,14770),(67,16151),(68,29729),(69,15506),(71,17304),(72,24387),(74,10589),(80,28862),(81,17382),(82,7620),(84,17813),(90,14483),(91,6200),(92,24865)]	90.133822
442	[(2,28319),(5,20026),(8,26778),(9,6595),(10,16656),(14,28786),(15,4017),(17,18836),(18,11512),(21,13346),(22,18423),(23,23274),(25,24313),(28,2458),(30,25792),(31,12186),(35,322),(46,13332),(49,10533),(52,26724),(55,14010),(56,9164),(57,4156),(58,26249),(60,11488),(62,16159),(64,7782),(69,20462),(71,12403),(73,3020),(74,17288),(79,29974),(80,13758),(81,28805),(88,11864),(92,1614)]	94.952243
443	[(0,20026),(3,7939),(9,23435),(11,11432),(12,2086),(14,18402),(16,1257),(17,19709),(18,5057),(19,19666),(22,12601),(23,1647),(24,20020),(26,4666),(27,24967),(30,23539),(31,8959),(32,1578),(33,11549),(37,15879),(40,2437),(47,25029),(48,27589),(49,5755),(54,6174),(55,19349),(56,28565),(58,17671),(62,26744),(64,28388),(73,5332),(75,2387),(78,20764),(81,7584),(86,12563),(87,20033),(89,26708),(91,19876)]	220.295988
444	[(1,19163),(3,13900),(4,14258),(9,22530),(10,13223),(11,28103),(12,9458),(13,11109),(15,13044),(16,24731),(17,14217),(20,114),(24,3653),(25,28976),(27,20199),(30,1065),(31,24090),(32,20158),(33,1254),(34,25345),(35,29519),(37,4782),(40,12555),(43,10460),(44,621),(45,10463),(49,24247),(50,4624),(51,10713),(53,15646),(57,16022),(59,17747),(63,14254),(65,988),(68,1901),(75,25302),(76,16813),(78,4042),(81,16402),(82,16634),(83,27877),(86,22368),(87,2476),(88,23255),(91,15541),(92,18709)]	182.285597
445	[(2,19950),(7,27609),(8,26002),(9,23234),(10,26943),(13,22028),(14,21813),(15,3266),(17,23161),(18,17800),(19,13158),(20,9088),(22,12289),(24,27023),(28,13193),(33,28773),(36,18716),(37,26828),(39,2886),(40,16469),(41,8437),(44,7749),(45,14587),(46,24906),(48,3072),(49,23455),(53,22193),(57,24578),(59,8904),(62,22102),(63,13154),(66,12582),(79,6267),(80,24548),(81,1702),(83,13907),(84,10183),(86,19361),(87,11931),(91,27272)]	187.942796
446	[(0,15404),(2,25251),(4,22918),(7,28042),(9,4384),(12,26589),(18,22346),(21,13061),(22,13297),(31,17434),(32,8174),(36,19255),(37,18285),(39,1627),(42,25689),(43,122),(46,8518),(47,8422),(49,14328),(50,25496),(53,1511),(54,4132),(56,17560),(57,3019),(59,17931),(60,1697),(62,936),(66,14708),(68,17806),(70,23956),(73,27069),(74,16919),(76,23512),(78,19738),(79,10886),(81,19488),(82,18871),(85,3596),(87,5373),(89,7753),(92,23294)]	179.244773
447	[(0,3930),(1,23664),(2,5416),(3,20373),(4,2673),(5,10396),(6,28007),(9,25560),(12,3680),(13,18834),(14,24665),(19,12612),(22,3091),(24,20934),(27,1321),(28,673),(29,10454),(30,30104),(33,18441),(40,17979),(41,6543),(42,23199),(43,11878),(45,4375),(47,18301),(48,28433),(51,3899),(54,29439),(56,7336),(57,15329),(58,2701),(59,12327),(61,7674),(63,17374),(67,20346),(71,2006),(73,30448),(77,17933),(78,16984),(79,6994),(80,27647),(81,21187),(83,29214),(87,28826),(88,15399),(90,2707),(91,1574),(92,10408)]	179.174224
448	[(0,8607),(1,19612),(3,1035),(9,16399),(10,5479),(11,28017),(12,19673),(13,1749),(15,21907),(18,7675),(20,25027),(24,28869),(25,10890),(26,21072),(27,6204),(28,9531),(29,2082),(32,14283),(33,6974),(40,581),(41,24303),(43,15316),(45,12122),(46,29404),(48,16816),(49,24930),(52,9071),(56,29632),(58,21365),(59,746),(62,29869),(67,8943),(71,19497),(74,15042),(75,24074),(76,16173),(77,20554),(78,18686),(82,864),(87,1055),(90,11866),(92,21027)]	172.747238
449	[(1,6118),(5,27976),(6,9798),(8,7731),(9,852),(12,4377),(13,11588),(15,10673),(17,24543),(21,24333),(22,17917),(23,28996),(24,331),(25,1799),(26,20596),(27,14451),(29,14627),(34,18395),(35,26803),(36,16344),(38,9030),(39,3855),(40,4175),(41,1183),(44,22280),(47,29314),(48,16252),(50,13718),(51,16683),(54,26154),(57,17557),(61,24868),(62,26726),(63,22933),(66,7960),(67,29647),(68,18352),(71,13520),(74,4135),(79,8420),(81,26028),(83,23200),(85,16575),(90,6251)]	192.993461
450	[(0,29980),(2,16628),(4,3541),(5,22217),(6,2551),(9,27933),(14,18052),(16,4097),(18,17090),(22,603),(23,15040),(24,4690),(25,15998),(26,26023),(34,2604),(35,23350),(39,14685),(40,29900),(44,17818),(47,5276),(52,8294),(54,9610),(56,5841),(58,11997),(59,24526),(60,3400),(61,10865),(62,16612),(63,4806),(66,19761),(67,28305),(71,18057),(74,13998),(75,10184),(77,23732),(78,14654),(79,15227),(81,23246),(82,962),(85,7606),(86,12026),(87,18539),(88,25709),(89,26133),(92,14999)]	191.380195
451	[(0,13723),(1,7479),(3,18206),(4,2919),(7,11192),(10,24280),(11,28008),(14,18029),(16,18821),(18,2843),(21,23103),(23,15326),(27,6702),(28,24053),(29,3709),(34,20151),(36,18640),(38,3106),(40,15806),(43,912),(44,19861),(46,6296),(47,15339),(48,5418),(51,13544),(52,8911),(54,11178),(55,19337),(56,13807),(64,25843),(65,16237),(68,28551),(72,20117),(73,29157),(75,24795),(76,14059),(77,3617),(80,18857),(86,10451),(89,8203),(92,23140)]	177.032060
452	[(2,4622),(3,6315),(4,25982),(8,28503),(9,8838),(12,10620),(15,5558),(17,17670),(19,6153),(21,15156),(22,23752),(26,730),(28,8213),(32,28298),(33,28947),(34,753),(36,1209),(37,20511),(38,18868),(42,22306),(43,17314),(44,10693),(47,16582),(48,10877),(49,25045),(54,14946),(58,2278),(59,916),(60,4361),(61,3185),(62,4858),(65,9519),(67,2446),(70,22170),(72,9568),(73,29087),(74,11476),(75,4746),(76,16459),(78,2293),(81,11582),(83,7483),(85,8385),(86,28502),(90,19135)]	195.802546
453	[(0,29203),(1,12431),(3,25878),(4,4404),(6,15658),(10,17557),(11,22489),(12,1925),(14,15940),(15,9844),(16,17901),(17,17177),(18,11523),(19,18633),(21,19945),(23,22907),(24,24953),(25,10154),(26,5674),(29,21627),(30,30353),(31,11315),(33,20339),(34,1245),(37,583),(38,13107),(39,20072),(40,29428),(42,7869),(43,2190),(44,573),(46,5763),(51,8165),(52,2235),(55,7538),(56,11536),(57,25590),(58,28699),(61,6172),(62,18430),(63,3390),(65,10351),(66,20011),(67,19067),(68,23584),(73,24820),(77,3941),(78,3352),(82,25223),(84,11208),(85,23497),(86,20557),(88,10752),(91,9822)]	186.426418
454	[(0,14488),(2,20490),(3,8431),(6,2192),(7,24266),(8,14863),(10,18176),(15,7839),(17,9506),(18,24834),(22,28052),(25,999),(26,27401),(27,30031),(29,20898),(33,5592),(34,11373),(35,8023),(41,17872),(42,29609),(43,11212),(44,29093),(45,27087),(47,21831),(48,25702),(49,15336),(50,25210),(55,26126),(56,759),(57,7742),(58,13810),(60,5320),(63,18252),(66,9414),(67,2299),(70,10847),(73,24258),(75,19266),(76,8777),(77,18919),(79,18636),(80,12602),(83,13005),(86,12711),(88,2307),(92,6212)]	192.510201
455	[(0,3314),(2,26414),(4,6406),(5,13023),(6,1078),(7,11763),(9,12365),(10,28691),(14,17848),(17,29687),(21,14159),(22,22322),(25,23700),(29,8639),(30,1302),(31,3008),(32,4137),(35,28064),(36,5216),(39,14634),(42,20834),(44,4077),(45,21223),(50,11415),(53,3114),(54,18207),(57,16178),(59,8069),(61,22965),(65,29310),(67,30268),(69,21527),(71,10392),(72,25576),(77,21398),(79,26017),(83,15281),(84,4813),(87,19342)]	194.303303
456	[(0,1292),(3,12791),(4,2905),(7,672),(9,11152),(12,12636),(17,13558),(21,23280),(24,21157),(27,2074),(29,25426),(33,8364),(34,1291),(35,23817),(37,21670),(39,4969),(42,21254),(43,22214),(45,11184),(46,21413),(49,24358),(51,18002),(53,29263),(54,19417),(55,27813),(56,21210),(58,26470),(60,5657),(61,18542),(62,2117),(72,29487),(75,20177),(76,18625),(79,27781),(80,16794),(84,22590),(85,3644),(88,3799),(90,22230),(91,12752),(92,2102)]	170.511349
457	[(0,18669),(3,25567),(4,17497),(5,17375),(6,16024),(7,20620),(10,14769),(12,29681),(16,23525),(18,6977),(19,12968),(21,6483),(23,10977),(26,26822),(29,20391),(30,7609),(31,21340),(35,26884),(37,13990),(38,14765),(39,15660),(41,21393),(43,27418),(44,463),(45,9741),(46,4016),(47,18906),(52,11367),(54,7210),(56,1434),(58,23074),(59,413),(61,13892),(62,13674),(67,25011),(68,11312),(69,11271),(71,13452),(72,12878),(75,29613),(76,9956),(77,212),(78,21645),(80,28101),(82,19823),(83,26561),(86,5912),(87,30335),(90,23172),(91,14794)]	175.952158
458	[(2,11651),(3,1484),(4,30352),(5,9393),(6,6906),(7,21589),(8,9994),(9,8306),(10,11522),(15,1088),(17,8366),(18,18717),(21,8809),(22,5006),(24,17919),(26,25378),(27,4267),(28,22380),(32,26221),(34,13715),(35,11468),(37,4128),(38,8155),(43,23875),(46,4880),(48,25796),(50,14647),(51,752),(52,4918),(53,10884),(55,5528),(56,24102),(57,10751),(63,914),(64,13417),(66,20154),(70,18046),(73,88),(74,27767),(75,13153),(77,18840),(78,29996),(79,25401),(80,11726),(81,11523),(82,7534),(83,27912),(85,2107),(86,19831),(87,7962),(88,28211),(89,9269),(92,13648)]	196.194673
459	[(1,18889),(2,27221),(3,18297),(5,9521),(8,6855),(10,25602),(13,14397),(15,2935),(18,6855),(21,1935),(23,10602),(24,25679),(25,28814),(26,27961),(27,17186),(30,20565),(31,19507),(33,2349),(34,16272),(35,16821),(39,14122),(40,14443),(41,17408),(43,310),(44,8467),(47,11425),(50,30136),(54,27351),(56,28428),(57,15901),(58,8349),(60,2245),(63,6347),(67,13550),(69,22567),(74,6097),(75,17077),(79,16845),(80,14990),(87,17304),(88,24387),(89,15046),(91,18329),(92,16900)]	181.077364
460	[(0,10479),(2,2116),(3,20128),(5,8754),(6,23406),(10,23562),(12,30006),(18,8525),(19,1064),(20,28075),(21,18522),(22,23592),(25,9840),(30,13390),(31,29616),(32,26560),(33,8692),(34,20408),(35,6827),(37,49),(39,15885),(44,25032),(46,12160),(50,4468),(51,4571),(57,30511),(59,16104),(60,12423),(61,27069),(62,19857),(64,30639),(65,14903),(68,29268),(71,11359),(75,6780),(76,6785),(77,29116),(78,16934),(80,17997),(82,16131),(83,14750),(84,5430),(88,6512),(89,29358),(91,13209)]	196.801909
461	[(0,29607),(4,25506),(7,15822),(9,17551),(10,27633),(11,16242),(14,720),(15,26182),(16,23665),(18,30221),(20,29906),(23,16709),(24,6405),(31,1319),(33,10383),(37,4424),(38,26654),(42,9530),(45,5531),(47,1436),(55,9364),(56,22319),(58,14343),(59,379),(62,13199),(63,15938),(65,11871),(66,18103),(69,25946),(74,3961),(76,26430),(77,7524),(79,14169),(80,17935),(83,27585),(84,3785),(85,13573),(89,24498),(91,14984)]	214.228574
462	[(0,135),(1,29388),(3,23665),(4,21017),(5,18560),(6,2404),(7,18263),(13,3477),(14,15243),(15,11072),(18,26728),(20,25258),(21,29681),(28,6591),(31,24585),(33,6779),(35,28072),(37,9766),(38,1900),(39,15790),(40,23665),(42,26832),(46,12606),(47,29947),(50,29194),(53,19845),(54,18527),(56,30104),(58,29445),(61,3078),(62,27456),(63,2435),(65,29097),(66,2580),(67,14629),(69,21618),(71,6504),(75,8360),(79,7122),(81,19662),(82,13319),(83,19066),(86,924),(87,7684),(89,21496),(92,7867)]	115.166177
463	[(1,22820),(4,14376),(6,17228),(7,23253),(12,23059),(21,27222),(22,29124),(23,17013),(25,7184),(27,5888),(28,20978),(31,18969),(32,30640),(33,17198),(34,24027),(37,29795),(42,5644),(44,10412),(46,6277),(47,24570),(48,11770),(49,14250),(51,12658),(52,5656),(58,27958),(59,13290),(61,4019),(63,8654),(64,16470),(65,15001),(67,10489),(68,20223),(69,9787),(71,373),(73,13508),(76,27538),(77,4684),(78,12286),(80,17464),(83,20884),(85,23107),(87,21560),(88,27026),(89,10506),(92,8632)]	94.467857
464	[(1,6251),(2,23411),(3,11292),(5,18663),(6,5970),(8,19309),(10,19050),(11,17459),(13,11242),(16,18134),(17,13453),(18,13356),(19,9151),(27,1938),(31,5176),(35,3693),(36,15918),(37,24258),(38,17307),(39,23505),(40,11049),(42,19572),(45,8),(49,24571),(50,2801),(54,26863),(57,23653),(59,6048),(64,15092),(65,23831),(67,23834),(68,20966),(69,9008),(72,7183),(73,20352),(74,13873),(76,22289),(77,29552),(78,9339),(79,23620),(81,13029),(84,9604),(86,26890),(87,19190),(90,16275)]	92.065085
465	[(3,27758),(8,25234),(10,27477),(12,29960),(13,1898),(15,6213),(16,20345),(18,16437),(19,2029),(20,18116),(21,30085),(22,2534),(26,4396),(27,23481),(30,29834),(31,20994),(35,23889),(36,11311),(38,29668),(40,17700),(42,26677),(45,6744),(46,1820),(47,16416),(48,10355),(50,22199),(51,13760),(52,26926),(54,27329),(55,17381),(57,1460),(58,23903),(59,4918),(62,5611),(65,50),(69,14583),(70,18445),(71,13735),(73,2333),(74,20542),(75,3242),(77,23539),(80,13046),(82,8350),(84,10127),(85,9614),(88,9525),(89,15932),(90,17645),(91,21432),(92,5568)]	84.523660
466	[(1,6380),(2,9953),(4,1689),(5,12075),(7,12038),(8,1860),(10,28666),(11,14094),(12,7123),(13,14066),(18,2264),(20,15854),(21,24271),(25,19083),(26,28203),(28,2355),(31,28413),(32,11554),(33,7476),(34,23310),(35,17312),(39,3785),(43,9733),(46,29104),(47,1142),(48,6843),(49,13199),(51,23150),(52,18133),(54,2727),(55,25903),(57,892),(59,711),(62,12855),(64,21487),(65,22271),(67,23635),(69,22459),(71,12748),(72,15939),(73,21001),(76,11305),(77,4380),(85,19285),(87,15881),(89,16499),(90,9654),(91,8772),(92,2821)]	86.609203
467	[(1,23360),(3,15990),(4,27172),(6,13803),(7,12803),(8,13339),(9,25795),(13,11985),(14,17623),(15,29888),(16,24843),(17,5079),(18,27724),(19,18847),(25,2490),(26,24499),(28,20323),(33,1904),(37,23034),(39,6427),(40,22800),(41,30234),(42,18263),(44,13714),(46,22670),(48,13128),(50,29335),(51,29734),(52,4852),(55,9941),(57,19595),(59,20569),(60,30077),(62,8107),(64,11529),(70,3680),(71,14604),(73,14849),(76,15023),(78,6892),(79,29945),(82,20066),(84,4891),(85,22623),(87,21535),(88,7416),(91,25114)]	86.493914
468	[(0,26384),(3,7107),(4,1226),(5,8071),(6,18330),(10,26803),(11,17812),(18,13675),(19,8884),(20,11185),(21,22030),(22,23202),(23,19100),(24,28667),(27,22288),(28,4505),(29,20323),(31,19065),(32,29225),(35,25326),(36,12184),(39,11961),(40,11605),(43,13214),(44,21198),(46,10661),(47,22472),(50,986),(52,1474),(53,432),(54,18276),(55,201),(56,27829),(57,16545),(60,2475),(61,24193),(65,870),(67,25896),(69,15780),(70,5670),(73,25851),(74,8601),(75,24128),(76,15735),(78,1817),(80,17474),(82,10796),(83,5387),(89,16032),(91,9785)]	87.680843
469	[(0,12107),(4,6671),(8,8914),(9,16420),(13,26283),(14,18825),(16,18699),(21,26516),(22,13787),(23,5127),(26,4972),(27,25923),(31,2823),(32,1781),(34,18506),(35,22820),(43,22026),(46,19881),(47,6309),(48,12771),(50,8319),(51,22123),(56,3238),(58,16961),(64,21255),(65,20567),(67,25454),(68,13159),(73,3922),(74,25780),(75,30284),(82,12269),(83,4400),(85,30224),(86,4454),(88,24473),(89,12522),(90,13979),(92,13478)]	85.703118
470	[(1,17901),(2,17177),(3,18022),(5,4569),(6,4244),(8,5974),(9,30288),(11,17386),(13,1639),(14,16652),(19,9608),(23,8506),(26,23090),(28,19270),(29,21171),(32,1028),(39,21943),(41,8652),(42,8254),(44,30383),(46,3646),(48,8494),(50,12887),(53,503),(54,7734),(56,13795),(57,4152),(58,8387),(60,17388),(63,10492),(64,26595),(70,16485),(71,8277),(72,23107),(76,1820),(78,3147),(81,25729),(82,28672),(83,18784),(85,18830),(87,18726),(88,21483),(90,15614),(92,9306)]	85.275218
471	[(1,24423),(2,8313),(5,1626),(10,21467),(12,16150),(13,20914),(20,22687),(21,9919),(24,30337),(25,13568),(32,13731),(35,6043),(36,14847),(38,6647),(40,6713),(42,14454),(43,21312),(44,30608),(45,29104),(46,5643),(48,2803),(49,9999),(52,26301),(53,17590),(56,6307),(57,9025),(61,15756),(62,3870),(63,24655),(66,8416),(68,12235),(69,9669),(74,21593),(76,22691),(77,24142),(79,7898),(80,3115),(84,25568),(85,6758),(86,28081),(87,25394),(88,7425),(92,8531)]	84.887699
472	[(3,17944),(6,17996),(7,8454),(13,2202),(15,21744),(20,19380),(24,28974),(30,29069),(31,12658),(32,2097),(35,22351),(39,17670),(41,6153),(44,15282),(49,10957),(50,24736),(51,27410),(52,27711),(55,24537),(58,723),(60,10573),(61,2913),(64,4099),(67,5792),(68,5746),(73,12106),(74,3190),(75,5530),(77,19286),(80,14349),(82,263),(84,24670),(85,29717),(88,22441),(89,15062),(90,350),(91,11211)]	102.162799
473	[(0,7169),(3,3199),(5,2976),(6,3161),(11,29242),(12,11497),(13,1407),(15,29398),(16,29271),(17,10143),(20,22453),(22,15801),(23,11572),(24,20091),(26,16516),(27,16940),(28,3622),(29,22501),(35,2802),(38,11764),(45,24337),(46,26227),(47,21965),(48,8589),(51,15838),(53,19819),(54,17132),(55,19877),(56,11479),(57,2467),(60,24681),(61,14164),(63,7281),(65,20708),(68,2116),(69,19444),(74,3715),(75,26557),(80,1275),(83,30438),(85,353),(86,4982),(89,23318)]	88.163434
474	[(3,14048),(4,30623),(7,29934),(10,537),(13,9026),(16,25791),(21,15673),(24,28012),(25,26706),(29,12904),(30,27662),(31,13912),(33,17113),(34,11871),(38,8243),(44,7901),(48,16137),(55,16694),(56,4768),(57,15484),(58,6919),(60,16353),(62,22750),(63,26041),(64,14719),(67,28533),(68,26251),(69,4486),(71,3227),(73,27924),(74,811),(80,19786),(83,862),(88,29665),(89,12497)]	85.782630
475	[(1,20881),(2,2529),(6,9193),(7,118),(9,12686),(13,6185),(14,11218),(16,9348),(20,21840),(21,5263),(22,13995),(23,28940),(24,11932),(25,24792),(27,1384),(28,12547),(29,13313),(31,13862),(32,23767),(33,14840),(35,5192),(36,27111),(44,13149),(46,14687),(53,6854),(54,22690),(56,10995),(61,985),(62,11143),(63,30414),(64,19969),(66,24466),(69,16823),(70,13808),(73,14533),(74,4771),(75,25711),(76,18614),(82,29099),(85,1683),(92,25649)]	95.328556
476	[(1,12292),(6,13387),(10,8800),(11,27008),(12,9535),(14,28054),(15,2917),(18,27586),(19,1802),(21,25963),(25,3114),(26,9031),(29,25009),(32,58),(33,6971),(35,16337),(36,27198),(41,16170),(42,17570),(44,27501),(45,29625),(46,11725),(49,4844),(52,13642),(54,21191),(55,12867),(56,25825),(64,28334),(65,7117),(66,20836),(69,4808),(71,11845),(74,29689),(78,9783),(79,27278),(86,29201),(88,29590),(90,20924)]	86.969713
477	[(0,3415),(1,21800),(5,26672),(7,17574),(8,9896),(11,13340),(17,16252),(21,2823),(22,1781),(28,10922),(31,27596),(32,17720),(33,29543),(35,1112),(36,22194),(40,27060),(42,11019),(48,19925),(49,18143),(50,26924),(51,17397),(53,23563),(54,26808),(55,22572),(57,8191),(63,30296),(64,25578),(66,4138),(69,9314),(71,15623),(73,798),(75,8836),(76,15225),(77,10109),(78,26362),(79,5593),(80,24319),(83,11514),(86,6426),(87,24100),(90,4503),(91,8334)]	85.601655
478	[(2,10514),(3,11565),(5,23257),(7,5232),(11,9255),(13,16789),(14,12202),(16,19298),(17,3776),(22,11660),(23,13010),(25,19962),(27,2430),(29,14132),(30,18770),(32,20591),(33,7697),(34,2706),(38,29920),(39,5404),(40,18721),(41,19398),(45,12176),(46,14671),(49,17743),(50,27138),(52,15593),(53,10411),(55,3546),(58,16344),(63,26113),(64,17498),(65,24579),(66,10989),(68,17990),(69,16123),(72,778),(74,29210),(75,13239),(76,684),(80,19370),(83,5106),(84,11887),(85,10028),(86,25504),(88,29902),(89,5698),(90,27036)]	84.881721
479	[(4,7549),(5,3700),(7,1638),(8,28868),(9,24011),(10,11676),(11,13372),(12,5858),(14,11584),(15,1671),(17,3521),(20,13021),(24,10979),(26,7428),(28,13765),(30,6662),(31,4826),(33,10834),(36,15776),(41,9279),(45,18587),(46,8713),(50,9078),(53,12360),(54,7748),(55,13370),(56,23221),(58,7676),(59,29847),(61,18563),(62,5549),(64,28002),(69,17888),(73,12237),(75,24923),(78,27145),(80,22448),(81,1248),(82,29885),(85,2154),(88,8533),(89,27244),(91,5745)]	85.162971
480	[(0,483),(1,28416),(2,1663),(4,221),(5,19363),(6,6178),(7,1819),(8,9236),(9,28198),(10,14586),(23,8137),(24,134),(25,25092),(27,24543),(34,6780),(36,4449),(37,12848),(38,18501),(40,25270),(42,24788),(44,13318),(46,3883),(47,23605),(50,21168),(51,20571),(56,15533),(57,28736),(58,5486),(59,26871),(61,1754),(63,5526),(64,21539),(69,8211),(72,4565),(74,2511),(75,18282),(76,611),(78,16378),(79,24949),(82,22124),(84,8415),(85,28041),(92,15869)]	85.878615
481	[(5,19405),(6,11976),(10,10245),(12,22009),(14,27605),(16,8440),(17,8297),(19,4555),(22,7202),(23,8377),(25,2541),(26,8193),(29,14623),(30,1381),(31,18961),(32,16404),(34,4261),(39,24619),(40,2089),(43,5997),(44,17396),(46,30290),(47,4749),(50,9398),(51,21218),(52,10328),(56,28674),(60,16061),(61,7483),(67,6301),(71,18986),(74,14736),(75,16334),(77,22070),(79,23923),(84,16964),(85,14056),(86,11542),(90,11148),(91,5986)]	87.268271
482	[(0,4314),(1,13778),(2,250),(7,29037),(12,8277),(14,3033),(16,4199),(17,14987),(21,25492),(22,3231),(28,5534),(29,15480),(32,15829),(34,22622),(36,24004),(37,7075),(38,7254),(43,12656),(44,17176),(46,19238),(48,24592),(50,4096),(59,26864),(61,3884),(63,3540),(65,16349),(68,18408),(69,29022),(70,28941),(72,849),(74,1320),(75,27341),(76,18703),(79,11660),(80,6215),(84,26951),(85,23552),(86,25824),(87,29433),(90,10817),(91,2607),(92,19730)]	84.324500
483	[(2,16464),(3,6758),(4,12533),(5,13403),(7,28284),(8,11310),(10,17944),(15,29807),(16,6960),(18,20881),(23,15922),(24,11948),(25,8119),(26,9606),(29,28646),(30,16752),(31,16282),(32,6042),(34,30411),(36,29810),(37,6162),(38,30267),(39,16937),(41,8396),(43,29365),(49,27375),(54,15659),(56,28112),(57,25280),(58,479),(60,25639),(61,7992),(64,24208),(65,28511),(66,10501),(68,22576),(69,23945),(72,10112),(73,2680),(76,17449),(78,7205),(79,3864),(81,27545),(82,21101),(83,28560),(84,23496),(85,16849),(91,27137)]	82.602856
484	[(1,10218),(2,3980),(3,1043),(4,12735),(6,15179),(8,21541),(10,1114),(12,28129),(14,13625),(18,26920),(19,5543),(20,26004),(21,3186),(22,6280),(24,9589),(25,28439),(26,11183),(28,7558),(31,18490),(35,29968),(36,8474),(40,19454),(41,18635),(45,2764),(46,22929),(47,27269),(48,22247),(49,11616),(50,8856),(51,17910),(52,14241),(56,13005),(58,26710),(59,19716),(62,2468),(64,20032),(65,5324),(66,24860),(68,26927),(70,24065),(71,23753),(73,5448),(74,12347),(75,25535),(76,28094),(78,26637),(79,19430),(80,6259),(81,18),(87,1841),(89,18128),(90,16972),(91,807),(92,30444)]	105.032886
485	[(0,6512),(1,8200),(2,19086),(3,22617),(5,14972),(6,21573),(7,4265),(8,26966),(12,26970),(13,6937),(14,9476),(16,19178),(17,436),(21,15101),(26,12675),(28,38),(29,990),(30,25319),(32,20315),(33,6459),(35,14521),(37,14129),(40,30407),(41,11093),(43,5067),(44,8368),(49,16069),(52,13021),(55,25096),(64,24368),(68,16461),(70,27127),(71,6762),(75,25100),(76,18516),(79,12057),(80,27464),(82,18453),(83,1112),(86,6075),(87,15138),(89,17448),(90,27460),(92,11229)]	88.894693
486	[(4,2022),(5,2879),(13,4123),(18,17082),(19,1183),(20,4850),(21,5130),(22,12536),(25,11032),(26,14398),(29,21050),(31,20296),(33,2882),(34,21986),(37,4480),(40,26452),(41,9009),(43,28219),(49,23753),(52,29269),(54,27798),(55,29257),(60,16377),(61,21781),(62,15037),(63,21405),(66,24470),(71,2487),(72,18216),(73,4681),(77,19329),(78,20201),(79,1129),(81,24353),(82,5835),(84,27904),(86,12622),(89,10169),(90,27336)]	93.459805
487	[(0,10731),(2,24091),(3,2254),(5,6435),(7,16208),(9,28692),(10,24074),(12,1817),(14,15951),(15,22614),(17,13770),(24,9247),(30,30183),(31,14571),(34,30326),(36,28281),(40,16856),(41,3571),(43,2386),(44,15302),(47,7314),(49,2513),(52,9494),(54,27867),(56,399),(57,11221),(58,27476),(61,18092),(62,25560),(63,27819),(65,48),(66,21760),(71,13602),(72,28566),(74,24705),(77,3489),(79,19378),(81,16831),(86,26238),(92,27081)]	89.467311
488	[(1,23562),(8,3521),(9,14269),(12,7304),(14,21415),(16,3742),(22,23366),(23,12401),(27,13383),(28,25319),(30,3622),(33,17219),(34,2944),(36,9686),(37,6661),(43,8127),(44,7832),(45,18449),(46,15313),(48,1262),(52,17787),(53,28740),(54,9436),(57,25024),(58,22752),(59,28491),(61,9253),(62,12695),(63,3591),(66,5678),(67,29651),(71,9688),(73,9128),(76,7492),(82,13945),(84,11358),(85,30111),(86,23277),(87,13004),(88,6165),(89,10743),(90,11936),(91,17244),(92,26999)]	88.137670
489	[(2,1880),(5,9875),(7,13447),(8,12865),(9,16514),(10,5009),(11,10314),(13,3020),(14,17288),(15,263),(16,23534),(17,5186),(18,27620),(19,24077),(20,16014),(21,7481),(22,7786),(24,13171),(25,14420),(29,7815),(35,22459),(36,10455),(42,9791),(43,430),(44,9283),(47,29836),(48,4950),(49,27980),(50,5762),(52,20921),(53,23876),(55,14069),(56,12856),(59,553),(60,523),(61,12659),(65,30632),(66,7732),(71,3663),(72,16783),(74,21545),(75,19983),(79,20235),(80,20379),(82,29330),(83,25287),(85,9115),(86,8353),(87,27746),(88,4539),(92,9969)]	87.065590
490	[(0,13309),(1,19425),(2,21754),(3,16609),(5,23899),(9,2575),(11,6654),(14,30137),(16,791),(17,17882),(19,15092),(20,269),(21,22182),(22,27312),(23,22788),(24,9495),(25,26568),(26,20290),(27,19981),(31,14191),(32,7495),(33,21399),(35,27303),(37,27913),(39,9494),(40,369),(45,11382),(46,10972),(47,714),(49,20048),(50,18088),(52,16736),(54,22382),(64,20235),(67,4128),(68,17937),(69,27943),(70,30529),(73,15141),(74,9741),(75,16290),(77,12530),(79,6951),(80,6824),(81,30169),(83,21830),(84,27850),(86,5232),(90,11228)]	84.553467
491	[(0,29048),(5,713),(6,2154),(8,7389),(10,17579),(11,21937),(12,27221),(15,21505),(16,6339),(17,9460),(18,11578),(19,22818),(21,8364),(22,1291),(30,30037),(31,14409),(34,18384),(35,20618),(40,164),(44,2314),(49,15821),(50,24112),(53,16980),(55,3904),(56,23320),(58,5222),(59,13074),(61,4355),(62,10148),(63,29912),(64,21752),(65,649),(67,2683),(68,29185),(70,10842),(75,10140),(77,8565),(79,30284),(85,5388),(86,15114),(87,9450),(88,18977)]	87.861790
492	[(0,20888),(3,1724),(4,2370),(7,4220),(10,17629),(12,1425),(17,14193),(20,17454),(25,29776),(26,8528),(27,28589),(28,6156),(33,12302),(37,25534),(41,5854),(42,5284),(43,29217),(44,3492),(45,11421),(48,637),(52,25309),(53,4374),(56,4071),(60,8420),(61,24146),(63,26013),(67,16119),(69,16939),(71,12999),(75,9794),(78,1630),(81,751),(85,11039),(86,18685),(87,15247)]	86.940896
493	[(0,6240),(2,19606),(3,27909),(4,5397),(6,7039),(8,15515),(10,11222),(11,1522),(13,30494),(14,21299),(17,8044),(20,9287),(21,26117),(22,24538),(23,28904),(24,27679),(25,1638),(26,5909),(28,28129),(29,3451),(32,2431),(34,4672),(36,17348),(37,15231),(38,14209),(39,25156),(41,6538),(43,20657),(45,2776),(46,18185),(47,16840),(49,6235),(50,4431),(51,23861),(53,14140),(54,7421),(55,30167),(57,22213),(60,8008),(61,5553),(64,12165),(65,9099),(66,28291),(72,9888),(73,13472),(74,26610),(77,7006),(78,22909),(79,25543),(81,10748),(87,25314),(88,29008),(89,3851),(90,2758)]	89.122891
494	[(1,24351),(4,24121),(5,25934),(6,29124),(7,17013),(8,23627),(9,23284),(11,18360),(12,15287),(15,21075),(16,14157),(18,1060),(20,15034),(21,10427),(22,21517),(24,26323),(26,9484),(28,24534),(30,23965),(31,20401),(32,10263),(33,5887),(35,25764),(36,11647),(37,4892),(38,25749),(39,3839),(40,9734),(42,29433),(45,8413),(46,11623),(50,22506),(52,8116),(53,22918),(54,24362),(55,26320),(56,2849),(57,21725),(59,13424),(60,23883),(63,15257),(64,24464),(69,29402),(70,27311),(77,2138),(79,18678),(80,24931),(85,2458),(87,26908)]	86.645554
495	[(0,29729),(2,27838),(3,217),(4,21920),(6,29967),(7,3393),(10,996),(12,3276),(18,7122),(20,12186),(22,14359),(23,17058),(29,16416),(30,10355),(33,4437),(36,2393),(38,23313),(39,19183),(41,16427),(42,11398),(44,14562),(48,2973),(49,12486),(53,21075),(55,26891),(56,29605),(57,14124),(58,9992),(60,20598),(64,4703),(67,4081),(68,316),(69,27207),(70,12803),(71,15203),(76,3809),(77,19211),(78,18523),(83,24599),(85,26345),(87,12057),(88,25654),(89,11230),(90,29171),(91,1061),(92,26873)]	87.567215
496	[(0,9984),(1,130),(4,19437),(6,9022),(7,15181),(9,3737),(10,15289),(12,9210),(13,20501),(21,4187),(22,7091),(24,21948),(25,23779),(26,27629),(27,26704),(28,28397),(29,10483),(30,8774),(33,15519),(35,18346),(37,2282),(38,22883),(39,25708),(40,24061),(41,14808),(42,27764),(44,5494),(47,12815),(49,14605),(51,19112),(53,9335),(56,3015),(57,23660),(58,6324),(59,28719),(61,123),(62,6046),(68,3970),(69,10749),(70,2008),(72,17605),(73,1110),(74,8282),(76,9976),(79,14865),(82,4507),(84,24813),(88,26936),(90,30344),(91,6579),(92,1411)]	105.133140
497	[(2,25487),(3,22713),(4,11782),(8,7285),(9,26569),(10,11829),(12,11209),(14,14115),(15,7869),(16,10059),(20,4947),(21,30226),(23,6139),(28,7049),(29,5918),(31,631),(33,11940),(34,7743),(35,22568),(38,11424),(39,9587),(40,23365),(41,22809),(42,8726),(43,26893),(45,10324),(47,23695),(48,27853),(49,4347),(51,3161),(52,12530),(56,21265),(57,27438),(60,8329),(61,16068),(63,6602),(69,765),(70,25533),(72,8307),(73,21957),(76,15759),(79,10755),(80,28379),(83,901),(85,20140),(86,20967),(87,1112),(89,3994),(90,24888),(91,5295),(92,18644)]	94.468358
498	[(0,26825),(1,11723),(3,27658),(5,22325),(8,8676),(10,5902),(11,8460),(17,28692),(18,21583),(19,7077),(20,20670),(21,10788),(23,25807),(26,7409),(27,4418),(28,9231),(30,29530),(31,21152),(33,21075),(34,14157),(36,1060),(41,2484),(42,24886),(43,5943),(47,14090),(48,434),(49,16441),(50,18152),(52,17021),(54,7867),(55,13310),(56,3823),(58,15652),(63,4729),(64,5417),(65,14404),(67,15535),(70,17857),(72,28085),(73,10404),(77,14884),(78,8519),(81,1008),(82,25303),(86,453),(92,18809)]	88.566793
499	[(1,3774),(5,747),(6,3127),(8,29273),(9,4283),(12,19769),(16,6534),(18,18201),(20,27958),(22,19319),(23,25522),(24,18310),(26,4820),(27,5089),(29,23883),(31,20656),(34,18496),(37,26147),(39,15446),(42,18215),(45,7029),(47,15363),(49,27245),(50,11193),(51,16264),(57,8277),(58,23107),(62,15698),(64,13655),(65,24137),(66,3578),(67,2041),(69,20478),(70,2394),(71,10803),(80,2926),(82,15900),(83,1025),(86,8318),(87,23940),(88,7566),(90,14297),(92,9402)]	87.717669
500	[(1,29900),(3,16943),(8,2734),(12,14858),(13,30028),(16,27579),(17,17350),(22,25223),(26,20780),(33,5311),(34,5723),(36,29143),(37,9714),(39,19759),(43,11813),(50,13331),(51,17787),(52,19011),(55,26983),(61,26107),(63,10612),(64,29263),(65,19417),(72,20858),(76,13031),(79,5098),(81,27847),(82,11960),(84,8170),(87,4734),(88,27547),(89,5254),(90,12131),(92,6197)]	87.278564
501	[(2,1070),(3,13266),(5,10764),(6,5683),(7,10654),(8,1950),(9,13567),(10,10473),(14,21658),(15,3670),(16,10988),(19,25152),(25,23276),(26,16732),(27,15631),(28,9734),(30,12562),(31,11708),(32,12002),(35,14844),(41,20629),(50,7332),(56,8359),(57,30119),(59,25907),(60,23329),(61,26326),(62,19456),(64,9829),(66,28295),(70,12982),(71,3276),(72,8678),(73,22890),(74,20564),(76,27044),(77,3330),(78,2385),(79,6025),(81,10969),(82,4789),(84,11925),(85,9094),(87,6373),(88,6492),(89,3806),(90,1046),(91,27617),(92,24647)]	85.202644
502	[(0,7141),(3,25501),(4,10052),(5,16985),(8,6940),(9,8492),(10,10880),(11,26176),(15,17321),(17,10338),(18,4295),(21,20405),(22,28193),(24,7290),(26,3059),(28,22920),(29,2562),(31,17239),(32,29467),(33,4847),(34,20998),(37,8835),(40,7272),(46,19987),(47,21067),(48,7324),(49,8441),(52,17501),(53,26093),(55,10672),(56,12957),(57,11720),(59,9934),(63,17770),(64,5334),(65,25429),(68,13896),(69,8472),(70,23065),(72,14255),(73,11598),(75,29813),(76,7074),(77,6017),(80,30452),(82,27093),(84,16947),(86,21803),(87,14593),(88,20423),(92,27635)]	98.242013
503	[(4,17831),(6,13016),(10,19135),(13,339),(14,4412),(15,25267),(17,1992),(21,4746),(22,15494),(27,3438),(30,5813),(32,2644),(33,3903),(35,24882),(36,22411),(38,12904),(40,15629),(42,19251),(44,11774),(50,29926),(52,1584),(53,14704),(56,6650),(58,9509),(59,568),(62,2260),(64,8854),(65,18884),(68,708),(71,4357),(72,19669),(75,14207),(80,8473),(81,7885),(82,4239),(83,30478),(85,24117),(87,16829),(88,13787),(89,28860),(90,25642),(92,12481)]	88.983528
504	[(2,8190),(4,14224),(7,19782),(8,11426),(9,19516),(14,13866),(16,2614),(18,28155),(21,13427),(23,24638),(27,5263),(28,12052),(29,20496),(30,29393),(31,18926),(33,9691),(35,22787),(36,11768),(37,254),(38,3592),(40,14333),(41,23953),(42,25826),(44,13865),(45,13381),(46,13243),(47,10081),(49,9765),(54,2848),(56,30363),(58,4995),(61,17218),(62,28767),(63,14531),(68,17175),(69,22121),(72,2794),(73,4718),(76,9592),(77,28270),(81,15315),(84,7215),(85,10521),(86,25347),(92,4903)]	85.740979
505	[(1,12138),(2,20117),(3,671),(4,4752),(6,24026),(7,6387),(8,14709),(10,21460),(13,21654),(15,8622),(16,5356),(17,21795),(20,3784),(24,17659),(27,2642),(28,9185),(29,8113),(30,4243),(31,20500),(34,6950),(38,12747),(39,7500),(41,24337),(42,26227),(47,6885),(48,650),(52,26378),(53,19639),(55,23046),(56,15755),(59,16531),(64,21919),(65,28929),(66,6880),(67,7934),(68,22320),(73,9657),(80,6794),(81,18550),(82,22629),(86,2882),(90,21268)]	84.345797
506	[(0,3215),(6,22580),(7,1160),(8,21580),(10,4902),(13,25766),(15,29823),(17,9453),(18,5987),(20,13948),(21,10970),(22,1670),(24,27113),(28,3922),(29,20272),(32,8848),(33,21019),(36,29591),(37,23650),(42,20635),(43,14443),(44,22300),(45,29017),(46,26792),(53,16343),(57,25858),(59,22966),(60,12344),(61,9381),(63,2490),(65,5392),(67,10785),(69,4523),(70,25861),(74,3912),(78,2431),(82,11709),(83,8337),(89,29491),(91,5048)]	86.221468
507	[(1,1407),(2,23113),(3,3297),(5,26017),(9,6157),(10,6487),(11,9046),(13,28580),(14,20518),(15,8261),(16,27860),(19,23593),(23,28159),(24,25334),(32,29498),(35,26250),(36,15408),(37,13115),(38,20688),(39,17601),(41,8074),(42,1313),(45,4891),(46,22623),(49,10189),(50,10035),(51,22361),(52,8833),(55,16535),(56,19023),(57,26506),(59,26174),(61,10608),(63,15122),(66,27936),(68,25721),(70,5988),(72,103),(74,29213),(76,28317),(77,14015),(79,17503),(80,24505),(81,26604),(84,7916),(85,6106),(87,13675),(88,11845),(91,14073)]	112.954089
508	[(0,17967),(3,1298),(5,17656),(6,24775),(8,9921),(9,14454),(11,20873),(12,26059),(16,27069),(20,2960),(21,5827),(23,16738),(25,8128),(26,23224),(28,3068),(29,20925),(36,28352),(38,25850),(39,482),(40,26129),(41,15506),(43,20699),(44,15156),(47,12724),(48,13717),(51,29270),(54,10230),(55,10872),(56,24274),(57,5921),(58,4749),(60,25234),(61,24308),(62,5278),(63,18460),(64,4456),(66,7849),(67,3199),(69,12168),(74,15592),(76,19950),(77,8584),(78,1415),(79,26776),(80,21231),(83,29989),(91,24357),(92,29347)]	99.302954
509	[(1,16546),(3,22361),(4,8833),(5,11859),(7,23072),(8,28607),(9,3681),(10,29395),(11,21937),(13,28753),(15,11689),(16,12704),(17,26687),(18,2188),(19,151),(20,22739),(23,9582),(25,15852),(31,11246),(32,6386),(34,9650),(38,28430),(41,8016),(42,27514),(43,18585),(44,30616),(47,20264),(48,25293),(50,6741),(51,30561),(53,7017),(54,13887),(56,1273),(58,2485),(60,11526),(61,26421),(62,18973),(64,17708),(65,11253),(68,14127),(69,14627),(70,12784),(77,3003),(80,11965),(81,28745),(82,24220),(84,29928),(89,15566),(90,22930)]	92.170388
510	[(0,6382),(1,1343),(2,6051),(5,26514),(7,9124),(9,28890),(11,26844),(14,16598),(17,22345),(19,10277),(20,18576),(27,21113),(28,4959),(31,5700),(32,12629),(37,29132),(38,10195),(39,3968),(44,28580),(45,20518),(47,15258),(50,11480),(52,24723),(54,4847),(55,20998),(56,24527),(59,11058),(62,3804),(64,15451),(70,2128),(74,2637),(79,4958),(80,17362),(84,26734),(88,15512),(92,23097)]	88.269396
511	[(0,29223),(2,10151),(4,23295),(6,30116),(7,5833),(9,20143),(11,25350),(14,17224),(16,16281),(17,3623),(18,29811),(21,1191),(25,19155),(26,21619),(27,11766),(28,529),(30,9637),(31,14966),(33,25090),(34,4352),(35,29240),(36,26341),(40,15586),(42,1391),(43,12518),(46,2378),(48,29106),(51,19378),(54,21012),(55,12946),(56,21411),(61,26665),(68,16752),(69,16282),(70,6042),(73,3835),(74,12507),(78,4926),(79,17232),(83,3121),(84,12846),(89,19307),(90,6587),(91,6522),(92,9060)]	91.788326
512	[(0,29953),(2,26897),(3,26095),(5,24011),(8,27232),(9,30173),(10,20629),(15,12562),(16,2390),(18,10179),(19,20977),(20,12373),(24,12974),(25,3055),(28,24793),(31,22002),(33,14049),(35,10974),(36,20545),(37,17421),(38,8023),(41,6920),(42,435),(43,7323),(44,24675),(46,2079),(47,12158),(49,18115),(52,24028),(54,6523),(58,10376),(60,19751),(61,24031),(64,25312),(68,4532),(69,3900),(72,15524),(73,27038),(75,2831),(76,16694),(78,17161),(79,4705),(80,14030),(86,15603),(89,2215),(91,16883)]	87.621280
513	[(0,20818),(2,11573),(3,26691),(6,10356),(9,23250),(13,19530),(14,3772),(15,9983),(16,29661),(19,8203),(20,23549),(21,29523),(24,21540),(27,17365),(28,1823),(30,8800),(31,27008),(32,9535),(35,14342),(36,17857),(37,5966),(39,19079),(42,30103),(43,4587),(44,3366),(46,7425),(52,23348),(53,13363),(54,29417),(55,10450),(59,14244),(60,4954),(61,9706),(62,13876),(67,11473),(68,19421),(73,17183),(74,7486),(75,323),(77,6725),(78,1463),(80,1948),(82,13818),(83,7779),(86,23342),(87,9298),(89,28828)]	90.167308
514	[(0,13691),(2,9450),(4,1573),(7,9010),(8,3381),(9,12236),(10,17278),(12,27167),(15,5214),(17,20177),(20,1818),(22,18490),(27,6107),(28,23189),(29,21868),(30,20549),(35,24529),(36,6720),(37,10910),(38,4295),(42,30360),(44,11948),(47,11231),(49,26166),(53,26481),(60,2826),(61,26011),(65,16994),(68,16425),(69,26526),(71,14905),(74,26731),(75,16553),(76,2618),(77,9871),(78,5702),(81,9018),(84,12787),(86,25809),(91,21071)]	88.273431
515	[(0,6094),(2,16346),(3,15651),(4,29546),(5,8211),(7,29765),(9,514),(10,30415),(18,1229),(19,13211),(20,98),(21,27444),(22,30001),(23,4578),(25,7569),(27,25298),(29,6072),(36,22494),(38,9133),(39,4324),(41,26272),(44,9552),(45,15642),(46,24233),(48,1272),(50,26179),(51,19487),(52,11783),(54,17178),(55,12134),(58,18725),(59,24504),(60,17299),(61,4367),(63,21660),(64,1042),(67,2265),(68,25992),(70,7685),(71,13145),(72,6825),(73,11007),(75,20219),(76,1325),(78,20496),(82,7004),(84,6008),(85,6579),(87,28962),(88,24430),(89,519)]	89.380801
516	[(7,9232),(8,25776),(10,8034),(14,1068),(16,3052),(19,20838),(22,22715),(23,25698),(27,11233),(29,21383),(34,20070),(37,30106),(39,121),(40,5229),(44,5248),(48,2643),(49,21111),(50,9061),(53,27344),(54,7387),(57,18774),(60,29605),(65,17525),(74,583),(75,13107),(79,3621),(80,13400),(83,1076),(87,26218),(88,24518),(89,28409),(90,5843),(91,1607)]	87.466550
517	[(0,25439),(2,2143),(4,11919),(6,24921),(9,3603),(11,15403),(13,21198),(14,13053),(15,47),(16,27873),(20,22090),(22,27873),(26,29825),(29,10523),(30,13397),(35,10077),(36,12820),(37,25987),(38,19007),(40,23583),(41,25007),(43,8577),(46,28611),(47,1271),(49,8247),(50,7489),(52,25415),(53,13283),(54,27671),(56,18730),(58,6859),(60,8621),(61,25687),(63,3631),(65,7987),(69,1068),(70,21787),(72,19897),(74,8315),(75,30259),(76,15526),(77,14815),(78,887),(81,20191),(82,20533),(86,14328),(88,12384),(90,7760),(91,9322)]	85.860962
518	[(0,25402),(1,8590),(3,4694),(9,29702),(10,9371),(11,4934),(13,29531),(15,5879),(18,19977),(23,2981),(26,19613),(27,9878),(28,15376),(30,12898),(32,9219),(34,7747),(35,24129),(36,11456),(38,11051),(39,20894),(40,9812),(41,6722),(42,2557),(43,7137),(46,8652),(47,8254),(48,12661),(49,28793),(51,16131),(52,14750),(54,20781),(57,11397),(58,4211),(63,869),(64,11560),(65,29062),(67,29172),(68,24829),(69,5090),(70,25575),(71,18503),(72,2544),(74,4488),(78,1928),(79,13654),(82,4416),(85,1831),(86,22499),(89,4232),(90,1654)]	107.285434
519	[(1,20423),(4,10102),(5,11166),(8,7995),(9,14),(10,22799),(11,7325),(13,13261),(14,22173),(17,28637),(18,6245),(20,12149),(21,29624),(27,9453),(29,9503),(30,25352),(31,25262),(33,18055),(34,743),(37,3804),(39,10150),(41,29975),(43,15957),(44,1669),(45,28751),(46,3537),(47,788),(55,4827),(57,22575),(58,3328),(61,27446),(62,27755),(63,20045),(64,4915),(65,17953),(66,30583),(72,3033),(76,30286),(77,6635),(78,29364),(79,23269),(81,10768),(82,26270),(85,3140),(88,3815),(89,21396)]	96.190717
520	[(0,11848),(2,15146),(5,30372),(7,7211),(8,19312),(9,29266),(11,30012),(13,8867),(15,17813),(16,12650),(17,28310),(21,27202),(22,20093),(28,23991),(29,3359),(30,21900),(31,11590),(33,8513),(34,1947),(36,18837),(39,25328),(40,16362),(44,26560),(45,8692),(46,20408),(47,6827),(49,8531),(50,3361),(51,20408),(54,21795),(55,11154),(57,15974),(58,8767),(60,30625),(67,9708),(68,2036),(69,23832),(71,13994),(72,16239),(73,9429),(75,5128),(77,5669),(78,24750),(80,12799),(81,20469),(84,29672),(85,19552),(92,3508)]	93.850684
521	[(0,22029),(1,29189),(3,18117),(5,4099),(6,4717),(9,20690),(11,26289),(16,21169),(17,9952),(21,28156),(23,14964),(24,30499),(26,21977),(30,19587),(34,2987),(35,13102),(36,15925),(41,4688),(47,3938),(49,16064),(52,30039),(54,10362),(55,12596),(56,7440),(59,17395),(60,24878),(62,7998),(63,25092),(68,18801),(72,15962),(73,26316),(74,23855),(75,29141),(76,17782),(77,18534),(78,21640),(79,29052),(80,2181),(83,17268),(88,3278),(91,22540),(92,3150)]	104.645897
522	[(0,24487),(2,10869),(3,8352),(5,12616),(9,24983),(10,11535),(12,10770),(13,19253),(15,17630),(20,3428),(25,13242),(26,20853),(27,15246),(30,21008),(33,30500),(34,19649),(36,22099),(38,27530),(39,15910),(41,13705),(45,5389),(47,13881),(48,25033),(49,2962),(52,23476),(54,7235),(55,18553),(57,24103),(59,30407),(60,11093),(62,4708),(66,12035),(67,21578),(68,9940),(70,2436),(75,22513),(76,9257),(78,23231),(79,335),(80,1258),(82,22491),(83,28688),(84,19229),(85,2619),(87,6541),(88,17957),(91,16221)]	94.718749
523	[(0,22633),(2,8240),(3,5007),(4,16864),(5,23468),(7,1841),(9,24366),(11,25369),(16,18001),(18,19392),(19,6551),(23,11904),(25,11093),(27,5642),(31,6316),(32,17426),(33,6510),(34,27493),(35,22899),(40,16801),(43,27399),(44,23117),(48,26761),(50,12877),(52,25933),(53,15306),(56,3081),(57,9212),(58,9949),(59,879),(61,15873),(63,13895),(64,17988),(69,27231),(72,15756),(77,13264),(78,10891),(79,12025),(80,2423),(81,3876),(82,28273),(83,29176),(84,16731),(85,5758),(88,13883),(89,5185),(90,1909),(92,16009)]	88.439697
524	[(8,21076),(10,329),(12,3003),(15,12244),(18,3296),(19,29901),(20,14647),(22,23260),(25,2942),(26,8477),(27,13893),(29,29766),(30,29111),(32,16987),(33,9479),(35,406),(40,20062),(41,26555),(42,12221),(43,14651),(44,6950),(46,27440),(48,15781),(50,13465),(51,8634),(54,29709),(55,27716),(58,16486),(60,18057),(62,23326),(70,5945),(74,20088),(79,19459),(80,23816),(81,11665),(82,23886),(84,248),(87,12436),(88,13831),(89,30338)]	88.292019
525	[(1,3124),(3,11087),(4,29933),(7,20818),(9,23129),(10,10166),(11,12826),(12,13786),(13,1188),(15,28199),(17,23748),(18,28966),(22,23581),(23,16371),(25,10414),(26,18293),(29,15186),(31,22729),(32,29207),(34,23130),(35,12512),(36,4078),(38,28208),(50,30337),(53,28694),(54,5350),(55,4237),(59,27645),(60,2576),(61,23833),(63,15226),(67,25463),(69,8712),(71,8615),(72,660),(73,10774),(75,19280),(76,11317),(77,3598),(78,30254),(80,21056),(81,18958),(82,13305),(83,10281),(85,23191),(87,776),(88,27535),(89,24785),(91,11173),(92,5348)]	87.533852
526	[(3,20570),(7,22068),(8,28163),(9,12068),(11,1680),(19,6382),(21,8),(22,11674),(28,549),(29,13330),(31,12530),(35,21265),(36,19713),(37,28369),(39,6331),(40,28590),(43,5678),(44,29651),(45,6062),(46,1620),(50,18092),(51,21961),(52,16302),(55,11250),(56,20919),(57,10462),(58,2973),(62,30432),(63,4843),(64,29263),(65,27043),(66,19809),(69,7447),(71,6363),(72,14146),(73,19704),(74,28722),(78,29659),(79,2847),(81,28748),(83,5011),(89,2159)]	87.059758
527	[(0,5656),(1,21634),(7,12584),(9,10780),(10,28048),(14,28793),(22,17187),(24,23222),(25,25076),(26,27169),(27,12954),(30,29909),(31,8645),(34,2897),(35,21298),(37,26501),(38,10696),(40,974),(41,5110),(42,14373),(44,6043),(45,28693),(47,16508),(49,8326),(52,29034),(55,5103),(58,30113),(59,21304),(62,21682),(64,848),(71,9211),(72,17513),(74,8612),(77,19945),(78,6395),(79,24069),(80,12317),(82,4122),(83,8136),(84,2429),(85,23766),(87,24234),(88,10766),(89,10789)]	84.043426
528	[(0,11648),(1,27613),(5,22351),(7,15845),(8,1450),(9,24555),(10,6074),(11,16082),(12,111),(14,1710),(15,2475),(19,24147),(21,528),(23,16893),(24,13730),(25,24046),(26,25035),(29,9451),(32,427),(33,21955),(36,29470),(38,30437),(39,26774),(44,1078),(45,18015),(47,3840),(49,19886),(51,3384),(52,4303),(56,17646),(59,17696),(60,27361),(61,28302),(62,27951),(63,19282),(64,6361),(65,13229),(66,24168),(70,16645),(71,16625),(74,5150),(77,28930),(79,23891),(80,13121),(84,1027),(85,7898),(87,25833),(90,25831),(92,23034)]	88.863408
529	[(0,29312),(3,91),(4,23292),(6,21865),(7,28326),(8,5713),(9,18859),(13,20051),(15,6802),(18,1200),(20,4689),(22,27107),(23,23320),(24,7920),(27,11477),(31,27572),(32,27824),(33,23589),(34,10057),(38,81),(40,827),(46,28776),(50,11224),(53,629),(54,11751),(60,14130),(61,12308),(64,13866),(65,20772),(66,8147),(67,21872),(72,6605),(74,2569),(75,5218),(77,18920),(80,24879),(81,1778),(82,17201),(84,23789),(85,8365),(88,2886),(91,6485),(92,17092)]	96.828434
530	[(0,15149),(2,17681),(3,19971),(4,25135),(6,9858),(7,11282),(9,13077),(10,22839),(14,6457),(16,18331),(17,6282),(23,26093),(24,12008),(25,24914),(26,15066),(27,19300),(28,25681),(29,15769),(31,8382),(36,8499),(38,13087),(39,14405),(41,28264),(45,6031),(46,22756),(48,2822),(51,27294),(52,20904),(57,8771),(58,28838),(59,19519),(60,13323),(62,25056),(63,21210),(64,13795),(65,4152),(73,27290),(79,21959),(81,26705),(82,4427),(83,14039),(84,11647),(86,25201),(87,22091),(90,1659),(91,12829),(92,17268)]	104.961720
531	[(1,26754),(2,13333),(3,14),(4,22799),(6,7491),(9,4592),(11,5556),(12,12660),(15,15472),(16,25186),(18,14136),(20,7306),(21,15959),(22,923),(25,30300),(26,28392),(27,325),(28,1980),(29,2875),(32,24058),(33,6568),(34,625),(36,3605),(38,12105),(40,344),(41,8520),(43,17953),(44,9724),(45,27899),(52,13587),(55,4314),(56,13778),(59,6669),(60,25328),(61,16362),(66,7021),(68,1532),(69,9246),(72,15355),(73,28415),(75,13447),(77,18426),(81,4316)]	91.442099
532	[(1,9246),(6,29499),(10,9025),(13,30038),(14,19777),(17,6458),(18,26398),(19,23427),(20,27388),(21,16141),(22,26286),(27,16734),(28,25455),(29,22695),(31,9492),(33,15723),(35,17756),(37,4062),(38,14064),(39,15624),(41,10196),(42,17445),(43,12253),(44,15709),(45,13394),(46,25525),(51,9506),(52,16305),(55,3016),(62,21096),(63,6425),(64,2419),(65,26640),(66,14359),(67,17058),(69,30557),(70,6731),(72,6355),(73,25507),(77,16611),(78,5964),(81,171),(86,28574),(90,19596)]	86.453906
533	[(0,23327),(1,12116),(3,12273),(4,11441),(6,29144),(7,2844),(9,2050),(11,11459),(12,14408),(13,26625),(15,25315),(16,22721),(17,18315),(18,21898),(24,17969),(26,14109),(27,23091),(29,10352),(33,28114),(36,15566),(37,28199),(39,23748),(41,10573),(42,16772),(45,21726),(46,18055),(47,743),(50,7234),(51,24344),(54,21500),(57,14938),(58,19609),(59,9431),(62,19776),(64,1177),(67,12338),(69,7428),(76,12158),(82,1630),(83,16171),(85,3941),(86,8264),(89,8886)]	86.679779
534	[(0,15973),(1,7050),(2,29938),(7,25714),(10,5274),(11,17394),(12,6668),(17,14914),(22,26886),(23,23313),(24,19183),(26,6144),(29,6200),(32,2421),(33,2256),(34,6652),(37,21080),(39,5377),(40,13304),(41,29334),(42,2104),(43,2301),(47,5036),(48,4511),(51,21505),(52,6339),(53,16384),(55,17801),(58,10562),(59,11351),(62,8231),(68,30407),(69,11093),(71,4708),(72,1094),(75,1116),(76,11141),(77,10136),(78,25406),(80,20249),(83,19062),(88,27826),(89,28152)]	84.551520
535	[(4,21009),(6,4421),(10,141),(11,3124),(12,30273),(13,26809),(16,24360),(17,16031),(18,24091),(19,3764),(23,16962),(25,19423),(27,24573),(28,13224),(30,27205),(32,26583),(35,20279),(36,13254),(37,3065),(39,26529),(41,1852),(42,5027),(44,30196),(45,19970),(47,30045),(49,6764),(50,15603),(52,9743),(53,8513),(56,22226),(61,12258),(64,20703),(69,1770),(71,4546),(72,8588),(77,3297),(79,25313),(80,24643),(81,3569),(82,7179),(85,21973),(86,21739),(88,17153),(90,1611),(92,454)]	84.772728
536	[(2,13997),(5,18090),(7,28325),(8,28078),(9,9937),(13,9021),(15,15777),(16,20652),(17,26216),(21,14401),(22,12159),(23,21741),(24,11589),(25,505),(26,28339),(29,2511),(31,21380),(32,20194),(34,23469),(36,22659),(37,6080),(39,8197),(42,26580),(43,15026),(44,17029),(45,416),(47,16435),(48,6049),(49,21025),(51,12549),(54,22737),(55,10925),(58,16228),(59,1954),(60,9737),(61,11957),(62,20096),(63,25427),(64,8038),(65,7106),(66,10898),(67,6143),(68,27525),(73,7528),(76,20432),(78,6320),(79,11591),(81,20430),(83,8318),(84,15063),(91,15911),(92,10406)]	87.852475
537	[(3,17460),(5,19400),(8,5961),(9,27094),(11,28157),(12,21783),(13,4353),(14,24289),(16,29411),(17,2235),(19,13607),(20,12390),(21,17553),(22,314),(23,22760),(28,20854),(30,20713),(31,9095),(32,20449),(34,13165),(36,12187),(37,7465),(38,21619),(41,14717),(42,11867),(43,24445),(49,7152),(50,11646),(51,10908),(52,1026),(53,11664),(55,5794),(59,11274),(61,16481),(62,4813),(65,9791),(66,430),(70,2318),(72,17431),(73,9243),(74,29700),(75,23959),(76,19204),(79,12258),(88,6061),(92,9307)]	84.819057
538	[(4,17497),(5,23730),(6,8736),(8,26195),(9,30062),(10,4699),(11,12180),(14,27171),(16,948),(19,19269),(24,5825),(28,24065),(30,10590),(34,28566),(36,24705),(38,26717),(39,16417),(42,7714),(43,11186),(48,7390),(49,7852),(52,10897),(53,27403),(54,16187),(59,14371),(60,8384),(61,5774),(64,15524),(66,28610),(68,26992),(69,21341),(70,2567),(72,1767),(73,7106),(74,28592),(75,17299),(76,26371),(77,23139),(80,5937),(81,16240),(82,16023),(86,8994),(88,20658),(89,278),(90,3070),(91,30505),(92,2940)]	84.354528
539	[(1,17449),(3,7050),(4,8107),(6,5636),(10,21600),(13,13689),(15,18681),(17,27132),(21,12316),(23,24653),(24,16954),(25,23754),(26,13940),(31,7122),(33,29283),(35,18546),(39,29326),(40,20915),(41,17851),(48,23995),(59,24878),(61,20136),(64,26811),(66,9360),(67,7787),(69,9764),(70,22782),(72,13413),(73,13397),(76,23835),(77,26928),(79,4961),(80,25459),(81,7918),(82,15375),(83,21942),(84,8400),(86,13287),(89,17361),(90,22775)]	84.818158
540	[(0,26180),(2,27048),(5,20762),(8,11482),(10,9457),(12,9046),(13,15540),(15,17706),(20,6448),(25,27935),(28,2981),(29,4540),(31,13828),(32,1789),(36,15129),(38,29103),(40,6635),(43,20689),(44,28893),(45,15430),(46,29074),(47,21975),(50,7406),(51,28423),(54,21144),(55,7276),(62,22175),(63,26437),(66,9495),(67,27685),(68,19194),(69,30355),(80,2858),(81,7608),(82,28030),(83,21353),(84,13163),(88,9743),(90,10583)]	84.298162
541	[(2,23522),(5,28209),(6,12046),(8,19729),(9,17370),(10,4046),(11,25758),(13,18626),(20,5979),(22,30018),(23,5011),(25,3584),(28,24570),(29,11770),(30,24980),(31,12525),(32,10564),(33,977),(35,10020),(38,27739),(41,22403),(43,6216),(44,20275),(45,29551),(46,14282),(50,17295),(62,23038),(63,500),(65,11558),(69,17040),(73,6841),(74,23345),(75,13421),(76,28729),(84,25224),(92,22605)]	112.143725
542	[(2,6752),(3,17283),(6,18957),(9,4721),(18,26558),(22,3397),(23,20697),(24,13882),(25,21169),(28,27821),(32,28092),(33,28233),(38,14460),(39,23120),(40,12247),(46,23479),(47,3685),(48,10615),(49,3914),(50,9566),(51,11540),(52,15589),(54,9465),(59,2534),(64,3936),(67,26949),(68,22),(69,29886),(70,25814),(72,14494),(73,2055),(77,27402),(78,27508),(82,22958),(83,4306),(86,19340),(88,3040),(89,29559),(90,25235),(92,24877)]	89.389303
543	[(3,22026),(4,23295),(6,30116),(7,7709),(9,25903),(11,15232),(12,7552),(16,30535),(18,5497),(21,14263),(22,932),(24,21933),(25,4613),(27,16945),(28,17488),(29,20424),(31,6289),(32,15258),(35,15588),(36,10020),(37,25798),(39,25065),(43,15899),(45,29093),(47,19350),(48,4136),(49,20793),(51,1092),(52,15292),(54,22856),(58,10358),(61,22843),(62,21205),(65,9443),(68,952),(76,18877),(77,25843),(78,16237),(79,5122),(80,16519),(82,23544),(83,20643),(88,12598)]	85.204623
544	[(3,13357),(5,10156),(8,3508),(9,25232),(13,20525),(15,25192),(19,18322),(21,18019),(24,3664),(25,56),(31,28144),(34,67),(36,23477),(37,5149),(38,13457),(40,19451),(43,9634),(44,11156),(47,20378),(49,5013),(51,24920),(53,16256),(55,1745),(56,16390),(57,11065),(59,19681),(61,28225),(63,16093),(67,10215),(70,20548),(71,24120),(72,11079),(75,19572),(77,9326),(84,15908),(85,28069),(89,21829),(90,138),(91,26794),(92,8536)]	86.646760
545	[(1,1225),(2,9264),(3,1306),(6,7551),(8,20502),(9,5717),(10,6976),(13,22294),(15,15553),(17,6363),(18,14146),(19,19704),(20,29851),(23,18531),(27,9947),(28,26994),(31,29230),(33,18534),(38,14042),(42,18216),(43,4681),(50,9969),(51,28476),(52,904),(56,18115),(59,1572),(61,7951),(62,11695),(63,933),(64,24981),(67,4453),(68,30200),(69,4039),(70,4088),(71,5410),(73,26593),(74,15215),(75,17623),(76,2241),(78,480),(79,18360),(80,15048),(81,16814),(86,3527),(87,21055),(90,26471),(91,27859)]	85.037990
546	[(0,11942),(1,14920),(2,4377),(3,21888),(4,14235),(5,24390),(8,17959),(9,23379),(10,30547),(11,29607),(12,22132),(13,27539),(15,2981),(16,6889),(17,27340),(18,15020),(21,16537),(23,771),(28,27871),(30,18631),(31,13848),(32,2406),(33,23713),(36,10978),(37,29372),(38,26979),(40,16298),(42,15752),(44,22810),(49,734),(51,3824),(52,2797),(54,28714),(55,24582),(58,25459),(59,946),(61,12664),(63,16209),(65,11170),(66,13278),(69,1404),(70,10891),(71,5814),(73,22714),(75,11506),(76,4485),(79,18003),(80,3251),(81,7378),(86,4862),(87,24944),(88,19868),(89,9612),(90,29658)]	87.179489
547	[(2,21541),(4,2916),(7,11147),(15,20627),(17,26804),(23,16311),(24,26953),(26,18170),(28,6647),(29,11332),(30,9885),(31,25357),(32,28564),(33,22214),(36,8024),(39,1399),(40,14928),(41,29561),(42,2945),(47,28424),(48,12838),(51,1500),(52,27634),(54,3704),(55,1232),(57,28256),(63,19018),(64,26423),(65,27453),(66,12594),(67,30029),(72,24384),(75,8786),(76,10825),(77,29505),(79,25513),(80,14595),(81,18915),(82,25158),(83,26935),(84,13005),(86,17762),(88,11465),(89,3870),(90,6937),(92,25109)]	89.224966
548	[(0,27247),(3,12640),(11,9715),(13,10502),(14,27637),(16,8224),(18,4962),(20,20564),(23,6575),(25,11355),(27,15487),(28,13671),(29,22429),(31,23973),(33,5141),(34,25588),(36,5892),(44,120),(45,15803),(51,20717),(52,13129),(53,20355),(54,24361),(56,4877),(59,27566),(60,967),(62,20185),(64,12609),(65,13804),(68,21186),(72,24848),(73,159),(75,9156),(80,29575),(81,30207),(82,3911),(85,6117),(86,17767),(87,15006),(88,21336),(89,26376),(91,21725)]	85.299079
549	[(5,15924),(7,29217),(8,3492),(9,8668),(11,5407),(12,10011),(14,22911),(15,1997),(18,15019),(21,8144),(23,26959),(24,15303),(25,4109),(26,14309),(33,23949),(34,8861),(35,6771),(38,8611),(40,23695),(43,17735),(44,26821),(49,5865),(51,25523),(52,9642),(54,24674),(55,5179),(57,16942),(59,5310),(61,376),(62,26414),(63,16348),(65,12205),(68,3737),(72,22685),(75,17822),(80,21603),(81,30135),(83,19059),(84,21633),(85,21950),(87,4431),(89,8156),(90,23564)]	82.309497
550	[(1,7462),(2,10781),(5,15397),(8,15000),(9,19689),(12,12557),(16,28368),(17,9702),(18,22561),(19,25347),(20,22437),(22,8137),(23,134),(25,27123),(26,24744),(33,13),(35,17419),(36,21170),(39,25738),(40,26222),(41,20228),(43,7207),(44,7609),(47,20089),(48,16567),(49,569),(52,18158),(53,24981),(55,26591),(56,27685),(57,23962),(64,22769),(71,29269),(72,2295),(76,24294),(77,14039),(78,11647),(80,12894),(83,18388),(84,18914),(85,29917),(86,7436),(87,10236),(88,18025),(89,9744)]	83.784001
551	[(0,21789),(1,23900),(2,18116),(3,30085),(5,22308),(8,12140),(9,11555),(11,4220),(13,3336),(17,26418),(18,3351),(19,22019),(22,12387),(24,22806),(25,2383),(27,14143),(28,1014),(30,20582),(31,19340),(32,29318),(34,1166),(35,22521),(36,26109),(37,16087),(38,6514),(39,5284),(43,24244),(44,17053),(47,27778),(49,8333),(50,1116),(54,2393),(56,21830),(61,23001),(66,28353),(67,15358),(70,29645),(71,26390),(72,8951),(75,1391),(76,9580),(77,12934),(81,27198),(82,10337),(84,16094),(86,21708),(89,11093),(91,21612),(92,29382)]	84.526425
552	[(0,403),(2,884),(5,27667),(7,10364),(8,7807),(9,13771),(15,11831),(17,8030),(18,15062),(19,27350),(20,3446),(22,19678),(23,25152),(25,14021),(26,7607),(27,15737),(30,23368),(31,3813),(32,18670),(33,24657),(34,22095),(35,16518),(37,19918),(38,7521),(47,28179),(49,8226),(50,9233),(54,13331),(55,1980),(56,2875),(57,28714),(62,18765),(66,9774),(68,23463),(69,13351),(70,7811),(71,10410),(74,22588),(75,6664),(78,6172),(80,4705),(82,20819),(86,19465),(87,27064),(92,29099)]	91.613849
553	[(1,5768),(6,6993),(7,7497),(8,13481),(9,12345),(11,26888),(12,18572),(13,28419),(15,22629),(21,23644),(22,15413),(24,5810),(25,22106),(26,1124),(30,7060),(35,18265),(37,2265),(38,25992),(39,7284),(40,4094),(42,15389),(46,22771),(47,8304),(48,2370),(53,24114),(55,27316),(60,3764),(61,20937),(62,7262),(66,24824),(70,8933),(71,23890),(77,46),(79,6027),(84,23094),(86,26595),(88,14970),(89,18681),(91,27132)]	115.723477
554	[(1,19867),(3,24475),(4,2117),(6,15365),(11,25284),(12,3525),(19,7075),(21,15405),(22,8560),(25,1308),(27,1990),(28,6815),(30,2913),(31,22338),(32,8129),(34,878),(35,22460),(36,16785),(41,24283),(45,5534),(47,24231),(48,5253),(51,6315),(52,25982),(53,16839),(54,13083),(55,4513),(57,24055),(58,15251),(60,21498),(62,27861),(64,9705),(65,1261),(66,22277),(68,15484),(69,6919),(70,25726),(73,8398),(74,23466),(75,8098),(78,19474),(79,16085),(80,8778),(81,5309),(83,27307),(86,217),(87,21920),(88,8388),(89,28222)]	87.809133
555	[(0,8037),(1,5511),(3,1830),(4,28374),(5,26740),(6,21302),(7,5119),(10,28058),(16,194),(17,8388),(18,21677),(20,29765),(22,514),(23,6551),(24,20857),(25,23995),(26,6118),(29,2489),(30,6696),(31,2397),(32,17499),(34,29192),(35,13795),(37,20936),(39,14903),(42,13240),(43,26714),(44,20440),(45,9254),(47,8675),(49,18843),(50,3484),(53,15178),(54,28258),(55,7650),(56,25604),(58,5321),(60,7785),(65,19174),(67,15747),(68,20656),(70,15037),(71,21405),(77,28009),(78,3156),(80,21264),(81,29998),(85,25053),(87,10532),(88,3404),(90,17303)]	84.026100
556	[(1,27127),(2,6762),(3,20770),(4,14697),(5,27796),(7,5389),(8,14390),(11,30123),(13,9468),(14,14700),(15,3974),(16,11380),(18,12281),(19,20225),(21,15280),(22,27426),(24,21711),(26,1553),(27,16378),(32,20348),(36,25942),(37,28083),(40,27403),(41,25789),(44,23823),(49,15589),(50,5831),(56,26465),(59,21744),(60,2109),(62,13649),(64,17650),(65,20074),(66,16287),(67,4030),(73,3438),(77,19603),(78,14150),(80,24714),(84,6081),(85,23365),(86,15472),(87,18153),(90,6087),(92,6758)]	85.326882
557	[(1,18881),(2,10675),(4,2620),(10,3079),(12,29794),(15,5088),(16,12231),(18,13838),(21,2658),(22,21735),(24,27294),(25,29306),(29,3288),(31,12815),(32,3208),(35,25838),(36,7389),(37,13381),(39,21784),(40,8980),(46,20098),(50,12847),(52,3932),(53,16676),(56,4424),(58,2304),(62,13891),(63,17668),(65,8905),(67,28430),(70,5319),(77,14395),(78,12022),(81,18122),(84,1593),(86,2802),(87,10127),(88,14393),(89,25894)]	84.544638
558	[(2,6132),(3,7582),(7,29949),(9,18394),(11,29777),(14,126),(17,8281),(18,12061),(20,5063),(26,14846),(27,2389),(28,27459),(30,19797),(32,14354),(34,13840),(35,15010),(36,19172),(38,19163),(39,29761),(40,19425),(41,21754),(45,30612),(47,25629),(49,8933),(51,26017),(52,27854),(54,13779),(56,10508),(58,4363),(59,30156),(60,1243),(64,391),(65,4272),(66,5713),(68,13648),(71,25301),(74,25877),(75,9892),(78,25736),(81,18250),(85,2036),(86,23832),(88,28594)]	86.551511
559	[(0,17120),(1,15609),(2,9271),(5,20550),(10,13332),(12,23585),(14,24860),(15,23868),(16,22503),(17,22681),(18,27875),(19,29279),(21,2327),(23,6030),(24,16548),(26,5149),(27,10188),(28,8709),(29,17944),(31,8215),(33,20471),(34,23671),(37,9793),(38,12395),(40,25959),(41,10564),(44,11498),(45,19595),(47,27302),(48,12227),(49,18003),(50,3251),(52,3685),(55,17174),(57,11964),(59,25351),(65,22172),(66,23673),(68,16329),(75,19177),(76,25808),(77,8147),(82,1130),(84,9211),(85,13425),(86,9312),(88,5732),(89,7984),(90,7533),(92,27811)]	84.931819
560	[(0,21858),(3,18366),(4,5683),(5,6190),(6,11670),(7,18661),(13,1945),(17,22731),(20,16515),(23,2085),(29,8371),(31,11461),(33,6053),(35,23886),(37,16649),(41,19193),(43,20657),(44,12823),(45,19178),(49,16444),(50,10315),(52,16836),(53,24138),(57,8857),(61,3414),(62,1203),(63,6622),(66,20235),(69,9676),(70,3933),(71,17317),(74,12242),(76,8381),(80,8489),(84,19048),(85,24857),(86,14630),(87,12578),(88,9613),(89,17251),(90,4216),(91,22612),(92,5558)]	85.859618
561	[(0,12075),(2,12038),(3,16392),(4,29879),(8,10101),(11,18509),(13,19742),(16,24457),(17,4414),(18,11560),(19,6351),(27,29880),(29,1933),(32,21925),(33,18584),(36,5797),(39,27366),(41,7802),(43,1795),(46,24535),(48,25796),(50,11639),(51,6522),(52,9060),(57,2190),(58,573),(59,29394),(62,17036),(64,25197),(65,25330),(67,14963),(69,15901),(72,15364),(76,24481),(77,3838),(78,10746),(79,24915),(85,1904),(86,27965),(88,15484),(89,6919),(91,18019)]	85.545392
562	[(3,16806),(7,15565),(8,28867),(11,1232),(14,16326),(19,27078),(20,10717),(25,1970),(26,20810),(30,218),(31,15085),(34,20923),(35,2329),(40,555),(42,343),(43,22948),(45,6922),(48,28574),(49,13583),(50,26067),(51,25467),(52,12951),(53,18142),(54,28000),(55,18047),(56,27035),(57,24601),(63,23588),(65,11919),(66,26016),(68,8584),(69,1415),(70,26776),(71,29083),(72,6361),(77,1360),(78,24754),(80,11213),(85,7686),(87,8463),(90,16441)]	84.575956
563	[(0,9414),(1,2299),(3,13550),(5,22724),(7,29042),(8,9786),(11,13270),(13,29281),(14,29842),(17,782),(18,28258),(20,24669),(21,24600),(22,16067),(23,14944),(24,28853),(29,6439),(31,18841),(33,7469),(34,16107),(38,14436),(39,6299),(40,1194),(41,3349),(42,9013),(44,30463),(46,10569),(48,2301),(49,21748),(52,24430),(53,15072),(55,14626),(56,26433),(62,734),(64,3824),(66,17547),(68,12251),(70,12487),(71,2399),(72,5007),(76,22880),(78,30131),(79,4037),(83,14858),(84,30028),(87,27579),(89,29577),(90,4515),(92,29639)]	87.140336
564	[(2,21857),(4,24030),(10,9832),(13,27020),(17,23445),(19,13212),(25,22446),(26,3859),(28,7308),(29,18955),(30,23876),(32,9311),(34,24197),(36,5040),(37,27746),(43,18563),(44,11530),(45,6525),(48,4528),(49,24794),(53,1918),(58,10988),(61,29179),(62,2143),(66,747),(73,28793),(75,19150),(76,14283),(77,21404),(78,7998),(80,19556),(81,23638),(83,5835),(86,23360),(90,26597)]	92.773961
565	[(1,30509),(4,9590),(5,15768),(8,21798),(11,11184),(14,13362),(16,13578),(17,19365),(19,27629),(20,26704),(21,11894),(23,13113),(24,30022),(26,12568),(27,8677),(29,28626),(30,16991),(35,26524),(36,29889),(37,22465),(38,15628),(39,19058),(40,24523),(41,18337),(44,20728),(45,28339),(49,19336),(52,12786),(53,8142),(54,5216),(56,3657),(57,1083),(58,5861),(63,14611),(65,6840),(68,30086),(69,433),(73,23549),(74,29523),(76,19628),(78,9544),(80,21044),(82,11877),(84,27589),(85,5755),(89,15352)]	106.279635
566	[(0,7809),(1,28061),(2,4079),(8,14297),(10,3545),(14,23196),(16,20130),(17,4868),(18,16437),(20,19646),(23,20883),(29,12301),(30,5059),(32,24654),(40,28807),(42,7871),(43,29333),(46,7286),(49,10713),(50,6167),(56,10560),(59,16784),(61,6061),(62,6727),(65,9055),(66,27841),(76,3397),(79,2981),(81,24103),(87,6326),(88,30638),(92,19315)]	86.211100
567	[(0,16302),(1,7010),(3,13173),(6,17943),(8,25775),(9,997),(10,22875),(11,21866),(14,5804),(18,3191),(22,28129),(23,3451),(25,27176),(27,11924),(29,21985),(33,10215),(34,12009),(35,4486),(38,29734),(40,8008),(42,17206),(44,26487),(45,273),(46,18133),(48,7883),(49,13389),(54,13805),(56,2261),(59,23683),(60,13302),(61,22073),(62,12933),(63,25482),(68,24315),(69,30027),(74,16486),(77,10978),(78,28456),(80,12134),(81,3783),(82,9592),(86,28659)]	98.702384
568	[(0,22668),(1,23760),(3,21206),(4,287),(6,6281),(8,8581),(9,13632),(10,14487),(11,19341),(20,17328),(21,14946),(22,30358),(23,7792),(24,14469),(28,29396),(29,25454),(32,15996),(34,376),(36,25060),(37,1113),(38,10575),(39,29270),(41,28337),(42,21155),(47,7470),(49,21748),(51,22599),(54,21329),(56,11753),(59,11960),(61,29180),(63,28408),(64,23549),(65,29523),(67,8650),(71,19528),(75,13659),(76,10850),(77,29963),(79,8633),(80,29937),(81,14022),(83,28936),(85,29068),(87,26378),(88,26845),(92,5903)]	83.611083
569	[(0,5469),(4,3214),(5,19165),(6,17247),(7,6642),(8,27963),(9,7761),(11,6974),(15,20977),(16,5598),(17,2300),(18,21821),(20,5448),(21,9383),(22,26159),(24,1931),(26,11537),(28,337),(29,4490),(30,14690),(31,9736),(32,2090),(39,11435),(40,19798),(41,13096),(42,28005),(43,20713),(46,11716),(48,29945),(54,3686),(56,29115),(58,6110),(59,13444),(64,7086),(68,20855),(71,11607),(74,29438),(78,11868),(80,10419),(84,7886),(86,18652),(87,21714)]	85.415659
570	[(0,10700),(1,8743),(4,27587),(5,12864),(6,11063),(8,2689),(9,11081),(11,8614),(12,12288),(13,681),(19,20160),(20,444),(23,10065),(25,4439),(29,7781),(30,29806),(32,24431),(33,17017),(34,25203),(38,16694),(41,15238),(44,27932),(45,1036),(48,7922),(49,20033),(51,23260),(56,18069),(57,3310),(58,2870),(64,9374),(69,20325),(70,20513),(75,12949),(76,11973),(77,28115),(78,3650),(79,13842),(80,17565),(83,28177),(84,10521),(85,25347),(86,23684),(87,30536),(88,6841),(90,9015)]	87.774594
571	[(2,15927),(4,26359),(5,19181),(11,23371),(16,1240),(17,8507),(18,22759),(19,15469),(20,11236),(22,1132),(24,10012),(28,25096),(29,23550),(30,17573),(33,19798),(34,13096),(35,12003),(37,29895),(38,5589),(39,24026),(40,15535),(41,17770),(43,3882),(44,21136),(45,27594),(46,1676),(48,19775),(52,233),(53,16811),(54,19289),(56,19418),(60,765),(61,25533),(64,2737),(67,19473),(68,25238),(69,24531),(71,3047),(72,11839),(73,25115),(74,3797),(75,4996),(77,1770),(79,27044),(81,17347),(84,15484),(86,10292),(87,6058),(91,21278)]	89.383994
572	[(1,9394),(4,29552),(5,10894),(6,14870),(7,913),(8,21099),(9,28192),(13,25165),(14,14236),(17,28805),(18,23241),(23,19910),(24,1530),(27,18901),(28,1713),(30,8834),(31,20908),(35,917),(36,24831),(40,21672),(42,14915),(43,24301),(44,743),(46,27811),(47,26645),(51,21487),(53,10519),(62,26992),(63,26971),(67,15699),(69,28729),(71,8517),(72,4419),(74,28670),(78,1002),(80,2922),(81,9439),(82,27128),(86,12941),(87,16525),(90,21637),(92,9285)]	88.242604
573	[(0,29793),(1,16857),(2,13126),(4,21819),(8,15806),(10,27061),(13,30460),(15,11240),(16,5335),(18,14276),(22,4801),(29,17389),(33,12068),(35,23045),(36,25171),(37,10616),(38,21508),(39,10757),(41,27093),(43,2281),(47,12702),(50,5235),(55,28125),(56,6386),(58,9650),(60,24861),(61,10147),(62,4560),(63,25342),(64,21324),(65,5004),(68,7113),(73,27656),(74,24299),(75,16091),(76,16870),(77,13062),(78,5507),(83,17147),(84,17564),(87,11113),(88,10696),(90,21856),(91,20958)]	104.094444
574	[(1,25672),(3,21169),(4,26048),(5,27385),(6,2377),(7,16723),(10,12250),(11,19712),(13,30640),(14,29784),(15,16071),(16,20489),(19,23185),(20,24544),(21,1605),(22,11284),(29,14952),(31,14456),(33,30363),(35,24573),(37,23215),(42,9041),(44,5518),(47,10284),(49,10964),(53,184),(54,3989),(57,7270),(60,6383),(64,7531),(66,17976),(67,9744),(68,17576),(70,2343),(73,19882),(75,28033),(78,3107),(79,3416),(81,6158),(82,1235),(84,5367),(92,10146)]	203.562286
575	[(0,27418),(1,463),(16,11099),(19,23471),(21,4848),(22,13988),(23,562),(24,23476),(25,27018),(26,15068),(27,11930),(30,4315),(36,23254),(41,21413),(42,9468),(45,3270),(55,8417),(56,7505),(57,4296),(60,20697),(61,1599),(63,8044),(66,9287),(67,10976),(70,7760),(71,9322),(76,17388),(77,30105),(79,21696),(80,15625),(82,14385),(84,25015),(85,13760),(86,26926),(87,9211),(88,17513)]	192.099639
576	[(6,29443),(7,8143),(8,22044),(9,20703),(10,23663),(11,11317),(12,25617),(15,3590),(16,16704),(19,21415),(20,26480),(22,19960),(23,22047),(24,24869),(25,14058),(28,19961),(33,27431),(34,27855),(36,18052),(37,9738),(40,13792),(45,11786),(47,21993),(49,17260),(52,10099),(56,27984),(61,29618),(65,22064),(67,2101),(72,19370),(78,29272),(85,25140),(86,3095),(88,7655),(89,1810),(92,5375)]	179.848302
577	[(1,24741),(2,6866),(5,27589),(8,1847),(12,7374),(13,700),(15,19224),(17,26990),(20,3915),(23,29660),(24,21479),(25,6512),(26,19360),(27,18169),(28,17486),(29,2102),(33,7577),(35,24752),(36,22954),(38,9354),(42,20271),(47,29630),(48,19215),(50,21875),(56,27374),(58,3876),(59,18034),(60,5477),(63,19796),(67,24343),(69,724),(70,24081),(71,20519),(75,7783),(77,10778),(79,14655),(80,22996),(81,25617),(82,16460),(83,9943),(84,15835),(89,17438),(91,8251)]	182.553073
578	[(0,19840),(1,6833),(2,29605),(4,20324),(6,2139),(7,23484),(8,12013),(9,28723),(10,418),(11,12161),(12,21889),(16,26137),(17,30568),(18,24227),(19,6119),(20,20856),(22,3700),(23,19813),(27,24673),(28,7578),(29,10546),(30,3004),(37,10867),(38,17613),(40,623),(41,7126),(44,22663),(46,5586),(48,8198),(50,29503),(56,10511),(58,26974),(60,11472),(64,15909),(65,3809),(67,27431),(68,27855),(70,18052),(73,29916),(74,17547),(76,27125),(77,19242),(78,13738),(82,7279),(83,7108),(84,24070),(85,7760),(86,9322),(88,17005),(89,24243),(90,981)]	177.771632
579	[(0,13553),(4,22249),(5,24847),(6,10172),(7,18231),(10,12172),(13,263),(14,4749),(20,15368),(21,1851),(26,10165),(33,1159),(34,158),(35,30570),(36,23468),(38,30266),(40,20492),(42,1809),(45,24592),(51,24260),(52,27099),(55,4150),(56,7800),(57,2797),(58,30145),(59,14080),(63,28270),(65,9541),(67,25773),(68,6899),(70,7364),(73,10506),(76,24742),(80,19498),(83,16916),(85,21017),(86,12062),(87,9629),(92,12349)]	178.687634
580	[(1,28181),(6,13663),(7,15167),(8,22149),(11,10734),(14,1402),(16,19862),(17,19407),(18,3914),(20,18452),(22,13985),(28,9037),(35,4561),(36,6852),(39,21953),(40,1434),(42,20034),(44,1585),(45,12361),(47,17928),(48,29071),(49,29696),(50,22566),(54,28160),(56,20189),(57,23167),(58,20803),(59,21853),(60,16705),(65,10986),(66,15321),(67,13692),(71,4110),(72,285),(78,13879),(81,29097),(82,10547),(83,20190),(88,4926),(89,24370),(91,18911)]	191.196178
581	[(1,14669),(3,10465),(5,24265),(7,17587),(9,5438),(10,9406),(12,19951),(14,9201),(18,17233),(19,12849),(23,272),(27,22905),(28,25069),(29,23887),(30,16077),(33,25508),(34,23862),(35,18673),(39,20592),(43,4488),(46,9124),(47,20505),(48,28070),(50,18323),(53,24403),(55,9548),(58,6989),(60,13920),(61,10342),(62,30320),(64,28792),(65,10861),(67,22023),(68,21640),(69,7718),(73,19964),(74,29332),(75,25907),(77,23587),(78,12965),(85,10153),(86,26110),(88,29789),(90,18935)]	199.943247
582	[(1,13532),(2,21228),(6,28455),(8,25011),(10,12558),(11,22862),(13,2541),(15,1020),(16,15119),(19,21667),(25,18238),(30,29081),(35,4253),(37,6043),(38,28693),(40,19703),(41,17203),(42,4149),(43,28361),(45,26277),(47,11232),(51,19025),(52,17315),(54,24036),(56,8781),(57,16691),(59,11754),(60,22339),(61,18585),(62,30616),(66,27691),(68,5868),(71,13300),(74,17869),(77,25408),(80,8325),(82,5237),(85,10807),(86,23239),(87,23704),(88,22381),(90,9719),(91,8724),(92,27007)]	187.685120
583	[(0,1479),(1,25124),(3,1878),(4,13967),(5,27440),(7,15781),(9,19636),(11,25480),(12,8910),(14,13652),(17,24025),(19,20648),(22,18556),(23,14255),(24,29279),(25,6933),(26,1786),(27,8973),(28,23031),(30,24630),(31,29385),(32,22237),(35,10186),(36,17033),(42,14833),(45,20378),(48,18785),(50,18567),(55,21053),(56,20225),(62,16881),(63,6770),(64,4690),(66,5730),(67,21573),(69,10458),(70,17492),(71,29944),(72,19354),(73,4414),(74,11560),(75,12653),(78,13595),(79,29477),(83,19254),(87,17248),(89,27564),(92,24886)]	170.794170
584	[(2,30449),(4,23849),(6,20042),(7,6330),(9,9090),(10,28245),(11,15665),(13,23637),(14,25119),(17,8216),(18,11746),(19,26088),(22,23390),(23,7324),(24,4611),(27,22062),(31,27976),(32,9798),(33,4182),(34,12905),(35,26705),(39,11286),(41,23259),(42,23060),(50,28998),(52,20616),(55,13424),(57,18530),(62,23897),(64,21055),(65,26802),(66,7628),(67,12742),(68,2447),(69,23212),(70,22490),(72,28802),(73,2578),(74,24360),(75,20830),(78,3850),(79,1927),(80,11382),(81,10972),(82,16918),(85,7865),(89,14096),(90,204)]	169.814619
585	[(0,12655),(3,10671),(6,20021),(10,9512),(12,20919),(14,12469),(15,10212),(16,26729),(17,3869),(19,10761),(20,2560),(21,25594),(23,19685),(24,12116),(25,4783),(27,12741),(28,26508),(31,378),(32,10537),(34,23145),(35,13918),(38,16624),(39,25793),(40,20552),(43,14103),(45,19553),(50,7718),(51,7615),(54,24631),(56,29905),(57,13098),(60,10417),(64,4507),(67,27083),(70,28816),(71,23728),(72,27176),(73,21238),(74,27323),(75,668),(77,13730),(78,24046),(79,21897),(81,5956),(82,13051),(83,25129),(84,24397),(85,12509),(88,9225),(89,18295),(90,17055)]	175.274127
586	[(2,27305),(4,28424),(6,24533),(7,16994),(10,27424),(11,17841),(12,21252),(15,30507),(17,25588),(19,22996),(20,2044),(21,16458),(24,8771),(25,5597),(26,24447),(28,15256),(30,9819),(32,20447),(38,7465),(39,21619),(42,26349),(43,20248),(44,5994),(46,4091),(48,14235),(50,21515),(51,13186),(52,26039),(58,14741),(62,1971),(65,9858),(66,2869),(68,2489),(69,722),(70,2075),(71,1776),(73,21404),(74,24258),(80,908),(83,236),(84,15995),(85,501),(86,29242),(87,14776),(88,18602),(90,12811)]	202.103973
587	[(13,4967),(14,6891),(15,27188),(18,5245),(19,16451),(21,30319),(22,22246),(25,6199),(26,14324),(28,16397),(30,28262),(41,3276),(42,8678),(44,12093),(52,8069),(56,909),(58,4392),(60,24354),(61,720),(62,13895),(63,17988),(66,24386),(68,16815),(69,1790),(71,8236),(73,26512),(74,26342),(81,2502),(82,20058),(83,3234),(87,7364),(88,1031),(91,8718),(92,5447)]	172.682868
588	[(1,10560),(6,17426),(7,6510),(8,9827),(9,14500),(10,27715),(12,12250),(15,836),(16,13298),(17,14268),(19,16905),(22,5539),(23,6565),(24,17676),(25,25067),(26,5588),(27,23349),(28,23321),(31,20499),(35,13557),(38,29582),(39,19031),(43,25570),(45,22159),(46,3731),(47,17363),(51,8533),(52,11792),(53,15880),(54,2880),(56,27792),(59,26245),(61,13864),(62,27098),(63,19901),(64,7690),(65,2001),(66,21841),(69,21110),(71,16835),(73,1745),(76,28699),(78,2756),(80,25306),(81,5896),(82,24461),(83,8877),(86,20319),(88,5912),(89,10893),(90,21624)]	167.245005
589	[(0,16526),(2,2329),(5,30455),(6,23427),(7,28176),(8,8177),(11,2966),(14,778),(16,30187),(21,27398),(23,20439),(24,10410),(35,23707),(40,27728),(44,29028),(46,28336),(52,24238),(56,18646),(58,6188),(62,30187),(63,23643),(71,21748),(76,8985),(79,29712),(82,10212),(83,20773),(87,11246),(88,25804)]	169.463418
590	[(6,2753),(11,3837),(15,11009),(17,27295),(19,30579),(20,10632),(21,4856),(23,9307),(28,13332),(30,30167),(33,8832),(36,6940),(38,29821),(44,20682),(46,5065),(48,11085),(49,1717),(52,14784),(53,22195),(55,5962),(56,20363),(57,14146),(58,19704),(59,28722),(64,17353),(67,6807),(72,23517),(74,17801),(79,8390),(81,20539),(83,16960),(85,21032),(86,14351),(88,30108),(90,13919)]	195.182439
591	[(2,1682),(3,2229),(4,4329),(12,23647),(13,24284),(14,23641),(16,28810),(20,3610),(22,8423),(23,8152),(24,4571),(26,442),(28,20123),(29,9815),(32,29307),(33,13426),(34,6587),(37,14197),(38,838),(39,29903),(40,14314),(41,20301),(42,29272),(44,3332),(46,13710),(47,1858),(49,18569),(51,227),(53,5671),(59,15485),(60,15955),(61,12257),(63,2483),(65,22345),(67,11599),(69,14384),(72,10402),(73,9054),(78,2290),(80,25579),(83,10651),(84,19349),(87,13556),(89,24097)]	203.775811
592	[(2,30193),(4,10390),(6,6062),(7,4219),(10,16822),(11,4407),(14,377),(15,25094),(22,2921),(25,28438),(26,17998),(28,1183),(34,14274),(35,7814),(38,10989),(40,17990),(43,13008),(44,7670),(45,10135),(47,7195),(50,25980),(51,10674),(52,12636),(62,20123),(63,27703),(64,12544),(65,25548),(66,25833),(68,6024),(69,24015),(70,22153),(73,17516),(74,755),(76,26629),(77,21258),(79,13030),(80,27821),(81,12127),(83,24809),(87,25695),(90,17404),(91,7373),(92,1967)]	198.511041
593	[(0,14807),(4,29444),(6,5456),(8,25773),(11,22294),(12,19678),(13,25152),(16,23360),(18,15990),(21,8358),(25,29131),(26,3440),(29,8357),(30,15527),(31,2083),(32,24950),(35,5523),(36,3211),(46,12152),(48,24275),(52,8177),(54,26140),(56,14152),(58,666),(59,10848),(60,20789),(61,8218),(64,25416),(66,26417),(69,19836),(74,4566),(75,23066),(81,6181),(83,11771),(84,8943),(89,15361),(90,10402),(91,23164),(92,1644)]	182.005670
594	[(3,28817),(5,3301),(8,15384),(9,8788),(11,9070),(12,7267),(14,17745),(15,28753),(16,26530),(18,14543),(20,381),(21,5321),(23,11521),(24,30518),(27,22645),(28,20605),(29,21880),(33,21736),(37,29382),(40,10488),(41,11321),(43,7349),(46,19431),(51,9335),(53,2266),(54,9137),(55,1916),(56,18296),(58,10038),(59,20994),(60,4885),(61,25586),(63,20027),(64,994),(65,20271),(66,16787),(69,12636),(72,27295),(73,23713),(74,10963),(76,10290),(77,15171),(79,4672),(82,5851),(86,29663),(87,11048),(89,23509),(90,13808),(92,1460)]	83.293546
595	[(2,4492),(7,20997),(8,11012),(9,18114),(10,6248),(11,23795),(16,23455),(18,2068),(22,28669),(23,940),(24,27291),(27,2836),(29,8870),(33,12490),(34,9806),(35,137),(37,24359),(39,12024),(41,8715),(42,15444),(43,5135),(46,3748),(47,15738),(52,22037),(54,23286),(55,8987),(57,2338),(59,26038),(60,27101),(61,19411),(63,25911),(64,15077),(66,9403),(70,15817),(72,15521),(73,1992),(74,15148),(77,8813),(79,13286),(83,7761),(84,4089),(87,5600),(88,27564)]	82.097260
596	[(0,10646),(1,8129),(4,28048),(7,14332),(11,21658),(13,557),(14,2941),(15,3192),(16,9557),(17,948),(23,29292),(26,21261),(30,24083),(32,13679),(37,14008),(39,1217),(41,26241),(42,10853),(43,20290),(44,19981),(47,23023),(49,20444),(50,27522),(51,15680),(52,5744),(55,28326),(56,11938),(59,3385),(60,11409),(63,11970),(65,9163),(67,7034),(68,1916),(71,3578),(77,18597),(78,14568),(80,24999),(81,1456),(82,24505),(83,8608),(86,22372)]	82.743626
597	[(2,23344),(3,6540),(7,29614),(8,27483),(15,14394),(16,27088),(18,11382),(21,20450),(24,21847),(25,12498),(26,26483),(28,19574),(30,20929),(31,10433),(32,27245),(33,15038),(35,21609),(37,17073),(39,23623),(41,20481),(42,4636),(43,19085),(47,22339),(49,10515),(50,27689),(53,12268),(55,22906),(56,5716),(57,23671),(59,18196),(61,15606),(67,9759),(71,361),(72,14605),(73,18625),(75,29109),(76,3961),(77,20246),(78,29490),(80,12346),(81,28576),(82,26115),(83,3568),(84,4019),(86,12065)]	87.231352
598	[(0,16305),(4,21209),(5,11264),(6,15217),(9,3733),(10,9959),(15,4548),(20,17719),(21,24071),(22,3450),(23,27607),(25,21780),(28,25231),(29,18648),(32,13701),(33,8556),(34,30558),(36,15862),(37,20874),(45,26935),(46,13521),(48,9319),(49,4394),(53,19107),(54,25757),(55,23182),(56,6744),(59,1847),(60,11613),(61,11048),(63,17651),(67,14101),(70,28436),(71,8743),(74,6539),(75,16103),(76,10173),(77,27636),(81,29601),(83,1986),(86,29490),(87,9147),(88,7410),(89,28092),(91,30070),(92,16851)]	98.495537
599	[(0,10645),(2,25520),(8,24905),(9,6429),(12,1674),(14,21928),(15,25383),(21,14127),(22,25902),(23,5361),(27,18972),(28,24451),(29,6601),(37,14224),(39,6979),(40,3339),(41,3069),(42,14406),(43,24805),(44,6919),(46,6933),(47,27280),(49,16978),(52,16761),(53,15320),(54,28749),(55,11519),(61,975),(62,3241),(63,29322),(66,2471),(70,8300),(72,21479),(73,6512),(74,19360),(76,1313),(77,774),(79,5241),(80,29024),(83,8143),(87,27742),(88,4836),(91,4774)]	85.148546
600	[(1,15508),(6,28584),(7,2191),(8,26825),(9,11723),(13,27211),(14,27139),(15,16436),(17,27858),(19,16092),(21,10783),(22,876),(27,7228),(28,30189),(29,17823),(33,9223),(36,5383),(42,2699),(43,28359),(45,5969),(48,30165),(51,30549),(52,4300),(55,23424),(57,11538),(60,820),(65,14670),(67,14471),(69,3587),(70,27566),(71,18406),(72,21005),(73,1676),(74,14341),(76,23118),(77,24939),(79,6252),(81,14042),(83,20423),(85,18329),(90,19847),(91,1479)]	90.289996
601	[(1,23033),(3,22686),(4,2110),(6,5501),(8,26205),(11,16271),(12,29088),(13,27470),(17,12232),(18,23926),(20,6727),(21,22547),(22,25862),(23,22505),(25,17505),(28,335),(36,25896),(39,23230),(41,9960),(53,9715),(56,9270),(59,17835),(60,2795),(64,28216),(67,7087),(68,24477),(70,8851),(72,6093),(73,28822),(74,18468),(75,25978),(76,11047),(78,2559),(79,24219),(81,8),(84,25404),(85,15111),(86,7130),(89,4946),(91,9774)]	85.296620
602	[(0,23511),(1,15465),(2,6307),(6,11066),(9,10156),(12,14565),(13,13287),(14,21050),(15,10439),(16,4559),(17,1487),(19,14181),(22,10691),(24,28702),(25,3924),(26,11597),(27,9391),(32,6837),(36,21924),(38,17156),(40,13020),(41,28255),(43,8406),(44,24973),(45,11005),(47,6202),(50,24419),(51,7404),(53,24783),(56,18954),(57,8657),(58,9642),(60,7878),(62,11365),(64,16201),(65,26744),(69,27563),(70,10289),(71,2470),(74,4460),(76,12802),(77,601),(80,24691),(82,8563),(86,26240),(88,23521),(90,25669),(91,26644)]	106.786745
603	[(2,13524),(3,17542),(5,52),(6,3956),(8,25213),(11,824),(14,25494),(15,20398),(17,10125),(18,27396),(19,28992),(22,26234),(26,17658),(29,6336),(30,18343),(31,25266),(32,20795),(33,1188),(36,3640),(38,13399),(39,29905),(40,20402),(42,12612),(46,8155),(52,8451),(54,27075),(55,16977),(57,7027),(58,20514),(59,28953),(60,15074),(67,23954),(68,25771),(70,18390),(74,14116),(76,21710),(78,24991),(80,18120),(83,2999),(84,5531),(86,25195),(87,23345),(91,11276),(92,11540)]	92.014396
604	[(0,3257),(2,23317),(5,1442),(8,12480),(9,21379),(11,14335),(12,44),(13,29923),(16,26485),(17,11292),(19,29509),(22,7763),(23,4840),(27,27210),(28,25612),(31,11042),(33,19911),(34,25708),(42,2918),(48,3071),(50,15458),(51,19033),(52,30108),(53,13097),(54,11604),(56,1596),(58,2946),(59,7466),(60,482),(61,26129),(62,15506),(64,28486),(65,8756),(69,30003),(70,19480),(72,24881),(73,27191),(74,11663),(77,26283),(78,1535),(79,4654),(81,11612),(82,4991),(83,19983),(84,8861),(85,15123),(86,2571),(89,19293),(92,30532)]	87.644588
605	[(3,18765),(4,5318),(6,19227),(9,7973),(10,8012),(11,10856),(14,10843),(15,28474),(18,4924),(19,20428),(20,26980),(26,23755),(27,22891),(28,28182),(29,20277),(30,22271),(33,12540),(36,22074),(37,10729),(42,21758),(43,18713),(44,27400),(45,7346),(46,27953),(47,18634),(48,23617),(51,18247),(53,21583),(64,28140),(67,10818),(70,18120),(73,20746),(77,9216),(82,22786),(83,17533),(84,23227),(85,10522),(86,18699),(89,14442),(91,28564),(92,5890)]	85.532499
606	[(2,23814),(5,11302),(7,19075),(8,7228),(9,757),(12,5835),(14,1706),(16,1907),(17,12449),(18,19094),(19,11737),(20,8867),(21,20509),(22,7638),(24,11661),(25,16268),(26,25905),(27,6131),(28,15868),(33,5737),(34,28143),(35,20806),(36,13996),(37,2166),(41,12834),(44,4499),(45,26205),(47,17733),(49,24617),(50,8176),(51,8100),(52,16290),(53,22359),(57,26689),(59,18376),(61,29620),(62,29428),(63,29824),(64,23193),(66,30324),(71,15684),(72,7112),(73,29163),(75,15563),(76,11027),(78,29292),(79,10158),(82,12880),(83,5278),(87,25534),(88,20695)]	87.347884
607	[(0,14273),(4,30571),(5,4024),(10,26710),(11,8398),(12,23466),(13,25103),(15,25679),(16,28814),(19,23545),(20,19937),(21,12729),(22,27692),(24,5349),(26,11728),(27,5942),(31,20778),(34,2278),(35,16391),(36,13110),(38,12568),(39,6250),(41,12425),(45,18694),(46,13826),(51,21528),(56,17501),(57,26093),(59,544),(61,28411),(62,3359),(63,18408),(64,21059),(66,22022),(71,13886),(72,25391),(74,6414),(76,4784),(80,18240),(83,8464),(86,27259),(90,3837)]	84.111643
608	[(0,3574),(2,11087),(5,4334),(7,28156),(8,13858),(9,3496),(10,22978),(16,12859),(17,15055),(19,23407),(20,30490),(21,29034),(22,12696),(23,15795),(29,25875),(30,20555),(32,10986),(33,10504),(34,6684),(38,21003),(39,24214),(41,10014),(43,9765),(44,26193),(45,28498),(49,12039),(50,12051),(51,24598),(55,1013),(56,27699),(58,8852),(60,17529),(62,14425),(63,2058),(64,3567),(68,19327),(70,17083),(74,8446),(75,3619),(77,28896),(78,6720),(79,12235),(80,9669),(83,22375),(84,14738),(88,27870),(89,27310),(91,28138)]	84.636048
609	[(2,27669),(4,12266),(5,3478),(6,28427),(8,13291),(10,14993),(16,28048),(24,10980),(26,25541),(29,4135),(34,13001),(36,3361),(37,20408),(38,191),(39,2728),(41,25756),(45,29406),(46,2179),(47,21938),(52,4477),(57,3246),(58,10567),(60,6922),(61,2456),(62,25590),(63,28699),(69,29013),(71,13812),(72,6950),(74,27440),(75,2991),(77,1822),(78,21592),(80,5477),(81,30446)]	92.765190
610	[(1,29206),(3,19159),(4,20947),(5,8380),(7,999),(9,10395),(11,11497),(12,8011),(13,30111),(15,3523),(19,18758),(21,24001),(28,6430),(33,8393),(41,29048),(42,9379),(43,10743),(44,11936),(45,28912),(47,15171),(54,29710),(55,17991),(56,685),(57,20712),(60,11979),(61,16435),(62,15385),(64,20370),(67,26703),(68,863),(69,10336),(70,10504),(71,6684),(74,4359),(75,29360),(76,11832),(80,3957),(81,1331),(82,9881),(84,23963),(85,24731),(86,14217),(88,28367),(91,29267)]	86.661190
611	[(0,11551),(1,20056),(2,17756),(3,3155),(5,8566),(7,25100),(8,18516),(12,8480),(14,17379),(15,16410),(18,11568),(20,6152),(24,11324),(25,11354),(27,18169),(30,7911),(32,19270),(33,11227),(34,23079),(35,30131),(39,1716),(40,28961),(41,4534),(42,10234),(43,7394),(46,9414),(49,9606),(50,15902),(52,19333),(57,9545),(60,9432),(63,11221),(64,999),(70,339),(71,18036),(72,17178),(73,12134),(74,28434),(78,5076),(80,9174),(83,26058),(85,26486),(86,13107),(89,17501),(90,26093),(92,13794)]	88.752017
612	[(0,9191),(2,10775),(4,23420),(5,10312),(9,11309),(11,5480),(14,15448),(16,13864),(18,15617),(19,12303),(20,19957),(23,9285),(24,445),(25,25044),(27,29088),(28,27470),(31,18384),(32,26377),(36,11255),(38,25402),(42,17840),(45,14459),(48,18764),(50,19573),(51,2467),(55,16601),(56,17346),(57,25393),(59,10896),(60,21273),(61,29394),(62,9114),(63,30322),(64,16174),(65,14699),(68,17694),(71,12584),(73,9403),(77,11591),(79,22082),(82,15621),(83,24176),(84,8395),(85,224),(88,14464),(92,112)]	84.066804
613	[(0,17209),(2,15554),(3,7394),(7,24533),(13,20413),(14,9667),(15,21512),(16,12630),(17,24676),(18,19539),(20,8600),(24,9974),(25,317),(27,12531),(29,16739),(31,21904),(33,1526),(34,26457),(39,27988),(43,6154),(44,3857),(45,17053),(47,22228),(49,14124),(51,24724),(52,14313),(53,22692),(56,17503),(58,5099),(60,23210),(64,30345),(65,23569),(66,24929),(69,22140),(73,9536),(75,27934),(76,23526),(77,28945),(78,7571),(79,19039),(80,28091),(81,27972),(82,2313),(83,16121),(85,17717),(90,28144),(92,19895)]	85.077851
614	[(0,25150),(1,14528),(2,12703),(3,14565),(6,13758),(9,3548),(10,25418),(13,27208),(16,18782),(18,6673),(19,5257),(23,15872),(25,20864),(26,2782),(27,4002),(28,20469),(32,9192),(33,30323),(34,6638),(37,17170),(38,18477),(39,25291),(41,24199),(42,8075),(45,24547),(47,11491),(49,2994),(51,10509),(53,24421),(56,23495),(58,10672),(59,8912),(61,6001),(62,18912),(66,16958),(68,1881),(69,18350),(70,3423),(71,21095),(75,755),(78,17109),(81,1505),(83,5436),(84,9251),(87,9942),(88,13238)]	109.930130
615	[(1,17058),(2,3531),(5,28597),(8,7315),(12,2845),(14,8224),(16,4962),(17,11557),(21,6455),(22,12405),(23,14119),(28,29802),(31,27378),(33,26123),(36,5151),(37,20337),(39,13081),(40,7946),(43,16184),(44,29837),(47,4676),(51,3417),(55,8083),(57,22573),(59,26734),(60,11469),(62,8643),(64,11121),(68,8268),(69,25653),(72,24245),(74,1386),(79,12758),(82,29232),(83,18277),(86,24532),(89,10555),(91,7453),(92,5306)]	88.123427
616	[(4,17644),(6,2722),(9,28052),(12,18181),(14,8824),(15,27449),(17,25716),(18,23369),(19,14833),(22,30031),(24,20898),(25,6260),(27,11714),(30,4157),(32,4623),(34,6691),(39,13091),(40,26008),(42,5088),(43,8263),(45,30004),(49,10993),(52,1856),(54,27691),(55,24614),(56,27331),(60,24930),(61,4110),(63,27632),(64,1406),(69,540),(71,1696),(75,26518),(76,6905),(79,1576),(80,5476),(81,23984),(82,23622),(83,20715),(84,26077),(85,18802),(86,4002),(87,20469),(88,18161),(90,12501),(91,18270)]	85.038857
617	[(3,19915),(5,17027),(7,23959),(8,18244),(9,18246),(10,8200),(12,7815),(13,29506),(14,26274),(15,5481),(16,20349),(18,2971),(19,11567),(20,22939),(27,19928),(28,14683),(29,26755),(30,3146),(31,9781),(32,7948),(33,23669),(34,17338),(37,10906),(38,26579),(40,10550),(41,9099),(44,8048),(47,13383),(48,4809),(49,17897),(51,25202),(52,27394),(53,13437),(57,8553),(62,8058),(64,17912),(66,9014),(67,9154),(68,28686),(70,28210),(71,25591),(73,4939),(74,78),(76,1418),(77,13445),(79,12922),(80,10213),(82,16694),(84,17160),(85,10131),(87,26588),(90,1433),(91,26608),(92,16516)]	82.931041
618	[(5,20085),(7,2037),(8,1696),(9,12142),(13,15064),(16,15359),(20,17989),(22,13907),(24,19807),(26,24811),(28,4704),(29,10462),(31,27735),(32,26904),(33,6738),(34,17676),(35,2264),(38,29100),(39,23856),(42,22911),(44,7070),(46,13128),(47,14547),(50,11837),(52,17311),(56,16404),(60,8314),(61,25532),(62,14038),(66,10708),(67,4635),(70,15210),(71,7408),(73,26129),(75,20455),(76,30162),(78,15623),(80,13129),(84,2312),(91,22614),(92,15574)]	83.006286
619	[(0,7806),(1,7042),(5,3231),(6,4969),(8,13228),(11,26098),(13,30108),(17,20398),(18,11236),(19,970),(20,22311),(21,1699),(22,11534),(27,11117),(30,14938),(31,2651),(34,29737),(35,22941),(36,13950),(39,262),(43,13724),(44,10438),(46,26801),(47,7620),(48,19552),(49,2536),(50,21830),(52,7063),(55,17381),(63,10092),(67,8811),(72,2757),(73,28323),(74,19841),(77,5101),(78,29529),(79,5907),(80,4794),(81,18335),(82,3346),(84,16112),(86,21091),(88,22387),(90,5434),(92,15661)]	90.642800
620	[(0,18486),(1,2400),(3,21992),(4,27699),(10,11541),(11,4433),(15,24485),(17,3733),(18,13764),(19,3569),(22,3446),(26,25907),(27,21930),(29,25408),(30,25386),(33,29782),(37,7813),(39,21135),(40,2602),(47,13061),(50,21918),(52,13757),(54,21398),(57,1958),(58,14361),(60,9334),(61,8035),(62,15286),(63,4449),(64,12848),(65,21269),(66,19795),(70,26289),(74,17594),(77,10594),(81,25174),(82,24074),(83,16173),(84,20554),(86,3279),(88,26640),(89,5186),(90,305),(91,2988)]	85.171014
621	[(0,15585),(1,8045),(2,7569),(4,30265),(5,19837),(6,14988),(8,24335),(10,20690),(13,23350),(14,21856),(15,6774),(17,13953),(19,1555),(20,8480),(21,15192),(22,30543),(23,30469),(24,9477),(27,21723),(28,13644),(29,17514),(31,4185),(32,14895),(34,15521),(35,8423),(37,20642),(41,20594),(43,8618),(44,8414),(47,9327),(51,17111),(55,25029),(58,17707),(61,4601),(64,13237),(66,11875),(67,18340),(68,14513),(69,11507),(70,5877),(73,19574),(74,686),(77,7635),(78,5400),(79,23962),(81,9690),(82,2778),(83,12647),(86,3051),(87,7871),(88,29333),(92,4908)]	95.170775
622	[(1,6972),(3,12604),(4,4051),(6,20615),(7,17339),(8,12351),(12,22821),(13,30483),(14,15773),(16,24248),(18,25539),(21,17833),(22,10645),(23,2367),(24,2740),(25,14257),(26,6231),(27,23166),(28,28418),(29,23733),(32,25620),(36,1577),(38,6482),(40,20525),(43,28140),(44,21233),(47,27966),(49,23449),(50,14841),(51,13738),(53,2878),(54,29511),(56,12129),(61,4672),(63,21245),(64,21042),(68,5042),(69,8869),(70,11665),(75,25839),(79,26946),(81,20150),(82,17042),(85,22283),(86,3852),(87,4320),(88,30264),(89,21542)]	85.819965
623	[(0,13614),(1,2120),(2,15285),(9,20475),(10,22495),(11,16348),(13,12205),(14,2363),(15,1556),(17,15051),(20,28883),(22,8117),(26,7911),(28,19270),(29,11227),(30,23079),(31,30131),(35,4475),(37,6177),(39,7105),(40,8502),(41,9798),(42,10837),(44,19497),(45,10831),(46,3026),(50,11733),(51,4187),(54,439),(55,14440),(58,20359),(61,16411),(63,22947),(66,23761),(68,20399),(70,7278),(76,7985),(77,5658),(79,5844),(83,18662),(84,27331),(85,30004),(86,1023),(89,15985),(91,9613)]	87.952961
624	[(1,20644),(2,11693),(6,18334),(7,16632),(8,9623),(11,14885),(12,19235),(13,12139),(14,11856),(15,11037),(16,8637),(17,3820),(18,12195),(19,11640),(20,17546),(26,19917),(28,21309),(32,1187),(33,6350),(35,5045),(37,25470),(38,28535),(41,21819),(42,21221),(43,15259),(48,794),(49,17234),(50,29909),(51,27844),(52,14598),(53,19644),(56,8657),(61,14066),(63,1861),(64,8003),(65,24339),(66,16341),(68,9806),(69,8470),(71,20057),(72,3931),(73,7551),(78,24410),(79,17055),(82,12378),(84,11847),(86,17067),(87,5227),(88,27369),(89,8046),(91,451),(92,12399)]	89.320829
625	[(1,9506),(2,3079),(8,8993),(9,5830),(11,767),(13,16742),(21,3783),(22,9592),(23,28270),(25,1076),(27,30335),(29,11664),(30,14000),(31,28879),(32,8071),(35,26748),(38,13740),(40,19972),(41,5269),(42,9469),(44,3459),(47,6021),(48,3974),(49,1750),(50,14588),(54,10840),(55,30285),(56,18061),(59,1057),(64,10393),(68,27003),(69,19974),(70,21305),(71,7417),(72,18045),(73,10879),(74,7596),(77,11631),(79,3707),(80,19798),(84,19353),(87,23655),(88,3795)]	85.712341
626	[(2,7383),(7,2780),(9,25045),(14,27404),(15,16094),(16,15958),(17,16535),(18,16545),(21,23783),(22,16346),(23,166),(24,26445),(25,8326),(27,29314),(29,18095),(30,20019),(31,24514),(32,9855),(33,16664),(37,7221),(39,10101),(40,21917),(45,29971),(49,23059),(50,6866),(51,5400),(52,19194),(53,27830),(56,7935),(57,18874),(59,28908),(61,18051),(62,5885),(63,3425),(64,23014),(67,21086),(68,2539),(70,498),(72,21560),(74,984),(80,29620),(81,10396),(84,15867),(88,30375),(89,18981),(92,3411)]	108.267808
627	[(3,10340),(5,20920),(6,5991),(7,20617),(8,24386),(10,21470),(16,28831),(17,25538),(18,2629),(19,28527),(23,30341),(24,25596),(25,11814),(28,16445),(34,22169),(35,23293),(38,12133),(42,10988),(45,595),(51,22220),(53,23025),(54,292),(55,15495),(56,30385),(58,20997),(59,13403),(60,2616),(62,24936),(64,5053),(65,30290),(66,23534),(67,5186),(68,28644),(69,10139),(70,12457),(71,15462),(72,23170),(73,21774),(78,10008),(79,29114),(80,7403),(83,5246),(87,6402)]	85.869436
628	[(6,26055),(11,3961),(13,5400),(14,23962),(19,6852),(24,23222),(25,5657),(26,18542),(29,12572),(30,191),(31,8555),(33,17901),(35,9837),(38,18457),(44,21809),(47,4011),(49,4251),(54,20006),(56,13091),(59,20745),(61,13751),(62,23981),(63,17142),(68,5892),(69,25817),(73,27122),(75,10397),(77,11946),(78,29325),(79,14761),(84,13053),(85,47),(87,25322),(91,15148)]	84.967917
629	[(0,19217),(4,15712),(6,18853),(9,25050),(12,19852),(16,6055),(17,18339),(19,2230),(21,5802),(23,20921),(25,11919),(32,3602),(33,23925),(34,8661),(43,23887),(44,15230),(47,26255),(49,30028),(52,26763),(53,2814),(56,20428),(57,23323),(60,29128),(62,14266),(63,13885),(64,30502),(65,28191),(66,28153),(68,8345),(69,4974),(71,13957),(74,11518),(75,21699),(76,19939),(77,25703),(78,9896),(79,24597),(82,9214),(83,11407),(86,26863),(88,26503),(89,1587),(91,28769),(92,2182)]	83.729022
630	[(1,12053),(3,23301),(4,14099),(7,16318),(9,4955),(10,25391),(13,24012),(14,1731),(15,21642),(16,29591),(18,22081),(21,18015),(22,20076),(24,9560),(26,4732),(27,13897),(28,17976),(30,17230),(31,118),(32,12382),(33,4039),(34,4088),(35,4436),(36,13013),(38,2935),(41,6356),(42,27177),(44,18174),(45,18904),(46,21360),(51,7627),(52,22853),(56,27092),(58,22942),(59,22884),(62,23377),(63,27736),(64,10083),(66,2688),(67,21667),(68,28311),(70,17473),(73,9652),(74,6690),(85,27994),(88,2679),(89,11148),(90,6508),(91,5536)]	85.182610
631	[(5,22803),(8,1747),(11,15057),(12,21393),(14,13051),(15,18094),(18,18048),(23,24838),(24,2959),(29,4274),(30,29985),(32,3596),(33,18368),(39,25463),(40,1897),(41,28360),(43,11335),(45,9546),(46,29685),(48,780),(49,9823),(50,27938),(53,10844),(54,8394),(55,2995),(56,14491),(59,2402),(61,8635),(64,24533),(66,15818),(67,12762),(68,26106),(71,27202),(72,12586),(78,13075),(79,26816),(80,22592),(83,4890),(85,3912),(89,2431),(91,21366),(92,9829)]	86.152495
632	[(1,18113),(2,18889),(3,25767),(4,15624),(6,17311),(11,16825),(13,28202),(15,29759),(17,2360),(18,23329),(19,18266),(20,13202),(22,26842),(24,17392),(26,23838),(27,21565),(28,24787),(30,22441),(31,15062),(32,22162),(33,27151),(34,25147),(36,19893),(39,6854),(40,22690),(41,29759),(42,11408),(44,14178),(45,19013),(47,4880),(48,27888),(52,10230),(54,3116),(55,1280),(56,10208),(57,11176),(58,3258),(68,9383),(69,3284),(70,25493),(72,7105),(73,8502),(74,11319),(77,5117),(78,20969),(80,9565),(81,15483),(83,28697),(84,12340),(85,28022),(86,4278),(89,30429)]	96.814318
633	[(1,3072),(2,25596),(3,11814),(6,17826),(7,9051),(13,22644),(15,545),(16,11421),(17,25177),(19,10288),(20,23555),(22,13178),(23,3229),(24,13899),(25,16334),(26,27053),(27,7888),(28,3754),(32,11277),(34,16704),(35,21901),(37,21819),(38,9176),(40,1791),(42,14430),(44,22838),(46,29596),(47,26268),(49,15036),(58,16038),(59,20528),(61,24999),(62,1456),(66,4852),(69,25391),(70,18779),(71,22816),(72,10278),(75,20222),(76,10416),(77,324),(78,3953),(81,28153),(83,11897),(85,20846),(86,21150),(87,25725),(89,5343)]	89.277302
634	[(1,14590),(4,8773),(6,18858),(7,3221),(11,29742),(13,1760),(14,19670),(15,13786),(19,10527),(20,15750),(21,10468),(24,13515),(25,17718),(26,20273),(34,24078),(35,29501),(36,8505),(39,6163),(42,4596),(43,19910),(45,16487),(51,1115),(52,12693),(56,26153),(57,29463),(66,17096),(71,1205),(72,5225),(74,21344),(75,9946),(76,11852),(77,24933),(78,11925),(79,23437),(80,19696),(83,5353),(86,14),(87,12777),(88,4293),(92,7839)]	90.051826
635	[(3,9080),(9,986),(11,1474),(14,24674),(21,15171),(24,22588),(27,23307),(28,15199),(32,5269),(33,9469),(36,17058),(40,19442),(41,20486),(42,16829),(43,27744),(45,23982),(46,7583),(48,28302),(49,27951),(51,2470),(59,20162),(60,24063),(61,16113),(65,1281),(69,18),(71,23902),(72,9932),(73,4634),(74,85),(75,14224),(81,28019),(84,29499),(86,29443),(91,18796),(92,6705)]	84.323498
636	[(1,4188),(4,14985),(5,27556),(6,24010),(7,7119),(8,9997),(9,1401),(12,21101),(14,6510),(15,9827),(17,2109),(18,3599),(19,1320),(20,27341),(21,7950),(23,26530),(24,2726),(25,4632),(29,26694),(30,12131),(32,305),(33,2988),(38,20537),(39,19210),(41,29163),(43,29301),(44,25547),(45,25720),(46,26852),(47,2041),(48,11646),(50,7114),(51,18572),(52,28419),(53,5571),(55,26223),(56,4086),(59,4365),(61,22841),(63,1695),(65,4615),(69,370),(71,1630),(75,16464),(76,18919),(77,11152),(80,13377),(81,6751),(84,19221),(88,17438),(89,8096),(91,6163)]	86.114726
637	[(0,18645),(2,23281),(3,10758),(7,27631),(8,15886),(11,8062),(12,14161),(13,3818),(14,18464),(15,20095),(16,4707),(18,16264),(21,6934),(25,16349),(26,23628),(27,18812),(33,19303),(37,19876),(38,19103),(43,15973),(44,7050),(45,29938),(47,14111),(48,1044),(49,18685),(53,6212),(54,19482),(56,5772),(58,3994),(60,9310),(68,9690),(69,9506),(70,16305),(73,9435),(75,30351),(79,11906),(80,20383),(81,24854),(82,21881),(84,4774),(86,29591),(89,8948)]	104.189286
638	[(0,17031),(1,16562),(2,18375),(5,5818),(6,27463),(7,25043),(8,30171),(9,23274),(11,24313),(14,691),(16,23784),(20,257),(22,8915),(23,6738),(24,17676),(25,2264),(26,10110),(27,29215),(28,22948),(30,15355),(33,17291),(37,7575),(39,26058),(40,29714),(41,13590),(43,10512),(53,2338),(55,26038),(57,3258),(59,837),(61,30484),(62,12319),(64,7526),(74,11151),(75,19495),(76,12103),(77,5201),(78,14050),(79,26163),(82,596),(87,11661),(89,30513),(91,29689)]	94.032447
639	[(0,21895),(3,1260),(8,16936),(10,14110),(11,16325),(12,2482),(14,2948),(15,21866),(18,25695),(19,30096),(20,8997),(21,3851),(22,7964),(23,14569),(24,19113),(26,22589),(27,5571),(29,30018),(31,29361),(32,3264),(38,8399),(39,18762),(51,125),(53,16899),(54,19538),(55,17769),(59,15952),(60,29601),(61,18683),(62,21024),(66,28116),(68,22716),(71,22705),(75,22478),(76,6218),(77,7128),(78,2852),(80,6484),(82,29933),(84,27453),(88,16918),(90,26190),(92,14118)]	83.756596
640	[(0,4138),(1,6502),(2,1889),(4,27929),(7,5766),(8,18380),(9,11067),(14,26206),(17,20490),(20,16),(21,11054),(22,17187),(23,12113),(24,11513),(26,21766),(27,15715),(28,28622),(29,15473),(30,19739),(31,18632),(32,13365),(33,22773),(39,4537),(41,13112),(42,19765),(46,22452),(47,12917),(53,15882),(55,11863),(56,24043),(58,18712),(59,3809),(62,21043),(63,8682),(64,8061),(65,14069),(71,22213),(73,30129),(76,19325),(77,8006),(78,18389),(83,8531),(86,10450),(87,4317),(91,3860)]	85.087140
641	[(6,8433),(7,22425),(8,8261),(9,27860),(12,27675),(15,23932),(16,29045),(19,23775),(20,12357),(25,11543),(27,20803),(28,21853),(30,2537),(31,15877),(35,29231),(36,20665),(38,29077),(42,23443),(43,16635),(45,7027),(49,19676),(51,28231),(52,12569),(54,16280),(56,16032),(66,26822),(69,27180),(73,25470),(74,13312),(75,4261),(78,13877),(79,12288),(80,681),(83,30541),(84,21354),(86,4853),(88,30168),(89,26861),(91,27349)]	88.646029
642	[(1,17591),(2,24018),(6,2218),(8,20202),(9,27758),(10,16292),(13,10760),(14,20667),(15,20141),(17,11644),(18,793),(19,30362),(21,77),(22,11741),(28,24413),(36,12928),(40,412),(41,9411),(43,18063),(44,10391),(50,1883),(51,13115),(53,23811),(54,10096),(55,22901),(58,17888),(62,12237),(63,12246),(64,30388),(68,7971),(69,18908),(70,2125),(71,14457),(72,15159),(73,13577),(76,6655),(77,13909),(78,24246),(79,29790),(80,11446),(83,4011),(86,8034),(88,13121),(90,23401),(92,30390)]	87.118357
643	[(0,9851),(12,17735),(13,26821),(14,19337),(17,69),(21,17703),(25,16347),(33,15557),(34,18868),(35,21334),(39,16697),(40,9876),(41,12277),(42,8646),(44,19362),(45,7507),(47,17035),(49,16939),(56,17193),(58,4241),(60,4867),(64,9100),(67,23542),(68,8222),(69,1006),(70,4022),(74,15441),(75,2737),(79,13210),(81,24747),(82,1706),(84,782),(88,20167),(89,14885),(90,19633)]	97.416604
644	[(1,9128),(5,6322),(6,302),(8,3410),(10,29821),(12,29960),(13,8276),(15,11533),(16,29086),(22,24740),(24,16675),(28,11404),(32,9144),(34,13329),(35,20541),(37,26628),(38,16261),(39,22759),(43,26867),(44,4402),(46,28860),(47,26926),(49,896),(50,20330),(51,25626),(52,22924),(60,15100),(61,5956),(62,13051),(65,11558),(69,16940),(70,20720),(71,9838),(72,9267),(73,23415),(74,17741),(75,23376),(76,14188),(80,18948),(81,10314),(82,14073),(83,10043),(84,5848),(85,4579),(86,1831),(87,22499),(91,21640),(92,7718)]	86.883900
645	[(0,11504),(1,19509),(4,18909),(8,20515),(14,27595),(15,1508),(16,6923),(17,1169),(19,19048),(25,11515),(26,29880),(28,8204),(31,20054),(32,30496),(33,2158),(36,28057),(39,29140),(40,7543),(43,23655),(47,21598),(48,14915),(52,1032),(55,11953),(57,29078),(58,6178),(59,1819),(60,9236),(61,13585),(62,26887),(65,15247),(66,17814),(69,24544),(71,7063),(72,20432),(76,5380),(78,27460),(79,3243),(80,5176),(81,25094),(83,16430),(84,14827),(86,19592),(88,406),(89,7495),(90,21399),(91,10608)]	86.189737
646	[(0,17973),(1,23),(2,29646),(6,21321),(12,5589),(13,20924),(18,9646),(21,17083),(22,18864),(23,657),(27,15448),(31,1190),(34,2914),(35,18548),(40,26769),(43,3439),(50,2642),(51,16123),(53,7443),(60,20027),(61,994),(62,20271),(63,18086),(65,22809),(66,5221),(71,3909),(72,10166),(73,30007),(74,11705),(75,16497),(77,10472),(78,19001),(79,9514),(83,21943),(84,4695),(85,26573),(86,30525),(89,29958),(90,28342),(92,17735)]	86.875826
647	[(0,19248),(1,25370),(2,28926),(7,10128),(8,13215),(9,8510),(10,9020),(11,19765),(13,19673),(14,1749),(17,21592),(19,5477),(22,25568),(24,4323),(27,21516),(32,12417),(33,11119),(39,1321),(40,673),(41,1827),(42,6770),(43,4690),(45,13906),(46,9375),(47,23531),(49,27079),(53,3835),(56,8595),(59,5174),(63,7179),(66,25600),(67,618),(76,7442),(77,16486),(83,18177),(90,16820),(91,30159),(92,8367)]	83.151495
648	[(1,23437),(4,26591),(5,9435),(6,24986),(7,20840),(8,9707),(10,25971),(12,29666),(14,22478),(15,6218),(17,11164),(19,761),(20,6148),(21,29747),(30,19241),(32,9149),(35,21689),(40,26731),(41,11087),(42,29933),(43,14217),(45,29828),(46,219),(48,5536),(51,6191),(54,28477),(55,26079),(56,3176),(62,747),(63,16400),(68,16886),(70,11575),(73,23980),(74,18443),(76,18895),(77,24157),(83,19264),(86,24150),(87,22158),(89,19665),(90,28399)]	98.063518
649	[(0,11905),(2,21707),(3,5255),(5,20810),(7,30236),(9,25331),(10,4078),(17,4728),(18,12249),(20,6226),(21,8467),(23,19304),(31,13965),(40,30542),(42,23040),(43,7788),(44,26155),(46,10055),(48,8276),(49,21579),(50,11826),(53,27224),(54,18435),(56,28983),(57,6819),(58,24385),(61,5872),(64,1988),(67,2795),(68,1288),(71,11589),(72,26798),(73,12085),(76,7585),(77,7220),(78,6894),(79,17021),(81,14468),(82,9611),(88,10271),(91,7214),(92,22242)]	112.483384
650	[(1,17437),(2,27304),(3,7382),(4,94),(7,13153),(9,20870),(10,6321),(11,23128),(13,26301),(14,2714),(15,23783),(17,29145),(18,10821),(20,23396),(21,19172),(23,29279),(24,6933),(25,30636),(31,1269),(32,23299),(34,14990),(36,25188),(37,4569),(38,16345),(39,15664),(40,1397),(46,565),(51,19503),(53,9979),(55,27554),(56,30005),(58,14688),(60,11675),(72,2856),(75,27384),(76,17399),(80,11526),(81,26421),(82,30131),(86,16911),(87,26683),(88,17808),(89,13210)]	86.253181
651	[(2,24982),(4,17669),(6,3739),(9,2312),(13,23347),(14,2782),(15,4002),(16,20469),(20,9004),(21,25726),(24,1942),(25,27779),(26,8967),(28,29308),(32,29224),(35,12727),(36,22401),(38,25596),(39,11814),(42,17826),(43,9051),(44,19002),(47,20707),(48,22220),(53,19375),(55,14223),(58,10413),(60,1227),(63,130),(64,6468),(65,10122),(66,28344),(68,16386),(71,23042),(72,7982),(73,28086),(74,1892),(75,21811),(78,18726),(79,6926),(80,20833),(81,11926),(83,22372),(85,20642),(87,9155),(88,10633),(90,13978),(91,29890)]	89.441081
652	[(1,13983),(6,1526),(8,264),(10,20456),(12,5111),(15,1370),(16,28386),(17,12222),(18,14582),(20,7837),(22,8206),(23,2220),(24,23290),(29,13847),(31,23318),(35,4753),(37,27836),(38,22518),(40,26931),(42,9335),(43,8106),(45,14343),(46,12177),(48,9011),(49,21953),(50,1434),(52,3588),(54,24164),(55,29164),(56,13670),(57,20433),(58,18952),(61,5009),(62,10314),(64,4362),(66,10851),(67,24694),(73,9419),(74,23106),(76,14668),(77,6116),(78,13386),(80,18924),(83,9230),(85,10301),(86,2174),(87,21192),(88,23490),(90,7213),(92,384)]	87.277329
653	[(2,2751),(5,29588),(8,15682),(9,1737),(11,7107),(12,12143),(13,21864),(15,27831),(23,29420),(24,5285),(26,20687),(28,13498),(30,9676),(32,8247),(33,27800),(34,4729),(39,6163),(42,28119),(44,26736),(45,11378),(48,16609),(49,8659),(51,19396),(54,29408),(55,4153),(57,19304),(58,3856),(59,8087),(60,26135),(61,10582),(62,10103),(69,24835),(70,20613),(71,22742),(73,12540),(76,16377),(83,5911),(84,20511),(87,17208)]	86.307425
654	[(3,17948),(4,25723),(5,15089),(9,15126),(12,29529),(13,5907),(15,27925),(17,13824),(19,24882),(24,14158),(25,26991),(28,26576),(31,8541),(37,9139),(38,22360),(40,30539),(41,20224),(43,5709),(47,376),(48,26414),(52,496),(54,24666),(56,21066),(60,6558),(61,18481),(63,13629),(65,29609),(68,26285),(71,21704),(74,10754),(75,16126),(76,4050),(77,785),(79,11843),(80,2355),(82,12113),(84,319),(85,10235),(86,3050),(88,27664),(90,7307)]	94.401988
655	[(3,24197),(4,22197),(5,17660),(6,12531),(8,29134),(10,14437),(11,25466),(12,9693),(14,13956),(15,3506),(19,3789),(21,17444),(22,3710),(25,11291),(28,27336),(30,12942),(31,28578),(35,28539),(37,2224),(46,29),(47,15965),(48,13592),(51,24092),(57,26603),(58,17421),(59,24468),(60,5021),(68,484),(71,20890),(72,17417),(78,20559),(79,2529),(81,13259),(82,8953),(83,351),(85,14695),(86,6390),(92,4558)]	86.758323
656	[(0,18422),(1,15119),(7,28837),(8,29802),(10,1185),(15,18582),(16,15907),(17,29430),(19,16113),(24,28525),(29,26549),(30,5173),(31,14445),(34,20180),(37,22667),(39,24217),(44,7329),(45,19662),(46,6558),(47,752),(48,4918),(54,233),(56,7216),(59,26330),(62,28600),(64,22413),(69,30300),(70,28392),(71,325),(72,29980),(74,16628),(76,7174),(79,1632),(81,8963),(82,27330),(83,19207),(84,23990),(88,7692),(89,2170)]	88.599859
657	[(0,24152),(1,15390),(7,3807),(8,7966),(15,2091),(17,17552),(18,22027),(19,9711),(21,6369),(23,12042),(26,22883),(29,27091),(32,13048),(33,28554),(36,7227),(38,17075),(39,20303),(42,6743),(43,27910),(48,10940),(49,13844),(51,9576),(52,16473),(53,18452),(55,26852),(56,2041),(59,11191),(60,19637),(62,26005),(63,27475),(65,6498),(67,12161),(68,18312),(72,21244),(73,6687),(75,30033),(78,26716),(79,11342),(80,25824),(81,27882),(83,22991),(84,21968),(85,24754),(88,14518),(91,30093),(92,12343)]	86.961174
658	[(0,11685),(1,13923),(2,12073),(3,17726),(5,17169),(7,25966),(8,7404),(10,18491),(12,29414),(18,19051),(19,5782),(22,16798),(23,28707),(24,27423),(27,12415),(28,28753),(29,13180),(31,4038),(32,14527),(33,10867),(34,22509),(35,22406),(36,1424),(38,6876),(41,9505),(42,133),(46,3561),(51,6193),(53,4282),(55,17994),(57,1694),(60,17392),(62,23838),(63,495),(64,26438),(65,14276),(67,22669),(69,29788),(70,9987),(71,29146),(72,3780),(73,13633),(75,13507),(76,26208),(77,16019),(84,25538),(86,16285),(87,27905),(89,23701)]	86.896364
659	[(0,2178),(2,849),(4,6774),(7,18497),(9,21905),(12,16157),(14,6311),(15,9578),(20,6559),(26,3332),(35,13587),(39,11744),(40,17534),(45,5699),(48,319),(50,12516),(52,3892),(54,21543),(57,22528),(58,14472),(60,21632),(63,21552),(64,18139),(67,23813),(70,24523),(71,16116),(72,243),(75,12097),(76,15972),(77,13999),(78,19194),(79,30355),(80,19357),(81,11553),(82,28905),(83,5467),(85,1627),(87,12308),(89,20669),(90,10111),(92,25449)]	90.699627
660	[(1,12871),(2,4684),(3,13054),(4,30368),(7,26308),(10,21551),(11,23491),(12,15115),(16,23086),(18,23730),(20,6854),(21,22690),(22,29759),(30,4857),(34,3133),(36,8897),(39,27496),(41,13144),(42,28706),(46,15280),(47,27426),(48,1328),(49,12240),(53,11596),(56,2699),(58,4555),(59,1655),(60,28726),(64,13408),(65,13545),(67,10094),(68,7299),(72,14128),(75,16298),(80,1315),(82,25438),(85,28670),(87,29261),(88,30388),(90,4327),(91,29530)]	107.787320
661	[(1,19396),(2,18968),(4,18829),(7,29588),(10,26156),(11,21217),(12,29884),(13,3014),(14,3528),(15,7678),(20,3465),(21,30554),(22,7629),(23,5563),(24,11460),(25,10201),(32,13260),(33,140),(34,6603),(35,1541),(36,12271),(37,20465),(38,12005),(40,21272),(42,15039),(44,25683),(45,5889),(46,13958),(50,7431),(51,13857),(55,112),(56,1357),(61,7418),(63,21717),(64,7933),(65,4896),(66,11295),(67,27662),(69,4781),(75,11556),(76,15122),(79,11253),(81,12437),(82,12360),(84,20221),(86,5683),(87,10654),(88,12264),(89,750),(91,27788)]	89.080828
662	[(0,883),(2,26632),(4,7250),(5,14032),(6,4234),(9,2428),(10,701),(12,23654),(13,13555),(14,19802),(16,26424),(17,7550),(20,6572),(22,22632),(23,1246),(24,9194),(25,16865),(26,9254),(29,14023),(31,16813),(33,30348),(34,14139),(35,3681),(36,29395),(37,16773),(38,13987),(41,29546),(43,25933),(45,9234),(48,9014),(49,7038),(50,6427),(51,4997),(57,12740),(58,5183),(60,17666),(63,17096),(65,14418),(66,11037),(67,5682),(69,6004),(70,13978),(71,25072),(75,2737),(77,14339),(79,3407),(82,8732),(85,4868),(86,14849)]	88.320762
663	[(0,2650),(1,2685),(10,7682),(11,23490),(13,5850),(14,30599),(15,6338),(17,20819),(19,11038),(27,7039),(29,15515),(30,16125),(36,5479),(37,30606),(38,29454),(40,30395),(41,16564),(42,20158),(44,16437),(45,3580),(50,25140),(51,3002),(54,11316),(56,12406),(60,11663),(61,16268),(64,5471),(65,9547),(69,12570),(70,22546),(71,21792),(72,7166),(75,13024),(76,15021),(77,9334),(78,28865),(79,10431),(80,26726),(81,14995),(82,4085),(85,14506),(86,21919),(89,3227),(90,26818)]	88.564698
664	[(2,20728),(3,28339),(14,526),(19,15340),(21,9199),(23,15245),(25,4051),(26,4230),(28,25256),(30,22372),(32,9995),(34,2064),(38,7027),(40,14489),(41,25549),(45,16611),(52,27066),(53,19916),(62,25574),(64,3802),(65,14028),(66,16254),(67,6124),(68,5538),(69,11931),(70,9474),(73,3273),(74,30096),(76,16576),(79,11877),(81,18256),(82,16554),(85,22766),(86,6462),(87,6742),(89,16505),(90,28141),(91,1466),(92,26538)]	85.708790
665	[(1,3139),(2,12826),(7,6344),(9,15184),(11,29462),(14,25091),(15,28862),(16,17382),(19,17811),(30,1448),(32,24275),(36,16141),(37,26286),(38,1161),(40,4847),(42,5183),(43,13789),(46,29629),(48,2673),(49,29428),(50,29824),(52,29242),(54,22354),(55,5409),(56,2201),(57,26978),(58,19042),(63,9704),(66,6397),(71,1017),(72,20612),(73,302),(81,27384),(82,17399),(85,211),(91,14007)]	98.379334
666	[(0,11856),(1,557),(4,22844),(5,10060),(9,8713),(12,12130),(13,16313),(16,6652),(26,13714),(28,11393),(29,5922),(30,23103),(32,15326),(33,27842),(34,4008),(35,4856),(36,7719),(39,29891),(42,19726),(44,26001),(45,8797),(46,2785),(48,13636),(50,7206),(51,9532),(53,9044),(54,24122),(55,7846),(62,13380),(64,22095),(65,16518),(66,1517),(67,24352),(69,15298),(73,3178),(76,401),(78,25511),(81,27425),(82,3844),(87,1582),(89,11998),(91,5678)]	90.054700
667	[(1,10112),(2,2680),(5,1548),(12,26752),(15,20806),(16,13996),(17,10539),(18,5334),(19,13816),(20,26063),(21,18520),(22,21422),(23,20408),(24,6827),(25,14384),(27,5529),(29,28014),(30,17220),(32,9947),(35,18386),(37,6059),(38,19457),(42,6489),(44,10565),(46,4723),(47,19693),(48,1526),(49,26457),(52,29981),(53,2636),(54,12394),(57,22207),(59,5388),(60,29536),(65,8611),(66,4114),(68,24323),(69,27787),(71,4930),(72,5613),(76,14143),(77,6248),(78,15002),(80,13530),(81,25167),(82,7386),(85,15504),(87,2458),(89,22927),(90,20046),(91,25409)]	86.662855
668	[(3,4775),(6,7112),(7,23180),(10,19314),(13,13994),(14,965),(15,16603),(17,7581),(19,18427),(22,12659),(24,1579),(25,22678),(26,704),(28,14831),(30,128),(31,9041),(37,25497),(38,3020),(39,13868),(42,18931),(43,16699),(46,27166),(47,22393),(49,18205),(50,16069),(53,14740),(55,23790),(58,19426),(59,24461),(60,4288),(61,18360),(62,15048),(63,16814),(64,822),(65,23748),(67,2282),(68,22883),(69,25708),(70,24061),(71,14808),(72,27764),(73,22728),(77,29703),(78,22135),(79,17493),(80,12255),(81,3041),(82,22931),(84,5634),(87,3195),(89,27883),(90,29999),(91,22932)]	87.494017
669	[(3,30166),(4,4872),(16,26195),(18,29027),(19,19182),(20,6189),(21,24866),(22,2463),(34,25487),(35,27399),(36,23117),(39,18023),(40,6013),(42,22647),(44,18558),(45,19988),(49,15084),(51,11806),(52,15227),(53,16425),(54,26526),(55,21154),(59,24566),(60,7251),(61,13821),(63,4372),(64,18236),(69,22037),(71,23286),(73,2524),(75,20493),(76,8588),(77,29174),(78,18276),(79,23288),(81,259),(83,777),(86,12747),(88,10926)]	91.792145
670	[(0,17063),(1,23699),(4,18583),(5,29715),(7,2963),(8,8299),(10,776),(11,12874),(12,5048),(14,3029),(16,4135),(17,25962),(19,24512),(20,13480),(21,97),(22,12126),(23,3927),(26,15377),(30,10535),(32,2645),(33,17971),(35,5643),(36,29746),(38,19232),(40,17015),(41,3863),(48,19931),(49,1641),(53,7669),(56,12623),(58,18989),(59,5960),(61,29088),(62,13112),(63,8720),(64,10838),(67,23110),(71,143),(78,25422),(81,18011),(83,5025),(84,26822),(85,26043),(87,17108),(88,24938),(89,27573),(91,2633),(92,14279)]	91.526243
671	[(1,18490),(4,8648),(6,4225),(7,24597),(8,28805),(10,26702),(11,7901),(12,20092),(13,14652),(17,5749),(18,24181),(23,23459),(26,19312),(29,30047),(30,17400),(32,21971),(34,10003),(36,22949),(39,23172),(42,23463),(43,24332),(46,30517),(47,30171),(49,30486),(50,21479),(52,28982),(61,17625),(65,10693),(66,1968),(72,25596),(73,14756),(74,12190),(75,27983),(77,25351),(78,6367),(79,537),(81,3512),(83,5),(85,26733),(86,5914),(87,14355),(89,8511),(90,15148)]	94.938770
672	[(2,2747),(3,30619),(4,16325),(6,6650),(8,15773),(10,24248),(13,7293),(16,4601),(17,25059),(18,289),(19,18733),(22,2796),(23,3753),(24,12664),(25,30174),(27,8248),(29,21963),(33,639),(34,20040),(36,25583),(37,24516),(39,15848),(40,12526),(41,11791),(42,11097),(45,22834),(46,24516),(48,739),(51,27097),(52,22377),(54,13978),(55,25072),(60,22861),(61,29921),(62,25508),(63,24303),(64,29785),(66,16152),(67,25661),(68,17003),(70,4352),(71,29240),(72,26341),(76,23319),(77,18753),(80,4674),(81,10391),(83,19456),(86,8081),(88,27024),(91,23072),(92,16811)]	109.672348
673	[(0,224),(6,17823),(8,9461),(14,8918),(15,29108),(18,29267),(19,23109),(21,14093),(23,2819),(24,406),(25,7495),(26,2859),(28,207),(30,16509),(32,13092),(35,464),(36,17862),(38,20529),(40,14381),(41,14742),(47,24466),(49,23314),(51,25388),(52,9410),(55,24666),(56,16319),(57,4926),(59,27679),(60,8029),(61,20397),(62,954),(64,16834),(66,10178),(68,24630),(69,29385),(73,97),(77,15318),(79,20222),(82,25455),(83,12801),(86,5299),(88,11504),(89,8118),(90,27237)]	86.278784
674	[(0,1923),(3,1058),(4,24591),(6,7711),(8,29350),(10,11871),(13,13394),(14,25525),(18,22151),(21,17938),(23,87),(25,22070),(26,23518),(28,13725),(30,23934),(31,11163),(32,19957),(33,30521),(34,26833),(35,15548),(36,14679),(37,13442),(38,7923),(39,13566),(43,13271),(45,1217),(48,806),(49,595),(53,27053),(54,7888),(55,3754),(61,26774),(62,15003),(63,15948),(70,10123),(72,26645),(79,9462),(82,16647),(83,662),(84,11066),(86,25906),(88,22906),(89,24821),(91,15753),(92,21148)]	84.732844
675	[(3,8963),(5,7925),(6,12191),(9,28015),(10,24509),(13,14681),(14,12146),(17,17142),(19,28542),(20,7617),(22,20316),(23,15129),(24,23167),(25,22533),(26,12228),(30,28429),(31,19881),(34,27914),(35,24619),(39,19375),(42,27156),(47,7468),(52,10418),(53,2241),(55,7004),(57,6008),(58,6579),(59,1411),(66,4262),(78,9337),(79,2398),(80,7272),(82,30067),(84,19203),(86,20439),(87,21528),(88,7703),(89,103)]	88.971730
676	[(2,5295),(3,18644),(4,16817),(5,16991),(8,28136),(9,4262),(13,9087),(16,4841),(17,2181),(18,9501),(20,30175),(21,3934),(22,8685),(26,26965),(28,24253),(30,6945),(33,22059),(34,23840),(36,22906),(37,5716),(38,17038),(40,4116),(41,14291),(42,8674),(46,11545),(47,19105),(49,10619),(50,7955),(51,27209),(52,12948),(54,4392),(55,10004),(60,29708),(61,9113),(65,17468),(66,13486),(68,25158),(70,25968),(71,30358),(72,15475),(74,9061),(77,11596),(78,6952),(86,3589),(87,26422),(91,15592)]	93.705457
677	[(2,15325),(3,24793),(8,7857),(9,24110),(12,9648),(13,14549),(15,24164),(16,29164),(17,26010),(19,3655),(20,7421),(21,30167),(25,408),(26,11677),(27,27034),(29,7954),(32,22726),(33,11105),(36,24839),(37,3365),(38,11075),(40,25411),(41,26442),(42,29319),(43,1247),(44,10524),(45,19356),(46,2054),(49,10557),(50,10233),(51,22404),(52,23015),(53,30633),(56,18714),(60,9824),(61,29751),(62,165),(68,13099),(71,7537),(73,13661),(75,29301),(78,3879),(79,23375),(80,422),(83,16009),(89,28688),(92,14525)]	86.577442
678	[(0,12535),(1,28842),(5,6158),(6,22770),(9,20322),(10,19403),(12,11428),(16,11900),(19,2035),(20,15971),(21,952),(22,14243),(23,19736),(26,10210),(29,8748),(30,23297),(33,2896),(35,9554),(36,18427),(39,21412),(42,1341),(43,28562),(44,30519),(48,30037),(50,8933),(51,23890),(57,12941),(58,18695),(68,9757),(69,15113),(70,15710),(73,20664),(75,10841),(81,5286),(83,3061),(85,20751),(86,17810),(89,12954),(90,3000)]	89.686368
679	[(2,9411),(4,30048),(5,10771),(8,7395),(9,6785),(10,29116),(11,8948),(13,22062),(14,27817),(17,22515),(18,15733),(22,24696),(23,852),(26,18113),(30,27212),(32,26646),(33,640),(34,7406),(35,379),(37,115),(39,1614),(40,8579),(45,20486),(46,16829),(47,13787),(48,28860),(49,25642),(52,29962),(53,24000),(54,1489),(56,6439),(61,29221),(63,6294),(64,12924),(65,17920),(66,17264),(70,27498),(72,24979),(75,2884),(76,19817),(80,4888),(82,11541),(83,28245),(85,30093),(87,18791)]	86.096086
680	[(1,8543),(3,27387),(5,12611),(9,25468),(12,20183),(15,853),(16,29337),(17,22728),(20,21995),(22,13473),(23,27212),(25,8667),(29,6741),(30,30561),(35,6949),(36,16488),(39,9530),(42,587),(43,29501),(46,9850),(47,16763),(48,21841),(51,26524),(53,29714),(54,13590),(57,1320),(58,27341),(59,7950),(60,8738),(62,15899),(64,14404),(66,6387),(74,1917),(78,18033),(79,21550),(80,12466),(82,630),(86,26544),(87,21259),(90,27659)]	84.799667
681	[(0,11328),(3,8229),(4,26301),(5,2714),(6,23783),(7,16346),(9,22555),(11,8489),(12,28074),(13,747),(16,25426),(21,1847),(22,11613),(23,21378),(24,28233),(28,28883),(30,28510),(31,28772),(34,30047),(35,15933),(36,9834),(37,8059),(39,11236),(40,11853),(42,30397),(45,5995),(47,16550),(49,8876),(50,4596),(55,26469),(58,16877),(61,16681),(62,23287),(63,27683),(64,25422),(65,14789),(66,17255),(67,8757),(68,24482),(69,2849),(71,18853),(74,17413),(76,22963),(77,26767),(81,11352),(87,22773),(88,19778),(90,28077),(91,15413)]	87.767572
682	[(0,1693),(2,3401),(7,16306),(8,17959),(9,2856),(14,10391),(17,820),(19,5592),(22,15254),(23,659),(24,15643),(26,5517),(30,11150),(32,27086),(33,20073),(34,7095),(35,18739),(36,23733),(37,14578),(38,9299),(39,12768),(42,29708),(43,3395),(45,8750),(46,22206),(48,23871),(53,7781),(54,17287),(58,10143),(59,21407),(60,10990),(63,26071),(65,21562),(68,30419),(69,19642),(71,19901),(72,23750),(73,8670),(76,10089),(78,6453),(79,22020),(81,14721),(84,880),(86,8550),(87,26709),(88,3256),(89,8100),(90,4016),(91,28328)]	84.545410
683	[(2,25383),(4,7645),(5,26267),(6,13710),(7,13464),(9,23620),(11,13522),(12,8291),(15,5812),(18,27216),(19,13565),(22,24936),(27,6418),(28,18935),(31,8356),(34,18811),(36,15358),(37,1582),(40,3894),(41,9587),(43,4777),(44,13069),(45,10842),(46,21321),(47,13118),(48,10772),(49,8612),(51,27912),(55,1597),(57,7039),(62,17723),(63,14216),(67,29611),(70,30069),(74,17085),(76,10040),(77,1620),(81,21292),(84,23952),(87,7589),(88,20384),(90,28643),(91,13321),(92,4811)]	102.479891
684	[(0,16747),(1,8729),(2,8133),(6,10350),(8,26842),(10,17392),(12,23838),(17,19311),(18,23160),(19,7308),(20,25137),(21,19641),(22,18138),(23,13661),(24,25658),(25,6536),(26,16591),(27,25551),(29,14020),(31,1294),(32,20518),(33,20815),(37,8440),(38,1197),(40,8721),(43,10917),(44,17322),(45,7805),(47,29331),(49,27423),(51,23567),(52,2892),(55,24760),(56,946),(59,11164),(61,27837),(70,12206),(71,28535),(72,27133),(75,4075),(76,29302),(78,2169),(84,24240),(87,27393),(89,11435),(91,25304)]	82.748346
685	[(0,8556),(1,30478),(2,12126),(4,11397),(5,4211),(6,7990),(7,10037),(8,17296),(10,25497),(11,3020),(13,27242),(14,24221),(20,25772),(21,15842),(22,91),(25,11331),(27,27389),(28,8308),(31,15270),(33,27242),(34,7985),(35,18927),(37,251),(39,13587),(43,14687),(46,12668),(47,6374),(52,21525),(54,8106),(55,12263),(61,29659),(62,7894),(63,30082),(69,12571),(71,5397),(72,27806),(74,25902),(75,11111),(76,29155),(77,12360),(80,14614),(81,731),(82,27666),(86,4122),(91,21059)]	82.745809
686	[(0,15287),(2,4919),(5,3036),(7,16072),(8,12802),(9,28460),(11,1035),(13,7155),(20,12519),(21,5620),(22,19536),(23,2861),(25,24334),(30,23614),(32,12787),(36,22838),(38,7004),(39,17793),(40,2151),(41,2084),(42,4636),(43,19085),(46,7909),(47,16143),(48,11874),(49,2836),(50,28104),(51,1350),(53,10407),(56,14164),(57,28788),(59,8796),(61,504),(63,15456),(64,9899),(65,9443),(66,22003),(68,5501),(69,18755),(72,21159),(77,17039),(80,7772),(81,21854),(84,8764),(85,2820),(87,7147),(91,6688)]	82.417954
687	[(0,27977),(2,27138),(3,27008),(5,6206),(6,17771),(9,8421),(10,22394),(14,21043),(16,19781),(18,6347),(19,13028),(24,21953),(26,1109),(27,26462),(28,27002),(29,28737),(35,20875),(36,19300),(37,11843),(38,2355),(40,21609),(43,1979),(44,5552),(45,11229),(47,23939),(51,18514),(52,24302),(54,17633),(60,19861),(62,27366),(65,6534),(66,26129),(69,14347),(70,30306),(71,22472),(74,22835),(77,14572),(78,13370),(79,23221),(80,15273),(84,17015),(88,21484),(91,4586),(92,28490)]	89.330678
688	[(1,27989),(5,2627),(7,560),(10,19692),(12,10483),(13,8774),(15,1725),(16,19379),(17,21863),(20,4830),(23,30031),(28,29133),(45,18433),(48,11325),(49,26442),(53,4378),(54,12307),(55,17204),(57,17903),(60,26633),(61,27510),(63,7923),(67,18160),(68,6147),(70,11913),(71,14765),(72,4087),(74,14835),(76,15018),(78,26542),(80,11634),(82,19644),(84,28816),(85,12751),(90,10724),(91,28886),(92,5526)]	89.261118
689	[(3,22786),(4,6746),(5,29841),(6,23920),(7,1748),(8,22195),(10,25231),(11,18648),(12,19013),(16,18452),(17,16498),(18,21033),(19,4087),(20,22536),(21,7890),(22,28668),(23,11952),(24,24324),(27,2128),(28,19114),(30,14725),(31,29835),(32,16648),(33,8807),(34,5120),(41,8984),(46,20754),(48,16554),(53,1615),(57,28895),(60,25028),(61,6868),(62,19356),(63,2054),(64,1353),(72,8297),(74,25228),(75,30090),(76,26377),(78,18317),(79,19042),(81,3110),(85,11350),(87,23907),(89,11023),(90,4686),(91,20128)]	83.835149
690	[(0,20110),(4,12483),(5,18176),(10,21317),(11,6455),(15,17402),(16,6232),(17,24961),(18,26648),(19,20402),(20,13336),(26,193),(33,2730),(34,7703),(35,10388),(39,10642),(41,4331),(43,19025),(44,28000),(47,22555),(49,8489),(50,28074),(51,747),(53,19500),(54,9655),(55,27614),(56,1126),(61,10481),(63,17025),(64,6001),(66,8327),(67,4637),(68,23694),(71,20422),(75,10333),(77,26592),(81,18666),(84,28793),(86,16131),(87,20867),(91,28187)]	86.734556
691	[(2,10540),(3,11288),(4,14269),(7,3758),(12,30139),(18,30525),(19,23124),(22,14462),(26,25244),(28,9990),(29,22210),(32,439),(33,27452),(34,27046),(39,20325),(40,6673),(41,6313),(42,11356),(44,27903),(45,191),(47,26791),(49,28054),(53,23713),(55,25762),(58,233),(59,5996),(61,8490),(64,6555),(68,24285),(69,29001),(71,17684),(74,1855),(75,5304),(77,15767),(80,22790),(84,11423),(89,12713),(90,9870)]	83.983876
692	[(0,28242),(4,22483),(6,11478),(7,29256),(11,26052),(13,523),(14,26938),(15,1798),(19,809),(21,30374),(23,5575),(24,19181),(25,12246),(28,7174),(30,26275),(34,2131),(35,23636),(36,13626),(37,117),(38,14713),(40,6795),(42,3858),(47,19749),(48,18171),(50,23713),(52,5824),(61,16901),(62,4871),(65,5638),(69,12719),(70,1660),(72,14129),(73,4670),(74,756),(75,14252),(78,29207),(82,15085),(86,20396),(87,5313),(90,11541),(91,28245),(92,15665)]	83.281204
693	[(0,7954),(4,22699),(6,28305),(8,9357),(9,26069),(10,23149),(11,22060),(14,11030),(17,6047),(18,21346),(21,15765),(22,14689),(23,3028),(27,7389),(29,21013),(33,2502),(34,20058),(35,3234),(39,12745),(40,28958),(48,12324),(49,5808),(51,9123),(52,6304),(56,28123),(58,1286),(59,18400),(61,14606),(63,15658),(65,25324),(70,19525),(71,19757),(74,21547),(75,4583),(78,14464),(79,14181),(84,6189),(85,24866),(86,1984),(88,27306),(89,4771),(90,2085)]	91.167513
694	[(2,30400),(3,28823),(4,3006),(8,15475),(10,12056),(11,13175),(15,26565),(17,24442),(18,22880),(19,1713),(21,332),(23,25054),(24,18439),(25,22538),(26,5336),(27,11870),(29,28448),(31,24302),(32,16194),(33,12189),(34,21165),(35,13535),(37,19040),(38,9606),(41,24273),(44,21270),(46,21155),(48,12242),(49,8673),(51,28051),(54,21194),(56,30400),(57,28823),(58,24901),(59,25223),(66,25497),(67,3020),(68,17288),(71,29846),(74,22169),(76,17036),(80,15730),(81,11019),(83,26896),(88,18597),(89,14402),(90,24057)]	93.284021
695	[(6,9742),(7,20890),(9,21765),(10,26409),(13,18484),(16,16881),(19,18514),(21,26890),(22,19190),(25,26309),(27,20995),(28,13691),(29,3811),(30,7649),(34,4622),(35,10864),(37,4423),(39,8786),(40,16429),(42,29821),(43,9856),(46,27247),(49,19397),(52,27822),(53,19658),(54,25855),(55,1664),(56,22834),(58,15799),(61,13532),(62,25714),(67,15612),(69,4873),(70,4065),(74,7336),(80,23986),(83,6482),(84,30085),(85,10423),(86,18615),(89,26504)]	111.518370
696	[(0,4976),(1,9556),(5,28130),(9,21020),(11,22043),(13,1193),(15,24425),(17,25627),(20,24078),(21,29501),(27,17401),(29,22431),(30,18294),(31,20373),(32,27383),(35,30184),(39,2691),(40,5869),(41,10331),(42,24743),(48,29326),(49,8244),(56,30193),(57,24017),(62,20378),(64,5013),(71,7891),(77,3539),(78,22596),(80,28782),(82,9927),(83,12315),(84,10004),(85,13824),(90,18953),(91,3187)]	85.191026
697	[(0,19557),(4,24900),(10,15634),(12,29907),(13,11165),(15,11614),(16,25080),(19,12625),(20,19722),(21,18670),(22,28785),(24,16527),(28,11165),(31,4966),(33,29390),(34,17292),(36,9408),(38,9692),(39,23578),(45,21445),(47,2712),(49,29049),(50,21780),(54,22854),(56,2342),(57,25159),(58,27298),(59,2704),(62,9964),(63,19462),(66,19601),(67,29569),(68,14041),(69,11842),(71,664),(72,26288),(76,15036),(78,6632),(82,23725),(85,11700),(87,26190),(89,20761),(91,6593),(92,21215)]	84.295567
698	[(0,28740),(1,9436),(3,28939),(5,6007),(6,14299),(8,12114),(9,5801),(14,29640),(15,14473),(16,7053),(17,10800),(18,26781),(19,2784),(20,23412),(21,13194),(24,15092),(25,269),(26,22182),(28,15638),(31,17830),(36,12346),(37,28576),(38,26115),(39,22905),(41,13056),(44,19359),(46,14283),(49,29197),(50,14732),(51,5406),(55,18102),(56,27757),(57,6954),(58,16235),(59,16672),(60,4769),(63,18242),(66,27648),(68,22827),(71,3711),(73,1922),(77,12248),(78,27807),(81,24611),(86,7945),(87,29236),(88,19985),(90,10311),(91,5341),(92,18292)]	83.271757
699	[(2,27739),(4,21459),(6,29075),(9,2040),(10,19539),(11,22727),(12,5870),(13,3477),(15,1609),(16,17231),(17,13301),(20,26732),(23,7334),(25,8620),(27,3702),(28,10954),(29,18979),(33,10091),(34,6717),(38,4651),(41,18335),(42,6531),(46,21412),(47,22635),(53,30309),(60,18705),(62,11708),(64,11439),(66,13264),(67,3453),(69,29325),(71,17128),(72,24927),(73,26972),(74,11134),(80,19896),(82,22778),(88,8617),(90,27775),(91,6160)]	97.189625
700	[(0,14974),(2,8638),(4,25813),(5,24486),(6,28159),(9,21737),(11,28676),(12,25252),(14,19764),(17,22287),(18,6214),(25,1696),(27,26624),(28,20990),(29,2798),(30,4504),(31,23656),(32,8893),(33,9458),(34,11109),(36,13044),(37,28243),(38,11878),(42,14134),(45,12969),(46,17912),(48,5440),(49,25609),(50,19540),(51,16793),(53,17412),(55,20606),(56,10271),(60,23377),(64,19347),(65,8605),(66,1818),(67,21397),(68,6290),(70,25409),(74,13753),(76,25378),(77,2538),(78,20335),(80,1907),(81,15942),(82,6992),(85,401),(87,25511),(89,30361),(90,17414),(91,393),(92,66)]	88.929620
701	[(0,20003),(3,8463),(6,3203),(7,18627),(9,2268),(10,1393),(12,21963),(13,16787),(16,12636),(19,15387),(20,7570),(22,13860),(23,23435),(24,26684),(26,10088),(27,28721),(32,8658),(33,23404),(34,2234),(36,21201),(37,7685),(38,13292),(39,11833),(43,14345),(50,13463),(51,16928),(52,11345),(53,26970),(54,6937),(55,9476),(57,1390),(61,3382),(62,21266),(64,22118),(65,25294),(66,2612),(67,7938),(70,6093),(71,28822),(72,18468),(73,527),(78,3259),(80,17191),(83,18021),(85,29752),(86,27789),(90,28140),(91,21233)]	93.633003
702	[(0,18191),(2,7489),(4,25874),(5,12534),(6,24002),(10,3229),(11,1283),(15,20515),(17,19694),(19,8240),(20,18249),(23,19570),(24,15504),(26,25348),(28,19758),(29,17415),(31,12191),(33,6293),(35,25570),(38,21225),(41,13499),(43,6945),(44,13036),(45,29150),(50,24253),(52,28126),(53,8881),(55,25121),(57,28578),(58,10541),(61,18434),(65,22639),(70,30137),(72,791),(74,22355),(75,5032),(76,23368),(77,3813),(79,23214),(83,20505),(87,5761),(88,9301),(90,917),(92,22157)]	112.707272
703	[(0,19504),(3,4072),(8,27413),(9,786),(10,4908),(14,20380),(15,12840),(17,19916),(20,25415),(24,7866),(30,29846),(32,5859),(34,10159),(35,18928),(37,29712),(39,13883),(44,10218),(45,17313),(46,7606),(47,16217),(52,18417),(53,25260),(54,18166),(55,27098),(56,27896),(57,20854),(59,15181),(68,15056),(69,19774),(70,29458),(74,18083),(80,13848),(81,2406),(82,28047),(85,13298),(86,11788),(89,25595),(90,20319)]	88.028086
704	[(0,9040),(2,12868),(8,7480),(10,7303),(18,30614),(20,26411),(21,27255),(24,15709),(25,8985),(26,17832),(28,2459),(31,27150),(33,30464),(34,1044),(40,10430),(41,11739),(43,13945),(46,5154),(47,8377),(52,28978),(53,27325),(58,5170),(60,6200),(61,6640),(63,22774),(67,22640),(68,27269),(69,22247),(74,19344),(75,20215),(76,22215),(79,23144),(82,21251),(83,23530),(84,19680),(85,24323),(86,16202),(87,144)]	86.890453
705	[(1,16123),(2,4632),(5,25929),(6,3896),(8,25003),(9,28128),(10,254),(11,3592),(12,21934),(14,15692),(15,1349),(16,20885),(17,4476),(18,8744),(20,28799),(21,14088),(25,7637),(29,9049),(30,28645),(33,21623),(37,13983),(39,9778),(45,21087),(50,25250),(52,2920),(54,11517),(55,30433),(56,21270),(59,28165),(60,27239),(63,16658),(64,21066),(66,3306),(67,7381),(68,29059),(69,665),(72,29429),(73,27426),(75,6794),(76,18550),(77,22629),(78,13801),(82,15070),(83,13935),(85,21352),(86,14315),(88,21165),(91,10605)]	151.491137
706	[(1,1201),(4,18304),(6,12121),(8,21455),(9,22458),(10,5626),(15,17990),(17,14543),(19,381),(20,10189),(21,27372),(22,10758),(23,17214),(25,533),(27,3581),(32,15442),(35,4333),(36,29465),(38,19123),(39,3666),(40,21419),(47,29843),(51,17823),(53,23908),(58,19071),(59,22753),(62,23232),(63,5720),(64,5926),(65,16255),(66,6164),(69,19241),(70,2482),(73,2010),(75,21964),(78,5322),(81,22719),(84,29660),(85,27393),(87,26451),(89,7174)]	186.695654
707	[(3,16323),(4,17403),(5,4290),(6,8602),(8,12295),(9,7275),(14,2628),(15,3305),(16,12943),(17,26924),(20,13538),(24,8439),(28,17808),(29,7320),(30,24811),(32,22224),(33,27102),(37,30447),(39,10432),(44,7490),(46,28379),(52,12715),(53,14214),(58,13354),(59,13448),(60,4088),(61,5410),(62,6714),(64,69),(65,16470),(67,13007),(68,27075),(70,27756),(71,14495),(72,9650),(73,25049),(75,6067),(76,14228),(79,24087),(80,1165),(82,17204),(83,3775),(84,5910),(85,8798),(87,4785),(88,893),(90,8541)]	184.727379
708	[(0,21991),(1,7048),(7,23361),(8,176),(9,8331),(12,6428),(14,3723),(15,16274),(17,25819),(18,21813),(20,28969),(25,14113),(26,15760),(27,13962),(28,8845),(32,17574),(33,13832),(34,27586),(35,1802),(37,28567),(42,22392),(43,18307),(48,30267),(49,24456),(56,21131),(59,24179),(63,15288),(65,14007),(67,6704),(69,4149),(70,7127),(71,7449),(80,7506),(82,21874),(84,10193),(89,812),(90,19009),(92,3052)]	186.614590
709	[(1,18442),(2,24661),(3,16507),(4,24635),(5,27118),(12,12134),(13,3783),(14,19781),(16,2004),(17,715),(19,12138),(20,7627),(24,29878),(25,19912),(28,20856),(31,700),(32,7724),(33,9437),(34,3665),(36,4983),(38,24217),(40,5747),(42,10144),(43,16755),(46,15113),(47,15710),(49,16265),(53,12631),(54,23149),(55,15952),(56,29601),(57,18683),(58,21024),(64,6753),(66,5952),(67,15359),(71,22258),(72,7353),(74,297),(76,298),(81,10368),(85,24966),(89,24076),(91,2966),(92,23950)]	179.890013
710	[(3,27062),(5,13550),(6,8014),(8,24533),(9,16994),(12,16425),(14,19914),(16,28385),(17,20424),(22,17551),(23,22621),(25,6188),(26,5177),(29,12718),(30,16457),(31,4462),(32,6444),(33,4500),(34,26241),(35,12077),(37,28572),(38,22629),(39,26693),(42,751),(43,28755),(44,26408),(47,14803),(49,14529),(50,13960),(51,3560),(55,23592),(60,28951),(64,28452),(66,19397),(70,17552),(71,12280),(74,9734),(75,21557),(77,17366),(81,15357),(84,13195),(85,29812),(91,486)]	178.081739
711	[(0,10496),(1,1815),(2,29524),(5,22550),(9,22456),(12,7358),(13,11458),(15,16054),(17,2491),(19,8046),(22,19501),(23,29327),(24,27173),(26,21660),(27,21080),(34,30138),(35,22998),(38,30481),(41,25468),(44,4318),(48,15341),(52,3880),(55,27669),(58,20562),(59,7995),(60,14),(65,18938),(67,8617),(69,16389),(70,29675),(71,6468),(78,26687),(79,2188),(81,11657),(84,6176),(86,18329),(87,19251),(90,30293),(91,19992)]	189.953424
712	[(0,496),(2,17341),(6,1372),(8,19455),(10,28727),(15,9112),(16,28373),(18,21837),(19,7452),(21,25276),(22,23864),(23,7300),(25,20454),(26,13711),(27,1495),(28,18424),(30,13396),(31,6217),(32,13632),(33,20488),(35,25421),(38,6248),(39,15002),(40,26959),(42,30132),(43,3151),(44,14392),(45,23838),(46,21565),(50,7246),(54,2304),(56,4255),(62,12265),(63,19019),(65,23270),(67,25772),(69,30172),(70,4010),(71,11667),(73,6025),(75,16380),(77,18966),(79,24875),(81,12626),(84,11163),(85,290),(87,12862),(90,11331),(92,2626)]	187.721360
713	[(0,22931),(2,18351),(4,30494),(6,9624),(7,16705),(12,26314),(13,18535),(14,12533),(17,29325),(18,14761),(21,16338),(22,5271),(24,24764),(25,28144),(26,13011),(27,23835),(28,26928),(29,14107),(30,23666),(31,14194),(33,8978),(34,9784),(35,27598),(36,14279),(37,17815),(46,29013),(48,11349),(49,18482),(50,23233),(51,8357),(54,10654),(55,12264),(57,1493),(59,30144),(64,5607),(65,10187),(70,30526),(73,18569),(76,15601),(79,19020),(81,21780),(82,2808),(83,22741),(87,14275),(88,29267),(90,9939),(91,5502)]	180.851758
714	[(4,11348),(12,20881),(13,2529),(17,14455),(18,4187),(19,7091),(25,18173),(27,4210),(28,18077),(29,24527),(31,7702),(33,20940),(35,12849),(38,27091),(42,8070),(47,16630),(52,16117),(56,12875),(57,24956),(58,386),(59,7655),(60,12236),(61,560),(69,20242),(71,14480),(73,15664),(80,8423),(82,9556),(85,7772),(86,29979),(88,28190),(89,10109),(91,1588)]	183.929512
715	[(0,17141),(1,1670),(4,26060),(6,26550),(7,8666),(13,18426),(16,27643),(17,12977),(20,3902),(25,14536),(27,19990),(30,7418),(31,18578),(32,21567),(37,8770),(38,26734),(39,11719),(40,15618),(41,5402),(42,2955),(44,23010),(47,22205),(51,29481),(54,24188),(59,29948),(62,10925),(63,14214),(65,10636),(66,23998),(69,20824),(72,19972),(73,7846),(74,137),(75,28360),(80,8279),(83,5067),(84,7553),(85,7046),(86,10536),(88,4597),(90,10849),(92,23692)]	178.001393
716	[(1,1394),(2,18258),(3,12973),(4,20838),(5,18517),(6,11988),(7,3009),(9,28764),(11,8695),(13,11889),(14,4942),(18,14395),(21,7214),(24,24640),(26,28479),(29,14961),(30,14607),(33,27209),(37,12534),(38,24002),(40,27349),(42,26723),(46,20485),(47,29011),(49,3846),(52,16854),(57,5997),(58,281),(60,23848),(63,16330),(65,14085),(70,4730),(76,8740),(84,25194),(85,9783),(86,9106),(89,3909),(90,10166)]	172.691831
717	[(0,29327),(1,27173),(6,10642),(7,14390),(9,12779),(11,30419),(13,1406),(16,18238),(17,2517),(22,9022),(28,28811),(30,23585),(36,22198),(37,16693),(38,26559),(39,30180),(41,17001),(45,10895),(46,21740),(47,14521),(51,7999),(53,9146),(55,2795),(58,4566),(59,3541),(61,20972),(66,17841),(67,14043),(68,9291),(69,17365),(70,1823),(71,14648),(72,23853),(74,28241),(76,22300),(77,3020),(78,13868),(80,28298),(81,28947),(82,29532),(85,24894),(86,1639),(88,4021),(89,3872)]	186.783867
718	[(1,29511),(3,12129),(4,4321),(6,30057),(7,29817),(8,30171),(9,23274),(11,24313),(15,7181),(16,2053),(17,6447),(19,30618),(25,3869),(27,29844),(29,5865),(30,15189),(34,28810),(35,21457),(37,13002),(39,28166),(41,11621),(45,904),(46,13620),(47,22969),(49,20082),(51,20416),(52,17880),(53,10356),(54,1214),(59,13969),(60,9008),(63,988),(64,17377),(65,8644),(68,1672),(71,2372),(73,25876),(75,203),(76,29032),(78,8220),(79,3117),(83,15942),(88,21453),(90,30155),(92,17054)]	195.712042
719	[(0,26027),(5,5198),(9,25326),(10,12184),(13,5349),(16,17195),(17,10904),(19,10885),(21,3875),(22,6959),(24,26000),(29,9864),(30,20740),(35,10212),(36,26729),(37,17388),(39,12297),(47,29242),(48,14776),(49,4304),(54,26183),(56,19116),(60,25455),(61,25175),(63,18186),(64,25634),(65,29603),(68,17200),(75,15557),(76,27496),(80,9792),(81,10600),(82,18747),(83,14764),(85,27743),(87,4080),(88,14004),(92,1834)]	183.717634
720	[(2,26247),(3,4764),(6,28606),(8,465),(13,28470),(14,868),(21,11731),(23,20393),(24,30446),(27,28211),(31,3365),(33,17413),(35,17721),(36,29247),(37,13045),(38,6698),(39,27728),(40,1889),(42,8094),(46,9719),(49,13262),(51,2448),(54,19376),(55,10947),(56,11092),(57,387),(59,12707),(60,15913),(61,2288),(63,776),(65,2190),(67,3162),(68,22846),(69,4529),(72,23158),(73,20749),(76,1830),(79,10481),(81,10934),(84,11467),(85,10343),(86,2520),(90,5411),(91,21711),(92,13380)]	182.284847
721	[(1,30091),(6,12920),(8,21193),(9,24828),(10,16728),(12,19295),(15,25147),(16,14500),(17,15196),(18,18119),(23,26059),(25,24532),(27,8077),(29,3689),(31,12055),(32,7501),(33,9512),(38,29379),(39,18747),(43,27958),(44,4348),(48,27421),(54,1527),(55,19220),(60,10800),(65,23182),(67,15726),(69,19994),(70,15023),(71,21931),(73,21320),(74,13385),(79,7516),(81,18328),(84,4548),(85,22509),(86,29370),(87,10664),(89,18954),(90,15297),(91,28802),(92,2578)]	192.560470
722	[(0,2621),(1,9525),(4,30071),(7,27227),(8,3871),(15,2320),(16,25378),(17,4585),(20,10946),(23,8076),(24,28070),(26,18323),(28,17303),(30,13659),(33,28097),(34,23559),(36,10892),(39,12800),(40,38),(41,24392),(44,17054),(45,1980),(48,5082),(53,10302),(54,21708),(56,1760),(58,12542),(59,16456),(61,14689),(62,3028),(63,21484),(64,7611),(65,29035),(66,15143),(67,16079),(69,25647),(73,29748),(74,29538),(75,20320),(76,30146),(78,14257),(79,8256),(83,22907),(85,29506),(86,2520)]	183.959846
723	[(1,23862),(7,20271),(8,16787),(13,811),(18,19121),(19,19823),(23,19153),(25,6078),(26,14222),(28,27774),(32,10715),(33,29938),(34,21661),(35,2318),(38,6197),(40,13983),(41,3421),(42,20066),(46,17159),(51,25455),(52,25175),(58,24810),(59,2896),(62,14926),(63,6488),(66,252),(68,16771),(69,27283),(70,26668),(71,3076),(72,23079),(73,30131),(79,9889),(80,19352),(81,23197),(83,6129),(85,12049),(87,20638),(89,16893),(91,1682),(92,8462)]	205.745025
724	[(0,11008),(1,9636),(2,19960),(3,17986),(7,18951),(11,23470),(13,27892),(15,20462),(18,8886),(19,2010),(21,21964),(23,28094),(26,22036),(28,30437),(30,3856),(33,12694),(40,11135),(41,27734),(45,16088),(46,7532),(47,26711),(48,20672),(49,19038),(50,16678),(51,1493),(52,21627),(54,26383),(56,5126),(59,28705),(63,14462),(64,3464),(66,24759),(69,28975),(74,29651),(79,23145),(81,13159),(84,4967),(87,25147),(89,24161),(90,2177)]	202.884236
725	[(5,7109),(7,23361),(8,24606),(9,2825),(11,24805),(13,11786),(14,5389),(15,14390),(17,12779),(23,28435),(25,14650),(26,15360),(28,10085),(29,7135),(35,19880),(40,2511),(41,18282),(42,14176),(46,13840),(47,15010),(48,11891),(49,15774),(52,18971),(56,15818),(58,19785),(62,14437),(63,26399),(64,1328),(69,13127),(70,3345),(71,16258),(75,24522),(76,29241),(78,30518),(81,27524),(82,9938),(85,16644),(88,1360),(89,27174),(90,12156),(92,4838)]	92.533709
726	[(4,23926),(6,27148),(10,15543),(15,5929),(17,25633),(18,6179),(19,11655),(20,24109),(24,24571),(27,13036),(28,22480),(32,16039),(33,29834),(34,880),(36,1515),(39,11261),(42,10295),(45,28641),(48,8963),(51,9376),(56,16221),(59,14103),(61,18200),(63,18152),(64,17830),(66,7963),(68,18110),(70,29500),(72,13596),(74,3649),(75,29516),(78,2363),(80,23298),(81,23731),(82,10158),(87,2746),(89,12787),(90,6842),(92,19192)]	87.304873
727	[(0,18636),(1,12602),(2,29643),(6,20237),(10,4770),(11,1417),(14,25908),(17,23283),(20,22642),(24,11999),(26,1406),(28,30532),(29,5108),(32,4203),(33,6475),(37,10898),(41,7281),(42,28408),(45,19011),(47,29399),(49,8679),(51,9879),(53,7658),(57,17168),(58,14344),(64,19621),(66,2825),(73,12588),(75,21623),(77,4658),(80,25998),(83,15510),(84,9919),(85,30273),(86,26809),(89,6591),(91,22512)]	99.681471
728	[(0,8452),(1,17390),(2,10121),(4,23296),(8,8300),(10,27393),(14,9550),(15,12199),(19,18211),(23,21720),(24,5877),(25,30049),(26,22134),(30,7960),(31,7979),(34,6631),(35,25645),(37,27583),(40,13141),(41,4184),(43,4326),(45,7249),(46,22495),(49,13744),(51,9862),(53,27314),(61,22612),(62,5558),(64,2257),(67,27888),(69,9962),(71,21461),(73,5592),(74,17054),(75,29980),(82,252),(84,11674),(86,6992),(92,27087)]	90.773854
729	[(1,15559),(4,5169),(6,28683),(7,9021),(11,24076),(13,5473),(14,20481),(16,1346),(18,4650),(21,7838),(22,10429),(23,28762),(29,23749),(31,16232),(35,3344),(38,20906),(39,24320),(40,22488),(41,12341),(47,73),(49,10164),(50,28633),(57,9827),(59,28052),(63,20916),(64,20769),(70,353),(73,18252),(74,19924),(75,813),(79,21439),(81,6209),(86,15574),(92,2257)]	88.785277
730	[(0,12824),(3,22711),(4,4294),(5,28067),(6,6354),(7,13682),(8,23112),(10,7631),(11,7554),(14,17589),(20,30400),(22,4551),(27,28130),(30,19767),(31,25797),(33,9508),(34,19845),(36,18129),(39,17731),(41,18310),(42,20587),(43,22245),(44,10072),(45,23285),(46,805),(47,9791),(48,430),(49,17674),(50,8672),(51,7052),(54,9835),(55,25130),(56,8796),(58,18639),(59,23190),(61,26104),(62,19231),(67,13215),(68,16933),(69,19702),(71,2624),(72,24749),(73,20762),(76,9376),(79,6740),(80,14843),(83,20913),(84,22427),(87,4873),(90,7448),(91,9666),(92,29640)]	83.377301
731	[(0,17270),(2,7660),(9,14891),(13,28588),(16,13674),(18,22877),(22,8726),(23,16339),(26,13156),(28,10617),(31,21724),(33,14964),(34,27867),(36,4522),(43,4075),(44,15440),(45,17766),(46,4522),(47,26266),(53,15121),(54,27622),(56,6640),(58,23921),(60,16221),(62,2533),(64,24490),(65,16122),(67,3707),(86,21569),(87,11874),(88,6506),(91,4325)]	87.417465
732	[(2,17395),(6,12176),(7,27923),(8,6121),(15,6667),(16,13190),(19,29037),(20,24339),(24,21294),(25,2444),(26,10753),(31,13462),(32,4568),(33,4153),(34,16861),(35,15753),(36,25379),(40,15905),(42,5300),(46,510),(47,3563),(50,20454),(51,13711),(52,1495),(56,3662),(58,9817),(59,4323),(62,8494),(64,27184),(65,19571),(66,21543),(68,18906),(69,17788),(72,16742),(73,30238),(77,17759),(78,1741),(81,13744),(84,2478),(85,1232),(88,25577),(91,1272)]	89.286735
733	[(3,17856),(4,14811),(6,23134),(7,28806),(8,15327),(12,16510),(16,19479),(17,23648),(21,21375),(22,29252),(23,10040),(27,7802),(28,13602),(32,17780),(33,760),(34,23630),(35,10260),(37,6829),(41,16021),(42,11424),(43,9587),(44,23365),(45,22809),(48,15512),(49,726),(50,1366),(52,23823),(54,5444),(56,3684),(58,15447),(59,2732),(60,19660),(61,20079),(65,18837),(66,1356),(68,6357),(69,15860),(73,16771),(74,740),(81,4294),(82,28067),(83,16743),(87,14866),(88,16488),(91,26066)]	121.975712
734	[(2,17040),(3,25699),(6,5128),(7,16331),(8,22363),(11,7688),(13,2416),(14,19867),(16,23708),(17,11938),(19,20019),(20,10700),(21,25688),(22,933),(23,24981),(24,21260),(25,20302),(28,15379),(31,14044),(32,14733),(37,25191),(43,15389),(44,26131),(46,30524),(47,7983),(53,3104),(54,14060),(57,23254),(59,9874),(68,27969),(71,3738),(72,26046),(73,27315),(75,12667),(77,2039),(79,6664),(80,7452),(82,13385),(83,6546),(84,29520),(85,7333),(86,14226),(87,1205),(88,5225),(90,27357),(91,12091),(92,7971)]	88.341530
735	[(0,22284),(3,7585),(4,7220),(5,26556),(7,882),(11,25932),(14,20787),(15,11503),(18,1836),(24,168),(25,9232),(29,18474),(31,8366),(34,29081),(35,26642),(41,22024),(43,19799),(45,26227),(46,21023),(48,479),(52,28516),(53,11119),(62,5461),(64,12955),(68,17175),(69,22121),(71,17239),(73,24893),(75,30610),(77,30262),(79,30045),(80,12993),(81,14791),(82,2694),(84,19251)]	88.461502
736	[(4,14625),(5,24642),(6,3206),(8,11457),(9,13964),(11,19490),(12,11700),(13,8179),(14,23918),(16,11738),(17,17355),(19,9444),(21,26947),(24,11455),(33,26272),(35,12167),(36,28157),(37,16697),(38,10123),(39,24789),(41,24894),(44,18932),(45,4718),(47,16671),(48,18141),(49,4730),(58,6316),(62,30403),(63,13911),(64,19206),(66,30373),(67,1254),(68,15185),(70,25048),(72,22686),(74,395),(75,29931),(77,12235),(80,13925),(81,26859),(83,11078),(87,6213),(88,24062),(90,11348),(91,8039)]	84.945837
737	[(2,1804),(3,6173),(4,28900),(6,28647),(10,24267),(12,6009),(13,22501),(14,2434),(15,11963),(19,1280),(20,19825),(21,2105),(24,16821),(25,23826),(26,7141),(27,2840),(28,7232),(29,3459),(30,11052),(32,29),(39,23915),(41,30434),(45,22279),(46,23142),(47,7502),(48,1060),(50,15034),(51,11730),(52,17249),(54,24556),(55,16706),(58,22870),(60,9080),(61,30054),(62,14383),(66,1585),(67,13610),(68,25570),(70,30086),(73,21758),(74,1928),(75,3642),(78,27431),(80,22438),(83,28428),(84,15901),(86,8136),(87,23083),(88,14058),(89,21485),(91,16835)]	85.906684
738	[(0,28647),(3,20733),(4,26913),(5,10145),(6,10749),(7,2008),(9,11761),(12,9495),(13,27685),(15,28572),(16,21500),(18,4230),(19,30222),(20,11527),(21,29852),(22,1055),(27,6415),(29,25531),(32,6269),(33,16944),(35,13241),(38,13638),(42,10605),(52,6260),(56,17323),(57,3638),(58,18102),(59,21391),(62,9139),(65,14792),(68,9797),(71,14959),(74,17915),(75,15532),(77,13028),(78,14003),(79,4166),(80,16150),(81,20914),(84,15458),(86,22649),(87,7358),(89,18019),(91,27060),(92,4489)]	87.354153
739	[(1,161),(3,17443),(7,16319),(11,28110),(12,8294),(13,10707),(15,25473),(17,10715),(18,14545),(21,2194),(24,19974),(26,11853),(28,3579),(29,25997),(31,22814),(33,27786),(34,3182),(36,3130),(40,15383),(41,18194),(46,13423),(47,11291),(49,17000),(50,24256),(52,7095),(53,5561),(55,4148),(56,4852),(57,20931),(64,23457),(65,13536),(66,27681),(70,22528),(71,8195),(72,26839),(74,7000),(75,10837),(76,21704),(78,21141),(79,7949),(84,23631),(85,1675),(87,11648),(89,28685),(91,13934)]	86.031352
740	[(0,27189),(1,5268),(3,21310),(4,27490),(8,16395),(10,17930),(12,27256),(13,3125),(14,23613),(20,14901),(21,16276),(22,4179),(26,26655),(27,27332),(29,865),(34,4927),(35,16188),(37,6389),(38,9931),(39,10000),(41,17070),(48,11400),(50,22798),(51,11929),(53,19801),(54,9434),(55,26072),(57,5478),(59,26852),(60,2652),(61,14653),(63,29606),(64,5848),(66,19304),(71,9575),(72,7969),(73,22091),(80,10490),(85,1284),(88,21061),(89,19760),(91,7465),(92,30461)]	90.916414
741	[(0,11802),(1,29265),(3,20175),(4,11991),(10,12869),(13,24494),(14,3092),(15,25839),(17,1724),(19,25927),(21,11465),(25,29946),(27,15712),(29,16447),(30,28663),(33,11989),(34,16336),(35,28416),(36,14245),(37,7714),(42,25879),(44,11028),(47,4284),(54,19061),(56,2483),(58,30076),(60,12895),(61,2411),(64,19465),(66,9260),(67,14334),(68,7171),(69,3772),(71,26332),(72,2416),(74,1798),(76,28018),(77,9159),(78,2600),(83,15191),(84,13513),(85,12619),(86,26591),(87,9435),(89,10960)]	85.987735
742	[(0,15310),(3,8756),(5,15980),(7,27032),(8,4102),(9,30454),(12,23744),(13,18813),(14,27232),(16,16805),(18,6847),(19,12498),(22,15034),(23,10427),(25,3539),(28,4375),(29,4217),(30,8027),(32,1704),(37,26691),(38,7823),(40,20585),(49,29552),(50,10894),(51,14704),(52,26535),(54,7854),(56,23440),(57,7932),(58,5172),(60,10255),(71,14687),(73,23766),(74,18417),(75,3785),(78,222),(82,30564),(84,2107),(87,11128),(89,8944),(92,15274)]	86.898750
743	[(1,1418),(4,28428),(6,7260),(9,21288),(10,29544),(12,7220),(15,6268),(16,4668),(20,17079),(27,3457),(29,18115),(31,7234),(33,9722),(34,26639),(36,3712),(38,29130),(42,8551),(43,30342),(47,21221),(48,27028),(49,1361),(51,18646),(53,18288),(54,24547),(55,23827),(56,29308),(57,14612),(58,18558),(59,19988),(60,2011),(64,7711),(67,15021),(69,14274),(70,22634),(71,16092),(73,10783),(74,13198),(82,23476),(84,24814),(85,7528),(89,17979),(90,23698),(92,27655)]	85.340192
744	[(1,24922),(3,25261),(4,1269),(5,20462),(11,27054),(12,12913),(13,3044),(14,17693),(16,9325),(19,9779),(21,10734),(23,14373),(24,12102),(25,6242),(30,13512),(33,6656),(35,29948),(37,7035),(40,28284),(41,10716),(42,28275),(43,7765),(44,9761),(46,19164),(47,4472),(50,19271),(51,8012),(52,10856),(54,6580),(57,18763),(59,27185),(60,3382),(62,13262),(73,23027),(75,4389),(76,15670),(80,22316),(86,10899),(87,20101),(88,18153),(90,8433)]	93.610453
745	[(0,23513),(1,22263),(2,30532),(3,5108),(4,16730),(5,9129),(7,7760),(9,7563),(12,10216),(13,1399),(19,21603),(20,19280),(21,11317),(22,3598),(23,11682),(25,26643),(27,9456),(28,15916),(30,28952),(32,28721),(35,18548),(37,24130),(39,12720),(40,8021),(41,16163),(43,15213),(44,29426),(45,973),(48,17878),(50,880),(55,29632),(57,21365),(58,3505),(60,23336),(61,11388),(62,1326),(63,19183),(65,2906),(66,30410),(67,26686),(68,15674),(69,22134),(73,22913),(74,4145),(75,11183),(76,5315),(78,10405),(85,7118),(86,15210),(87,7408),(91,21406)]	108.681406
746	[(0,17936),(1,2047),(2,11544),(5,11694),(6,6589),(8,21624),(11,11539),(12,10704),(16,17364),(17,9459),(18,21866),(21,19061),(24,29829),(27,29206),(29,858),(30,8767),(31,7667),(35,19859),(39,29568),(43,14848),(45,25314),(46,17516),(50,23386),(51,17713),(52,13265),(57,968),(59,22006),(60,8650),(61,10044),(63,9365),(66,7391),(67,7018),(68,25135),(69,7313),(73,26000),(74,4999),(75,14711),(77,10144),(78,16755),(80,14649),(81,5595),(83,27609),(84,26002),(86,22951),(87,27896),(88,20854),(89,6629),(92,12958)]	85.106643
747	[(2,20352),(6,6172),(10,19985),(14,27048),(15,9703),(17,18373),(21,5288),(23,27585),(24,21164),(25,19265),(27,29321),(32,21352),(35,11444),(36,30546),(39,223),(40,26686),(41,26483),(43,23186),(45,11876),(49,5358),(52,29860),(53,29988),(54,7812),(55,27575),(56,28975),(61,3341),(64,24327),(65,20659),(66,328),(71,14254),(73,988),(74,17377),(76,6397),(77,3467),(78,5073),(80,9108),(83,26983),(84,2537),(88,29628),(90,6944),(92,20759)]	91.522256
748	[(0,28486),(2,6837),(4,18214),(6,17876),(7,1758),(8,29303),(9,12040),(15,6397),(17,21420),(19,26568),(20,13353),(21,16482),(23,7021),(26,24225),(28,15750),(29,28438),(31,19392),(32,30415),(37,25936),(39,30015),(44,13442),(46,23941),(48,5675),(49,16358),(52,6325),(54,17700),(55,27312),(57,13569),(61,1036),(63,5178),(64,28625),(65,3902),(67,26394),(68,8753),(70,1058),(73,27126),(76,25670),(77,25655),(78,5657),(82,5118),(87,4356),(90,10413),(92,25974)]	87.053238
749	[(0,6173),(1,28900),(2,5040),(5,12825),(6,8239),(10,16225),(11,21505),(12,27701),(13,28978),(14,27325),(18,30559),(20,28481),(27,15956),(28,20549),(30,9096),(32,16339),(33,10780),(34,28048),(37,21996),(38,25957),(39,21829),(41,10268),(42,12560),(44,1145),(46,25960),(52,3261),(53,8086),(54,8379),(55,25482),(56,17644),(61,10747),(62,20482),(66,18418),(67,6378),(68,6585),(69,23434),(70,828),(72,20027),(73,994),(77,8359),(78,24186),(81,25183),(83,26515),(84,3506),(86,25270),(89,21959),(90,13637),(92,21876)]	87.231670
750	[(0,970),(1,1602),(6,9701),(7,30610),(8,28098),(10,12223),(11,6790),(14,6022),(17,21158),(19,19143),(20,26134),(21,21730),(22,19323),(24,19913),(26,16538),(30,26244),(31,24872),(34,7399),(38,9463),(39,25446),(40,27880),(43,6897),(44,16154),(46,5232),(48,28557),(53,24207),(54,27102),(57,6504),(63,6901),(64,18770),(66,20591),(67,7697),(68,2706),(71,30326),(72,23538),(74,6130),(77,25072),(79,19479),(80,23648),(82,3003),(83,15109),(88,10585),(89,12710)]	88.149375
751	[(1,7594),(2,25382),(3,26900),(4,10019),(5,26152),(6,11533),(8,14467),(9,23399),(10,966),(12,16554),(14,6728),(16,14949),(20,21526),(21,3760),(24,27599),(25,26798),(26,25233),(28,26151),(30,1178),(31,3736),(34,18743),(38,21495),(41,16077),(46,10945),(47,6862),(49,25689),(51,25878),(52,692),(53,1220),(54,22123),(57,13962),(58,12166),(60,29504),(61,15430),(62,22729),(63,29207),(64,28327),(66,20574),(69,2230),(70,6696),(73,18399),(75,17788),(79,11741),(80,17603),(81,24870),(85,13291),(86,13943),(87,3126),(89,1985),(91,29371)]	86.079546
752	[(0,22429),(2,12574),(3,19532),(5,14266),(6,13885),(7,24469),(8,9226),(9,26189),(10,6414),(11,12693),(17,13864),(22,14100),(26,19055),(28,5840),(30,3323),(34,4556),(35,17541),(36,1625),(37,9514),(42,19237),(43,19363),(44,26973),(46,8056),(47,27914),(49,15033),(52,10327),(53,3684),(54,13566),(57,20411),(59,5118),(60,9565),(61,22320),(70,1427),(71,10533),(74,28325),(75,28078),(76,9937),(78,10385),(79,22401),(81,30090),(82,20618),(83,18777),(84,9380),(88,13463),(89,4887)]	84.378828
753	[(5,11731),(7,21463),(11,25394),(16,17619),(18,3804),(19,18706),(20,17979),(24,8222),(26,21674),(27,15330),(28,12139),(29,11856),(30,29784),(34,14861),(42,24747),(43,7678),(49,16495),(50,7953),(52,15663),(56,27587),(58,13237),(59,18715),(61,28761),(62,17115),(63,19092),(64,14004),(65,18446),(67,8118),(68,27237),(70,27627),(73,26178),(76,21981),(78,8864),(81,26470),(82,29247),(83,15654),(84,12430),(85,12891),(86,15224),(89,10629),(90,1614),(91,2433)]	83.962096
754	[(0,4444),(4,1688),(5,10332),(7,7869),(8,2190),(9,573),(15,11987),(16,22425),(17,8261),(22,30575),(26,21327),(27,27106),(29,2746),(31,9892),(33,24864),(37,15613),(40,2990),(44,5989),(46,24955),(47,3786),(48,5845),(49,28316),(50,16125),(54,18903),(55,21826),(56,12433),(57,17536),(58,26691),(59,7823),(61,21149),(65,19235),(67,16016),(69,10095),(72,12276),(75,14802),(78,1554),(79,17041),(81,5366),(89,16896)]	86.228205
755	[(3,28310),(5,20285),(7,19014),(12,711),(15,6001),(16,18912),(17,27275),(18,11572),(19,20091),(21,1906),(23,7736),(24,24276),(27,6005),(28,14495),(29,27811),(32,29836),(34,8078),(35,20702),(37,17363),(39,22925),(40,5933),(42,25921),(43,29724),(44,16494),(45,17566),(46,16740),(48,6881),(49,13206),(51,23006),(52,7217),(55,1915),(56,20311),(57,25150),(58,14528),(59,10606),(60,9187),(61,4408),(65,7573),(67,4823),(70,28726),(71,5316),(72,20804),(79,24410),(86,16268),(87,25905),(89,7218),(90,2615),(92,23940)]	96.304342
756	[(0,27239),(3,1675),(5,11648),(8,8691),(9,12886),(10,730),(12,8213),(13,30160),(14,15381),(17,27011),(19,15632),(22,19384),(24,29533),(26,29265),(27,18887),(31,6322),(32,23931),(33,28307),(34,1338),(36,11014),(40,17120),(42,17663),(44,9415),(45,23472),(46,24483),(56,22362),(59,12708),(60,26898),(61,27833),(70,6051),(72,10413),(73,8102),(74,6419),(75,1036),(79,19399),(83,21535),(84,11926),(87,18999),(89,5049),(90,2862),(91,5408),(92,1983)]	111.926201
757	[(1,9153),(3,2052),(6,1142),(8,1408),(9,20314),(10,12929),(11,4263),(13,13051),(16,1859),(17,28995),(18,14114),(21,14501),(22,27323),(23,14437),(25,4357),(27,1844),(28,24231),(29,5253),(32,16736),(34,20010),(37,28153),(39,11897),(40,11851),(41,24396),(46,2896),(50,29185),(51,18478),(54,5692),(55,24839),(57,9773),(58,640),(61,22223),(65,2899),(70,6958),(72,22287),(78,29277),(79,9521),(80,8545),(81,26664),(82,28102),(83,977),(85,13234),(87,12634),(88,926)]	85.546837
758	[(5,23793),(6,6341),(7,3902),(8,21491),(10,27095),(13,141),(15,26038),(18,16709),(19,6405),(26,21994),(29,425),(31,18824),(33,2686),(34,23170),(37,12405),(41,29414),(43,3964),(47,485),(49,26156),(52,23984),(53,14827),(55,19592),(57,394),(59,18590),(60,8782),(61,10171),(62,18706),(64,27051),(68,19747),(70,189),(71,29811),(72,9316),(74,17111),(75,7147),(76,2397),(77,17499),(79,8698),(80,5891),(82,28528),(84,24413),(86,186),(89,5428)]	87.529522
759	[(0,27269),(1,22247),(2,11616),(3,3154),(4,1896),(5,26256),(6,9830),(8,478),(11,22328),(17,4973),(19,10631),(20,30609),(22,16071),(23,17157),(24,11501),(25,26891),(26,29605),(27,14124),(28,9992),(29,13372),(30,13943),(34,18240),(37,27630),(39,27158),(40,28021),(42,3512),(44,3827),(47,342),(48,21854),(51,27928),(56,25175),(58,29089),(59,17345),(63,7354),(64,13524),(67,7462),(70,26570),(71,27442),(75,29992),(77,18330),(79,7759),(80,26716),(81,28666),(82,26123),(85,13429),(86,19158),(87,12788),(88,26317)]	83.727431
760	[(0,533),(2,21106),(3,16247),(4,12775),(6,27609),(7,7268),(8,7828),(11,12143),(12,26332),(13,22226),(15,15960),(17,1309),(19,5384),(21,29924),(23,11920),(24,11699),(25,29494),(26,9499),(29,25356),(36,12179),(37,6066),(39,30403),(40,28637),(46,13012),(48,27325),(49,17427),(51,28051),(52,25158),(53,10337),(54,14550),(57,17504),(58,14345),(62,28256),(64,13001),(70,18361),(77,2312),(79,14136),(85,10869),(88,19758),(91,15979),(92,27672)]	85.803294
761	[(3,4020),(6,26967),(11,29299),(14,17876),(16,7953),(18,16393),(19,7206),(20,9532),(24,21017),(25,12062),(27,3644),(30,6430),(31,22620),(33,26001),(34,15648),(35,16961),(38,21319),(41,14600),(42,215),(46,6245),(47,30313),(48,10743),(49,10124),(52,12209),(53,19613),(54,20406),(58,18750),(59,5895),(61,6205),(63,8702),(64,15542),(65,18552),(67,10383),(69,9048),(72,20036),(73,5868),(77,19514),(79,25443),(80,17166),(82,24083),(83,2014),(84,9504),(85,1001),(92,1405)]	84.121597
762	[(0,3691),(1,21354),(5,25638),(6,13485),(8,5672),(12,16917),(13,8282),(21,22294),(23,6648),(26,22999),(28,23001),(32,5288),(39,23559),(41,10892),(42,14688),(43,20018),(44,4565),(47,9715),(49,10502),(53,10931),(57,24668),(59,4199),(60,14987),(64,19376),(65,10947),(67,10289),(71,5836),(75,24650),(78,8040),(82,28451),(84,13332),(86,30167),(91,23939),(92,8744)]	83.426938
763	[(2,30328),(7,28869),(9,7321),(11,5963),(12,20938),(14,5227),(15,1841),(16,8714),(18,26523),(22,26271),(24,23252),(26,5894),(27,23771),(28,5285),(35,4243),(36,26679),(38,23691),(39,10252),(41,4908),(44,24658),(45,9752),(47,29986),(51,17852),(56,1834),(59,12464),(65,13531),(69,21986),(72,4480),(73,1496),(74,30615),(75,14662),(76,680),(77,19128),(78,14657),(82,18609),(83,28968),(86,25220),(87,10375),(88,12010),(89,382),(90,20002)]	82.804850
764	[(1,14647),(2,18481),(5,4627),(6,30524),(9,13404),(11,18158),(14,3038),(16,6744),(18,19407),(19,5568),(22,27057),(26,2143),(27,190),(28,26933),(29,28270),(31,18474),(32,14299),(33,18929),(34,28197),(35,30087),(37,4001),(40,20945),(41,7660),(42,17367),(45,23377),(49,25928),(51,5416),(52,20373),(53,2673),(54,10396),(57,28587),(58,29374),(59,18702),(61,5622),(62,10466),(66,29726),(68,30120),(69,12985),(72,23979),(73,18130),(74,17866),(75,11270),(83,27994),(85,17355),(87,5428),(88,14992),(90,1394),(91,23741),(92,2120)]	82.644746
765	[(3,21402),(4,23937),(6,6195),(8,23061),(9,14349),(10,20458),(13,18827),(14,12809),(16,7945),(19,25224),(25,26776),(26,29083),(27,6361),(30,16684),(32,19540),(33,25057),(34,7656),(39,5778),(43,9683),(46,10636),(47,21471),(48,28659),(50,18840),(51,3107),(53,12588),(56,24650),(58,24004),(60,19468),(62,19075),(64,15134),(65,11475),(69,24791),(75,21168),(79,14206),(85,13526),(88,9604),(89,19968),(90,10069)]	87.715346
766	[(0,2956),(4,18038),(6,2084),(7,4636),(8,8847),(10,18803),(11,19296),(12,18290),(13,6468),(14,10122),(15,13670),(16,9048),(18,18806),(24,16570),(25,1623),(27,22654),(29,11254),(30,9353),(31,26793),(32,11231),(37,23181),(38,10287),(39,1573),(44,1361),(45,16144),(47,26421),(48,11182),(50,19397),(56,29000),(58,28356),(59,7926),(60,30244),(62,4883),(63,17369),(64,29389),(66,9289),(69,10384),(72,17532),(74,20032),(75,5324),(76,21172),(77,11487),(78,3688),(79,26049),(84,12230),(89,2753)]	90.887384
767	[(0,6432),(3,13709),(5,102),(7,1895),(8,13216),(9,16167),(13,22604),(14,18040),(15,1628),(19,5077),(25,4165),(31,4362),(32,15441),(33,24169),(35,26257),(38,4920),(39,5440),(40,14787),(41,18920),(43,27777),(48,24833),(51,13360),(52,7227),(53,1584),(54,25820),(55,19176),(56,21091),(58,22387),(59,24085),(60,30477),(65,22109),(66,29979),(68,17067),(69,21216),(71,18359),(72,15417),(74,15353),(75,23474),(76,7066),(77,20152),(80,20331),(82,13726),(84,5600),(85,27564),(88,16249),(89,6556),(90,20040)]	91.986243
768	[(0,28991),(4,10906),(9,14432),(10,14853),(11,16110),(12,14144),(22,26962),(23,2541),(26,11095),(30,29307),(32,2228),(33,26815),(34,28335),(36,21861),(37,27884),(38,7727),(39,21811),(40,20946),(43,26162),(44,104),(48,20406),(49,27401),(52,22776),(53,13568),(54,17641),(58,6600),(59,13378),(60,4859),(63,14570),(64,16315),(65,15135),(66,20097),(67,10254),(72,2828),(74,669),(75,649),(76,25173),(77,9683),(78,3667),(80,21790),(81,24242),(83,24063),(85,23619),(86,7889),(87,7112),(91,25064)]	104.437846
769	[(1,23680),(3,19236),(4,6205),(7,979),(8,20277),(12,22497),(14,16005),(16,27366),(20,22533),(21,28561),(24,28461),(25,21605),(26,23241),(29,19323),(30,10631),(36,4156),(39,12154),(42,25136),(43,4799),(44,4137),(49,8023),(50,13850),(51,13467),(52,26784),(53,1233),(54,11941),(55,13521),(57,27679),(58,8029),(59,8746),(61,29435),(62,18779),(65,24958),(67,28169),(72,19817),(73,20625),(76,16323),(77,17403),(79,27487),(82,7640),(84,13532),(85,21228),(89,10128),(90,12767),(92,5300)]	87.602524
770	[(0,9355),(1,20569),(4,1191),(6,12725),(8,20599),(11,8714),(17,5525),(18,17723),(19,16091),(20,21095),(23,18208),(24,18423),(25,21779),(27,27047),(29,6383),(30,15700),(32,22451),(34,15466),(35,16657),(36,6226),(37,20025),(39,927),(40,16197),(41,20177),(42,18625),(45,4168),(50,26015),(53,12352),(54,16970),(55,22166),(59,21484),(62,5118),(66,21784),(67,7037),(69,28359),(70,5612),(72,18195),(74,27763),(78,24497),(82,4960),(86,8652),(87,8254)]	85.694446
771	[(0,9404),(3,619),(4,23139),(6,1847),(8,14970),(9,18681),(11,12889),(14,8110),(15,25507),(18,16587),(21,14596),(22,16902),(24,17097),(28,7746),(30,17097),(34,24358),(36,18002),(37,23024),(38,3481),(39,18960),(40,21148),(49,28323),(52,24263),(54,27370),(59,29092),(60,10556),(61,7226),(65,2961),(66,14855),(67,29405),(68,8716),(69,29948),(71,6499),(75,11395),(76,8122),(78,16948),(80,9055),(81,27841),(83,22194),(85,24824),(92,9587)]	87.217611
772	[(5,29584),(6,16359),(7,6083),(11,19346),(13,23736),(15,17947),(20,28120),(22,754),(28,21255),(29,5195),(30,22900),(33,4842),(34,18499),(35,2414),(37,284),(40,10418),(42,12590),(46,827),(47,17019),(48,10630),(50,5270),(52,29694),(54,8032),(56,14387),(62,591),(63,25897),(64,7299),(65,22692),(67,12784),(68,12037),(69,19842),(71,25532),(72,1439),(80,5771),(81,26735),(82,21209),(83,11264),(84,27091),(86,30639),(90,25149)]	87.973969
773	[(0,929),(1,14305),(4,21744),(5,17125),(7,21572),(10,7011),(15,7473),(16,21426),(17,5102),(18,26826),(19,28286),(23,27682),(24,4069),(26,13800),(27,12866),(29,17724),(30,26762),(32,7874),(33,3517),(35,7828),(37,23676),(38,20118),(40,11333),(41,22618),(43,10565),(44,572),(50,16223),(52,18851),(54,6771),(57,22406),(59,25757),(60,9271),(64,30214),(65,21852),(66,21383),(68,4478),(69,10140),(71,6484),(79,3293),(86,6614),(87,3222),(89,17454),(92,6062)]	85.670119
774	[(0,16534),(2,3861),(3,17369),(5,23457),(6,23388),(7,14334),(8,4415),(9,7589),(10,6230),(11,6561),(13,4151),(16,14381),(18,29430),(20,16113),(22,360),(23,15241),(27,14486),(29,21728),(30,29424),(32,23602),(33,30460),(34,10678),(36,18303),(38,14190),(41,10248),(42,8557),(46,6055),(47,29303),(48,12040),(50,4297),(51,183),(59,7647),(61,25366),(64,27469),(66,7059),(67,14011),(68,22020),(69,4957),(73,20094),(77,968),(80,30127),(81,17091),(85,11043),(86,2514),(88,29501),(91,13096),(92,29355)]	89.332535
775	[(0,1385),(5,15783),(6,24629),(7,25533),(9,24233),(11,7540),(14,6027),(15,14210),(18,8279),(20,16671),(21,17197),(23,28961),(24,22215),(27,15697),(29,3747),(30,11746),(31,6436),(33,928),(35,27146),(36,10495),(37,15543),(40,20952),(41,2516),(44,1242),(45,1477),(47,13410),(49,5421),(50,642),(51,27642),(52,9924),(56,13019),(57,1915),(58,7683),(59,5521),(60,18237),(61,13144),(62,12182),(64,27913),(66,23642),(67,17277),(71,6714),(75,17025),(76,6001),(78,1648),(79,18198),(85,11556),(86,11857),(87,2214),(88,3814),(89,20036),(92,2947)]	84.897417
776	[(1,6555),(5,23703),(7,19568),(9,16620),(10,3640),(11,12374),(13,13800),(14,11576),(15,833),(17,7739),(19,22219),(20,15813),(21,19346),(31,6486),(32,26787),(35,17312),(38,25016),(39,10558),(40,342),(41,21854),(42,22845),(49,13057),(50,4679),(52,6679),(54,3144),(55,23659),(56,2852),(58,8565),(61,4291),(65,11573),(66,30272),(69,28308),(77,3051),(78,7871),(79,29333),(81,29652),(85,20681),(87,25721),(88,7125),(91,30075),(92,9567)]	84.723470
777	[(0,8463),(2,5938),(3,28685),(4,9123),(6,8809),(7,26240),(8,21428),(10,29710),(11,19892),(12,18120),(14,6105),(16,23074),(17,413),(19,22895),(22,18035),(23,882),(24,20908),(28,22683),(33,10756),(36,920),(37,977),(40,18431),(41,12681),(42,18001),(43,29805),(45,28292),(47,1747),(51,13280),(52,26689),(55,12404),(59,17464),(65,28291),(68,11827),(70,21648),(71,25264),(75,9756),(76,7428),(78,8025),(80,27578),(81,18588),(87,10284)]	87.432762
778	[(2,26457),(3,24077),(4,16014),(7,8245),(9,4718),(12,8061),(13,28557),(14,12918),(18,30127),(19,11059),(28,15772),(31,3678),(37,8336),(39,14603),(41,15894),(44,17389),(45,14633),(47,23995),(48,6118),(49,5607),(50,7748),(51,13370),(55,4972),(56,12162),(59,2674),(63,2421),(67,14762),(70,13022),(71,1702),(72,10306),(76,21785),(79,26644),(81,16477),(83,6821),(89,10473),(90,381),(92,12568)]	96.050028
779	[(2,26111),(5,27066),(6,19916),(8,25396),(9,13967),(10,27440),(11,2991),(13,26526),(14,21154),(16,26843),(17,11586),(19,12798),(20,19520),(21,5705),(23,8510),(25,8003),(29,12402),(30,24406),(32,6629),(34,7344),(35,21559),(36,12565),(37,16998),(38,30351),(43,22776),(46,18525),(47,22218),(49,9704),(52,10415),(55,26243),(56,24511),(58,11892),(61,23196),(62,22212),(63,2030),(64,13707),(65,5573),(66,9215),(69,28588),(70,2271),(71,28820),(72,28824),(73,21504),(74,8303),(75,18405),(77,2500),(82,30557),(83,6731),(84,30251),(86,10288),(88,19091),(90,15284),(92,29160)]	95.463481
780	[(0,2512),(1,27948),(5,1718),(6,4417),(7,10223),(9,9647),(10,510),(13,9706),(14,9052),(15,14198),(16,14985),(17,21219),(20,20646),(26,25083),(28,6037),(30,23279),(34,10607),(35,11300),(36,24918),(37,9427),(40,826),(43,19966),(45,7044),(48,10024),(51,22827),(57,15816),(58,27350),(59,3446),(60,27305),(61,16541),(62,9265),(63,13740),(65,19972),(66,7846),(67,8470),(68,15747),(69,20656),(70,29049),(71,3787),(72,13998),(75,22591),(76,5769),(77,9142),(78,16380),(81,18546),(82,26653),(83,21526),(84,3760),(85,13574),(86,6178),(88,9442)]	101.717661
781	[(0,2996),(3,24190),(5,9855),(6,220),(7,18595),(8,20850),(10,15898),(17,15086),(21,28493),(25,4478),(26,10140),(29,21081),(30,7472),(33,14923),(34,8007),(35,16655),(37,4961),(39,10814),(41,7013),(42,19993),(50,5618),(51,30507),(52,26004),(53,3186),(54,15278),(57,8938),(58,29870),(59,11025),(60,18596),(63,8307),(68,29075),(72,30113),(78,28134),(81,21594),(82,922),(85,6521),(86,25701),(89,1942),(90,10411),(91,6506)]	87.902228
782	[(2,2196),(3,15859),(6,3304),(8,9370),(9,29879),(11,5019),(13,127),(16,14860),(17,16815),(18,1790),(22,15121),(23,23238),(24,21590),(25,17281),(26,6254),(27,1426),(28,22788),(29,9495),(30,9435),(34,23263),(35,16788),(37,23783),(40,13520),(41,29234),(43,495),(44,26438),(45,14276),(47,10495),(48,5242),(49,7028),(52,3151),(53,14392),(54,19080),(55,5853),(56,30223),(57,30465),(58,4597),(63,25466),(65,17470),(67,28036),(68,6346),(69,9218),(70,17471),(71,23430),(72,11682),(75,27840),(76,9580),(81,26868),(82,14645),(83,15050),(86,22507),(90,29749),(91,13765),(92,10408)]	83.774280
783	[(5,21342),(9,253),(10,30338),(17,2920),(20,8035),(22,30239),(23,23595),(24,23971),(26,29493),(27,15511),(31,8235),(33,30213),(35,2386),(36,13288),(38,26243),(39,30547),(40,1275),(42,14901),(44,21794),(45,11215),(46,4420),(47,16653),(48,3188),(49,15724),(51,12765),(53,2553),(54,22776),(58,9025),(60,25488),(62,16450),(63,10668),(64,18217),(65,9453),(66,10120),(67,21529),(71,4426),(72,2846),(73,25187),(76,27088),(80,28573),(83,21031),(84,22308),(85,16482),(87,21681),(89,21463)]	93.146176
784	[(1,17817),(4,10554),(6,1053),(9,18958),(10,13305),(12,4119),(14,3783),(15,7230),(17,8254),(21,18806),(27,15400),(30,13587),(33,2934),(34,13046),(39,14976),(40,2976),(41,10351),(42,4300),(43,2447),(44,23212),(45,22490),(50,20285),(51,28180),(56,20105),(57,8633),(60,25620),(63,24293),(64,6720),(66,28585),(70,24228),(72,30567),(73,7616),(76,20731),(80,3043),(85,13731),(87,18073),(88,23116),(91,20848),(92,13665)]	86.684715
785	[(1,20420),(2,6889),(3,24504),(7,28978),(8,11387),(13,20529),(17,2136),(21,452),(22,5398),(24,291),(26,1067),(27,20443),(28,15215),(31,16907),(33,21616),(34,6714),(35,18002),(38,19041),(39,19042),(41,12750),(42,16131),(43,12317),(45,6326),(46,17103),(50,9596),(53,5771),(54,26735),(55,9530),(58,8719),(59,14270),(61,25010),(63,16284),(64,9154),(69,47),(72,30394),(73,7725),(77,26452),(79,15570),(80,26514),(84,15758),(85,29619),(86,15379),(88,19185)]	88.392031
786	[(0,3260),(3,12755),(6,16431),(10,6142),(11,25159),(13,28150),(16,30522),(17,17894),(19,18165),(20,11115),(21,21092),(22,15676),(24,11040),(25,7466),(26,482),(27,15004),(30,5191),(31,26819),(32,20173),(34,16911),(36,5471),(38,20779),(40,26392),(43,1582),(44,2625),(45,24709),(46,21705),(47,24024),(48,30647),(55,12206),(56,14897),(59,23121),(60,30500),(61,13835),(62,6567),(63,1610),(65,24309),(67,17210),(69,28084),(71,2871),(73,20314),(74,6077),(75,12410),(76,4441),(81,22119),(82,2390),(85,11527),(89,24803),(90,23591),(91,23905),(92,4646)]	85.689465
787	[(1,2126),(2,28086),(3,2667),(7,28626),(8,16991),(10,18147),(12,13703),(17,22254),(18,7557),(19,18346),(23,8078),(25,29399),(27,2303),(29,20219),(31,25503),(32,4324),(34,11011),(37,7040),(39,19225),(40,24863),(41,7977),(42,26763),(43,12796),(45,20317),(47,569),(52,26765),(53,17226),(55,3786),(56,5845),(57,16441),(62,7706),(65,1707),(69,18400),(70,1741),(71,7784),(75,24732),(76,6452),(79,9518),(81,19185),(82,23438),(83,22147),(88,2128),(89,19976)]	86.200479
788	[(0,20974),(1,9917),(4,27411),(5,6642),(13,8048),(14,9095),(15,13047),(19,14419),(23,19192),(26,5402),(29,22806),(34,20548),(36,13557),(40,29523),(42,13136),(45,27042),(47,1697),(49,903),(51,12790),(53,4018),(57,6010),(58,12566),(59,11815),(62,22742),(64,8926),(66,27860),(68,23995),(74,6032),(77,29632),(79,28800),(81,14492),(82,8445),(83,3270),(85,10198),(86,3943),(89,28895),(90,20889),(91,24881),(92,24881)]	86.337120
789	[(5,14045),(6,27),(7,3976),(8,28843),(9,20974),(11,23766),(13,6002),(18,4863),(23,17644),(28,14706),(29,29136),(32,6395),(33,24069),(34,14750),(35,29723),(36,14024),(37,23875),(38,764),(41,759),(42,14872),(44,22489),(46,12701),(49,28713),(52,3912),(55,22334),(56,1688),(57,10332),(59,25738),(60,26222),(63,10484),(64,15549),(65,22303),(68,11036),(70,22765),(74,2582),(75,21130),(77,23877),(79,21238),(82,5970),(83,2978),(86,5649),(88,23006),(89,7217)]	97.430611
790	[(0,26718),(4,6633),(5,886),(9,2399),(11,26983),(15,30597),(18,10597),(19,9988),(21,6744),(25,12994),(26,16892),(28,1423),(33,5424),(34,17438),(35,8096),(36,26596),(37,9125),(41,27161),(42,8870),(44,27777),(45,13988),(49,6632),(50,9742),(54,7142),(55,11648),(58,27461),(61,22730),(62,17045),(63,450),(65,30411),(70,8595),(74,29441),(75,4710),(76,21297),(78,21065),(81,18113),(84,12651),(87,23141),(91,28514)]	84.258755
791	[(0,22942),(1,22884),(3,608),(7,29059),(9,15439),(10,26026),(11,3381),(12,12236),(13,17278),(14,11500),(15,21504),(17,13085),(19,7441),(20,30265),(23,22613),(24,24812),(27,20391),(28,7609),(30,2199),(34,21916),(36,4788),(37,10088),(38,4279),(39,26525),(41,4689),(44,20414),(45,27156),(46,22587),(51,29550),(53,16973),(54,10300),(55,721),(56,20381),(57,28081),(58,25394),(64,29454),(67,26224),(69,13057),(70,24662),(74,25299),(76,6124),(78,16378),(79,26388),(82,26033),(84,15981),(85,14184),(86,9191),(87,28999),(88,3640),(92,29688)]	110.827193
792	[(2,7524),(4,1035),(7,13619),(9,4920),(10,7371),(12,163),(15,13890),(18,9954),(19,23859),(21,940),(22,27291),(26,2400),(27,24423),(31,8273),(35,18978),(36,19306),(37,7834),(38,14922),(39,28812),(41,730),(45,16704),(49,22643),(50,176),(51,8331),(53,12363),(54,9647),(55,56),(56,29349),(57,13987),(60,15387),(61,27719),(62,29664),(64,15811),(65,1754),(67,2339),(68,21254),(71,3037),(74,5041),(76,20127),(79,9408),(82,22598),(85,15635),(86,18485),(88,12527),(92,15031)]	88.685700
793	[(0,10176),(5,5431),(6,9201),(8,29178),(9,11907),(12,6246),(15,20570),(17,17000),(18,11570),(20,16444),(22,11132),(24,10858),(25,30043),(29,8595),(30,2024),(35,18909),(41,27792),(43,12356),(45,8779),(47,15802),(48,21720),(49,18933),(51,2461),(52,20516),(53,6930),(54,28655),(56,3635),(57,16937),(58,23563),(59,28763),(60,8203),(61,23549),(63,17993),(66,21644),(67,23644),(70,2476),(71,28374),(73,9771),(74,3853),(75,8531),(76,13386),(77,13898),(78,25435),(79,3736),(81,16178),(86,12479),(87,21068),(89,4468),(90,4560),(92,26590)]	92.289635
794	[(3,18642),(7,6222),(12,22890),(21,14721),(22,22518),(23,17347),(24,794),(25,17234),(26,29909),(27,8645),(29,22069),(30,24194),(31,9034),(32,23281),(33,9135),(36,14467),(38,15549),(39,11529),(40,21250),(42,28958),(43,16834),(45,8645),(50,18134),(52,2560),(55,20757),(56,21784),(57,7037),(58,25549),(61,25479),(64,30534),(66,25678),(68,19274),(70,30048),(72,21504),(73,12706),(77,14690),(78,9736),(79,2090),(80,30466),(81,29055),(83,20525),(85,15026),(86,17029),(87,416),(88,4000)]	86.367309
795	[(3,30160),(6,7540),(8,17934),(11,2330),(12,27261),(16,8607),(18,15568),(20,8857),(23,29974),(24,9281),(26,15707),(29,28134),(32,17554),(33,11273),(36,22025),(37,15510),(39,2316),(41,13063),(42,20254),(46,3261),(47,20060),(48,12810),(51,11418),(55,4185),(57,25215),(58,25074),(60,23529),(61,5520),(62,4256),(64,21424),(66,22703),(67,9656),(68,688),(69,2101),(71,10153),(72,26110),(74,29789),(75,14852),(77,2153),(78,4577),(79,1900),(80,15790),(81,1826),(84,30144),(90,20664),(92,10841)]	85.309421
796	[(2,23202),(3,8787),(5,29507),(6,8402),(9,6485),(10,17092),(15,21146),(16,6460),(18,11419),(20,24273),(22,27747),(23,29786),(24,24385),(27,12683),(30,23653),(32,20734),(35,18193),(36,21844),(37,166),(38,6298),(40,14095),(42,15186),(43,22549),(47,14061),(48,24962),(49,27616),(50,10890),(51,11257),(55,11451),(56,15362),(58,22009),(63,9492),(65,1789),(69,14276),(71,12675),(76,2467),(77,7164),(78,17623),(84,12038),(85,16392),(86,29879),(92,23344)]	86.682885
797	[(0,9315),(2,17142),(3,29260),(6,13056),(12,28471),(13,4496),(14,1920),(15,19749),(17,5321),(18,14613),(20,6193),(21,13155),(22,17741),(24,18100),(25,10552),(26,12126),(27,3927),(28,17129),(29,26917),(31,26848),(32,18632),(33,28748),(35,2508),(38,8950),(39,24622),(40,475),(50,5202),(52,149),(56,23222),(57,5657),(58,17524),(59,3081),(60,9212),(61,28842),(64,8799),(67,5180),(68,8491),(71,9874),(74,5421),(75,16670),(78,13699),(79,26902),(80,25268),(82,4564),(86,23116),(88,28814),(91,10622)]	88.145621
798	[(0,10911),(1,28155),(3,9900),(6,25284),(8,15396),(9,5774),(10,8648),(11,24609),(17,24774),(23,7149),(24,3485),(25,7903),(26,3086),(28,10294),(31,11258),(32,25098),(33,9677),(35,10795),(36,12150),(38,22944),(40,11668),(42,27317),(46,29861),(48,18368),(50,6801),(51,19866),(52,7070),(57,18600),(58,1184),(59,30338),(60,24812),(62,3862),(63,20208),(64,5366),(65,23632),(66,7734),(70,26844),(71,1825),(72,1459),(74,23547),(75,5784),(77,22059),(79,11656),(80,11508),(82,23684),(85,15510),(90,5884),(91,4520)]	85.069912
799	[(1,7883),(2,14953),(3,22854),(4,9253),(7,2398),(8,15097),(9,16518),(11,29632),(12,19075),(15,8144),(16,22894),(19,25075),(20,11620),(22,18235),(24,7974),(29,20206),(30,30563),(31,15954),(33,4557),(34,22940),(36,8581),(37,13632),(38,20488),(39,24111),(40,29029),(41,16969),(43,22384),(45,4592),(46,3650),(47,13842),(48,13908),(60,1354),(62,27854),(64,12200),(65,12474),(66,30164),(67,24612),(69,20407),(70,3891),(72,19192),(74,27716),(75,12270),(77,22853),(78,15669),(81,14456),(84,17358),(85,17203),(86,18749),(87,19528),(88,19985),(90,13400),(91,17199)]	86.569726
800	[(0,5580),(2,23869),(3,86),(5,20453),(6,12641),(12,6762),(14,2902),(15,25940),(18,13144),(19,28706),(20,10275),(22,1939),(23,12366),(24,13411),(25,17350),(30,1892),(32,18248),(33,11656),(34,11508),(35,16624),(37,12865),(41,12339),(42,28213),(44,26290),(45,25724),(46,17963),(49,7642),(51,6005),(53,11840),(56,1604),(57,13329),(59,11879),(60,26294),(67,24850),(69,25388),(72,2716),(73,20933),(74,18700),(75,18569),(81,6702),(82,24053),(83,28790),(84,6940),(85,14374),(92,3412)]	101.068706
801	[(1,24305),(2,14278),(3,1993),(8,21401),(10,22920),(12,14109),(13,23091),(14,10659),(16,986),(18,12634),(19,926),(24,22480),(27,3097),(29,17046),(31,2387),(32,10446),(33,3088),(35,10324),(37,3452),(40,6307),(42,25029),(45,16829),(46,27744),(49,19654),(50,16533),(54,10185),(56,17809),(57,25517),(58,13344),(59,25792),(60,7696),(64,29212),(66,28387),(67,15437),(72,8831),(74,22275),(76,11521),(78,22702),(82,24989),(83,23735),(87,4519),(91,24234),(92,10766)]	90.285486
802	[(0,8139),(1,18742),(3,22025),(8,3489),(11,25301),(12,21843),(14,22500),(17,22014),(21,29200),(25,13809),(28,4949),(29,26207),(30,28530),(31,17798),(33,2089),(35,5483),(36,23360),(38,16681),(39,6685),(40,5464),(43,23104),(45,15879),(49,25893),(50,25934),(51,29124),(53,27130),(58,4255),(60,4423),(61,26817),(62,7353),(64,297),(66,18508),(68,14607),(69,5736),(72,8614),(73,8202),(78,10910),(80,15677),(82,16268),(84,14202),(87,4245),(88,13106),(90,20935),(91,29616)]	130.833005
803	[(0,8420),(2,20070),(6,11070),(7,558),(9,30396),(10,21987),(11,27905),(12,7686),(14,26052),(15,14640),(17,10968),(18,16873),(19,26769),(20,19121),(21,318),(23,9886),(25,9155),(27,12342),(28,11001),(30,27583),(32,24070),(33,7760),(38,24713),(39,27558),(40,20334),(41,19261),(42,20831),(44,2851),(45,27901),(46,9202),(51,4723),(52,25164),(53,19529),(55,28372),(58,8376),(60,20682),(62,29936),(65,17529),(67,14425),(73,12519),(74,27474),(76,9461),(77,18793),(79,17308),(84,8730),(85,6700),(86,10913),(87,7219),(88,19799),(90,26227),(91,21023)]	95.347488
804	[(0,26050),(2,6116),(4,9555),(8,1187),(9,16285),(13,14172),(14,3294),(18,14547),(20,14796),(26,27966),(27,8514),(31,13440),(32,3696),(33,4447),(36,10991),(37,25499),(39,15397),(41,7346),(45,11951),(47,23157),(49,1445),(50,9659),(56,8779),(59,6034),(60,8327),(61,2590),(63,29830),(64,22379),(65,18046),(68,10241),(69,23158),(71,5167),(72,20280),(73,16574),(74,16850),(75,26831),(76,20888),(77,20047),(80,25965),(81,13116),(85,7125),(86,11489),(87,2565)]	96.250881
805	[(0,8185),(3,3011),(5,7723),(16,7198),(19,5174),(21,4657),(22,27397),(23,6227),(26,9028),(31,30549),(32,4300),(33,19379),(38,20770),(39,27240),(41,23092),(43,5695),(44,12732),(48,17349),(51,12655),(54,19654),(58,13892),(59,2771),(60,27622),(61,10063),(65,4698),(68,12977),(69,21850),(72,14437),(73,25466),(74,9693),(77,15882),(78,25200),(80,12558),(81,22862),(84,28718),(85,2321),(87,22583),(92,24015)]	95.523847
806	[(1,20909),(2,768),(4,11488),(7,9584),(10,12847),(11,16118),(12,12371),(15,27034),(16,11852),(17,4517),(18,4450),(21,14568),(23,1733),(25,13884),(27,30275),(28,13015),(31,7648),(33,5692),(35,4819),(36,5484),(40,2313),(41,16121),(43,837),(44,25423),(48,28923),(49,22655),(51,19377),(52,28583),(53,7908),(58,5297),(59,4832),(60,16545),(63,23783),(67,23972),(68,14102),(74,13325),(78,26250),(79,19048),(80,24857),(81,14630),(85,17931),(87,24961),(88,26648),(89,2364)]	90.860629
807	[(0,6533),(3,14527),(4,26402),(10,163),(12,27246),(13,18921),(15,23010),(17,18449),(24,30632),(27,5811),(28,21885),(31,4546),(32,8588),(35,6566),(36,30243),(37,10849),(38,11003),(40,27947),(42,8288),(52,15007),(53,23380),(55,27076),(56,11020),(58,28108),(59,26748),(60,14211),(62,2900),(63,13425),(67,18784),(71,6412),(72,9639),(74,4774),(78,12534),(79,23145),(80,16470),(82,13007),(88,29961),(89,3648),(90,12004)]	85.438133
808	[(0,11455),(6,10766),(9,26248),(11,3265),(12,12983),(14,13792),(17,420),(21,6740),(24,7552),(25,13986),(28,5176),(30,21736),(32,4631),(37,22453),(41,11958),(44,211),(45,626),(46,27054),(50,17702),(51,1865),(53,17279),(55,26113),(58,135),(59,29388),(63,3628),(64,22127),(66,9442),(67,20519),(69,5150),(73,4238),(76,24734),(77,5889),(78,5722),(79,7082),(80,24699),(85,6857),(86,11688)]	84.797835
809	[(2,28566),(6,28770),(8,29492),(9,13433),(14,1853),(15,5809),(20,29694),(21,20336),(22,10497),(27,305),(33,7414),(34,4448),(45,27208),(47,625),(49,3605),(51,13696),(55,9505),(56,133),(58,3579),(62,10932),(63,23223),(64,12979),(67,14212),(68,3221),(71,29753),(73,25447),(74,11841),(75,6465),(77,19614),(79,23906),(81,5710),(84,27072),(88,21966),(90,4552)]	90.861274
810	[(0,4071),(5,30311),(6,29618),(8,24666),(9,16319),(11,11990),(12,27669),(14,3511),(15,2274),(16,1869),(19,18268),(20,4983),(21,6312),(22,6659),(23,1157),(25,4445),(26,27504),(31,20481),(32,7014),(35,10137),(36,28062),(40,14325),(43,22147),(44,29468),(45,9984),(46,3520),(50,24968),(51,17616),(52,25808),(57,15184),(59,16423),(64,5681),(68,25810),(70,21288),(71,20346),(74,28629),(75,16565),(76,22671),(79,1617),(80,15214),(82,27149),(84,3158),(87,1626),(89,28917),(90,2893),(92,9638)]	95.852778
811	[(2,11644),(4,24905),(5,6429),(10,12144),(12,19930),(15,16829),(16,13787),(17,8475),(18,26473),(19,7271),(21,1771),(24,3532),(25,9717),(26,12644),(28,23087),(29,25028),(30,6286),(31,23647),(32,23842),(33,26958),(39,18613),(40,3253),(41,10788),(42,4487),(43,15878),(49,8078),(50,20702),(54,27310),(55,16175),(58,25722),(59,4223),(64,21261),(67,7613),(70,17301),(72,11918),(73,17592),(74,21785),(75,15463),(79,20226),(80,8089),(83,12124),(84,14799)]	89.945805
812	[(1,21884),(3,9295),(4,19763),(5,28767),(6,27448),(7,13346),(8,24636),(11,24034),(14,28046),(16,27606),(17,7002),(18,28838),(22,4437),(23,17662),(26,6084),(30,9650),(31,27070),(33,21183),(35,14754),(39,11904),(40,20799),(42,11382),(44,20781),(45,7646),(49,16083),(51,2458),(54,24208),(55,15540),(58,12893),(61,8292),(63,28630),(64,4850),(66,21893),(68,4787),(70,367),(75,9009),(80,10160),(84,13151),(86,10018),(88,16178),(92,29013)]	88.449219
813	[(1,1325),(2,23349),(5,15911),(6,16342),(7,28775),(8,23643),(9,3120),(11,21542),(15,18907),(19,25833),(20,15974),(21,8767),(22,10517),(26,2976),(27,6845),(29,1999),(31,29530),(33,29093),(34,27087),(37,2585),(39,11895),(40,30570),(41,23468),(43,11867),(45,14256),(46,14686),(47,29439),(52,3520),(56,24968),(57,17616),(63,19441),(64,21794),(67,27452),(68,27046),(70,9219),(71,22799),(72,7325),(75,6806),(77,29435),(78,21145),(79,4401),(80,15),(83,30540),(84,18321),(87,26033),(88,6708),(89,13289),(90,19791)]	109.300934
814	[(7,15857),(10,11870),(11,26864),(12,9670),(19,373),(20,7441),(21,28325),(22,22049),(23,23126),(25,30184),(27,24519),(28,23381),(37,4708),(39,6046),(40,22453),(43,4282),(48,15145),(51,2904),(52,21025),(53,23326),(56,8260),(59,6493),(63,12185),(64,24330),(65,25607),(66,24291),(68,11208),(69,23497),(70,19391),(75,20153),(76,20634),(82,21276),(83,2512),(87,30275),(89,7889),(92,30596)]	96.690574
815	[(0,27905),(1,20679),(2,20849),(4,25106),(6,17952),(8,16964),(9,27971),(12,5699),(14,7910),(16,18059),(19,20477),(20,18730),(24,18761),(26,4477),(28,12688),(34,3766),(35,1336),(36,7770),(37,26805),(45,30349),(47,22339),(49,13114),(56,8543),(59,27944),(61,28571),(64,396),(65,1906),(67,19079),(69,3198),(70,11411),(71,28894),(73,7529),(74,6530),(76,28589),(77,13404),(79,16115),(81,5855),(82,19311),(86,2544),(87,28025),(88,16772),(91,21726)]	93.920347
816	[(0,5874),(6,27622),(7,29602),(10,18205),(11,15706),(14,874),(18,4070),(19,2093),(20,6599),(22,5374),(31,25038),(34,5423),(35,4769),(37,17701),(38,26750),(39,23612),(40,20737),(41,30254),(44,5358),(45,29128),(46,13996),(47,2166),(49,690),(52,6551),(53,5075),(55,16677),(57,12738),(58,21849),(60,3038),(61,30431),(63,984),(69,4589),(72,16638),(73,19528),(75,108),(77,4035),(85,2680),(91,27834),(92,17371)]	87.658032
817	[(1,14478),(3,17667),(6,2695),(7,5533),(8,14733),(9,24035),(10,17177),(13,14530),(14,28527),(17,18345),(19,27993),(20,16089),(21,7294),(23,1515),(25,5203),(30,1561),(31,11688),(32,21874),(34,10193),(37,16016),(39,10095),(43,14456),(46,14090),(51,15726),(52,10956),(53,22012),(61,26549),(62,5173),(65,5668),(66,22714),(70,17440),(71,18439),(72,22538),(73,5336),(74,20841),(76,30095),(78,28941),(79,19927),(80,13641),(81,19560),(83,24392),(91,11579)]	85.855348
818	[(0,2692),(2,29091),(3,3209),(6,3295),(8,29067),(9,7594),(13,14609),(15,2897),(16,21298),(19,1856),(22,16595),(23,23900),(25,18467),(26,26955),(27,3111),(31,23328),(34,24673),(35,23741),(39,28022),(41,6336),(42,21709),(43,5000),(44,17906),(45,23412),(46,1781),(47,321),(48,7422),(49,21262),(50,28625),(51,3902),(54,19990),(55,26942),(56,9883),(59,24685),(60,4588),(64,23599),(66,28710),(67,15182),(69,1574),(70,10408),(71,22882),(72,16927),(73,18070),(75,18588),(77,29073),(79,4436),(80,13013),(81,30173),(83,22013),(84,13764),(86,2829),(87,682),(88,21114),(90,11835),(92,4961)]	84.647186
819	[(0,16630),(3,8530),(4,12266),(6,12737),(9,15603),(12,14924),(14,27281),(16,13593),(17,5119),(19,23232),(22,25144),(25,18376),(27,3368),(31,2069),(34,7986),(40,26222),(41,20228),(43,26997),(47,5168),(48,7062),(51,4514),(52,23422),(53,4517),(54,79),(55,24727),(56,10941),(57,2421),(59,23966),(62,26465),(64,28109),(65,18771),(66,29806),(68,14967),(69,1029),(70,12476),(71,23906),(72,10759),(77,21962),(79,14913),(81,24837),(83,20616),(84,27708),(87,17018),(88,24660),(89,11812),(92,17063)]	83.186151
820	[(1,14199),(3,3875),(4,6959),(7,17725),(8,3467),(9,12909),(11,30480),(12,3340),(14,19633),(18,20395),(19,9637),(20,10022),(23,18146),(25,7248),(26,21308),(27,16450),(29,10805),(32,21596),(34,5637),(35,7037),(39,20633),(43,27050),(50,14921),(52,12480),(55,12118),(60,20412),(62,17543),(63,24557),(64,4129),(66,19713),(68,25748),(69,1809),(71,603),(72,12580),(73,24917),(77,21432),(83,22397),(84,18846),(85,7423),(86,12566),(88,21011),(89,18945),(91,11103)]	86.071416
821	[(2,25927),(7,30354),(18,1317),(19,8557),(20,18242),(22,27862),(23,18553),(24,14168),(26,23093),(27,7040),(29,3583),(30,26857),(31,540),(37,9966),(39,17278),(42,11198),(44,7658),(47,2974),(48,29943),(50,3104),(51,14060),(53,9820),(54,1492),(55,24291),(59,7860),(62,23523),(63,2574),(64,7663),(67,16964),(69,26934),(71,7988),(72,3844),(74,24195),(76,12728),(79,2492),(80,26093),(81,12008),(82,24914),(84,1484),(85,8068),(86,28861),(87,10298),(89,21326),(90,14531)]	95.878459
822	[(1,22266),(2,29419),(3,9846),(6,23967),(8,18408),(9,29022),(10,21893),(11,16944),(13,9927),(15,17773),(18,30127),(19,11059),(25,6721),(26,17260),(28,29414),(30,15533),(31,28736),(36,2087),(39,2438),(40,4793),(41,2739),(43,6952),(45,15816),(46,9484),(48,46),(50,6027),(51,24652),(53,20325),(54,6673),(55,6313),(57,305),(58,2988),(60,27355),(63,6458),(67,11906),(68,422),(71,30211),(74,23093),(76,4588),(78,23542),(80,679),(83,16823),(86,25762),(87,11934),(90,28455),(91,8627)]	91.129754
823	[(0,7154),(3,590),(6,6205),(7,9832),(8,10196),(11,9218),(12,17471),(13,28492),(14,16458),(16,5307),(20,687),(22,17924),(25,5052),(26,6410),(29,21164),(32,20836),(38,15736),(39,21118),(42,17424),(43,11749),(44,23029),(48,18409),(51,2661),(55,3147),(58,487),(59,17309),(60,27297),(61,26883),(62,12085),(64,27871),(66,20053),(67,13571),(68,10060),(70,7278),(72,26053),(73,10908),(76,21148),(78,2592),(81,29898),(82,22192),(83,7415),(87,20042),(90,17358),(91,17203),(92,26663)]	85.718677
824	[(0,30564),(1,30379),(4,10277),(5,18576),(7,5906),(8,27788),(9,18695),(12,3610),(14,28808),(16,8593),(17,17255),(18,4929),(19,16111),(23,6418),(24,18935),(28,22272),(30,14552),(35,7855),(37,26118),(39,28720),(40,1730),(41,6141),(44,21419),(46,27186),(49,29334),(53,24063),(57,1588),(63,15076),(64,23604),(65,18828),(68,18348),(70,16529),(77,25907),(79,21807),(80,11727),(81,30125),(87,15049),(88,6408),(91,22166)]	86.868430
825	[(0,2486),(4,12210),(6,27135),(8,18770),(9,709),(10,25657),(13,17010),(19,12284),(20,29157),(22,19503),(24,9979),(25,9099),(28,28744),(29,30498),(32,13673),(33,28737),(37,1836),(39,11750),(43,2501),(45,21216),(46,23637),(50,2279),(52,16362),(54,17987),(55,28965),(56,24657),(57,22095),(62,6724),(63,29487),(66,18498),(67,6923),(68,2592),(71,14685),(72,8986),(74,19210),(76,16996),(77,28458),(78,11888),(79,24159),(80,9924),(82,26045),(83,16319),(87,21002),(88,18622),(90,14180),(91,18501)]	106.805208
826	[(0,2010),(2,21964),(4,28094),(5,16927),(8,30622),(9,2272),(10,6564),(13,26286),(14,15974),(15,8767),(20,4551),(21,20678),(25,4519),(26,1644),(27,3394),(28,1433),(30,22421),(31,21172),(32,2858),(33,7608),(37,16796),(39,16299),(41,13073),(43,15845),(44,15975),(47,988),(51,18662),(52,8568),(54,20775),(55,26342),(56,21212),(57,12718),(58,13526),(60,28974),(62,12626),(65,26994),(66,19871),(70,7700),(71,18611),(73,28335),(74,17617),(75,27885),(77,16016),(79,12763),(81,23094),(83,21269),(84,19795),(85,27319),(90,18388),(91,26517)]	84.844317
827	[(0,28898),(1,15939),(2,21001),(4,14092),(7,26999),(8,9968),(12,7161),(13,7363),(14,2385),(18,18419),(20,15722),(21,19697),(22,26337),(25,5418),(27,8866),(28,46),(30,10103),(32,12365),(33,14832),(34,25700),(36,29769),(37,26634),(38,24393),(41,8023),(43,13136),(44,10267),(51,12994),(52,26873),(53,29050),(54,28165),(55,10618),(57,4556),(58,5257),(61,9398),(62,30027),(66,18463),(70,25921),(71,29724),(73,22300),(74,29017),(77,2564),(78,25878),(79,7464),(82,24608),(83,7899),(84,7080),(85,18728),(87,22284),(88,6026),(89,16243),(90,5888)]	84.407801
828	[(1,9097),(3,21221),(5,7536),(6,5417),(7,14404),(9,15535),(10,17770),(12,2130),(13,2796),(15,30186),(16,9975),(24,15260),(26,4464),(27,1872),(29,1339),(30,21366),(31,9829),(34,19370),(38,24656),(41,7259),(45,13295),(47,15508),(50,10885),(51,2991),(53,890),(54,17340),(55,25559),(56,23998),(58,6851),(59,7541),(61,30355),(64,6627),(65,2957),(66,7668),(68,23301),(71,8131),(74,8439),(78,3124),(81,3795),(85,15149),(86,20875),(87,27983),(89,25351),(90,6121),(92,25412)]	86.272803
829	[(2,14173),(3,23341),(4,24788),(5,17481),(6,14040),(9,15523),(11,24740),(12,20833),(13,6985),(14,27293),(16,19213),(18,13899),(21,24264),(22,6426),(25,30377),(26,27743),(27,15928),(28,19583),(29,24281),(30,7567),(31,3698),(32,27973),(34,10956),(37,8051),(39,8363),(41,5007),(43,10051),(45,10145),(46,10749),(47,2008),(49,5527),(56,20092),(57,1852),(58,23212),(60,18450),(65,9971),(66,20220),(69,14379),(70,28039),(71,21379),(73,26796),(74,23473),(75,4052),(76,20944),(77,1168),(78,25471),(79,26940),(80,21651),(82,8065),(85,10910),(87,9084),(92,20120)]	85.237654
830	[(0,4963),(1,8895),(2,1322),(3,2824),(4,9251),(7,9639),(9,4774),(15,19447),(17,131),(20,20056),(26,5460),(27,28515),(30,20344),(31,25899),(32,20752),(34,29936),(35,9839),(36,17241),(41,22000),(43,9062),(44,17727),(47,25788),(49,10780),(50,10415),(56,11143),(57,30414),(58,15432),(59,7975),(60,13641),(61,16516),(64,4596),(66,11705),(70,3664),(71,22452),(72,12917),(79,19705),(81,4286),(82,3097),(84,2991),(86,1822),(90,14029),(92,30224)]	84.006528
831	[(0,6050),(1,16713),(8,6162),(11,13538),(13,8422),(16,16974),(17,20492),(18,30567),(19,7616),(20,1102),(21,25185),(23,5610),(24,18691),(27,4394),(31,15069),(32,7752),(33,9038),(35,20972),(37,19684),(40,25451),(42,4200),(44,8434),(45,5247),(46,27241),(48,17557),(52,9109),(53,15851),(55,3852),(56,19374),(58,28118),(60,637),(63,19160),(65,8248),(67,17450),(68,6319),(70,9850),(73,567),(75,3654),(79,1752),(82,8406),(84,17191),(86,24441),(87,9652),(88,6690)]	85.469412
832	[(0,5163),(1,8900),(4,3970),(5,10749),(6,2008),(9,3499),(15,29140),(17,15865),(19,25756),(20,4371),(22,1594),(23,11889),(25,24213),(26,21962),(28,26303),(29,25088),(33,1569),(35,17492),(37,12384),(38,19000),(40,1419),(42,16959),(46,22755),(47,11200),(49,5376),(50,9614),(53,18137),(60,4492),(62,19422),(64,7601),(66,27355),(68,18436),(70,28346),(76,23580),(77,25950),(78,29262),(79,95),(80,15398),(81,315),(83,16550),(88,16473)]	97.023699
833	[(0,25714),(2,27048),(7,18694),(8,14961),(15,23943),(17,21390),(18,5777),(23,5477),(24,30446),(28,11965),(30,28146),(32,22852),(33,28601),(38,21790),(45,13561),(46,7096),(47,20079),(48,1054),(49,16216),(52,14915),(54,9573),(66,2793),(71,7225),(72,10546),(73,3004),(74,25865),(77,21259),(80,6013),(81,6685),(82,4349),(83,14055)]	92.855321
834	[(0,10614),(1,6844),(6,24279),(7,8298),(8,17182),(10,10476),(15,23909),(16,610),(17,8622),(18,16361),(21,9002),(22,17278),(23,11500),(24,14245),(25,29976),(26,5093),(27,8221),(30,20875),(32,4233),(33,20146),(34,10730),(38,7376),(39,21067),(43,5161),(45,21364),(46,26612),(48,14924),(49,21159),(51,18901),(52,1713),(53,30367),(56,11072),(57,5309),(58,2651),(62,4484),(65,25057),(66,7656),(70,3195),(73,25915),(74,956),(75,6139),(77,26577),(79,4901),(82,27347),(83,25873),(85,10947),(86,9986),(87,794),(88,17234),(89,21561),(90,6578),(91,5362)]	84.879847
835	[(1,10680),(4,18297),(6,9521),(8,484),(11,409),(12,22121),(15,6913),(16,522),(23,30097),(24,8821),(26,26452),(28,26781),(37,12340),(40,12199),(41,5982),(42,30159),(43,8367),(44,29470),(45,14163),(50,15502),(52,20965),(53,7956),(55,23967),(63,10009),(65,29988),(66,27386),(68,21363),(69,9177),(70,10256),(71,25419),(72,18138),(75,7844),(76,19196),(79,19288),(80,23106),(82,11094),(83,17679),(86,4691),(90,25933)]	109.170397
836	[(0,15826),(1,16728),(4,29813),(8,13332),(9,23058),(10,1095),(11,10055),(15,4867),(20,18748),(24,11979),(25,27052),(27,6428),(29,441),(33,8296),(36,17128),(38,25851),(39,8601),(40,29857),(42,28463),(43,1806),(45,6519),(46,4229),(47,12490),(48,9806),(49,137),(51,25099),(53,27821),(54,5259),(56,21836),(57,4372),(58,18236),(62,674),(64,101),(65,5115),(67,25766),(68,25199),(71,24238),(75,6018),(76,2046),(77,7132),(78,18596),(79,26589),(80,10746),(81,4003),(82,21545),(83,9170),(85,28256)]	207.835401
837	[(1,15478),(5,745),(8,30389),(12,21461),(14,21245),(15,20686),(16,8130),(17,26097),(20,7140),(22,15965),(23,13592),(29,27875),(30,29279),(31,11495),(33,6152),(36,5070),(37,13234),(39,12634),(40,926),(42,11550),(45,20952),(46,7370),(47,11346),(51,29431),(52,22415),(53,29984),(56,6600),(57,13378),(58,4859),(59,19999),(61,19287),(62,23851),(64,11015),(65,2545),(66,12526),(67,11791),(69,22716),(73,22624),(75,12488),(76,18065),(78,14242),(80,966),(81,28382),(83,13398),(86,30479),(87,18079),(88,16578),(90,30422)]	186.151036
838	[(0,16791),(1,22708),(3,7712),(5,16636),(7,26649),(8,13131),(10,6498),(13,2498),(14,10850),(18,28775),(20,578),(21,21560),(22,27026),(23,10304),(25,1030),(26,17190),(28,15766),(30,2903),(32,1260),(39,23368),(41,320),(45,7590),(48,1102),(49,13231),(51,18853),(54,29164),(55,10098),(56,26034),(60,28572),(61,21500),(63,4230),(66,9365),(70,26945),(73,30106),(74,6166),(79,18780),(81,21350),(82,15003),(83,7253),(84,7879),(86,2645),(88,641),(92,27005)]	169.891112
839	[(0,1253),(4,14968),(5,2028),(9,20329),(12,23488),(13,24499),(14,9927),(16,6999),(17,10931),(21,18519),(27,3327),(28,23948),(29,25476),(34,3300),(37,15588),(38,17073),(42,13534),(43,14404),(47,4827),(52,25520),(54,22308),(56,24658),(59,11268),(64,24584),(66,7652),(67,9112),(69,9340),(70,26266),(72,16063),(73,19353),(76,269),(77,22182),(78,27312),(83,27648),(85,8897),(87,10422),(90,20235),(91,20379),(92,25372)]	191.019138
840	[(1,18099),(2,30393),(10,20372),(11,21595),(12,8145),(14,13602),(15,28566),(20,25005),(23,29981),(27,29747),(29,12785),(30,24847),(33,11242),(35,15227),(36,24851),(38,12819),(39,13637),(43,593),(45,13421),(46,28729),(50,24707),(52,17),(53,25870),(55,28924),(56,29484),(57,22164),(58,21827),(59,2063),(60,21599),(61,6577),(63,8769),(65,16169),(66,6293),(68,27818),(69,13290),(70,17305),(71,25069),(72,11102),(73,8337),(79,12552),(80,19786),(84,7499),(86,28784),(87,19564),(89,28403),(91,24374)]	185.647736
841	[(0,22186),(1,29051),(2,4965),(3,14465),(6,2429),(7,14369),(10,18491),(15,14824),(16,14524),(18,3001),(19,17784),(20,28488),(22,10001),(24,14476),(27,10482),(29,14022),(31,17979),(32,23698),(35,24521),(36,15492),(39,29628),(42,13602),(45,3778),(47,17653),(48,3690),(49,5095),(50,30462),(52,9287),(53,10976),(57,8748),(58,23297),(59,27119),(64,22000),(69,7336),(70,4350),(71,12792),(72,10155),(76,28808),(78,10806),(79,20891),(82,29065),(84,14314),(85,20301),(87,2882),(90,5927),(91,15693),(92,13905)]	173.649800
842	[(0,9162),(1,24065),(4,11606),(8,28985),(9,1435),(12,20497),(13,27651),(18,12999),(19,14078),(20,5352),(21,13743),(22,6048),(23,25901),(26,16144),(34,24633),(38,24469),(39,24243),(40,981),(41,2419),(42,26640),(43,27439),(47,26209),(48,9460),(50,13289),(52,25032),(55,16682),(64,13503),(66,19443),(67,9445),(69,11927),(71,4810),(72,1109),(73,25349),(76,10748),(78,25044),(79,3972),(80,9991),(81,15566),(83,8361),(86,21460),(87,1331),(88,22538)]	189.320314
843	[(0,10549),(1,29692),(4,13176),(10,7884),(11,12322),(13,18095),(14,555),(15,10269),(16,5585),(17,12736),(18,24032),(19,10467),(20,18576),(21,2901),(25,19997),(26,237),(29,18332),(31,1383),(32,7203),(35,23194),(37,14909),(39,23874),(40,7285),(41,26569),(42,3536),(43,25697),(44,19505),(45,19692),(48,4344),(50,8702),(51,30081),(52,12257),(53,1097),(56,6195),(60,13328),(61,8335),(63,29579),(65,18932),(66,25364),(69,26291),(70,10102),(72,3289),(73,3547),(76,19589),(77,30082),(79,26352),(82,2167),(83,2601),(84,14743),(85,24023),(87,9660),(90,18957)]	180.752224
844	[(0,13683),(3,17103),(5,9502),(6,12699),(8,693),(10,14200),(12,14369),(19,8048),(23,22003),(24,14230),(26,27826),(27,11663),(28,16268),(30,8239),(32,5663),(33,18047),(35,7273),(36,11949),(37,8181),(38,23004),(40,14091),(43,1166),(44,724),(46,19209),(47,14120),(49,28375),(50,2433),(53,23804),(54,27654),(56,15643),(59,15755),(61,15800),(62,26363),(63,21396),(64,27868),(65,9436),(68,12806),(69,19545),(70,26464),(72,7228),(73,757),(76,29540),(78,19362),(79,7507),(81,17035),(84,15792),(87,7729)]	174.111152
845	[(0,7298),(2,23753),(7,10647),(15,1672),(16,20889),(17,12731),(23,4988),(25,5007),(27,14842),(30,16185),(32,6213),(34,5050),(36,1511),(40,16406),(42,2137),(43,399),(44,27808),(46,2452),(47,14674),(48,2292),(56,8272),(57,3468),(59,23236),(60,14530),(61,28527),(62,26951),(63,23552),(64,29502),(67,15089),(70,14624),(72,2328),(73,19914),(76,2710),(79,13805),(81,25311),(84,29872),(86,17439),(87,3548),(88,3157),(89,16622),(90,28891),(92,6202)]	184.772851
846	[(2,6843),(3,1387),(5,12961),(6,29052),(10,28558),(11,28480),(13,25918),(14,13649),(16,14939),(19,6212),(20,12506),(25,12951),(27,25053),(29,6392),(30,24935),(32,28546),(34,15466),(35,12741),(38,7914),(43,14752),(44,19850),(45,1287),(46,16948),(47,26492),(48,7757),(50,11586),(55,26536),(59,13526),(60,10387),(62,10997),(64,9111),(65,14569),(66,6697),(72,22172),(73,22439),(79,18189),(80,15721),(85,12100),(89,25945),(91,10062)]	192.078478
847	[(0,288),(2,22600),(4,19118),(5,13739),(6,19418),(7,29021),(12,10482),(16,230),(23,9784),(26,10303),(28,10374),(33,16177),(34,29935),(35,25303),(37,25138),(44,28372),(46,15946),(54,21034),(55,23234),(56,26839),(57,8705),(59,18799),(62,21663),(63,16614),(64,1491),(66,30455),(68,21944),(70,10792),(78,5742),(79,7799),(80,13432),(81,23989),(84,7202),(86,2094),(87,10778),(88,20062),(89,14615),(90,21490)]	180.817577
848	[(1,13248),(3,6142),(4,14398),(6,18663),(8,16496),(10,26483),(12,19574),(13,3428),(14,17689),(17,6090),(18,12619),(19,26591),(20,27685),(27,20616),(28,7485),(32,1149),(33,23888),(35,19933),(36,6611),(37,18544),(38,24658),(41,18474),(43,9796),(44,29919),(48,19159),(51,25761),(53,27780),(54,26950),(55,25390),(57,24633),(58,15916),(63,3091),(64,9779),(65,28482),(66,15543),(68,19329),(69,20201),(70,1129),(71,8406),(72,24973),(76,14876),(78,16115),(79,21906),(83,3732),(84,17958),(88,13527),(89,483),(90,28416),(91,22745),(92,15882)]	200.920195
849	[(2,11302),(3,21664),(4,6575),(14,24681),(16,683),(18,3708),(19,11147),(20,11259),(22,26888),(25,14755),(26,15529),(28,20439),(29,17647),(32,30056),(35,2993),(36,4759),(37,18531),(40,19910),(44,27314),(46,20950),(47,11454),(52,30069),(58,1636),(59,22845),(60,8430),(62,21),(67,5471),(68,1892),(72,17033),(73,6310),(78,22082),(81,17171),(82,8909),(84,30197),(85,10850),(86,29963),(87,14900),(88,19416),(92,2845)]	172.381307
850	[(0,27165),(1,12186),(3,18697),(7,30264),(8,21542),(10,3372),(11,2008),(15,22155),(26,9798),(28,2521),(31,17555),(38,414),(43,35),(44,16729),(45,24587),(46,30376),(48,21690),(49,22601),(51,4524),(60,985),(61,24559),(65,28362),(70,8992),(73,2939),(74,9868),(75,20808),(77,25779),(79,6604),(82,30193),(83,24017),(85,21931),(89,14780),(91,24949)]	189.821255
851	[(1,1493),(6,24902),(7,29602),(11,22911),(12,23564),(14,1536),(15,2642),(18,27596),(19,27982),(22,28388),(24,14765),(26,13455),(29,12890),(32,18984),(33,4662),(36,2955),(37,2374),(40,19857),(42,30639),(45,9829),(52,11536),(54,10778),(56,28997),(61,16464),(67,13790),(68,5634),(69,8583),(71,22335),(72,7441),(73,28325),(74,28078),(75,9937),(77,6596),(80,21021),(81,27328),(83,19847),(84,1479),(85,25124),(87,1878),(89,14139),(90,2464),(91,11447)]	196.421104
852	[(0,25908),(3,13348),(6,7149),(7,3485),(11,21982),(13,8539),(14,15378),(15,27517),(16,6583),(18,16509),(20,20132),(22,17587),(24,16513),(27,26532),(29,20337),(30,24123),(36,12866),(38,29146),(39,258),(40,22608),(41,10074),(47,27469),(49,27184),(50,19571),(51,24343),(53,5339),(54,21212),(55,25274),(56,10316),(57,26772),(60,6873),(61,17696),(63,30274),(64,2656),(65,14248),(68,22183),(70,7121),(72,5322),(74,6039),(75,9875),(76,26206),(81,27949),(82,17292),(84,21642),(85,15723),(86,15260),(89,6550)]	197.736273
853	[(1,24949),(5,24242),(6,15584),(8,10198),(9,3943),(12,28895),(13,21046),(16,195),(18,21253),(20,25139),(28,22631),(32,3233),(36,7813),(38,20932),(40,22411),(43,21536),(45,30464),(46,1044),(47,11684),(48,8247),(50,17916),(51,26353),(53,25581),(56,20764),(57,3482),(60,22877),(62,20942),(65,29630),(66,19215),(68,27863),(69,21429),(70,14518),(72,19491),(73,11237),(77,14247),(78,610),(81,3831),(85,13120),(86,21239),(88,16318),(89,3727),(90,18524),(91,24349)]	195.407823
854	[(3,26956),(4,29484),(8,25745),(9,1418),(10,13445),(11,8913),(13,7359),(15,28390),(16,24312),(17,12638),(20,20601),(24,29840),(26,7040),(29,2916),(32,19864),(34,29895),(38,754),(40,27176),(41,16562),(43,21945),(47,22685),(48,18775),(49,8691),(51,1093),(52,30412),(54,12802),(55,26699),(56,6038),(59,18316),(61,15222),(64,9307),(65,4333),(66,7401),(67,25636),(72,7371),(74,73),(75,24200),(76,16224),(77,7987),(80,27714),(81,19609),(82,15402),(86,27990),(89,1664),(90,22834),(91,24516)]	187.515096
855	[(0,19580),(8,23562),(9,975),(10,3241),(11,29322),(14,27745),(17,21820),(19,6984),(20,23922),(21,3201),(22,11370),(24,4860),(32,24297),(34,1903),(35,22699),(36,23861),(38,18526),(45,10742),(47,13812),(49,24346),(50,23421),(51,18556),(52,7022),(53,5348),(54,30450),(58,25370),(59,6880),(60,17819),(62,8853),(64,27910),(67,28142),(69,19250),(70,2575),(72,11638),(74,28602),(75,9286),(76,8368),(78,3645),(81,7362),(84,20905),(85,1871),(86,3067),(87,16642),(88,20553)]	128.411684
856	[(3,23922),(4,3201),(5,10689),(8,1171),(10,6553),(15,22099),(17,777),(18,27440),(19,2991),(21,1822),(22,4790),(26,30535),(28,28043),(29,3023),(30,23443),(33,2593),(37,18994),(38,4724),(40,14703),(43,7072),(44,28353),(45,19450),(47,21505),(49,6000),(50,18788),(51,11022),(53,14966),(55,25090),(56,4352),(57,29240),(58,6430),(60,19744),(68,16223),(69,11110),(71,1523),(72,12853),(75,27207),(77,13179),(78,24371),(80,21963),(81,29378),(82,24928),(84,612),(85,4206),(86,10786),(87,26695),(88,10104),(90,9756),(91,5136),(92,12764)]	94.146019
857	[(0,11324),(1,11354),(2,1309),(4,5384),(5,13076),(8,5961),(9,29202),(10,20983),(12,16780),(13,969),(14,18087),(16,15588),(17,10020),(19,7503),(21,3333),(25,30530),(29,23859),(31,12225),(36,6511),(37,9872),(39,4793),(41,23374),(42,6437),(43,6852),(44,25344),(47,15517),(51,5343),(53,3821),(56,18554),(59,12928),(66,17015),(67,3863),(70,12612),(77,24608),(81,1615),(82,3716),(84,11894),(86,6599),(92,15902)]	87.818372
858	[(1,11863),(2,2192),(3,19377),(4,29233),(6,20663),(8,27122),(9,17832),(11,12251),(12,24992),(14,24623),(16,22759),(17,10266),(19,22652),(20,14798),(21,29211),(22,7508),(24,14204),(26,30240),(27,16297),(28,19783),(32,17628),(38,29629),(41,3231),(44,13777),(47,20026),(48,12144),(49,20469),(56,17779),(57,6882),(58,18599),(63,20414),(64,11641),(65,6145),(67,5554),(68,27449),(69,26119),(73,26927),(85,26997),(87,14584),(88,19112),(90,28609),(92,10724)]	88.431725
859	[(0,14722),(2,14588),(5,5761),(6,22307),(7,26251),(8,20746),(10,16767),(11,7310),(12,12074),(13,17654),(14,19859),(15,163),(17,27246),(18,18921),(19,26185),(21,20992),(22,25336),(23,19324),(25,21620),(26,9865),(30,9519),(34,22440),(37,18529),(39,6504),(42,2425),(46,7637),(48,11101),(57,29108),(59,236),(60,15995),(61,501),(62,29242),(63,14776),(64,25284),(69,30485),(71,5495),(73,8493),(76,14806),(77,22919),(78,14201),(82,17210),(90,8537)]	88.658473
860	[(0,23060),(2,7722),(9,4666),(10,24967),(12,12387),(14,24638),(15,21743),(20,8674),(21,3917),(23,9552),(24,12489),(27,8164),(28,21224),(29,13888),(30,8372),(31,26730),(33,18671),(34,15590),(35,3990),(37,29813),(39,8535),(40,6013),(43,17760),(44,29061),(45,28930),(48,7239),(49,23546),(50,12332),(51,23908),(56,2330),(57,22505),(59,22146),(61,11233),(63,3301),(66,20698),(68,19594),(71,10406),(72,16971),(73,8396),(76,8795),(77,18240),(78,14678),(81,8511),(83,4028),(86,15352),(89,2302),(90,9229),(91,25884)]	88.298516
861	[(2,6223),(3,12928),(5,9694),(9,25281),(11,17781),(14,10121),(18,23823),(22,16304),(23,1963),(30,9737),(31,28916),(33,11645),(34,12839),(35,27513),(39,5820),(40,8863),(41,21070),(42,8262),(44,16219),(46,12885),(48,6285),(49,10187),(51,24046),(53,2189),(54,12146),(56,16356),(58,8014),(59,21049),(60,4972),(64,1862),(66,5504),(67,21126),(70,19026),(71,20294),(75,4964),(76,16616),(77,23833),(81,12482),(84,23134),(86,30261),(89,6628)]	87.970104
862	[(3,22137),(4,4603),(5,12698),(7,30311),(10,3191),(13,10728),(23,12450),(24,14977),(25,2812),(31,27241),(32,8865),(33,2354),(37,11163),(38,24889),(40,20100),(47,6822),(48,30237),(49,10404),(50,17759),(51,12895),(52,28546),(54,24373),(58,28845),(59,8813),(61,11992),(62,9012),(69,4917),(75,15721),(77,3888),(78,23224),(79,5786),(81,22882),(83,15784),(84,467),(85,6477),(89,100),(91,19137)]	85.518184
863	[(0,13346),(1,28023),(4,6757),(9,2439),(11,28682),(13,23306),(14,25597),(15,3281),(16,29301),(19,29834),(20,880),(21,19836),(25,24234),(26,13756),(27,6832),(28,20427),(33,20077),(34,17851),(37,11916),(38,15118),(39,7567),(41,29390),(42,19284),(43,15924),(44,29844),(46,11618),(49,20577),(53,11404),(54,28148),(55,11331),(57,6372),(58,20119),(61,19113),(63,22589),(64,5571),(65,4354),(66,20806),(68,21537),(69,796),(75,2451),(76,21234),(78,26650),(80,18849),(82,7637),(85,1488),(86,19655),(87,6170),(92,232)]	105.139600
864	[(0,25905),(2,18852),(5,17041),(7,16373),(10,20168),(11,24950),(12,16158),(16,16586),(17,24088),(18,5370),(27,6010),(37,6948),(40,19294),(47,22932),(48,6908),(49,77),(50,8730),(51,18605),(52,7024),(53,6161),(55,20526),(56,10308),(59,21021),(60,27328),(61,15871),(62,9532),(64,22216),(70,13021),(75,19510),(78,22823),(80,391),(82,22678),(85,30602),(86,27937),(87,28906)]	87.988456
865	[(0,19187),(3,25235),(4,10032),(5,14460),(6,23120),(8,23651),(9,7054),(13,28251),(14,18834),(18,6683),(19,17101),(22,21219),(26,9665),(29,23217),(31,17316),(32,24673),(33,18258),(34,13537),(35,24365),(36,1534),(37,29515),(39,29338),(47,17510),(48,17415),(49,787),(50,24849),(51,15967),(52,26207),(55,23979),(58,28289),(60,26151),(61,18360),(62,15287),(67,23114),(69,21179),(70,5130),(71,23242),(72,15546),(77,5763),(80,17704),(84,1659),(86,550),(87,26387),(89,22577),(90,5100),(91,16814),(92,28225)]	83.377707
866	[(0,25863),(8,22976),(9,892),(10,29662),(11,3066),(13,18540),(15,25243),(18,76),(19,1660),(21,2749),(23,11013),(27,25928),(28,27406),(30,24161),(31,2177),(37,2127),(38,3163),(39,21178),(40,23907),(44,13599),(45,1960),(50,25492),(51,3231),(52,4969),(56,19080),(57,19092),(65,7465),(66,30461),(70,5092),(74,18217),(77,23497),(78,2414),(79,18769),(83,10875),(84,8824),(87,26207),(89,14765),(90,15660),(91,24051)]	84.056090
867	[(4,738),(8,20428),(12,4235),(13,20955),(14,27541),(20,16407),(21,264),(22,29204),(24,13171),(29,17543),(30,28769),(31,23731),(32,7510),(36,1988),(40,15624),(42,9623),(44,3042),(46,633),(47,7078),(48,7968),(49,4488),(51,22298),(60,1119),(63,4326),(64,8857),(65,3275),(66,1101),(67,24228),(71,12805),(74,29004),(77,18858),(79,7389),(81,17579),(82,26520),(83,10736),(84,30051),(87,24963),(90,19228),(91,9772)]	93.174525
868	[(3,20689),(4,28893),(5,15430),(6,5425),(7,4270),(10,17410),(14,26831),(17,21663),(18,16614),(20,29315),(21,27056),(24,10016),(25,9029),(26,13673),(27,16865),(28,9254),(31,22365),(34,19489),(35,884),(37,10133),(41,28754),(42,10116),(43,5815),(45,13059),(47,17819),(50,15015),(52,27370),(54,25259),(56,6979),(57,2251),(58,27236),(61,24138),(62,21204),(65,29170),(67,14258),(69,12879),(74,21151),(76,5199),(77,27752),(78,849),(80,1320),(81,6863),(83,6878),(92,22527)]	87.644683
869	[(0,27841),(3,26111),(6,14725),(7,10247),(8,17881),(9,15110),(15,28937),(18,13384),(22,5381),(25,4901),(30,4990),(31,19275),(32,2070),(33,10140),(35,8242),(36,4240),(38,27146),(40,4386),(41,1710),(46,5434),(50,24068),(53,22965),(54,853),(55,29337),(57,17998),(62,7792),(64,27525),(65,18528),(71,25107),(72,27354),(73,28549),(74,979),(75,22138),(76,11265),(79,30158),(81,25676),(82,21895),(88,21931)]	84.209328
870	[(2,1429),(3,321),(6,15988),(9,18534),(20,22915),(25,4741),(29,6430),(30,3398),(31,15687),(34,9180),(36,23211),(37,8081),(38,3371),(39,23971),(40,5519),(42,21002),(43,18622),(45,19827),(46,9715),(49,15807),(50,17715),(51,2838),(58,15826),(59,174),(60,18498),(61,16661),(62,22746),(66,6381),(68,21013),(72,23840),(73,2119),(74,29953),(76,26897),(77,23534),(78,14359),(80,16045),(83,23620),(90,11493),(91,11251)]	83.602288
871	[(0,19158),(1,12788),(2,529),(4,26184),(5,11353),(8,22819),(9,28681),(10,21513),(11,166),(12,6298),(16,6620),(17,1230),(18,28758),(19,21201),(20,5339),(21,23925),(22,13750),(23,23948),(24,16543),(27,5357),(28,13770),(29,5764),(31,13928),(33,20456),(34,20316),(38,4928),(39,21604),(41,20293),(43,26114),(45,17851),(47,20395),(49,24485),(50,26488),(51,29044),(53,3762),(54,15804),(55,2430),(57,14132),(58,18770),(59,30642),(61,29748),(63,2603),(64,21534),(67,23401),(70,26125),(71,28181),(72,9519),(73,13952),(75,12762),(80,22726),(83,30343),(86,19331),(88,26269),(89,23606)]	86.022213
872	[(0,24704),(4,13179),(5,24371),(6,5725),(7,19772),(8,28151),(12,9866),(13,8092),(14,4733),(16,17772),(17,16538),(18,29133),(20,21200),(21,21722),(22,22885),(23,11184),(27,14512),(28,2928),(32,15113),(33,21074),(34,3024),(40,30456),(41,18121),(43,15634),(47,7257),(51,14106),(52,3394),(53,1433),(54,13364),(56,8296),(57,25996),(59,2050),(60,24635),(61,5106),(63,4390),(64,21374),(66,12488),(67,18065),(70,28367),(74,4855),(75,21790),(76,24242),(78,29043),(79,17548),(80,965),(81,14434),(82,10799),(84,9569),(85,22468),(86,11636),(87,15857),(89,9374)]	84.640312
873	[(2,9965),(4,14401),(6,22127),(8,29636),(10,13739),(11,19418),(14,29194),(15,9673),(16,24190),(18,15808),(19,10763),(21,25559),(22,23998),(24,9279),(26,1313),(27,23732),(28,16831),(30,16566),(31,17183),(32,7486),(34,19238),(35,1726),(37,28743),(47,27984),(49,14170),(54,24393),(55,17107),(60,12143),(61,26332),(62,22226),(64,19858),(65,5120),(66,17433),(67,23718),(70,12407),(71,4785),(72,893),(74,21386),(76,29421),(78,16838),(84,3481),(85,18960),(86,21148),(89,26196),(91,9757),(92,12094)]	88.866495
874	[(0,4531),(2,1400),(3,29998),(8,23133),(12,15232),(13,7552),(15,24379),(16,25279),(17,3681),(18,4692),(21,9706),(22,13876),(25,9019),(29,14870),(32,5800),(36,17815),(37,22008),(38,21406),(40,30299),(41,23766),(42,27185),(43,1240),(44,21537),(46,16742),(47,30238),(49,2516),(52,20295),(56,16636),(58,13368),(59,23351),(60,13034),(63,29718),(64,3708),(65,26191),(67,9644),(70,1041),(72,13175),(76,24608),(77,17937),(81,19966),(84,23434),(85,828),(86,21284),(88,20551),(89,27718),(92,21617)]	86.800171
875	[(1,3114),(2,9031),(3,16535),(4,16545),(5,24536),(8,13077),(9,19258),(12,10007),(13,16144),(14,29888),(17,2997),(18,24489),(21,1179),(23,2961),(24,2519),(27,17986),(32,9622),(37,10204),(41,8052),(42,4759),(44,10026),(45,16122),(46,14401),(47,27286),(48,23303),(51,23431),(52,30001),(54,26478),(56,22819),(57,28681),(58,21513),(59,166),(60,26445),(61,8326),(62,18810),(64,16444),(66,7732),(69,24023),(72,17710),(75,22417),(76,23821),(77,17752),(78,20099),(80,4168),(84,28445),(85,4376),(88,4638),(89,30197),(90,10850),(92,21565)]	105.794955
876	[(0,3558),(2,19241),(3,2482),(6,903),(7,22593),(8,13824),(10,26424),(11,29962),(13,26163),(18,28294),(20,15732),(22,23846),(25,9840),(28,19311),(29,23160),(32,7170),(34,14876),(35,1239),(36,6573),(37,11451),(38,15362),(39,3201),(40,11370),(42,2702),(43,10669),(45,28220),(47,9660),(49,27433),(50,7241),(51,21267),(52,23811),(55,30504),(56,3655),(57,20859),(58,1095),(59,10091),(60,29117),(61,28067),(63,8439),(64,5784),(65,7480),(70,1941),(72,3297),(76,11990),(80,24024),(84,5762),(85,20209),(86,14757),(87,74),(88,11625),(89,4122)]	84.814556
877	[(0,25556),(1,76),(3,2821),(5,1941),(6,1438),(10,14119),(11,2307),(13,23726),(14,6235),(16,22064),(19,1377),(20,8960),(24,27501),(25,29625),(28,25246),(29,24418),(30,5253),(34,30123),(35,15499),(38,12967),(40,10364),(42,5574),(44,28716),(45,18883),(49,14917),(51,1420),(52,21229),(53,10752),(55,21615),(56,12060),(57,6136),(61,17003),(62,20626),(63,21473),(64,16717),(65,7884),(66,12322),(67,11208),(70,25152),(74,27825),(76,713),(80,26211),(81,72),(83,5095),(84,30462),(85,26524),(86,29889),(87,22465),(89,6790),(90,15675),(92,13458)]	85.121769
878	[(0,28850),(4,24855),(6,667),(7,17605),(10,617),(11,7450),(12,3125),(13,8794),(15,9103),(19,10054),(23,11615),(24,20294),(32,22519),(34,24984),(35,26802),(36,30383),(38,1999),(40,4505),(41,20323),(45,7767),(46,25748),(49,3072),(50,25596),(51,14756),(56,11418),(59,5719),(61,6992),(63,5709),(67,29221),(70,1630),(74,4320),(75,30264),(76,6894),(77,15436),(78,10753),(81,11557),(85,29557),(86,11822),(87,21672),(88,21885),(92,1624)]	91.669346
879	[(1,12768),(4,5058),(5,22829),(6,22973),(9,22907),(12,9031),(15,9340),(16,26266),(19,12017),(20,26336),(22,14525),(24,6201),(28,8724),(29,27007),(33,17121),(36,13939),(40,15234),(43,26283),(44,1535),(46,5014),(49,11226),(50,28920),(51,9293),(52,3182),(53,24240),(55,23425),(57,19692),(59,2178),(60,19927),(61,13641),(62,12671),(63,858),(67,9321),(68,17041),(71,4154),(72,9646),(74,13875),(78,28575),(79,6444),(80,5830),(82,13444),(90,21263),(92,2084)]	96.103305
880	[(0,30026),(1,26324),(3,18598),(4,7824),(5,15734),(6,20480),(7,22723),(11,7351),(13,3889),(17,27338),(18,8125),(20,2156),(22,1185),(23,17224),(25,16344),(27,20256),(29,18000),(30,4543),(32,14717),(33,27369),(39,8606),(40,17566),(41,20164),(48,9759),(49,18190),(50,27506),(51,14546),(52,14585),(54,28742),(55,30013),(57,18648),(61,7264),(62,13773),(63,2696),(67,10595),(68,19070),(70,30211),(73,21111),(82,8911),(83,1017),(88,5524),(89,2679),(90,11558)]	92.031678
881	[(1,23263),(2,3705),(3,25599),(4,12538),(6,22710),(7,4145),(11,20988),(18,27846),(19,896),(20,6320),(21,11591),(24,1271),(25,21911),(26,17274),(27,10634),(28,30005),(30,516),(33,26901),(37,26937),(38,29628),(40,15298),(42,2472),(43,19395),(44,1799),(46,22592),(47,14599),(53,25558),(54,27036),(55,19766),(58,18153),(59,17496),(63,4381),(64,6618),(67,18934),(68,11612),(69,30321),(72,25137),(73,19641),(74,10217),(76,15112),(78,14441),(79,25951),(81,21310),(82,27490),(84,6029),(85,6990),(89,6050),(90,16713),(91,24761)]	112.956753
882	[(0,26162),(1,9098),(2,26397),(5,6088),(7,890),(8,11008),(9,14040),(12,2083),(13,25237),(15,15008),(16,14856),(17,19723),(19,1867),(20,28899),(21,29394),(25,15101),(27,9090),(28,15727),(31,21277),(33,30384),(34,26722),(36,25855),(37,1664),(38,22834),(39,24516),(40,27367),(43,15760),(44,13962),(47,6243),(48,6516),(54,23658),(57,182),(58,2084),(60,18304),(61,14981),(62,6267),(63,24548),(69,28328),(71,25556),(73,1998),(74,23019),(77,27029),(79,6032),(81,6057),(82,19838),(83,4107),(86,7740),(88,289),(90,4840),(91,19650)]	89.683241
883	[(1,20817),(2,235),(4,14884),(5,8519),(9,9606),(10,15366),(11,29836),(13,25056),(14,30248),(15,7768),(20,7868),(21,15481),(22,15737),(23,12005),(26,22230),(27,12752),(29,20650),(33,15664),(34,9909),(38,12834),(40,11188),(42,30513),(44,14360),(45,19281),(47,21901),(49,30416),(50,13514),(58,16806),(60,4754),(62,7012),(63,6903),(64,5028),(69,13453),(70,7040),(73,30411),(74,5360),(78,27249),(79,26654),(82,14752),(84,17605),(86,13406),(87,30110),(89,13381),(91,25954),(92,14292)]	87.564673
884	[(0,18371),(3,4512),(8,25721),(10,5988),(12,27245),(13,15038),(17,25073),(18,18318),(24,3947),(25,7154),(26,28278),(29,18023),(31,16990),(32,13851),(33,14826),(36,18396),(39,20220),(42,3745),(48,19061),(50,28085),(52,16320),(56,26434),(58,12764),(61,27320),(63,28471),(65,29710),(66,17991),(67,685),(68,13140),(72,28284),(74,30152),(78,13453),(79,13356),(80,9151),(82,21466),(85,30383),(87,1437),(88,21814),(89,7461),(92,19723)]	84.075442
885	[(0,23914),(2,5278),(3,18460),(7,14694),(11,23414),(12,4760),(14,14938),(15,19609),(16,9431),(18,496),(20,30077),(21,2783),(22,20480),(23,22723),(26,14530),(28,25721),(33,21417),(34,22614),(35,15223),(36,8341),(37,24041),(38,7670),(39,10135),(40,2226),(41,28076),(42,16607),(45,20104),(47,18665),(49,18089),(50,12261),(51,22781),(52,12345),(58,24533),(59,9278),(60,15437),(61,24595),(62,30195),(63,12083),(68,8844),(70,29640),(71,16897),(72,15790),(75,25102),(76,23303),(78,3477),(79,15243),(80,17519),(81,8056),(82,27914),(86,18479),(87,6911),(89,9570),(90,25501),(91,17657)]	84.484895
886	[(0,28647),(2,25714),(4,29075),(10,11207),(12,14862),(14,3337),(16,20418),(17,27948),(18,15278),(21,1052),(23,15971),(25,25308),(27,6125),(29,12654),(30,20101),(32,14644),(35,11883),(36,3425),(37,7443),(41,20598),(43,17172),(45,18704),(48,8177),(51,7164),(53,20045),(54,4915),(60,4893),(61,14719),(63,1293),(64,25464),(65,15708),(66,41),(67,19379),(70,29462),(73,2295),(76,18891),(77,15807),(78,15128),(80,2161),(82,1275),(83,22060),(85,24401),(87,6245),(89,19709),(90,28916),(91,2565),(92,23229)]	103.489553
887	[(2,7251),(4,3235),(8,10338),(9,3216),(11,24420),(12,4446),(14,9287),(15,12517),(18,13112),(24,14556),(28,29713),(32,26748),(36,9065),(39,17243),(42,29445),(45,8360),(47,4675),(53,6014),(55,4213),(56,13606),(57,5813),(60,19642),(61,10989),(62,14610),(66,18709),(70,22330),(76,5569),(79,2378),(83,13389),(88,8694),(90,10153),(91,12656),(92,17176)]	88.345732
888	[(0,10158),(1,21026),(6,26130),(8,8930),(10,29281),(16,20689),(18,23484),(19,12013),(20,28723),(33,18711),(34,24630),(38,19741),(39,18078),(40,19954),(44,21682),(53,23337),(54,13252),(55,16038),(56,20528),(57,26226),(58,29765),(62,5147),(64,25238),(66,13655),(69,2246),(73,27431),(75,22122),(76,15250),(77,12426),(79,4975),(80,8250),(82,13283),(83,27671),(84,22013),(85,9959),(86,29830),(92,28379)]	86.117698
889	[(0,27500),(3,23049),(8,15979),(12,10429),(13,28762),(15,20447),(20,3700),(22,8029),(23,10013),(24,28644),(25,14554),(26,20627),(31,28322),(33,1957),(34,8705),(35,608),(37,7588),(42,30486),(43,21479),(44,28967),(45,9),(54,18862),(56,22160),(58,6707),(59,12617),(60,21824),(61,14377),(64,15129),(65,23167),(67,12349),(68,3982),(70,18242),(72,5735),(73,4018),(76,9762),(80,4927),(81,16188),(82,11734),(83,17646),(84,22603),(85,17860),(86,7492),(87,22828),(91,344)]	96.908283
890	[(0,6710),(3,21125),(5,7739),(6,9657),(9,22114),(13,5945),(16,29672),(19,10949),(20,11789),(24,22068),(25,21777),(26,7745),(30,25649),(33,19845),(35,1284),(37,23232),(38,6784),(39,308),(40,20148),(45,22640),(46,27269),(47,18452),(49,26852),(50,2041),(51,8799),(53,3745),(57,20722),(58,24547),(63,9847),(66,26131),(67,1643),(68,5103),(69,18542),(73,20627),(76,12857),(77,16702),(78,29182),(79,10794),(84,8198),(88,24333)]	91.074006
891	[(3,5929),(4,6895),(5,990),(11,28900),(12,14592),(14,19943),(15,23260),(17,28129),(19,28492),(20,16458),(21,862),(22,22624),(24,16445),(30,25651),(32,22444),(33,11698),(35,10697),(37,2486),(38,22321),(40,15650),(47,14103),(48,5681),(52,10747),(54,24183),(56,23075),(57,876),(58,20037),(59,11450),(60,12445),(61,28209),(63,8401),(64,28442),(65,4495),(70,16012),(72,218),(73,15085),(78,1763),(79,19971),(80,25135),(84,18597),(85,14568),(87,28068),(88,22874),(90,15095),(92,6405)]	89.989754
892	[(0,1305),(2,7147),(4,1234),(8,25994),(13,25115),(14,2599),(15,23465),(16,12936),(17,10614),(20,11360),(21,222),(22,1214),(23,15056),(24,19774),(25,29458),(26,18971),(27,29528),(32,29806),(35,30026),(37,10511),(39,30193),(41,21609),(49,26420),(51,26140),(53,11077),(55,14000),(56,5005),(59,18687),(61,23355),(64,16993),(66,2415),(67,26338),(71,10572),(73,27608),(76,27215),(79,2237),(80,247),(88,8872),(91,11628),(92,15670)]	88.146854
893	[(1,4610),(2,22665),(4,13068),(13,29625),(16,12797),(17,17768),(23,3673),(24,2481),(27,1450),(28,4910),(30,28562),(31,7649),(36,10510),(43,23730),(46,16552),(54,126),(55,24398),(56,23708),(57,11938),(58,2926),(59,30614),(64,6641),(66,27563),(67,29083),(68,27921),(70,21388),(75,3897),(77,27226),(79,28758),(84,2490),(85,24499),(86,15899),(87,21152),(89,2108),(91,16435),(92,15079)]	90.828260
894	[(2,10910),(4,26128),(5,8801),(9,30496),(10,20083),(11,12929),(12,5600),(15,17654),(18,12644),(20,21933),(28,7085),(31,3560),(34,25650),(35,24357),(36,29347),(38,15065),(42,25454),(43,13159),(44,25320),(45,9849),(50,22288),(53,5517),(56,22940),(58,18101),(59,18965),(62,8177),(65,29653),(67,18290),(73,28840),(74,15725),(76,23119),(79,826),(80,20520),(81,22149),(83,23483),(85,1161),(87,8659),(89,25003),(90,28128),(91,5799),(92,30393)]	88.144299
895	[(2,7907),(3,3294),(4,5304),(5,22599),(6,11539),(7,10704),(12,7700),(13,10632),(18,28411),(22,8270),(27,11034),(32,21597),(33,13921),(34,11962),(36,16650),(39,2489),(41,5802),(42,9811),(43,1917),(44,26834),(45,30564),(46,30379),(50,18167),(51,6657),(57,17385),(58,546),(60,20915),(61,17851),(62,783),(64,18443),(65,6569),(66,19816),(67,9183),(72,19280),(73,11317),(74,3598),(75,30254),(77,27964),(79,5101),(80,5362),(85,23957),(86,18570),(87,3471),(89,17065),(90,5503)]	85.749796
896	[(0,3544),(7,26724),(10,30228),(15,1398),(21,13201),(24,18313),(26,549),(27,27497),(29,2757),(30,13914),(33,16023),(39,6171),(41,22811),(44,9805),(47,27060),(49,13597),(50,3587),(55,30483),(56,9509),(57,11989),(59,14364),(61,28435),(63,6224),(65,2273),(67,14873),(76,21222),(78,25497),(79,29017),(81,12649),(84,5618),(85,22864),(90,19576),(91,25445),(92,30426)]	85.268385
897	[(1,14053),(7,682),(9,26828),(12,27053),(13,17492),(16,7160),(19,1463),(22,13303),(25,5031),(26,13045),(28,18794),(31,18720),(32,18149),(34,10587),(37,20358),(39,1174),(40,757),(43,4755),(45,20230),(47,3515),(49,30193),(51,28894),(53,7529),(55,9863),(56,26587),(57,19580),(63,18726),(64,21483),(66,20460),(68,30401),(69,12192),(70,4110),(74,16049),(76,16899),(78,4881),(79,1702),(81,97),(82,12126),(83,3927),(86,14668),(87,27434),(88,10942),(89,19323),(90,22209)]	85.265882
898	[(0,20555),(2,4748),(3,1282),(4,13443),(6,6532),(9,13247),(10,3831),(15,24769),(17,21215),(21,30375),(25,248),(30,16547),(31,24185),(32,4468),(33,4560),(36,16910),(38,11506),(39,23192),(43,12860),(47,29535),(48,8304),(49,8532),(51,15593),(52,27779),(53,8967),(55,15827),(56,1961),(57,28207),(58,4968),(59,11249),(60,12212),(61,6135),(62,5300),(65,11494),(67,3288),(69,20221),(70,1578),(72,19013),(74,10687),(75,30475),(76,15045),(78,30506),(79,1391),(80,9580),(81,12934),(83,16446),(85,24742),(87,29508)]	103.324111
899	[(1,15213),(2,12145),(3,17577),(7,10545),(9,7004),(10,17793),(11,14190),(15,6033),(16,7409),(17,4418),(19,17287),(21,26619),(24,8037),(25,28353),(26,19450),(27,9038),(29,23454),(30,5968),(31,3138),(32,10612),(33,8977),(35,13254),(36,3065),(38,19272),(40,25225),(42,19522),(47,27941),(52,28604),(53,1797),(54,10904),(55,17765),(58,1895),(59,18886),(60,4782),(63,27252),(64,11685),(65,13923),(67,27016),(68,16837),(69,14724),(71,5286),(74,15806),(78,10018),(79,1803),(80,27542),(81,26799),(83,8683),(84,9376),(86,22390),(87,6739),(89,6202),(91,15010),(92,24601)]	84.433761
900	[(0,4987),(5,23641),(7,9441),(8,671),(11,1318),(15,21162),(22,11028),(23,7412),(27,1976),(29,16780),(31,23088),(33,6602),(35,13482),(36,21758),(38,7082),(39,19310),(41,10108),(42,17982),(43,25991),(46,26031),(48,23088),(49,13916),(51,16037),(52,4266),(56,10066),(57,8104),(58,29825),(60,18694),(61,1164),(63,25933),(64,15306),(67,20217),(71,10574),(74,26383),(75,7671),(76,10092),(80,13031),(82,24242),(83,15584),(85,10198),(86,3943),(89,28895),(90,21046),(92,1806)]	93.746477
901	[(1,9056),(2,17376),(4,13607),(7,29233),(8,18254),(9,14759),(10,20639),(13,13742),(18,5023),(21,23250),(27,5537),(28,19741),(30,24827),(32,9370),(33,29879),(34,9027),(37,29877),(39,13852),(41,2851),(42,25614),(46,9823),(47,6419),(48,11262),(50,2989),(52,29436),(53,18459),(54,13333),(56,26006),(57,26511),(59,22391),(60,18769),(63,3280),(66,30348),(68,7216),(69,8908),(70,3573),(72,18824),(78,19212),(80,12450),(81,14977),(82,2812),(83,27963),(84,7761),(90,17332)]	89.573613
902	[(1,13803),(2,12803),(7,8880),(10,11116),(11,9888),(12,13472),(15,28808),(17,7814),(19,5675),(20,16358),(23,14912),(26,21209),(29,27735),(30,9523),(32,16439),(34,23816),(35,2404),(36,28136),(39,30191),(47,22064),(49,27114),(52,14701),(53,9745),(56,12188),(58,17008),(63,10014),(65,27943),(66,30529),(70,30441),(73,12140),(74,11555),(77,15836),(78,9169),(80,20523),(82,3869),(86,8613),(87,19260),(91,6619)]	94.815214
903	[(0,24531),(1,8935),(7,10700),(9,22063),(12,10257),(13,6266),(16,21985),(17,4020),(18,24937),(19,18220),(20,16828),(21,20694),(22,15256),(26,25360),(27,9278),(28,12031),(29,19430),(30,22354),(31,4169),(34,16729),(38,11865),(40,27143),(41,14398),(43,25936),(46,27551),(49,16121),(52,30377),(53,15453),(57,8671),(59,11533),(60,24691),(62,8563),(63,6676),(67,12754),(71,23725),(72,23645),(73,14357),(77,19375),(79,14223),(80,1314),(81,29275),(82,1127),(85,12170),(90,18370)]	86.689643
904	[(0,19343),(2,16508),(3,20452),(4,14845),(6,1697),(8,28171),(9,5415),(11,20714),(13,27414),(17,10151),(18,30559),(20,23363),(21,25635),(22,16916),(26,16261),(27,29837),(28,1207),(29,10593),(30,24711),(31,8949),(32,22990),(34,14537),(35,18429),(37,21945),(44,20899),(45,5032),(46,7364),(47,7632),(49,20771),(50,1102),(51,25185),(53,24296),(54,5731),(55,18833),(57,2004),(60,30183),(61,14571),(68,24668),(71,1522),(78,24755),(79,10419),(81,29241),(83,6103),(87,7950),(91,24404)]	87.404958
905	[(1,9000),(2,11118),(4,4275),(5,26523),(6,9891),(7,4021),(8,26488),(9,29044),(16,24770),(17,14205),(20,19788),(23,17770),(24,5334),(25,25429),(26,7502),(27,1060),(28,17521),(30,26318),(32,8198),(33,20709),(35,9235),(42,8078),(44,29399),(49,18808),(50,1409),(52,26850),(54,16989),(57,10833),(62,14656),(63,21140),(65,3735),(67,18756),(71,7770),(72,18522),(75,9637),(76,11468),(77,22003),(79,15234),(82,1139),(83,15844),(85,14261),(88,7984),(91,30104)]	88.010759
906	[(2,11906),(3,16946),(5,30476),(9,25077),(11,9799),(12,8033),(14,3255),(15,13407),(17,21908),(18,4537),(20,13112),(21,19765),(23,28298),(25,10808),(29,3715),(30,27981),(33,11664),(34,16160),(38,1931),(39,25968),(40,21159),(43,7040),(46,5751),(48,7546),(49,13716),(50,7902),(52,13546),(53,16885),(54,23712),(55,13431),(56,21054),(58,6096),(59,13361),(61,24523),(64,26570),(68,27957),(70,5072),(72,4331),(74,2980),(75,4164),(78,13380),(79,3817),(81,16527),(83,11348),(90,14286),(91,28891),(92,13853)]	88.068165
907	[(1,20759),(2,19068),(3,16112),(5,21091),(6,1400),(7,29998),(10,5979),(14,27577),(15,23616),(16,17140),(17,14747),(20,14353),(22,23088),(24,1549),(25,138),(27,11806),(29,2347),(30,86),(31,4642),(33,9929),(34,13161),(39,6588),(42,7027),(44,9994),(46,7085),(53,9407),(56,22313),(57,20855),(58,18751),(60,8813),(62,11992),(63,9012),(65,387),(66,22467),(69,10469),(70,22512),(75,6007),(77,7006),(78,244),(79,14059),(82,5481),(92,23693)]	84.664746
908	[(1,17796),(2,18527),(3,17635),(7,29203),(8,12431),(9,3378),(10,11176),(12,11906),(13,20383),(14,9945),(16,3507),(19,29686),(24,26815),(25,28335),(26,17617),(27,28175),(28,7267),(31,18297),(37,9348),(39,11403),(40,8851),(41,13095),(42,21826),(43,25107),(45,11631),(47,8382),(50,18061),(53,3708),(54,10705),(55,7384),(56,4978),(57,15567),(58,16531),(60,145),(64,6205),(67,979),(68,20277),(70,13055),(73,24003),(74,3394),(75,22704),(76,26878),(77,28016),(79,30288),(80,18818),(81,14941),(84,19357),(85,11553),(86,16904),(88,20170),(90,11496),(91,26137)]	86.057932
909	[(3,18511),(4,28605),(10,29152),(15,15381),(17,10208),(18,9528),(19,21566),(25,22041),(26,10327),(30,10529),(31,6571),(32,11178),(33,19337),(34,2417),(35,28728),(37,15541),(40,17615),(44,4885),(47,10498),(48,30542),(51,30631),(52,27667),(53,19350),(54,20031),(55,15780),(56,6185),(57,21251),(58,20630),(59,14857),(62,2088),(64,19181),(68,11649),(69,9659),(71,1566),(73,293),(78,19980),(79,28690),(80,13498),(82,4128),(86,7168),(87,5828),(88,27822),(90,21057)]	92.809621
910	[(1,12222),(2,17665),(5,988),(6,247),(11,14486),(17,14451),(19,25902),(20,5361),(22,11575),(23,4543),(25,30093),(29,21751),(30,10065),(31,21206),(32,287),(36,20772),(38,11883),(41,22852),(42,28601),(45,17501),(46,26093),(49,7989),(50,20270),(51,205),(52,11650),(57,11190),(59,16787),(61,6704),(63,6700),(65,23129),(66,10166),(67,20566),(71,26196),(76,14653),(79,976),(80,13484),(81,29922),(83,11877),(89,6558),(91,26708),(92,24092)]	97.587074
911	[(1,17336),(6,25766),(8,26008),(14,24445),(15,23295),(16,3430),(18,15517),(21,19655),(22,6170),(25,15140),(27,29386),(29,6460),(30,28172),(31,12261),(32,9491),(35,20281),(36,976),(37,20911),(38,9688),(40,28325),(41,28078),(42,106),(44,20495),(46,17159),(47,5937),(49,17254),(50,16611),(53,19963),(55,22854),(58,9332),(60,21459),(63,14075),(64,25554),(65,67),(67,14721),(70,2039),(72,11709),(76,19542),(83,4298),(86,2774),(87,20801),(88,21628),(90,5389),(92,14117)]	93.079628
912	[(2,29965),(3,3717),(4,26994),(5,20890),(6,2909),(12,20034),(17,12267),(19,5633),(21,26790),(26,13454),(29,6665),(31,16498),(32,20581),(34,19674),(36,17231),(37,13301),(39,7970),(42,22),(43,4326),(45,7249),(46,22495),(47,16348),(50,6440),(51,5902),(53,22454),(54,21959),(58,21884),(60,21016),(63,12273),(66,17239),(67,14363),(70,28023),(71,12678),(72,22347),(74,22890),(76,4108),(77,10640),(80,4062),(83,14735),(84,23723),(86,11373),(87,24468),(89,11264),(90,27091)]	87.479488
913	[(0,5526),(1,27420),(2,6784),(3,28901),(5,6233),(7,16725),(9,416),(10,4000),(11,24317),(12,7591),(18,7392),(19,29307),(20,13426),(21,16800),(22,752),(23,4918),(25,24934),(26,12755),(29,11808),(30,136),(31,15876),(35,29622),(36,15248),(39,8533),(40,27244),(41,2516),(44,1242),(47,7151),(49,307),(51,884),(53,19330),(54,5431),(56,11491),(57,21792),(62,4262),(65,7910),(68,16931),(69,25528),(71,20787),(72,11276),(73,11540),(79,15859),(83,26531),(84,13245),(86,22843),(87,18237)]	97.894252
914	[(0,738),(1,21177),(2,5510),(5,20081),(8,28280),(9,11135),(10,11546),(12,16720),(14,7914),(17,17162),(21,8439),(23,2898),(25,18825),(26,839),(32,3559),(34,17901),(37,19414),(44,25975),(46,1601),(48,1225),(51,7797),(54,20825),(55,24790),(56,20816),(59,9207),(62,17389),(64,15782),(65,4815),(73,22840),(76,28204),(80,22048),(81,1270),(84,17347),(87,2148),(89,12282),(90,22775),(91,14583)]	90.885805
915	[(0,12664),(3,17173),(5,404),(10,2929),(14,4186),(15,4113),(16,10464),(17,13152),(18,27010),(20,17049),(26,26082),(28,9589),(29,3452),(30,16483),(31,19486),(32,14278),(33,16850),(34,27194),(36,7009),(38,3856),(39,27686),(40,15731),(44,10735),(46,16468),(50,26710),(51,8710),(57,19473),(58,5824),(60,23326),(65,3504),(66,21380),(67,3463),(71,17065),(72,648),(73,20852),(74,7740),(75,9165),(78,12725),(82,26465),(86,1445),(89,3163)]	85.538372
916	[(0,24212),(2,28100),(4,23499),(9,12116),(12,22619),(13,4991),(14,4544),(18,6281),(19,27223),(20,25644),(21,21755),(22,24020),(23,30263),(24,8526),(27,11043),(31,13812),(32,1742),(33,21651),(36,1267),(40,1788),(42,4184),(44,29886),(47,5514),(48,8807),(50,25820),(52,4549),(53,17641),(54,15415),(59,1262),(63,14011),(67,10170),(68,20924),(70,30119),(72,15490),(74,4532),(75,3900),(77,4366),(78,24419),(79,7404),(84,5043),(85,26569),(87,5432),(88,25434),(90,21603),(91,18877)]	87.704451
917	[(0,22424),(3,26279),(5,20357),(6,3881),(7,5841),(8,30060),(9,26866),(10,19154),(11,13258),(14,13410),(17,1774),(19,13753),(20,4527),(22,25428),(25,29409),(26,4693),(28,17758),(32,17210),(35,24749),(40,14016),(44,6724),(45,17816),(46,7010),(48,13173),(49,7939),(50,16469),(51,8437),(54,23080),(55,11830),(56,14952),(57,5165),(58,1601),(59,11321),(61,28441),(62,6100),(63,2613),(64,4216),(65,22612),(66,5056),(67,4304),(68,6199),(71,14591),(73,12785),(74,24847),(79,14511),(82,10023),(83,7712),(84,28039),(87,1465),(89,20963),(92,26798)]	86.603722
918	[(4,18526),(6,7711),(11,1327),(12,25846),(15,28866),(18,21557),(20,19459),(21,23816),(22,11665),(23,4325),(27,22272),(29,2484),(30,24886),(34,11139),(35,23049),(36,2150),(41,9307),(42,4333),(43,29465),(46,20922),(48,16586),(49,22358),(50,957),(53,17149),(55,2659),(57,22248),(58,30240),(59,16297),(60,26148),(62,26221),(63,6953),(64,1871),(65,11353),(67,20456),(69,30342),(71,22611),(73,16971),(74,8396),(75,20108),(77,23563),(78,28763),(79,7694),(81,26482),(90,5307)]	85.143575
919	[(0,476),(2,20427),(3,23749),(4,11021),(6,6888),(7,14657),(11,30189),(13,11530),(16,28049),(17,27764),(18,22728),(19,18460),(20,4456),(21,1883),(23,2322),(25,18983),(29,10901),(30,9186),(31,6449),(33,25459),(37,19700),(40,16880),(41,17406),(42,1396),(43,22685),(44,18775),(50,6241),(52,29168),(53,7150),(54,21179),(55,5130),(56,17893),(57,8774),(59,1293),(60,27833),(64,6128),(67,21679),(68,13203),(70,12750),(73,21343),(74,13304),(76,11449),(77,30389),(80,12378),(81,769),(82,3210),(84,8523),(87,30593),(88,5173),(89,14445)]	85.772616
920	[(0,20785),(3,10691),(5,29234),(9,28184),(10,14092),(14,15163),(15,27454),(16,8058),(20,12419),(21,361),(22,14605),(23,25301),(25,17978),(26,2698),(29,14198),(33,21270),(35,21326),(36,30056),(38,28045),(41,25247),(43,936),(44,25793),(46,6274),(52,7811),(53,10410),(57,12055),(60,6098),(61,17534),(65,26304),(66,10434),(68,6334),(70,21643),(72,3280),(74,26453),(81,23124),(83,11944),(84,29918),(85,25931),(87,17622),(89,14672)]	85.761371
921	[(3,22332),(4,12716),(5,23738),(6,26759),(7,18208),(8,28023),(10,15343),(11,662),(12,5034),(13,3222),(15,21953),(16,18053),(17,3502),(19,24247),(20,4624),(21,10713),(29,11724),(30,1358),(32,1381),(33,18961),(34,12486),(37,8883),(40,24436),(41,19348),(44,8031),(45,2850),(46,26685),(48,18160),(49,6147),(51,27810),(54,23201),(56,4570),(59,14113),(61,11208),(62,30258),(63,30013),(66,4948),(67,5188),(68,2801),(71,15362),(79,8972),(81,1867),(82,7092),(84,19713),(85,14567),(87,2721),(88,16829),(89,13787)]	104.579749
922	[(2,20032),(3,5324),(9,7761),(11,10845),(14,25512),(18,6060),(20,1875),(24,28520),(25,1431),(26,23731),(29,15858),(31,24724),(33,8763),(34,30259),(35,15526),(38,17628),(43,22467),(46,23891),(48,13945),(51,5409),(53,20279),(54,13254),(55,28475),(56,23109),(58,14928),(59,4744),(62,16021),(63,11424),(65,16466),(67,24997),(69,5210),(72,14356),(74,14878),(76,947),(77,10555),(78,28108),(84,19073),(88,4119),(92,7797)]	95.517674
923	[(3,7645),(4,6050),(5,16713),(6,24761),(7,25120),(9,15604),(10,16054),(11,28789),(13,30296),(14,25578),(18,19273),(20,24297),(21,616),(24,8863),(25,21070),(26,19089),(29,12622),(30,10617),(31,15044),(32,9620),(33,25822),(34,25964),(35,7997),(36,12708),(37,3366),(38,23431),(39,29783),(40,25068),(41,8783),(46,2514),(47,1143),(48,8363),(49,6053),(50,30234),(51,28136),(54,5314),(55,21469),(56,12996),(58,5883),(59,1815),(60,29524),(61,2189),(62,12146),(65,10246),(67,4704),(68,17947),(69,24444),(73,17467),(78,26981),(79,11660),(80,13010),(82,19962),(84,10363),(88,24838),(89,2959),(91,2733),(92,25926)]	91.438540
924	[(1,11538),(11,15055),(14,3358),(18,22943),(19,853),(20,8699),(22,26721),(23,20456),(24,531),(25,14690),(26,29304),(28,14180),(33,14099),(38,16596),(40,6835),(43,26032),(45,25390),(48,2525),(49,12715),(50,14214),(52,15018),(55,27227),(60,20706),(63,9953),(65,19839),(68,8273),(69,5944),(70,23867),(73,4117),(75,19977),(76,23898),(77,29415),(78,20790),(80,18239),(82,3567),(83,23252),(87,14175),(91,7826),(92,27749)]	90.649910
925	[(1,16128),(2,25243),(4,25214),(5,3170),(7,12965),(8,12389),(10,29276),(12,654),(13,29475),(14,4953),(17,28201),(18,14095),(22,9520),(23,30435),(26,18514),(27,23206),(28,4370),(29,21622),(31,14020),(34,8796),(37,26544),(39,1463),(40,4450),(43,29195),(44,25816),(45,5561),(51,12800),(52,38),(53,990),(54,25319),(56,3622),(57,22501),(58,2434),(59,26840),(60,20428),(62,2060),(63,20776),(64,29449),(66,1126),(67,23264),(68,17059),(69,21290),(70,10010),(72,17608),(77,7792),(78,22468),(80,8043),(82,8587),(87,5694),(88,28850),(90,15491),(91,27444),(92,29783)]	87.713634
926	[(0,2960),(3,7518),(6,14263),(7,932),(9,20362),(10,23951),(12,22494),(14,2250),(17,9146),(20,9841),(23,19997),(24,237),(26,11780),(30,9026),(33,7758),(34,18251),(36,27606),(37,7002),(38,28838),(39,19519),(43,1300),(45,21099),(46,28192),(47,5424),(51,17898),(59,5312),(60,3302),(63,14004),(64,1037),(65,24126),(68,3358),(69,11666),(70,19177),(71,11338),(72,27903),(73,191),(75,16143),(78,27272),(80,23691),(81,21516),(84,20343),(86,26355),(88,18482),(89,23233),(92,15523)]	85.974517
927	[(5,1018),(7,28168),(11,14155),(16,2104),(17,2301),(20,21648),(24,22238),(27,25672),(31,1465),(32,3650),(38,13366),(39,1432),(41,8765),(44,21890),(47,6324),(48,29528),(52,26541),(58,18676),(59,13681),(60,7566),(62,25935),(63,7883),(64,4872),(66,22359),(67,14781),(72,21539),(75,2492),(76,26093),(78,25495),(80,15720),(84,21983),(86,10991),(89,11642),(92,3410)]	89.469157
928	[(0,23054),(1,25760),(2,17507),(3,13066),(4,26613),(5,29964),(6,10070),(7,6160),(12,25614),(13,631),(14,27386),(17,3096),(22,187),(23,13863),(24,959),(25,9444),(26,20118),(27,7639),(31,28600),(32,8665),(37,5480),(38,11798),(40,22727),(41,5870),(42,3477),(44,2616),(47,1440),(48,17428),(49,25128),(52,8449),(54,8918),(58,28973),(61,10409),(62,3239),(64,11065),(66,22953),(68,1474),(70,24319),(73,130),(74,12226),(75,19951),(77,19419),(78,11001),(80,23214),(83,23519),(86,5485),(89,1588),(91,27463),(92,16966)]	95.182245
929	[(0,10182),(1,20340),(3,20640),(5,186),(6,28934),(7,15590),(9,10092),(12,29877),(14,8126),(16,1425),(20,218),(21,15085),(22,24876),(24,22835),(26,294),(28,13818),(29,7779),(31,29178),(32,22988),(34,24847),(36,29160),(40,22006),(41,13136),(47,11666),(49,24455),(51,23763),(57,30195),(58,11696),(60,25818),(62,12392),(63,25731),(64,13972),(66,15895),(70,22119),(71,11708),(73,27714),(77,28053),(80,12378),(81,7327),(83,27462),(86,27350),(87,16488),(91,17673)]	89.230427
930	[(1,6646),(5,8392),(7,1550),(8,20694),(9,22088),(11,28041),(13,8737),(17,25639),(18,3189),(23,26679),(25,8251),(27,26396),(28,26116),(33,16523),(34,26358),(35,11977),(38,5784),(41,26984),(42,6076),(43,1946),(46,22599),(48,16847),(49,7666),(50,1333),(51,19469),(55,10869),(56,26959),(57,15303),(60,2441),(62,26472),(63,29405),(64,1503),(69,10863),(75,19764),(77,2833),(78,15561),(81,28238),(83,20926),(84,27065),(85,22122),(86,5566),(88,18565),(90,14048),(91,30623),(92,6769)]	87.759023
931	[(2,13201),(4,7248),(8,29237),(11,17949),(12,17100),(15,10642),(16,30112),(17,16170),(19,13399),(22,7396),(23,18511),(24,28605),(25,13895),(26,17988),(27,24311),(32,526),(36,15924),(38,29217),(42,29617),(44,21035),(46,14940),(47,1708),(49,2752),(50,26312),(55,13248),(56,28690),(61,7331),(63,30088),(66,29683),(69,10557),(72,24087),(73,20186),(77,12764),(79,5879),(80,6407),(81,9203),(83,3929),(86,28780),(87,8900),(90,13108),(92,3184)]	83.286036
932	[(1,30479),(2,16110),(7,20236),(8,21671),(15,28337),(17,14767),(18,9335),(20,8209),(21,2868),(25,5332),(28,3732),(30,10484),(31,28857),(35,3936),(37,9022),(40,7197),(42,33),(45,23961),(49,14297),(50,24136),(52,25192),(53,18717),(55,19448),(58,12952),(63,15399),(64,8501),(66,8410),(68,20487),(70,20497),(79,5523),(81,29096),(83,19706),(85,17716),(87,3286),(88,13251),(89,23836),(92,20792)]	98.076657
933	[(2,18949),(4,15017),(5,12663),(6,25520),(7,10423),(10,17129),(11,13369),(14,34),(15,14772),(16,17344),(23,17718),(28,8687),(29,17804),(30,21841),(32,13158),(37,29580),(39,7319),(41,3849),(42,12692),(43,20705),(44,25287),(47,27095),(49,30157),(51,7218),(52,15390),(55,6327),(59,25575),(61,19498),(62,25749),(63,3839),(65,22174),(67,11476),(72,17754),(78,16546),(79,14990),(83,1082),(87,28042),(89,12649),(90,8565)]	97.813949
934	[(1,21600),(3,23178),(7,27962),(8,28829),(11,5775),(14,2306),(17,3847),(23,19382),(27,1814),(28,9675),(29,14485),(30,21739),(32,17153),(34,9650),(35,27070),(40,8528),(41,28589),(42,16575),(44,102),(46,383),(47,6609),(48,7267),(52,8732),(55,27425),(56,10586),(58,25209),(60,965),(62,15905),(63,30472),(66,7919),(68,13902),(70,15085),(71,5630),(73,19572),(74,881),(75,14520),(77,20965),(79,15547),(82,19036),(85,1369),(88,24094)]	93.928745
935	[(4,24776),(10,2822),(13,28536),(17,19118),(18,13739),(20,30046),(24,27161),(25,23905),(26,28509),(27,4091),(28,6152),(29,21913),(30,28829),(33,24975),(34,21657),(36,26398),(38,12241),(39,1220),(41,16658),(48,29453),(51,6941),(54,28304),(57,26818),(60,8931),(65,24709),(66,10940),(68,4208),(71,16374),(72,27980),(73,5762),(74,20209),(75,14757),(76,13326),(79,3276),(80,7088),(81,30453),(82,9353),(84,23441),(86,28430),(89,5319)]	88.668309
936	[(1,19897),(2,26464),(4,7228),(5,6701),(6,2000),(7,25080),(10,26241),(15,17078),(17,18080),(18,24840),(19,20169),(21,11761),(22,3380),(25,14201),(27,991),(28,2017),(29,30174),(33,19994),(34,26570),(39,22963),(42,16692),(45,3280),(48,1120),(49,113),(50,29222),(51,18675),(52,2985),(53,25852),(55,25746),(58,21596),(60,4295),(62,25714),(64,21306),(66,3520),(67,10867),(68,17613),(69,11224),(70,20411),(71,24215),(73,24283),(75,8570),(77,16901),(78,4871),(80,27384),(89,21792)]	86.263500
937	[(1,4053),(2,11030),(4,25222),(5,16942),(6,22763),(10,23677),(11,9104),(12,20567),(14,25454),(15,13159),(17,29098),(20,11703),(25,2410),(27,7204),(29,28346),(32,25586),(33,21284),(37,16190),(38,21900),(39,11590),(40,21521),(43,28068),(44,3928),(45,28942),(46,20769),(48,15866),(49,1228),(51,4807),(52,643),(53,10463),(57,29523),(59,8154),(60,26991),(65,16616),(66,23833),(69,5975),(73,11553),(74,16904),(76,16656),(78,25145),(79,11004),(80,22587),(82,16774),(83,13942),(85,19579),(90,4633),(91,16165)]	84.387933
938	[(1,25686),(2,25919),(4,19740),(6,1554),(10,2620),(12,26435),(13,12774),(14,15984),(15,7899),(16,9765),(18,10583),(19,10697),(20,1650),(21,11173),(22,5348),(23,18672),(24,20293),(26,29721),(34,18085),(36,1428),(40,24027),(41,18642),(44,14913),(46,13812),(47,1742),(50,28154),(52,28632),(54,23675),(55,18841),(56,7958),(57,25690),(63,9730),(64,23764),(65,17990),(66,16123),(67,4632),(71,14395),(74,14681),(81,15051),(83,2825),(84,27794),(87,18507),(88,13722),(89,14478),(92,9139)]	90.279799
939	[(0,14620),(4,22882),(7,3530),(8,30534),(9,20312),(10,8501),(11,29978),(13,23128),(14,9367),(18,24265),(19,11777),(25,23957),(26,11064),(27,5314),(28,4959),(30,17977),(31,22944),(33,8315),(34,27495),(35,6799),(36,3224),(38,23538),(40,9238),(43,19119),(45,6448),(47,13327),(48,23754),(53,4620),(55,21930),(59,3576),(60,20063),(62,14147),(66,22912),(67,6232),(68,5608),(71,29222),(73,293),(74,22171),(80,23585),(82,3741),(83,18109),(85,15165),(86,22212),(87,22956),(89,12551),(92,9879)]	88.835453
940	[(0,29251),(6,1790),(10,23172),(11,14794),(12,19991),(13,6306),(14,20963),(17,1739),(18,12996),(19,18708),(20,14899),(23,12894),(25,18494),(27,24093),(28,16411),(32,18557),(34,3815),(35,26675),(36,1340),(38,11367),(41,1200),(42,27127),(43,29031),(44,17631),(45,29833),(50,23107),(52,28349),(54,1352),(55,28524),(56,29768),(60,2490),(61,24499),(62,15899),(63,21152),(66,1427),(67,10533),(69,7585),(70,7220),(71,6894),(72,15436),(73,19420),(76,6115),(77,10731),(79,20095),(81,4650),(83,11137),(88,383)]	88.487787
941	[(0,60),(2,21328),(3,7809),(5,5249),(7,17263),(8,17328),(10,4067),(11,8372),(12,26730),(14,12815),(15,3208),(19,11470),(24,30263),(26,19764),(28,21111),(29,9061),(35,29537),(36,16094),(38,21708),(40,5632),(41,16552),(42,26099),(43,29584),(44,4329),(45,25744),(46,21610),(47,24454),(50,30571),(51,7417),(52,7740),(53,9165),(56,768),(58,10629),(59,9727),(60,11942),(61,14920),(62,17801),(64,6205),(65,30616),(66,1952),(68,29680),(69,15305),(71,5263),(72,29959),(73,7332),(75,28997),(76,1244),(77,27599),(79,30276),(84,20932),(85,1342),(87,18352),(90,8216),(91,6023),(92,21838)]	87.055603
942	[(1,23202),(2,19100),(4,30631),(5,10719),(11,7647),(14,6967),(16,18040),(17,23638),(18,20864),(24,28557),(26,10932),(34,13300),(36,15883),(38,19171),(41,21502),(42,26656),(45,4581),(46,17967),(47,11931),(48,9474),(49,23664),(51,180),(52,24570),(58,4532),(61,25638),(63,17538),(66,18584),(67,15981),(68,14184),(69,9136),(71,15031),(72,10759),(73,13607),(75,2226),(78,26941),(88,9843),(89,26830)]	83.344627
943	[(1,7304),(2,2481),(8,14995),(12,3360),(21,3488),(25,10667),(28,29142),(30,25174),(33,6868),(34,24458),(38,21044),(39,20102),(41,18281),(42,23520),(43,22518),(45,387),(46,8567),(48,9874),(51,5421),(56,501),(59,3118),(60,9633),(61,12580),(63,11990),(67,2508),(68,12908),(69,14945),(70,22720),(79,3016),(81,3905),(84,28370),(87,30066),(89,5642),(90,29466),(91,23483)]	83.173799
944	[(0,23444),(10,14191),(11,17462),(15,16844),(22,22991),(23,20156),(24,23204),(25,4545),(27,5076),(29,14203),(31,24305),(32,14278),(33,1993),(40,25606),(41,29168),(44,13375),(45,9277),(46,19283),(52,11296),(53,16472),(56,12261),(57,9491),(58,2365),(61,22519),(64,2683),(65,27866),(67,27418),(73,6170),(75,22393),(77,13921),(78,17361),(79,10802),(81,29960),(82,1898),(83,26156),(85,11392),(86,21072),(87,6204),(88,17632),(89,15525),(90,2376)]	103.108084
945	[(2,7411),(3,26881),(6,24480),(7,21312),(8,6140),(9,19932),(11,19143),(12,20238),(16,27804),(19,13974),(21,29651),(22,6062),(23,4219),(24,9858),(25,11282),(26,1836),(28,25620),(32,28575),(33,6444),(34,4500),(35,15793),(37,9575),(38,7969),(39,22091),(42,12830),(43,24284),(44,23641),(49,23042),(50,26790),(55,2029),(58,11238),(59,10544),(62,11610),(67,5206),(69,1735),(70,10111),(72,13897),(73,17976),(75,17230),(78,7412),(80,1304),(81,17917),(83,8758),(84,24833),(86,27909),(87,28438),(89,15050),(90,14674),(91,2292)]	92.636204
946	[(0,12014),(1,7497),(2,13956),(5,23550),(6,17573),(8,15184),(11,299),(12,6825),(15,1225),(16,19635),(17,19063),(19,14221),(20,13629),(22,24304),(23,30236),(27,22931),(31,16220),(34,1291),(35,23817),(36,26322),(40,9953),(42,24872),(46,23234),(47,26839),(49,17437),(50,27304),(51,482),(52,26129),(54,7225),(55,2420),(59,25673),(61,23498),(64,17382),(65,11055),(66,2857),(70,27492),(72,6522),(73,9060),(77,1882),(79,20239),(80,15782),(81,4815),(85,22756),(87,29312),(89,8198),(91,29503)]	86.544100
947	[(2,13026),(3,29893),(5,14959),(6,23653),(8,20734),(9,27339),(10,14410),(12,19034),(14,25114),(16,30286),(18,12620),(19,23343),(20,513),(21,12646),(23,26663),(25,12229),(26,24930),(27,4110),(29,27632),(30,16358),(32,8483),(38,6585),(39,23434),(40,828),(42,6301),(44,29707),(45,18826),(46,23193),(49,12946),(50,15880),(53,28410),(54,27694),(55,175),(56,2354),(58,1503),(61,5569),(66,18858),(69,13295),(73,5776),(77,16318),(79,7527),(80,29417),(81,10450),(84,20811),(87,24280),(88,28008),(91,16366)]	83.997830
948	[(2,16261),(3,29837),(6,13100),(9,15471),(10,12515),(11,1397),(17,8381),(25,18199),(29,14788),(32,6219),(34,27894),(37,25314),(39,22674),(40,10224),(43,5254),(44,28733),(45,1625),(46,13073),(48,15845),(50,12969),(52,24019),(54,10126),(58,155),(59,14744),(61,21586),(62,10370),(66,22562),(67,9187),(69,12239),(70,29969),(74,13605),(78,10600),(81,16826),(83,11566),(87,8908),(92,18003)]	87.371316
949	[(3,13063),(6,8475),(7,26473),(10,21805),(11,25830),(12,22066),(16,30589),(21,4350),(25,14173),(26,23341),(27,6474),(29,13349),(31,28885),(33,27638),(34,16581),(37,19186),(38,2721),(41,12987),(42,23108),(44,29962),(45,18638),(46,10770),(47,20368),(49,27611),(51,24513),(52,16203),(53,10566),(55,20869),(57,16638),(60,18238),(61,18025),(63,12556),(64,1047),(65,4287),(68,12093),(69,21371),(70,6463),(71,26350),(75,100),(77,19137),(79,29188),(81,9157),(82,21446),(86,30138),(87,2966),(88,23950),(92,23418)]	90.803251
950	[(1,29193),(3,30576),(5,25005),(6,25220),(7,10903),(8,22921),(10,24115),(12,7914),(13,22768),(14,12106),(15,3190),(17,5488),(20,8095),(22,8741),(25,17519),(27,2656),(29,24994),(34,1945),(35,12018),(36,3078),(40,23637),(41,27250),(44,18363),(46,24373),(48,17017),(49,25203),(52,30183),(53,7046),(54,21248),(57,18979),(58,1919),(59,2108),(60,4000),(61,3194),(64,27254),(66,19588),(70,12032),(71,150),(72,25172),(76,27212),(79,29617),(84,22356),(88,8390),(89,1720),(92,27988)]	87.748971
951	[(0,12388),(4,29444),(6,9375),(7,23531),(10,26253),(11,4995),(14,10739),(15,8070),(17,8293),(22,23386),(24,10829),(25,29697),(26,2810),(27,23454),(28,5968),(29,9408),(31,13918),(32,20787),(33,11276),(34,20649),(38,28826),(40,46),(41,17934),(47,1834),(54,19452),(56,4703),(59,3546),(63,18233),(64,5467),(65,372),(66,12375),(67,3454),(68,16099),(69,18016),(71,25834),(73,4506),(75,26104),(76,25049),(78,30433),(81,14830),(83,25120),(85,13137),(86,14619),(89,13078),(90,27971)]	86.705127
952	[(5,24089),(6,25174),(8,29172),(9,24829),(11,8408),(12,26022),(18,380),(19,2348),(21,11175),(22,26297),(25,14251),(28,12830),(29,29139),(30,29575),(32,3247),(33,7459),(34,14326),(35,7073),(38,26558),(40,21487),(42,22101),(43,21520),(45,4541),(46,10816),(48,12847),(49,16118),(50,12371),(52,13180),(56,17286),(59,23767),(64,20835),(65,5722),(66,7082),(67,19310),(69,9195),(71,28834),(72,7573),(74,19160),(75,15937),(79,4057),(81,30408),(83,14737),(84,14075),(85,7708),(87,15320),(90,28590),(91,11588),(92,12266)]	89.977758
953	[(0,24956),(1,386),(2,7655),(3,1810),(5,6372),(6,29427),(8,21676),(9,24893),(12,1030),(13,26777),(16,9699),(18,20200),(19,2713),(20,14516),(21,25410),(28,7444),(30,20976),(31,23244),(37,7777),(41,14382),(42,15795),(43,16302),(44,7010),(46,15030),(47,19930),(48,16343),(50,5438),(52,21662),(53,12958),(57,2093),(58,6599),(60,19243),(62,5702),(65,22277),(67,10715),(68,8107),(70,15503),(72,24035),(76,15938),(81,5434),(84,24662),(85,28484),(87,6418),(90,18128),(91,9483)]	87.689796
954	[(2,23625),(3,12641),(4,13552),(8,12855),(13,19299),(16,19543),(21,3443),(22,10088),(23,28721),(25,21609),(30,8314),(31,375),(33,28341),(35,14332),(36,10691),(38,29234),(41,11606),(43,23642),(44,17277),(45,30182),(46,14901),(48,17180),(50,22613),(51,25087),(53,18987),(59,20326),(61,1050),(64,12237),(65,12246),(68,28216),(69,26422),(79,13168),(80,26347),(82,12077),(83,23962),(84,4716),(87,21729),(90,27933)]	85.879433
955	[(1,3775),(2,5910),(4,26405),(6,10960),(7,21250),(12,20706),(14,6441),(15,22546),(16,8624),(18,27108),(19,23568),(21,22254),(23,28545),(26,24741),(28,4817),(29,17796),(36,6584),(39,23176),(41,1994),(42,5350),(45,11592),(47,8489),(50,27225),(53,22274),(54,12610),(60,18756),(61,10980),(64,22417),(68,7020),(72,29764),(73,831),(74,12888),(77,27116),(78,3188),(79,26256),(81,11153),(82,9593),(83,6504),(88,27209),(91,16909),(92,7463)]	89.231123
956	[(0,1221),(1,932),(5,15131),(8,6638),(9,9489),(11,9594),(14,19562),(15,25114),(16,22909),(20,905),(24,11879),(25,11416),(27,18450),(31,6039),(32,19639),(33,7485),(35,16736),(37,14588),(40,13575),(41,27249),(43,17010),(45,5329),(47,17478),(48,27484),(50,10540),(52,7200),(53,27480),(55,17691),(56,12150),(57,28919),(58,27743),(60,4080),(64,5945),(65,14421),(66,19807),(70,8285),(71,19774),(73,8599),(74,20798),(76,6619),(78,19127),(79,1074),(80,1929),(81,25106),(82,29065),(85,25624),(87,19122)]	118.075882
957	[(4,6363),(5,14146),(6,19704),(7,28722),(9,8281),(10,678),(11,20786),(13,2802),(18,21322),(19,12676),(21,17826),(25,9469),(29,30319),(33,28294),(34,28411),(37,20226),(38,8755),(41,30629),(42,22797),(43,28861),(54,22585),(55,23105),(56,19564),(57,22340),(58,16519),(64,17179),(66,12907),(67,7780),(69,10619),(70,15153),(73,8676),(75,6780),(77,14394),(78,27120),(81,9653),(83,17978),(84,2698),(85,26432),(88,1471),(89,7214)]	89.644796
958	[(2,14151),(3,28454),(4,27047),(7,22758),(8,20479),(9,21050),(11,688),(13,1377),(20,25177),(22,10288),(24,24242),(26,3842),(27,1614),(28,2433),(29,22286),(32,4937),(33,9916),(34,18640),(36,15236),(37,21048),(41,25123),(42,27022),(43,2293),(45,23222),(47,29115),(48,11938),(50,555),(51,10269),(53,24271),(54,17848),(56,20295),(57,5318),(59,17000),(60,24256),(61,30490),(63,25949),(65,18924),(68,14141),(69,15417),(70,28998),(76,7165),(78,25960),(80,16471),(82,25107),(84,4279),(85,21303),(86,16599),(88,18227),(89,13997),(90,16776),(92,337)]	88.625930
959	[(2,7975),(5,10084),(6,3309),(7,26480),(8,29560),(9,27326),(10,22952),(11,29584),(12,4329),(15,15736),(17,6927),(18,17271),(19,2538),(20,20335),(23,6194),(24,16286),(25,23298),(26,9107),(27,14568),(30,27413),(33,28256),(36,14466),(42,2475),(43,24193),(46,13575),(48,6080),(50,23625),(51,12641),(53,18593),(55,14367),(56,10347),(61,21792),(62,10253),(63,25576),(64,2073),(65,5128),(66,23726),(69,9861),(72,28082),(74,28696),(75,26539),(76,13450),(77,9101),(81,23985),(82,26154),(86,26384),(88,17986),(90,19705),(92,24961)]	87.751148
960	[(0,30458),(1,20461),(5,28405),(6,5140),(9,15094),(10,6560),(12,21810),(13,6704),(14,3322),(16,28639),(18,18241),(20,28347),(21,6351),(32,3075),(33,23342),(37,19554),(40,9591),(43,7256),(47,4285),(53,12081),(57,28775),(58,23643),(62,24795),(64,16933),(65,19702),(68,17580),(73,14395),(76,29027),(77,19182),(78,6189),(80,16748),(82,5658),(83,18424),(87,16121),(89,17717),(90,16122),(91,4779)]	90.863031
961	[(0,3664),(1,510),(2,3563),(6,24825),(9,8736),(12,7340),(13,11255),(14,1776),(15,4931),(18,5006),(20,4025),(21,30269),(22,906),(23,21157),(24,19576),(25,3329),(26,22170),(31,11503),(32,627),(34,11229),(36,23939),(38,10782),(39,20473),(41,22093),(44,1164),(45,20878),(47,727),(48,28355),(49,10996),(50,2921),(53,19220),(54,26085),(55,22341),(58,19853),(59,7038),(61,22972),(63,22457),(66,11104),(69,9118),(70,19829),(72,13032),(75,39),(76,27643),(81,607),(82,14237),(83,20073),(84,7095),(86,18563),(87,23414),(89,10787),(91,16155)]	91.032792
962	[(1,26958),(4,23825),(6,21776),(7,13508),(8,28642),(13,20829),(16,30141),(17,26713),(19,27749),(20,26315),(22,30232),(23,17674),(24,15021),(27,17338),(30,3727),(34,29945),(37,15961),(38,19539),(39,22727),(40,14378),(41,22737),(50,18234),(51,2053),(52,6447),(53,15796),(54,15518),(56,17656),(59,6743),(60,3649),(61,29516),(62,30646),(65,25684),(66,27549),(69,280),(70,27467),(72,22517),(76,11007),(80,29951),(81,29067),(83,8864),(84,2383),(85,12529),(86,25165),(87,4059),(89,26650),(91,29016),(92,17753)]	84.836408
963	[(0,27373),(3,10064),(6,21566),(7,9830),(8,17823),(10,28615),(13,15264),(14,21731),(19,6645),(21,24617),(22,8176),(23,8100),(24,21007),(26,16847),(27,18813),(28,27232),(30,12974),(31,3055),(33,3363),(36,5394),(39,5260),(40,14340),(41,12327),(42,8335),(49,18010),(50,21336),(52,13255),(55,15688),(59,26995),(63,23054),(64,10152),(68,11845),(70,14753),(74,4273),(75,7831),(76,9123),(78,21414),(82,1820),(83,16513),(84,6723),(86,3613),(87,29086),(90,4314),(91,13778)]	85.604683
964	[(2,13208),(3,5957),(5,8318),(8,22224),(10,10044),(11,16155),(15,20874),(19,19326),(20,12437),(21,19946),(22,4879),(27,24179),(30,27537),(31,21990),(34,4225),(40,13611),(43,12949),(44,11973),(45,28115),(47,21688),(48,6995),(50,12444),(51,18142),(52,28000),(53,18047),(56,13393),(57,7763),(59,586),(62,26804),(63,14841),(64,2720),(65,22617),(66,14855),(67,18262),(69,26090),(72,18551),(78,1334),(80,9435),(82,30351),(85,15052),(86,7906),(88,22330),(90,24840),(91,20169)]	88.154858
965	[(0,13679),(2,1432),(3,20976),(6,3005),(7,11617),(9,16899),(13,18349),(14,22487),(15,29663),(17,3969),(18,4358),(20,11298),(28,14357),(29,28934),(32,3114),(33,20293),(36,14164),(38,21923),(39,16465),(41,12324),(45,7125),(47,17970),(50,10359),(51,7097),(54,5561),(62,27316),(63,28460),(64,20284),(65,10000),(67,21900),(68,8823),(70,12592),(72,29692),(73,21690),(75,24719),(77,8974),(78,19923),(80,12488),(81,18065),(84,10246),(85,9741),(86,21007),(91,21173),(92,15441)]	84.098501
966	[(1,17932),(3,11127),(4,26956),(5,4740),(9,6171),(11,22811),(12,20939),(14,28522),(15,25116),(16,10164),(18,19897),(20,8315),(21,27495),(27,13950),(30,16229),(31,30508),(33,18678),(34,30143),(36,27226),(38,27955),(41,12469),(42,21778),(46,25956),(49,23242),(50,15546),(53,16546),(55,10758),(56,14851),(58,24388),(60,23647),(65,2106),(69,28810),(72,1201),(73,21385),(74,26328),(75,29092),(78,21492),(80,17326),(85,18283),(87,9574),(90,9282),(92,16030)]	117.163458
967	[(0,21007),(2,2757),(3,28323),(4,28519),(6,4023),(9,15302),(12,25858),(14,8371),(17,1437),(18,18956),(21,26911),(25,27193),(27,6130),(30,9345),(31,11125),(33,27089),(34,27934),(35,4181),(36,1705),(37,24829),(38,5951),(45,27712),(47,594),(48,2679),(49,11148),(50,23155),(51,27000),(54,6999),(55,5675),(57,29291),(58,13543),(59,1316),(61,21202),(62,479),(64,24140),(65,16060),(66,30184),(67,13631),(68,7862),(69,9003),(71,620),(72,4875),(74,29437),(75,24292),(78,29260),(79,27580),(84,11137),(86,7299),(87,22692),(88,1249),(92,10395)]	202.193183
968	[(0,13888),(3,24820),(6,21665),(8,19277),(9,8202),(10,1794),(11,17700),(13,26677),(14,7442),(15,9115),(16,14508),(17,11039),(18,11684),(20,23351),(21,26652),(22,29802),(23,15667),(26,5614),(28,12588),(30,27332),(32,30021),(34,3336),(35,25535),(36,20882),(38,3911),(43,3874),(44,25409),(47,4312),(51,22225),(54,24878),(57,21113),(58,4959),(59,1087),(61,22771),(64,12563),(65,20033),(69,9976),(72,14865),(80,11803),(82,10563),(83,15019),(86,30619),(88,1091),(92,25847)]	177.716611
969	[(2,25160),(4,15291),(8,16700),(9,1175),(10,14017),(11,2352),(12,1485),(14,15457),(21,3422),(25,5690),(26,20255),(30,3701),(32,24026),(41,2126),(45,16983),(47,5801),(48,18940),(49,13736),(50,16656),(54,19030),(56,30407),(57,14748),(59,7230),(61,4033),(63,23297),(65,1755),(66,9157),(67,24518),(69,23799),(71,7136),(72,23914),(73,25005),(77,2827),(80,27620),(81,12778),(83,20726),(87,1335)]	189.765701
970	[(0,15800),(1,16092),(3,6632),(6,10298),(10,3429),(17,15930),(18,17815),(19,22008),(20,3070),(21,30505),(24,782),(26,15792),(27,20023),(28,20418),(30,14768),(31,5650),(39,27593),(42,25293),(43,18564),(44,12299),(45,18494),(46,26941),(47,62),(48,13754),(50,6712),(53,10676),(54,19805),(57,14261),(58,19222),(60,16752),(61,16282),(62,933),(63,2019),(64,24712),(67,11460),(68,7896),(71,29314),(74,806),(75,6648),(77,5496),(78,19189),(79,3114),(80,9031),(83,14784),(84,22195),(85,10015),(87,25942),(89,7714),(90,15825)]	173.310814
971	[(2,2906),(5,29180),(8,10909),(10,22198),(11,10312),(12,6987),(14,6850),(15,20299),(16,25671),(17,8202),(18,13044),(22,2085),(24,28729),(29,13),(34,21349),(35,13047),(40,14885),(41,19633),(42,23447),(44,20078),(45,10264),(47,3480),(48,29367),(50,5371),(51,5268),(53,20425),(54,6182),(56,10243),(58,5684),(60,4193),(61,29477),(65,5282),(68,15700),(71,16141),(73,1846),(74,939),(77,25666),(78,17379),(81,15504),(83,2458),(87,13784),(88,29224)]	176.662225
972	[(1,9939),(3,7306),(8,15152),(10,7964),(12,29487),(19,29800),(21,23617),(24,10298),(27,10999),(36,7699),(37,29923),(38,19834),(42,11520),(45,6917),(47,1588),(50,22207),(55,29975),(60,10395),(62,11497),(63,1407),(66,15912),(67,3744),(68,24693),(69,9235),(71,9873),(76,30399),(77,10383),(79,20433),(80,18952),(82,17545),(83,10201),(85,28362),(87,101),(88,23564),(90,15254)]	195.295714
973	[(1,5462),(2,29287),(3,4973),(6,19317),(7,9680),(8,609),(13,8751),(14,16528),(17,3789),(19,27063),(20,998),(21,16242),(23,30024),(24,12621),(25,27790),(26,390),(30,21847),(31,12498),(32,17752),(34,3556),(35,17807),(41,6454),(47,4427),(48,14039),(50,15393),(51,11296),(52,16472),(53,17668),(54,26545),(61,16662),(65,20050),(67,7049),(68,9495),(72,24628),(73,2167),(74,8604),(75,2499),(77,29492),(78,13433),(80,30595),(81,25326),(83,1825),(85,17219),(86,2944),(90,28321),(92,24532)]	208.574864
974	[(0,11645),(2,16000),(4,6488),(6,17510),(7,17415),(8,787),(9,26653),(10,21526),(11,4363),(12,10170),(13,20924),(15,28917),(16,2893),(18,25301),(19,21843),(21,16658),(22,21066),(25,14850),(32,6560),(34,2163),(35,30196),(41,3227),(44,4510),(45,25093),(47,5943),(50,6804),(53,15313),(55,6372),(56,29427),(60,2024),(63,738),(64,21177),(67,2209),(72,17756),(73,12963),(75,17328),(76,23002),(79,14689),(80,3028),(84,18038),(85,9237),(90,8752),(91,24275)]	212.346851
975	[(5,17393),(6,5239),(7,21707),(8,5255),(9,18745),(12,27096),(13,16800),(14,752),(15,14243),(16,19736),(21,24778),(22,12553),(29,6447),(30,15796),(31,26135),(32,24659),(35,7409),(36,823),(37,20489),(44,4386),(45,1710),(48,30045),(51,28605),(52,13895),(53,5453),(54,11834),(55,22176),(56,23836),(58,26513),(59,25103),(61,5832),(65,2639),(66,6649),(69,15983),(71,15759),(73,25151),(77,28912),(79,29240),(80,677),(82,1542),(83,30511),(84,16040),(85,15409),(89,22810),(92,10168)]	193.586657
976	[(2,4919),(3,21820),(4,26442),(7,8222),(9,22453),(12,24653),(13,16954),(14,24370),(19,26160),(20,30547),(21,1275),(22,22060),(24,265),(30,27207),(34,27867),(38,16534),(39,25790),(40,17594),(43,18748),(45,15184),(54,4074),(55,15315),(56,6120),(60,19092),(62,16306),(70,6027),(71,24652),(72,20422),(74,8146),(75,13150),(78,3716),(81,2984),(82,24144),(84,12904),(85,23101),(87,4686),(88,6605),(90,20678),(91,13801)]	176.637809
977	[(2,21346),(4,29549),(5,2478),(6,1232),(9,23239),(10,23704),(11,23435),(13,23573),(15,4210),(18,7515),(21,23675),(23,23422),(24,4517),(25,4450),(29,3053),(35,9699),(37,16737),(45,25393),(46,3287),(50,17735),(52,2887),(53,6234),(54,17021),(56,8355),(57,3075),(58,29606),(60,23895),(61,25067),(62,5588),(63,23551),(64,7332),(71,5488),(72,23094),(80,21931),(82,21320),(83,22312),(86,5175),(87,30028),(88,20554),(89,18686)]	182.480451
978	[(2,15357),(5,29744),(8,26854),(12,1139),(14,14358),(15,4209),(17,2579),(20,1417),(22,28912),(24,29240),(26,2649),(28,3125),(29,8794),(30,29297),(31,7005),(33,6295),(35,16611),(36,5964),(38,27074),(42,12293),(45,22798),(46,24755),(49,6605),(51,8329),(54,23154),(55,29384),(59,5375),(60,26789),(62,25594),(64,14240),(65,24675),(69,26680),(71,23902),(73,25145),(74,26766),(75,5541),(77,21236),(78,17667),(80,178),(81,10827),(83,2987),(85,17624),(86,29066),(88,10577),(90,257)]	193.404820
979	[(0,15666),(1,12234),(4,2970),(5,26083),(6,11735),(7,28069),(9,22382),(11,8320),(14,13768),(16,12454),(19,24344),(22,23176),(23,5218),(25,18920),(27,2268),(30,22010),(31,17358),(32,17203),(33,18749),(34,27208),(35,6497),(36,25926),(37,19804),(38,27014),(39,725),(41,1569),(42,20584),(43,16475),(48,4127),(49,11777),(50,12334),(51,7616),(52,30257),(56,9792),(57,5742),(58,27106),(60,5303),(61,868),(62,3864),(69,17724),(70,26762),(74,28926),(75,5169),(77,26544),(78,14185),(83,18430),(84,3390),(85,1446),(87,3572),(89,21279),(90,15800),(91,16092)]	180.157700
980	[(8,13743),(9,6048),(10,27362),(12,2883),(15,28962),(16,26313),(17,11945),(19,23167),(20,22533),(21,3015),(23,10201),(25,23707),(27,28163),(30,12164),(31,4637),(32,28910),(34,12477),(35,12420),(37,10499),(38,26122),(39,20299),(41,4652),(43,14776),(44,18602),(48,865),(53,25219),(56,5293),(59,3280),(61,28405),(62,23650),(64,17831),(66,13016),(69,30039),(70,26027),(71,16325),(73,8175),(74,29130),(75,329),(82,15435),(86,15793),(87,10702),(89,15564),(91,15743),(92,8932)]	177.809609
981	[(0,12831),(1,8466),(3,14153),(5,12165),(7,5514),(10,10683),(11,1253),(12,23992),(15,11900),(18,28165),(19,10618),(20,17521),(21,17411),(25,28536),(26,9751),(28,23849),(30,8830),(31,7292),(34,21143),(36,3284),(37,25493),(39,26785),(42,5108),(44,14550),(47,19053),(49,21094),(51,21038),(53,16098),(61,9421),(62,6460),(63,28172),(64,8342),(67,23830),(68,26723),(69,10185),(72,29770),(73,13207),(74,16791),(75,5210),(76,17833),(77,10645),(80,8544),(81,25150),(82,14528),(83,10606),(84,24361),(85,8367),(87,16176),(89,9756),(91,10921)]	190.163738
982	[(1,25030),(4,2728),(7,635),(9,7146),(10,23391),(12,19586),(13,17010),(19,26282),(21,28739),(25,19246),(26,1367),(32,9784),(33,6746),(34,13694),(36,14451),(37,25361),(39,8138),(42,22115),(47,18206),(48,2919),(53,10101),(56,13984),(57,22202),(60,19979),(61,21000),(62,19034),(64,25114),(66,24119),(70,11017),(72,18712),(80,24270),(81,2267),(82,20459),(83,15433),(84,26265),(85,12547),(87,12067),(88,13412),(89,7744),(91,14446)]	194.349243
983	[(0,16307),(1,18175),(3,28911),(4,28567),(7,22574),(8,28573),(9,25615),(11,1234),(12,11552),(18,18779),(19,22816),(20,20100),(22,14184),(23,9136),(26,14032),(27,4234),(32,23429),(33,4168),(39,7882),(41,29315),(42,16082),(43,172),(44,22874),(45,29788),(52,30641),(55,1779),(56,24907),(58,6055),(60,28874),(64,15634),(65,29187),(66,5057),(68,17786),(69,30043),(73,23989),(76,15931),(78,16993),(80,25023),(88,1594),(89,14795),(90,8681),(91,23353)]	191.436600
984	[(0,21127),(3,1337),(4,3224),(9,10832),(11,23099),(12,1714),(15,7537),(16,17838),(18,8458),(19,538),(20,4305),(21,7574),(24,27389),(26,16034),(30,3879),(31,3257),(33,28581),(34,13854),(35,23892),(37,5732),(39,13164),(43,29030),(50,26868),(52,2714),(53,2777),(56,10656),(57,14644),(59,21768),(61,23061),(62,14349),(66,1334),(70,9305),(79,9321),(80,17041),(82,4620),(83,20469),(85,13124),(87,24811),(89,3418),(90,9903),(92,24543)]	205.625443
985	[(2,19079),(3,3577),(5,14401),(6,116),(9,18982),(10,26957),(13,4411),(15,30617),(20,30033),(23,30232),(24,17674),(28,3328),(30,7670),(31,27119),(34,17651),(35,1889),(38,4211),(43,869),(46,16627),(51,8684),(56,24315),(60,72),(61,21194),(64,24656),(66,3228),(67,25477),(73,28652),(75,24707),(77,13696),(79,12985),(81,18189),(82,7831),(83,9123),(85,8809),(86,26240),(87,24575),(91,8327),(92,25444)]	196.726526
986	[(3,26866),(4,19154),(5,13258),(6,24433),(9,20762),(10,26043),(11,9694),(18,30352),(22,2795),(24,8085),(28,5249),(29,3194),(31,3862),(36,23566),(37,7271),(41,29793),(42,16857),(43,18058),(45,7007),(48,7207),(49,20432),(53,24418),(58,18903),(60,10671),(63,8997),(68,10239),(69,10858),(70,4748),(73,28437),(75,27523),(80,20825),(82,15072),(84,13746),(87,11423),(90,13879),(91,21019),(92,15991)]	98.458311
987	[(3,7218),(4,11254),(5,7925),(8,5772),(10,104),(12,4342),(13,6988),(14,7154),(15,27318),(18,3439),(19,22738),(21,762),(22,11776),(24,9116),(26,2022),(27,2879),(29,6342),(31,12402),(34,19799),(37,7445),(38,6194),(39,5472),(41,23518),(43,3867),(44,7634),(45,25056),(46,30248),(47,7768),(48,8313),(50,15240),(52,15489),(57,26644),(60,13210),(62,24747),(63,1706),(66,26557),(67,10973),(68,15762),(70,23256),(72,19319),(76,33),(77,22569),(78,22559),(79,8167),(83,310),(85,23895),(86,2264),(91,30366)]	86.581069
988	[(0,10255),(5,8408),(6,2791),(7,27623),(11,16747),(12,27777),(13,13988),(14,28180),(16,11619),(17,13263),(19,10018),(20,14338),(22,18432),(24,18099),(25,30514),(28,7707),(29,2879),(33,23274),(34,601),(35,11352),(37,28106),(38,9674),(41,10831),(42,3026),(44,11494),(47,5554),(48,16884),(50,2250),(51,20991),(52,23323),(53,16780),(54,969),(56,17900),(58,21797),(62,15231),(64,20928),(66,21465),(70,637),(76,9900),(81,26239),(84,4782),(86,17873),(87,5606),(89,13572),(90,14785),(91,18382)]	87.030034
989	[(0,1937),(1,12487),(2,2399),(3,5007),(4,16864),(5,23468),(6,2662),(7,23637),(8,27250),(15,19541),(19,8794),(23,23183),(25,30416),(26,16152),(28,10792),(30,8499),(37,6900),(39,10399),(40,6468),(41,19363),(42,6178),(44,28284),(46,6917),(48,1588),(51,25163),(54,22627),(56,50),(59,25068),(60,8783),(66,16743),(68,29174),(70,23943),(72,8224),(73,13424),(74,5040),(75,27746),(85,24327),(86,11865),(87,10090),(91,10692)]	86.321040
990	[(1,21797),(2,7481),(4,15911),(6,4688),(7,27490),(9,6029),(12,23312),(13,5973),(14,25618),(15,7193),(16,25315),(17,18859),(19,30161),(23,1681),(24,29344),(25,7564),(28,2244),(30,15299),(31,27435),(36,16229),(37,10071),(38,3611),(40,27205),(42,26583),(43,24060),(46,28808),(48,8593),(49,27005),(50,4053),(51,11030),(53,29312),(56,21),(57,18113),(58,29562),(60,20199),(62,5914),(64,3054),(65,21547),(66,18269),(72,7483),(74,2697),(75,1750),(79,4399),(80,1010),(83,13679),(87,28156),(88,13858),(89,28789),(90,19427),(91,19684)]	95.861466
991	[(1,6890),(3,13556),(6,11323),(9,11935),(11,28606),(13,15657),(14,9888),(15,13472),(17,21934),(20,21666),(21,1359),(22,24896),(25,21906),(30,12461),(34,11718),(35,18395),(36,26487),(37,16596),(40,14071),(42,5407),(43,14121),(44,18205),(45,15706),(48,17697),(51,11572),(52,18656),(53,30149),(54,6118),(55,5607),(58,16696),(59,15267),(61,21430),(62,14137),(63,4556),(64,5257),(66,25234),(67,24647),(73,29989),(78,9076),(79,17762),(80,11297),(82,8472),(83,23065),(85,7022),(86,16782),(87,9457)]	89.468982
992	[(0,20747),(1,28444),(3,11661),(5,30513),(7,14073),(8,26953),(10,15729),(14,3929),(15,19582),(16,21313),(17,19912),(20,4979),(26,679),(27,16287),(28,12043),(29,12891),(32,16714),(33,16500),(34,30334),(37,13727),(38,4616),(39,10857),(45,19897),(46,7161),(49,8305),(50,12992),(51,14037),(54,7901),(55,20092),(57,861),(60,693),(61,19815),(64,29290),(65,22319),(69,14766),(71,6146),(72,20913),(73,22427),(75,20281),(80,14179),(84,3046),(85,29593),(86,14055),(87,16267),(88,20742),(89,24426),(92,6311)]	86.263352
993	[(1,6612),(2,30365),(5,8021),(6,16163),(7,21742),(8,23338),(9,12642),(11,8237),(12,14600),(18,15269),(19,2943),(20,15883),(22,18107),(23,29162),(26,10790),(29,15571),(34,9552),(35,12489),(38,29598),(39,11791),(46,12541),(47,19022),(50,25879),(52,3545),(53,14918),(60,24406),(61,24184),(66,11958),(69,11123),(71,17549),(72,14526),(74,22377),(76,21416),(77,5144),(78,13093),(84,1051),(87,1868),(89,23300),(91,7521)]	91.797697
994	[(0,775),(5,27230),(6,6207),(10,4559),(13,22142),(14,21287),(18,21674),(20,5349),(22,11142),(25,14829),(27,30417),(29,9075),(33,4834),(35,24154),(37,27366),(39,1444),(41,6660),(42,15647),(44,25276),(50,27495),(51,16266),(53,18588),(58,8435),(59,1350),(63,20255),(64,7576),(65,12177),(68,30116),(69,7709),(71,13389),(74,18922),(76,29392),(80,6439),(82,19572),(83,881),(84,24586),(87,24197),(89,4962),(92,141)]	108.466251
995	[(1,17759),(3,12674),(4,8319),(5,6615),(12,19346),(13,27632),(14,645),(17,22075),(19,18009),(20,19108),(21,27987),(24,8073),(25,98),(26,25070),(27,181),(28,30590),(29,10814),(31,7013),(32,19102),(35,24304),(37,6287),(42,21787),(45,24791),(51,12401),(54,2550),(56,25148),(59,6084),(62,9700),(66,8657),(72,7802),(73,4898),(75,1789),(78,17829),(79,386),(80,7655),(81,4724),(82,4254),(83,17884),(86,29286),(87,1255),(88,22532),(90,21301)]	111.534428
996	[(0,12107),(3,25058),(4,4213),(5,5246),(6,19468),(9,27563),(10,29083),(11,9898),(18,15614),(20,9306),(28,2604),(30,7729),(31,3977),(32,23783),(35,11069),(38,4882),(41,8383),(42,28967),(43,9),(44,9930),(47,19929),(48,29547),(50,17502),(52,29299),(53,29995),(54,25272),(58,10120),(59,21529),(60,23258),(61,2324),(62,17384),(63,18773),(65,8948),(67,22062),(68,27817),(69,3320),(71,22321),(73,20128),(75,8754),(76,23406),(81,14643),(82,26314),(84,3344),(87,16460),(88,9943)]	89.181900
997	[(2,20769),(3,26528),(4,14676),(6,1476),(10,29006),(13,7709),(14,30144),(18,4457),(23,14752),(27,18756),(29,5095),(32,25273),(33,21860),(34,3956),(36,25213),(37,24459),(38,1761),(40,23578),(41,26667),(42,1506),(43,23112),(47,23631),(49,19250),(50,19873),(54,17808),(55,13210),(57,8619),(59,24567),(63,14767),(64,9349),(68,7316),(69,10855),(71,24749),(72,9132),(74,28343),(75,1619),(76,4047),(84,3191),(88,6087),(90,8875)]	88.176402
998	[(0,17629),(1,21654),(2,12601),(3,19651),(7,7240),(8,18041),(9,2743),(10,15571),(11,3626),(13,28667),(15,16479),(16,5710),(17,9925),(22,8272),(23,3468),(25,26395),(26,27912),(31,18291),(33,26116),(34,23163),(38,909),(41,19299),(43,6291),(44,25110),(45,17156),(51,6218),(52,7128),(53,9716),(60,7285),(63,15571),(67,3947),(68,24782),(69,2756),(73,15823),(75,5634),(81,1399),(83,17777),(87,23032),(88,16391),(89,13110),(90,5321),(91,14613)]	88.835697
999	[(1,9501),(2,4417),(3,9945),(4,598),(5,19757),(8,4265),(13,14911),(19,22904),(21,760),(23,12059),(24,27181),(25,10098),(26,26779),(27,693),(28,7342),(29,8688),(33,994),(34,20271),(35,18086),(37,14890),(38,18076),(40,7494),(41,8934),(44,5195),(45,29188),(46,19196),(47,4027),(49,29907),(54,22441),(55,15062),(56,350),(60,1573),(63,29517),(64,28685),(66,15307),(67,6838),(72,8959),(73,15557),(75,7478),(76,17338),(81,6220),(83,22493),(84,10853),(87,9519),(88,13952),(91,19785)]	91.068477
