ruleset_index	matches	time_ms
0	[(0,22856),(4,27578),(5,26875),(8,729),(11,11961),(12,648),(13,783),(14,17678),(15,14492),(16,21322),(17,17984),(18,13562),(21,18712),(22,12068),(24,20248),(25,25732),(27,28509),(28,4828),(29,22181),(30,25734),(35,12589),(36,18383),(40,5184),(45,11095),(47,21416),(48,21774),(51,7509),(52,20301),(53,22003),(54,13856),(59,19465),(62,26642),(63,26967),(65,14343),(66,25010),(69,21295),(72,12768),(74,10331),(75,21187),(77,9181),(79,17328),(81,20739),(83,7587),(87,13683),(88,8227),(89,28589),(90,8428),(91,19831)]	83.147456
1	[(5,12384),(7,23788),(8,27609),(11,4720),(15,12273),(16,13156),(17,17604),(19,26666),(20,15282),(24,26655),(25,12928),(28,4402),(29,8829),(30,11580),(32,19928),(34,21694),(35,17165),(36,379),(37,4550),(40,18435),(41,13628),(44,10785),(45,19340),(46,8941),(47,9605),(54,21969),(55,20121),(56,402),(60,12624),(62,5507),(63,20502),(65,23449),(67,4523),(69,1835),(71,5620),(72,12241),(77,23273),(78,25913),(79,8459),(81,14424),(82,28062),(86,25237),(88,21346),(90,5851)]	81.511560
2	[(0,7279),(1,13721),(2,18910),(3,13106),(4,23113),(6,17930),(9,13737),(11,2504),(12,14917),(16,7548),(17,7153),(20,21572),(26,24629),(30,7663),(34,6376),(38,22856),(40,235),(43,8833),(44,26644),(48,20370),(52,26971),(55,5250),(56,10365),(57,28240),(61,354),(64,17328),(66,20739),(69,13369),(70,3078),(71,24821),(74,22731),(79,4472),(80,8540),(81,7366),(86,2881),(89,17983),(90,20821)]	80.364650
3	[(2,8329),(3,24858),(6,20092),(11,11016),(14,532),(16,15021),(17,11628),(19,9729),(21,11938),(27,19550),(30,17822),(31,5599),(32,13308),(37,17705),(38,16102),(42,8459),(46,16582),(53,18199),(54,19775),(59,18814),(61,22914),(63,364),(65,19995),(68,22534),(69,23914),(72,26014),(74,28264),(76,13688),(78,21272),(79,4576),(80,20371),(84,14909),(86,961),(91,5372),(92,25362)]	79.805158
4	[(1,843),(2,28578),(4,18118),(8,24505),(9,24808),(12,24344),(15,21658),(17,7523),(18,2920),(20,4054),(23,13817),(25,24784),(26,4958),(29,12974),(31,28536),(33,23196),(34,4458),(35,10784),(36,12541),(39,28287),(48,18901),(49,14292),(51,23143),(53,17632),(56,27089),(62,17509),(63,6727),(65,6174),(68,18974),(69,27648),(70,17363),(71,3252),(75,20203),(76,4137),(78,9782),(80,12776),(82,13548),(83,5051),(87,17007),(88,7702),(91,18336),(92,10614)]	80.636828
5	[(1,14135),(3,11342),(4,18567),(5,10821),(6,14392),(11,9612),(14,3564),(16,12412),(18,24761),(22,23465),(23,14631),(25,28226),(28,8511),(29,5300),(32,247),(34,15096),(35,10989),(37,8658),(39,8451),(40,20305),(43,14973),(44,25323),(45,10699),(46,12153),(47,9161),(52,20229),(53,30),(54,12722),(55,11819),(56,12989),(57,9677),(58,26557),(59,4201),(61,24887),(62,2273),(64,28242),(66,1591),(68,28585),(70,14240),(72,8305),(73,27001),(74,8381),(76,418),(78,19643),(81,27027),(82,23146),(91,20169),(92,519)]	80.910805
6	[(5,12102),(7,24535),(13,12564),(16,23639),(18,13583),(21,7275),(26,8526),(35,1212),(38,7082),(39,7900),(41,8238),(42,8840),(43,21672),(48,8546),(50,27711),(52,10508),(54,24906),(55,11837),(57,26452),(58,7469),(59,26283),(61,24019),(62,13569),(63,20337),(65,10956),(66,10973),(71,8060),(75,12717),(78,2629),(80,4524),(83,6477),(87,27795),(88,21772),(89,8917),(90,10829),(91,21387)]	80.080087
7	[(1,5751),(2,14456),(4,6244),(5,25134),(6,23058),(17,7883),(18,15990),(19,24269),(21,23105),(25,406),(26,12885),(28,21625),(29,17530),(31,9177),(35,19079),(37,583),(42,19272),(46,9327),(48,15898),(51,26375),(52,4048),(54,7905),(55,4635),(60,15442),(61,5864),(66,9049),(67,8684),(69,8261),(72,27946),(73,23115),(75,8042),(76,13527),(77,25901),(81,12652),(82,19394),(84,16585),(85,25338),(89,1692)]	83.338235
8	[(0,1043),(1,7338),(2,15555),(5,14708),(9,7846),(11,931),(12,26828),(13,1410),(14,27705),(15,11956),(17,3416),(24,14976),(28,12820),(32,12164),(33,21653),(37,15079),(38,26755),(39,24983),(40,10292),(42,17171),(43,15971),(48,11009),(51,17548),(54,532),(55,25001),(57,8408),(58,28277),(59,12986),(60,20992),(61,25638),(65,8770),(66,23287),(67,27509),(73,17490),(75,5866),(76,27276),(78,24698),(79,3387),(80,14942),(81,13753),(83,11824),(84,14785),(86,24980),(87,11575),(91,7134)]	83.711887
9	[(1,6461),(3,7009),(7,7284),(8,17090),(9,25037),(10,25357),(11,2017),(17,9836),(20,7886),(22,10698),(23,15822),(24,2021),(27,590),(29,27467),(32,2006),(35,16779),(40,1261),(41,14051),(42,21715),(43,25641),(44,2365),(46,18578),(49,14960),(50,17376),(51,17446),(54,22081),(55,9247),(58,17771),(59,28385),(63,23032),(64,9),(67,7909),(68,2090),(70,24637),(71,15316),(72,10947),(74,28528),(76,4574),(81,27667),(82,13322),(83,18128),(85,10570),(87,27499),(90,13363)]	103.031130
10	[(2,21954),(3,6711),(5,19630),(6,28077),(7,25258),(12,21950),(13,17541),(16,23822),(17,28065),(18,14977),(19,12503),(21,4109),(22,15643),(24,25789),(25,16444),(26,2431),(27,24584),(28,20015),(32,28422),(33,2919),(35,11288),(36,3081),(38,1182),(40,19068),(41,20306),(42,17030),(46,25575),(48,6374),(51,17814),(53,4477),(60,3157),(64,770),(67,4606),(70,7252),(72,19556),(74,26400),(75,12836),(76,10962),(78,18947),(79,12801),(83,1532),(87,21533),(88,20637),(90,19980),(92,3723)]	86.466339
11	[(0,9045),(3,21488),(4,14661),(9,15366),(10,26099),(11,26530),(13,5955),(17,25467),(19,27539),(20,19318),(21,7997),(27,13417),(30,26066),(33,14252),(34,20089),(36,16480),(37,1584),(38,10655),(40,3620),(41,19521),(48,7951),(51,13272),(52,15962),(54,13668),(56,17068),(58,11442),(63,15322),(67,11100),(68,22557),(74,15033),(76,11343),(77,1017),(78,21184),(80,1554),(81,16474),(84,7800),(85,20298),(87,10496),(89,4497),(90,4909),(91,24325),(92,10390)]	83.353535
12	[(1,2161),(5,2241),(6,28086),(7,24679),(8,15820),(12,16543),(13,24594),(16,489),(17,10882),(18,12230),(21,3322),(23,5969),(27,13614),(30,6787),(33,13514),(34,25738),(37,16585),(38,25338),(39,14739),(41,24771),(42,4800),(51,12652),(54,5620),(55,12241),(57,25059),(61,16220),(62,16645),(63,11257),(69,27912),(70,26671),(71,7249),(72,9707),(73,22106),(76,8008),(79,9993),(82,519),(86,19827),(88,11599)]	82.401793
13	[(1,4532),(2,4106),(3,26731),(4,26172),(5,8277),(6,4006),(7,21377),(8,5080),(9,25335),(14,3583),(16,10400),(17,16311),(18,4418),(21,14899),(22,1690),(23,5882),(28,22047),(29,16261),(33,20455),(35,20794),(38,18662),(39,21702),(40,6394),(43,8092),(46,11857),(47,8068),(51,22007),(57,18886),(58,3628),(60,17231),(63,18679),(65,21877),(69,16955),(71,19827),(73,7463),(75,7088),(76,19857),(83,23469),(84,7286),(87,983),(90,27165),(92,18085)]	82.827966
14	[(3,11021),(7,5490),(9,11520),(10,13830),(12,20757),(14,12214),(15,27287),(16,10719),(18,26021),(28,28347),(30,1815),(31,16987),(32,8977),(35,11778),(36,28259),(37,21147),(40,2240),(43,11854),(47,15686),(49,21857),(50,7483),(52,28153),(53,18953),(58,221),(61,17405),(62,16519),(65,20629),(68,9229),(69,21583),(70,6716),(72,23552),(73,7989),(76,5504),(78,21341),(79,2841),(80,3981),(82,13202),(84,24540),(85,12022),(86,18639),(87,6883),(88,7415),(92,474)]	82.725393
15	[(0,2294),(2,12308),(4,15492),(8,23077),(9,7340),(11,4975),(12,14302),(13,10962),(23,15482),(26,24386),(27,6257),(29,23973),(30,21814),(31,4893),(33,19733),(34,22105),(36,6349),(39,13808),(41,5415),(49,23977),(53,15195),(54,25359),(55,6763),(56,23341),(57,25299),(64,19099),(66,11079),(68,23974),(69,3328),(75,28573),(76,23211),(78,9009),(79,25914),(80,24587),(85,16328),(86,6506),(88,27805),(89,5182),(92,12001)]	83.896603
16	[(0,11431),(5,1244),(8,21831),(9,24009),(11,19235),(13,26669),(14,19219),(16,982),(18,9801),(19,148),(20,3821),(22,11397),(24,4812),(25,10737),(29,2519),(30,25630),(32,24781),(33,5310),(37,27271),(38,11458),(40,25450),(43,21380),(44,18095),(46,23399),(51,25175),(53,9188),(56,4138),(58,13779),(60,20914),(64,19676),(65,16608),(67,8918),(69,12388),(76,11161),(79,9841),(80,26114),(82,1338),(83,24066),(87,18971),(88,12491)]	82.821376
17	[(0,27280),(4,19269),(7,9119),(9,2376),(12,2359),(14,28148),(15,11059),(16,10542),(17,21914),(23,24800),(25,22190),(27,9348),(29,5677),(33,3955),(34,11919),(36,18303),(38,19338),(40,26844),(46,13269),(47,16784),(50,23981),(51,19520),(52,11509),(53,10240),(54,26317),(56,21141),(57,21336),(58,479),(59,20936),(60,18970),(61,7541),(62,540),(63,13366),(64,25080),(65,28670),(67,1763),(72,13452),(73,14782),(78,3088),(79,4552),(82,19048),(83,8016),(86,8853),(87,14202),(88,16577),(90,6482),(92,27931)]	82.107227
18	[(4,13719),(5,22252),(6,7783),(7,1196),(10,17876),(15,12266),(17,10777),(18,6443),(21,5781),(22,21304),(24,13030),(27,18456),(29,23688),(30,16822),(32,25785),(33,25362),(35,9838),(38,18345),(40,23987),(44,12672),(45,8229),(46,24424),(49,20852),(53,6993),(56,4041),(59,9978),(61,20763),(64,10745),(65,24965),(68,11626),(69,27536),(70,4685),(74,6923),(75,18164),(76,24277),(77,13341),(78,20598),(81,16338),(82,16734),(84,8608),(85,8183),(89,11970),(90,21811),(92,17985)]	80.851923
19	[(7,9837),(8,20419),(13,9417),(15,2245),(21,11952),(22,2366),(23,19970),(25,17399),(27,7907),(28,23291),(30,16570),(33,22577),(34,3297),(35,9583),(39,10721),(40,13722),(44,19696),(46,19721),(47,17828),(49,15037),(52,24999),(57,26389),(61,1278),(63,5175),(64,25992),(65,16038),(66,21432),(71,27179),(72,9526),(73,6302),(75,17161),(76,21876),(77,8674),(80,13051),(81,14634),(83,9581),(86,7194),(89,7949),(90,14125),(92,26483)]	81.062029
20	[(3,11648),(6,18546),(7,9553),(9,9409),(12,15688),(13,22864),(16,28568),(17,18670),(18,21887),(21,12260),(23,13292),(27,20309),(29,14582),(30,25755),(31,28504),(32,20463),(36,10746),(37,793),(38,19556),(41,10397),(42,25484),(43,4020),(44,21643),(47,20020),(49,15330),(51,5632),(52,7973),(60,5254),(61,25013),(63,4398),(68,15478),(69,4898),(71,913),(73,25643),(82,12396),(86,19187),(88,15286),(91,20712)]	83.398840
21	[(0,20193),(5,14081),(8,1826),(11,1067),(15,14103),(16,4718),(18,17120),(20,279),(21,12227),(23,25911),(27,13702),(28,3453),(29,2646),(35,16605),(36,18643),(39,8081),(40,21799),(43,1315),(46,4030),(47,6484),(48,4519),(50,28022),(51,26102),(56,16257),(59,12683),(61,11906),(62,57),(66,26857),(67,14406),(71,17775),(73,27934),(74,21370),(77,26372),(78,736),(79,10678),(84,28380),(85,26934),(86,5766),(90,22278),(91,22063)]	90.927927
22	[(0,14036),(2,3040),(3,3883),(8,2194),(9,26459),(11,7032),(12,27609),(15,12621),(16,10463),(18,8171),(20,25536),(23,27799),(25,24491),(27,14793),(29,15999),(30,4235),(33,15379),(34,7137),(35,19362),(38,7883),(40,12025),(41,10578),(42,25681),(44,4739),(46,19657),(47,13416),(48,9038),(50,9763),(51,11075),(53,14380),(55,15007),(56,6928),(61,23896),(62,16744),(68,14895),(69,28248),(72,17572),(74,6797),(86,7305),(87,10249),(91,11100)]	95.612899
23	[(0,27037),(2,12069),(4,25781),(7,12348),(9,10041),(10,16058),(16,28573),(19,21438),(21,2272),(23,24259),(24,7183),(28,4601),(29,24048),(33,25650),(37,10076),(39,9564),(45,2511),(47,17847),(49,8290),(51,13484),(52,9446),(53,5308),(55,2699),(56,19358),(64,24762),(65,9160),(68,26769),(70,7113),(72,25521),(83,21542),(86,16749),(87,875),(91,19879),(92,4562)]	82.492596
24	[(0,11312),(1,17429),(5,10521),(6,6391),(7,6198),(8,10662),(10,557),(11,21965),(13,1386),(14,2165),(15,16237),(16,19214),(17,21547),(22,22801),(27,13450),(28,2265),(34,18749),(36,20671),(38,9252),(39,27063),(40,20091),(42,2902),(43,20693),(44,11790),(47,28716),(51,3957),(56,2376),(57,21839),(58,4811),(59,3834),(63,4589),(64,8747),(65,27541),(66,10793),(67,8932),(77,15607),(79,22870),(80,5148),(81,7004),(82,25799),(83,9949),(85,26334),(86,12613),(89,19441),(92,8350)]	80.449236
25	[(2,17825),(4,28115),(5,3904),(6,25300),(9,20769),(11,12784),(13,24800),(16,438),(19,3998),(20,26179),(22,14189),(24,3817),(25,20193),(28,2494),(32,12146),(33,15729),(34,25254),(35,27057),(36,25363),(39,25237),(40,18857),(42,17051),(43,770),(47,28409),(50,25271),(52,1492),(53,26507),(54,10605),(56,10211),(58,7784),(60,2566),(61,25591),(63,28152),(64,3502),(69,12681),(70,5713),(71,16292),(73,4749),(74,17097),(75,8495),(76,11475),(78,28422),(79,2919),(80,14820),(81,22811),(82,8704),(83,9725),(84,13335),(86,24445),(89,14218)]	80.695984
26	[(1,9863),(2,17903),(3,1445),(7,24203),(10,27096),(13,17556),(19,21424),(22,16312),(23,14637),(24,21748),(29,19768),(34,23418),(35,9336),(37,2373),(38,14713),(40,1284),(42,2220),(43,7562),(44,6715),(45,2028),(46,7693),(49,21052),(52,26461),(53,18275),(55,8661),(56,7712),(57,14358),(58,21208),(59,16639),(61,12913),(62,16944),(64,12466),(65,632),(66,2938),(68,16339),(71,1534),(72,17044),(74,18415),(75,10019),(78,9091),(79,5671),(80,24777),(83,20451),(85,17710),(87,21371),(91,4220)]	80.802496
27	[(3,16763),(5,5000),(7,7576),(9,3852),(11,28609),(20,4139),(24,24942),(27,24073),(29,7462),(30,162),(31,24878),(32,4343),(36,7758),(38,97),(43,24585),(45,21367),(46,14260),(49,12108),(52,10333),(56,5693),(60,6366),(62,26058),(63,25123),(64,8256),(68,17793),(71,23413),(73,19258),(75,3540),(77,9839),(79,24490),(80,15878),(88,9154),(89,4239),(90,20345),(91,8275)]	78.409869
28	[(0,17610),(2,4051),(4,22697),(5,4597),(6,7392),(8,21136),(9,6072),(10,27703),(14,8726),(17,18175),(18,4011),(25,2107),(26,10567),(27,18915),(30,28451),(31,28395),(34,4210),(37,18916),(44,25039),(46,2876),(47,20192),(48,2485),(51,19335),(52,13153),(53,25777),(54,15246),(55,23417),(56,17931),(57,386),(63,6135),(65,13786),(67,26965),(68,23718),(70,1729),(75,13621),(78,8425),(80,6543),(81,21346),(84,6354),(86,17485),(87,22522),(89,5093),(90,11842)]	78.381719
29	[(0,1615),(4,3755),(6,26529),(7,21658),(8,3988),(18,4049),(19,5356),(20,5482),(21,18357),(23,3782),(25,1326),(28,1475),(29,3493),(32,4257),(35,25820),(37,1231),(40,17849),(46,27410),(48,17948),(50,15356),(53,6134),(54,11921),(56,25477),(61,27490),(62,5914),(65,5799),(66,7871),(67,16623),(69,9174),(71,5961),(73,16771),(74,23739),(75,20666),(77,777),(79,579),(83,1340),(84,12336),(85,18341),(86,11159),(87,25311),(88,6978),(89,2547),(90,8320),(91,11149)]	84.954343
30	[(0,10983),(3,17710),(4,22670),(5,15953),(6,16709),(7,27825),(8,13304),(9,12965),(10,3928),(15,12137),(18,18752),(22,2030),(24,27026),(28,24473),(30,26332),(32,11053),(34,10943),(35,16030),(36,4831),(37,5535),(38,20062),(39,11550),(40,18741),(44,24485),(45,3297),(52,14954),(55,20058),(56,731),(58,587),(60,20671),(64,6495),(65,13311),(66,24393),(67,9855),(70,9311),(75,5920),(76,23748),(77,16902),(78,15790),(79,3173),(80,15888),(83,26164),(84,26944),(86,652),(87,13140),(88,10792),(91,13517)]	78.644308
31	[(0,16652),(1,14470),(6,12840),(10,22686),(12,20331),(13,5656),(15,20196),(18,17891),(19,16601),(20,2076),(24,21430),(29,904),(32,13880),(35,25472),(36,6572),(38,18992),(40,22654),(44,20841),(45,9246),(51,4081),(54,20675),(55,13532),(57,13007),(60,28324),(64,16326),(65,3236),(68,5516),(69,13495),(70,25289),(72,17139),(80,3861),(81,18124),(85,2954),(86,16499),(87,22412),(88,24377),(92,14697)]	82.092712
32	[(0,16534),(1,23625),(3,12160),(7,7672),(8,16130),(9,7225),(12,25012),(14,935),(15,25272),(17,28401),(20,8523),(21,8180),(22,3124),(23,24687),(24,1570),(25,27228),(28,13722),(32,26208),(33,19173),(42,17240),(44,20619),(53,27425),(54,15278),(57,14271),(59,4545),(60,20243),(61,12963),(66,4036),(67,9465),(68,22418),(70,17684),(74,5029),(75,892),(76,23952),(77,8105),(80,10481),(81,11927),(84,19358),(86,5846),(89,23814),(92,17631)]	85.291649
33	[(0,17364),(1,9609),(2,6874),(3,25571),(4,15410),(5,16029),(6,28638),(12,19130),(15,21414),(17,4066),(18,16421),(20,8424),(22,12226),(23,4346),(24,25659),(26,14087),(30,9332),(32,8530),(34,5421),(35,10728),(38,3335),(40,5213),(42,23137),(45,12733),(46,20371),(49,21371),(54,19656),(56,5456),(59,13551),(60,18552),(65,13989),(66,11001),(67,4349),(68,10682),(69,9038),(70,26098),(73,21228),(74,927),(76,19618),(79,25645),(82,19557),(84,16590),(85,18695),(88,1030),(92,28126)]	81.075933
34	[(0,21249),(1,8359),(2,26436),(5,1673),(6,17451),(8,15899),(9,3378),(10,7746),(11,703),(12,13812),(15,28623),(16,4306),(20,11945),(21,16678),(23,12945),(27,4659),(28,25925),(29,1819),(31,9751),(33,20193),(36,21669),(37,17297),(40,20257),(44,11698),(47,11298),(50,493),(51,23018),(52,14481),(54,25690),(58,152),(60,16174),(67,18490),(68,5899),(70,27101),(71,19086),(73,19527),(74,16134),(75,3200),(80,2583),(82,7792),(83,27859),(85,23751),(87,6819),(91,13236)]	106.523271
35	[(0,23819),(2,10314),(4,3537),(9,19691),(10,9723),(13,2820),(14,27876),(17,10228),(20,17753),(22,4589),(27,8170),(31,21930),(35,27175),(37,7770),(42,16853),(54,27066),(56,25373),(57,16223),(59,27911),(62,12400),(64,8802),(65,2960),(70,11696),(72,1368),(80,1910),(83,24305),(84,18129),(87,15861),(88,11650),(89,15457),(90,1711),(92,20328)]	81.050953
36	[(0,17789),(5,6044),(6,17373),(8,10248),(10,23130),(13,12452),(15,1437),(16,5674),(17,14526),(22,28573),(27,4234),(30,3542),(31,23221),(33,20774),(36,1855),(45,27331),(48,28609),(58,16047),(59,11286),(60,28455),(61,10142),(62,14662),(63,4668),(65,28200),(73,23543),(77,23057),(78,4621),(79,1311),(80,28111),(84,23042),(85,6237),(89,13842),(90,13239),(91,22381),(92,8323)]	80.412970
37	[(0,5501),(4,931),(5,13142),(7,14075),(11,20284),(12,1974),(13,22635),(22,14703),(24,12698),(27,18205),(30,23631),(31,1503),(33,6197),(35,349),(38,20972),(39,18740),(43,26640),(49,857),(54,11999),(55,27927),(56,8624),(59,25667),(60,16857),(62,2123),(63,19894),(66,11585),(68,16367),(70,8170),(71,14924),(80,9334),(84,16567),(87,16716),(88,15398),(90,3194),(91,1910)]	78.394935
38	[(0,24731),(1,21987),(4,23193),(8,20024),(10,16891),(11,6860),(14,838),(15,22527),(17,2309),(21,19436),(24,16932),(25,11375),(31,19834),(35,15252),(42,26850),(44,18550),(48,23174),(49,18198),(50,11589),(52,12859),(53,18459),(54,2582),(56,16029),(57,14954),(58,10219),(60,2709),(61,22465),(70,17901),(72,3876),(78,6198),(82,6499),(83,6955),(88,6743),(89,17524),(90,4327),(92,2359)]	83.635434
39	[(1,21904),(5,2725),(6,6879),(7,18469),(11,3595),(16,13701),(17,14313),(20,16287),(21,19281),(22,16770),(24,24574),(26,3933),(28,19470),(29,27579),(33,21524),(34,14577),(36,20911),(37,15591),(39,28305),(41,19874),(42,25102),(50,5369),(54,8848),(55,25492),(57,8151),(63,22242),(64,3822),(65,13086),(71,4380),(73,5950),(75,3212),(78,13241),(79,21391),(81,25595),(82,14888),(83,8078),(84,20963),(85,6553),(88,19557),(89,17661)]	81.016275
40	[(0,19874),(2,766),(3,10912),(4,17628),(5,19641),(9,17480),(10,17860),(12,1303),(15,3109),(26,14546),(28,509),(29,26012),(31,2474),(32,13575),(34,3470),(35,19777),(36,10567),(37,18915),(40,26785),(41,26407),(43,20962),(44,22489),(47,19343),(51,5481),(52,9927),(53,26390),(55,20334),(56,15952),(57,17256),(58,26679),(64,1267),(66,17007),(67,23456),(70,18345),(72,18151),(73,9911),(74,6478),(75,978),(78,1078),(85,10423),(86,18843),(87,10356),(88,3221),(91,21949)]	81.208043
41	[(1,2513),(2,20693),(3,16909),(4,7397),(5,19356),(7,28192),(8,13530),(10,11108),(12,17845),(13,18320),(14,27123),(21,6111),(28,27355),(30,23220),(33,2683),(35,16259),(36,16993),(37,6663),(40,10909),(43,13586),(44,22349),(46,17333),(47,24529),(50,12052),(51,4986),(52,15856),(54,4423),(55,10035),(56,27449),(57,27050),(58,20711),(59,12306),(61,19848),(62,9924),(64,2326),(65,9596),(67,24894),(69,18224),(70,4007),(72,3717),(74,16719),(75,23181),(76,4417),(77,3831),(78,21219),(79,14039),(81,12036),(83,26042),(85,15291),(88,20282),(89,16133),(91,732)]	82.952750
42	[(1,22808),(6,28680),(7,1847),(8,3120),(11,7951),(13,7831),(16,13704),(18,8171),(20,28456),(21,19925),(22,16433),(33,5920),(34,4327),(36,22990),(37,537),(38,21247),(40,16737),(41,10962),(43,18947),(44,24274),(52,6843),(55,14752),(56,10649),(57,21279),(59,10746),(60,6870),(63,17690),(64,1641),(69,17419),(72,8428),(76,5008),(77,9107),(79,20136),(84,11209),(86,4499),(88,19706),(89,11076),(91,27656)]	79.219855
43	[(0,7065),(1,2281),(2,27911),(4,7313),(6,13275),(8,4245),(11,19265),(16,26579),(18,19285),(21,14089),(23,12452),(27,8577),(29,10619),(33,146),(35,3923),(37,5961),(38,2634),(39,2113),(40,410),(45,10535),(46,22238),(49,15248),(50,16013),(53,26302),(54,14202),(55,16577),(59,18830),(60,4874),(64,21716),(65,27124),(67,4287),(69,20458),(70,24514),(73,5858),(77,17413),(80,4734),(83,23923),(85,6749),(87,26552),(89,8214),(90,7918),(91,28599),(92,25242)]	98.590031
44	[(0,1527),(1,9608),(4,27299),(6,20260),(8,2837),(9,13446),(12,3270),(15,7308),(16,15356),(19,14268),(22,4915),(23,22610),(24,17893),(26,25680),(29,24355),(30,15482),(31,2584),(32,15428),(34,12355),(35,7801),(36,106),(39,618),(44,6180),(45,10504),(47,434),(48,6547),(50,2264),(54,11181),(55,6482),(58,19884),(59,4241),(63,10878),(64,14162),(66,25219),(69,11971),(70,21258),(71,15631),(73,330),(74,21915),(75,7383),(81,17466),(82,11406),(83,26085),(84,15926),(86,1749),(90,387),(92,13019)]	181.937514
45	[(4,14724),(9,20448),(11,20746),(13,22297),(15,16737),(20,11856),(22,12509),(23,15529),(26,8102),(30,25225),(33,12118),(35,28340),(36,19628),(37,1993),(40,12151),(42,25937),(45,28233),(48,7763),(49,19268),(53,17781),(54,5133),(55,5015),(59,16144),(60,18304),(63,28537),(65,7640),(66,23262),(69,25499),(70,13055),(77,20011),(78,8321),(80,607),(81,9345),(84,19099),(86,25035),(90,5896),(92,22944)]	201.698666
46	[(0,28073),(2,20464),(3,4434),(4,25128),(5,23661),(7,3696),(8,12488),(11,13735),(13,17713),(16,13998),(17,11187),(18,23268),(22,6752),(27,13447),(28,23682),(29,12529),(30,3989),(38,16700),(39,25144),(43,9700),(45,10315),(46,1605),(49,20455),(50,27276),(53,20913),(54,18121),(57,23478),(66,13674),(67,26985),(69,28049),(70,17807),(73,23581),(75,10361),(77,22520),(78,3606),(79,1963),(80,18046),(81,21375),(86,12510),(92,24412)]	183.244655
47	[(0,27457),(1,6617),(3,12446),(4,8189),(5,18851),(6,6224),(12,4920),(14,10102),(17,27706),(18,20990),(20,28493),(23,18952),(25,22369),(29,7383),(30,2693),(32,2649),(34,6736),(35,16930),(37,8174),(42,27126),(45,15752),(46,9299),(47,15009),(51,20477),(54,13306),(59,16554),(60,23803),(64,3001),(65,6017),(66,11611),(67,13936),(69,10723),(70,17863),(71,22692),(72,8362),(81,28369),(82,12462),(84,8174),(85,807),(90,13707)]	196.203057
48	[(1,5877),(2,20402),(9,16202),(12,26290),(13,19918),(14,24340),(17,1041),(20,11109),(25,103),(27,21785),(34,26776),(35,14154),(37,6065),(49,25434),(53,22804),(54,13318),(57,8874),(58,24373),(61,20004),(62,5748),(63,28199),(64,22792),(65,28379),(66,18315),(67,6465),(69,353),(76,12746),(80,9364),(83,24266),(84,11881),(87,12768),(91,6671)]	190.145162
49	[(6,3839),(9,2346),(10,10027),(14,10522),(16,18908),(17,8800),(19,6612),(24,27365),(31,23890),(33,5631),(34,6169),(35,26318),(36,26731),(42,19564),(43,9881),(45,3371),(46,15139),(47,9673),(48,11565),(50,24924),(51,21268),(53,15124),(54,14185),(58,4213),(64,14631),(65,18861),(66,20748),(72,10648),(73,9889),(75,26214),(77,1801),(79,1562),(81,12102),(82,15972),(84,13263),(85,22444),(88,5296),(89,16667),(90,16305)]	168.747191
50	[(0,22645),(3,1165),(7,7880),(8,27509),(9,17967),(12,20763),(14,14111),(16,10590),(21,8726),(22,10273),(25,27467),(34,15998),(35,16243),(38,12381),(42,12690),(43,5426),(44,2621),(46,455),(50,24069),(54,27653),(56,11720),(58,4758),(61,20761),(62,24428),(64,25759),(67,18244),(68,18524),(69,5431),(71,6367),(72,8024),(74,3318),(76,15566),(78,21667),(80,9953),(85,17573),(87,22333),(88,14400),(91,2066),(92,18889)]	177.602931
51	[(1,21952),(3,23863),(5,12382),(6,28506),(9,13118),(16,17613),(17,23880),(18,25966),(20,18020),(26,21659),(32,14333),(39,8913),(43,4286),(45,24761),(48,9293),(51,866),(53,11596),(54,18893),(55,11472),(56,3651),(58,17622),(59,28600),(61,24898),(67,8525),(69,1326),(70,9816),(71,28727),(72,6428),(73,1495),(74,17315),(75,8173),(77,20130),(86,22589),(88,15145),(92,1091)]	208.920041
52	[(0,24322),(2,15193),(3,24755),(5,27830),(6,23870),(11,12322),(12,2726),(17,19038),(18,6332),(20,17342),(25,15889),(27,9038),(28,3223),(31,27746),(36,6846),(38,6624),(39,28470),(43,2723),(53,28666),(54,1363),(57,8750),(58,18990),(60,1144),(63,6740),(64,4237),(65,9977),(66,15704),(67,1612),(68,26935),(69,11745),(71,22183),(72,4291),(73,11761),(80,3413),(85,15438),(88,11058),(91,16290)]	180.440301
53	[(2,20170),(6,27387),(7,24091),(10,450),(11,4261),(20,16353),(21,19275),(22,24143),(25,13618),(31,8529),(32,27422),(35,7676),(37,6050),(41,17055),(42,11006),(51,28327),(52,14948),(56,18811),(57,2728),(58,21264),(59,17773),(65,22705),(68,2783),(70,16705),(73,11782),(75,26476),(76,10182),(77,16964),(78,28499),(80,23582),(85,24062),(86,22332),(87,2127),(88,10341),(90,7470)]	187.321398
54	[(4,8411),(6,25360),(7,17119),(8,13157),(9,4648),(10,28052),(11,18259),(12,20817),(13,15058),(16,14835),(18,27031),(21,17996),(22,5679),(23,24217),(26,23727),(28,3494),(31,28022),(32,14671),(33,10267),(34,22345),(35,6019),(39,12941),(40,18325),(41,28668),(48,11537),(51,14745),(52,15695),(53,692),(54,20423),(55,28380),(56,27935),(61,10520),(67,506),(68,27058),(70,9154),(74,10225),(76,26434),(82,27829),(83,5621),(88,26653),(89,6899),(90,18068)]	174.130083
55	[(1,15681),(2,3445),(3,17320),(4,19692),(11,16300),(13,6449),(14,16641),(15,17358),(16,22375),(17,17874),(18,15387),(20,20542),(21,8655),(22,4244),(24,11867),(26,17007),(29,4715),(31,23280),(32,19288),(33,4881),(34,23073),(36,27296),(40,5077),(41,21008),(44,1672),(47,18636),(48,1641),(49,11003),(50,622),(51,24536),(52,11193),(54,27891),(55,13689),(58,6529),(61,26778),(63,5682),(64,19068),(65,20306),(66,2318),(69,11759),(70,20945),(77,24240),(81,26640),(85,10979),(87,28573),(88,16637),(90,22369),(91,18395),(92,9155)]	177.496903
56	[(0,25357),(3,10237),(4,4304),(5,15741),(6,21117),(7,9710),(13,27883),(22,23302),(24,18477),(26,25492),(28,15416),(31,13977),(34,22062),(35,9535),(39,9736),(40,22715),(41,24459),(43,25477),(44,8507),(49,13635),(50,822),(53,27869),(55,19774),(58,12018),(61,1726),(64,28648),(65,11836),(67,4296),(70,17437),(71,10521),(73,17134),(80,12625),(82,25928),(83,15588),(85,24352),(88,12218),(91,6685),(92,9161)]	191.207025
57	[(0,4617),(1,20098),(3,5242),(4,16013),(7,14081),(10,12906),(15,3690),(16,5115),(17,11397),(20,18716),(26,18671),(29,27802),(31,20442),(35,19002),(36,7720),(37,23800),(40,17394),(42,26791),(43,6707),(44,6103),(45,20014),(56,22559),(64,6817),(65,22619),(66,10854),(70,23761),(72,11025),(74,4571),(78,23888),(81,5042),(82,19637),(86,485),(87,23331),(88,22823),(89,12992),(92,11280)]	202.004300
58	[(0,9572),(1,1753),(2,18458),(3,16459),(4,11934),(7,11548),(8,19261),(9,24272),(13,23474),(15,24689),(16,5364),(18,27778),(20,26231),(22,4603),(24,6052),(26,4889),(30,1715),(32,6282),(33,6900),(34,10854),(35,8989),(36,10507),(38,11863),(40,21370),(44,2835),(48,27355),(49,2672),(51,22547),(53,1880),(55,28204),(56,15328),(63,17272),(66,1756),(67,14463),(68,18243),(72,6658),(74,6817),(75,22397),(80,9160),(82,20103),(84,22990),(85,28694),(86,24528),(88,16849),(90,11157)]	173.289165
59	[(0,7590),(3,22750),(5,17622),(8,14128),(9,15523),(12,6325),(13,11617),(18,21083),(19,3092),(20,1969),(21,18564),(22,812),(23,5516),(24,13495),(25,8434),(26,7344),(27,20348),(28,4817),(30,7635),(34,1181),(36,9635),(37,7229),(38,27788),(40,22275),(42,13428),(44,4405),(45,27215),(46,20546),(48,16279),(50,6235),(54,6703),(57,20864),(59,14498),(60,4255),(61,2859),(64,21863),(65,13612),(66,14861),(68,21186),(69,19638),(72,23126),(74,9228),(75,18100),(77,13865),(79,5030),(81,7854),(92,489)]	175.733466
60	[(0,10417),(3,1469),(8,8170),(9,14924),(10,2622),(11,16714),(12,19293),(14,8807),(15,15435),(16,22054),(17,12318),(21,3306),(23,9794),(24,6795),(26,22323),(29,25292),(33,26879),(34,21437),(36,91),(37,11630),(39,15378),(41,9529),(43,14625),(44,6755),(46,23794),(47,24716),(48,20009),(50,22893),(53,5965),(55,27556),(58,22144),(60,2502),(61,2367),(62,4819),(63,4539),(65,13250),(66,2314),(68,21540),(70,23302),(74,13007),(78,11102),(81,28287),(82,4271),(84,26026),(85,688),(88,20256),(91,6038)]	183.800971
61	[(0,24101),(1,22374),(3,1591),(5,19922),(6,2848),(8,4190),(9,411),(10,17280),(11,23733),(13,10551),(15,13317),(19,18193),(22,6297),(24,2572),(29,16879),(30,4384),(33,22120),(37,14151),(38,24297),(39,25332),(45,15694),(49,21454),(51,28536),(52,26628),(53,6605),(54,23386),(55,7315),(56,2872),(58,13182),(60,5502),(63,23112),(65,25337),(70,27214),(71,21677),(73,28138),(74,672),(76,24935),(79,27675),(83,11),(84,27329),(85,28343),(86,11160),(87,7365),(88,15370),(92,23937)]	185.631856
62	[(0,10719),(2,26021),(3,7036),(10,1965),(11,19344),(13,7193),(14,4937),(15,15592),(18,16825),(20,23471),(22,3896),(23,16798),(24,11787),(25,2345),(28,10170),(30,16568),(31,918),(34,13509),(35,2866),(36,5239),(37,27330),(39,11968),(41,7265),(42,830),(45,12384),(46,319),(47,13340),(50,11146),(54,25045),(55,3936),(56,26563),(62,22067),(67,6829),(68,26873),(70,22996),(72,20055),(73,20438),(74,14255),(75,19836),(77,3240),(78,9973),(80,3579),(83,18931),(88,10574),(89,17499)]	194.819208
63	[(9,16336),(11,20312),(13,28299),(14,22667),(15,28435),(17,18345),(21,12400),(24,10630),(25,24697),(32,2553),(33,11564),(35,13952),(37,24566),(39,7407),(44,10309),(48,15796),(53,17875),(54,13494),(55,4713),(58,15506),(59,27471),(60,1595),(61,21967),(64,18186),(65,11083),(70,10043),(72,27624),(74,15598),(75,17914),(76,20589),(77,15942),(80,3598),(82,6514),(83,17178),(84,26348),(85,5637),(89,9563),(91,9216),(92,8321)]	183.837013
64	[(1,24704),(3,10013),(7,23638),(9,12864),(12,2553),(17,21937),(20,1319),(21,2276),(22,8674),(25,19933),(27,18644),(31,4885),(36,3838),(37,20643),(38,14160),(39,21831),(40,8017),(41,22105),(45,26807),(47,9480),(49,4995),(51,25925),(54,28321),(55,17015),(56,13027),(57,11916),(59,26480),(66,2483),(71,6351),(72,24364),(73,8628),(74,21836),(76,14722),(77,12410),(85,5371),(88,17765),(90,743)]	90.416394
65	[(3,18368),(4,18154),(7,1646),(8,15808),(9,28447),(10,3961),(12,17103),(13,22403),(16,22245),(18,16110),(20,13489),(21,16540),(22,8746),(23,13478),(27,24312),(30,19854),(31,16400),(34,28160),(38,18740),(39,2224),(41,3572),(44,1042),(45,16255),(47,21667),(49,9953),(51,13313),(53,16482),(54,1121),(55,8827),(57,22684),(58,17341),(62,22788),(64,25091),(68,13720),(69,3665),(70,15480),(71,17244),(72,16114),(76,20237),(80,16068),(83,2860),(86,27741),(88,4133),(89,26686)]	78.538213
66	[(0,25767),(1,23061),(2,20947),(9,11140),(13,18281),(16,7123),(17,25944),(18,22939),(23,26964),(25,6116),(28,18803),(30,5958),(31,27665),(34,13954),(38,1291),(39,6149),(42,10327),(43,17121),(45,10082),(47,12159),(55,18044),(56,15255),(58,1574),(59,46),(60,947),(64,8341),(67,108),(72,24396),(80,2328),(81,9624),(85,28479),(86,10807),(87,14366),(92,13343)]	82.060300
67	[(1,4568),(4,23510),(7,13448),(8,23143),(9,10088),(12,14061),(13,12713),(17,24256),(22,17437),(25,10291),(26,18610),(27,18092),(28,22196),(30,23371),(31,12935),(34,6046),(37,1874),(41,2207),(42,10622),(45,27925),(46,25676),(47,11749),(48,3016),(50,3341),(53,7916),(54,1758),(57,7362),(59,15511),(60,9002),(61,3667),(62,5342),(63,12192),(66,23897),(71,12977),(72,2240),(77,22296),(82,22528),(83,5978),(84,19568),(86,21869),(88,7235),(89,19642)]	80.657710
68	[(0,24109),(1,8764),(6,28669),(10,12737),(14,26420),(15,2199),(18,17842),(20,9520),(26,9806),(27,2795),(28,26300),(29,24679),(30,27487),(32,27795),(33,21772),(35,6689),(36,10216),(37,18796),(40,4766),(41,14741),(42,14151),(44,22107),(47,2439),(50,25212),(53,24423),(58,27154),(63,4556),(65,8907),(67,10672),(68,25326),(69,18638),(73,16985),(79,2299),(80,15084),(83,21746),(87,19458),(88,9856),(89,24155),(90,12810),(92,10474)]	80.505938
69	[(0,2454),(1,28024),(3,25442),(4,5178),(5,3414),(9,20837),(14,15230),(16,8710),(20,3072),(22,10818),(23,12995),(24,12923),(25,2753),(31,497),(33,25937),(40,26490),(43,28250),(46,28002),(47,3913),(50,1317),(52,26569),(53,16453),(54,9152),(55,28189),(56,14338),(59,8890),(61,17400),(62,6392),(64,26811),(65,20483),(69,24260),(70,27542),(77,20845),(84,12842),(91,25407)]	81.842561
70	[(0,2411),(4,4913),(6,18859),(7,3525),(9,25479),(10,16161),(11,866),(16,27815),(21,22687),(23,25159),(25,25528),(26,18661),(30,17362),(31,4474),(32,144),(36,2809),(37,7651),(38,9683),(42,17357),(43,17221),(47,716),(49,18238),(51,26486),(52,9336),(56,14410),(58,5276),(62,10824),(63,17411),(66,19031),(68,9918),(70,6122),(71,770),(75,4906),(76,7972),(77,6415),(82,16812),(83,27070),(85,5888),(88,8273),(89,27452),(92,830)]	88.145214
71	[(1,20475),(2,22881),(3,15535),(4,6155),(10,23067),(11,28371),(13,27856),(14,7479),(22,6638),(27,7515),(28,8368),(30,15907),(32,9065),(36,25614),(38,19854),(39,16400),(43,4135),(45,22160),(47,15450),(49,18310),(50,21305),(51,24406),(52,18565),(53,24978),(54,12236),(55,20344),(57,22022),(59,23569),(60,5703),(66,14011),(67,28357),(68,6710),(69,5548),(71,4342),(72,18143),(76,2919),(77,14820),(79,15826),(81,16054),(82,26900),(83,7858),(86,2283),(88,2763),(90,450),(91,10507)]	84.115600
72	[(2,5751),(3,13599),(5,5830),(7,21411),(9,23812),(10,3758),(12,1636),(13,11256),(15,13601),(24,855),(25,21333),(27,22405),(28,24908),(34,426),(37,25733),(40,11875),(41,21434),(42,25878),(43,27453),(44,2373),(50,3569),(51,13518),(55,16771),(58,19899),(64,20202),(66,22511),(69,11786),(71,10104),(73,12233),(75,1415),(77,18787),(78,26716),(79,20388),(81,623),(83,3429),(84,28326),(85,5691),(86,4314),(87,13321),(88,8869),(91,5453),(92,9547)]	79.127317
73	[(1,24838),(4,20965),(5,6309),(10,16388),(11,5724),(12,19344),(14,3284),(16,8086),(17,5784),(19,22746),(22,14946),(23,19430),(25,6548),(26,18731),(27,20355),(28,14363),(29,25933),(30,3095),(31,26733),(33,18616),(35,17170),(38,10730),(39,16884),(41,15864),(45,9610),(48,25197),(49,4798),(58,3770),(59,25117),(60,14981),(61,22245),(63,16110),(64,7246),(65,12474),(69,25929),(70,16432),(71,16566),(74,16551),(75,4745),(84,3971),(85,24903),(87,16470),(88,18660),(89,17944),(92,27046)]	84.656726
74	[(0,270),(5,11284),(7,23243),(9,20272),(11,3211),(14,20246),(15,3685),(19,25884),(23,28620),(24,12646),(25,17816),(27,21205),(29,973),(30,11780),(34,6043),(35,5573),(36,20459),(39,16817),(41,3449),(45,12251),(46,19735),(47,15144),(48,21669),(50,15907),(52,9065),(55,11189),(56,26418),(58,7869),(59,11138),(60,7480),(62,752),(64,11850),(65,15993),(67,26422),(68,23151),(69,22876),(72,3132),(73,14839),(74,20614),(75,14851),(76,17379),(77,22639),(80,20986),(85,27970),(91,15458),(92,25263)]	100.052389
75	[(0,336),(2,2333),(7,25483),(10,17795),(13,13173),(17,18355),(21,15812),(22,8708),(23,26212),(24,12926),(26,5408),(30,1670),(31,707),(35,5898),(36,726),(38,6200),(40,2594),(41,11396),(49,23469),(50,2361),(51,23723),(54,499),(56,8656),(57,15748),(58,10790),(59,25824),(62,22016),(67,24168),(68,24017),(71,13809),(73,18750),(75,4192),(76,12228),(86,20440),(88,18900),(90,27980),(91,21350),(92,14460)]	81.024421
76	[(0,3886),(1,1435),(9,18083),(10,27131),(14,23671),(17,22125),(19,7813),(20,9259),(22,7379),(25,2294),(26,14154),(29,23249),(31,21712),(32,8463),(34,8190),(35,35),(36,25967),(39,4410),(40,14943),(41,11978),(44,1454),(50,22381),(51,4293),(53,19450),(54,5081),(55,8820),(58,22093),(59,23306),(61,23758),(63,8577),(66,14381),(68,10426),(73,5011),(75,28098),(76,27083),(77,21048),(85,18059),(87,10778),(88,20572),(90,20907),(91,11726),(92,3118)]	79.220482
77	[(0,14445),(3,12436),(4,5084),(7,10154),(8,19919),(11,19131),(16,16658),(19,26247),(21,25525),(23,7386),(24,21853),(27,13453),(28,27981),(29,26353),(37,15323),(39,5694),(40,6436),(41,12067),(42,13066),(44,2253),(50,12542),(53,16365),(54,24733),(55,16649),(56,9571),(59,27757),(60,576),(63,12560),(65,25084),(68,17986),(72,11440),(74,22743),(78,23543),(79,28402),(85,15909),(86,15005),(89,6134),(92,24670)]	78.075266
78	[(3,9844),(5,28455),(7,2678),(9,24631),(11,4211),(14,15487),(16,23608),(17,12235),(18,22286),(22,20069),(23,10208),(24,17246),(25,24131),(26,164),(29,14468),(36,8326),(38,27878),(42,5653),(43,20360),(46,10598),(47,7069),(52,938),(54,11696),(55,12570),(56,47),(57,24469),(58,18019),(60,11574),(64,4593),(65,24444),(67,6923),(68,25452),(70,3113),(72,11863),(73,16258),(74,19276),(76,16675),(81,10199),(84,3807),(86,13953),(87,22786),(90,16803),(91,22074)]	81.435585
79	[(1,4619),(3,14087),(6,450),(8,1772),(12,949),(14,3126),(17,15940),(18,27962),(19,5723),(20,17013),(27,15557),(28,28556),(36,11354),(37,2697),(38,2795),(41,2261),(42,8299),(43,819),(45,28339),(47,22669),(49,23055),(51,23736),(53,18828),(56,8719),(59,7804),(60,7696),(62,14855),(65,19270),(66,21419),(69,18291),(77,23435),(78,10510),(80,9419),(81,701),(82,4005),(83,19148),(84,6536),(85,3346),(86,24551),(87,27377),(89,9454),(90,3341)]	78.861158
80	[(1,14536),(3,23228),(4,3904),(7,4100),(9,27160),(11,10619),(14,5574),(15,11946),(19,25149),(22,16174),(23,16577),(24,24776),(26,19116),(33,10945),(36,11526),(39,23999),(40,21175),(43,13324),(44,23954),(47,12760),(48,23875),(50,5638),(52,23098),(53,24732),(54,4752),(56,21122),(62,13596),(66,14213),(70,13452),(71,19691),(72,9623),(73,12386),(77,8692),(83,13177),(87,24251),(89,13569),(91,3324),(92,6539)]	82.068366
81	[(0,2617),(2,22077),(4,16764),(10,20625),(12,11297),(17,22884),(18,13766),(22,7693),(23,25376),(24,17551),(27,17339),(35,5878),(38,24523),(40,12421),(41,13124),(48,20189),(49,27880),(52,21495),(54,4420),(55,10528),(57,19924),(59,8721),(60,22931),(61,9485),(62,26409),(64,2140),(65,9439),(68,20726),(70,15006),(71,16053),(72,23146),(77,1139),(78,210),(79,4530),(81,4351),(84,14445),(87,19636),(90,22090)]	80.083575
82	[(1,19002),(3,24949),(12,7606),(13,16128),(17,26902),(20,22530),(21,16781),(23,25785),(26,27378),(27,8616),(28,11838),(29,5882),(30,21917),(31,9452),(37,1896),(49,7086),(50,18767),(51,5397),(53,24647),(57,15133),(59,18303),(61,7703),(64,20166),(65,11446),(70,10829),(72,1279),(74,20226),(79,3716),(81,24081),(82,26951),(86,27164),(87,24811),(90,24972),(91,15308)]	91.918342
83	[(0,22949),(3,26018),(5,12038),(7,19256),(11,24717),(17,26259),(19,345),(22,27298),(23,23425),(24,11077),(25,12684),(28,17401),(32,20138),(33,8659),(35,26836),(38,7651),(42,13472),(44,13771),(48,7444),(50,9668),(51,15160),(52,17861),(53,11718),(54,10510),(59,14303),(60,8647),(64,2388),(71,7757),(73,23256),(74,24621),(75,1993),(77,884),(80,25237),(81,18857),(83,5668),(84,14428),(88,28076),(90,8051)]	82.838936
84	[(0,22407),(3,18615),(7,12170),(11,26957),(14,3248),(15,10044),(18,24937),(20,26664),(21,12750),(23,8402),(25,25339),(26,26624),(27,7810),(32,11191),(35,26833),(36,25547),(40,8354),(42,19130),(45,21414),(48,14823),(50,16881),(51,7177),(52,14641),(55,27212),(59,20433),(60,11087),(62,12432),(64,25401),(66,5341),(67,1052),(68,15049),(69,13066),(72,21916),(75,21467),(77,842),(79,6353),(83,7807),(86,21309),(89,4526)]	79.503903
85	[(1,3714),(3,10296),(4,14783),(6,15800),(7,27102),(9,19936),(11,21788),(15,28130),(18,27430),(20,13758),(22,19916),(27,7288),(28,25834),(31,13686),(37,4787),(44,6121),(45,5231),(47,20787),(48,14573),(50,10559),(51,5277),(52,22052),(54,22706),(59,3276),(60,21112),(66,26948),(71,329),(74,8674),(80,9948),(81,18915),(84,22196),(86,9129),(89,2048),(91,19684),(92,9064)]	86.821365
86	[(1,18763),(2,25870),(4,18624),(7,28273),(10,7984),(12,27111),(14,14112),(15,27227),(16,21318),(17,25719),(19,17103),(20,22403),(24,22716),(28,6349),(29,22082),(33,2786),(38,6007),(40,3417),(44,11995),(46,3640),(48,20282),(51,22067),(52,20578),(56,9636),(61,1000),(65,26844),(67,20636),(68,18669),(71,13810),(75,11363),(77,9865),(78,14491),(79,15310),(80,22685),(82,676),(84,2076),(85,9350),(92,15064)]	86.954838
87	[(1,1414),(5,18802),(9,5068),(11,21783),(15,1928),(16,6882),(17,28409),(20,1996),(21,28074),(22,5889),(23,20497),(26,5634),(27,4878),(28,5357),(29,26568),(30,16988),(32,28332),(35,12932),(39,21081),(43,16469),(46,9041),(48,25673),(50,14795),(51,5481),(52,9927),(60,26328),(61,21486),(64,10619),(66,12835),(69,18809),(72,12997),(76,12641),(84,12731),(87,2858),(88,22440),(89,17486),(90,21020)]	91.295779
88	[(0,9658),(3,20781),(4,21565),(5,27835),(7,7236),(10,7943),(14,10070),(15,21675),(16,11510),(18,20903),(21,24134),(24,17602),(30,10588),(31,9100),(35,7740),(36,3695),(37,16725),(39,14962),(43,27181),(46,769),(47,14644),(49,20358),(51,8304),(53,10849),(56,16078),(60,20550),(61,1882),(63,19116),(68,21967),(69,27633),(72,3060),(73,9234),(76,5961),(78,1180),(80,5333),(81,12107),(83,2044),(84,13050),(89,21471),(92,21922)]	82.533514
89	[(3,21078),(5,12300),(8,3452),(9,13742),(10,25250),(11,11010),(12,16159),(16,4210),(18,24630),(20,14600),(21,23261),(22,19921),(24,18840),(31,240),(32,4708),(36,2579),(37,26690),(39,18418),(40,28060),(41,239),(43,2079),(46,5878),(48,3331),(49,24076),(52,18323),(53,3532),(55,17960),(59,27549),(60,18429),(62,23584),(63,6317),(65,7653),(66,8899),(68,17059),(70,6055),(75,3758),(76,17780),(81,1409),(85,11965),(86,26373),(88,27615),(92,4275)]	82.260312
90	[(2,5224),(5,14425),(6,21732),(7,11957),(8,10325),(9,5880),(10,12308),(12,4778),(14,11057),(15,6474),(21,10375),(22,20980),(23,22509),(25,13292),(31,24121),(34,24485),(35,16310),(38,24690),(39,7881),(42,7797),(44,15951),(47,26367),(48,25768),(50,25947),(51,18781),(52,6239),(53,8101),(54,8114),(56,14602),(58,18063),(59,24144),(60,16860),(65,14660),(66,25596),(67,4202),(68,12649),(71,11327),(75,26971),(77,1025),(79,13958),(85,10894),(87,6548),(88,25642)]	81.216783
91	[(0,14990),(1,13739),(7,25222),(8,2830),(11,5371),(18,556),(25,18229),(27,21930),(29,28082),(30,24057),(32,26174),(33,27608),(37,4933),(38,434),(39,19009),(40,7521),(41,24571),(44,14993),(45,16702),(51,5526),(55,5775),(56,371),(57,8314),(59,75),(60,8177),(67,2714),(69,5971),(70,11045),(72,4093),(74,17364),(77,8079),(81,18619),(88,16907),(89,4348),(90,14519)]	80.618055
92	[(0,7976),(3,18636),(6,19307),(8,15687),(9,27406),(10,5603),(11,25968),(14,6717),(21,21136),(22,6072),(24,19643),(26,1986),(28,25065),(30,23343),(31,14076),(32,7472),(34,9784),(35,10907),(39,17753),(40,16692),(42,3450),(44,1569),(47,10467),(48,28479),(50,28565),(52,14982),(57,12949),(58,313),(62,27402),(63,3547),(65,8802),(71,24894),(72,11352),(74,11119),(75,5877),(79,12807),(82,7835),(83,1439),(84,21193),(85,1703),(87,1418),(88,5947),(89,1544),(92,4228)]	81.868470
93	[(1,13721),(2,18910),(3,13106),(4,7883),(6,12025),(7,10578),(8,9322),(9,5087),(10,17213),(11,24031),(13,28180),(15,6285),(17,27565),(19,23784),(21,13938),(22,21361),(24,7019),(25,6680),(27,26404),(29,26737),(35,16377),(36,24108),(38,10012),(40,21862),(41,20016),(42,14325),(44,8512),(45,16698),(46,13106),(49,14100),(50,11520),(51,4176),(52,9873),(53,2748),(54,1167),(59,26085),(63,10950),(68,16546),(71,8205),(72,5111),(74,3216),(75,4646),(76,1227),(77,11135),(80,17502),(81,11212),(86,2175),(88,24442),(90,11130),(92,11014)]	80.925535
94	[(2,26770),(5,5830),(6,21616),(7,11273),(9,17152),(10,25909),(13,14217),(23,2986),(24,138),(25,28444),(29,27817),(30,25534),(31,20504),(38,15023),(42,565),(49,6495),(52,20885),(53,26544),(55,6289),(56,10700),(58,15700),(61,22213),(64,16026),(68,1872),(69,6649),(70,14821),(71,15508),(73,10677),(74,9265),(79,16135),(80,22759),(81,28041),(83,23161),(84,10227),(85,17226),(86,27341),(90,18872)]	86.004458
95	[(3,8110),(4,9392),(5,23938),(7,5632),(13,15161),(17,3469),(19,7197),(20,7862),(22,24174),(23,26063),(31,10728),(32,2259),(35,7090),(36,16805),(38,21324),(40,26035),(42,11348),(43,14404),(45,22078),(47,17715),(50,28334),(54,5460),(55,14128),(56,15523),(58,1737),(59,10869),(60,5291),(66,10183),(74,10118),(75,19453),(76,14192),(77,9799),(80,14840),(81,48),(82,11289),(83,12643),(88,5997),(89,21839),(91,8623)]	84.811883
96	[(4,13324),(6,28216),(8,25925),(10,3998),(11,26340),(13,18750),(15,11295),(16,1974),(19,14814),(22,3315),(24,7817),(25,16363),(27,11960),(32,1939),(33,10725),(35,27906),(36,1918),(44,11695),(49,4008),(52,8995),(53,8898),(54,18153),(55,254),(56,619),(57,14434),(58,19211),(59,19738),(64,18863),(65,13893),(67,6636),(68,27492),(71,12054),(74,3850),(79,23814),(80,13062),(81,10930),(82,5847),(83,19126),(86,6876),(87,3331),(88,24076),(90,26565),(91,11190),(92,23864)]	84.926378
97	[(1,22858),(2,28012),(4,20756),(5,23393),(6,23176),(8,4919),(11,22219),(13,11368),(14,2222),(15,15589),(17,6809),(20,24854),(21,17274),(22,14036),(24,24120),(27,25165),(29,3204),(31,8797),(34,13172),(35,17267),(37,27648),(40,19233),(43,11482),(46,26634),(50,21541),(53,1365),(54,21033),(55,13621),(58,24793),(61,13251),(62,5803),(63,11991),(65,2718),(67,18443),(69,24003),(72,26184),(75,12181),(77,14801),(78,27332),(84,7171),(89,24737),(91,19387)]	84.065153
98	[(2,27172),(5,1408),(6,4591),(7,22304),(10,5088),(14,20920),(15,7918),(16,3965),(18,23358),(21,16740),(23,27141),(25,3971),(29,20641),(30,18924),(33,5110),(34,21528),(37,17502),(39,5471),(43,21998),(44,15361),(47,11937),(48,9686),(50,7295),(52,23245),(53,3168),(54,757),(55,19026),(56,5819),(61,26390),(62,3302),(63,22156),(65,26384),(66,8539),(71,25053),(72,23392),(73,22169),(75,13200),(79,25356),(81,13299),(83,7219),(85,689),(87,27725),(88,21864),(90,21338)]	80.116872
99	[(0,12032),(4,573),(5,14564),(6,20909),(7,22439),(8,11933),(13,22424),(14,9),(18,7135),(19,6210),(20,22438),(21,10808),(25,1042),(26,25323),(28,23284),(29,3960),(30,26138),(32,661),(33,15843),(36,27099),(37,28103),(38,3902),(42,14267),(44,3273),(48,26565),(49,11190),(53,23377),(54,14349),(56,15783),(57,22266),(58,27232),(61,14464),(62,6947),(63,103),(64,14310),(67,18553),(71,26431),(72,24548),(74,14616),(80,25610),(85,12921),(87,3856),(92,9976)]	103.030675
100	[(0,6392),(4,1498),(5,158),(6,9544),(7,8681),(11,15542),(18,25589),(20,17583),(22,16996),(23,15133),(28,24798),(31,10595),(36,27378),(39,23582),(40,1797),(44,25072),(46,3973),(49,24734),(50,1069),(51,13239),(52,22381),(55,14046),(57,12455),(60,10008),(62,22180),(64,3744),(70,15861),(73,12708),(75,9240),(77,4459),(82,4624),(83,5694),(84,6436),(88,7290),(89,2689),(90,2026),(92,14329)]	81.826848
101	[(0,19006),(4,1730),(8,12461),(9,10139),(11,8447),(12,16988),(13,11573),(14,7735),(17,26960),(19,16469),(20,7231),(21,21814),(24,20012),(25,5603),(26,18195),(27,3243),(32,8591),(36,9204),(37,10838),(38,21621),(39,284),(44,16714),(49,24554),(53,17607),(55,18083),(58,16030),(59,4831),(60,20837),(62,15165),(63,28583),(64,23690),(65,22711),(67,25696),(69,12874),(71,7370),(73,327),(74,7138),(75,277),(77,18471),(79,25952),(80,7704),(82,23534),(86,10201),(87,19521),(88,11037)]	81.371302
102	[(0,25152),(1,23982),(2,28395),(3,9937),(4,4382),(6,5588),(10,20120),(15,10891),(17,21719),(19,21533),(20,7376),(23,20843),(24,4137),(26,22772),(28,5245),(30,14058),(33,23931),(35,5478),(37,1252),(40,26290),(41,5705),(45,13896),(47,20274),(48,9865),(49,14491),(50,24279),(52,12640),(53,26312),(55,15924),(57,8662),(61,6344),(64,6076),(65,23533),(66,16516),(70,28405),(75,24500),(76,15003),(84,6043),(85,8371),(86,27674),(89,14651),(90,20984),(91,4005),(92,25848)]	86.483492
103	[(0,10906),(1,20429),(5,12401),(6,14711),(7,23089),(8,21126),(9,8758),(10,22889),(11,12302),(12,420),(13,23639),(15,8848),(18,22628),(19,25461),(21,9579),(23,8157),(24,18980),(25,14015),(27,19141),(28,14338),(29,2015),(30,25101),(31,21908),(32,3515),(37,1725),(38,25168),(40,11731),(44,12125),(49,6399),(50,6847),(52,3160),(53,16576),(56,14167),(59,11111),(60,4304),(61,6041),(63,1496),(65,10868),(66,7471),(75,23746),(76,18510),(77,4210),(78,11730),(83,14029),(86,23939),(87,13368),(90,13579),(92,19725)]	89.374446
104	[(4,18831),(6,9522),(9,18062),(12,19522),(13,8034),(15,20672),(20,2140),(21,14613),(23,9412),(26,27909),(29,20777),(32,25297),(34,9552),(35,10295),(38,502),(39,17717),(40,17280),(43,22401),(44,7821),(47,3248),(48,10044),(49,19611),(50,27420),(51,11643),(59,27592),(60,25687),(61,6933),(63,27138),(64,5212),(66,13078),(68,19535),(71,14009),(74,27975),(76,23225),(80,17292),(81,21298),(85,25711),(92,19528)]	80.613083
105	[(0,12659),(2,26180),(3,22533),(5,23405),(7,12921),(12,28719),(13,11276),(14,7688),(17,18091),(20,1443),(21,15921),(23,23408),(24,10374),(25,15575),(26,23427),(27,13570),(29,10681),(33,4917),(40,17117),(41,18093),(42,4107),(44,15971),(47,11553),(48,25774),(50,28141),(54,15990),(55,24269),(58,7993),(60,26815),(61,8157),(64,21767),(66,13687),(67,5216),(68,3808),(79,18240),(84,9137),(85,4788),(86,22980),(90,3107),(91,23824),(92,2205)]	88.161810
106	[(0,15861),(2,6750),(3,19264),(10,1609),(12,16199),(14,7112),(16,14081),(18,10730),(19,16884),(21,26360),(26,74),(29,12487),(36,13624),(38,8303),(39,16147),(41,13867),(42,1339),(43,12787),(44,7715),(45,22475),(47,25198),(49,15230),(51,24024),(52,25234),(53,20813),(54,6406),(55,27771),(56,15933),(63,2927),(64,17609),(67,6671),(69,1599),(71,11172),(74,749),(80,23410),(81,10349),(82,5946),(83,1603),(84,929),(86,5668),(87,14428),(88,23007),(91,7641)]	81.796301
107	[(0,1795),(3,15493),(4,17681),(5,18744),(9,4589),(14,27700),(15,21044),(17,28529),(18,4592),(19,15329),(23,3982),(25,8352),(26,1887),(28,5743),(33,19135),(34,21145),(35,13346),(38,7681),(41,4105),(44,24597),(47,5385),(49,23093),(50,75),(51,17563),(53,12371),(55,5661),(56,9498),(60,16456),(62,24060),(63,25619),(65,21667),(67,9953),(70,18182),(77,10250),(78,6810),(79,18286),(82,6461),(85,26662),(86,18231),(87,13563),(88,11112)]	84.585722
108	[(0,3241),(3,25190),(12,708),(13,28202),(14,10356),(15,24860),(17,4514),(20,3627),(24,15436),(26,2137),(28,1179),(36,8222),(37,18416),(39,991),(41,12910),(43,23865),(44,21856),(46,12132),(49,25878),(50,25766),(52,13687),(53,5216),(54,742),(56,10342),(57,9106),(58,4397),(59,12624),(60,25587),(69,11490),(72,11221),(76,10708),(80,3270),(87,8290),(89,6163),(92,13310)]	79.367160
109	[(1,26468),(2,1797),(3,16176),(5,10748),(7,20913),(8,12340),(11,7604),(14,26128),(15,19756),(19,3369),(20,15437),(22,23942),(24,23776),(25,21545),(27,7425),(28,18070),(30,18090),(33,15959),(36,28413),(37,13750),(38,12633),(41,20499),(45,14988),(46,12581),(47,6042),(48,935),(50,5207),(51,27341),(52,22246),(53,13415),(55,11941),(56,11200),(57,11064),(58,14095),(60,6235),(61,7338),(63,16168),(65,18902),(66,22711),(67,5992),(71,13847),(72,15567),(74,22296),(77,14936),(80,4551),(81,10666),(84,26432),(88,21950),(89,8990)]	80.321051
110	[(0,4737),(1,11072),(7,22245),(8,22300),(10,24419),(12,4490),(13,22734),(15,108),(18,23767),(20,14639),(24,24745),(26,15047),(27,2070),(30,25055),(34,14092),(36,8046),(39,4470),(41,683),(44,22227),(51,3024),(52,13861),(53,5078),(55,12719),(56,1213),(57,22565),(59,19008),(60,8628),(62,345),(67,17735),(71,7764),(72,11372),(76,24050),(80,27118),(81,5587),(83,19666),(85,10240),(86,1928),(87,6882),(91,2722),(92,17687)]	81.046040
111	[(5,516),(6,9377),(8,6556),(10,20261),(15,10378),(21,2083),(22,26165),(24,25217),(28,1945),(29,17563),(30,7845),(34,12843),(36,13405),(38,14873),(40,28272),(41,25245),(43,9716),(44,9504),(46,14353),(49,4968),(50,5372),(51,25362),(53,23304),(56,2675),(58,26245),(67,12656),(68,5256),(71,15823),(74,18662),(76,970),(77,23518),(78,9088),(79,11443),(83,23375),(86,21376),(87,2145),(89,8038),(90,26233),(92,20435)]	98.099364
112	[(1,27217),(3,19121),(9,4498),(13,17165),(16,20426),(17,3944),(19,16753),(20,16116),(22,5387),(24,6849),(25,12099),(32,1000),(34,24550),(36,1617),(39,1389),(43,2730),(45,10575),(48,2334),(49,27051),(54,15361),(58,16148),(62,24117),(69,21005),(70,21726),(72,5501),(75,9452),(78,21166),(80,22459),(82,17043),(83,3711),(84,11744),(85,9439),(87,28333),(88,15961),(92,28478)]	78.417155
113	[(2,27063),(5,20789),(6,21750),(9,17388),(14,14812),(15,11375),(21,20965),(22,6309),(23,22805),(25,6300),(30,19817),(33,17246),(34,11693),(36,3893),(37,1249),(41,12729),(42,15434),(46,2053),(47,14815),(48,10435),(49,13496),(50,18401),(51,9552),(52,3794),(53,15456),(54,2570),(56,27167),(59,16948),(64,16133),(66,2429),(68,5654),(69,22592),(70,19287),(71,20509),(77,25520),(78,11762),(81,13108),(85,23948),(86,24940),(87,24519),(89,4859)]	78.718778
114	[(0,19362),(3,5634),(5,6396),(6,3277),(7,26165),(10,25185),(11,16618),(12,20559),(14,28419),(15,15390),(16,27590),(17,27794),(21,11547),(22,13025),(23,10616),(24,24894),(28,7749),(29,17269),(33,6805),(37,11538),(38,28296),(40,8148),(42,1762),(43,16131),(48,20891),(49,3287),(52,22642),(54,3072),(59,16646),(61,4491),(63,28398),(64,17148),(65,21059),(67,16083),(71,200),(73,3113),(74,14488),(75,1245),(77,10072),(80,2910),(83,6008),(84,14623),(90,6695)]	79.405724
115	[(2,22479),(3,9104),(6,5395),(10,8196),(13,27108),(14,37),(16,3645),(18,5251),(19,7360),(22,24201),(24,28643),(28,2541),(32,8261),(35,19648),(39,2747),(40,12831),(41,28434),(42,24480),(45,5455),(49,14789),(50,13180),(51,3253),(52,16434),(53,7753),(54,21494),(60,15299),(62,709),(65,6116),(68,6312),(74,16771),(75,23739),(78,18690),(86,27641),(87,1255),(90,14856),(91,23564)]	79.598234
116	[(2,23204),(3,25751),(4,5948),(5,19788),(6,14591),(8,4441),(9,24381),(12,20755),(14,2063),(15,8544),(16,27800),(18,11936),(19,23058),(21,9787),(23,17228),(25,3508),(27,10169),(28,7295),(31,24606),(33,26267),(38,2279),(40,14640),(41,17614),(45,15991),(47,11310),(48,1432),(49,23018),(53,11621),(54,10713),(58,8910),(59,22809),(60,25886),(64,19258),(69,8090),(70,22745),(74,15376),(77,19357),(78,13310),(90,10320),(92,8512)]	77.420589
117	[(0,12250),(9,749),(13,2781),(14,17563),(15,11479),(17,5070),(18,13472),(19,10186),(20,5388),(21,22331),(24,22522),(25,13729),(30,12185),(32,23754),(40,12643),(42,7653),(43,22808),(44,11153),(45,15450),(49,6562),(50,16653),(52,27592),(54,4799),(55,18515),(60,15095),(65,16074),(67,24040),(74,21685),(75,16075),(76,9143),(79,16436),(86,17200),(87,19452),(92,17881)]	78.464393
118	[(0,19272),(2,20785),(7,19793),(8,11183),(10,6519),(11,21498),(13,25796),(16,8603),(19,28038),(20,23687),(23,11194),(26,8359),(30,3028),(33,20720),(38,11902),(41,28294),(42,8288),(43,12462),(44,8699),(45,22799),(48,23455),(50,17395),(51,26825),(52,22302),(53,6944),(54,8193),(55,9952),(57,27656),(58,17940),(59,15238),(61,12698),(67,10478),(69,10620),(71,16393),(78,21983),(79,21024),(81,9929),(84,3270),(90,6581),(92,1276)]	83.259773
119	[(2,8193),(3,19428),(4,25533),(5,27668),(8,12512),(9,7462),(11,2991),(12,4229),(13,13087),(17,24684),(18,9853),(19,3761),(24,25501),(26,14132),(27,20111),(29,2918),(31,11627),(33,2768),(34,13799),(35,3849),(36,25251),(39,7676),(42,17315),(44,24818),(46,22686),(53,22840),(57,26679),(58,5442),(65,2525),(67,25632),(69,22761),(70,19655),(71,23459),(78,2111),(80,18933),(81,5696),(82,10825),(83,20491),(84,7592),(86,18608),(87,21923),(89,22052),(92,27425)]	81.591062
120	[(0,8453),(1,22863),(2,11615),(3,11453),(4,9564),(6,6245),(7,6534),(9,27343),(10,13193),(14,27257),(18,4768),(23,3852),(24,15738),(25,4579),(26,23910),(28,8798),(33,27693),(39,16290),(40,13170),(41,2046),(42,7265),(44,323),(45,15378),(46,24563),(50,27566),(51,24978),(54,26512),(55,4608),(59,26948),(61,15207),(62,22573),(63,27110),(64,26442),(65,19959),(67,22720),(68,28698),(73,207),(74,19332),(77,19793),(78,11183),(83,7871),(85,24427),(88,18175),(91,17674),(92,12177)]	79.660424
121	[(0,15791),(3,3861),(4,8454),(5,8775),(7,12028),(8,24426),(10,16781),(13,9220),(18,23355),(21,28173),(23,16705),(25,4722),(26,7323),(27,3524),(32,27873),(33,6307),(38,27066),(39,25302),(44,11261),(46,6063),(52,22745),(54,2619),(56,6066),(57,17355),(58,28106),(59,12608),(60,12063),(63,5082),(64,20459),(66,8240),(67,2357),(71,827),(74,28175),(80,6457),(81,17653),(82,27907),(83,5756),(84,7934),(85,23065),(86,25912),(87,10179),(90,15825),(92,1090)]	80.132783
122	[(0,10896),(3,2476),(10,18178),(14,27419),(15,21000),(16,10318),(18,5534),(20,14636),(21,9722),(25,7927),(26,17980),(28,2443),(29,5514),(31,10779),(32,27157),(33,22714),(37,4797),(38,14922),(41,23397),(49,19813),(56,1412),(58,953),(61,26135),(62,23349),(65,26338),(66,27086),(68,10734),(71,27353),(72,5411),(75,9286),(76,16089),(80,5272),(84,19184),(86,20512),(89,28030),(90,8335)]	82.329411
123	[(0,3022),(1,14177),(2,1150),(3,4408),(6,22243),(8,27345),(9,2058),(10,3399),(13,12052),(14,19190),(15,4662),(17,23060),(18,23612),(20,7506),(21,9956),(27,25401),(28,1719),(32,26497),(33,3892),(34,27795),(35,21772),(37,6689),(39,13198),(42,7645),(43,14770),(44,14962),(45,18199),(46,4588),(47,4767),(49,2577),(52,14493),(53,17802),(58,16041),(60,364),(61,4689),(62,18017),(63,28269),(67,23627),(68,7312),(71,4606),(72,11469),(75,3039),(76,17037),(79,23189),(80,21571),(81,15376),(83,14094),(85,24949),(87,9915),(88,13442),(89,11373),(92,24440)]	80.762941
124	[(1,19081),(2,16185),(5,5542),(11,27207),(14,9651),(15,1486),(16,12538),(17,11858),(22,14209),(23,10519),(26,5994),(27,12143),(29,17503),(30,12073),(31,28069),(33,649),(35,22488),(36,2491),(37,27918),(38,19919),(43,17643),(44,10245),(47,15384),(48,18359),(49,20396),(50,15714),(53,11915),(55,18239),(59,14374),(63,20035),(64,18281),(65,22385),(66,22285),(67,18365),(68,25767),(69,24628),(73,7389),(76,20536),(78,15493),(84,4225),(85,4793),(88,7383),(90,16155)]	99.172979
125	[(0,12632),(3,190),(4,3447),(5,1034),(7,11992),(10,20536),(12,15493),(13,17681),(14,6172),(16,6832),(17,24224),(18,11939),(19,2319),(21,2386),(23,6318),(25,6486),(26,2196),(27,28155),(29,3858),(30,13184),(31,1616),(32,15511),(33,9002),(35,18377),(43,496),(45,7019),(47,25635),(48,2272),(51,1197),(52,15905),(53,20809),(54,22040),(56,27274),(57,16837),(60,14128),(67,6210),(68,22438),(69,16778),(70,21559),(72,17617),(74,4997),(79,16403),(80,27272),(81,19313),(83,1737),(87,21215),(88,10051),(90,15402),(92,12182)]	79.207447
126	[(0,5588),(6,13889),(9,27511),(12,5961),(13,13589),(17,374),(18,15815),(21,18624),(24,4615),(25,5274),(29,24350),(33,6400),(36,1896),(40,9616),(49,25914),(51,8303),(52,24924),(53,21268),(55,7829),(56,13262),(58,25366),(60,8985),(62,22203),(64,7068),(65,4466),(67,21753),(69,4657),(70,19016),(71,17451),(72,24456),(73,9667),(76,4764),(78,2347),(79,27182),(80,8087),(81,7363),(84,16405),(88,2620),(92,10135)]	77.856038
127	[(0,1406),(4,976),(6,20457),(7,17623),(10,1824),(12,15087),(13,4557),(15,59),(17,23435),(21,20839),(25,17617),(26,16394),(30,1509),(31,22554),(32,14585),(33,24004),(35,4488),(37,2493),(38,526),(39,26810),(40,20682),(41,12574),(42,14942),(44,4413),(45,19237),(47,7737),(48,11305),(49,22491),(50,14397),(53,25983),(54,4132),(55,7902),(56,8039),(58,3332),(59,1140),(60,25435),(63,9543),(65,27307),(67,5568),(68,22248),(69,22009),(70,25668),(71,21154),(72,28204),(73,15328),(75,25352),(76,2036),(87,21332),(89,9442)]	79.854077
128	[(0,24478),(2,19938),(4,4642),(5,26271),(7,2370),(8,6291),(15,24006),(16,491),(17,13900),(19,25973),(20,5575),(25,5939),(27,2326),(28,7719),(29,11185),(30,8226),(32,20731),(33,10256),(35,14241),(39,14616),(40,22008),(41,21306),(42,27447),(43,16856),(45,24260),(48,17334),(49,22780),(50,142),(60,26986),(61,14570),(62,13104),(71,4016),(73,6674),(77,26917),(83,23174),(84,10350),(85,15961),(87,2481),(89,10153)]	81.712041
129	[(2,15702),(11,821),(13,10454),(17,7348),(18,6228),(19,18118),(23,21652),(24,6811),(25,3366),(26,27193),(30,7756),(31,3427),(33,20532),(37,20467),(39,27383),(40,15691),(41,23372),(45,7767),(48,24237),(49,4243),(50,18413),(52,28044),(53,23889),(55,4251),(56,17745),(57,18896),(58,12435),(59,19601),(60,4864),(61,28007),(64,3504),(65,21785),(66,15515),(68,5976),(69,27170),(70,25311),(71,6978),(72,2547),(73,27250),(74,7625),(75,14325),(78,26876),(79,13055),(82,11657),(85,9055),(86,13937),(89,3783)]	79.658958
130	[(0,2148),(1,27882),(3,3508),(6,5313),(7,23877),(10,1484),(11,25165),(12,9111),(15,22947),(16,17608),(17,28076),(18,22960),(20,15638),(22,13173),(23,15064),(24,10421),(25,7176),(26,19846),(27,9056),(29,6935),(31,10274),(32,395),(33,17351),(35,3588),(36,13165),(37,4792),(40,22903),(42,21571),(43,15376),(47,27584),(48,21462),(49,5485),(50,4336),(51,2695),(52,22176),(54,5298),(58,22348),(59,19279),(61,18213),(63,1975),(66,27521),(72,3012),(79,10307),(81,15953),(82,2255),(83,3104),(84,10368),(86,21238),(88,9735),(89,7688),(90,23727),(91,22642)]	85.180370
131	[(0,22713),(2,4040),(4,11051),(6,19212),(8,1207),(9,3729),(15,20783),(16,1990),(17,18959),(18,11411),(19,27338),(24,22931),(25,25281),(26,20939),(27,24332),(29,16366),(30,23074),(31,9808),(32,18599),(34,28006),(37,4619),(38,19487),(41,10036),(44,2178),(49,12255),(50,13950),(52,20617),(53,21909),(55,18646),(57,24731),(58,21987),(62,15378),(63,24563),(66,27837),(69,15771),(70,738),(72,8549),(75,18991),(78,7166),(81,23712),(82,22223),(84,11312),(85,17429),(88,26764),(89,12580),(92,22316)]	83.856141
132	[(1,19318),(2,15799),(3,1858),(11,14283),(13,5863),(17,21755),(18,337),(21,12954),(23,8988),(24,20584),(25,7490),(29,16410),(30,9584),(36,3442),(40,19449),(42,7169),(46,2054),(47,9272),(48,28718),(49,27522),(53,8900),(57,8368),(58,20664),(59,12407),(60,23843),(63,25175),(65,20455),(68,17080),(70,26370),(73,8164),(86,20109),(87,21942),(88,11917),(90,22772),(91,4480),(92,10039)]	80.734987
133	[(1,21034),(3,3053),(4,7938),(5,21919),(7,23429),(8,4965),(9,10509),(14,2614),(15,1487),(16,20367),(18,3355),(19,15656),(21,22413),(22,9680),(25,5781),(26,12924),(31,27305),(34,432),(36,3985),(39,25443),(40,18572),(45,21965),(46,10536),(50,25639),(54,13694),(55,24394),(56,22065),(57,25794),(58,22196),(60,9129),(65,21864),(67,21966),(70,566),(71,11681),(76,347),(77,9318),(80,16112),(86,26952),(89,7670)]	80.412557
134	[(2,3863),(3,2022),(4,17333),(5,23572),(8,24661),(9,19763),(10,8307),(14,20417),(16,19237),(29,28447),(31,14631),(34,19673),(36,1798),(38,5775),(40,8293),(44,11098),(45,21357),(49,9006),(50,10506),(51,14924),(52,2622),(53,17845),(54,23610),(55,20060),(61,21031),(63,26569),(66,19334),(68,12767),(70,25133),(71,26406),(76,24003),(78,26898),(82,10727),(84,10284),(85,21570),(86,17845),(87,18320),(88,22873)]	81.081019
135	[(1,2043),(3,14457),(4,11308),(5,16788),(6,7489),(8,11176),(9,3111),(10,4561),(11,14521),(14,20360),(15,5072),(16,28456),(17,3286),(18,1262),(19,25935),(21,21705),(23,20209),(28,3472),(32,25867),(36,6806),(37,21224),(38,27262),(39,6300),(44,7676),(45,20028),(47,21845),(52,12102),(53,15972),(54,27927),(59,24003),(62,27093),(66,972),(67,24728),(70,25911),(73,9780),(74,28434),(78,28362),(80,7243),(81,969),(82,1106),(88,15568),(90,6597)]	80.278408
136	[(1,27845),(6,16694),(8,25159),(12,20793),(14,3531),(15,15269),(17,8834),(18,13459),(21,15173),(24,28197),(27,969),(29,19438),(31,2448),(32,26082),(34,8457),(40,7787),(41,1509),(43,15011),(44,7224),(46,25942),(48,15541),(51,3663),(54,1402),(55,11281),(56,6540),(59,26668),(60,17931),(62,12413),(63,6304),(66,20767),(71,26341),(72,25900),(74,16082),(76,22881),(77,1475),(78,28440),(80,12260),(81,4557),(82,7290),(85,1604),(86,24492),(89,27398),(91,12511),(92,10610)]	99.175248
137	[(2,17688),(3,26463),(9,10425),(11,315),(13,18214),(14,20873),(16,7861),(17,11833),(21,25278),(22,5719),(24,20586),(25,5063),(27,16620),(31,14048),(34,5750),(35,17723),(37,2760),(38,6398),(41,19621),(44,25856),(50,11778),(51,5905),(57,2711),(61,2484),(63,20743),(65,14216),(67,17660),(70,11227),(71,5821),(73,12475),(77,5756),(78,10204),(82,26054),(83,14846),(84,3006),(86,20439),(90,21328)]	80.455134
138	[(0,4889),(3,11566),(7,15165),(9,27017),(10,5017),(11,26904),(14,14236),(15,17653),(17,11435),(20,2246),(21,9342),(25,10124),(27,13867),(28,14967),(29,1285),(30,23546),(32,25948),(33,17953),(34,21267),(35,14210),(37,21390),(39,11133),(43,27790),(44,21510),(46,12918),(47,6639),(49,5224),(51,25474),(55,16702),(56,13564),(58,18772),(59,23223),(63,6910),(65,20171),(66,7248),(73,4780),(75,2689),(76,3018),(77,16653),(81,18420),(82,14124),(83,5641),(87,24749),(88,10893),(90,8379),(91,19193)]	79.245314
139	[(0,6326),(5,2109),(6,27263),(9,4889),(10,22570),(13,22581),(15,17143),(16,18679),(18,5565),(19,15626),(20,24832),(21,11031),(22,3851),(25,5543),(26,21564),(29,24047),(31,28549),(32,23196),(34,12113),(36,2778),(39,8210),(40,15202),(46,3820),(47,9179),(48,8308),(52,2457),(55,6809),(56,873),(59,27830),(61,23591),(64,13218),(66,10233),(68,2707),(71,9036),(72,4433),(75,6211),(76,3674),(78,11351),(80,1079),(81,21689),(83,4959),(84,8544),(87,14221),(89,19932),(91,12238)]	81.267813
140	[(3,6131),(9,695),(10,28276),(20,11989),(21,23529),(23,9470),(24,22443),(27,8745),(31,7885),(34,9356),(35,27145),(38,8694),(39,8454),(40,8775),(42,12028),(45,19969),(52,22539),(53,20257),(55,20606),(58,22157),(60,19882),(61,18534),(62,26733),(65,48),(66,11289),(67,15279),(73,6025),(75,15697),(76,8669),(77,24771),(82,9526),(85,10279),(89,4026)]	80.553115
141	[(0,16847),(1,15768),(4,3773),(5,17279),(6,3914),(7,14049),(8,28142),(9,20017),(11,8318),(13,10344),(14,24338),(16,19276),(18,7278),(19,12834),(22,7303),(26,5625),(27,12333),(29,22230),(30,27300),(33,18764),(34,11926),(35,3698),(37,15003),(41,14382),(43,11477),(44,16096),(45,24096),(47,10099),(49,6167),(50,19272),(58,9965),(60,17587),(62,4994),(68,14924),(72,1031),(74,23808),(78,659),(79,18946),(80,22377),(81,17462),(82,14964),(85,12625),(87,17389),(88,19055),(89,27938),(90,24404),(92,15149)]	76.857317
142	[(2,309),(3,24644),(5,23499),(6,23388),(7,21721),(9,18727),(10,25570),(12,3510),(13,25619),(14,5017),(17,21227),(19,21491),(20,11121),(23,3855),(25,16109),(28,13468),(36,1383),(37,6759),(38,8332),(39,26292),(40,28156),(41,22482),(50,7336),(52,27720),(53,24090),(54,23492),(56,766),(57,10912),(59,21756),(63,15903),(64,10167),(66,309),(68,5975),(74,9276),(75,4846),(76,21960),(77,8600),(78,28723),(82,16228),(83,11325),(85,15731),(89,1451)]	84.220234
143	[(1,6577),(4,17504),(5,25042),(6,3146),(11,2289),(14,28059),(15,18328),(18,8013),(19,19841),(21,21899),(24,8484),(27,28663),(28,8816),(29,13410),(30,13312),(31,21006),(32,686),(36,7363),(37,27401),(39,21986),(40,2818),(41,449),(43,7108),(45,9006),(48,15953),(49,16709),(50,27825),(52,7763),(53,14286),(54,20442),(65,10517),(66,3064),(69,8587),(70,8702),(75,15840),(76,24153),(79,14401),(81,22357),(83,1881),(85,6326),(89,4065)]	80.834455
144	[(0,4183),(1,19562),(4,20554),(5,16631),(10,21120),(15,13129),(18,1977),(19,18407),(20,11034),(29,6125),(30,19176),(31,5715),(36,16554),(37,23803),(45,20881),(46,15498),(47,1213),(48,429),(49,2003),(51,24794),(56,8776),(61,25701),(62,7240),(64,12291),(65,19299),(66,1484),(68,2816),(71,26667),(72,13764),(73,24551),(75,21966),(76,21097),(79,15757),(81,10989),(82,5141),(83,3251),(87,6633),(88,12082),(90,25943),(91,23736),(92,3644)]	79.473001
145	[(0,4554),(1,24454),(2,24848),(4,714),(9,17470),(11,7137),(12,19362),(13,5316),(15,22641),(20,3487),(21,15238),(24,20828),(28,4892),(33,23029),(39,28390),(40,4932),(43,1195),(44,5733),(45,21527),(46,5852),(47,14925),(48,2385),(49,6828),(53,9916),(56,27448),(58,11783),(59,23728),(61,3480),(63,2055),(65,18458),(66,16459),(70,18663),(71,13122),(72,16497),(73,25214),(75,25727),(79,27861),(82,21317),(84,21589),(87,9752),(90,23284),(91,3960),(92,18655)]	81.194105
146	[(0,11387),(9,13217),(11,10522),(15,26218),(16,5413),(21,7048),(22,7454),(23,27130),(28,14260),(29,10569),(31,14668),(32,27924),(37,4984),(41,4355),(42,18230),(44,28198),(45,28131),(46,2888),(47,15411),(48,26056),(49,4364),(50,16946),(52,14910),(55,9082),(58,15395),(59,2956),(61,5194),(65,12321),(66,28514),(67,17010),(68,6997),(72,16861),(73,17623),(77,16513),(81,22347),(82,3781),(83,24571),(87,12219),(88,14756),(91,20037),(92,4196)]	79.237231
147	[(1,1909),(4,16009),(5,2992),(6,23101),(8,21956),(9,6509),(10,522),(11,16586),(13,14071),(14,23308),(21,13711),(26,14985),(27,25013),(29,24064),(30,10573),(32,17986),(34,24945),(35,10048),(38,1646),(41,28453),(42,18697),(43,2604),(44,11840),(46,26522),(47,25677),(48,22997),(50,22268),(51,4079),(54,23242),(57,17428),(58,8431),(59,17324),(60,113),(62,25805),(66,7904),(67,14183),(68,7989),(70,8781),(71,7492),(74,3537),(77,18875),(80,2501),(81,11878),(85,6315),(86,18160)]	80.995199
148	[(0,5858),(1,13991),(6,12307),(7,7818),(10,5967),(12,14247),(14,21509),(16,28242),(18,8470),(21,22201),(22,5080),(23,692),(24,20423),(25,28267),(28,7649),(29,22361),(31,22710),(35,19163),(36,27290),(39,1751),(45,22640),(47,10527),(48,27076),(49,12630),(50,1169),(51,22143),(53,14944),(55,3023),(58,17391),(61,7292),(64,3221),(65,10961),(67,9103),(68,4401),(70,14909),(75,16649),(80,17050),(86,21698),(89,18080),(91,26104),(92,24340)]	81.622948
149	[(0,24622),(1,26019),(2,20833),(3,16239),(4,26988),(6,14741),(8,19451),(9,8497),(12,6561),(14,26035),(19,26193),(20,25536),(23,24133),(24,3110),(25,3518),(28,23903),(32,25590),(33,6003),(34,15563),(35,26638),(40,17319),(41,12669),(42,4846),(43,21960),(44,17586),(45,983),(49,25989),(50,9129),(54,8131),(56,15136),(58,15270),(60,7445),(62,25540),(65,11659),(66,11022),(67,24801),(71,4316),(72,26414),(73,4252),(75,24873),(76,23886),(80,13443),(82,855),(85,17328),(87,10146),(90,14642),(91,3540)]	100.266837
150	[(2,16184),(5,26740),(6,6110),(9,6117),(11,7942),(15,14170),(16,8857),(22,2823),(24,9212),(28,14035),(30,22864),(33,18370),(34,15640),(35,11696),(37,19771),(40,3231),(43,8256),(45,24789),(46,6020),(47,20666),(49,20657),(51,1638),(52,815),(53,9950),(54,9938),(55,19045),(58,2436),(60,13828),(61,23998),(62,19787),(65,1532),(74,25549),(77,9772),(78,28002),(81,9420),(86,3704),(87,3460),(89,21216),(90,15937)]	79.276250
151	[(2,16773),(5,25629),(7,4710),(15,20802),(16,26465),(18,7586),(21,24708),(25,4416),(29,5144),(30,25379),(33,1529),(36,24077),(37,5223),(38,2779),(41,15738),(42,4579),(45,12616),(47,12766),(51,5238),(52,6875),(53,26251),(54,3345),(56,4712),(57,22420),(58,1766),(60,16423),(62,14209),(63,10519),(67,2576),(70,2189),(74,8179),(77,26221),(78,10432),(80,891),(81,1467),(86,14284),(87,22158),(91,27809)]	80.633776
152	[(0,10242),(2,8391),(3,3995),(4,7352),(7,20344),(8,25155),(15,5510),(18,2603),(19,25066),(20,22394),(27,418),(28,7878),(29,5582),(30,9719),(31,18503),(32,27108),(33,494),(34,28075),(35,25736),(37,12711),(39,22163),(45,88),(48,18001),(50,16659),(52,817),(53,4998),(54,24168),(55,24017),(56,28421),(58,15549),(63,26112),(67,15395),(68,2956),(70,25952),(71,16896),(72,19500),(74,15826),(75,3828),(77,144),(78,7242),(80,8806),(81,19108),(82,24830),(83,13960),(88,26402),(90,11696),(92,19771)]	82.052417
153	[(3,18402),(7,12893),(9,27919),(11,19008),(13,17464),(14,28491),(19,26142),(25,17269),(28,11292),(34,8029),(37,6322),(40,11663),(43,28199),(44,24289),(46,21866),(47,19479),(48,15238),(50,12698),(51,32),(52,11709),(53,28161),(54,28691),(56,11984),(58,20236),(61,18254),(62,8618),(67,22256),(69,14498),(70,4255),(75,7363),(78,10137),(80,21113),(81,21881),(83,4260),(84,18461),(85,13559),(92,23104)]	78.504460
154	[(3,16267),(8,27937),(9,1130),(11,7059),(12,27612),(13,21785),(14,21537),(16,25344),(17,27760),(18,22401),(19,16788),(21,20006),(22,1302),(25,3370),(26,11320),(29,20153),(30,9721),(31,12842),(33,25033),(34,21435),(36,3152),(37,20030),(39,20189),(40,27880),(43,15605),(45,14965),(50,1003),(51,13307),(52,6330),(53,421),(54,4090),(57,10536),(58,20369),(61,7693),(62,27772),(65,18864),(67,16450),(72,15301),(73,86),(77,21820),(79,27334),(80,18425),(81,28641),(83,22632),(84,13209),(85,9897),(86,25306),(87,9800),(89,21077),(90,2864)]	86.125287
155	[(2,1027),(3,11725),(5,12716),(6,20140),(11,565),(13,18162),(17,26956),(19,18956),(21,5833),(23,17248),(24,8268),(25,8890),(27,17400),(28,24347),(29,6631),(33,370),(36,24505),(39,7517),(42,24220),(44,25206),(47,28293),(48,20501),(49,6792),(54,1388),(57,21398),(58,23338),(59,53),(60,26313),(62,21243),(65,3367),(69,3326),(70,25654),(77,7416),(84,18974),(85,12394),(92,25658)]	79.774317
156	[(0,18560),(1,6384),(2,19769),(3,4728),(4,17305),(5,17951),(6,1052),(7,15049),(8,27494),(9,12697),(10,19601),(11,4864),(12,18985),(13,8393),(14,5091),(15,2269),(17,4560),(19,8468),(20,15449),(21,16999),(24,8088),(27,18488),(30,16637),(31,18133),(32,2601),(33,16868),(35,18521),(36,20569),(39,6606),(42,27551),(43,17598),(50,14458),(52,13415),(54,17069),(55,10780),(58,4850),(59,13710),(60,9762),(63,24927),(65,10426),(67,19304),(68,15960),(71,9850),(74,17802),(79,15256),(80,5096),(81,20480),(83,26618),(84,4273),(86,9489),(87,2782),(88,8760),(90,6953)]	77.890421
157	[(1,24717),(2,9837),(3,22615),(4,21713),(5,6007),(6,27491),(8,24742),(9,4875),(10,18558),(14,21937),(15,3428),(16,19211),(18,7364),(21,28651),(23,28328),(24,25167),(26,14384),(27,21042),(28,6971),(31,6815),(33,25767),(34,24628),(35,4633),(37,14745),(44,9631),(46,20776),(48,27611),(49,3283),(50,16721),(52,15804),(56,5984),(57,18704),(60,6699),(62,11222),(65,24543),(66,28132),(72,26970),(78,7872),(81,6246),(84,23148),(85,17010),(86,10675),(87,1368),(88,18919),(89,24748),(90,10391),(92,15019)]	80.582626
158	[(6,5048),(10,6814),(18,23986),(20,1438),(23,17433),(24,16536),(29,17603),(31,20946),(32,24296),(33,2268),(37,17062),(40,11762),(43,16761),(44,23878),(49,3033),(51,23724),(52,14015),(53,1693),(56,7558),(57,18422),(58,24614),(59,21000),(60,10318),(61,10606),(64,360),(70,21470),(72,2610),(75,19550),(78,21293),(79,903),(82,8138),(83,10826),(85,249),(89,11240),(90,4839),(91,10077)]	80.705927
159	[(1,14787),(3,45),(4,18585),(6,5913),(7,8886),(11,2057),(13,7023),(15,9846),(17,1873),(20,22629),(21,11943),(22,25175),(24,11680),(25,28300),(30,11957),(31,10325),(32,5880),(34,19306),(35,17308),(39,18533),(41,19820),(42,17258),(46,915),(47,8887),(54,3805),(57,9206),(61,5325),(65,3657),(69,10875),(73,21217),(75,23079),(82,15173),(86,8786),(87,1658),(88,19845),(91,12227)]	86.330335
160	[(1,8391),(3,11579),(9,18059),(14,8392),(18,8738),(20,4841),(21,1300),(22,27168),(24,26063),(26,1198),(27,19046),(28,15074),(31,11966),(32,25507),(33,10270),(36,23147),(40,23075),(45,15629),(46,19374),(48,8758),(49,22889),(50,17842),(51,13959),(52,13634),(56,23515),(59,21400),(61,28472),(62,26934),(63,5992),(69,23499),(73,25121),(74,14388),(77,21297),(78,18532),(79,19079),(83,8212),(84,3616),(86,13731),(88,14989),(89,5752),(92,22950)]	83.699492
161	[(0,22110),(1,19670),(2,28080),(3,5994),(5,4974),(6,20539),(9,6379),(10,9187),(13,10454),(16,18660),(17,5251),(18,24889),(19,21929),(20,16304),(21,26081),(22,7629),(23,26965),(24,7427),(25,9709),(26,10142),(27,14662),(28,22048),(29,5406),(30,23955),(31,206),(32,349),(33,2949),(35,12552),(36,13018),(38,27387),(39,13887),(41,25251),(42,13061),(43,231),(44,26862),(45,5198),(46,14714),(48,11658),(54,18448),(58,22022),(59,21772),(63,26180),(64,11091),(65,16654),(71,10905),(73,3493),(76,13363),(80,3275),(85,25453),(86,26952),(90,20104),(91,4080)]	89.070590
162	[(0,7573),(13,1408),(14,4591),(15,14706),(16,3243),(21,28186),(22,19572),(28,3522),(30,22359),(32,19660),(34,15593),(35,5047),(36,23267),(37,15218),(39,9726),(40,811),(42,17178),(44,16153),(47,8775),(49,7238),(54,21343),(55,22698),(57,7572),(61,2882),(68,20738),(69,14395),(71,24015),(74,13147),(76,5164),(78,5037),(80,2674),(81,16904),(84,24550),(87,15912),(90,14140)]	94.409815
163	[(2,21957),(6,26946),(8,1479),(9,16026),(13,20449),(14,26970),(15,2346),(17,4535),(21,9241),(22,7706),(23,18053),(24,16408),(29,19300),(33,26661),(39,8070),(42,13478),(46,5193),(51,3493),(57,26514),(58,25001),(61,10962),(64,17327),(65,15661),(66,753),(67,11294),(68,9228),(70,27592),(74,18418),(78,16693),(79,3485),(81,1327),(82,22438),(84,27559),(88,2724),(89,16372),(92,19097)]	85.648882
164	[(3,24649),(5,26889),(7,22382),(10,12328),(11,27941),(12,19253),(14,5627),(18,2011),(19,6247),(21,21706),(22,5909),(23,25076),(25,21450),(26,10800),(28,7684),(29,628),(31,2873),(33,7201),(35,16365),(36,11119),(41,21669),(42,17297),(44,7946),(46,22844),(49,1877),(52,26149),(54,25281),(55,28033),(56,20408),(61,13836),(65,2016),(68,8529),(69,27422),(70,4580),(71,16640),(73,1995),(77,20521),(80,7192),(82,19800),(83,22479),(85,8931),(88,11125),(92,12976)]	84.042405
165	[(0,3131),(1,1089),(2,12906),(4,8181),(6,26324),(7,11487),(8,28468),(9,6863),(14,12572),(15,18138),(16,25508),(17,12852),(18,22551),(19,18713),(21,13448),(22,23143),(25,3809),(26,7410),(27,16976),(31,4034),(32,13535),(36,21356),(37,17189),(38,24490),(39,11079),(40,10387),(44,3563),(46,19249),(48,11812),(49,6874),(51,12212),(52,22281),(53,13903),(54,17186),(58,24570),(59,18115),(62,6598),(64,15931),(66,27416),(69,7425),(75,15097),(77,26448),(85,3886),(86,3779),(87,18462),(89,2941),(91,3843)]	83.954321
166	[(0,25406),(3,8355),(4,24119),(6,11259),(8,7164),(9,4190),(10,411),(11,17280),(13,22951),(15,18069),(16,19844),(17,1433),(19,25768),(20,2734),(21,28249),(26,10741),(27,15156),(28,6818),(37,2680),(39,18855),(40,27143),(42,23147),(45,5787),(46,3365),(48,19735),(49,15144),(50,21669),(51,5675),(52,11045),(53,8516),(54,3594),(58,27769),(59,20608),(62,17748),(66,27590),(68,2352),(70,19446),(71,28336),(73,19173),(77,19483),(86,17963),(88,20191),(89,19549),(91,23352),(92,17569)]	89.911632
167	[(4,16477),(6,8603),(8,5471),(11,7253),(12,19022),(13,23974),(16,970),(18,28424),(22,23534),(25,1881),(28,25598),(32,15750),(33,7776),(34,16180),(38,18778),(39,10644),(42,7135),(45,823),(55,13786),(56,15298),(57,7058),(58,13728),(59,8399),(60,5154),(61,15896),(62,22209),(64,10243),(65,24604),(66,28372),(69,21870),(70,16591),(71,2590),(72,14297),(73,6292),(77,15256),(78,5096),(79,20480),(80,22190),(82,19092),(83,5421),(84,12559),(87,16602),(90,20505),(91,21503),(92,13522)]	85.083202
168	[(1,20083),(3,5659),(4,4332),(5,18801),(8,10185),(11,24758),(15,6393),(17,15946),(19,2089),(21,4727),(23,25141),(25,10206),(29,21056),(30,13261),(35,18718),(36,13566),(41,23608),(48,20229),(50,15765),(53,14159),(56,28306),(57,22471),(58,3093),(63,15607),(67,20488),(69,759),(70,18377),(72,8681),(73,23170),(76,15232),(81,575),(82,10519),(84,28211),(86,20440),(89,15752),(90,9299),(91,22878)]	83.025124
169	[(1,20798),(2,13903),(3,17186),(5,14504),(8,16664),(9,12704),(10,10091),(11,24541),(15,27079),(18,10034),(20,4905),(21,18866),(23,2840),(25,3396),(26,22298),(29,4805),(35,12815),(36,25756),(38,20273),(39,20146),(40,10191),(41,223),(42,23190),(46,28665),(50,27759),(53,17159),(56,11043),(59,11181),(62,5751),(63,14456),(65,23524),(67,26742),(68,25588),(71,20399),(72,15312),(74,23337),(76,8284),(81,2733),(82,3259),(83,20188),(85,15823),(87,19690),(90,20529)]	83.251619
170	[(1,11419),(4,15640),(9,2936),(14,5584),(15,3826),(16,6824),(17,11176),(19,159),(24,13412),(27,10886),(31,21899),(39,19478),(41,2221),(42,5273),(45,2438),(46,24978),(47,12696),(51,26655),(53,24539),(55,24447),(56,7745),(60,87),(62,21031),(64,8251),(65,16105),(67,7744),(68,11424),(71,27110),(72,6058),(73,8109),(74,22631),(75,642),(76,17252),(79,12445),(82,12193),(84,18824),(85,26763),(87,25795),(88,12387),(90,18346),(92,13098)]	87.000190
171	[(1,27307),(4,19779),(5,18281),(8,27048),(10,10543),(11,6127),(12,12489),(15,24707),(17,387),(19,2406),(21,8160),(22,6511),(23,19240),(24,3377),(25,12979),(27,15332),(28,1858),(32,14722),(34,2749),(35,8121),(36,2569),(39,4094),(40,16583),(41,18382),(43,13232),(45,25422),(46,22203),(47,534),(48,7760),(51,26247),(53,21355),(54,22200),(55,17642),(57,25621),(58,22548),(59,20144),(60,17052),(61,4088),(65,16332),(66,2808),(69,9119),(71,21274),(72,3909),(73,7041),(75,5258),(76,20339),(77,18053),(78,20630),(80,24945),(81,10048),(82,9034),(83,350),(87,4598),(88,12661),(89,23422),(90,16106),(92,3740)]	90.095273
172	[(2,2228),(3,22931),(5,15258),(8,27323),(11,18696),(12,483),(14,5564),(16,26513),(18,21923),(20,28604),(21,12503),(22,23819),(24,23760),(28,20573),(29,17045),(32,8472),(33,15630),(36,16684),(37,9398),(40,21138),(41,20727),(42,13790),(44,11683),(47,19132),(50,2416),(52,21978),(54,7729),(57,18077),(58,12223),(63,19322),(65,22913),(67,13102),(68,15163),(69,8938),(73,8130),(75,27128),(77,28375),(78,21890),(79,23045),(80,17168),(82,26165),(83,12464),(85,2160),(87,3108),(92,19919)]	84.055882
173	[(0,4093),(1,12979),(5,19646),(6,27741),(8,17575),(9,12797),(20,23307),(22,8185),(24,20563),(25,11733),(26,21792),(31,11874),(32,14871),(33,18706),(37,14080),(40,22503),(42,621),(46,20174),(53,23576),(55,27091),(56,958),(57,23671),(65,15829),(66,21197),(67,12811),(72,28254),(74,27186),(76,20368),(79,19606),(81,7021),(82,4097),(87,13434),(88,8958),(92,20926)]	94.740983
174	[(0,17337),(3,11313),(6,4069),(7,9115),(9,18010),(13,21474),(15,3607),(23,2093),(26,511),(29,23105),(30,18461),(31,17885),(32,23354),(34,12052),(35,6247),(37,21706),(39,8474),(40,20488),(46,13759),(47,27478),(48,4481),(50,25568),(51,18528),(53,24777),(54,15702),(55,19361),(62,18867),(64,27701),(67,28494),(68,18705),(69,14360),(70,3431),(71,10580),(73,16699),(76,8977),(78,26766),(80,3411),(81,7977),(83,18243),(85,6040),(91,21678),(92,27268)]	94.607377
175	[(1,15543),(4,17659),(7,19928),(11,3141),(12,2108),(16,25950),(17,7815),(18,17890),(19,11019),(21,12534),(22,1503),(25,28717),(26,17084),(27,13685),(33,15918),(42,7219),(44,24782),(45,380),(46,8516),(47,3594),(49,701),(50,4005),(51,19148),(52,6536),(55,11420),(58,27980),(59,3543),(60,27995),(68,21151),(69,685),(70,13768),(71,5206),(72,8979),(75,1374),(76,1972),(79,3860),(81,9867),(82,11834),(86,27456),(87,25228),(90,11927)]	83.190930
176	[(2,23772),(3,2807),(10,13084),(12,14038),(14,1298),(15,1536),(17,16724),(21,15230),(22,17038),(24,12576),(26,13088),(28,27745),(29,27815),(31,22316),(32,13690),(34,3156),(36,6250),(39,3161),(42,28193),(44,10045),(47,4600),(49,22600),(57,36),(65,25365),(69,6083),(70,6100),(71,10229),(72,2306),(74,15763),(75,10566),(76,14208),(78,12271),(82,21028),(83,21836),(86,13907)]	82.731570
177	[(1,12682),(2,10581),(3,17476),(5,17351),(9,13461),(11,15580),(12,12791),(14,14916),(17,6437),(18,10917),(25,20062),(26,11550),(27,18741),(30,24904),(31,5823),(33,25766),(34,6475),(36,4616),(42,5806),(45,1486),(48,23169),(50,13180),(55,12747),(58,23054),(66,7170),(71,17830),(72,13379),(73,7581),(74,3283),(75,22477),(76,26202),(78,16302),(79,16676),(84,7274),(87,1441),(90,3474)]	87.432102
178	[(0,15289),(4,21587),(6,16097),(7,4929),(8,9821),(9,2490),(14,12419),(15,22607),(17,21808),(19,4531),(24,5640),(27,26818),(28,12496),(29,4173),(30,24795),(31,2321),(35,3323),(36,3720),(38,22292),(41,12509),(42,6608),(43,10582),(44,18172),(49,16142),(50,26398),(51,16764),(55,11673),(56,1774),(59,12023),(60,23571),(61,3431),(62,10580),(64,22842),(65,8726),(66,16357),(68,16228),(69,11325),(70,3919),(71,21476),(73,24590),(74,11458),(77,28380),(78,948),(80,2375),(81,9750),(82,26394),(83,12668),(90,24472),(91,28125)]	83.654669
179	[(2,12997),(5,16267),(6,17270),(7,5786),(9,19717),(10,27047),(12,1528),(13,27705),(14,11956),(15,5757),(17,27376),(18,23423),(19,20815),(21,684),(23,2906),(24,4191),(25,12458),(26,18676),(27,20801),(28,12331),(32,12577),(33,17326),(35,6939),(36,12343),(39,19660),(40,11701),(41,4576),(47,25008),(48,2736),(49,20564),(51,14439),(56,21803),(58,23443),(59,11255),(61,19905),(63,26609),(65,21150),(70,11363),(71,14590),(73,19909),(74,18693),(78,7914),(79,9356),(82,9512),(84,4889),(91,4015)]	81.659981
180	[(1,7905),(2,24672),(3,9840),(5,6116),(8,15772),(10,18244),(12,7763),(13,14286),(14,20442),(17,10852),(19,28063),(30,12457),(32,25420),(33,13749),(35,1440),(36,27764),(37,28472),(38,26934),(42,26376),(45,10968),(47,19568),(53,10055),(54,5502),(56,21801),(57,12895),(60,22773),(61,20133),(63,17361),(64,15589),(67,23910),(68,2767),(69,12875),(74,23440),(76,16822),(79,19786),(82,20671),(85,10790),(86,21065),(88,7134),(90,16000)]	80.390225
181	[(0,12381),(2,26290),(3,26948),(5,25377),(9,23844),(10,13901),(16,7200),(17,4023),(22,2605),(24,8792),(25,13253),(26,19211),(29,23727),(30,22642),(32,11659),(33,2128),(34,15047),(40,26052),(43,26580),(45,2358),(46,20556),(48,4445),(50,20454),(52,3609),(55,14879),(56,21871),(58,896),(61,9267),(62,2564),(67,15843),(68,5867),(69,11434),(71,13884),(72,27149),(73,10491),(77,2625),(79,19674),(80,26689),(83,11341),(89,15861),(91,15419),(92,19851)]	79.563354
182	[(6,7417),(9,27435),(11,26013),(13,14972),(16,1980),(17,28227),(20,23281),(22,4227),(24,22094),(25,16936),(26,7966),(28,20024),(34,20852),(36,15269),(39,9353),(41,23962),(45,25890),(47,24235),(49,10636),(50,11271),(53,12364),(55,20818),(56,24458),(59,5521),(60,25850),(64,20021),(69,13359),(71,18640),(72,14162),(73,7502),(75,25908),(76,16222),(77,5930),(83,1845),(91,1759),(92,7808)]	83.384605
183	[(2,17107),(3,8598),(4,23700),(6,5558),(11,18512),(14,15387),(15,18538),(17,22809),(20,13470),(23,3916),(24,2554),(26,3430),(28,26018),(29,12203),(31,8163),(32,10369),(35,23527),(36,6097),(37,16665),(39,297),(41,25521),(43,27153),(44,12640),(46,20842),(47,15053),(51,14195),(52,23612),(54,27280),(55,15700),(58,11117),(59,1552),(62,24391),(65,19272),(67,25900),(68,14440),(69,28633),(71,4402),(72,8829),(75,22282),(77,2258),(79,9421),(86,20226),(90,26854),(92,12313)]	122.609388
184	[(0,20963),(1,6553),(2,5489),(4,26570),(5,3326),(7,497),(9,4236),(10,17267),(12,12394),(13,3080),(20,7323),(21,3524),(23,9390),(25,23130),(26,26635),(29,11024),(36,26539),(37,23859),(38,4418),(39,8785),(44,16633),(49,9102),(51,7986),(52,8254),(53,14396),(54,9957),(57,15271),(60,14091),(61,812),(62,20996),(70,13978),(71,21477),(73,26128),(74,23797),(76,14146),(77,20441),(79,4208),(80,19816),(81,25147),(82,8484),(85,8750),(86,14300),(87,13979),(89,264),(90,22738)]	202.492513
185	[(3,22872),(7,12071),(8,13568),(10,2931),(13,26045),(14,15917),(16,3390),(17,22537),(23,2881),(28,24974),(30,3877),(35,26142),(37,8750),(38,14300),(42,6495),(43,13311),(45,9733),(46,22954),(47,25406),(48,22810),(49,3891),(50,5019),(51,9685),(52,18675),(54,17157),(55,17029),(57,8770),(58,23287),(59,27509),(62,10942),(63,4506),(66,26189),(67,6361),(68,13455),(71,25216),(73,12079),(76,24660),(80,3691),(84,25756),(88,23445),(91,19862)]	166.321281
186	[(3,5316),(10,15187),(13,14139),(15,19024),(19,18976),(20,8547),(23,16840),(24,24318),(26,21279),(29,7006),(32,14525),(33,6471),(37,13783),(38,6890),(39,19133),(40,27674),(43,7180),(44,26260),(45,28121),(47,14069),(49,21493),(50,8712),(53,13145),(57,13543),(61,10907),(62,4599),(64,2379),(66,12703),(67,845),(69,25915),(70,15798),(72,3872),(76,27616),(84,22276),(85,1778),(89,26512),(90,2816)]	180.431865
187	[(0,24028),(2,23132),(3,24451),(4,1510),(7,909),(11,2194),(15,1075),(17,22342),(18,8255),(24,18163),(26,9637),(29,19335),(30,13153),(31,25777),(34,7146),(36,15648),(41,20060),(48,22643),(50,7250),(52,17206),(55,1964),(57,25497),(59,16796),(61,15212),(63,9007),(66,12213),(69,9234),(71,12968),(72,24029),(73,27408),(74,15833),(77,19360),(80,5616),(82,26674),(84,1111),(88,20962),(89,22489),(92,11584)]	178.564394
188	[(0,20754),(2,13013),(9,19304),(13,13783),(14,6890),(15,5082),(16,20459),(17,22160),(24,25189),(30,25060),(31,3432),(35,20326),(36,5321),(38,27378),(40,27293),(43,23616),(45,26398),(46,16764),(48,15250),(49,17245),(53,9319),(55,24272),(57,7868),(59,25861),(60,12600),(64,21454),(66,6121),(70,5864),(72,23682),(73,18443),(76,2568),(77,6195),(81,27491),(82,22761),(85,1676),(86,22223)]	159.765544
189	[(0,14292),(1,19025),(2,18147),(6,28607),(8,7655),(12,3303),(13,24849),(14,13456),(16,15812),(18,12898),(20,25850),(26,16141),(27,4922),(28,26752),(32,17018),(33,2387),(35,4323),(43,7809),(46,5806),(47,10196),(51,8667),(61,25176),(65,25226),(66,14769),(67,1871),(71,26900),(73,5210),(76,17762),(79,18907),(82,1366),(83,11065),(84,26837),(87,27509),(92,26828)]	159.315594
190	[(1,26391),(4,18247),(9,23788),(12,17628),(13,19160),(14,20990),(17,19810),(18,2953),(19,14584),(21,888),(22,16430),(23,4482),(25,8716),(27,8042),(28,848),(30,7048),(39,5877),(42,13683),(43,8227),(46,10108),(49,17024),(52,1262),(57,10271),(62,25684),(63,19045),(65,7076),(67,10282),(68,9901),(69,14060),(72,10522),(74,12435),(75,19601),(77,5219),(79,13782),(80,10298),(81,286),(83,6291),(84,5427),(88,3842),(92,28369)]	151.667388
191	[(1,4276),(3,21656),(12,3994),(13,2697),(15,19665),(20,18652),(22,10424),(28,27018),(30,293),(32,9085),(34,16868),(43,21390),(44,3616),(45,1712),(48,28410),(49,13103),(50,26032),(52,18951),(55,7382),(57,26068),(58,7944),(59,21223),(61,14650),(63,17522),(64,25503),(65,25113),(68,19492),(73,28304),(75,20521),(77,533),(78,1773),(80,18022),(82,16524),(85,15277),(89,22161)]	188.717757
192	[(0,8603),(2,3278),(4,6025),(5,1506),(6,25216),(11,24388),(13,19701),(15,15789),(16,4675),(17,17942),(19,4895),(21,11998),(23,27142),(24,22138),(25,22837),(26,13030),(27,20346),(29,3651),(34,11850),(38,11986),(40,18017),(41,3666),(42,27830),(43,25307),(44,21567),(45,15633),(46,5847),(47,19126),(48,27266),(51,3947),(53,28053),(57,2794),(69,10115),(74,8735),(75,19479),(76,2144),(78,25),(81,20517),(85,20323),(89,9935),(91,20775),(92,8568)]	171.853577
193	[(4,20272),(7,22958),(8,20429),(9,1239),(16,26640),(19,28491),(20,2958),(21,22275),(22,7691),(23,13675),(25,20758),(27,26323),(31,14743),(34,28278),(35,8158),(36,27394),(39,26864),(41,10117),(42,19355),(44,940),(46,3498),(50,25589),(51,5436),(52,7262),(53,2072),(55,4321),(56,4147),(63,3663),(65,17231),(67,27573),(68,26661),(70,7676),(73,22713),(75,13328),(76,24921),(77,20774),(79,15344),(80,24572),(82,10161),(84,8920),(86,9563),(88,28104),(91,5474)]	161.133054
194	[(2,19572),(3,23842),(6,1365),(7,25660),(9,8521),(13,17271),(15,24083),(18,21449),(20,13693),(22,9365),(26,15212),(28,9007),(29,21421),(34,24536),(35,11193),(37,13912),(39,11094),(42,9052),(43,20007),(44,17689),(47,17583),(48,5525),(49,12294),(52,6163),(54,24263),(58,8685),(59,7999),(61,6309),(62,2948),(67,19658),(69,21258),(70,19101),(72,5280),(73,26139),(75,9692),(76,13176),(77,11396),(79,734),(81,21722),(82,613),(83,15670),(84,22431),(85,7366),(87,382),(92,19428)]	179.472947
195	[(0,19511),(1,6525),(2,23073),(4,21892),(9,6404),(10,4059),(11,6151),(13,2218),(17,10966),(18,8266),(23,10673),(25,12326),(27,19933),(33,12344),(36,27218),(38,9700),(39,22132),(41,12458),(42,18676),(43,18901),(44,16966),(45,23554),(48,19184),(49,27296),(55,11150),(61,26877),(62,6217),(63,26460),(66,9901),(76,23069),(77,13006),(79,21741),(80,23838),(82,7141),(88,23116),(89,5880),(92,18206)]	179.342574
196	[(0,5246),(1,23238),(4,3760),(5,4221),(7,22464),(10,1450),(11,17685),(14,22091),(21,26389),(23,3235),(24,1839),(26,13916),(27,11466),(28,3819),(32,16175),(33,17227),(35,7761),(40,25020),(43,22760),(45,8601),(46,10419),(49,2208),(54,3072),(55,25075),(56,17533),(57,27602),(58,28125),(61,14760),(62,6219),(64,26665),(66,15233),(67,27653),(72,21860),(73,2413),(74,4963),(79,21123),(83,23717),(86,23453),(88,6584),(90,14618)]	164.141287
197	[(0,10471),(6,6285),(7,22850),(8,26049),(10,21659),(11,16482),(12,1121),(13,26637),(14,28139),(16,5179),(25,17586),(28,23204),(31,115),(32,18266),(39,5038),(40,5628),(41,23434),(44,4116),(45,28028),(48,3660),(49,27029),(53,5889),(55,576),(58,20626),(59,8998),(62,2056),(65,8838),(70,22953),(72,24302),(74,25915),(80,10903),(81,317),(83,12304),(84,10805),(89,21287),(90,21732),(91,7843)]	177.635366
198	[(0,25313),(2,28571),(6,5188),(8,13629),(10,21015),(14,14299),(15,27041),(18,2317),(20,15530),(25,6103),(32,26848),(38,12306),(41,6461),(43,12471),(44,7368),(46,21119),(48,26175),(49,19645),(50,25300),(51,3876),(53,21094),(57,22374),(59,18704),(60,25383),(61,11881),(62,279),(63,12227),(65,211),(69,26636),(73,17622),(75,23693),(76,20812),(77,1346),(79,5644),(80,23227),(81,18666),(82,2529),(84,24053),(89,24073),(90,7431),(92,13202)]	167.849973
199	[(1,110),(2,2323),(9,4677),(10,23662),(11,5891),(14,25567),(18,2750),(19,13777),(20,17643),(24,5403),(25,8778),(29,14680),(30,8223),(32,5282),(34,28422),(36,3359),(37,14190),(38,17668),(39,19975),(43,22955),(52,11732),(56,5898),(57,23591),(58,3310),(60,24137),(62,11586),(69,22445),(70,14907),(71,24306),(73,7078),(76,18059),(78,23094),(79,25837),(81,28209),(82,16421),(84,8424),(88,27670),(90,19269),(92,3917)]	168.254603
200	[(0,18972),(3,17228),(8,751),(10,28698),(13,3235),(17,9207),(18,5451),(19,8815),(24,27367),(25,12061),(28,16251),(29,6492),(30,26044),(31,14229),(32,19708),(33,7348),(35,21224),(36,6621),(38,9574),(39,26328),(40,4890),(45,15220),(47,19930),(48,26216),(51,10496),(53,22466),(57,14929),(58,8734),(60,25904),(61,20756),(62,23087),(66,23),(70,27085),(71,10471),(72,9312),(77,7048),(78,7454),(79,16145),(81,1375),(82,1723),(84,19485),(86,18069),(90,4430),(92,14676)]	177.332251
201	[(4,21171),(8,17626),(11,25942),(15,24575),(18,13398),(21,13406),(22,24187),(23,17484),(24,8700),(28,20004),(31,10344),(32,24338),(33,27934),(37,17310),(40,9003),(42,18187),(46,9773),(47,8780),(48,2558),(49,12836),(51,16370),(53,11243),(54,19681),(56,23150),(57,16037),(58,19155),(63,24193),(68,3244),(70,2656),(72,22582),(74,2260),(78,23530),(80,22008),(82,28465),(83,7067),(91,2248),(92,11578)]	183.842978
202	[(0,5053),(1,10024),(2,10420),(3,428),(4,15761),(5,19669),(8,9089),(11,20824),(12,11135),(13,5289),(14,24215),(15,16395),(16,7455),(17,19977),(22,28216),(23,26888),(25,19218),(26,24722),(27,26561),(30,14178),(32,14959),(35,4152),(36,4524),(38,26041),(40,17590),(41,19809),(42,10219),(43,23892),(45,6767),(46,27853),(51,24649),(53,3122),(56,8930),(58,21656),(59,4203),(63,20717),(66,22434),(67,3677),(68,23843),(71,17338),(74,3336),(77,18458),(79,26021),(82,13330),(83,5281),(84,2724),(85,13489)]	186.673969
203	[(3,19375),(6,7975),(7,6989),(8,4605),(9,17058),(14,27107),(15,4134),(16,17846),(17,17343),(21,8977),(23,6780),(24,19026),(25,15105),(27,21476),(28,24402),(33,22314),(43,813),(45,8346),(47,20838),(48,25922),(50,21944),(52,22380),(54,5259),(55,22646),(56,28261),(61,14668),(62,27924),(63,17602),(67,5952),(68,23238),(74,18616),(76,12616),(84,8047),(86,19645),(87,25300),(90,25754)]	201.032586
204	[(2,5721),(6,17671),(8,15572),(12,23133),(13,22836),(17,5257),(20,2624),(22,16353),(23,9820),(25,28285),(26,28047),(27,10711),(30,8745),(34,4060),(36,2389),(38,17947),(39,7770),(41,11402),(46,13013),(48,13327),(49,10267),(51,14486),(56,15726),(62,21474),(64,14342),(67,17153),(74,27953),(75,17882),(77,335),(78,14262),(79,27877),(80,12336),(83,27282),(84,23380),(85,25545),(87,342),(89,3557)]	155.996531
205	[(3,10050),(5,25459),(9,13507),(10,1841),(11,27343),(13,27619),(19,21983),(20,21024),(22,1699),(23,14334),(24,27577),(26,9595),(28,7856),(29,7700),(35,6734),(36,28078),(38,26094),(39,27409),(40,1821),(41,22891),(42,23742),(43,19164),(44,11551),(48,24227),(51,25283),(54,4335),(60,26580),(62,23036),(63,25893),(67,1855),(69,10680),(70,20209),(73,24743),(74,10657),(75,4568),(78,5067),(80,17273),(83,22907),(86,14707),(87,21754),(88,4627),(91,7766)]	83.111352
206	[(6,27368),(15,27941),(16,11340),(21,25896),(24,7260),(37,1084),(40,25285),(43,11256),(47,20196),(48,15766),(51,5164),(52,25000),(56,24579),(57,14691),(58,24984),(62,5251),(63,24889),(70,3108),(75,27433),(76,586),(77,15045),(81,6051),(83,12071),(85,14271),(86,5112),(87,12013),(92,13550)]	86.588258
207	[(0,10914),(3,12296),(5,18801),(7,27629),(8,19066),(9,18643),(10,555),(12,14644),(13,23551),(14,6350),(15,3214),(24,3784),(25,11256),(27,1378),(29,26491),(30,27352),(31,26474),(33,5155),(38,2355),(41,10479),(42,20793),(43,26171),(47,27031),(48,17474),(50,20849),(52,6345),(53,3634),(55,25878),(57,26508),(58,20138),(60,26957),(64,25072),(66,12679),(68,25054),(69,25303),(70,9002),(72,11924),(73,20172),(75,7283),(77,3640),(81,23229),(84,748),(85,16309),(88,26822),(89,13520),(90,17059)]	80.292673
208	[(5,756),(7,28573),(8,24831),(9,1654),(11,5727),(13,15269),(16,26264),(19,21518),(20,27154),(22,8667),(23,12406),(24,4055),(29,24277),(32,14403),(36,12321),(37,11364),(38,13237),(39,26132),(40,9923),(43,7276),(45,1860),(48,13236),(51,20085),(52,7762),(55,12350),(59,3046),(62,3212),(68,16688),(73,1000),(77,10208),(79,11733),(80,21792),(81,9269),(82,17949),(84,12020),(89,22800),(92,27348)]	86.464636
209	[(1,16358),(5,3138),(6,16504),(8,2745),(12,16783),(14,9987),(17,8436),(21,26431),(23,23288),(26,21946),(29,20834),(31,7364),(33,10208),(35,18884),(40,15576),(43,5234),(44,13313),(46,13542),(48,12347),(51,20110),(52,27825),(54,7763),(55,19780),(57,11493),(63,20878),(64,3872),(65,19319),(66,22583),(67,22584),(72,23152),(75,2688),(76,18517),(81,17690),(82,14130),(83,28563),(86,15052),(88,17671),(89,7372),(90,8730),(92,21057)]	81.143950
210	[(0,16331),(8,25193),(9,27913),(10,982),(17,16680),(18,11975),(20,1653),(22,14860),(23,16202),(24,13004),(27,3740),(29,15344),(34,12546),(35,2785),(36,20795),(37,3649),(38,22056),(40,10335),(41,1841),(48,15326),(51,4756),(54,19245),(55,5099),(56,22794),(57,4315),(58,4083),(60,781),(64,21981),(65,10689),(67,20635),(69,20820),(71,5995),(72,9796),(73,20118),(74,1044),(75,6354),(77,2373),(78,14713),(79,15125),(87,27672),(91,7151),(92,3062)]	82.748246
211	[(0,3398),(1,4807),(3,8154),(4,18475),(5,10069),(11,24656),(12,24084),(14,9767),(16,21399),(18,15049),(19,3584),(21,13882),(24,23139),(26,27003),(28,1413),(29,12612),(32,25353),(34,8348),(40,11610),(41,23211),(44,5090),(46,7558),(47,18422),(48,10383),(52,10734),(54,11678),(58,8085),(59,18769),(60,7396),(62,7317),(63,5812),(64,17353),(66,7075),(67,22589),(69,17194),(70,15422),(71,9367),(73,26108),(74,1618),(77,25345),(78,22001),(80,10826),(83,8760),(85,18704),(87,26346),(88,23053),(89,3258),(91,8972)]	84.455404
212	[(0,5032),(2,24010),(4,19914),(5,17593),(6,18765),(8,27015),(10,27756),(11,28576),(12,7786),(13,6453),(17,19783),(20,2774),(31,17674),(33,4141),(34,11967),(38,14579),(41,9783),(42,1360),(47,24660),(49,28479),(55,22745),(59,24800),(64,22936),(68,237),(70,14428),(71,23007),(72,25843),(74,14700),(75,4260),(77,15039),(78,24779),(80,7140),(82,16690),(85,3712),(86,3430),(88,24456),(89,9667)]	79.683205
213	[(0,14541),(5,28372),(6,13079),(10,26874),(11,7489),(14,20162),(21,13500),(23,3736),(24,6988),(26,6893),(27,24967),(29,3753),(32,16743),(35,20915),(37,10672),(39,16459),(43,15566),(47,1023),(48,22480),(58,11960),(59,6729),(61,10707),(68,15684),(70,25644),(71,15181),(72,20252),(73,24434),(77,15062),(78,6099),(81,6877),(82,5622),(85,11683),(86,27129),(89,25471),(90,853),(92,27121)]	82.681633
214	[(2,25754),(3,4497),(4,610),(8,25347),(11,26183),(12,10586),(13,2797),(14,27219),(18,20142),(19,9264),(20,23699),(22,10422),(24,19423),(25,17183),(27,17247),(28,8457),(30,8906),(32,4583),(38,7539),(39,21190),(40,9611),(41,14777),(44,12825),(48,24576),(49,15508),(52,26754),(53,3143),(56,13431),(58,13565),(59,2176),(61,510),(64,23907),(66,18545),(68,94),(69,20695),(70,20541),(71,18657),(72,19286),(74,18712),(76,8090),(77,19221),(78,7656),(79,4567),(80,25343),(81,18824),(83,19580),(84,8077),(85,20327),(86,11796),(88,12752),(89,25593)]	106.960551
215	[(0,26206),(1,18841),(2,6627),(4,20079),(9,8870),(10,28531),(11,946),(12,9185),(16,25185),(17,16618),(18,20559),(19,3774),(20,20868),(21,15166),(22,10218),(26,3105),(32,23778),(33,24174),(35,13673),(37,15326),(42,6071),(43,2404),(46,6400),(48,9928),(49,27893),(50,19117),(53,26399),(60,27742),(61,16219),(62,16728),(64,8869),(68,7504),(72,12165),(73,15),(77,4221),(79,28134),(80,25504),(81,27368),(83,100),(87,2843),(88,4977),(89,22318),(92,2969)]	82.754023
216	[(0,20672),(1,21371),(3,19706),(4,11076),(11,10086),(12,3322),(14,12103),(15,16583),(16,18382),(18,25861),(19,12600),(20,14385),(21,22705),(24,15601),(26,18865),(29,9009),(30,13572),(34,6719),(35,1019),(36,6353),(37,6845),(40,2410),(42,6357),(43,15034),(45,3661),(47,25347),(48,20888),(49,16554),(50,17146),(53,9052),(54,20007),(64,19434),(67,6293),(70,15809),(73,10927),(74,25233),(81,28671),(83,27761),(88,24112),(90,9766),(91,7964)]	83.980403
217	[(0,18876),(1,4017),(3,17671),(8,542),(9,2541),(10,17576),(13,16836),(14,16296),(18,17631),(19,16852),(20,25785),(23,10282),(26,4359),(28,27649),(30,18438),(31,7628),(34,2686),(36,10592),(39,3381),(40,12358),(41,9228),(43,26563),(45,6352),(46,9322),(51,12433),(52,17739),(56,7543),(60,7579),(63,13561),(64,27359),(67,3323),(68,3720),(70,3408),(71,19432),(75,13737),(77,26796),(78,1972),(80,25507),(81,23263),(89,12440),(90,16274),(91,338),(92,20766)]	84.628141
218	[(0,23058),(7,28011),(9,7042),(14,7362),(16,11371),(20,20509),(26,2421),(28,1673),(30,27018),(32,20065),(39,9872),(40,23563),(42,8444),(44,4164),(45,24213),(48,21306),(49,20912),(53,22249),(55,19316),(56,4629),(58,11546),(59,1556),(61,24240),(65,11992),(68,24766),(69,3713),(71,12597),(73,5367),(77,19962),(78,25104),(80,5088),(82,5300),(84,24196),(86,24164),(89,11381),(91,13479)]	88.568659
219	[(0,26467),(6,16651),(7,6113),(8,17277),(9,21797),(11,8008),(13,2356),(17,22562),(19,9003),(21,21923),(22,6836),(25,4626),(26,10452),(27,15785),(33,6839),(34,8873),(35,13748),(36,12142),(37,19510),(39,21482),(43,11146),(44,179),(45,25777),(48,7146),(50,9412),(55,25983),(56,18467),(58,24346),(59,22843),(63,5092),(65,5621),(66,1857),(72,6344),(73,16644),(77,11643),(78,25752),(80,21948),(83,25195),(84,14559),(87,606),(88,10116),(91,527)]	83.717430
220	[(0,21097),(3,23838),(6,23718),(7,26333),(12,3269),(14,18615),(15,16467),(16,11987),(18,28325),(22,5455),(23,27364),(25,1648),(26,7742),(27,19214),(28,19346),(30,17960),(31,11618),(32,721),(35,13099),(36,23359),(38,21770),(41,22773),(44,16025),(46,466),(48,2999),(51,18958),(52,5032),(54,8962),(56,6865),(58,24757),(60,26017),(61,64),(62,3267),(68,27649),(71,10156),(72,20),(75,14486),(77,14432),(78,3505),(79,12120),(82,26073),(87,6705),(88,2847)]	81.948384
221	[(0,16557),(1,3761),(2,9630),(4,4036),(5,17948),(8,13155),(9,15022),(13,2459),(20,27541),(21,13939),(22,1232),(23,22296),(27,10810),(28,19772),(29,13728),(33,7319),(34,14998),(36,19989),(37,6782),(39,11508),(43,529),(44,22878),(55,2242),(56,10969),(60,238),(61,23880),(62,25966),(65,13245),(68,22916),(69,28446),(71,23535),(74,14135),(76,14122),(77,24244),(80,971),(81,10864),(84,1408),(87,13469),(90,23788),(91,25758),(92,998)]	79.334314
222	[(0,24570),(1,18115),(4,1625),(5,5248),(6,17663),(8,6933),(9,738),(12,13045),(15,22259),(17,2814),(19,22525),(20,18250),(22,15814),(24,5451),(27,12865),(28,17236),(29,12741),(38,17956),(39,24119),(43,8099),(44,9080),(46,1078),(47,3520),(48,8956),(49,23642),(50,23457),(53,25195),(54,20234),(56,17160),(59,28649),(62,26841),(67,19445),(68,15389),(69,17943),(70,10650),(73,20611),(74,5248),(75,17663),(78,16869),(85,17556),(89,1163),(91,23702)]	77.801292
223	[(2,20507),(6,3488),(9,10969),(18,11277),(23,26643),(27,28509),(33,14011),(34,23243),(37,27510),(38,26294),(43,10891),(45,23978),(47,16322),(50,11230),(57,998),(59,9413),(61,28264),(63,25854),(64,10783),(65,25817),(69,10475),(72,9573),(73,28404),(74,27981),(75,2556),(77,17478),(78,4747),(80,10184),(85,14600),(87,8085),(92,15889)]	81.469331
224	[(1,7285),(2,22261),(3,223),(4,23190),(5,12651),(7,953),(8,18975),(15,18922),(16,13782),(17,27725),(18,21864),(21,26576),(24,8370),(27,18576),(28,1261),(37,20699),(41,17521),(42,965),(44,1240),(47,8013),(48,19841),(52,11263),(53,2862),(57,13772),(61,1652),(63,9128),(66,6038),(69,10761),(73,1587),(74,26801),(75,3259),(77,174),(84,25769),(85,5242),(86,11974),(92,13431)]	79.996065
225	[(0,9219),(4,8526),(5,17495),(6,5006),(7,26148),(11,9655),(12,15333),(15,28624),(16,21552),(20,7534),(21,7422),(23,2308),(24,6068),(25,12972),(26,10471),(27,22839),(31,2591),(34,25361),(37,19446),(38,28336),(40,19173),(41,10533),(44,26397),(45,12269),(46,26383),(49,21260),(51,17136),(52,18035),(54,16764),(55,25858),(56,1200),(59,10235),(62,26333),(66,16485),(67,27023),(70,20759),(73,4935),(82,28555),(83,17335),(84,10241),(86,25361),(87,4091),(89,24023),(90,6106),(91,23960),(92,27105)]	85.914752
226	[(0,27881),(4,26711),(5,17120),(7,14673),(8,8297),(9,5132),(11,28221),(12,12976),(13,14246),(14,13181),(15,5136),(16,15328),(17,28370),(22,8506),(30,8239),(31,8386),(34,20081),(36,22612),(40,26854),(41,21264),(44,23198),(45,23165),(48,12432),(49,9792),(52,11783),(56,8045),(58,1182),(59,25963),(60,4963),(62,12198),(64,7392),(66,2275),(69,18033),(70,1568),(71,20276),(74,9570),(76,26394),(77,8017),(78,6227),(79,2641),(80,27572),(82,22355),(83,21386),(85,10009),(86,5479),(90,21888),(91,3298),(92,19703)]	97.104731
227	[(0,9297),(8,18515),(11,18152),(13,13449),(14,20941),(16,9773),(17,8780),(20,19003),(21,11232),(23,42),(24,6315),(26,789),(27,8122),(30,15559),(31,22705),(33,11249),(34,26496),(37,7014),(39,11565),(40,13290),(46,21288),(47,14712),(49,24847),(52,3663),(53,14764),(54,27817),(56,8114),(57,19273),(61,15921),(64,28448),(66,18766),(67,25512),(68,503),(70,20838),(71,2706),(72,3241),(73,14311),(76,19365),(77,13256),(83,15676),(87,16458),(88,16390),(90,3959),(91,23239),(92,13052)]	96.942060
228	[(3,16576),(7,26296),(10,28673),(11,28389),(13,10558),(14,27450),(16,16103),(20,12703),(24,15809),(28,21151),(31,6404),(34,24672),(35,26981),(36,27102),(37,931),(40,13297),(44,20065),(46,22653),(48,20434),(50,28060),(51,2927),(52,17609),(56,10160),(57,8875),(58,23075),(61,10094),(63,27546),(65,27139),(66,27583),(70,20133),(71,4531),(73,15357),(74,25141),(78,11202),(84,20485),(86,2950),(87,22799)]	79.129862
229	[(1,28168),(2,23553),(5,10541),(7,3925),(9,2841),(12,21404),(13,14864),(14,3432),(15,26901),(17,16077),(20,14189),(24,21828),(26,23835),(27,1625),(28,13158),(31,22728),(33,18157),(36,21628),(37,1699),(40,19568),(41,3221),(43,19214),(44,14736),(46,20160),(48,12033),(50,22822),(52,5288),(54,7452),(56,4926),(61,28487),(63,1487),(64,20367),(65,23517),(67,4262),(70,346),(72,22948),(75,3544),(77,27322),(79,27602),(81,2621),(82,1650),(83,24844),(84,25327),(85,14681),(87,27427),(89,26770)]	83.631025
230	[(0,722),(1,1142),(3,27534),(4,8945),(6,20987),(10,14750),(11,1559),(12,23596),(18,2745),(21,22150),(22,13977),(25,22062),(26,13681),(32,16507),(34,1209),(38,22815),(42,22958),(43,20429),(44,1239),(51,1901),(52,17274),(53,2713),(54,10401),(57,25528),(60,4234),(65,15738),(67,18184),(68,10227),(71,882),(74,678),(76,5932),(77,28216),(78,26888),(79,19734),(80,4054),(83,1738),(88,20890),(89,2818),(91,6232)]	80.442407
231	[(2,27348),(5,13972),(6,25502),(7,21231),(9,17904),(10,8005),(11,18232),(12,15316),(13,3220),(14,3362),(15,15022),(17,22375),(18,13073),(19,10176),(24,12771),(26,5207),(29,2530),(32,28562),(34,14394),(39,4250),(44,5403),(47,20926),(50,16943),(52,13249),(56,15531),(58,6141),(60,14663),(61,268),(62,5579),(63,1582),(65,19238),(67,8302),(68,23769),(69,14303),(74,4266),(77,18933),(78,24709),(79,8701),(80,5845),(82,20110),(84,1388),(85,19582),(88,12026),(90,5785)]	79.047171
232	[(0,5392),(2,20453),(4,6287),(5,26844),(8,25886),(10,17480),(11,17860),(12,26824),(14,27173),(15,28543),(22,11497),(24,24764),(26,21873),(30,21048),(31,348),(32,26556),(33,22429),(38,8109),(39,22631),(41,8330),(44,1676),(45,23731),(47,1930),(49,18710),(50,14858),(51,22708),(54,4841),(58,344),(60,17960),(62,4844),(68,26687),(70,5109),(74,10332),(76,7667),(77,20813),(78,17767),(79,1858),(83,17127),(84,385),(90,24192)]	78.618513
233	[(0,28473),(1,20368),(3,19971),(10,23632),(11,15021),(17,21804),(18,12180),(19,16111),(21,8690),(22,1395),(24,15172),(25,7384),(30,28428),(33,26174),(35,6337),(37,1628),(38,25858),(39,1865),(40,7476),(46,22233),(47,16677),(48,17254),(49,12765),(52,18622),(55,13094),(56,1846),(58,1751),(61,19819),(64,28207),(65,103),(67,21785),(68,15515),(70,4894),(72,13342),(74,16244),(75,19376),(77,15746),(78,6521),(79,15974),(81,21810),(82,3244),(84,13685),(86,3865),(87,9745),(88,6334),(89,19566),(90,21989),(91,10913)]	79.524332
234	[(4,12368),(5,10258),(6,22587),(8,11800),(10,19425),(12,22254),(13,21247),(14,28679),(16,13060),(17,12551),(20,22260),(23,7927),(24,8523),(26,9465),(27,27206),(30,20221),(33,9776),(35,748),(36,28025),(41,21781),(42,936),(43,23150),(44,16037),(47,14280),(48,8552),(50,11829),(51,24723),(53,2486),(54,12879),(55,22546),(56,18983),(65,14402),(67,4824),(68,12989),(69,9677),(70,26557),(73,28458),(74,16252),(75,11131),(76,13242),(77,26200),(78,10716),(81,24664),(84,20527),(85,12839),(86,12775),(91,16828)]	79.139760
235	[(0,9332),(1,2509),(2,18582),(5,22045),(8,8388),(10,2009),(13,5284),(22,13286),(23,8837),(24,25036),(26,6824),(27,11176),(29,159),(35,12114),(36,4121),(37,13008),(38,22977),(40,623),(45,2033),(47,18354),(50,7633),(53,2542),(54,11967),(55,26320),(61,23869),(62,20755),(63,18299),(68,14122),(70,13944),(71,27120),(72,28039),(76,26241),(77,25993),(80,13535),(86,10740),(88,22337)]	83.275587
236	[(2,20176),(4,17690),(5,14130),(7,12272),(8,21974),(10,28335),(12,3940),(13,13810),(15,27920),(17,6247),(19,12346),(24,7405),(29,17964),(30,12237),(32,20296),(34,14685),(35,25115),(37,5986),(40,3647),(46,6288),(47,5527),(48,28712),(49,17411),(52,3124),(53,23466),(59,3144),(64,3640),(65,16365),(66,24733),(69,17748),(71,24898),(72,15502),(74,3001),(75,6017),(76,11611),(77,12423),(80,24605),(83,26510),(86,28312),(88,14701),(89,1861)]	81.376170
237	[(1,13699),(4,12198),(5,27238),(9,10032),(12,11192),(13,22516),(16,8142),(17,7297),(20,9185),(22,8072),(26,653),(27,170),(30,20025),(32,8998),(39,2334),(40,14496),(45,10857),(46,21073),(49,23030),(51,12110),(58,28191),(60,23882),(61,5236),(62,26921),(65,27686),(66,1031),(67,814),(70,21708),(71,25832),(73,4159),(74,8276),(76,19803),(77,24326),(78,27661),(83,18883),(86,10978),(87,18459),(88,5209),(89,7388),(90,1441),(91,4013)]	80.961350
238	[(2,26822),(3,13520),(4,17059),(6,18610),(7,2674),(8,16904),(11,3057),(13,28114),(14,9144),(16,6087),(17,27030),(18,2990),(19,4981),(20,23660),(21,6580),(23,15731),(24,15040),(28,7118),(30,2403),(33,27307),(35,14834),(36,6364),(40,16659),(43,9459),(45,4545),(51,16802),(52,1921),(58,24790),(61,26463),(62,24750),(64,26430),(65,7152),(68,25656),(71,10260),(72,8199),(73,25086),(74,6807),(75,3532),(77,7440),(79,26669),(80,19219),(82,982),(83,2596),(84,7460),(85,13913),(86,24820),(88,9778),(90,17857)]	87.783435
239	[(0,7907),(1,23291),(3,24072),(4,4468),(5,25316),(6,19687),(7,19923),(8,1840),(13,6105),(14,22605),(15,13078),(19,23162),(25,21658),(32,18098),(33,18352),(34,9483),(35,6217),(36,26460),(38,24444),(40,6923),(41,18164),(45,9136),(48,4909),(49,13291),(50,22422),(53,13599),(55,2981),(58,25386),(59,14791),(61,17998),(62,24164),(63,15283),(64,21674),(65,26106),(66,23914),(70,18851),(72,14106),(73,17048),(76,28151),(78,13153),(83,20690),(84,12930),(85,25601),(86,9947),(87,18259),(88,8960),(92,9341)]	100.675967
240	[(0,13322),(1,18128),(3,19073),(5,26377),(8,2485),(9,14801),(10,19776),(11,8415),(14,28481),(15,7731),(16,6724),(18,20214),(20,23396),(22,13571),(23,20761),(31,8411),(36,7754),(37,16612),(38,6943),(40,10562),(43,15387),(44,22567),(46,21977),(47,5728),(52,6742),(55,19642),(57,8146),(58,9798),(60,23985),(61,17489),(68,17863),(69,18767),(70,16015),(72,22727),(73,2781),(74,8177),(76,25146),(77,13793),(78,26002),(79,20543),(80,22050),(86,26846),(90,17572),(92,5965)]	80.753089
241	[(3,11108),(4,14723),(5,10961),(6,28170),(9,9577),(10,23026),(11,16982),(12,22223),(16,25373),(17,16223),(19,27911),(23,19962),(27,8673),(29,27742),(30,16219),(31,16728),(39,27884),(46,16112),(47,8035),(52,23073),(54,212),(57,12908),(58,14353),(60,20257),(63,14223),(64,14223),(65,5509),(67,17553),(72,26472),(75,19452),(80,28283),(81,19364),(82,15540),(83,16598),(84,16991)]	82.634748
242	[(0,12905),(2,25122),(4,17459),(5,19251),(6,14752),(8,25640),(14,18816),(15,2169),(17,28191),(22,11294),(23,16108),(24,22957),(25,10076),(31,28288),(32,9323),(35,4746),(36,3135),(39,22359),(41,19660),(42,11701),(43,8591),(44,26158),(45,10635),(51,14700),(53,12613),(56,11051),(58,9239),(62,11846),(66,1369),(71,3925),(72,15649),(73,15061),(75,24264),(78,962),(81,22125),(84,22058),(85,14583),(88,10355),(90,21950),(91,14871),(92,22207)]	80.871588
243	[(0,23105),(6,11215),(7,9246),(10,3645),(11,4656),(12,24316),(16,22146),(18,22405),(19,22683),(20,1163),(22,2545),(24,13409),(25,26033),(26,25716),(27,20438),(28,14146),(29,2572),(32,12137),(34,17062),(36,24680),(37,21946),(40,8903),(43,14320),(45,1980),(46,28227),(50,2141),(51,13027),(52,11916),(54,21136),(55,12171),(56,27864),(58,4254),(59,21683),(60,5790),(62,19476),(63,21746),(65,2864),(70,25323),(71,23312),(75,2764),(76,21493),(78,15927),(82,10639),(83,13608),(84,11411),(88,20906),(89,27135),(90,26294),(91,15707),(92,11315)]	83.747631
244	[(3,23631),(9,15439),(10,2817),(13,25524),(14,26791),(16,4498),(21,5325),(23,23189),(24,19729),(25,22237),(28,4197),(30,24731),(31,4212),(35,18615),(38,23290),(42,19583),(43,15509),(47,6236),(48,23771),(50,3760),(51,14606),(52,9096),(56,26548),(57,19066),(58,2308),(59,6068),(60,12972),(61,10471),(63,24523),(64,27408),(67,4495),(69,11690),(70,11775),(71,25316),(72,19687),(74,23103),(76,18992),(77,20867),(78,2159),(80,26990),(82,521),(83,10417),(84,2910),(90,18886),(91,28019),(92,16746)]	86.799174
245	[(0,5318),(1,6445),(4,10062),(6,16482),(7,1121),(8,26637),(9,28139),(17,462),(20,2621),(21,1650),(29,9050),(30,6322),(39,8474),(40,15268),(43,5836),(47,6640),(54,14308),(57,11992),(60,14854),(61,28635),(64,7385),(65,20669),(66,19224),(67,9399),(71,19608),(72,21718),(73,760),(74,20601),(77,24022),(80,27008),(81,19647),(82,12334),(83,2351),(85,7893),(86,13647),(88,26073),(90,12541),(91,10282),(92,9901)]	84.618555
246	[(0,7406),(1,2874),(2,3543),(4,9798),(6,2066),(7,18637),(9,27698),(10,3018),(14,24983),(15,25878),(19,12226),(20,16272),(22,4851),(24,6437),(28,1116),(38,16759),(42,18922),(44,26638),(46,20039),(47,13387),(53,5052),(54,6801),(55,19234),(56,10970),(58,26371),(61,11146),(62,20832),(66,25961),(68,24827),(69,22064),(70,23541),(71,23852),(72,3134),(75,12918),(77,25878),(78,25766),(80,17140),(81,17429),(87,21995),(91,13876),(92,26187)]	82.877644
247	[(2,23420),(6,11553),(7,12679),(10,3157),(12,1890),(13,13168),(16,27414),(17,25208),(18,16451),(20,23635),(22,8086),(24,10096),(25,5581),(28,6527),(29,927),(30,23015),(33,11705),(34,18533),(38,13811),(39,11660),(41,27483),(42,25299),(44,7781),(50,10958),(53,6739),(57,20946),(58,17184),(61,19711),(62,3452),(63,23311),(65,26020),(67,21160),(68,22679),(69,1314),(70,14539),(72,27827),(73,17448),(74,13231),(75,15713),(76,9800),(77,5815),(80,19073),(81,9445),(82,26662),(83,18231),(84,10262),(85,28687),(89,10602),(92,7848)]	80.022292
248	[(0,5523),(3,8625),(7,7966),(12,23536),(13,26097),(14,5232),(17,2211),(19,23552),(22,25136),(23,21167),(25,16125),(26,7351),(28,13161),(30,25671),(31,21675),(33,4681),(34,16208),(43,6458),(46,11471),(47,18641),(48,4075),(49,8629),(50,6228),(54,5074),(55,13237),(56,26132),(61,1699),(64,1776),(65,9080),(74,4893),(75,20305),(76,10768),(79,13789),(80,22937),(81,6741),(82,11767),(83,18664)]	86.067700
249	[(0,5601),(1,20639),(3,24121),(5,8949),(9,20734),(10,12376),(11,23332),(13,2197),(15,21982),(16,1351),(20,2321),(23,1621),(25,5294),(28,7583),(31,13461),(34,14656),(35,17862),(37,23456),(38,1877),(40,16140),(41,13418),(42,14090),(43,3933),(50,6925),(53,6808),(54,8815),(55,7238),(57,1840),(61,7612),(62,14032),(63,157),(66,28057),(68,3529),(70,17837),(71,28561),(74,22497),(76,335),(80,19703),(82,13065),(84,2336),(87,13033),(88,7947),(90,14704),(91,18876),(92,4045)]	90.899606
250	[(0,26927),(1,13305),(2,13313),(3,22262),(5,3680),(7,23076),(8,3371),(11,6656),(12,4084),(14,26127),(15,28531),(16,946),(17,17655),(19,17558),(24,4950),(25,22361),(30,28692),(31,5416),(32,17568),(34,7378),(35,22286),(40,2537),(41,834),(45,18411),(47,10698),(48,15822),(50,5086),(51,13527),(53,21607),(55,22045),(56,13818),(61,20890),(62,24642),(64,9824),(72,4676),(73,14559),(79,18665),(81,19169),(82,9681),(84,2106),(86,14461),(87,12813),(89,3280),(91,11950)]	89.383571
251	[(0,22272),(4,11311),(7,18280),(8,13067),(9,25584),(12,3197),(13,7946),(16,18807),(17,19461),(18,6973),(19,9413),(20,2192),(21,19087),(23,10905),(25,3571),(27,2539),(28,25196),(30,8658),(31,10952),(34,28067),(36,19626),(37,8689),(38,27585),(41,6132),(42,1082),(45,9075),(49,23543),(52,5843),(53,9199),(54,10620),(59,26613),(62,28401),(66,19517),(67,2900),(68,8518),(69,368),(76,14513),(78,6368),(83,2638),(85,4390),(86,8766),(90,6338),(92,3709)]	104.188129
252	[(0,22383),(1,2933),(3,20113),(4,10908),(9,12184),(10,17569),(13,3079),(15,5208),(19,22156),(21,26384),(23,23266),(25,3949),(26,8292),(28,24133),(29,3110),(30,3518),(32,15310),(33,2288),(36,232),(38,12044),(39,23332),(42,2342),(46,18144),(47,25078),(49,21298),(53,17961),(54,16889),(55,21654),(57,26153),(59,23535),(61,25065),(62,6222),(64,27667),(65,13322),(66,15629),(69,451),(73,14143),(74,26597),(75,7181),(76,13188),(78,27315),(81,27355),(84,26004),(89,9389),(91,14415)]	86.544914
253	[(0,25181),(5,12485),(8,22815),(11,26694),(15,18215),(16,14133),(17,10124),(19,18419),(20,4015),(25,25982),(28,19940),(29,19448),(35,20553),(36,7979),(37,16629),(41,18974),(45,13429),(47,4845),(48,15601),(49,10514),(51,24339),(55,15818),(56,20730),(58,2109),(59,27263),(70,7563),(71,5162),(73,24379),(76,21102),(77,16103),(79,20010),(80,11873),(81,8073),(83,28146),(84,24141),(85,18527),(86,13618),(90,25146),(92,17536)]	86.919084
254	[(1,19819),(3,28543),(6,20159),(8,6907),(10,18977),(12,2780),(18,18619),(25,8733),(28,3523),(30,27046),(32,13545),(34,25674),(35,20364),(40,18143),(41,2092),(47,27467),(49,23984),(51,24038),(52,14742),(54,26839),(56,10213),(59,4042),(60,24856),(62,18114),(63,3387),(67,20994),(68,1424),(69,625),(70,21641),(71,9779),(78,6396),(81,7375),(83,14497),(85,20231),(87,14662),(91,11265)]	85.767569
255	[(0,20789),(1,12343),(3,18612),(6,14420),(8,17396),(9,679),(12,20138),(13,6488),(17,21134),(18,18208),(21,2027),(22,26391),(24,9499),(27,13757),(28,18598),(36,3338),(41,18506),(42,3573),(43,3232),(44,21371),(45,19900),(46,9558),(48,18684),(53,9147),(57,16949),(60,5604),(62,15216),(63,20151),(67,14817),(72,1863),(74,18949),(75,6262),(76,21152),(82,15657),(85,5689),(86,5455),(90,3757),(92,25521)]	83.950698
256	[(5,5432),(6,14598),(8,1449),(10,19899),(13,17119),(18,268),(19,17968),(21,12213),(24,9234),(26,10929),(27,13580),(28,15035),(30,7559),(31,10321),(36,17389),(39,24565),(41,11592),(42,6500),(44,9558),(48,2918),(50,26765),(51,12298),(53,9592),(55,9267),(56,10474),(58,26260),(64,9846),(67,12568),(74,20434),(77,5163),(79,25667),(81,10408),(82,9380),(83,20269),(85,6574),(88,17686),(89,27002),(90,26875),(91,27829)]	79.605771
257	[(1,20248),(2,26131),(5,21122),(9,28232),(10,19539),(11,2527),(13,4494),(16,18816),(18,5934),(20,4833),(21,3199),(22,22225),(23,8642),(24,22217),(26,321),(27,23735),(29,11348),(30,14404),(31,16947),(32,5245),(34,14058),(36,59),(37,15519),(39,5992),(40,19897),(41,25279),(42,18848),(48,3076),(50,22483),(52,16700),(54,11099),(60,4635),(62,4630),(65,3285),(75,22534),(78,317),(81,9224),(82,23305),(83,24966),(86,15815),(89,7794),(91,15801),(92,25030)]	82.919934
258	[(2,28456),(6,3448),(7,1308),(8,25136),(9,584),(10,24506),(11,7216),(12,3336),(13,21822),(14,18104),(21,19541),(24,28230),(25,13909),(26,22881),(28,21627),(29,5801),(30,7423),(31,26838),(34,4053),(35,11272),(36,20365),(38,2047),(40,20720),(46,24748),(48,17814),(50,4477),(55,27124),(57,24480),(59,26937),(61,15085),(67,8936),(69,24787),(71,10008),(79,11281),(81,18217),(82,9096),(84,19592),(85,1907),(89,23968),(90,16904)]	78.170562
259	[(2,20105),(3,3083),(4,442),(5,8410),(6,13041),(8,28355),(9,23505),(11,24170),(13,12911),(19,17228),(24,1357),(25,7298),(26,272),(31,21383),(32,27380),(37,10761),(43,749),(46,11505),(50,18077),(51,10324),(56,4342),(58,25429),(59,3513),(60,66),(63,20269),(66,565),(68,26684),(69,11081),(71,18782),(77,27826),(78,20445),(79,9097),(80,18727),(81,4159),(82,17414),(84,2805),(88,19116)]	84.182046
260	[(0,13838),(7,21895),(9,666),(10,10963),(14,5778),(15,15540),(16,16598),(17,26339),(18,15539),(20,11078),(22,10966),(23,8266),(24,11442),(25,28658),(26,11947),(29,6301),(30,3108),(31,26770),(34,16218),(35,2637),(39,15435),(40,4479),(44,21415),(45,22324),(46,2686),(48,10592),(50,6995),(51,23629),(52,24991),(54,12),(56,903),(58,18604),(59,24438),(63,20805),(64,15869),(65,14014),(69,3452),(70,23311),(72,8325),(73,7970),(74,10760),(75,12849),(76,13996),(77,10726),(84,240),(85,11269),(92,8062)]	83.054672
261	[(3,17276),(7,12836),(9,12873),(10,17504),(11,14725),(15,10559),(16,25166),(18,21201),(20,21314),(21,21449),(22,25321),(24,8709),(25,22687),(27,171),(33,9450),(40,8048),(44,16200),(45,12506),(48,26391),(50,2326),(51,9596),(55,17899),(61,3759),(62,19948),(65,24010),(72,21031),(79,23103),(81,3495),(85,8877),(86,6643),(87,9123),(89,5294),(92,18994)]	86.684058
262	[(1,15367),(2,2532),(3,1184),(5,24411),(7,9320),(9,6761),(12,4372),(13,23569),(14,5703),(16,9743),(21,20282),(24,17877),(26,15703),(27,19792),(30,3721),(31,17047),(33,19167),(38,16817),(40,6933),(41,738),(42,21920),(43,2476),(47,12975),(50,1342),(52,22165),(53,25524),(58,19192),(60,26815),(67,2099),(69,19035),(72,8230),(77,1952),(78,7616),(80,126),(82,19887),(86,3178),(88,25623),(89,14597),(90,26198)]	79.190713
263	[(3,4799),(6,4892),(12,12657),(15,8425),(17,26338),(20,19119),(21,16367),(22,4723),(23,3696),(26,13784),(28,28548),(30,27041),(33,16949),(34,2846),(39,8770),(40,23287),(41,17531),(42,22760),(44,8601),(45,14125),(47,14929),(49,18625),(58,18581),(60,5637),(64,25572),(66,24364),(68,10200),(73,14161),(74,3786),(76,21737),(77,16311),(78,4418),(79,8785),(83,26151),(89,24927),(91,20950)]	99.710125
264	[(0,6863),(2,13683),(3,8227),(5,16815),(6,12264),(7,25058),(10,1516),(18,22962),(19,26306),(20,2865),(25,5501),(28,21990),(31,16020),(32,1478),(33,14907),(37,23399),(40,19199),(42,2173),(43,20893),(44,25314),(45,5241),(46,8265),(48,10988),(52,3030),(53,12697),(55,5883),(56,16874),(58,13026),(60,2107),(61,5975),(66,11563),(70,427),(78,10411),(79,27881),(82,16979),(85,2733),(88,25371),(89,3622)]	80.970597
265	[(0,9701),(2,6757),(8,593),(11,14139),(14,18175),(15,4011),(17,3658),(18,5319),(21,16633),(23,10284),(28,16769),(30,12065),(35,20884),(41,19658),(44,1100),(45,8788),(48,25748),(54,15703),(55,5991),(56,24233),(58,26670),(59,22109),(61,2727),(63,12295),(64,574),(66,11823),(70,10493),(71,20925),(72,10843),(78,6479),(80,14293),(83,17119),(85,24950),(87,8291),(88,8056),(89,23649)]	82.764805
266	[(3,1742),(8,9614),(9,112),(11,5385),(13,26801),(14,3259),(15,28151),(16,1006),(18,2341),(21,17295),(23,8740),(25,25867),(29,17129),(30,22791),(33,16997),(37,15448),(42,20391),(48,16644),(49,19205),(65,24433),(66,26913),(70,17119),(71,13157),(74,26932),(77,7938),(82,20605),(84,7388),(87,17607),(90,543),(91,18217)]	83.576072
267	[(0,16800),(3,5641),(4,14787),(6,23182),(12,2933),(15,9237),(16,10334),(17,11074),(21,10203),(22,26093),(23,9073),(25,28017),(26,16903),(27,14473),(31,4310),(38,10656),(39,3036),(41,18430),(43,19186),(44,17783),(46,23579),(47,26172),(49,23261),(53,162),(54,24878),(55,4343),(56,17517),(58,14482),(59,12515),(61,24333),(64,3607),(66,10007),(67,16681),(68,15195),(69,25753),(72,26352),(73,18550),(77,23174),(78,18198),(84,8686),(86,18939),(90,3310),(91,16646)]	83.526733
268	[(0,20529),(1,21925),(2,1918),(6,14453),(7,9701),(10,3001),(11,6017),(12,13335),(13,10196),(16,6802),(19,13597),(21,24288),(22,6980),(23,19979),(24,24735),(26,2395),(28,3795),(30,1774),(33,26798),(35,22701),(36,6605),(37,26524),(39,26798),(43,26472),(46,8134),(47,15457),(51,26293),(52,21521),(55,19131),(57,26839),(58,11085),(60,25318),(61,541),(62,19680),(66,23751),(69,8634),(70,22532),(72,24417),(73,9199),(74,4954),(76,12855),(77,23599),(78,24916),(79,4740),(80,19023),(85,17287),(87,10446),(90,4737),(91,22515)]	78.599289
269	[(0,12452),(1,23994),(3,736),(4,25157),(6,8934),(7,27317),(10,8760),(14,9671),(22,15050),(23,27720),(24,24090),(25,23492),(29,13498),(31,19077),(32,11118),(34,9803),(37,11160),(39,5862),(40,26002),(41,20543),(43,23761),(44,2753),(46,2495),(55,25481),(56,28681),(59,3272),(60,1435),(64,10923),(65,13802),(67,2442),(69,6142),(70,22752),(72,8889),(73,26383),(74,15318),(76,11240),(77,13243),(78,17511),(79,12722),(81,1116),(84,24052),(85,18008),(86,27373),(87,3665),(89,12975),(91,22307)]	79.895443
270	[(2,15183),(5,16529),(6,13707),(10,17199),(12,25664),(13,27375),(15,1216),(17,2119),(24,18061),(25,11352),(27,24733),(28,6768),(32,15199),(34,17967),(37,13709),(39,12081),(43,26674),(45,27032),(48,24514),(49,2665),(52,6756),(56,17183),(60,855),(61,21333),(63,9606),(67,15295),(68,25462),(71,19233),(73,26798),(77,20787),(78,14573),(81,18520),(85,21173),(86,8040),(87,6790),(89,24940),(90,24519),(91,15853)]	78.516820
271	[(0,15380),(3,12144),(5,13354),(6,17957),(7,19058),(10,8239),(12,27596),(13,7134),(15,3737),(16,9909),(17,23411),(18,14300),(19,4691),(21,17213),(23,12344),(26,27061),(28,23645),(29,20803),(34,11004),(35,25953),(38,191),(41,5228),(42,12809),(44,20988),(49,12313),(51,16896),(52,8306),(58,16946),(59,27667),(60,28311),(63,8980),(64,12366),(65,1069),(66,1411),(67,6894),(70,15443),(73,21555),(74,12188),(80,4157),(81,16604),(83,5316),(85,22641),(90,4900)]	78.944436
272	[(0,5575),(1,14486),(4,5818),(5,27480),(8,20357),(9,12342),(13,19468),(14,1511),(15,12196),(17,24939),(21,1116),(25,16225),(26,19034),(27,23711),(28,15523),(29,17150),(30,1425),(37,17390),(40,2175),(41,3393),(43,20654),(44,11828),(47,1961),(48,2298),(49,13964),(56,11471),(57,18641),(58,11461),(61,2542),(62,11967),(63,13112),(64,4301),(67,1794),(69,20641),(70,22270),(71,11215),(74,13711),(75,13832),(81,18924),(82,9689),(88,28563),(89,17759),(90,3994)]	80.585058
273	[(0,1118),(3,18999),(6,27013),(7,15413),(8,12707),(12,19912),(13,25725),(17,26525),(18,23939),(19,13368),(21,6995),(22,7590),(24,3422),(27,16338),(28,16734),(30,23786),(31,3780),(32,15937),(34,24971),(36,2443),(37,5514),(40,233),(41,15146),(42,18787),(46,7807),(51,22852),(56,2239),(58,16522),(60,19329),(61,5377),(63,25211),(68,2139),(70,25308),(71,15401),(73,19764),(74,9567),(75,16955),(76,13514),(77,14952),(79,14350),(80,28289),(81,21545),(85,27260),(88,14064),(92,28420)]	89.208030
274	[(6,15941),(8,12331),(9,27689),(10,9548),(11,8248),(12,14119),(14,6018),(15,754),(17,22996),(18,25505),(21,13965),(22,5550),(23,26518),(25,17439),(28,22968),(33,3197),(34,7946),(37,18807),(38,19461),(40,13800),(45,12455),(48,20445),(50,18306),(51,19944),(52,25761),(55,16251),(56,9101),(64,25707),(65,4685),(68,3298),(69,19716),(71,23605),(72,16794),(73,10695),(77,12464),(80,7456),(81,27148),(90,5048)]	78.387865
275	[(4,28095),(7,20462),(9,22189),(10,7752),(11,16918),(12,21060),(14,27889),(15,24437),(16,13087),(19,2847),(23,16963),(24,7199),(26,4605),(29,26038),(38,8892),(42,13774),(43,7707),(44,27559),(45,21994),(46,12115),(47,17362),(48,6747),(49,6101),(53,13706),(56,9083),(57,1092),(66,4827),(67,1984),(69,25636),(70,14771),(71,846),(73,13696),(74,5979),(76,14316),(77,6095),(79,10994),(80,186),(82,12037),(84,20195),(85,10432),(87,21439),(88,12734),(90,24295),(91,18819)]	80.377631
276	[(1,14093),(2,22274),(3,6078),(4,22119),(5,4111),(6,2607),(7,26605),(8,17832),(9,21496),(10,21441),(12,1933),(14,23449),(16,24137),(18,11586),(19,24222),(22,24020),(23,16925),(25,19178),(28,20704),(31,16293),(33,10289),(34,5690),(40,1370),(44,5894),(45,24040),(49,20474),(51,22901),(53,24419),(55,28636),(56,5387),(61,25174),(62,11691),(64,15850),(66,16388),(67,3527),(69,9562),(70,15920),(72,293),(75,13982),(79,22392),(82,14195),(83,1391),(85,14090),(86,3933),(92,20228)]	97.705895
277	[(0,20580),(1,21577),(4,12803),(7,9090),(8,8549),(11,21770),(14,4362),(19,27059),(23,636),(24,19060),(25,20135),(26,10933),(28,23427),(33,24075),(35,21832),(37,6887),(41,8362),(46,28573),(47,24831),(55,23423),(56,20815),(58,1887),(59,8045),(62,13987),(63,11101),(66,2495),(67,19345),(75,27753),(76,3321),(78,3326),(81,916),(82,23440),(84,27956),(86,822),(87,17141),(92,8880)]	79.897695
278	[(3,27748),(4,27982),(11,4373),(15,6756),(16,20154),(17,21296),(19,14141),(20,9958),(21,25473),(22,18041),(23,19779),(27,10758),(29,7663),(30,20761),(34,4589),(35,8747),(37,15750),(39,15654),(40,21769),(43,19805),(45,10137),(46,28447),(51,11413),(52,27850),(53,27665),(59,12018),(60,5008),(61,9107),(63,23752),(66,16564),(73,19698),(79,3254),(80,9128),(81,25196),(85,15816),(86,8347),(91,26358)]	79.017882
279	[(2,16301),(9,3630),(12,23685),(13,3414),(14,16852),(15,4164),(16,24213),(17,4522),(19,16605),(20,20400),(24,6008),(25,16561),(26,2200),(28,16961),(29,1239),(35,10136),(36,13250),(37,3558),(38,26621),(45,18293),(49,27368),(52,12190),(53,20243),(54,14436),(61,2391),(66,25016),(67,1406),(69,4177),(73,10765),(77,6957),(78,24871),(79,26113),(81,18587),(82,12057),(86,25274),(87,10129),(91,8093),(92,19838)]	78.679995
280	[(3,18766),(4,25454),(5,11397),(7,6739),(10,15902),(12,6748),(13,8531),(16,8770),(18,13712),(23,4885),(24,22051),(28,12716),(29,14723),(37,792),(38,16102),(41,22801),(42,27727),(43,8567),(44,8856),(49,23725),(51,22535),(52,12537),(53,24422),(54,22348),(55,20465),(57,2581),(58,8405),(60,25691),(61,24250),(62,16965),(66,15191),(68,7807),(71,10166),(72,15392),(74,12871),(75,9964),(77,17918),(82,15013),(85,82),(86,11951),(87,330)]	77.942912
281	[(1,5775),(6,2284),(7,13017),(8,11323),(9,17220),(15,22695),(16,11224),(19,17579),(21,2729),(22,4043),(30,6506),(33,21051),(35,12191),(36,17698),(37,28410),(38,27574),(39,12580),(42,11891),(43,17810),(44,8625),(46,26691),(47,7898),(49,19112),(50,8860),(54,9704),(55,27126),(57,22977),(59,4468),(61,7388),(63,17413),(65,3573),(68,14909),(73,15836),(74,8541),(75,5616),(76,9010),(79,13970),(81,15761),(82,15758),(83,2143),(86,1592),(88,16473),(89,24651)]	79.043384
282	[(0,7204),(2,8254),(3,14396),(4,14122),(5,24244),(7,5176),(9,28103),(10,954),(12,5225),(13,21255),(17,2390),(18,4690),(21,24178),(22,9851),(24,10777),(25,6443),(26,5920),(27,9211),(28,9414),(31,6346),(32,13395),(35,5306),(36,17395),(38,10686),(40,25536),(41,17654),(42,8592),(43,26042),(47,15667),(52,17304),(56,17710),(61,27410),(63,7391),(64,7940),(65,17110),(66,19244),(69,16588),(71,21105),(74,14530),(75,21800),(77,24085),(79,10524),(80,22634),(85,659),(86,18946),(88,17833),(89,27163)]	77.761202
283	[(2,12615),(4,22328),(5,13006),(7,15438),(9,11360),(10,11860),(13,21726),(16,1214),(23,16773),(25,12527),(31,15355),(34,28156),(35,22482),(41,24283),(42,11309),(45,5932),(46,24061),(47,3299),(51,765),(54,9753),(55,18762),(62,15548),(66,13939),(67,27488),(70,13126),(71,9950),(72,28699),(73,21913),(74,23313),(75,10330),(76,26718),(77,20683),(81,14924),(83,11260),(86,27352),(89,9442),(90,8275),(92,17114)]	79.632376
284	[(2,13572),(3,397),(5,8445),(7,26774),(10,5379),(12,11392),(17,19003),(18,11232),(19,27393),(20,5592),(23,28332),(24,11354),(26,14821),(30,16890),(31,15817),(33,26913),(36,21516),(42,7991),(43,4748),(44,20116),(47,13796),(49,27252),(50,7497),(52,10853),(53,4000),(56,22824),(58,532),(59,25001),(64,18217),(68,44),(69,22638),(73,15907),(75,10521),(76,6384),(82,8270),(84,13300),(87,24473),(91,12206)]	77.546813
285	[(0,9203),(1,15526),(2,16563),(3,25499),(6,7500),(9,21882),(11,21428),(14,17130),(18,22763),(19,14155),(21,12078),(23,18768),(28,14549),(29,22148),(31,1656),(32,28333),(33,21162),(39,26727),(40,16565),(41,15938),(43,18332),(45,28355),(48,19212),(51,6183),(55,8233),(57,14984),(60,27987),(61,1602),(62,13280),(63,18781),(64,6239),(68,27146),(70,17932),(71,15192),(72,27206),(75,1027),(76,23171),(78,4913),(84,7277),(88,4802),(89,4282),(90,18995)]	89.138658
286	[(0,1698),(4,20657),(10,26472),(14,9450),(15,18787),(16,1754),(17,26531),(21,24245),(23,4565),(24,5168),(25,10956),(26,9534),(29,17927),(30,17311),(31,16864),(35,6644),(37,20038),(38,26876),(39,13055),(41,25707),(44,19389),(50,2309),(51,21250),(52,19751),(53,17302),(57,3281),(58,14116),(59,7814),(60,7570),(61,6762),(62,5518),(63,20233),(66,12999),(69,24801),(71,19096),(72,3249),(74,11972),(76,23650),(77,15025),(78,24688),(80,19710),(85,21779),(88,17128),(91,748),(92,28025)]	85.446999
287	[(0,17332),(1,4083),(2,15920),(4,293),(5,1185),(6,13131),(7,369),(8,20021),(10,7815),(11,17890),(12,11019),(14,17188),(19,6679),(22,3076),(24,4516),(25,17303),(27,9472),(30,24351),(33,4386),(34,9807),(36,5986),(37,15600),(38,25066),(41,22516),(43,23824),(46,9858),(48,14644),(50,19107),(53,19512),(58,17057),(59,16265),(61,14766),(62,16324),(63,13780),(69,26720),(75,1370),(78,27017),(79,16687),(80,3186),(81,24530),(83,7751),(87,12112),(89,15718),(92,98)]	82.398909
288	[(3,18557),(5,21400),(7,15533),(9,2331),(10,12689),(13,1657),(20,28347),(23,13803),(25,2239),(28,14493),(29,17802),(30,567),(37,14858),(38,2355),(40,18740),(43,17276),(45,13119),(50,16583),(55,7165),(56,25696),(58,12735),(62,16174),(64,13715),(68,22122),(69,556),(70,15294),(71,27661),(72,4463),(75,22253),(76,20280),(78,9997),(80,21789),(83,15271),(87,14331),(89,22505),(91,26142)]	94.682086
289	[(1,23514),(2,9624),(3,14426),(4,25639),(6,15735),(7,16636),(8,13042),(10,11781),(11,22068),(12,27560),(14,13197),(17,599),(26,914),(28,15425),(29,9726),(31,10795),(32,12700),(33,15473),(35,5761),(37,27117),(39,2878),(40,24909),(46,24989),(48,28359),(50,235),(53,5653),(55,12168),(57,24651),(67,1100),(68,8788),(69,795),(73,11803),(74,986),(79,953),(81,13972),(82,22949),(85,21571),(86,19261),(87,24272),(92,9301)]	88.577797
290	[(0,19793),(3,20914),(9,12130),(12,28029),(14,4585),(19,21739),(20,22425),(21,5246),(22,23238),(26,8278),(29,25904),(32,5188),(38,12653),(40,10222),(41,4031),(43,6824),(44,11176),(45,6320),(48,15110),(49,19330),(51,19271),(52,14730),(55,23251),(56,12710),(59,5156),(60,3701),(62,3190),(64,1667),(65,7852),(68,1815),(71,3599),(72,23942),(75,6700),(76,28335),(81,24681),(82,1375),(86,16411),(90,25109),(91,21754)]	81.666182
291	[(2,26624),(3,4027),(4,14335),(7,13043),(12,26744),(13,16384),(14,577),(15,13659),(20,657),(24,14634),(26,5058),(28,15417),(29,290),(30,19036),(31,24822),(32,7377),(35,23357),(39,25193),(46,9133),(47,14065),(49,7818),(51,26458),(53,19892),(55,6154),(56,10532),(59,3026),(60,3246),(62,7340),(64,941),(66,23709),(70,21991),(71,3018),(74,25763),(75,6374),(80,14263),(83,11163),(89,15427),(90,7685),(91,18130)]	84.748176
292	[(0,1484),(2,27198),(5,6078),(7,26787),(10,7660),(11,20572),(17,377),(20,19252),(21,12504),(22,17125),(25,19127),(26,5734),(31,25623),(34,6891),(38,21460),(43,297),(45,8812),(47,4987),(48,15171),(51,23757),(54,9607),(55,28189),(56,265),(57,19357),(59,23214),(61,24754),(62,19825),(63,11294),(64,7589),(65,1511),(66,12196),(69,16223),(72,14799),(73,12892),(76,17205),(78,2617),(79,3171),(81,3316),(83,7243),(84,969),(85,1678),(87,12275),(92,16424)]	83.292015
293	[(0,2295),(1,793),(6,17742),(7,15725),(9,27780),(11,21725),(13,17324),(15,25107),(16,1105),(17,15393),(20,26473),(25,1278),(26,13970),(29,9411),(33,21996),(34,1459),(38,11370),(45,25493),(47,9736),(48,13130),(50,104),(51,620),(52,9306),(58,2219),(60,26326),(63,11357),(64,6716),(66,23552),(68,3803),(70,3352),(71,28201),(73,25546),(74,12196),(77,13455),(78,6467),(79,2641),(80,27572),(82,14108),(85,20019),(87,25835),(91,19017),(92,965)]	81.788104
294	[(1,9849),(3,24216),(8,28592),(9,9614),(13,8552),(18,10061),(20,28223),(23,3955),(28,22446),(29,3361),(31,8385),(32,797),(40,12214),(42,16378),(43,25629),(45,8187),(46,1120),(48,14190),(51,19734),(52,23891),(56,9640),(57,22570),(61,6240),(62,21240),(63,6400),(65,9928),(66,24670),(69,9035),(71,19552),(72,3216),(73,12880),(80,23510),(83,11248),(85,12348),(87,16088),(91,15531)]	78.746976
295	[(2,3059),(3,24000),(5,2131),(12,28080),(13,14419),(16,22683),(18,25967),(20,11686),(25,11704),(27,16557),(29,24449),(32,12485),(35,5016),(36,21317),(39,9387),(40,21676),(41,26096),(47,428),(48,15761),(49,19669),(54,5386),(58,7996),(61,17666),(62,4743),(66,23253),(67,11465),(68,16445),(69,9133),(70,6548),(71,25642),(80,721),(82,22934),(83,16371),(84,14784),(89,15861),(90,11650),(91,15457)]	85.760873
296	[(0,22664),(4,13084),(5,20647),(9,4298),(10,1714),(13,16618),(14,20559),(20,25917),(21,22869),(22,5718),(24,8002),(25,15659),(26,4827),(27,14561),(28,2937),(30,17630),(36,14374),(46,1651),(49,11387),(52,13646),(55,23048),(59,17699),(60,7988),(61,26043),(62,5075),(67,3572),(69,4593),(70,26865),(71,5910),(72,2240),(74,17813),(75,23876),(76,21984),(77,8676),(80,28175),(82,21080),(85,22282),(87,3338),(89,16820),(91,12741)]	81.667352
297	[(0,11031),(1,3851),(5,22332),(6,25520),(11,19128),(16,23559),(19,8929),(22,14835),(23,17105),(24,11959),(28,16490),(30,10705),(31,23963),(33,13244),(34,16045),(36,24901),(37,27058),(39,9154),(41,23906),(42,19944),(43,17601),(44,17545),(46,23806),(47,15891),(51,21341),(52,20597),(54,18982),(58,28498),(59,16125),(62,15719),(63,27864),(66,22901),(69,25856),(71,5951),(73,26232),(75,4239),(77,4159),(78,26177),(79,13980),(83,22798),(84,4146),(85,11170),(90,20124),(92,16438)]	99.011516
298	[(0,21526),(2,28631),(8,28253),(9,12915),(12,10071),(13,17349),(14,12066),(16,4391),(19,24697),(20,919),(21,21834),(23,12679),(24,11849),(25,11307),(26,25427),(29,24556),(33,1167),(39,22616),(40,2609),(41,23687),(43,26156),(45,8204),(46,7750),(47,381),(51,6383),(57,2991),(60,8470),(63,14305),(64,17141),(70,13466),(79,24483),(82,6755),(84,18082),(85,27575),(88,3882),(89,5535)]	82.787103
299	[(1,23021),(3,20242),(4,6496),(5,23017),(13,22360),(14,11583),(15,16114),(17,8316),(20,14724),(21,20288),(25,15212),(26,22519),(30,13188),(32,27466),(34,15379),(36,22740),(38,2436),(39,12350),(41,2505),(42,1679),(44,9356),(45,27145),(48,21350),(50,20526),(52,28001),(57,12022),(58,18639),(60,18280),(61,11525),(63,22911),(68,22366),(69,4240),(73,3838),(74,20643),(75,14160),(76,26794),(78,3714),(80,15783),(81,4180),(84,1000),(85,10645),(90,1100),(91,8788)]	87.248094
300	[(4,9519),(9,21494),(10,7921),(11,28491),(13,10451),(19,4444),(20,13420),(21,12837),(23,19391),(27,7490),(28,10805),(30,20998),(31,14589),(32,2278),(33,11241),(34,19097),(36,24357),(37,17650),(38,5793),(39,26238),(42,9397),(43,28708),(45,4779),(46,14615),(47,20508),(48,18888),(49,21343),(50,22698),(54,16156),(56,23795),(57,22885),(58,10731),(59,11087),(65,26283),(67,16936),(69,25262),(72,20106),(74,21724),(76,28248),(79,649),(81,9418),(84,20250),(89,18533)]	100.975278
301	[(0,25010),(3,8078),(4,22027),(6,25184),(9,26897),(11,3239),(16,26350),(17,20288),(19,21939),(20,12183),(21,25630),(23,17726),(24,14803),(25,11403),(28,25971),(29,22029),(32,17494),(40,19421),(42,22849),(45,24),(46,2177),(47,15201),(51,20487),(62,3402),(64,25382),(65,16016),(66,1156),(67,21313),(68,18916),(71,26452),(72,7469),(76,15596),(77,21443),(78,23953),(80,8843),(84,4330),(86,23661),(90,13132),(91,16349)]	92.137082
302	[(0,18689),(3,4982),(4,12119),(5,3112),(7,17595),(9,10839),(10,23171),(11,114),(14,10499),(17,14466),(18,19391),(20,19527),(24,1379),(26,11642),(27,1334),(29,9913),(30,1392),(32,12844),(33,13561),(39,9173),(40,11310),(41,13269),(44,3172),(45,16941),(48,21585),(54,21863),(55,13612),(58,12015),(59,25939),(60,1037),(62,11737),(64,6319),(65,3526),(67,4894),(68,9453),(74,24884),(77,20128),(78,8151),(80,8861),(81,22511),(84,2981),(88,4160),(89,2571),(91,19659),(92,9616)]	93.863518
303	[(2,23197),(3,10621),(6,26909),(8,20035),(9,18281),(13,13292),(16,21038),(17,24586),(20,18103),(21,8495),(22,16211),(26,10971),(30,6203),(32,15566),(35,23864),(36,9861),(37,11265),(38,18628),(39,25353),(43,4696),(49,12717),(53,14110),(56,10642),(57,27970),(61,6865),(62,11989),(64,24155),(70,11330),(73,1950),(74,12755),(77,20604),(78,19688),(79,9546),(84,13105),(85,12435),(86,24807),(88,11500),(89,7795),(90,11221),(91,356),(92,2386)]	85.589305
304	[(0,9118),(3,8782),(4,12861),(8,23410),(9,10349),(10,5946),(17,23235),(19,6886),(22,13665),(23,19236),(26,21308),(27,683),(31,20382),(33,27338),(34,2455),(37,1800),(38,23240),(41,16567),(43,7664),(45,1932),(46,1382),(47,8308),(48,26105),(51,22773),(53,14817),(55,19393),(56,16677),(57,774),(62,1600),(63,24684),(65,7389),(66,3219),(68,11785),(71,26363),(72,12122),(74,14350),(76,11112),(83,7147),(86,16567),(88,130),(92,24673)]	84.187286
305	[(0,8348),(1,9502),(5,9493),(8,21564),(12,11689),(13,16625),(14,17542),(15,21778),(17,9907),(19,5982),(21,4120),(26,11887),(36,14516),(39,3289),(43,27945),(45,11011),(47,2893),(49,532),(51,401),(52,7383),(53,23709),(54,2963),(56,8622),(60,21634),(64,13152),(67,28706),(72,19067),(74,16107),(75,8795),(76,19221),(77,7656),(81,16654),(85,4779),(86,8317),(87,19217),(88,28474),(89,7354),(91,20223)]	78.717440
306	[(2,13002),(3,4010),(4,12003),(8,15811),(9,26350),(11,1166),(13,24474),(14,23053),(16,39),(19,3070),(21,20544),(22,24445),(23,5385),(24,26777),(25,4895),(27,1760),(28,34),(31,14045),(32,12550),(33,14850),(34,14543),(36,3804),(38,7680),(39,24967),(41,6423),(43,9532),(44,6944),(46,1544),(50,25743),(51,13372),(52,9935),(53,21128),(59,81),(61,24362),(63,24011),(64,21866),(65,9385),(66,25255),(71,17423),(73,11826),(74,20392),(76,11906),(77,57),(79,1195),(81,8293),(90,4419)]	84.313504
307	[(1,17989),(3,11062),(4,22471),(5,3093),(7,2174),(10,4348),(15,25072),(16,15518),(17,20329),(20,5196),(22,18945),(24,28216),(25,24169),(28,14507),(29,2649),(30,13847),(31,15567),(37,3033),(38,21561),(39,14898),(40,9208),(42,21523),(45,6798),(47,7939),(48,28197),(49,245),(51,18486),(52,11807),(54,25818),(64,17427),(65,24400),(67,487),(68,11623),(70,11982),(79,1342),(83,26500),(87,15062),(88,6099),(89,1562)]	81.985169
308	[(0,25720),(2,27448),(10,17193),(11,22436),(12,7611),(13,486),(14,28371),(16,26232),(18,28255),(20,7931),(21,4025),(24,2472),(27,23334),(29,309),(30,6111),(32,22111),(34,7686),(35,10086),(36,16250),(37,22566),(38,19503),(39,4650),(40,19432),(43,12167),(45,1563),(51,16317),(53,26850),(54,8578),(55,17909),(56,14670),(57,26346),(58,23053),(60,39),(63,3070),(65,20544),(66,20180),(70,19169),(71,9681),(72,17711),(75,9955),(76,24209),(82,8886),(84,4041),(88,17667),(89,20269),(92,9579)]	93.424089
309	[(2,15570),(5,21609),(6,16696),(7,15915),(11,11070),(12,4182),(21,2834),(23,20526),(25,28001),(27,19888),(28,24480),(29,27657),(32,26524),(33,19122),(36,10432),(41,17994),(45,14069),(46,1653),(48,14369),(51,236),(55,27134),(58,25506),(60,2221),(61,1673),(63,21571),(64,3633),(68,438),(69,12934),(72,2139),(74,558),(76,26176),(78,2808),(81,684),(83,2906),(84,10081),(85,16381),(87,25795),(89,15098),(90,16010),(91,6804),(92,15985)]	89.903698
310	[(0,11676),(2,2433),(3,15131),(8,1064),(10,2069),(13,28622),(15,17537),(16,6639),(17,23626),(24,7152),(25,914),(32,8657),(33,22461),(34,23050),(35,14933),(40,13002),(41,4010),(43,17233),(44,28612),(49,10429),(50,25701),(51,27529),(52,26226),(53,17751),(54,16361),(55,23128),(59,1579),(61,17802),(62,567),(63,18556),(64,8531),(66,21938),(67,18554),(69,26702),(70,1547),(71,18672),(72,639),(76,13406),(77,24187),(78,24651),(81,23139),(83,14797),(85,28681),(92,26655)]	84.682656
311	[(0,5275),(4,2120),(5,23428),(6,26372),(7,16762),(12,15753),(13,712),(14,22205),(15,20488),(25,8472),(27,26174),(28,27608),(33,53),(34,13850),(35,5773),(36,198),(38,2177),(42,26930),(44,11331),(45,12479),(46,18977),(49,9262),(53,24976),(54,7096),(56,3452),(62,10275),(64,17498),(72,22601),(73,16913),(76,7623),(78,25755),(83,2541),(84,12897),(85,6944),(86,16219),(88,4852),(89,24835),(92,5257)]	86.368617
312	[(1,23523),(7,22724),(13,18527),(14,13618),(17,13345),(21,24802),(22,13345),(26,10414),(27,19758),(29,20718),(31,2333),(33,27375),(34,17850),(35,13),(42,15909),(50,15069),(52,594),(53,23050),(55,18219),(57,7863),(58,3524),(61,6171),(62,15964),(63,3647),(65,3311),(68,14825),(69,14599),(74,14533),(76,15686),(82,11027),(85,2996),(87,25816),(88,59)]	104.076329
313	[(1,8128),(2,18419),(5,15290),(8,23195),(9,10450),(10,24719),(13,3348),(14,18750),(15,1186),(16,17823),(17,7881),(18,3769),(21,15901),(24,18148),(26,243),(30,18468),(33,24348),(34,22077),(36,5020),(37,3241),(38,14311),(40,16542),(41,9755),(42,26741),(46,27284),(48,18911),(52,4946),(53,17249),(54,2401),(60,20208),(63,2228),(64,12096),(67,10333),(69,11484),(70,1989),(73,4371),(74,22496),(80,22790),(82,24364),(83,8628),(88,5355),(89,21422),(90,22751),(91,589)]	84.842020
314	[(0,13788),(4,25569),(5,15828),(6,24666),(8,9736),(9,22715),(10,3421),(16,14269),(20,9806),(23,6117),(32,13692),(36,2648),(38,24110),(41,18832),(42,26707),(52,14341),(53,14833),(57,20806),(61,3631),(66,14717),(70,2822),(73,27001),(74,1923),(76,19499),(77,1079),(78,19341),(79,26050),(80,22634),(81,23160),(82,23120),(86,20792),(87,3559),(88,10018),(89,4216)]	87.716858
315	[(0,15490),(4,14242),(6,5932),(7,28216),(8,24169),(11,21706),(12,15026),(15,14099),(16,26771),(17,20181),(20,10211),(25,9476),(35,9812),(37,17615),(38,13863),(39,4862),(42,1400),(43,5195),(45,16829),(47,22373),(51,10508),(52,7331),(55,10554),(61,19314),(62,6864),(63,28361),(64,21709),(65,16100),(67,7144),(72,8272),(75,8898),(76,18153),(77,254),(78,7285),(79,22261),(80,11721),(81,22874),(86,24225),(87,17262),(91,1194)]	82.551962
316	[(5,12491),(6,27868),(8,4889),(9,22570),(11,14215),(13,15789),(14,26399),(18,19301),(20,18888),(22,9092),(23,7178),(25,2146),(28,20251),(32,8922),(33,20814),(34,12924),(35,8598),(36,23479),(37,15934),(43,18351),(45,17996),(46,5679),(48,3091),(51,5228),(52,17547),(58,28609),(63,15404),(64,4204),(67,16858),(68,15380),(70,9225),(73,22546),(75,446),(79,11958),(80,16218),(81,2637),(87,22956),(88,589)]	80.740231
317	[(1,9147),(2,11701),(4,1222),(5,17762),(10,16663),(11,4560),(18,1279),(24,7386),(26,18908),(28,28113),(29,2063),(32,27884),(36,3867),(37,18159),(38,19409),(39,3312),(46,20855),(47,14079),(51,6159),(54,1846),(62,10517),(65,26626),(66,15543),(69,22988),(71,21550),(72,28580),(73,308),(74,8089),(77,22260),(79,1287),(80,10089),(83,26949),(85,12627),(86,12824)]	81.713779
318	[(0,24186),(4,12752),(5,27094),(7,7672),(15,8752),(16,9737),(17,6655),(20,2578),(22,4800),(26,9409),(28,17014),(31,3705),(32,15850),(34,6011),(38,4602),(39,11013),(40,17634),(43,24938),(44,20285),(45,4320),(46,15615),(49,4864),(50,18985),(51,10593),(52,11031),(53,9511),(55,18878),(58,13957),(59,27768),(61,23043),(62,22666),(63,18754),(67,15103),(70,15781),(75,28608),(76,12458),(78,2561),(79,12017),(80,25565),(81,23092),(82,27739),(83,16732),(90,25820)]	81.785163
319	[(2,9085),(5,1640),(9,443),(10,6862),(15,4157),(16,8451),(17,4864),(18,28007),(21,2427),(22,27136),(23,14647),(24,25384),(26,8307),(28,1025),(37,16291),(39,25204),(40,3605),(45,12533),(47,6915),(48,16018),(54,21876),(56,16705),(58,1707),(59,23458),(60,7445),(63,5659),(65,28190),(66,549),(68,26466),(73,6231),(74,17051),(75,13718),(76,14204),(77,6942),(79,19338),(83,1548),(87,3019),(88,5618),(89,3284),(91,18077),(92,6774)]	82.204447
320	[(0,6863),(4,267),(13,13368),(15,28681),(16,18094),(17,16498),(18,13845),(20,20982),(27,19406),(28,5098),(30,21969),(31,20121),(32,8437),(33,8953),(34,16451),(38,20309),(39,27946),(40,26673),(41,17311),(42,22449),(43,10699),(44,12153),(45,9161),(46,14087),(49,15614),(50,11898),(52,10618),(53,28676),(54,15039),(55,5954),(58,25779),(63,25015),(69,13928),(70,14203),(72,25308),(73,15401),(75,19764),(78,8583),(80,20256),(84,26878),(85,13160),(88,5388),(90,14101),(92,8581)]	94.655601
321	[(0,15716),(3,26390),(7,18381),(8,24105),(10,551),(12,7026),(16,13028),(17,6942),(18,11192),(19,10378),(23,21716),(25,23853),(26,4217),(33,1368),(35,24183),(36,25505),(38,15803),(39,314),(40,24100),(42,28032),(45,11569),(48,2140),(51,15227),(54,4536),(55,15667),(57,13542),(63,14662),(65,7032),(66,27609),(67,19471),(68,5093),(69,11842),(70,20099),(73,21307),(74,26020),(83,4239),(85,4159),(86,8276),(89,21957)]	97.946576
322	[(1,25890),(2,20563),(3,18884),(4,18954),(5,2146),(7,6047),(12,28669),(16,709),(25,27790),(28,6391),(33,11768),(36,2047),(39,24333),(43,17849),(44,9041),(46,15346),(48,12070),(49,1768),(51,1375),(52,27515),(53,22347),(54,7327),(56,1589),(57,13059),(58,3721),(61,5661),(63,13080),(66,23224),(69,238),(70,6385),(73,14045),(74,12550),(75,22776),(78,25602),(80,14221),(81,23756),(82,390),(83,272),(88,6164),(89,21044),(91,24986),(92,7281)]	155.233682
323	[(1,27881),(2,9052),(3,3821),(4,17786),(5,24883),(10,2488),(11,13125),(13,25636),(15,856),(17,28528),(18,175),(19,3836),(24,5409),(27,2452),(29,1301),(31,20953),(33,11252),(35,6503),(38,16133),(42,5891),(46,1597),(47,11854),(52,20224),(57,10994),(62,27417),(63,9379),(68,22621),(73,26982),(77,15541),(80,11389),(83,2186),(86,19947)]	219.928311
324	[(1,5041),(2,20531),(3,11783),(4,23728),(6,2869),(13,16075),(14,26723),(16,28513),(17,5287),(19,6479),(21,1981),(22,5800),(23,7733),(24,4736),(25,19248),(26,13447),(27,13523),(30,10943),(33,20151),(35,25451),(36,13452),(37,14782),(40,7452),(44,10155),(45,14914),(47,26200),(50,23523),(51,5999),(54,8871),(55,19548),(56,414),(57,2385),(58,6828),(59,25049),(67,10099),(69,20830),(70,4114),(73,22500),(76,28576),(77,7786),(80,19369),(84,23210),(87,18827),(88,20189),(90,9101),(91,22494),(92,1457)]	170.574000
325	[(1,17923),(2,28132),(10,14647),(11,6335),(15,10665),(16,405),(18,5228),(22,20397),(25,23905),(27,23941),(28,2423),(29,19348),(32,7990),(33,16082),(35,16472),(38,10369),(42,7837),(43,21989),(47,5278),(51,6855),(52,1903),(53,15989),(54,8422),(57,15705),(58,24403),(64,15310),(65,2288),(68,23481),(69,2130),(71,3840),(75,24088),(76,9279),(78,16793),(80,27626),(83,4411),(86,6638),(89,16780)]	170.975912
326	[(0,4796),(1,26977),(3,26666),(5,20418),(6,8895),(12,4157),(13,16604),(15,21136),(16,12171),(17,27864),(24,15522),(25,513),(26,11805),(30,12453),(31,18331),(32,27325),(34,19048),(35,11678),(38,13367),(39,15715),(40,1416),(44,23444),(48,18368),(49,18154),(50,14296),(51,7757),(52,22668),(53,11975),(56,21493),(57,8712),(63,25632),(64,15322),(65,18587),(66,12057),(68,21011),(69,25530),(70,10025),(72,1273),(73,3035),(75,8036),(76,5631),(80,7647),(81,8158),(84,20364),(85,24099)]	169.566913
327	[(0,20003),(1,17098),(2,8892),(3,4386),(4,9807),(6,8132),(7,18357),(10,540),(12,2086),(13,11720),(17,2831),(20,4179),(24,27717),(27,22744),(30,20419),(31,21519),(32,22032),(35,9219),(37,18055),(38,15742),(39,15868),(43,23798),(44,7996),(45,3886),(47,13679),(49,3486),(50,7096),(52,7739),(54,18717),(57,12584),(59,9513),(62,10003),(64,22517),(66,26903),(67,20303),(68,17177),(69,20760),(70,20900),(74,14138),(75,10025),(79,21665),(81,15068),(83,26516),(86,17839),(90,14441),(92,4451)]	175.563952
328	[(0,1287),(1,10089),(4,16339),(5,1978),(7,2235),(9,8205),(10,26891),(11,26256),(21,26015),(22,2573),(23,19048),(24,15017),(25,22313),(27,15144),(28,21669),(29,5675),(30,27400),(31,3759),(32,19948),(33,26864),(36,23507),(40,5379),(44,5711),(45,25581),(47,5772),(56,5481),(57,9927),(58,6520),(59,16525),(60,21114),(61,9006),(65,24130),(66,15940),(67,27962),(70,27203),(71,665),(77,14978),(78,8264),(79,14256),(80,6145),(82,20413),(84,15795),(86,7691),(87,13675),(91,27205)]	175.855606
329	[(0,10109),(5,12493),(13,5840),(14,7748),(15,9925),(16,24064),(19,19202),(20,6648),(22,22864),(24,21144),(27,12639),(29,12333),(30,6151),(34,27664),(36,20900),(39,18676),(42,12068),(43,9196),(44,22414),(45,3727),(49,657),(51,24518),(54,10175),(55,8981),(58,8010),(59,17768),(60,8562),(68,3772),(70,12714),(74,1995),(78,20521),(80,21980),(82,27581),(84,8401),(89,26957),(91,1375),(92,27515)]	206.981227
330	[(4,4855),(5,3220),(6,21117),(9,17892),(15,12392),(17,1587),(18,3798),(19,21962),(21,6567),(26,21563),(27,3002),(31,215),(35,9294),(39,4696),(41,3625),(42,25468),(43,6332),(44,18837),(45,16716),(46,15398),(54,24017),(59,4899),(60,38),(64,26040),(66,22030),(67,2769),(68,16825),(70,18036),(72,10121),(75,14146),(76,2572),(83,13515),(86,23871),(90,27193)]	184.438677
331	[(1,4710),(3,17302),(4,12062),(7,17355),(9,23444),(13,24622),(14,22974),(16,3906),(19,3429),(24,16717),(26,9712),(27,24037),(29,19938),(32,27378),(33,8616),(34,16072),(36,16627),(38,8985),(40,8167),(41,7717),(44,22908),(46,4369),(49,2815),(51,14450),(54,21630),(55,28107),(56,5188),(57,495),(59,12527),(61,26021),(68,19053),(69,20931),(70,6407),(71,4293),(75,13905),(77,24571),(80,14993),(81,16702),(82,14603),(83,1902),(84,19840),(86,5646),(89,19863)]	184.079781
332	[(1,6256),(2,7153),(5,21572),(6,4446),(10,9610),(13,3639),(14,10501),(19,2990),(20,22414),(22,2723),(26,12145),(27,11097),(31,10337),(32,14120),(33,22240),(35,18301),(36,19737),(37,6573),(41,1340),(45,19991),(47,3657),(51,8237),(53,18390),(57,8241),(59,1914),(60,10155),(61,6175),(67,857),(69,19720),(71,3192),(72,6146),(74,23603),(75,6708),(76,7558),(82,9910),(83,16334),(85,7948),(86,7234),(87,584),(91,8575),(92,7943)]	192.217547
333	[(2,4766),(3,19380),(4,1655),(7,4800),(9,2595),(10,21210),(14,19114),(16,9230),(18,7491),(20,15737),(21,10604),(24,15654),(31,14249),(33,14430),(38,24827),(39,22064),(41,11732),(43,24034),(50,15106),(52,10322),(53,1057),(59,6586),(60,18673),(61,28072),(62,4473),(63,21098),(64,3629),(68,763),(69,20634),(70,8614),(71,9880),(72,21987),(79,7749),(85,3127),(86,18432),(88,18878),(91,9159)]	177.413490
334	[(1,8625),(5,6206),(10,26199),(11,23029),(12,4089),(16,24350),(18,15507),(20,11607),(22,15772),(23,28064),(24,21968),(27,12392),(33,8788),(34,795),(38,9556),(39,12291),(40,10657),(42,25740),(44,18595),(45,24103),(54,6991),(55,16074),(57,22177),(59,11820),(60,17861),(62,9477),(63,12587),(66,954),(69,22225),(70,8642),(71,12080),(72,6016),(74,17022),(80,4841),(84,8788),(86,20140),(87,21611),(89,14121),(90,6420),(91,23061),(92,10150)]	187.561359
335	[(1,17942),(2,26795),(3,26801),(4,1708),(7,13665),(10,9330),(11,15063),(21,3287),(22,16058),(24,5863),(27,28272),(28,25245),(29,23904),(30,1171),(32,26306),(33,2865),(34,1063),(36,27971),(37,8468),(41,27270),(42,27962),(43,5723),(44,525),(50,28285),(51,28047),(52,10711),(56,17594),(58,13881),(62,14106),(63,17048),(65,18278),(66,27510),(68,1862),(70,20467),(71,22728),(73,18157),(74,10870),(75,28277),(76,20815),(78,1887),(79,8045),(85,11500),(86,7795),(88,10056),(92,4181)]	206.338335
336	[(3,24456),(8,6760),(9,15042),(11,16407),(13,17363),(17,9842),(19,27235),(20,10631),(23,9025),(24,11902),(26,12730),(29,23310),(32,26421),(35,13436),(36,22949),(40,10497),(42,8779),(48,24682),(52,9437),(53,10760),(54,5456),(55,19712),(56,489),(58,5415),(59,5832),(62,9599),(65,27375),(67,8786),(68,5735),(69,2989),(70,9748),(73,6054),(74,28369),(76,3798),(77,21962),(78,12451),(79,28096),(80,18972),(82,27856),(83,4922),(87,5781),(88,4860),(89,13267),(92,8608)]	171.401696
337	[(6,14808),(9,1017),(10,2527),(13,9024),(14,7814),(15,25510),(18,2376),(19,21839),(26,23145),(28,23523),(31,24472),(33,8586),(35,6458),(38,15014),(41,18479),(42,10657),(43,8287),(47,10983),(48,1668),(51,6118),(52,8677),(53,7551),(55,18921),(57,10973),(59,8890),(62,16212),(68,24132),(73,24760),(74,17571),(76,12286),(78,6713),(79,7463),(81,7088),(86,4638),(88,7990),(89,28118),(90,25766)]	172.422289
338	[(1,2934),(2,15317),(6,18286),(10,26665),(13,2414),(14,3315),(17,7219),(20,23980),(22,16550),(24,13585),(27,5696),(28,10825),(30,3681),(32,15102),(39,14288),(40,2443),(43,26346),(46,16626),(47,15906),(52,18102),(61,25236),(62,23460),(63,24250),(64,16965),(65,3240),(66,12681),(67,16469),(68,6424),(69,22088),(70,635),(75,24699),(76,3646),(80,23255),(83,1680),(88,21545)]	182.572510
339	[(1,11339),(2,16543),(4,8349),(7,23606),(8,28656),(10,9862),(17,1776),(19,10088),(21,5237),(23,19073),(24,5368),(27,26085),(30,2684),(32,26368),(33,15513),(34,8103),(38,22583),(39,13927),(40,4750),(41,5733),(42,12017),(43,25565),(44,23092),(46,3797),(47,19098),(49,8336),(50,8655),(58,27148),(59,1688),(60,1407),(62,27239),(64,19742),(65,12145),(67,22300),(69,8481),(70,2431),(71,23695),(75,21355),(76,23995),(81,8473),(82,19514),(84,28270),(88,20577),(89,25817),(90,6949),(91,11449),(92,4369)]	175.971482
340	[(0,6703),(5,21548),(7,1193),(8,8604),(10,18701),(11,22844),(13,16142),(19,5070),(20,26803),(23,9482),(24,26243),(25,16780),(27,606),(28,10116),(29,10059),(33,14665),(36,21830),(41,21245),(47,19169),(48,9681),(51,23810),(61,13557),(63,6006),(64,11065),(65,13250),(68,25482),(72,25565),(73,23092),(76,26535),(77,13055),(78,7192),(80,28042),(82,28644),(83,13588),(84,15542),(85,4219),(86,10478),(87,724),(88,18913),(90,7330),(91,11110)]	195.403064
341	[(0,6760),(1,16509),(3,3782),(4,26710),(6,326),(8,5239),(10,9929),(11,3715),(13,15549),(17,25813),(19,27745),(20,5446),(22,20661),(23,18893),(28,6350),(29,3214),(31,18292),(32,14357),(33,3091),(34,1777),(37,9086),(38,10335),(39,3935),(44,20341),(45,28585),(49,27742),(50,16219),(51,17168),(52,13556),(53,19915),(54,20129),(58,22419),(59,5469),(60,9092),(65,4267),(66,24107),(67,16133),(71,22337),(73,7165),(76,15030),(77,12804),(80,23529),(83,3765),(85,28700),(87,7091),(89,237),(91,3685)]	195.704467
342	[(4,20328),(5,26936),(6,8391),(7,12680),(15,809),(16,5222),(20,20999),(22,27140),(23,28257),(25,28263),(30,24988),(31,16760),(36,7558),(40,28154),(46,27481),(47,25243),(52,26486),(55,4149),(58,14750),(59,1559),(61,14205),(63,24298),(64,9243),(66,7428),(69,28192),(70,14922),(71,12049),(72,3214),(76,18103),(78,7573),(79,9900),(81,3949),(83,27819),(85,26905),(86,3341),(87,26451),(88,759),(90,16800),(91,1377)]	126.895111
343	[(0,6898),(1,13494),(4,16046),(6,20510),(7,17045),(10,16042),(14,4339),(16,2223),(20,3231),(21,21904),(22,6032),(24,2123),(25,19894),(31,5300),(32,8273),(36,8567),(37,17496),(38,18221),(39,11784),(40,9094),(42,14705),(50,13509),(51,23587),(52,14612),(60,24471),(61,3954),(63,6554),(65,2039),(67,224),(71,3779),(72,18462),(73,23129),(76,23965),(79,14106),(83,13686),(88,21261),(89,18116),(91,23877)]	90.773934
344	[(0,10202),(2,644),(3,22674),(5,366),(7,24378),(16,18525),(17,20092),(18,22115),(21,28555),(24,22952),(25,25165),(26,9111),(27,8783),(28,10895),(30,8015),(32,11506),(34,1288),(35,19944),(37,15818),(39,15035),(42,7328),(47,25877),(50,5156),(51,5264),(53,8028),(58,15925),(59,3588),(61,26976),(64,21695),(71,13062),(72,16334),(73,27917),(75,260),(76,24930),(77,24292),(78,4484),(79,25491),(80,24460),(81,22615),(82,28355),(83,664),(84,19640),(87,2233),(88,3618),(90,25611)]	81.628994
345	[(1,16656),(4,21667),(6,9953),(19,3344),(21,2030),(22,17384),(23,26899),(26,349),(27,7163),(31,26995),(32,15618),(35,22126),(48,19077),(52,15782),(53,9541),(55,253),(58,11786),(59,11495),(60,7007),(61,2502),(62,2367),(64,4928),(65,6316),(67,21292),(69,638),(70,19697),(73,4979),(77,13275),(80,19625),(81,19110),(84,6817),(85,22619),(86,19987),(88,5944),(91,20763)]	85.001106
346	[(1,10729),(2,27782),(3,23371),(5,11881),(6,279),(7,12227),(9,211),(11,1464),(13,5128),(14,18508),(17,28171),(18,17564),(20,16921),(21,22208),(22,16754),(23,23682),(24,12529),(25,9571),(26,8864),(28,20367),(29,1934),(30,21183),(31,15023),(32,28633),(33,852),(38,12332),(39,11637),(40,2617),(41,3171),(45,16531),(46,28434),(47,24349),(49,21625),(50,17530),(54,21005),(55,21726),(56,6193),(57,22816),(60,4426),(61,2872),(63,23618),(64,20921),(65,11349),(67,5033),(68,18012),(69,28183),(74,23161),(75,17889),(76,26782),(79,2229),(81,14483),(82,2800),(83,4859),(84,22653),(85,22475),(86,8682),(88,10129),(90,12093)]	84.408695
347	[(1,3084),(2,5953),(4,643),(9,13829),(13,20237),(20,22908),(21,22776),(22,11145),(23,19986),(24,10281),(25,7863),(27,12178),(28,18632),(34,15347),(36,26344),(37,7923),(38,5716),(49,437),(52,9139),(54,26224),(56,2586),(57,28523),(60,4756),(63,2275),(75,4976),(76,25920),(84,24663),(86,8149),(88,6594),(91,27479),(92,12326)]	82.561184
348	[(1,24219),(3,14210),(4,15998),(6,5475),(7,11121),(9,12603),(10,28374),(13,28057),(14,13968),(15,17651),(16,5202),(19,24834),(20,23261),(22,672),(24,5136),(27,28530),(32,12990),(34,23946),(35,18119),(36,19628),(38,26120),(39,25075),(40,15950),(43,16858),(44,15380),(49,21574),(51,231),(53,1995),(56,13635),(60,12832),(63,24774),(64,7535),(66,21231),(70,25049),(71,26315),(72,15992),(74,8623),(77,15121),(79,28513),(80,5287),(81,15263),(82,24937),(84,15915),(87,26400),(88,2094),(89,22071),(90,9140),(91,22747)]	86.609920
349	[(1,4120),(3,12439),(4,3112),(12,4399),(13,19743),(15,24774),(17,19826),(18,11458),(22,15036),(23,6563),(24,7933),(26,4721),(28,7493),(29,7834),(33,18654),(34,11339),(35,16543),(36,1017),(37,4087),(39,18001),(44,23065),(45,2118),(46,26686),(47,4982),(50,55),(52,20883),(53,13950),(54,3067),(55,9831),(60,20250),(64,4620),(67,26435),(72,12441),(74,12769),(79,5270),(81,2015),(85,26210),(86,15958),(89,11692),(92,19582)]	87.584157
350	[(1,10299),(3,3536),(5,8603),(6,11212),(8,6182),(9,15752),(12,19446),(14,21857),(15,7483),(16,11527),(17,15551),(19,17422),(21,13799),(22,8928),(23,9005),(27,23006),(30,2486),(32,24280),(34,26379),(38,24820),(39,5506),(40,4934),(45,1766),(46,22488),(47,2491),(48,27918),(52,24625),(53,10769),(57,25150),(59,7710),(60,20405),(62,15247),(71,10492),(74,7004),(77,24755),(78,11275),(80,24316),(84,23012),(88,16548),(89,151)]	81.776856
351	[(0,8672),(2,17050),(3,8244),(5,9234),(6,21452),(12,16895),(13,12512),(14,8381),(19,24396),(20,27829),(21,5621),(24,26614),(26,5810),(30,26638),(32,20039),(33,13387),(34,14965),(38,23793),(41,26068),(42,11194),(43,21542),(44,26939),(46,14500),(48,27622),(51,23745),(53,28215),(59,19145),(60,6667),(63,3242),(66,20647),(72,14114),(73,7151),(75,3164),(77,12058),(79,2597),(82,2837),(88,13834),(91,1607)]	82.761468
352	[(2,15064),(3,10421),(4,7176),(7,2947),(12,16804),(13,16634),(15,16732),(16,12113),(17,4317),(20,15047),(21,2070),(24,19909),(28,13093),(30,7794),(32,22664),(33,3925),(42,15782),(43,26368),(48,27312),(52,25331),(54,26567),(55,16922),(57,11604),(59,26881),(61,21270),(62,5496),(63,8930),(64,6295),(66,1468),(69,10827),(71,20676),(74,26238),(75,22067),(77,5699),(79,22679),(80,26996),(81,2164),(82,19812),(85,17566),(89,10408),(90,14721)]	104.358301
353	[(1,16103),(6,699),(7,17977),(8,18990),(10,9086),(13,10196),(15,24049),(17,14686),(22,15423),(23,23915),(24,9316),(26,12766),(27,1286),(33,11493),(34,22534),(38,714),(44,19384),(47,5623),(49,8620),(51,12916),(56,2317),(64,23690),(65,22711),(69,27978),(73,1008),(78,15030),(79,12804),(81,7414),(83,23313),(84,23002),(87,19124),(90,16440)]	83.755184
354	[(2,24023),(5,1881),(7,15897),(8,25253),(11,2391),(13,25897),(17,19714),(18,1123),(22,643),(24,22353),(25,6287),(29,22996),(31,20055),(36,11559),(37,808),(38,702),(39,14712),(43,1461),(45,307),(48,9815),(49,9293),(50,15699),(52,10878),(53,24768),(68,8423),(70,14597),(71,26198),(72,8884),(78,25120),(79,3070),(81,20856),(82,16495),(83,17589),(86,5361),(88,17933)]	79.825254
355	[(0,25663),(2,24636),(4,22802),(7,1528),(8,6747),(9,6101),(10,14349),(11,9591),(12,10296),(13,14783),(15,22100),(17,27639),(19,2765),(21,12919),(23,686),(29,27448),(30,24451),(35,2192),(41,14053),(43,23788),(46,9024),(48,27851),(49,28383),(50,26773),(53,25021),(55,3206),(59,16675),(60,10775),(62,21192),(63,11255),(70,23050),(71,24326),(72,24623),(74,25469),(77,27027),(80,20955),(81,24317),(83,26348),(85,5457),(87,14248)]	89.245905
356	[(1,2396),(3,12531),(5,27743),(17,17751),(19,10847),(23,6877),(24,26461),(25,25517),(26,5270),(27,17102),(28,3866),(30,14154),(32,4492),(35,23398),(40,6466),(41,28664),(42,24175),(44,22601),(45,2897),(47,20299),(48,8275),(50,7664),(51,3123),(53,25288),(55,21118),(59,14978),(60,8264),(61,14256),(62,21847),(64,22356),(65,24647),(72,24477),(75,3021),(81,28445),(82,3477),(84,21867),(85,5708),(87,14355),(89,5598),(92,5746)]	80.969051
357	[(0,20962),(6,16659),(7,7213),(13,16139),(16,4204),(20,11016),(21,11532),(22,16524),(24,15052),(27,5358),(31,12348),(33,10041),(37,12496),(39,2810),(44,10514),(45,16939),(49,5209),(53,8239),(55,27596),(56,7134),(58,16142),(59,26398),(61,5546),(62,21497),(65,6464),(71,20078),(74,14702),(75,19674),(77,18597),(78,8165),(80,4571),(81,16256),(82,17800),(86,25961),(90,12897)]	83.497261
358	[(1,4669),(2,20947),(4,11671),(6,18954),(8,6303),(9,5106),(12,18853),(15,13854),(17,3643),(18,7222),(21,8037),(24,24738),(25,10074),(26,14726),(29,14361),(30,21199),(36,18177),(38,3819),(43,21495),(44,21604),(45,6178),(46,16040),(52,27185),(53,9542),(54,3991),(58,3863),(60,27497),(62,24396),(63,16614),(67,21799),(68,23537),(75,8499),(76,19109),(77,28668),(79,15164),(84,961),(86,675),(87,3036),(90,5119),(91,24267)]	85.661930
359	[(0,28243),(1,10070),(3,22784),(4,5619),(6,2055),(8,18458),(12,3142),(13,1879),(15,12495),(16,7832),(20,18640),(22,11667),(23,6365),(24,23250),(27,2595),(30,8125),(31,27396),(36,13373),(42,14880),(44,11043),(46,24324),(49,5615),(51,26791),(52,28095),(53,5045),(55,10149),(58,17261),(63,14112),(64,27227),(66,17283),(68,27224),(69,5627),(70,257),(72,2994),(74,249),(76,8258),(78,21376),(79,10938),(87,3080),(90,8672),(91,14549),(92,10087)]	86.297800
360	[(0,14820),(4,26405),(6,529),(7,24558),(8,20074),(9,13531),(10,17410),(11,9659),(13,25537),(14,16064),(16,9062),(19,4813),(21,17309),(23,8481),(24,2431),(25,23695),(30,7462),(31,234),(32,26153),(35,10106),(36,23779),(38,8345),(40,27767),(43,25217),(45,24807),(52,3892),(53,14147),(54,21679),(56,21334),(59,28613),(60,8431),(61,11639),(62,13854),(64,28469),(65,26125),(67,21851),(69,19117),(70,27104),(77,1434),(78,9087),(79,5564),(81,23703),(82,23841),(83,163),(85,21689),(87,3998),(89,10832),(91,15727),(92,7717)]	82.855695
361	[(0,24240),(6,13089),(9,23001),(10,5891),(11,22642),(12,28671),(14,884),(16,26139),(18,9692),(26,18814),(28,1415),(31,10624),(32,15903),(33,8739),(36,5193),(39,3474),(40,11557),(43,21558),(48,12758),(49,11798),(50,3168),(53,10470),(56,17340),(59,2871),(60,20969),(61,10223),(62,12062),(65,15394),(68,12682),(69,1170),(70,1656),(71,6202),(72,8011),(74,20813),(75,6406),(81,23063),(85,12156),(87,5550),(88,26518),(92,12360)]	80.397823
362	[(1,9064),(3,5921),(4,25394),(9,26807),(11,9480),(12,22647),(15,17521),(17,25629),(21,829),(28,28071),(31,4104),(32,6564),(33,3804),(35,7680),(36,24967),(37,9895),(40,6274),(42,7000),(43,9251),(44,26462),(46,2300),(50,8188),(51,16535),(52,23274),(53,11336),(54,7722),(56,12382),(57,28506),(59,1862),(61,20467),(62,17137),(65,13417),(67,383),(69,21669),(70,5675),(71,27400),(72,7866),(74,25859),(75,120),(78,24893),(79,24125),(83,17607),(85,1405),(86,12073),(89,17913)]	81.167441
363	[(1,20821),(2,18873),(3,11958),(4,6244),(6,7246),(7,12474),(12,21480),(13,26940),(14,17068),(15,7402),(16,6175),(17,488),(19,8172),(26,12448),(27,19426),(28,28023),(31,17148),(32,23483),(35,9998),(36,20983),(38,17277),(45,20697),(48,17919),(49,12929),(50,28415),(52,3429),(57,5105),(59,9261),(60,20030),(61,8321),(62,2992),(63,9186),(64,19931),(68,17966),(71,23079),(78,22717),(83,7380),(84,12038),(85,15678),(86,19733),(87,22105),(89,8612),(91,8510)]	81.089526
364	[(0,15311),(2,6094),(3,5436),(7,10607),(8,23387),(9,18180),(10,13276),(11,10873),(12,18298),(14,7575),(16,8048),(18,27749),(19,22938),(22,6755),(26,26918),(29,4970),(30,17963),(32,4591),(33,22304),(37,5510),(38,26625),(41,23661),(46,18654),(47,11339),(51,21208),(53,2415),(54,6200),(55,17630),(56,17637),(58,4076),(60,14578),(62,26796),(63,1972),(64,14543),(68,22383),(70,15135),(71,25122),(75,14980),(77,1167),(78,20070),(79,2912),(81,2956)]	85.045289
365	[(0,16613),(1,3234),(5,19772),(6,13728),(12,1239),(18,2564),(19,27620),(23,15795),(25,26747),(30,18233),(32,8304),(33,6821),(34,19081),(36,697),(39,13835),(44,17604),(45,9815),(46,9293),(49,21115),(51,13832),(53,28634),(55,17472),(59,19312),(60,4620),(61,21511),(63,22601),(65,26898),(70,10119),(73,27926),(74,14638),(77,13657),(80,13918),(85,9530),(86,6501),(88,23988)]	96.107195
366	[(1,431),(9,24383),(11,3789),(12,10994),(13,12639),(14,6796),(15,4615),(18,13396),(19,7390),(21,21233),(22,11545),(26,7891),(32,23990),(34,10135),(35,12270),(36,14476),(40,1735),(42,20177),(45,26683),(48,11947),(51,27264),(52,13687),(58,6297),(60,20441),(61,827),(66,3139),(71,7079),(72,14938),(73,5056),(75,9759),(77,15242),(78,27259),(79,1867),(82,220),(86,12442),(87,10711),(88,316),(89,2189),(90,6901)]	82.372348
367	[(0,4659),(1,25925),(3,17350),(4,654),(12,11265),(13,18628),(15,1409),(17,15759),(18,16017),(19,24967),(21,28082),(22,24057),(27,1843),(29,10353),(30,18050),(31,21738),(35,6293),(39,9850),(40,26508),(43,17407),(48,14817),(50,19393),(51,16677),(61,2077),(63,8320),(64,3064),(67,28261),(69,27964),(73,1748),(77,20984),(79,11267),(86,25493),(89,18655),(91,17334),(92,19476)]	95.369215
368	[(0,5128),(1,18508),(6,6690),(7,9122),(8,4212),(9,24165),(12,13915),(17,8505),(18,12135),(19,24309),(20,23120),(23,12969),(24,25268),(26,14666),(28,11222),(30,8987),(31,8387),(36,14334),(37,27577),(38,3575),(41,16860),(42,3507),(46,925),(49,21485),(50,10540),(51,10887),(53,20710),(55,10578),(56,9322),(57,5087),(58,17213),(59,21017),(61,20621),(69,22249),(72,28397),(77,26084),(78,10287),(80,10100),(82,2430),(85,18495),(88,21078),(90,1573),(92,9288)]	82.967227
369	[(1,23143),(3,16055),(4,13937),(6,8554),(7,28431),(9,1805),(11,5194),(12,21209),(14,19195),(17,16106),(19,3740),(20,1762),(22,26761),(23,27126),(25,24805),(27,5986),(29,2470),(30,4874),(32,24425),(33,201),(34,25170),(37,14701),(38,25540),(41,2984),(43,1589),(44,20797),(47,23298),(49,5417),(50,8942),(51,10864),(52,17583),(53,5525),(55,4290),(61,21689),(63,4129),(65,14364),(67,20468),(69,5550),(73,10472),(74,7068),(77,14888),(81,12220),(84,26711),(85,18301),(86,12622),(88,12508),(92,15115)]	81.524550
370	[(0,109),(2,18163),(3,13322),(6,25979),(9,18951),(10,21117),(11,18712),(13,8090),(14,22745),(16,6636),(17,25293),(18,3439),(21,23351),(22,698),(23,19462),(25,4345),(26,26025),(27,27526),(32,625),(37,22947),(38,18675),(39,4973),(40,13840),(42,23889),(48,8591),(49,9432),(51,9902),(52,13166),(56,7627),(58,14463),(59,18243),(62,8499),(66,23794),(67,24716),(70,24131),(71,2319),(73,2178),(74,28415),(76,16914),(77,15645),(79,19862),(80,25048),(83,1996),(84,25004),(87,23517),(92,24733)]	80.732773
371	[(0,3980),(1,24150),(2,8713),(3,4241),(4,27950),(5,5427),(8,22846),(9,13230),(14,19536),(16,8595),(18,9018),(19,19347),(25,1784),(27,2759),(28,25130),(32,10022),(33,10369),(35,3807),(38,6421),(42,14483),(48,17460),(54,18353),(55,16071),(56,6226),(57,19266),(60,4324),(61,9171),(66,14372),(68,4414),(69,11703),(70,13216),(72,11595),(79,13416),(80,11374),(85,20926),(86,23573),(90,16350)]	83.120992
372	[(0,11802),(2,7333),(3,19757),(4,19622),(7,7049),(10,15345),(15,18293),(17,7317),(19,21206),(21,4925),(25,26841),(30,3716),(34,2385),(35,7977),(36,20680),(38,27335),(40,28446),(41,19322),(42,22809),(43,25886),(46,2494),(49,7175),(56,26847),(57,16839),(59,16467),(62,23065),(65,27815),(67,22316),(68,19652),(69,26762),(77,5202),(78,2024),(81,10714),(82,1552),(83,8941),(87,821),(90,28555),(91,17335)]	82.582977
373	[(0,1118),(1,27144),(9,19848),(15,23579),(18,26267),(20,27466),(21,18104),(23,26171),(27,11959),(28,14333),(34,7978),(38,18496),(39,7174),(40,2573),(41,6144),(44,17442),(45,18383),(48,18468),(49,8766),(50,3329),(51,4658),(53,15734),(55,4480),(56,10039),(57,5807),(58,21852),(59,15760),(63,6571),(64,4140),(65,294),(67,27646),(68,10337),(69,14120),(70,22240),(72,20951),(73,16025),(75,466),(81,20245),(87,27387),(88,24091),(91,16799),(92,23649)]	83.879772
374	[(5,5950),(9,18642),(10,18896),(11,12594),(12,26956),(16,10343),(18,22334),(22,4568),(26,28362),(28,11139),(29,1880),(30,449),(34,26857),(37,12190),(40,17927),(41,9469),(42,9655),(46,15341),(47,19168),(49,18367),(53,6491),(54,14124),(55,5641),(56,14787),(60,7011),(62,20156),(63,9146),(67,19886),(68,11614),(71,19777),(73,9876),(78,972),(80,4164),(81,24213),(82,4522),(84,13528),(85,3490),(88,8993),(89,11035),(91,4136)]	81.103084
375	[(1,25570),(3,3510),(8,10273),(11,27467),(12,23154),(13,4388),(15,5124),(17,253),(20,11523),(22,9910),(23,16334),(24,27917),(26,10295),(28,14496),(31,17268),(32,11970),(35,8187),(36,5381),(37,15425),(39,22945),(40,1960),(41,18993),(42,6782),(45,8736),(49,13297),(51,25722),(52,2799),(53,22020),(55,8315),(57,9774),(58,24842),(59,15324),(60,27663),(61,9359),(63,5159),(64,22382),(68,10914),(70,22295),(75,21348),(76,27124),(79,25370),(80,12936),(82,19143),(83,19853),(88,18496),(89,7174)]	83.902185
376	[(0,23285),(5,12976),(6,1498),(7,158),(8,6276),(9,11086),(10,23725),(12,19974),(13,16885),(14,13192),(24,14913),(25,28300),(27,23639),(32,21632),(33,15916),(36,3114),(40,20771),(41,27385),(42,22070),(43,20004),(45,13187),(46,16309),(50,17631),(52,24726),(53,25978),(54,27531),(55,4001),(56,2715),(61,3691),(63,10119),(65,8850),(69,14450),(74,15312),(77,2877),(81,12443),(82,2537),(83,834),(85,28082),(86,24057),(87,16416),(91,16982),(92,26169)]	81.217738
377	[(0,5255),(2,13444),(6,16727),(7,21729),(8,6709),(9,12305),(12,12259),(17,19562),(24,24452),(25,19032),(29,1222),(30,17762),(34,22702),(35,8039),(36,20754),(39,5601),(40,16434),(41,7753),(42,10996),(44,24607),(46,4652),(51,9185),(52,23195),(53,2433),(54,2256),(57,7177),(58,14641),(61,27715),(62,22384),(70,24452),(71,24097),(72,20567),(74,22886),(76,17547),(79,12026),(83,18554),(85,26816),(89,14635),(91,12876)]	100.010438
378	[(0,27074),(3,25667),(5,5127),(8,19936),(11,23087),(13,28152),(14,3502),(15,14683),(16,20586),(17,5063),(18,28128),(21,5848),(24,11868),(28,19029),(29,13091),(31,16204),(32,18942),(34,23179),(35,20439),(36,18336),(38,13680),(39,25284),(40,27795),(41,5722),(44,21285),(46,13246),(47,8468),(48,15449),(49,16999),(50,26680),(51,22696),(52,14888),(55,24148),(56,26449),(57,25076),(60,10203),(61,9941),(62,21890),(63,23045),(67,10441),(71,19757),(72,16092),(74,25115),(76,5986),(77,15600),(79,8052),(82,21182),(85,23439),(86,23258),(88,25238),(90,20656)]	87.003266
379	[(0,10651),(5,20865),(7,12415),(8,1328),(12,9083),(14,24810),(15,2682),(16,18165),(17,8594),(20,15684),(21,28597),(24,10677),(26,3574),(27,12371),(28,24028),(30,23132),(31,10951),(34,1154),(36,6543),(41,21864),(46,17567),(49,27989),(51,6249),(52,23333),(53,5567),(57,529),(58,24005),(59,5809),(63,17811),(66,3041),(69,7370),(74,16522),(75,6499),(76,13955),(80,15474),(81,20168),(82,20784),(83,20304),(86,13444),(90,3142),(91,1879)]	82.401920
380	[(2,8193),(3,19428),(6,3565),(10,26744),(14,2403),(16,3233),(19,9935),(20,21128),(22,4976),(24,11250),(31,19854),(36,4631),(39,17787),(44,514),(46,1092),(48,27736),(50,12901),(54,11382),(57,14685),(59,943),(60,18917),(62,3516),(63,2233),(65,11404),(68,23780),(72,2674),(73,26785),(74,26407),(75,28235),(76,22613),(77,15885),(82,9660),(84,4630),(87,15230),(88,17038),(90,20923)]	80.167439
381	[(2,14289),(5,2899),(6,27746),(12,25841),(15,11114),(16,3719),(17,406),(20,1841),(23,8743),(24,24181),(25,4490),(26,22734),(30,17952),(32,27568),(34,27637),(36,17535),(39,18263),(42,19682),(46,908),(47,24542),(50,25670),(51,20618),(52,14912),(53,2922),(54,13858),(56,25812),(59,5283),(61,6343),(64,4045),(66,27708),(68,24858),(73,1786),(78,2347),(79,27182),(81,17082),(83,18659),(85,1382),(87,10501),(88,22497),(90,17048)]	78.840733
382	[(1,21574),(3,19101),(5,7556),(8,20979),(10,12187),(12,24094),(15,3773),(16,17279),(19,27648),(25,10343),(27,9596),(30,20104),(31,17699),(32,10602),(35,3165),(39,20267),(40,15102),(41,11579),(47,2722),(48,21904),(49,2914),(50,26574),(52,21482),(53,2758),(55,13482),(56,7877),(57,6181),(61,21765),(65,18064),(67,11818),(74,24516),(75,24752),(78,6250),(79,24295),(80,18819),(82,5412),(83,18586),(85,11566),(90,24098),(91,9010)]	82.078079
383	[(0,20439),(2,711),(4,18300),(5,14466),(6,8267),(7,20043),(8,10541),(10,15407),(14,27757),(16,17504),(19,21810),(20,8300),(24,14952),(25,8372),(26,20799),(27,28373),(28,2493),(32,26930),(33,1416),(34,14622),(40,11786),(42,10104),(43,7202),(44,19901),(48,3507),(49,1397),(50,22509),(51,7123),(52,25944),(55,4715),(59,7994),(62,22402),(68,6527),(70,16128),(71,18726),(77,17318),(79,494),(80,28075),(81,25736),(83,12711),(85,22163),(86,12030),(87,1374),(88,1972),(89,18849),(91,9150),(92,154)]	79.630756
384	[(0,2063),(1,9481),(2,13452),(3,14782),(5,16678),(6,26173),(8,20108),(11,12754),(13,24510),(14,1810),(17,12216),(18,27222),(21,27196),(22,21964),(23,24014),(25,21537),(29,17725),(31,15989),(32,27917),(34,14951),(35,19637),(37,26544),(38,18595),(40,26706),(41,17782),(42,15765),(44,24612),(46,17742),(47,21692),(48,28486),(55,7387),(58,27486),(60,13623),(61,6027),(69,11557),(72,22998),(73,4507),(75,6989),(76,14990),(77,15832),(78,10322),(79,1057),(85,27316),(86,1761),(89,3672)]	80.929598
385	[(1,10934),(2,5420),(5,1718),(6,4633),(7,8190),(10,23174),(11,8684),(12,16463),(20,2377),(21,5452),(23,11360),(24,13300),(25,24303),(26,11634),(30,22763),(31,3915),(32,2978),(34,5828),(35,19744),(36,6453),(38,824),(40,10005),(44,5712),(48,20158),(49,2554),(50,24579),(60,11761),(62,10690),(63,7766),(67,168),(75,661),(76,15843),(77,5867),(80,8848),(84,25067),(85,5415),(87,26987),(89,13543),(90,1460),(92,12621)]	79.440208
386	[(5,5829),(10,19833),(11,22536),(12,14479),(14,23830),(15,8992),(17,14251),(20,23058),(21,25196),(22,20072),(23,16801),(24,5622),(31,11859),(32,9362),(37,16091),(50,22969),(52,4275),(58,15296),(60,19246),(63,7138),(64,8558),(65,11583),(66,16114),(67,21066),(71,13511),(72,6851),(73,3410),(74,27131),(78,24813),(79,20412),(82,23579),(83,26172),(84,11297),(85,11380),(87,12768),(91,4384)]	78.436996
387	[(0,4166),(2,28370),(4,25624),(8,5383),(9,23644),(11,10499),(13,28513),(14,15947),(16,212),(20,16981),(21,15059),(24,10935),(25,15921),(27,18624),(33,5846),(35,9412),(37,1888),(38,23879),(39,10813),(43,15565),(49,15265),(51,14775),(52,26853),(55,11989),(56,23529),(57,26025),(58,2963),(60,2279),(68,1084),(71,2030),(72,23729),(73,5456),(74,19712),(75,14285),(77,24603),(78,23413),(79,8881),(80,5535),(83,24215),(84,16395),(85,7455),(86,11219),(90,26852),(91,3562)]	78.338738
388	[(0,7369),(8,3559),(9,20000),(10,19271),(11,27839),(13,3143),(18,17534),(19,6178),(20,11302),(23,15702),(24,19361),(28,23184),(29,27121),(30,12153),(32,26545),(34,21165),(38,9828),(41,7637),(44,11087),(47,6643),(49,16422),(52,19349),(53,6919),(54,21255),(58,13520),(60,26405),(62,20418),(65,4375),(66,989),(68,12083),(69,22320),(71,19467),(72,16846),(74,19704),(76,18343),(77,9539),(79,19777),(81,13510),(83,3753),(84,25251),(85,13061),(86,6929),(90,6006)]	77.559141
389	[(2,6988),(6,28512),(7,15373),(9,24737),(12,19573),(13,14737),(17,2771),(19,2173),(23,14988),(25,5130),(27,14082),(29,17704),(32,10155),(33,14914),(35,4968),(37,24213),(39,21686),(43,16780),(49,18670),(50,21887),(51,9970),(52,14290),(53,10667),(58,17118),(59,21260),(60,26325),(62,28549),(63,23196),(65,26712),(66,25876),(68,7946),(74,10552),(75,27770),(76,20436),(77,9156),(83,19660),(85,16490),(86,9239)]	99.011700
390	[(1,9319),(2,14079),(3,2291),(4,21520),(6,16232),(9,24576),(10,15508),(12,12564),(16,649),(21,8080),(26,4530),(27,8091),(29,11431),(32,14145),(33,15784),(35,26130),(38,16781),(40,8575),(42,1139),(46,27351),(47,13318),(50,13854),(53,4253),(54,18060),(55,10390),(56,24903),(58,16470),(59,18660),(60,17944),(64,23113),(65,26785),(68,8442),(69,18725),(73,6294),(75,8198),(76,7403),(78,21631),(83,14197),(84,18298),(85,25268),(86,3065),(87,18426),(90,8662)]	79.660717
391	[(4,28718),(6,13716),(8,8085),(9,18769),(10,7396),(12,85),(13,13040),(14,24770),(15,20980),(16,2838),(18,22107),(19,12618),(21,21726),(22,28000),(28,1791),(29,22786),(30,10366),(32,20960),(34,11245),(37,7371),(38,24862),(39,5610),(41,10346),(44,5728),(45,25731),(48,3786),(50,21737),(51,2741),(52,8631),(53,3941),(54,461),(55,27056),(57,11711),(59,2537),(60,834),(61,5021),(62,7261),(63,24915),(67,16256),(69,2519),(73,17737),(82,15271),(85,15669),(87,24540),(88,12022),(92,26291)]	89.464415
392	[(1,5468),(2,24117),(4,8691),(5,5677),(7,866),(8,13593),(9,16742),(11,6820),(12,25558),(15,20740),(19,27303),(25,10791),(27,20803),(29,25824),(30,7791),(32,12133),(33,27915),(35,22272),(38,10071),(42,21803),(44,46),(46,11941),(47,11200),(48,24391),(49,27328),(50,9272),(53,10611),(55,15772),(57,22846),(59,16510),(60,8275),(63,6047),(64,8225),(65,16043),(66,7929),(68,3140),(70,24228),(74,4395),(76,18642),(78,23099),(79,5842),(80,8829),(83,24944),(84,2680),(86,23059),(87,2520),(88,28014),(90,28682),(92,18859)]	82.758703
393	[(0,5772),(5,22122),(8,5252),(9,19834),(12,25586),(14,28299),(15,22667),(23,14948),(26,7411),(28,21349),(31,28418),(33,5796),(34,6580),(37,5822),(39,23215),(41,10013),(43,1883),(48,9019),(52,12218),(55,6685),(57,26545),(60,24518),(62,4577),(65,17068),(68,14036),(69,10044),(72,16725),(74,18398),(75,5830),(78,8380),(86,7885),(88,7818),(90,26458)]	80.723635
394	[(0,16856),(1,6567),(2,7615),(3,27267),(4,25849),(7,9099),(11,9969),(12,26227),(17,24539),(18,11951),(22,11429),(23,8648),(25,2309),(26,21250),(28,7321),(29,23919),(30,12557),(33,26548),(36,2173),(46,25218),(47,5974),(48,23714),(52,24787),(54,10008),(55,9681),(58,23810),(63,14091),(64,8024),(65,23110),(67,14812),(69,24830),(70,10977),(71,26873),(77,5796),(78,7222),(82,6003),(84,8959),(86,2620)]	83.977127
395	[(1,8019),(2,10380),(4,27719),(5,3755),(6,13124),(9,9788),(11,2421),(13,21985),(19,23315),(24,3892),(26,5332),(27,16632),(28,22481),(33,2509),(34,18582),(36,9194),(37,13417),(38,26176),(40,2755),(41,5663),(45,21641),(46,6717),(47,21552),(52,3998),(53,26340),(55,19734),(56,23891),(57,17169),(58,16380),(59,26253),(62,416),(66,13015),(69,24701),(72,22447),(76,26248),(77,4930),(78,16067),(79,4592),(83,5264),(84,7619),(86,20632),(87,788)]	82.073305
396	[(3,4375),(6,18885),(7,4915),(9,21542),(10,17896),(12,28441),(13,399),(21,15250),(22,1042),(24,13672),(26,28305),(30,4757),(32,27826),(33,12912),(34,24559),(36,15325),(40,8754),(42,18900),(43,17697),(44,24437),(45,13087),(47,19132),(51,6827),(53,2799),(56,2261),(57,8299),(58,27468),(60,25262),(64,3194),(67,12643),(69,5474),(78,22347),(80,11781),(81,18445),(83,4780),(84,25816),(86,4236),(87,17267),(89,21401),(90,28276),(91,28655)]	89.861165
397	[(0,4743),(1,5000),(3,15226),(6,24925),(7,11338),(8,21933),(12,3499),(15,23014),(18,12587),(19,9512),(22,24499),(25,1297),(28,27109),(30,14072),(32,27524),(33,11690),(34,11775),(36,21037),(38,11880),(40,13652),(41,1804),(42,6894),(48,25631),(49,17065),(54,7197),(56,25831),(58,25271),(59,2590),(60,14297),(61,6292),(62,24741),(63,10562),(65,5519),(66,6604),(67,3150),(69,16690),(71,24568),(72,15221),(74,16716),(75,1132),(78,23984),(82,10055),(86,12716),(87,20140),(88,21611),(90,2999)]	92.689018
398	[(0,23773),(3,25475),(4,1193),(5,27209),(6,28038),(7,23687),(9,23943),(10,6207),(11,4407),(14,20079),(16,1802),(17,25307),(23,8113),(26,9729),(28,20777),(32,9184),(37,26526),(43,11597),(44,4112),(45,11507),(48,8584),(50,7593),(51,15786),(52,1873),(54,500),(55,13932),(58,19050),(59,24076),(61,26565),(62,28564),(65,28447),(67,14631),(68,18861),(77,6215),(79,9805),(81,6249),(82,23333),(83,28001),(85,25100),(88,7451),(90,28720),(91,18577),(92,18276)]	85.705173
399	[(3,5493),(4,18320),(5,22873),(9,22069),(13,22788),(14,662),(17,18137),(23,8779),(28,10654),(29,11984),(32,12558),(33,532),(36,22662),(39,9202),(41,45),(42,2629),(44,18317),(45,18629),(47,9122),(48,21987),(50,16236),(51,27529),(52,26226),(53,17751),(54,16361),(56,6224),(59,4126),(60,27919),(63,6779),(64,9979),(66,5546),(67,21497),(69,7946),(74,6876),(78,9105),(79,19254),(80,2538),(81,26459),(82,22048),(83,25737),(84,9408),(87,1005),(88,6480),(89,18021),(92,1648)]	86.017513
400	[(1,19541),(5,24499),(7,3083),(10,13711),(11,8449),(13,18082),(15,5736),(17,14677),(18,20905),(19,25290),(21,27672),(23,16261),(24,21268),(26,4789),(27,18725),(28,4306),(29,28517),(33,21584),(35,6984),(41,13524),(42,10814),(43,1854),(44,22635),(45,5646),(47,26783),(50,27943),(51,17133),(53,15513),(54,8103),(55,8745),(58,627),(59,13989),(62,2859),(66,5433),(68,21172),(70,18160),(71,10831),(72,26064),(76,13279),(78,18468),(79,20854),(81,12830),(83,17019),(84,24221),(91,6132)]	81.978643
401	[(2,8043),(3,2006),(6,7670),(9,1177),(11,13815),(12,7474),(13,23893),(14,10895),(16,2131),(17,22456),(19,23061),(20,12969),(23,26507),(24,13395),(28,17294),(29,23037),(30,9163),(32,21758),(33,22875),(34,26955),(39,15880),(40,21724),(42,27098),(47,5787),(48,14565),(49,23932),(51,12530),(54,4618),(55,18938),(57,26760),(58,14976),(59,1095),(60,24366),(61,13895),(62,15722),(66,718),(70,15662),(73,18599),(75,27161),(80,9951),(82,24079),(86,8152),(87,12225),(92,729)]	105.493351
402	[(0,17796),(1,22651),(2,28127),(5,17637),(6,2387),(14,18994),(20,19915),(23,8588),(24,17540),(25,7187),(27,23179),(33,21566),(34,21779),(35,21009),(36,14713),(37,15125),(40,22787),(41,27019),(43,10672),(44,25326),(50,4716),(51,26684),(52,3201),(54,16043),(61,18368),(65,2312),(66,5127),(70,4739),(71,24986),(72,7281),(74,12468),(75,26266),(76,13253),(79,22554),(80,14585),(81,24004),(82,12477),(84,18168),(85,15936),(87,26667),(88,24685),(89,19826),(90,11458),(91,10163),(92,22845)]	101.652838
403	[(1,11948),(2,27340),(4,21735),(5,2495),(6,19345),(9,7436),(10,20849),(13,15450),(14,23295),(15,2993),(20,15101),(21,11040),(23,8996),(25,27428),(30,27166),(32,17595),(33,15473),(40,6080),(42,13853),(44,25817),(45,22409),(46,19725),(47,3461),(48,28147),(49,2742),(54,18796),(58,2999),(59,15853),(63,25025),(64,2033),(65,27873),(66,6307),(69,911),(71,12438),(73,16425),(76,14900),(80,17866),(81,4432),(82,5614),(83,22192),(85,5499),(86,24721),(87,6702),(92,25569)]	84.249233
404	[(1,10830),(3,11969),(5,6248),(7,12059),(12,22121),(14,24359),(17,11062),(19,8364),(21,27979),(22,13092),(25,23236),(26,18404),(27,28170),(29,28147),(30,99),(32,163),(34,21689),(36,3998),(39,27928),(42,16738),(43,15814),(45,18323),(48,8693),(50,3916),(52,1742),(58,9959),(61,5536),(66,27603),(69,435),(70,21790),(73,24484),(74,20688),(76,19378),(77,12431),(78,8741),(80,11794),(85,23555),(86,22414),(88,2723),(90,16586),(92,2645)]	90.213667
405	[(1,23544),(2,21951),(5,25149),(9,17117),(11,17445),(20,4031),(21,16417),(22,21085),(24,8670),(30,864),(31,6397),(32,3415),(33,8737),(36,20295),(38,25799),(39,9949),(41,17403),(42,28018),(43,3020),(44,13807),(47,20222),(48,17851),(49,4176),(50,7722),(51,19065),(54,20911),(55,2885),(59,1359),(67,14990),(70,19413),(73,19267),(76,16762),(78,7908),(79,11611),(80,12423),(82,20599),(83,20470),(85,27539),(86,8143),(87,9326),(89,11373)]	89.572224
406	[(0,3872),(1,19319),(2,22583),(8,8729),(9,15729),(12,14121),(16,11640),(17,1719),(19,618),(20,22195),(22,22394),(26,14513),(27,27107),(36,25552),(38,5152),(40,9990),(47,19160),(49,25728),(50,10311),(52,872),(53,24744),(56,21636),(61,3099),(63,21165),(64,16130),(65,3503),(68,27806),(70,9146),(73,18561),(76,10040),(78,11900),(79,8780),(80,2558),(81,2094),(82,22071),(83,9140),(84,22747),(86,18616),(87,16500),(88,28287)]	82.533898
407	[(2,22374),(3,11836),(6,18077),(7,10324),(10,17506),(11,12085),(12,27869),(15,26351),(16,13421),(17,19950),(18,26051),(24,23198),(29,4640),(32,11108),(33,14723),(35,9590),(36,27642),(37,19200),(38,21537),(39,24000),(41,4307),(43,26335),(45,404),(46,28045),(49,9280),(50,11071),(52,6682),(53,10245),(56,15384),(58,19366),(60,18195),(63,14134),(68,19264),(71,24745),(72,14101),(77,22682),(79,26223),(84,14551),(85,22650),(87,18074),(88,21226),(89,9382),(92,13760)]	92.183820
408	[(3,19936),(4,23072),(7,18151),(8,6372),(9,22448),(14,10531),(15,11851),(16,8353),(17,22927),(18,15459),(21,11294),(22,7589),(23,1511),(27,5293),(32,16187),(34,5558),(38,11163),(40,20641),(41,22270),(45,13083),(46,13199),(47,10523),(48,7599),(52,27043),(53,7683),(57,15500),(58,27287),(61,10677),(65,27580),(66,10905),(67,28236),(68,21627),(70,5689),(71,9458),(72,11368),(73,2222),(74,6272),(79,11081),(83,16553),(86,12997)]	89.611130
409	[(2,10004),(4,5132),(5,14179),(8,28053),(9,9785),(11,12682),(12,10581),(13,17476),(14,20114),(19,28198),(22,18119),(25,15469),(27,23206),(28,25085),(29,7795),(36,1611),(39,18560),(40,8736),(43,10750),(44,16173),(45,27),(50,22397),(51,20714),(54,5465),(55,893),(56,2035),(58,19049),(61,20267),(63,20660),(67,16602),(70,938),(71,16706),(73,19656),(84,19794),(86,28235),(87,22613),(88,12858),(90,19978),(92,8685)]	81.411167
410	[(4,27629),(5,19066),(6,2308),(7,1807),(8,24935),(20,22916),(22,26530),(24,5955),(26,20080),(27,22349),(29,17333),(33,10964),(34,7563),(35,5162),(37,12441),(38,22234),(39,12970),(42,16825),(44,27846),(48,3581),(55,6549),(56,6796),(57,4615),(58,23957),(59,4684),(62,1686),(63,5368),(67,16914),(68,15645),(75,19880),(79,20784),(80,20304),(81,27324),(83,24406),(86,20296),(89,6056),(92,21977)]	84.525574
411	[(3,25436),(6,24909),(8,20530),(9,10538),(10,27218),(12,9065),(15,25856),(18,20792),(19,10695),(21,24634),(22,15691),(24,15763),(25,18821),(26,21442),(29,17456),(30,13687),(33,9589),(34,18287),(40,8800),(42,6612),(44,2020),(45,28313),(47,13438),(50,8289),(51,148),(52,20007),(53,25112),(55,18834),(56,24802),(57,12279),(58,19040),(63,19878),(66,14723),(69,8101),(71,12674),(73,23008),(75,9705),(76,27440),(77,4840),(78,26335),(79,14773),(81,20108),(85,18599),(88,10596)]	85.437811
412	[(0,3738),(1,13028),(2,6942),(3,11192),(4,22516),(9,12941),(11,7121),(16,8449),(18,6644),(22,26714),(24,3651),(29,20851),(31,18763),(32,2705),(35,25390),(38,1040),(49,578),(50,21531),(53,12698),(58,1978),(62,7136),(63,10985),(64,13661),(66,9294),(68,16811),(71,21697),(72,24237),(74,7269),(77,2784),(78,23586),(80,124),(81,13537),(84,8402),(87,8374),(88,5435),(89,20348),(90,4817)]	84.097751
413	[(0,11251),(3,25339),(4,26624),(6,18209),(8,3861),(10,12757),(13,24373),(15,20151),(17,19246),(18,8479),(20,23698),(22,7266),(24,13121),(25,27450),(26,5006),(27,26148),(31,2643),(33,19896),(36,27626),(38,8535),(39,3198),(42,7511),(43,23287),(44,17531),(45,22760),(46,6551),(47,11353),(52,2868),(58,18724),(61,27177),(68,22476),(70,17242),(71,20752),(72,23259),(73,4351),(74,3717),(77,24802),(79,18256),(86,27898),(87,9453)]	116.024471
414	[(0,23588),(1,27636),(2,750),(6,16730),(8,22355),(9,21386),(13,21190),(15,2237),(18,6829),(19,16865),(21,27290),(22,25991),(23,26872),(24,22260),(26,2136),(34,20488),(36,7736),(37,4388),(38,16702),(39,14603),(40,1902),(42,5597),(44,5075),(46,11866),(50,6869),(51,25714),(53,16898),(54,10033),(57,2011),(59,12069),(61,23793),(63,10530),(64,10701),(66,2135),(68,26839),(70,25762),(71,8965),(73,1362),(76,12803),(78,7286),(80,10558),(82,5585),(85,23764),(86,12650),(87,24420),(88,15955),(91,9957)]	85.255547
415	[(0,20948),(4,18711),(5,11166),(6,22854),(10,14630),(12,10361),(13,19532),(17,19455),(18,14473),(21,2319),(23,2386),(27,23963),(29,19813),(35,26984),(37,14550),(41,27592),(42,25687),(44,11791),(45,13868),(46,15791),(47,4680),(48,3693),(49,12577),(52,985),(53,12060),(55,16787),(57,8111),(58,27831),(59,9206),(60,22224),(61,21816),(62,4674),(63,8643),(64,25640),(72,4324),(74,21622),(78,24663),(80,505),(81,5376),(82,8117),(83,2804),(84,3963),(86,21862),(89,25488)]	82.078469
416	[(0,23393),(1,23176),(5,20406),(6,6177),(10,23188),(12,26508),(15,27190),(17,15453),(18,1728),(20,1637),(21,18953),(22,17926),(23,14277),(25,7486),(26,6286),(27,4669),(28,10150),(30,12419),(32,12340),(35,16699),(36,20860),(40,1121),(41,26637),(43,22895),(45,27719),(47,13029),(51,3505),(53,11278),(56,951),(59,5422),(61,7464),(62,22608),(63,9766),(68,20751),(71,11072),(77,17892),(80,21811),(83,11078),(84,22055),(87,9353),(88,15525)]	83.803916
417	[(0,12044),(1,20762),(3,6091),(4,1684),(5,26838),(10,112),(12,23618),(13,17832),(15,27045),(19,13397),(20,22620),(24,7977),(25,20680),(26,14528),(27,23233),(28,19786),(29,5072),(31,18031),(32,11976),(34,9778),(36,1558),(38,3769),(40,23712),(41,23731),(42,20812),(43,1346),(44,1077),(45,28366),(46,18777),(48,27391),(50,28194),(54,9526),(56,9619),(57,6427),(58,12926),(59,4376),(66,28687),(67,9358),(70,19654),(71,15592),(76,25082),(77,26288),(78,209),(82,8539),(87,22340),(88,12935),(89,21158),(90,3718),(91,17804)]	83.557833
418	[(1,11983),(2,26531),(4,23786),(5,8724),(6,19011),(8,28675),(10,23854),(13,19213),(14,27241),(18,26718),(19,20683),(21,612),(25,22745),(28,17455),(29,26479),(31,15403),(33,23154),(36,15838),(37,21227),(39,14822),(40,22400),(41,8390),(44,23167),(45,13988),(47,14618),(48,1065),(52,267),(57,5366),(58,26216),(62,5935),(64,2045),(65,4748),(66,1021),(69,2642),(73,16938),(75,20461),(76,16484),(79,14123),(81,25077),(82,22004),(85,2584),(86,15428),(90,14830),(91,28614)]	81.383416
419	[(0,13959),(1,14319),(2,24063),(3,6625),(4,11568),(6,14528),(7,23233),(9,12168),(10,15653),(12,21361),(14,12802),(15,26725),(17,5939),(20,24904),(22,10609),(25,8582),(26,7022),(27,17599),(30,25384),(31,12121),(32,16479),(34,22503),(35,10273),(36,10094),(37,14941),(38,6742),(40,15063),(42,8796),(43,24208),(44,26409),(49,12251),(50,4259),(51,27949),(55,1707),(56,23458),(57,16799),(59,1892),(61,4330),(65,9878),(68,9236),(71,21998),(75,3398),(76,4807),(78,8154),(79,18475),(80,13298),(81,221),(83,14259),(86,25996),(87,11670),(92,23382)]	82.115263
420	[(1,16685),(3,24990),(4,19165),(6,15747),(14,6731),(15,9272),(17,17404),(19,22910),(20,2677),(21,3707),(25,10918),(26,646),(27,26202),(28,734),(29,17240),(30,26311),(32,23463),(33,22583),(34,22584),(36,4176),(40,16890),(43,25996),(47,24767),(50,5059),(53,7638),(54,13053),(56,23601),(57,8451),(61,11045),(62,8516),(63,24091),(70,9624),(71,16902),(75,27565),(76,23118),(78,18028),(79,1569),(81,25476),(82,28671),(84,25737),(85,14712),(86,22287),(89,26619)]	83.964831
421	[(0,1808),(2,12831),(3,12166),(5,2897),(8,9720),(13,9416),(15,15659),(17,15794),(18,11288),(19,27688),(20,21638),(23,21953),(24,816),(26,15577),(27,566),(29,8581),(31,6955),(32,8924),(40,21124),(43,6153),(44,22460),(45,16515),(46,23860),(50,11037),(56,27316),(57,1761),(59,11917),(64,28592),(65,12784),(68,242),(72,19531),(74,26138),(77,18881),(79,21486),(82,27832),(83,12418),(88,17475),(90,12392)]	81.975239
422	[(0,17302),(3,4216),(6,20104),(7,4080),(10,28087),(12,4433),(16,378),(17,5090),(19,1425),(21,27109),(23,1302),(24,12918),(26,10292),(27,14979),(31,8904),(32,4531),(36,25046),(37,7139),(42,23509),(43,3984),(51,20540),(54,867),(55,4143),(59,10648),(61,92),(63,14936),(64,25100),(66,12886),(72,12165),(73,15),(76,26599),(78,5634),(82,391),(86,22540),(87,23294),(90,22899),(92,8557)]	84.299335
423	[(0,25368),(1,25358),(2,25896),(5,7260),(6,26353),(8,4856),(10,2027),(11,26391),(16,16343),(18,22801),(21,9170),(22,1455),(23,6147),(28,1076),(29,25439),(30,5360),(31,983),(33,17132),(34,17554),(37,2598),(38,11265),(40,17002),(42,12578),(44,24034),(48,20810),(51,19957),(52,23206),(53,6540),(54,22185),(55,3350),(56,13643),(58,10746),(59,6870),(60,19319),(61,22583),(62,13927),(63,3302),(64,22156),(65,24418),(67,22774),(68,12869),(70,16527),(72,8545),(73,8109),(75,1542),(77,2590),(78,7750),(80,15130),(81,8297),(82,5132),(83,28522),(86,10617),(87,2862)]	84.088200
424	[(4,18316),(5,5510),(8,7158),(13,6487),(15,25449),(16,573),(18,16696),(19,4919),(23,26451),(26,12954),(28,22757),(29,21848),(30,6114),(32,23556),(34,22541),(36,6542),(42,5522),(45,2483),(49,4237),(50,9977),(54,24061),(55,14884),(61,17785),(64,1989),(65,5533),(66,13340),(70,18435),(72,10620),(73,5718),(75,24596),(76,14977),(77,12503),(78,23819),(80,23710),(87,14757),(92,12449)]	86.962051
425	[(0,9790),(2,28179),(4,11162),(8,8812),(12,9518),(13,7187),(14,23884),(15,24047),(17,22701),(25,20545),(26,10480),(28,16864),(29,22462),(30,25703),(32,24064),(33,10573),(37,27681),(40,2260),(46,15853),(54,1668),(55,19807),(56,26817),(58,28393),(60,21073),(61,5593),(69,10803),(72,22523),(73,27322),(77,4066),(79,11094),(80,8108),(81,13733),(84,318),(85,20510),(87,12446),(88,8189),(91,17175)]	109.243276
426	[(2,24838),(3,21078),(5,16157),(7,7677),(8,18618),(14,6727),(15,8050),(16,17922),(19,12883),(21,12184),(22,17131),(23,19326),(24,23266),(25,10622),(28,27925),(30,24900),(36,26737),(38,16029),(41,18446),(42,3535),(43,2496),(45,13329),(46,9478),(49,8298),(50,16544),(52,18375),(53,5816),(54,5499),(56,8685),(60,27783),(61,10053),(65,12606),(66,2425),(68,17643),(69,19893),(70,5749),(71,23509),(72,7790),(74,10082),(75,3614),(76,13522),(77,2446),(80,11435),(86,15215),(88,11415)]	88.156353
427	[(0,986),(3,10073),(6,26184),(7,12916),(8,3481),(11,17406),(13,1134),(19,14626),(20,13243),(22,4591),(24,19769),(25,15824),(27,159),(32,6153),(36,4829),(37,9316),(38,4499),(39,5458),(40,3322),(41,17612),(42,12834),(48,4647),(49,15659),(51,9658),(52,26478),(53,21309),(56,24713),(63,11959),(65,20577),(66,25817),(67,6949),(69,7394),(72,2686),(73,21517),(74,25579),(75,14616),(79,7946),(83,6483),(87,12390),(89,6190),(92,9738)]	79.797829
428	[(0,26135),(1,11420),(4,26715),(7,21376),(8,2145),(11,4767),(17,20002),(18,7203),(19,23272),(20,22674),(23,106),(26,25470),(28,15852),(29,16206),(30,11278),(44,20338),(46,17027),(47,10254),(52,3096),(53,4960),(54,13654),(63,7912),(64,26050),(67,17470),(68,21072),(71,22627),(73,27136),(74,25377),(75,5915),(78,5393),(84,3037),(85,15553),(86,15405),(87,15804),(89,26928),(91,27686),(92,1031)]	85.419727
429	[(1,19817),(4,12050),(5,19062),(7,1170),(8,1656),(9,18285),(10,27733),(12,3769),(14,19522),(15,15653),(18,2990),(19,4981),(22,11050),(26,22505),(32,5610),(33,21406),(34,6445),(38,20017),(40,21309),(43,3004),(44,19525),(50,11416),(51,18845),(52,23062),(57,16186),(61,11265),(63,17002),(64,5815),(65,27706),(68,17442),(77,21777),(81,4644),(82,27956),(83,8090),(84,859),(85,24493),(86,7306),(87,6659),(88,10602),(89,17257),(90,18863),(91,13893)]	87.719207
430	[(1,925),(4,11663),(5,869),(8,21253),(11,5260),(13,10090),(14,18948),(15,12920),(17,20529),(20,13589),(21,12854),(24,20060),(25,1614),(29,11726),(31,19049),(33,18950),(36,9373),(38,4041),(39,16093),(40,3998),(42,19064),(44,2457),(45,7575),(49,25436),(50,7674),(52,12921),(55,24232),(56,21085),(58,8670),(62,318),(69,10189),(70,9927),(72,3508),(74,4511),(75,10946),(77,23166),(79,17757),(88,17005),(90,10021)]	85.595625
431	[(0,4232),(1,4230),(3,21155),(4,22608),(8,5765),(10,27374),(12,26175),(15,6042),(16,935),(17,25272),(21,24701),(23,24908),(28,7385),(29,25346),(32,21592),(35,14207),(37,17241),(38,9074),(39,27790),(43,27305),(48,20450),(57,6289),(63,2585),(64,3236),(66,387),(69,22599),(71,3530),(73,23199),(76,11803),(77,986),(78,19079),(80,11574),(83,21058),(85,26688),(86,28519),(90,6431)]	86.802694
432	[(1,11565),(3,14935),(4,27470),(7,26324),(8,19981),(9,18738),(10,25485),(11,21515),(12,22884),(16,16240),(18,5746),(19,6141),(20,2634),(22,14620),(24,22664),(26,6490),(30,25333),(31,13301),(34,18294),(38,12260),(39,4557),(42,17851),(43,13830),(45,5996),(49,1285),(52,26295),(53,4058),(54,1732),(56,6326),(58,442),(61,3896),(63,3579),(70,26522),(71,27658),(73,2088),(74,1870),(75,27714),(76,26343),(81,6602),(83,10852),(86,8445),(88,1454)]	84.392091
433	[(1,14051),(2,8663),(4,11563),(5,21242),(6,19728),(7,16256),(9,2519),(10,25630),(11,24366),(16,12888),(19,18384),(21,25895),(25,13913),(26,16924),(37,15839),(38,615),(39,1550),(45,1554),(47,2394),(49,16090),(50,3945),(52,19591),(53,9853),(55,2264),(56,3833),(59,8702),(65,4081),(73,552),(75,24168),(79,15951),(81,11051),(84,1165),(85,181),(89,19909)]	79.957862
434	[(0,11680),(1,674),(3,25773),(4,3183),(5,1962),(8,22975),(11,10094),(12,4960),(16,4549),(20,504),(23,8637),(24,26086),(28,9955),(29,24893),(30,24125),(31,9085),(34,2107),(35,5975),(38,17693),(39,7800),(40,27149),(41,10491),(43,24291),(46,17924),(47,7840),(50,22945),(51,5417),(52,8942),(53,10864),(54,17583),(55,5525),(56,15426),(59,23840),(64,1974),(65,22635),(68,23469),(71,23899),(72,5628),(74,10884),(75,23617),(76,7544),(77,18202),(79,1807),(81,2007),(83,325),(86,19691),(90,27824),(91,11147)]	79.576378
435	[(0,2001),(3,26378),(4,16319),(5,10068),(6,25572),(7,15860),(8,28314),(9,5762),(15,14010),(17,10969),(19,15358),(20,9164),(21,22996),(22,26724),(24,12903),(28,2531),(29,13396),(38,4334),(40,26932),(43,7938),(45,20038),(46,7065),(47,5113),(49,10056),(54,3623),(55,15298),(56,24191),(57,21902),(58,24206),(59,12942),(63,3403),(64,8793),(66,23827),(69,18968),(70,27716),(76,11557),(79,16258),(80,19276),(81,6555),(85,186),(87,9227),(88,18297),(92,18879)]	85.879377
436	[(0,22599),(1,24919),(4,16850),(6,1846),(8,1751),(9,4933),(10,15305),(11,18006),(12,22127),(14,16246),(15,4788),(17,10738),(19,5615),(20,20065),(23,4926),(24,3712),(26,21074),(28,13590),(30,9505),(35,18366),(37,19082),(45,3174),(54,20744),(55,6346),(57,19392),(64,11832),(66,28586),(72,14456),(74,6244),(75,10076),(78,10443),(81,12323),(82,21978),(89,8901),(90,5662),(92,17266)]	78.785333
437	[(7,1955),(8,18918),(9,12421),(10,13124),(11,24222),(16,13046),(17,8121),(18,20678),(19,26038),(23,18832),(24,19361),(26,17228),(28,23077),(29,20300),(32,10028),(38,24518),(40,16118),(43,354),(44,21333),(50,11383),(52,13652),(53,8599),(58,23833),(60,6652),(65,4414),(66,11346),(67,6613),(70,9995),(71,16090),(72,942),(73,7747),(75,26700),(76,18843),(79,25748),(83,11924),(86,3925),(87,10784),(88,12541),(91,22960)]	109.492486
438	[(1,15257),(2,16237),(4,374),(8,25024),(9,21156),(14,22959),(16,26040),(17,9472),(18,8346),(20,28359),(22,15423),(26,11319),(27,25064),(28,18817),(30,7487),(31,24401),(34,16242),(37,13479),(42,13272),(44,17432),(46,22531),(47,15498),(49,13113),(50,25663),(51,20661),(52,18893),(53,20320),(58,4988),(59,18770),(61,7585),(63,23578),(65,20889),(66,2633),(67,6409),(69,28018),(71,25460),(75,27375),(76,19910),(77,12143),(79,2346),(80,19245),(81,5099),(82,22794),(83,4315),(84,19392),(91,10884),(92,23617)]	84.634639
439	[(7,10342),(8,27545),(9,8483),(10,23377),(11,27462),(13,22637),(15,4464),(18,1476),(19,1499),(21,23632),(22,15021),(23,15474),(24,20168),(28,7251),(29,7018),(30,27647),(31,7707),(32,27559),(33,21994),(35,8025),(40,9379),(42,16935),(44,25680),(50,18617),(52,15856),(54,10838),(55,21621),(56,23944),(59,16015),(62,13819),(66,26479),(68,13831),(69,26072),(71,27163),(72,11167),(76,1769),(77,1702),(79,15118),(80,19699),(81,25205),(84,3522),(85,17814),(86,1873),(87,26802),(88,23235)]	80.879876
440	[(0,16811),(4,12641),(8,27775),(10,18714),(11,963),(12,10567),(14,9176),(15,8186),(19,12457),(21,256),(23,10890),(24,26015),(25,2573),(26,19048),(27,8016),(29,12279),(31,10188),(34,8108),(38,1403),(41,12994),(44,9532),(45,6944),(46,16219),(48,3539),(49,16105),(51,25509),(52,25107),(56,3377),(58,19561),(59,857),(60,878),(62,27752),(68,4896),(69,24445),(70,13182),(71,8000),(73,12102),(76,19239),(85,20827),(86,27481),(87,5134)]	82.154212
441	[(0,24884),(1,1605),(2,2326),(3,7719),(4,25298),(6,26836),(9,23043),(10,9663),(11,26078),(15,28605),(18,22564),(27,3887),(28,16550),(31,9763),(32,11075),(34,11224),(35,2556),(37,16363),(38,11181),(39,6856),(40,24002),(42,20760),(48,4606),(50,25755),(55,16609),(56,23300),(58,3937),(59,25061),(60,7794),(62,13031),(63,23345),(64,2067),(66,6542),(71,7177),(72,14641),(79,9404),(82,10061),(84,10116),(86,11362),(87,23437),(90,18633),(91,24223)]	84.284486
442	[(3,1991),(4,10112),(5,24512),(6,19737),(7,13971),(8,13381),(11,17525),(12,23482),(13,10231),(15,8643),(17,14941),(18,6199),(21,24064),(22,10573),(25,7574),(26,26006),(28,24194),(29,20855),(30,15658),(37,8675),(42,13210),(49,3722),(50,15831),(52,13597),(54,7629),(55,22309),(58,24495),(59,388),(61,19064),(62,27568),(65,24289),(66,16345),(71,583),(72,14681),(74,4263),(75,7338),(82,5520),(88,26426)]	83.352453
443	[(0,24512),(1,17072),(10,19628),(11,13769),(14,3560),(16,14316),(17,6187),(20,3782),(21,14993),(23,27139),(24,27583),(29,5984),(35,2190),(41,3439),(42,17012),(44,81),(45,27774),(46,14852),(50,11269),(55,14466),(56,8267),(57,20043),(64,11379),(65,27844),(71,23294),(72,17064),(74,22867),(76,21129),(78,15288),(79,15987),(81,24028),(83,14434),(87,21967),(92,15315)]	82.193660
444	[(0,3413),(1,28211),(4,5866),(5,27276),(6,18556),(7,1153),(10,24488),(11,10060),(16,23543),(17,28402),(20,14528),(21,4350),(23,23442),(28,11933),(30,16767),(31,27661),(32,26679),(33,5442),(35,18631),(37,4192),(39,3897),(41,5917),(43,11873),(45,12657),(47,24681),(49,3248),(50,10044),(51,19611),(52,27420),(53,8617),(55,24770),(56,3444),(61,8031),(65,7606),(68,24409),(70,4594),(72,3827),(74,28672),(82,13549),(83,15263),(84,24937),(86,15915),(87,5339),(92,20403)]	82.797364
445	[(1,10780),(2,8957),(5,2883),(6,6770),(7,3562),(8,12917),(13,3684),(14,13202),(15,9490),(17,15549),(22,17011),(24,8895),(25,20206),(27,19052),(29,19100),(33,20834),(35,7364),(37,23178),(38,16511),(39,27816),(47,2536),(48,8858),(49,2209),(53,19789),(54,8991),(56,11736),(62,14455),(63,20759),(67,15859),(69,5089),(71,23464),(75,5500),(76,2165),(81,18634),(83,18570),(84,21249),(85,8359),(89,25579)]	82.372146
446	[(0,6807),(6,7124),(7,22178),(10,25615),(11,13307),(12,11094),(13,15576),(14,15235),(17,21284),(18,28645),(22,8576),(23,21142),(27,7347),(28,3817),(29,20193),(34,14937),(39,13452),(40,19691),(41,9623),(42,122),(46,2927),(47,17609),(51,26224),(54,3951),(55,25204),(57,16992),(58,13612),(59,14861),(60,7084),(61,22495),(62,21708),(63,9922),(66,10468),(67,14529),(68,5370),(72,7875),(74,26579),(83,5304),(89,18162),(91,27548),(92,19694)]	82.479709
447	[(2,26510),(4,2427),(6,26815),(8,21963),(9,11755),(11,24138),(12,12162),(14,19379),(16,10451),(19,2163),(20,4976),(21,25920),(25,28305),(26,26041),(29,3485),(30,25620),(32,5646),(33,1248),(34,20529),(35,21925),(36,6067),(39,13725),(41,9612),(42,12937),(44,901),(45,17159),(47,1307),(48,2703),(50,21032),(53,20783),(57,3178),(58,22576),(60,3224),(61,2940),(62,25043),(63,8646),(64,6331),(65,26761),(68,6255),(70,27474),(71,11550),(78,9121),(79,25548),(84,3040),(87,25203),(89,21421),(91,27731),(92,7497)]	85.158773
448	[(0,1959),(2,12654),(3,5119),(6,21282),(13,16205),(14,19794),(17,22515),(21,15871),(22,19803),(23,14933),(24,26272),(25,10207),(27,26031),(28,20820),(31,2912),(32,13646),(33,4722),(34,18981),(39,15544),(40,5894),(42,6594),(46,11953),(47,11754),(48,6337),(55,3862),(56,19308),(59,8542),(61,12056),(64,8717),(66,14599),(69,18297),(71,2886),(72,19917),(74,22184),(80,7393),(82,6707),(83,9466),(85,12311),(86,28516),(88,3029),(91,23680),(92,1383)]	84.414900
449	[(0,6277),(2,16270),(3,8588),(4,17540),(7,4253),(10,8708),(11,6565),(12,1734),(14,12054),(15,25147),(17,10343),(21,28664),(22,24175),(23,8429),(25,89),(26,4566),(32,12938),(35,27342),(36,20626),(40,16878),(41,17743),(42,7163),(47,2690),(49,2752),(51,7686),(53,27883),(56,15285),(57,24169),(59,21037),(65,12987),(66,21560),(67,5529),(69,11469),(70,11174),(71,11752),(77,9572),(78,10492),(80,1930),(83,26703),(86,7017),(89,18778)]	117.621724
450	[(1,16829),(3,21598),(4,22520),(5,17491),(7,4430),(9,14676),(10,22398),(11,1538),(12,7176),(18,6251),(20,11422),(21,22165),(23,18502),(25,27456),(26,7424),(30,14307),(31,4655),(34,22834),(36,17228),(37,22584),(39,13830),(40,7734),(43,2883),(47,28669),(51,844),(53,2165),(55,4051),(56,17278),(57,2887),(58,7444),(60,15107),(66,14026),(67,7716),(68,23479),(72,8803),(74,19415),(79,9617),(81,13585),(85,24674),(88,9215),(91,4907)]	80.447403
451	[(0,19820),(2,1757),(3,10781),(13,1692),(16,17719),(18,22877),(19,14152),(24,13240),(25,21017),(26,16601),(27,2076),(28,27325),(30,19048),(31,8016),(34,26377),(37,28319),(40,5422),(42,7464),(43,23266),(47,4183),(48,5211),(49,12669),(52,27391),(56,5181),(57,21385),(58,16815),(59,12264),(63,17062),(68,26535),(69,13055),(70,7192),(72,5285),(73,12961),(74,4883),(75,3592),(76,22099),(77,21569),(79,28687),(80,9358),(81,26526),(82,27243),(83,225),(84,3406),(86,25732),(90,12251),(92,10935)]	82.295947
452	[(3,11837),(5,19808),(6,19740),(8,22315),(9,11975),(15,13007),(16,5711),(17,25581),(19,13333),(23,20877),(29,13606),(31,5765),(33,26350),(37,10355),(40,21811),(42,25516),(43,15190),(45,5688),(53,1645),(55,2150),(56,570),(57,12866),(58,4454),(59,25484),(60,26386),(61,994),(62,8798),(63,17206),(64,3847),(68,2805),(72,6789),(75,7588),(79,19795),(81,3670),(83,21628),(84,9929),(88,12982),(91,23965)]	82.079187
453	[(0,25625),(1,16827),(2,9865),(3,14491),(4,6794),(7,10264),(8,25822),(9,15285),(10,24169),(11,4521),(14,17828),(20,11726),(21,3215),(22,7237),(23,9445),(26,12143),(28,2346),(31,16923),(32,7526),(37,9040),(40,27136),(41,25377),(42,5915),(43,19136),(44,1377),(50,13371),(54,5293),(55,6083),(56,22870),(60,891),(61,23799),(64,6510),(67,23016),(68,407),(69,12702),(70,25794),(72,11660),(74,27483),(75,25299),(80,7429),(81,13636),(82,16067),(83,4592),(84,15329),(86,7236),(88,5372)]	82.554462
454	[(0,7251),(1,7018),(2,6158),(5,1637),(6,13355),(7,12513),(8,25474),(10,6672),(13,8681),(15,15448),(16,25234),(17,8139),(20,17205),(24,13797),(25,23248),(29,27763),(30,24918),(31,4794),(32,20090),(33,27209),(36,4762),(40,21928),(41,2069),(42,9023),(43,8364),(48,15907),(51,18642),(53,18908),(55,6118),(58,19975),(59,1530),(61,8097),(64,14069),(66,21651),(72,6972),(76,721),(81,18533),(83,22666),(86,9007),(88,20338)]	83.879054
455	[(0,242),(5,3084),(6,6722),(9,14770),(10,22283),(11,22141),(12,18043),(16,776),(17,11417),(19,13886),(20,14551),(22,5265),(27,1492),(36,25586),(38,19636),(45,7820),(47,12487),(49,7596),(51,18063),(52,24144),(53,16860),(54,3507),(55,17460),(58,21865),(66,5777),(67,10002),(70,11921),(72,16720),(73,15501),(78,22590),(79,14558),(80,19215),(82,3092),(83,1969),(84,1294),(86,9415),(87,26764),(89,27926),(91,3510)]	80.007969
456	[(0,21463),(1,19405),(2,23811),(4,20652),(7,16779),(12,28259),(16,11054),(18,2310),(19,21582),(23,10315),(26,7829),(27,26705),(30,17741),(34,12907),(36,23842),(37,7557),(38,11670),(40,914),(44,8328),(47,6571),(50,18642),(51,21853),(52,15020),(55,20136),(57,14911),(60,12832),(61,389),(62,16320),(64,23003),(65,23505),(68,18313),(71,1542),(74,13329),(75,17870),(76,19284),(80,13376),(83,10437),(84,17198),(85,10034),(87,4905),(88,16424),(91,17181)]	80.531681
457	[(2,6663),(5,3932),(6,11723),(7,25996),(10,12445),(12,21400),(15,24342),(17,8057),(20,1188),(21,26046),(22,18114),(24,12388),(25,2183),(26,3682),(27,24850),(30,14609),(31,16707),(33,27559),(34,7911),(40,6582),(42,3411),(43,7977),(45,19765),(47,9519),(51,4029),(54,14226),(55,14971),(56,15314),(60,10648),(62,92),(64,14936),(65,25100),(66,17387),(69,6951),(71,6757),(73,27849),(74,8735),(75,20552),(80,14768),(82,4576),(90,2787)]	80.597820
458	[(1,2662),(2,5464),(8,18048),(11,21861),(12,2016),(13,21133),(15,27803),(17,2197),(20,19309),(21,11894),(23,6135),(25,18620),(29,14202),(33,10800),(34,21455),(35,6823),(37,28363),(41,15999),(44,23250),(46,18568),(47,28240),(51,9170),(55,5077),(56,21008),(57,27220),(59,14849),(60,11201),(61,21777),(62,740),(63,8208),(65,3122),(66,2675),(67,15955),(74,17958),(75,2742),(76,24969),(78,86),(79,9987),(85,7892),(87,16031),(88,23131),(89,17242),(90,15866),(91,20708)]	77.526453
459	[(0,10089),(1,11980),(2,11347),(4,11946),(11,5938),(13,26287),(15,4735),(20,6115),(23,28456),(28,22622),(29,19693),(36,9951),(38,18775),(44,18506),(50,9334),(54,21783),(56,22773),(58,25890),(59,6598),(69,28647),(70,11759),(71,18350),(72,23744),(74,2816),(77,24469),(78,13969),(83,5855),(84,762),(85,27642),(86,16881),(87,7177),(88,14641),(91,2849),(92,5719)]	126.349483
460	[(1,16394),(4,20206),(9,14357),(12,19372),(13,14801),(14,3120),(19,6619),(20,17191),(21,15073),(23,6186),(25,15040),(26,7958),(29,15367),(31,25051),(33,19560),(35,6028),(36,27807),(42,7682),(43,5741),(45,14131),(46,12095),(51,8645),(52,13063),(58,26064),(62,19659),(63,15840),(66,15056),(68,7761),(70,5323),(71,14075),(75,6418),(78,7525),(80,24779),(83,12797),(89,7112),(92,18042)]	199.765979
461	[(0,24643),(2,23389),(4,7623),(6,11174),(7,2134),(8,12379),(10,21833),(15,17572),(18,2705),(19,24395),(21,7336),(25,25349),(27,26452),(29,26453),(30,20942),(31,11031),(32,27985),(35,24710),(38,22333),(45,18058),(46,3726),(51,2276),(52,8674),(54,18279),(55,19376),(57,15746),(58,17945),(60,21278),(63,11241),(64,19097),(65,3364),(69,8282),(70,2257),(73,5963),(74,26337),(75,20797),(76,6912),(78,7628),(79,16512),(80,14588),(81,26317),(82,12456),(86,26267),(91,27059),(92,9242)]	177.466707
462	[(8,24032),(11,20664),(12,12350),(14,2505),(15,15563),(17,17425),(18,16227),(19,2881),(21,21400),(24,26395),(25,24102),(26,5901),(28,8293),(30,2825),(33,18543),(34,4579),(39,16739),(53,17495),(54,10691),(55,19177),(56,25620),(57,19215),(61,2304),(66,17296),(69,20104),(70,17195),(71,14034),(72,5882),(73,21917),(74,25778),(75,23561),(76,5441),(78,8178),(80,22557),(82,28450),(83,9888),(91,18024),(92,1395)]	172.775961
463	[(1,3766),(5,17130),(8,28449),(11,9258),(16,10156),(18,24007),(21,4832),(22,18832),(25,3355),(26,15656),(28,13788),(30,10834),(32,1491),(33,9684),(34,19327),(37,19880),(39,26387),(40,6269),(41,17757),(45,13246),(46,3416),(49,5639),(50,21578),(53,9593),(54,15397),(56,16273),(60,16947),(65,20718),(67,7254),(68,14324),(71,26257),(73,14056),(74,5386),(75,14047),(76,20433),(79,2108),(81,21745),(83,10827),(87,8071),(91,11226)]	168.273891
464	[(0,6579),(2,11830),(3,21868),(6,23926),(8,27625),(10,9060),(15,25492),(17,8151),(18,7453),(20,3302),(21,22156),(23,6965),(24,4153),(26,538),(32,14124),(33,10979),(34,13426),(39,9325),(41,15782),(42,9118),(45,13712),(46,2835),(48,21706),(52,442),(53,4684),(54,20512),(56,22979),(58,6925),(61,470),(64,21825),(70,9702),(74,10802),(75,17092),(77,617),(80,6438),(82,5555),(84,26254),(89,26557),(91,27499)]	162.535201
465	[(5,1245),(6,17515),(7,3904),(8,25300),(9,3876),(12,13446),(13,26435),(15,17244),(16,21671),(18,18289),(19,26546),(20,7047),(24,22236),(27,24075),(28,21289),(29,20262),(30,4346),(31,3368),(33,1618),(34,26211),(37,14246),(38,22377),(40,17438),(42,21374),(43,6791),(44,2097),(46,3540),(49,23532),(52,25399),(56,20565),(60,7472),(61,6998),(67,16962),(69,22599),(70,27654),(72,9189),(74,7033),(75,28648),(79,20611),(80,5248),(85,17674),(86,12177),(87,15466),(89,16094),(90,10812)]	164.919631
466	[(5,10329),(9,2313),(12,14176),(14,9822),(19,1651),(21,5871),(25,26280),(28,4681),(29,16208),(30,4716),(31,19140),(33,23638),(35,10831),(38,17214),(41,1259),(42,23867),(45,15659),(46,4827),(48,10301),(52,3165),(55,11380),(58,23523),(59,5999),(62,18154),(64,11948),(65,3354),(67,7758),(71,5027),(72,23193),(73,2986),(74,138),(76,24185),(78,22221),(79,27693),(84,19448),(87,3679)]	168.077242
467	[(4,22572),(6,7685),(9,12395),(11,13385),(13,27048),(16,9306),(18,10908),(21,24040),(22,21014),(30,15470),(37,14826),(38,11684),(39,5016),(40,23028),(43,12188),(47,22914),(50,10826),(51,7827),(52,11799),(55,4889),(56,22570),(57,20028),(58,28347),(62,23094),(64,25908),(65,16222),(66,23728),(69,24138),(70,12162),(71,27852),(78,2722),(79,21904),(83,25841),(86,10914),(89,13840),(90,13701),(91,14313),(92,22905)]	195.282943
468	[(0,22136),(3,25655),(4,18891),(5,22018),(7,24953),(10,27342),(14,11198),(16,16557),(20,24507),(21,23934),(22,23972),(23,14220),(25,11484),(26,1989),(27,18680),(28,14699),(31,25237),(33,21346),(35,6865),(36,8352),(37,3113),(38,11994),(45,15341),(46,19168),(47,12681),(50,11010),(53,17851),(54,16104),(55,8250),(58,21098),(60,15977),(61,20435),(62,9793),(63,3365),(65,19735),(66,2822),(69,4472),(71,2421),(72,2766),(73,12647),(74,18579),(77,11366),(78,5254),(81,26903),(82,22014),(88,22548),(89,22208),(92,1957)]	177.230877
469	[(5,14273),(6,1062),(8,26505),(12,11958),(13,9603),(14,18540),(18,12204),(21,18298),(24,4707),(25,4280),(26,21792),(27,3296),(31,22069),(33,19011),(35,3766),(39,12909),(42,26937),(44,26301),(47,22096),(48,18267),(53,6775),(54,28117),(57,21633),(59,6518),(64,951),(67,16769),(68,22665),(71,18820),(75,6679),(80,14308),(82,4862),(88,13153)]	163.608450
470	[(0,26500),(3,12142),(8,28400),(9,24730),(13,15278),(16,15942),(17,11588),(18,8309),(19,20524),(20,24442),(22,21121),(23,10272),(24,2966),(29,28144),(34,5054),(39,13773),(40,1134),(41,15637),(42,6982),(43,1096),(44,12189),(48,28253),(49,12915),(50,14497),(52,23225),(53,6666),(54,14291),(55,9220),(57,6957),(61,328),(67,3906),(68,7372),(69,8446),(70,12401),(71,3597),(76,3540),(78,27144),(82,23328),(83,13187),(84,16309),(85,8662),(86,27241),(88,14499),(89,1340),(92,9568)]	156.191455
471	[(2,17584),(3,3032),(4,16683),(5,23186),(6,14919),(9,1949),(13,22758),(14,1509),(15,22554),(16,17426),(20,17546),(22,28555),(23,26236),(25,23278),(26,4210),(29,11840),(35,16582),(36,3074),(38,26382),(40,17240),(42,9808),(43,25233),(45,4827),(46,14561),(52,23385),(53,25259),(57,366),(59,18526),(60,16963),(63,2176),(64,20541),(66,20214),(71,15624),(72,23432),(73,21922),(74,16627),(80,20763),(82,22499),(83,7404),(86,3242),(89,8612),(91,27807),(92,18230)]	169.323702
472	[(0,19587),(5,10247),(7,12481),(8,22782),(10,21341),(11,2841),(13,27074),(14,27003),(22,3314),(24,28027),(26,27143),(29,21959),(32,10969),(33,8286),(34,8336),(35,26560),(37,24646),(39,25581),(41,13333),(42,13296),(43,5101),(45,19534),(46,24277),(48,14459),(51,6081),(54,18201),(56,2781),(57,12319),(63,4276),(66,24671),(68,26778),(69,23220),(73,15104),(76,17534),(77,6178),(78,16040),(81,6235),(83,6708),(86,18064),(89,3464)]	178.382185
473	[(2,7955),(6,24357),(7,27749),(8,10425),(11,4383),(12,17759),(13,11535),(15,1043),(17,1350),(18,14764),(20,2293),(21,19200),(22,21537),(24,25344),(25,507),(26,18444),(27,7314),(28,2247),(29,13023),(35,3508),(40,27496),(41,24600),(42,26477),(52,12309),(56,282),(58,1344),(60,12276),(61,10429),(62,11620),(64,11530),(66,4556),(67,6818),(69,11962),(70,5063),(71,5332),(72,12859),(73,18459),(74,12889),(75,19687),(76,18362),(77,24880),(80,19579),(82,6596),(83,22756),(85,9889),(88,745),(90,1725),(91,24976)]	184.367317
474	[(0,5396),(1,18688),(8,26913),(11,23868),(13,11719),(14,14251),(17,8481),(19,26678),(29,6647),(33,15790),(34,3364),(38,15793),(41,14633),(44,21224),(45,16053),(46,13610),(47,9198),(49,17528),(52,20299),(60,9307),(62,22488),(63,20530),(72,4080),(75,20964),(84,14489),(86,3438),(87,24302),(89,21241)]	169.281589
475	[(2,3009),(6,18736),(8,15683),(10,26739),(13,8540),(14,7366),(16,20034),(18,18535),(19,27418),(20,4134),(21,8543),(22,3375),(27,5418),(29,4683),(34,4695),(35,3979),(36,21624),(40,12898),(43,27735),(47,4189),(49,549),(53,8923),(55,14297),(57,12742),(59,7871),(60,16623),(61,1518),(63,21609),(80,24410),(82,17077),(87,26372),(88,736),(89,10678),(90,27125),(92,9677)]	162.187034
476	[(0,27535),(1,3179),(13,13911),(14,20245),(16,51),(20,10551),(23,18063),(24,24144),(25,16860),(30,26856),(31,650),(32,12059),(37,26722),(43,25913),(44,8459),(46,27773),(47,10247),(48,15170),(53,17638),(55,4680),(56,3693),(59,25830),(66,6715),(67,1924),(69,28500),(71,27650),(72,23481),(73,2130),(74,7458),(75,23711),(78,7367),(80,787),(82,28194),(83,16182),(85,17876),(86,11097),(89,2807),(91,18575)]	177.609997
477	[(1,22194),(2,10708),(4,23280),(6,17898),(7,17776),(8,17686),(9,2240),(11,6785),(13,25227),(15,22324),(16,24789),(18,17638),(21,22069),(23,14121),(25,22376),(31,6050),(34,13343),(38,19039),(40,12532),(42,2606),(43,20980),(46,15757),(50,7362),(51,4518),(53,21077),(54,2864),(56,6881),(57,16230),(58,27707),(59,27242),(60,6932),(63,23277),(64,24624),(69,6702),(72,16211),(73,28624),(75,3588),(77,21554),(78,8117),(79,2804),(80,9181),(83,18423),(87,11633),(89,27455)]	179.216334
478	[(5,18872),(6,6981),(7,24897),(10,8741),(16,5061),(18,11656),(19,24282),(20,10839),(21,11725),(25,8942),(28,21737),(29,817),(33,9109),(38,17358),(39,22375),(41,21930),(43,10024),(44,11856),(46,114),(47,7205),(49,18174),(51,16951),(58,20626),(59,8998),(61,20159),(62,25301),(66,2665),(69,7288),(71,26228),(72,18148),(74,21864),(76,23953),(78,8843),(82,14054),(85,27679),(86,25412),(89,2686),(90,10074),(91,10006)]	192.783542
479	[(1,26146),(3,24314),(5,13553),(6,3758),(8,2140),(11,15227),(13,10315),(14,1605),(16,24904),(17,5823),(18,14739),(20,24771),(22,12198),(24,7392),(26,19316),(27,4629),(28,27252),(30,11225),(31,18056),(34,5885),(35,14227),(36,1524),(37,18322),(38,17484),(41,15685),(42,1139),(43,210),(50,26847),(56,26346),(58,7156),(59,15545),(60,23586),(61,20170),(63,28582),(64,13383),(70,346),(71,13985),(73,504),(80,16003),(81,18171),(83,26436),(86,21985),(88,20094),(89,7719),(90,25298),(92,26836)]	219.148075
480	[(4,28595),(5,21778),(6,28639),(7,6201),(10,9168),(11,24332),(12,8107),(13,3276),(14,415),(15,23063),(16,369),(21,28255),(23,21899),(27,10343),(30,24485),(31,3297),(34,6418),(35,28396),(36,4116),(37,7383),(38,23709),(40,5909),(42,916),(43,6532),(45,8939),(48,27420),(49,11643),(52,5003),(57,8075),(58,4225),(60,16991),(62,8187),(67,9788),(69,11609),(71,10584),(72,4876),(76,24626),(77,22907),(78,8917),(79,5045),(80,11977),(81,14177),(86,12855),(87,23599),(88,13351),(90,21483)]	132.402209
481	[(0,11119),(1,5877),(2,20402),(13,16005),(14,27752),(15,27381),(16,26969),(18,22498),(20,23963),(25,1077),(31,7034),(32,10950),(36,23590),(38,15930),(41,877),(42,16306),(44,2576),(46,21480),(47,17150),(51,18924),(52,9689),(54,16744),(59,2974),(61,21628),(62,9929),(63,3715),(64,28108),(65,10147),(66,27838),(69,16300),(71,28378),(78,10023),(81,7045),(84,2523),(86,9211),(87,9414),(91,25627)]	86.368921
482	[(4,1556),(5,2040),(8,28227),(12,3597),(15,12487),(16,4823),(18,19542),(22,28312),(24,21951),(33,6053),(38,6123),(40,4127),(42,27248),(44,12734),(45,15593),(47,8964),(50,4595),(51,1739),(53,17553),(55,15141),(56,13135),(60,18099),(61,2958),(62,21172),(64,18160),(65,7510),(66,27734),(68,12255),(70,9169),(71,574),(75,12860),(76,6137),(77,13584),(78,11725),(80,24874),(81,19403),(82,13073),(87,5159),(92,5385)]	81.699410
483	[(0,546),(1,13427),(2,14994),(4,7054),(6,17346),(12,8106),(13,24036),(16,1446),(19,23253),(21,12601),(22,18565),(23,22580),(24,13791),(25,5410),(26,5295),(27,8311),(29,11409),(30,19126),(33,3449),(34,26675),(37,26441),(40,27271),(41,21843),(44,15461),(46,28183),(50,2004),(51,15695),(52,25335),(53,6077),(54,12685),(55,1500),(56,17966),(58,6220),(62,18493),(63,4645),(65,26960),(66,11291),(67,24629),(71,18927),(72,27817),(74,4224),(75,12794),(76,27992),(77,5972),(78,23716),(80,20166),(83,24436),(86,13824),(87,22529),(89,4921)]	84.603499
484	[(0,2451),(7,17253),(8,2699),(9,19358),(12,24702),(13,20359),(18,11699),(20,24070),(25,28231),(26,10062),(27,136),(29,17813),(30,23876),(31,21984),(34,2354),(35,6481),(36,19386),(37,16399),(42,6920),(44,832),(47,2159),(48,23060),(49,23612),(52,18214),(53,13835),(56,22666),(58,25539),(59,26090),(60,20796),(62,1487),(63,20367),(70,27787),(73,13493),(78,19730),(79,16524),(82,21644),(85,11249),(86,26496),(87,5231),(92,23352)]	83.615072
485	[(2,25380),(4,19933),(5,14266),(10,13431),(12,13565),(14,27768),(15,4720),(19,18747),(21,24415),(23,1250),(27,4833),(28,16059),(29,6051),(31,5225),(32,21255),(33,6381),(35,13555),(37,7478),(38,7692),(41,975),(42,20828),(44,16231),(45,13508),(46,15152),(49,20425),(50,231),(51,8669),(52,24771),(53,4800),(55,26201),(56,12664),(59,27172),(62,4007),(64,2970),(65,24639),(68,19323),(70,20272),(72,2809),(73,2743),(75,3796),(76,5042),(77,3561),(79,2185),(82,16323),(84,27598),(85,24007)]	91.590416
486	[(0,15632),(1,25595),(2,14888),(3,8078),(4,22027),(10,17340),(11,1187),(15,23470),(18,16487),(19,17743),(20,2949),(26,20354),(30,7006),(31,18110),(32,21449),(33,3522),(34,11843),(36,13545),(37,25675),(39,28109),(40,22817),(44,20549),(46,22569),(50,18595),(52,24775),(55,264),(56,24432),(57,16331),(60,11818),(61,19744),(62,6453),(63,26775),(65,13196),(68,27225),(69,3434),(71,10819),(72,28190),(75,11035),(77,19477),(79,11),(80,4925),(82,15173),(84,16212),(87,12973),(92,7731)]	87.411866
487	[(0,2528),(2,3301),(5,8541),(7,7409),(12,5254),(16,1222),(17,17762),(18,20983),(20,9732),(21,20073),(22,17367),(23,10731),(24,11087),(25,4096),(26,12600),(32,21074),(33,10588),(34,9100),(39,7395),(41,5641),(50,988),(51,8534),(53,24049),(54,3277),(55,27004),(56,15492),(57,12489),(60,24755),(61,11412),(62,11755),(63,2225),(66,7976),(69,12037),(70,23069),(71,13193),(74,23004),(76,28713),(77,23846),(78,5055),(79,9674),(81,8848),(85,12184),(86,17131),(87,19326),(89,26251),(92,26056)]	82.658740
488	[(0,14357),(7,24904),(8,5823),(11,17485),(13,6208),(15,7151),(17,3164),(18,4761),(21,7272),(23,1070),(29,5225),(30,2247),(31,14656),(32,23609),(33,24497),(37,7571),(38,11470),(43,28409),(45,24814),(46,1474),(49,16513),(55,8274),(58,20323),(60,17880),(61,28150),(67,6929),(71,7316),(73,8482),(77,6750),(79,15516),(80,3399),(82,6827),(84,28098),(88,4712),(91,7082)]	81.789009
489	[(0,15840),(1,24153),(3,7411),(5,27352),(9,23183),(12,13129),(14,4263),(18,20199),(19,1639),(25,2976),(26,132),(30,18231),(31,16418),(32,4636),(36,18527),(38,15887),(39,14531),(40,9666),(42,23307),(44,28254),(45,12522),(47,4954),(52,23621),(53,25759),(57,7906),(58,6646),(59,21881),(62,28383),(64,14915),(69,13929),(70,3994),(74,27814),(76,19146),(84,28605),(86,17213),(87,2667),(89,15624),(90,304),(92,9551)]	80.059477
490	[(3,7075),(4,16425),(5,19015),(6,16317),(7,2206),(10,1800),(12,12780),(17,5526),(19,21825),(21,10599),(22,25877),(24,20405),(25,20044),(26,10774),(27,24299),(31,10980),(33,26719),(35,16975),(37,22140),(40,28071),(42,1007),(43,25067),(44,8652),(45,21432),(47,2533),(48,9789),(53,18201),(54,792),(55,1703),(56,10078),(57,8684),(58,1806),(59,21418),(61,561),(63,28379),(65,23415),(67,28363),(68,18262),(71,14540),(73,27112),(74,19765),(75,17179),(80,6611),(82,16561),(83,2200),(85,6981),(86,24897),(91,21741)]	110.299483
491	[(1,6651),(3,3280),(7,24377),(9,8810),(12,11347),(18,2750),(22,12907),(25,12184),(30,8418),(31,26004),(32,18929),(33,12074),(35,15202),(36,3696),(37,2119),(38,5351),(39,22955),(42,8157),(44,26652),(45,15584),(48,2415),(49,6200),(55,23989),(56,9563),(59,15316),(60,10947),(62,7965),(66,13533),(67,21496),(71,2687),(72,21908),(73,15317),(75,1283),(76,24511),(77,13591),(79,6679),(81,17127),(84,11668),(87,14836),(89,9750),(90,26332),(92,1700)]	82.035834
492	[(1,26266),(2,13253),(5,16305),(10,19763),(11,2861),(12,11427),(15,2689),(17,21695),(19,4841),(21,17321),(23,22504),(26,307),(27,8734),(28,7967),(32,27402),(34,2311),(36,10143),(41,21132),(43,17032),(45,18977),(47,22215),(49,9959),(52,25420),(54,12686),(55,2744),(58,9572),(59,10492),(62,11063),(63,20084),(66,20142),(77,1047),(83,20205),(85,11758),(90,27872),(92,4078)]	82.655107
493	[(2,7297),(3,7447),(4,7507),(6,28177),(7,1254),(9,4591),(10,14706),(13,2897),(14,21188),(15,15699),(21,13028),(23,601),(26,13703),(28,24702),(31,2429),(32,10040),(37,9327),(38,3894),(40,27078),(41,17995),(42,8490),(44,6544),(47,4676),(51,21328),(54,5390),(56,12448),(57,19426),(60,7907),(61,1986),(65,25111),(67,25171),(68,20213),(70,12913),(74,9606),(77,128),(79,6055),(82,22171),(84,907),(86,12966),(87,12117),(89,12950),(90,3844),(91,10513)]	81.026374
494	[(0,7123),(5,16617),(6,18832),(8,18508),(9,21183),(14,8614),(15,9880),(16,4212),(17,24165),(19,7121),(20,19175),(21,9537),(22,46),(23,947),(36,12419),(38,23512),(39,7322),(40,17015),(42,5159),(44,7241),(45,16990),(48,2119),(51,21193),(52,16102),(54,27463),(57,8622),(60,16669),(63,26168),(67,12632),(68,20262),(69,5643),(71,17336),(76,10627),(77,10445),(78,22523),(83,5522),(85,24194),(86,4367),(89,20709),(91,10823)]	82.290673
495	[(2,2613),(3,22660),(5,13623),(6,24211),(12,3264),(17,16426),(19,14485),(21,7186),(22,1737),(24,21964),(31,21091),(33,1717),(34,4195),(38,24927),(39,15076),(40,16573),(41,13414),(45,15094),(50,11932),(52,8614),(53,9880),(54,21987),(58,28208),(61,26848),(63,2624),(67,6275),(69,22918),(72,27412),(74,19833),(75,15955),(78,804),(81,28025),(82,19837),(83,10157),(87,2185),(88,13109),(89,28492)]	85.542475
496	[(1,12411),(7,11906),(9,27146),(10,13172),(16,5189),(20,3030),(21,25461),(22,2065),(23,22835),(26,27566),(28,28660),(29,28575),(31,4272),(32,4694),(33,25716),(42,20740),(43,23914),(47,27364),(49,22690),(51,22043),(54,20536),(57,26551),(58,14799),(59,8143),(61,28058),(63,2524),(66,11736),(71,13634),(74,21101),(75,8266),(77,2713),(80,17383),(82,23769),(83,8181),(86,23041),(89,17556)]	91.219367
497	[(1,23723),(3,1793),(4,3781),(6,6658),(7,20930),(8,61),(10,9251),(11,15484),(12,1817),(14,28541),(15,5915),(17,24970),(18,13679),(20,15651),(21,7843),(24,17798),(25,28348),(26,25150),(28,7710),(31,12731),(32,18431),(35,6319),(37,5504),(45,28280),(47,26443),(49,4296),(51,24357),(56,25212),(59,24079),(60,4649),(61,16429),(63,27282),(64,14051),(65,21715),(67,1607),(69,8739),(71,2710),(72,17744),(75,24867),(76,19634),(78,3500),(79,21198),(80,9124),(82,24617),(91,12341),(92,5279)]	86.438018
498	[(2,22953),(4,6397),(7,19458),(8,24739),(9,21215),(10,10051),(13,13567),(15,4696),(18,8856),(20,1362),(23,1273),(25,17232),(29,4843),(30,12914),(31,20634),(32,8614),(33,9880),(34,4212),(35,24165),(38,18811),(39,2728),(40,21264),(44,1647),(46,24839),(47,9433),(48,3409),(49,30),(50,16968),(53,18024),(54,1395),(55,16473),(56,24651),(57,8635),(58,22350),(64,26052),(67,26580),(70,4918),(73,1789),(75,11848),(76,18224),(84,20446),(85,5627),(87,17101),(90,11119),(91,5877)]	85.276418
499	[(0,4100),(3,26979),(4,11249),(5,19513),(7,9489),(15,27115),(16,12304),(17,10805),(19,4182),(23,5255),(24,22077),(25,20027),(26,10203),(27,17562),(29,16669),(32,18307),(33,22614),(37,14128),(44,23795),(49,27897),(51,17885),(52,23354),(54,19108),(55,24830),(57,3597),(60,20604),(64,22484),(69,21088),(70,743),(72,13080),(73,28313),(74,22977),(81,4600),(83,22175),(84,7083),(85,15755),(90,15913),(92,23023)]	88.779513
500	[(0,27414),(1,7734),(3,20846),(8,12080),(9,23906),(10,19944),(11,14253),(12,27880),(20,26527),(21,4930),(22,16067),(26,21828),(27,11879),(28,2002),(30,20190),(33,6624),(34,28470),(35,9906),(36,10642),(37,23910),(48,24943),(49,22616),(53,22380),(55,14584),(59,7128),(62,28309),(68,6115),(69,21763),(71,13026),(74,7345),(77,9687),(79,4959),(84,18509),(90,27299)]	88.505050
501	[(1,12783),(3,1272),(10,20390),(12,1187),(17,13866),(19,12563),(20,23705),(21,22157),(22,27128),(26,26319),(28,17015),(29,12547),(30,17048),(32,12307),(33,142),(35,16112),(37,16938),(43,12992),(45,7703),(49,9654),(56,2762),(63,4483),(67,7144),(69,6793),(71,3264),(81,4389),(83,13649),(86,23766),(87,20957),(88,25274),(89,10129)]	86.722236
502	[(4,19406),(6,16341),(8,1260),(12,20865),(13,10899),(15,21910),(17,19006),(19,16562),(28,25611),(29,14382),(34,2156),(46,27840),(58,14160),(61,11053),(64,13042),(72,9316),(73,4499),(75,19706),(76,5357),(77,26568),(78,16147),(80,11231),(82,26506),(83,12639)]	115.327773
503	[(0,15441),(1,13982),(3,19128),(6,8432),(7,11440),(8,12982),(11,23965),(15,12026),(17,5785),(21,7588),(24,21953),(26,10039),(27,5807),(28,21852),(29,28696),(33,9781),(36,24186),(38,6647),(41,25278),(42,22896),(43,26800),(46,22945),(51,24316),(53,16777),(56,22707),(57,20640),(59,19183),(62,12869),(63,6517),(64,22433),(67,5344),(68,21130),(71,24071),(73,16820),(75,2107),(76,10567),(77,23159),(79,1079),(81,28014),(82,118),(84,7948),(85,7234),(86,584),(87,8932),(91,19431)]	83.336760
504	[(2,19613),(5,4848),(7,17756),(12,13668),(13,7186),(15,10120),(16,23334),(18,1369),(22,16285),(23,9486),(25,17285),(27,8543),(34,18297),(35,19473),(36,9585),(40,22729),(44,21629),(47,20377),(48,9301),(49,7029),(51,28398),(52,2854),(53,12045),(58,10328),(60,8631),(61,3941),(63,1859),(65,18923),(67,10970),(74,26069),(75,9891),(76,22579),(77,10095),(78,26808),(80,19791),(81,6091),(82,2368),(84,28062),(92,13517)]	82.282599
505	[(1,589),(2,5285),(5,11584),(7,5543),(8,25329),(9,25328),(11,2469),(13,4388),(14,10037),(15,22163),(17,4142),(21,18061),(25,20386),(28,4157),(29,8451),(30,4864),(31,15242),(32,7529),(34,2746),(37,27115),(38,16006),(39,22818),(43,8947),(44,27010),(45,2141),(47,11298),(50,21315),(52,26491),(53,13497),(54,13687),(57,2041),(62,18475),(67,1409),(69,91),(71,4386),(72,28011),(73,16570),(77,27329),(78,14243),(79,18941),(82,4208),(84,21314),(85,21449),(86,3522),(87,17814),(88,1873),(89,26802),(90,23231),(91,6719),(92,23749)]	81.718713
506	[(0,10537),(1,12194),(4,23881),(6,19782),(7,22632),(11,12251),(15,28385),(20,13043),(26,6760),(27,15042),(29,1909),(30,21640),(31,16701),(37,17518),(41,27958),(42,27801),(45,27523),(51,27534),(54,7274),(57,10422),(65,21288),(70,5252),(71,5642),(74,5419),(75,17844),(77,2429),(78,10040),(80,372),(81,23652),(82,5904),(84,2332),(85,15137),(86,4596),(87,14489),(90,5033),(91,6444)]	83.507949
507	[(0,13929),(1,11535),(2,27319),(5,14558),(9,5803),(11,10675),(12,25873),(15,15798),(17,3872),(18,8993),(21,18337),(24,26270),(30,11419),(33,71),(36,23691),(39,20954),(40,28053),(44,15906),(48,171),(49,6358),(51,7665),(52,22923),(55,21975),(59,88),(61,26619),(62,12981),(63,18258),(64,8823),(65,1210),(66,15233),(68,16533),(69,22604),(71,23326),(75,11424),(77,14834),(78,5627),(79,257),(80,20251),(81,17675),(82,27243),(84,18793),(88,27650),(89,23481),(90,16232),(91,4039)]	82.613684
508	[(5,12148),(6,13069),(8,23074),(9,9808),(10,18599),(11,14084),(13,2022),(14,1047),(15,19304),(18,28164),(20,27142),(26,5582),(29,12845),(32,6296),(35,24042),(37,19122),(39,18326),(43,24690),(46,17982),(50,28301),(51,8257),(52,19472),(53,25615),(54,14593),(56,11996),(57,23603),(58,17150),(59,2770),(60,25300),(63,24857),(64,7550),(68,2998),(70,13388),(71,2335),(73,27258),(76,8957),(78,18486),(79,20385),(82,23014),(84,19890),(86,21358),(87,4404),(88,1029),(89,13429),(91,4845),(92,18244)]	91.770290
509	[(3,7665),(4,22923),(5,26799),(7,23969),(8,24703),(10,13483),(14,28203),(21,11759),(22,23923),(24,26296),(27,3042),(30,10934),(33,15773),(35,404),(37,23250),(39,22346),(40,12065),(41,17917),(43,13970),(44,24140),(49,26509),(52,22842),(53,8726),(54,16357),(55,22044),(58,7849),(59,15251),(64,18909),(66,1203),(67,8893),(70,12409),(72,7990),(73,28118),(75,26508),(77,26021),(78,7036),(79,896),(83,11023),(84,18010),(85,7859),(89,19630),(90,28077)]	86.364577
510	[(1,12749),(2,21635),(3,21352),(7,16719),(9,17442),(12,684),(14,15997),(15,10976),(16,25295),(17,27473),(18,416),(20,21814),(24,28397),(25,4791),(32,7089),(35,1749),(37,15975),(39,22299),(41,9559),(42,1860),(43,12076),(50,16730),(55,2156),(61,18621),(63,18457),(64,11887),(66,14177),(67,9687),(69,15768),(71,25688),(72,28092),(76,18979),(77,17232),(85,26792),(86,24311),(88,5766),(89,27665),(90,21734),(91,10598)]	81.705952
511	[(0,18889),(1,7903),(2,21148),(4,15085),(5,5645),(6,443),(10,19399),(13,14867),(14,9509),(15,18410),(18,11575),(19,10898),(21,26381),(22,23460),(23,22250),(25,25397),(26,26660),(29,2227),(30,12579),(32,18994),(33,6878),(35,17513),(40,13762),(41,19484),(44,14946),(48,8763),(50,12425),(51,9674),(54,14689),(62,28333),(63,21162),(65,14496),(66,18016),(67,20762),(68,19126),(71,3449),(76,22124),(77,22823),(78,27525),(81,28724),(83,12485),(84,15883),(85,1581),(88,3235)]	83.857150
512	[(1,18455),(2,15523),(3,26940),(4,14173),(8,5),(11,11365),(14,14106),(15,17048),(18,4857),(20,11160),(21,9777),(22,11446),(23,26133),(25,17207),(28,8695),(35,16886),(37,5995),(39,11682),(40,3106),(42,22700),(43,8750),(44,21632),(48,557),(50,4293),(52,21691),(53,279),(54,12227),(56,22065),(57,23113),(58,16904),(60,6482),(63,13571),(66,6034),(67,8589),(68,15121),(72,28504),(74,19697),(81,11806),(83,7934),(84,23065),(85,2118),(86,9520),(91,11773),(92,6136)]	81.298935
513	[(4,8204),(5,14297),(6,6292),(7,24741),(12,24802),(14,18209),(16,27827),(17,16655),(18,18141),(21,20594),(22,4762),(23,9318),(25,25829),(27,1469),(29,16662),(35,17269),(36,4918),(38,9159),(40,25892),(41,17378),(42,15129),(50,23347),(55,19952),(56,2710),(57,17219),(59,28667),(60,284),(61,12507),(63,3414),(65,1514),(67,5716),(69,10315),(71,14127),(72,13956),(73,25798),(75,16490),(76,19212),(80,3174),(82,2378),(83,3255),(84,16465),(88,27590),(89,11056),(91,11355)]	86.140682
514	[(2,14836),(5,21790),(7,17201),(9,17872),(12,14635),(14,12876),(16,21191),(17,17870),(19,14299),(21,17461),(22,21984),(23,6606),(29,22855),(31,8716),(32,7740),(36,3819),(37,15983),(39,16562),(41,23758),(42,15097),(44,13791),(45,1352),(47,14576),(49,22793),(51,18470),(52,6729),(54,1573),(55,2383),(56,11731),(58,4983),(59,7373),(62,13581),(63,26611),(64,23866),(65,28606),(67,2805),(68,22436),(75,27244),(76,6938),(79,13278),(80,16900),(86,21716),(88,24906),(89,22528),(90,26077),(92,10785)]	104.863800
515	[(2,17313),(4,15973),(5,11609),(7,3028),(8,4563),(9,22826),(12,6530),(15,19038),(16,24659),(17,12905),(21,10718),(23,3046),(27,24473),(28,339),(29,4787),(33,27906),(36,23907),(38,2287),(43,15326),(49,22111),(53,13745),(56,27981),(57,26353),(62,24227),(64,19149),(66,24753),(67,20378),(68,27576),(73,17067),(74,1333),(76,16422),(79,21205),(81,973),(82,14440),(83,27823),(86,15239),(88,19481),(89,10047),(90,172)]	83.699085
516	[(0,22535),(1,12537),(2,24422),(3,22348),(5,17932),(6,14792),(10,15084),(11,24853),(13,3777),(14,14490),(19,21312),(20,6592),(22,10377),(23,28002),(24,3913),(25,17791),(26,20511),(33,1930),(38,27270),(39,27962),(41,7035),(42,27631),(44,17351),(52,7671),(53,19185),(54,12800),(58,18038),(59,27902),(62,3313),(63,5307),(65,10297),(66,22612),(74,9040),(76,2657),(77,3927),(78,13384),(80,5776),(81,7833),(85,26214),(89,18612),(90,10306),(91,25609),(92,3245)]	82.980613
517	[(1,6519),(4,15931),(14,20663),(20,20531),(21,11783),(26,5426),(27,2621),(28,1650),(31,22419),(34,17466),(36,26521),(37,16794),(38,10695),(42,12464),(44,2160),(47,3625),(48,6570),(55,20297),(56,14502),(57,4926),(59,19008),(60,8628),(65,21407),(66,24853),(68,3777),(69,14490),(70,22470),(72,12088),(73,5569),(76,4575),(78,1370),(80,22483),(81,23690),(89,7659),(90,19154),(91,19862)]	78.809725
518	[(0,16589),(1,4997),(12,26577),(14,25584),(20,805),(21,230),(27,22882),(28,23448),(31,26763),(35,14910),(39,19849),(40,8310),(42,26328),(43,4890),(44,10147),(45,27838),(46,15637),(47,6982),(49,20473),(52,12797),(56,19119),(57,20987),(60,15241),(64,14811),(67,18221),(69,18489),(70,15429),(72,20366),(73,24443),(75,1960),(76,4978),(80,25859),(86,14511)]	85.288060
519	[(0,14248),(3,2202),(5,21300),(6,28481),(7,7731),(8,17768),(11,10548),(13,18902),(14,22711),(20,23503),(21,17783),(22,15526),(25,23548),(32,484),(33,3205),(34,11945),(39,14368),(40,13884),(41,20298),(42,8338),(43,21966),(48,28347),(50,1815),(51,4106),(52,26731),(55,20914),(58,12789),(59,27069),(60,17315),(64,6665),(67,7232),(69,14549),(70,22148),(73,11508),(75,10291),(76,22180),(78,4477),(80,15162),(81,14542),(83,10186),(84,1495),(85,13858),(87,25812),(90,9110),(91,21911)]	90.517283
520	[(3,14209),(4,28076),(6,25938),(7,28649),(10,20963),(11,17912),(13,11822),(15,10116),(18,2363),(30,10036),(32,9660),(33,13895),(34,3055),(38,9061),(39,377),(45,19560),(47,6028),(48,27807),(49,18230),(53,4279),(54,4142),(56,13841),(59,23126),(61,17994),(64,6375),(65,10370),(69,20632),(70,26121),(72,14295),(74,12430),(75,8888),(79,20842),(80,27862),(82,10332),(85,20697),(86,4784),(88,23744),(90,4608)]	90.548351
521	[(0,6560),(2,17312),(4,9915),(8,7343),(10,15702),(11,26707),(15,23906),(16,7505),(20,24849),(23,6396),(25,13398),(26,16368),(28,4798),(29,18844),(32,25714),(33,22188),(34,13480),(35,5190),(36,9517),(38,8025),(40,1159),(42,6089),(43,10417),(49,11273),(53,123),(55,19835),(57,3703),(58,25869),(65,21010),(67,9896),(71,20671),(75,13588),(76,22113),(78,16630),(79,9877),(83,23775),(84,1665),(85,11449),(86,23166),(87,16235),(91,25079)]	84.775527
522	[(4,622),(6,6706),(9,25506),(15,10684),(16,22527),(20,23676),(21,15042),(22,837),(25,15352),(28,16905),(34,26140),(35,24489),(36,27401),(38,21986),(39,21832),(40,25248),(41,14934),(42,21303),(45,8198),(47,28375),(48,21890),(50,1544),(51,2276),(52,21225),(57,12883),(60,975),(64,4335),(66,11328),(67,12584),(73,21887),(75,20461),(76,16484),(80,28627),(81,22006),(83,13509),(85,11545),(87,20188),(89,278),(91,12777),(92,25796)]	86.350212
523	[(1,1102),(3,21125),(4,5259),(6,26496),(7,5231),(11,298),(12,22724),(13,14848),(14,17654),(15,3825),(17,8883),(19,13750),(20,5030),(21,19556),(23,19007),(24,16941),(25,975),(29,17114),(31,8373),(33,4490),(35,23913),(36,28681),(49,21372),(50,1015),(51,10038),(60,27479),(61,12326),(64,10070),(66,22784),(68,21542),(69,26939),(71,16963),(74,17101),(77,9033),(78,1838),(80,21219),(81,14039),(82,11296),(83,8033),(85,13751)]	83.914459
524	[(2,16911),(3,11916),(5,18375),(6,11792),(7,18952),(9,10672),(12,26021),(13,7036),(16,7124),(18,27427),(21,13177),(28,28146),(29,8232),(32,16549),(36,960),(42,4419),(43,5533),(44,2746),(46,22939),(49,8867),(51,2996),(53,25816),(54,59),(55,15519),(56,27687),(64,27923),(66,24848),(67,2321),(70,2325),(71,1080),(72,10499),(76,28303),(77,7380),(78,22249),(80,11500),(85,25134),(86,23058),(90,10488),(91,12358),(92,9228)]	96.044956
525	[(0,23476),(2,11024),(3,13817),(4,5708),(9,9324),(13,25648),(14,24749),(15,10893),(20,12672),(29,19446),(33,11027),(34,20076),(35,13513),(36,2803),(42,6657),(44,17460),(51,3285),(54,25061),(55,27610),(56,4394),(59,16375),(60,25914),(61,11421),(62,24837),(64,20646),(65,14627),(66,10600),(67,9569),(69,20207),(70,2530),(72,28528),(73,12165),(74,27227),(76,21096),(77,15070),(80,293),(81,1185),(84,9672),(90,21303)]	88.207501
526	[(0,12918),(1,6639),(4,15136),(6,8168),(8,450),(9,4261),(12,17713),(15,19784),(20,10403),(21,13712),(23,15410),(25,17716),(27,22962),(28,26306),(29,2865),(35,25212),(36,7727),(38,4964),(39,15550),(40,6868),(41,15243),(44,6929),(47,13139),(49,28005),(50,11412),(55,21594),(56,24386),(57,6257),(59,82),(61,14837),(62,932),(66,23752),(70,13217),(71,10283),(73,17536),(75,18414),(76,13500),(78,16316),(79,14275),(87,24454),(88,3171)]	105.009441
527	[(1,6788),(2,22062),(3,13681),(9,23085),(12,5312),(14,20473),(17,27968),(19,9753),(21,10870),(22,28277),(23,6243),(28,27686),(29,10254),(30,18274),(31,110),(32,3483),(35,13976),(36,18928),(37,17123),(38,9284),(39,18109),(44,16582),(46,13869),(48,18170),(49,11838),(50,14412),(53,4805),(56,13645),(60,7594),(61,1741),(63,4003),(66,6407),(67,4293),(68,26023),(72,27438),(74,8672),(75,14549),(76,11726),(77,3215),(78,11801),(80,2891),(81,72),(85,7416),(89,19382),(90,15632)]	84.111246
528	[(2,234),(4,20542),(5,26560),(7,17692),(8,14360),(9,3431),(11,4912),(13,4563),(15,15977),(18,20703),(22,2581),(23,5514),(24,9799),(25,10004),(35,24649),(36,11207),(37,18936),(39,14924),(40,17610),(41,8248),(43,28707),(44,6722),(47,25961),(52,24630),(53,13779),(54,11940),(58,16066),(61,17632),(67,26323),(71,27920),(73,4986),(78,26795),(79,3798),(80,21962),(82,19108),(84,27750),(89,1255),(92,14826)]	93.387450
529	[(0,9526),(1,6302),(11,2773),(14,8004),(23,9563),(26,7997),(27,21665),(29,1612),(30,12000),(31,6074),(35,13563),(37,14694),(39,10992),(41,338),(42,28514),(43,8478),(45,25998),(46,23499),(47,23388),(48,696),(49,19343),(51,12417),(52,9164),(53,22996),(55,13099),(56,9680),(57,27984),(59,1736),(62,5090),(65,7028),(67,17849),(68,10349),(70,17124),(73,8832),(76,727),(77,20464),(78,4434),(81,27380),(82,14347),(87,16511),(88,27816),(92,6618)]	97.862139
530	[(3,22331),(5,26371),(8,4008),(10,15257),(13,19487),(16,15585),(18,22789),(22,24108),(25,535),(28,205),(36,1143),(38,9094),(41,22524),(42,27327),(43,1799),(47,8770),(49,19961),(51,25401),(54,12879),(57,20861),(61,26452),(62,21467),(65,6957),(66,1912),(68,19640),(70,8270),(71,5034),(72,21100),(74,13999),(75,19633),(79,20544),(81,14197),(84,12419),(91,26938),(92,23775)]	103.850726
531	[(2,5384),(5,2518),(9,18036),(11,23530),(12,11798),(14,14029),(15,13260),(17,9114),(18,20701),(21,17621),(23,23155),(24,27809),(27,6676),(28,23134),(29,17480),(31,21169),(33,2930),(35,12919),(36,26639),(37,18986),(40,15450),(41,23295),(42,18846),(46,20533),(47,18283),(48,2356),(49,9982),(53,15035),(58,27748),(60,377),(62,22979),(63,20604),(65,9812),(68,11728),(71,23188),(72,25766),(76,2923),(78,1938),(83,20965),(85,24953),(88,17329),(89,4404),(90,1029)]	98.694587
532	[(0,13557),(3,18348),(7,2302),(8,4046),(10,366),(12,24475),(13,8657),(14,22461),(18,13820),(20,2252),(21,8771),(22,20960),(23,3968),(25,2624),(27,1201),(28,12591),(33,9371),(36,20165),(37,14420),(38,20810),(41,17174),(44,13686),(47,15444),(51,8139),(52,24006),(53,7286),(54,21676),(55,4135),(57,913),(59,25643),(61,24810),(62,19761),(66,1737),(70,17862),(71,21636),(72,25828),(74,2852),(75,13919),(76,24301),(77,184),(78,28097),(85,7349),(86,13229),(89,12783),(92,1790)]	85.746097
533	[(3,18454),(6,26640),(7,10967),(9,345),(10,12643),(15,9048),(16,20137),(17,6524),(20,28126),(21,27533),(23,5293),(27,10000),(29,24734),(30,1069),(31,25931),(33,5700),(36,19630),(37,10893),(42,26760),(43,16086),(46,3205),(47,11945),(49,1874),(50,25236),(51,28360),(53,3526),(56,13466),(58,1176),(62,10263),(65,8658),(67,16604),(68,23477),(69,19316),(70,24395),(71,2874),(72,21350),(77,4817),(78,18052),(79,25387),(81,1047),(83,23048),(86,19079),(89,24994),(91,2272),(92,24525)]	81.517087
534	[(2,22706),(5,16688),(7,14567),(10,26970),(11,17503),(18,9859),(23,24927),(24,15076),(25,16573),(29,24223),(30,22282),(32,2258),(33,22814),(35,4726),(38,5058),(40,12281),(41,8137),(43,14373),(48,12977),(49,2240),(53,20247),(54,6565),(58,22991),(61,23627),(62,21732),(63,11957),(64,10325),(69,975),(72,24803),(76,2376),(77,21839),(78,4811),(79,3834),(81,4803),(83,14369),(88,15531),(92,28073)]	83.277085
535	[(0,4880),(2,18826),(5,16859),(6,18026),(9,26635),(12,1798),(17,27961),(18,3301),(30,12081),(32,5682),(36,21079),(38,27441),(41,21108),(42,24062),(43,13528),(45,13789),(46,21019),(47,24234),(50,9520),(51,25172),(52,24366),(53,13895),(54,15722),(56,22083),(57,9335),(58,25292),(59,24037),(66,23465),(67,14631),(68,18861),(75,27775),(76,2241),(79,20171),(81,11467),(82,7150),(88,18028),(89,16678),(91,1871)]	86.772998
536	[(2,28491),(5,26953),(6,1948),(11,11100),(12,14485),(15,17203),(19,25684),(20,19045),(22,3567),(23,18804),(31,15515),(35,17573),(37,21426),(39,10204),(40,10570),(41,21650),(42,25325),(46,22343),(50,28155),(53,24710),(54,23843),(56,9051),(62,20148),(64,10974),(66,21613),(67,20976),(68,133),(71,28570),(73,4982),(77,16637),(78,18133),(80,8519),(81,26564),(82,9441),(84,14463),(87,11761),(91,21581),(92,24228)]	86.594376
537	[(0,19541),(1,21474),(4,19929),(5,10687),(6,20303),(7,4990),(9,21442),(11,23431),(12,1804),(13,6894),(16,22987),(18,10983),(20,611),(23,8904),(24,4531),(26,25604),(28,20392),(30,10651),(31,16410),(32,9584),(36,26499),(38,26660),(49,16516),(52,15172),(53,7384),(56,13583),(57,16431),(58,23988),(60,24605),(61,2696),(62,1294),(64,4385),(65,23307),(67,26338),(71,11646),(73,14613),(77,26332),(90,21782),(92,11908)]	101.524522
538	[(2,6157),(3,8195),(6,4549),(8,5183),(9,20233),(10,4938),(12,10987),(14,20597),(15,25473),(16,24593),(18,15838),(19,8424),(20,13139),(22,26868),(25,986),(28,27787),(30,8179),(32,9499),(36,23004),(42,13753),(44,7423),(48,16438),(49,26692),(51,5959),(55,4298),(58,13652),(59,6940),(61,19427),(64,28504),(65,14449),(69,641),(70,18756),(72,14031),(74,6563),(79,19518),(80,10398),(82,26060),(84,5452),(86,7745),(88,23826),(91,14671),(92,12282)]	82.031445
539	[(1,27992),(2,5972),(4,23094),(8,9691),(10,13188),(14,6393),(17,18559),(23,4837),(24,18207),(26,17063),(28,28654),(30,16426),(35,13323),(38,25789),(41,17871),(42,8006),(44,21014),(46,20878),(47,3872),(51,20720),(53,11192),(57,28260),(60,20361),(61,21304),(63,1011),(67,10140),(68,23497),(75,22530),(77,13635),(78,17880),(81,1780)]	80.017833
540	[(4,12060),(5,20651),(6,24850),(8,23800),(12,10675),(13,1368),(14,18314),(15,3826),(16,21678),(17,15427),(19,26091),(21,14900),(25,21332),(29,5928),(33,25332),(34,7538),(35,8967),(36,10901),(37,15698),(41,24891),(44,7015),(46,26822),(47,13520),(49,26405),(57,13391),(60,14905),(63,8712),(65,16587),(66,20405),(67,19178),(70,10172),(71,7791),(73,518),(75,8999),(76,19371),(77,17054),(85,1778),(87,25172),(88,24366)]	83.879492
541	[(0,14642),(1,18294),(7,22549),(8,1485),(11,6285),(12,27092),(15,14805),(16,9074),(18,1656),(19,18285),(20,27733),(25,18869),(33,5851),(35,27869),(37,7484),(38,13443),(39,16012),(43,26730),(46,5936),(47,4101),(50,1985),(52,15522),(55,27968),(60,22549),(61,26680),(63,28686),(66,4291),(67,11761),(68,20159),(70,8013),(72,22787),(74,5146),(75,3484),(76,2230),(83,24120),(87,22859),(88,16970),(89,9668),(90,5093),(92,5336)]	81.162802
542	[(1,14242),(2,6473),(3,2037),(6,365),(7,17919),(8,2635),(9,4542),(10,25948),(11,17953),(14,17642),(16,27443),(19,11559),(21,1987),(22,11506),(24,1288),(25,7505),(26,27906),(29,11667),(30,17625),(31,4161),(32,3457),(35,13047),(36,27772),(37,5884),(39,14277),(42,6992),(45,17712),(47,5701),(51,5145),(52,8046),(54,21220),(73,6971),(74,26258),(75,4430),(77,10028),(81,9229),(83,10233),(85,10587),(88,4240)]	86.533060
543	[(2,26937),(4,15085),(5,5645),(6,443),(7,6862),(9,11380),(11,19786),(12,1253),(13,15998),(15,20722),(17,4715),(19,11254),(22,22861),(23,7025),(24,23306),(26,20485),(28,2950),(29,2821),(31,4128),(34,16186),(35,15631),(36,27869),(37,6550),(38,3870),(41,17434),(42,8015),(43,763),(48,22332),(49,19314),(53,20467),(54,17137),(56,16007),(57,7375),(59,19061),(61,25072),(62,15664),(63,25277),(65,26082),(67,24975),(69,545),(71,11287),(74,16625),(75,27227),(76,26059),(82,10288),(84,19368),(89,13749)]	89.770130
544	[(1,17821),(5,19538),(7,2099),(12,21218),(14,17528),(16,26978),(19,16796),(21,23182),(24,19604),(26,10313),(28,15914),(30,19522),(31,15653),(33,27297),(35,6967),(39,22515),(45,9454),(48,9824),(51,15731),(52,22306),(57,28420),(58,6955),(61,24580),(63,26767),(64,5983),(66,1896),(70,20381),(71,3754),(74,15782),(75,9118),(76,21727),(79,28034),(80,22235),(87,6710),(90,116),(92,16971)]	84.019514
545	[(0,1649),(1,20048),(3,19340),(6,11064),(7,18751),(8,20780),(13,24089),(15,20657),(16,13217),(17,10283),(19,17536),(20,27508),(21,24620),(22,13967),(27,12881),(30,8696),(34,22234),(35,12970),(37,2794),(39,14248),(40,12780),(42,28190),(44,6277),(46,905),(48,26363),(50,9551),(52,5209),(57,4293),(58,3958),(59,6969),(60,25957),(61,894),(62,17663),(66,5977),(68,139),(69,3373),(71,4251),(74,10271),(77,25900),(78,11780),(83,8379),(84,19904),(85,3419),(88,23093),(92,17080)]	85.830190
546	[(1,22566),(2,1734),(3,21259),(5,1927),(7,6567),(11,24643),(12,8217),(17,15194),(18,14516),(21,11343),(22,1017),(28,17747),(29,8166),(30,9386),(31,26968),(34,21969),(36,2271),(38,673),(40,2990),(41,22414),(43,6720),(44,1281),(49,2137),(50,14433),(52,7587),(53,8952),(56,27728),(57,23778),(61,5352),(66,27016),(70,1838),(73,12370),(84,6829),(86,18965),(87,23201),(88,20308),(91,27754),(92,22153)]	86.150898
547	[(0,505),(1,17253),(2,2699),(7,28485),(8,24155),(9,26882),(11,10550),(12,25535),(18,6743),(19,27984),(21,8907),(23,12015),(26,27396),(28,26382),(31,10723),(34,2396),(37,1159),(38,6816),(39,5717),(42,2098),(43,8860),(45,16903),(46,14473),(49,10384),(51,4741),(55,14984),(58,9444),(59,3153),(60,27793),(62,17983),(63,19580),(64,22123),(65,15770),(67,55),(72,11342),(74,16559),(76,5289),(77,24215),(78,18573),(79,24499),(80,16159),(83,23315),(84,22666),(85,19871),(87,22383),(88,2933),(92,12621)]	100.695243
548	[(0,26821),(3,25479),(4,3952),(6,24254),(7,15605),(10,2853),(14,2747),(16,11829),(17,25241),(19,22909),(25,21591),(28,21709),(31,9945),(33,12),(35,20208),(38,6022),(39,21963),(45,26255),(52,28156),(54,27022),(56,12558),(58,10644),(60,4710),(64,26971),(68,11706),(69,17465),(73,10868),(78,11358),(79,23553),(81,14138),(84,17666),(85,4743),(86,19028),(87,18547),(88,26379),(91,8622),(92,7244)]	112.595625
549	[(6,13398),(7,17032),(10,27657),(12,21189),(15,13030),(16,20346),(17,897),(21,16427),(26,4139),(29,13211),(30,6516),(35,17837),(36,24887),(37,2273),(39,28242),(40,26443),(41,12311),(42,28516),(44,6558),(46,20496),(52,17103),(54,20869),(58,10525),(60,5887),(68,27146),(74,23584),(75,6317),(77,7653),(78,8899),(82,17283),(85,8466),(86,4724),(88,22138),(89,22837),(90,16024),(92,11947)]	115.372207
550	[(0,21830),(1,10894),(5,8896),(9,8583),(12,20679),(13,3783),(14,1373),(16,14008),(21,13799),(22,21899),(27,11129),(28,21875),(29,12428),(30,5003),(31,23807),(32,22111),(33,10833),(36,10424),(37,21290),(40,861),(41,26244),(42,14248),(44,14609),(45,392),(47,28244),(48,16879),(49,4384),(51,25471),(52,25687),(56,19178),(59,19866),(60,21389),(61,19354),(63,5474),(69,5169),(71,24775),(72,21759),(76,24506),(78,12419),(80,18121),(82,6140),(83,25168),(85,8302),(86,15095),(89,20024),(91,27233)]	84.580418
551	[(0,15286),(2,7047),(4,12345),(5,106),(7,20225),(8,28308),(14,28112),(15,17000),(16,16687),(21,1725),(23,22664),(25,1459),(27,28465),(28,24746),(29,6264),(33,23475),(34,289),(36,24195),(45,10783),(46,25817),(47,22409),(52,4195),(55,22010),(56,2200),(59,5829),(60,5458),(61,16250),(64,28552),(65,27458),(66,27497),(70,3321),(71,2254),(74,13049),(87,489),(88,7184),(89,975)]	85.401253
552	[(1,3042),(2,16571),(3,1420),(6,10918),(7,8822),(12,23999),(13,22441),(18,3464),(20,18866),(22,12129),(23,12563),(25,16776),(31,24253),(32,28644),(33,8715),(35,28515),(36,1479),(37,21810),(39,16412),(40,21891),(41,19673),(43,9560),(45,22856),(47,22701),(48,6605),(49,26524),(55,23134),(56,17480),(60,16684),(62,26001),(63,22088),(64,359),(65,13035),(66,4364),(67,22540),(69,19303),(71,7648),(73,372),(74,28059),(76,18088),(77,891),(78,23799),(81,13697),(82,26644),(84,27110),(85,26442),(86,19959),(87,25162),(90,10910),(92,17077)]	93.268222
553	[(0,13918),(5,15680),(7,4779),(8,14615),(9,20508),(11,24398),(15,4208),(17,21314),(18,6727),(21,2410),(23,10839),(28,22607),(30,21808),(32,25179),(34,12752),(35,18115),(37,20378),(38,27576),(40,7656),(42,243),(43,3666),(49,16305),(53,22652),(55,11248),(57,13784),(59,28548),(61,9925),(67,12704),(69,15623),(70,21326),(71,20886),(72,11954),(73,5551),(76,24543),(77,28132),(81,24254),(82,15605),(84,14965),(91,18559),(92,4655)]	86.298080
554	[(0,15876),(1,614),(2,1635),(3,17440),(4,16320),(8,24625),(11,10198),(14,10837),(16,25195),(18,11702),(22,25945),(24,2249),(27,17301),(29,26349),(31,10399),(32,13838),(34,27547),(35,22671),(36,8878),(38,23578),(39,11088),(40,2709),(46,2207),(47,10622),(48,26765),(50,24906),(51,11837),(59,10887),(71,15212),(73,17218),(75,22865),(78,12691),(79,17941),(80,27766),(81,9055),(84,20196),(86,22660),(89,1004),(92,13169)]	91.778782
555	[(2,20964),(5,6502),(6,8382),(8,20587),(12,1703),(14,15934),(15,24946),(18,9230),(20,3028),(21,4563),(22,22826),(23,13750),(27,16270),(28,17830),(41,23828),(45,13625),(46,1397),(50,25246),(60,21760),(63,19971),(66,5612),(70,6453),(71,26775),(73,8928),(75,7731),(76,28213),(77,8849),(78,8621),(82,15864),(84,20162),(86,19816),(87,10850)]	84.815084
556	[(1,20272),(4,22958),(5,11230),(7,8198),(8,7403),(11,18447),(12,24320),(16,23243),(17,18039),(18,22780),(20,6264),(21,18076),(22,11770),(23,13813),(25,4110),(27,8917),(28,10829),(30,26163),(31,7190),(33,2846),(35,27552),(36,3387),(42,2041),(44,21058),(47,18637),(49,8046),(50,15185),(52,12461),(60,8580),(63,23184),(64,27121),(65,12153),(67,2290),(68,16551),(70,8998),(72,7926),(73,5807),(74,21852),(75,14251),(78,15064),(81,12638),(82,694),(86,13260),(87,27677),(88,23040),(90,9193),(91,21536)]	82.539929
557	[(4,26841),(5,17343),(7,16073),(8,20297),(10,15088),(13,11919),(14,14498),(15,5262),(17,13065),(24,25401),(27,11268),(28,21981),(31,27364),(34,25840),(38,24800),(39,324),(41,20082),(42,13629),(47,26205),(49,27460),(51,6739),(55,17573),(57,6076),(59,287),(60,2592),(62,13399),(68,22346),(76,9817),(78,19736),(80,7850),(84,9927),(86,3508),(89,16978),(90,2834),(91,18442),(92,10020)]	103.208263
558	[(5,1645),(6,1010),(8,5620),(10,26539),(11,22220),(13,23882),(14,5236),(15,26921),(16,26773),(17,20784),(18,20304),(20,9145),(21,4737),(22,8442),(25,8965),(27,341),(28,1549),(30,16800),(31,15336),(33,4606),(34,17452),(35,575),(36,10519),(38,28211),(42,13428),(46,10705),(49,21326),(51,14558),(60,21670),(67,15965),(73,1031),(74,814),(77,4095),(79,4677),(86,20632),(87,28628),(89,6120),(90,6991),(91,16074)]	116.655323
559	[(0,11032),(4,22312),(7,11037),(8,6192),(9,23121),(16,15252),(20,12766),(24,7134),(31,13908),(32,12499),(34,17186),(37,23675),(44,7676),(45,20028),(48,11051),(51,24294),(52,5701),(55,22691),(56,3660),(59,22610),(60,4913),(68,21411),(74,14897),(79,125),(83,14301),(86,9241),(87,21282),(89,1970),(91,25315)]	90.774539
560	[(6,17199),(7,18204),(8,24453),(11,14207),(12,4660),(15,18503),(18,2518),(19,10046),(20,22418),(24,8561),(25,10153),(27,27238),(28,21988),(29,18051),(32,21877),(34,11494),(36,15495),(37,28012),(38,27592),(40,4799),(44,21471),(47,17447),(50,9305),(52,24168),(53,24017),(54,28421),(55,11606),(58,8295),(62,21158),(63,3718),(64,1638),(65,28379),(67,23415),(71,14985),(73,9874),(74,14742),(79,19710),(81,20971),(82,13765),(83,28623),(84,2644),(87,9814),(90,23279),(91,21387),(92,13007)]	109.053707
561	[(0,10329),(7,25047),(9,26562),(12,7558),(18,14811),(20,21192),(21,11255),(22,7257),(23,15082),(27,15694),(30,10755),(37,12457),(39,20751),(40,21491),(42,1943),(46,10365),(47,28240),(53,18095),(57,19136),(58,1377),(59,8053),(60,12122),(62,18393),(63,6318),(64,11293),(65,7880),(66,14237),(67,14591),(68,13346),(70,28642),(72,9341),(75,14022),(82,15470),(86,20234),(91,23182)]	83.550577
562	[(0,23166),(6,15853),(8,20302),(11,14984),(14,7619),(18,13848),(19,933),(20,19080),(21,27921),(23,19304),(24,15960),(25,13742),(26,25250),(28,9996),(29,515),(31,23290),(32,8980),(35,4149),(40,19486),(41,14759),(43,21434),(44,25878),(45,27453),(46,299),(47,7349),(48,13229),(55,9685),(56,17608),(61,10955),(62,5102),(65,15931),(66,14754),(69,18486),(70,20385),(73,2728),(74,21264),(75,17773),(77,8042),(78,4180),(82,20106),(85,8625),(88,7431),(89,5363),(90,30)]	91.163543
563	[(0,21651),(5,24347),(6,6631),(8,24010),(10,3029),(12,11257),(13,3575),(14,17635),(15,10267),(20,21794),(21,5892),(25,26789),(26,1670),(27,707),(28,19353),(29,6279),(30,21603),(31,26020),(38,13556),(39,10534),(41,520),(42,7904),(43,24281),(44,17937),(46,25672),(47,18480),(48,14373),(50,8099),(51,17925),(52,19481),(53,1846),(55,12203),(60,2583),(61,7822),(62,2137),(63,14433),(65,8458),(72,21125),(73,21884),(75,4856),(77,18597),(81,18729),(82,14253),(83,27880),(88,10090),(89,18948)]	90.938090
564	[(0,6739),(3,27433),(4,27857),(5,6088),(7,16314),(9,829),(11,13582),(13,21500),(14,26243),(15,16780),(17,17345),(19,15967),(22,2524),(25,1319),(28,20859),(30,25759),(32,28064),(33,21968),(34,25374),(37,2667),(39,33),(41,6296),(43,20170),(45,15810),(46,28683),(48,11757),(52,17574),(54,12715),(55,14536),(57,12710),(59,13866),(66,19513),(68,13670),(69,22036),(70,2023),(71,2843),(73,20473),(76,13646),(83,15173),(85,22017),(90,26389)]	89.674511
565	[(2,16869),(3,25428),(4,19584),(5,12333),(8,13544),(10,8328),(19,27566),(21,22558),(25,7704),(26,23030),(27,8365),(28,3414),(30,20521),(33,3131),(35,20826),(36,27986),(40,17450),(43,26127),(44,28531),(48,2853),(49,14148),(51,7282),(52,13025),(53,10616),(54,25586),(55,25303),(58,1221),(60,17078),(61,4843),(65,9570),(68,2552),(69,27802),(70,15358),(74,20594),(75,11682),(77,24121),(78,5771),(82,3448),(83,1308),(86,4708),(88,17169),(90,5584),(91,24232),(92,21085)]	85.423226
566	[(1,20342),(6,4009),(8,15913),(9,24362),(13,25775),(14,19240),(18,18289),(19,25948),(21,27406),(22,16304),(23,7646),(24,24288),(27,25844),(28,13695),(29,20518),(31,14873),(32,10276),(34,23317),(35,627),(38,3180),(40,10125),(49,19611),(50,5086),(51,22266),(53,22614),(54,4103),(56,28566),(63,3289),(64,438),(67,1489),(69,3221),(71,9986),(74,5327),(75,1987),(76,11506),(77,230),(81,12883),(83,25067),(84,8652),(86,24753),(87,22672)]	86.734274
567	[(2,1532),(4,10111),(8,19297),(9,13022),(11,15203),(13,6105),(14,22605),(16,8842),(19,17740),(20,12740),(22,24702),(26,6044),(30,21974),(32,28335),(34,3940),(38,7827),(39,14805),(40,7907),(41,5333),(42,12107),(46,3165),(48,24952),(49,4006),(50,25558),(51,15146),(56,26503),(59,14789),(64,3008),(66,23765),(69,6203),(71,28380),(72,17436),(76,2486),(77,2271),(82,22579),(84,8079),(86,22948)]	83.790076
568	[(2,19797),(4,16621),(7,3096),(8,4960),(9,24350),(10,20908),(11,21308),(12,683),(18,7450),(20,24226),(22,14154),(24,6065),(26,3654),(27,18611),(28,23787),(29,16769),(32,719),(36,5940),(39,8257),(40,7553),(43,12408),(47,20925),(48,10843),(52,19059),(54,6978),(56,9267),(57,7552),(62,22329),(65,20594),(70,1890),(71,15822),(73,20289),(77,9905),(78,3652),(81,19654),(82,1040),(83,24714),(84,20259),(87,26491),(88,18518)]	81.527427
569	[(0,20273),(1,20146),(6,15132),(7,10159),(8,27370),(9,5444),(11,4722),(16,15494),(20,13493),(21,24574),(31,7341),(33,7520),(37,18421),(38,12904),(39,23083),(43,10651),(48,21904),(49,6032),(53,12289),(54,14153),(56,860),(59,23732),(60,14705),(62,2612),(64,13486),(75,12301),(77,8105),(78,5088),(80,15709),(81,26950),(85,12882),(89,12286),(91,6713),(92,11599)]	86.576813
570	[(0,13539),(2,16322),(4,5985),(5,3054),(8,20655),(9,14445),(12,15371),(13,21800),(16,24418),(24,1594),(26,22935),(31,19397),(32,23104),(35,5496),(39,5400),(41,23365),(43,5495),(45,26037),(46,13512),(49,21967),(53,20022),(54,13610),(55,28003),(56,1173),(59,8915),(60,11208),(62,9075),(66,21972),(67,23890),(68,13711),(69,13832),(73,4699),(75,23614),(76,20089),(78,13743),(79,312),(81,19877),(83,25528),(90,14678),(92,19423)]	83.985917
571	[(0,28718),(5,24213),(10,6353),(12,19466),(13,12147),(14,2969),(15,24057),(21,14508),(23,27712),(24,21016),(27,1634),(28,26201),(31,5861),(32,28007),(35,4534),(40,26580),(44,27617),(46,4626),(47,26659),(49,26304),(52,5996),(54,19562),(57,28372),(58,19353),(60,8739),(63,27148),(64,24679),(65,15820),(66,6758),(67,23382),(68,882),(70,26976),(71,15008),(73,1604),(80,6766),(86,8120),(88,13298),(89,3678),(91,693),(92,8508)]	84.974934
572	[(2,1809),(4,617),(6,20612),(7,23574),(9,3889),(10,11324),(11,7978),(20,21725),(23,19102),(30,15150),(33,15004),(34,2979),(35,22034),(38,8510),(42,22952),(43,25165),(44,11945),(45,16678),(49,24988),(50,11559),(51,11948),(52,21844),(53,3939),(54,21586),(55,16890),(57,20629),(60,18349),(61,27690),(67,11369),(68,5922),(69,2230),(72,13447),(73,17709),(74,23238),(77,6695),(78,79),(82,15273),(83,7608),(84,25948),(85,17953),(88,15119),(90,21992)]	104.421013
573	[(1,15518),(2,20329),(8,5422),(10,3498),(11,26214),(13,19815),(14,1236),(15,26047),(18,20911),(19,9676),(20,16143),(21,17092),(22,2558),(23,2094),(24,18674),(25,69),(26,5867),(27,24101),(28,13855),(32,25132),(33,4261),(35,27644),(37,13056),(40,15086),(41,26506),(42,19502),(43,22512),(44,12224),(46,17825),(48,25491),(50,5857),(55,12792),(57,15773),(59,404),(61,20421),(65,17532),(66,16862),(67,25431),(68,5107),(71,2939),(75,15849),(78,24508),(80,19996),(81,14904),(82,4540),(86,24809),(88,9284),(92,18090)]	84.024339
574	[(1,8691),(2,5874),(3,7505),(7,13902),(10,3853),(13,1491),(16,4452),(18,22130),(23,16956),(25,21475),(28,12641),(30,1195),(31,5733),(34,18402),(36,28588),(37,12365),(40,27509),(46,25379),(50,26136),(51,5374),(52,19689),(53,1553),(56,1981),(57,5800),(58,7733),(59,27023),(62,3442),(63,26072),(64,3871),(67,20024),(69,26733),(74,3252),(76,18280),(77,11525),(79,4052),(87,9276),(88,19766),(89,6914),(91,6820),(92,21377)]	83.208689
575	[(0,7977),(3,7862),(6,17247),(7,24975),(9,16166),(10,28613),(11,8431),(12,11639),(15,27014),(19,27193),(20,28326),(23,21876),(24,21225),(31,7886),(33,17648),(34,10606),(36,9373),(37,25787),(38,10572),(40,27125),(45,10683),(47,13468),(50,15211),(52,3418),(54,17447),(57,27057),(58,25363),(61,23686),(68,19703),(69,7659),(70,19154),(71,19862),(72,22080),(74,24174),(77,6880),(86,25399),(88,27438),(92,27278)]	95.041873
576	[(0,21763),(3,2813),(11,21096),(14,950),(17,26281),(18,6208),(22,12160),(25,16409),(26,5066),(27,3563),(29,19249),(32,9625),(35,7701),(37,2947),(38,2468),(40,6454),(42,28544),(46,20110),(47,27825),(48,13304),(49,5104),(50,14895),(51,23259),(52,2263),(53,17907),(55,17018),(57,12990),(58,15674),(59,24750),(61,26430),(64,21201),(66,21151),(67,685),(68,11137),(70,8843),(75,18614),(77,17509),(78,24494),(80,12465),(81,22622),(82,6367),(83,8024),(84,7073),(85,13953),(86,7161),(89,1215)]	84.224351
577	[(1,7266),(3,17586),(6,7274),(9,20398),(12,23370),(13,18481),(14,20069),(15,7294),(19,4514),(24,16199),(26,15843),(28,16950),(33,18033),(35,13650),(39,2307),(41,10187),(42,7534),(44,1727),(51,2399),(52,13424),(55,16850),(58,14039),(60,2426),(62,6667),(67,21351),(68,16850),(71,12052),(72,6247),(78,16648),(80,1979),(82,2557),(84,22020),(86,15510),(92,9035)]	81.728905
578	[(3,18666),(4,9214),(6,13150),(14,1796),(15,25068),(16,19800),(18,11544),(21,7551),(22,13553),(28,12690),(29,19627),(30,13283),(33,5711),(36,27826),(37,12912),(47,16064),(50,22561),(52,20218),(53,27711),(54,26470),(55,13733),(57,11063),(58,10989),(59,20072),(69,7701),(71,19882),(72,17651),(73,18394),(76,10444),(77,15882),(79,18991),(80,2126),(81,2603),(83,8052),(84,18836),(85,19154),(86,19862),(88,15666),(89,13143),(90,18822),(91,20019)]	82.601645
579	[(2,17295),(4,15126),(8,19241),(11,25214),(14,17150),(15,2770),(18,16292),(24,16938),(26,21769),(27,3207),(31,16918),(32,18118),(33,12946),(34,5427),(37,26496),(40,2248),(41,7470),(44,8964),(47,19450),(48,6699),(50,5046),(54,18161),(55,3659),(57,7587),(58,2024),(60,12267),(62,8254),(63,10095),(64,15024),(66,8218),(70,22736),(71,18098),(72,4673),(75,11226),(78,129),(79,2179),(81,388),(83,10832),(84,25106),(86,20712),(87,27713),(90,22846)]	82.166243
580	[(3,11125),(9,15221),(10,313),(11,24441),(12,12224),(16,6399),(20,17769),(21,27762),(24,10427),(30,19467),(31,16846),(32,27734),(34,18448),(35,9991),(36,19089),(38,786),(40,15314),(43,28704),(44,11235),(45,26929),(46,7325),(51,10719),(53,11934),(54,11307),(55,8897),(58,6248),(63,3811),(64,20965),(65,6309),(68,20359),(70,23379),(71,10407),(72,4971),(76,5230),(78,3397),(79,3145),(80,4856),(85,13667),(86,22124),(87,22823),(88,27525),(90,15618),(91,19305),(92,7209)]	85.937049
581	[(2,8212),(3,27698),(8,15750),(9,25862),(11,15),(12,95),(13,18752),(14,13700),(15,4917),(18,5409),(19,25865),(23,23973),(27,8660),(29,28662),(34,22177),(36,11820),(38,18932),(42,23298),(44,1960),(46,16719),(47,18669),(48,26647),(52,18335),(55,6061),(57,6843),(59,5634),(67,22493),(68,16630),(71,14906),(72,22913),(73,23933),(80,24685),(82,14061),(83,25745),(84,1331)]	82.455195
582	[(1,5476),(3,27119),(6,20478),(7,17387),(9,24612),(11,17742),(12,15725),(13,1077),(16,23136),(20,17266),(21,13911),(23,22114),(24,28181),(28,10514),(29,16939),(30,1258),(31,27784),(32,12867),(34,4168),(37,16582),(40,25723),(41,10925),(44,16233),(45,2405),(50,18339),(53,10223),(54,9737),(55,6655),(58,13757),(59,18598),(60,1278),(61,13970),(62,24140),(63,19957),(64,3523),(65,23665),(69,2457),(71,16397),(73,12355),(77,16754),(78,13523),(82,24477),(84,10500),(87,12007),(90,19819)]	80.403688
583	[(2,17517),(5,22939),(10,13159),(11,17282),(13,15532),(14,4443),(16,24625),(19,26423),(23,9316),(32,15924),(35,17752),(36,17443),(43,26905),(49,4424),(52,21386),(53,28538),(57,25829),(61,15170),(62,22210),(68,19791),(70,8802),(71,2960),(74,14811),(77,27538),(78,14953),(79,7169),(80,467),(88,23919),(90,25199),(91,24492)]	80.397036
584	[(3,28608),(4,12458),(6,2561),(7,21527),(9,2731),(11,25095),(12,28480),(13,26628),(14,25410),(18,3946),(19,23446),(20,9560),(21,20236),(24,18157),(25,28220),(27,18722),(30,7208),(33,24821),(35,14197),(37,11808),(39,28609),(51,28035),(52,27264),(53,16348),(56,27511),(63,6656),(66,17149),(69,12903),(70,28436),(71,22915),(75,14104),(77,22191),(78,24341),(80,21432),(84,16635),(88,6703),(91,5952)]	101.023194
585	[(0,11985),(1,28455),(3,19920),(4,23825),(8,14131),(12,24386),(16,8948),(18,14446),(19,14686),(26,6330),(27,17918),(28,5193),(35,5842),(37,818),(39,25832),(42,24579),(44,20056),(48,12261),(49,13050),(51,19989),(52,10581),(54,23492),(56,19925),(58,25590),(59,8872),(64,23769),(65,14303),(67,10169),(68,921),(69,21507),(75,19453),(76,14192),(77,9799),(78,10004),(82,14182),(83,6372),(86,27466),(89,9409),(91,18490),(92,5818)]	86.855967
586	[(1,19766),(3,14473),(5,7526),(6,16505),(7,28606),(9,5235),(16,15364),(18,27169),(19,1979),(22,7380),(24,20861),(25,12156),(28,7292),(29,10911),(30,23630),(31,25035),(33,2359),(35,7733),(36,27023),(39,26660),(40,25305),(42,2384),(43,3842),(52,4702),(53,12443),(54,25531),(55,26250),(58,1742),(60,22575),(62,16613),(67,4586),(69,26751),(76,14523),(77,21297),(78,18578),(81,225),(82,3406),(83,28138),(86,4383),(91,9075),(92,8627)]	90.255351
587	[(0,3808),(5,24820),(6,5506),(8,5850),(13,3091),(15,17923),(16,2315),(17,1213),(19,7498),(20,21363),(21,24054),(22,15730),(24,17042),(25,14020),(26,14093),(27,28700),(28,11304),(29,26275),(31,5597),(33,3311),(35,279),(41,3264),(43,7960),(45,7148),(48,26362),(53,10710),(54,19353),(58,12316),(63,10070),(64,5302),(65,16828),(68,4510),(70,16011),(72,1372),(77,1955),(78,2546),(80,8518),(87,22736),(92,13319)]	92.231689
588	[(1,28566),(7,4490),(8,6867),(9,10162),(12,3853),(14,847),(17,11143),(18,27433),(21,24346),(22,19576),(24,14123),(25,6918),(26,28463),(30,15996),(33,19838),(34,19838),(35,18541),(36,12258),(40,18745),(41,19213),(47,21589),(51,20094),(52,9596),(55,8897),(56,12635),(57,28433),(60,27358),(61,16217),(63,20267),(65,7352),(67,26211),(69,12906),(70,27381),(72,16773),(74,13863),(79,2289),(81,4638),(84,27823),(85,10851),(89,11920),(90,20270),(92,1163)]	89.932610
589	[(0,16640),(1,22504),(2,4149),(7,21754),(10,4420),(12,6212),(13,26228),(14,18148),(19,2663),(21,19515),(24,7648),(26,11900),(28,8807),(32,23580),(34,20950),(35,2411),(37,23317),(40,5729),(41,9226),(42,25419),(43,24838),(44,21078),(53,11263),(55,13451),(61,10298),(64,9071),(66,18642),(68,18908),(70,21916),(77,15144),(78,27684),(81,24455),(83,10852),(86,22603),(91,13131),(92,18020)]	82.490802
590	[(3,22600),(5,22425),(8,25081),(15,23173),(18,17226),(23,11908),(25,11037),(26,6192),(27,23121),(31,20255),(32,26613),(34,26015),(36,1260),(38,2628),(42,847),(43,15274),(44,13374),(52,1284),(53,19804),(58,17536),(62,2204),(63,14387),(69,15608),(73,4943),(76,27714),(77,26343),(79,6100),(80,15725),(83,13487),(84,461),(85,27710),(86,3771),(90,25145),(91,8804)]	83.069565
591	[(0,8470),(4,15102),(5,17516),(9,26783),(11,14076),(12,28314),(14,28472),(15,26934),(16,5992),(17,19897),(19,23420),(21,28140),(22,16210),(24,8645),(25,3230),(26,10402),(28,162),(29,24878),(31,3780),(35,21540),(37,11567),(38,5021),(42,24494),(46,2175),(47,3393),(48,9961),(53,25685),(54,26720),(56,2890),(59,19609),(61,1365),(62,21033),(64,18321),(65,27473),(68,22602),(71,18919),(73,21242),(75,26338),(78,11004),(79,11422),(81,6606),(84,14466),(85,3401),(87,741),(89,23407)]	83.621792
592	[(2,8408),(3,21907),(4,7812),(7,24611),(9,5359),(14,18420),(17,12174),(18,8998),(25,14657),(27,21292),(28,17743),(31,25286),(33,6205),(38,2665),(41,18838),(42,21052),(47,14907),(52,28259),(55,7704),(58,10166),(59,13988),(60,9566),(62,162),(64,21548),(65,27543),(67,3968),(68,20482),(71,16151),(72,8925),(74,14854),(79,23022),(82,6205),(83,19879),(84,20615),(86,2525),(88,3606)]	87.167475
593	[(0,13430),(1,3731),(2,15597),(5,1530),(6,18644),(7,8218),(10,20862),(11,24089),(12,12129),(13,12563),(14,23705),(21,23242),(22,23228),(23,3904),(27,14987),(28,15201),(35,1403),(38,20103),(42,2311),(45,4382),(48,16614),(51,8195),(56,14175),(61,26752),(64,14928),(68,1748),(76,25632),(78,4294),(79,17192),(80,9167),(83,8866)]	130.924813
594	[(2,25517),(3,316),(4,12200),(9,12816),(11,26051),(13,16787),(19,21626),(22,19500),(23,2574),(25,18530),(27,27281),(28,16325),(31,6659),(33,25336),(35,15406),(38,25105),(40,13933),(45,26026),(46,688),(49,12966),(56,15990),(57,24269),(59,3368),(60,20688),(64,23581),(65,7534),(68,11778),(69,28259),(74,20356),(75,24382),(84,26972),(86,28116),(88,7552),(91,20565)]	186.792646
595	[(0,18739),(2,23105),(5,5479),(7,20638),(8,4714),(9,8176),(10,14078),(11,2061),(12,14532),(13,26592),(14,8789),(16,2209),(17,25720),(18,10635),(20,3059),(23,6597),(26,5387),(34,2236),(41,26277),(45,4436),(48,28493),(49,6193),(50,22816),(54,4433),(57,21979),(58,3483),(59,7999),(63,27764),(64,15533),(65,11718),(69,25164),(71,6375),(73,5785),(74,28251),(81,24525),(83,5444),(86,5066),(89,1774)]	183.826762
596	[(1,13838),(6,22687),(8,17340),(9,1187),(16,1014),(17,24593),(19,15838),(21,16733),(25,4436),(27,5303),(28,6754),(29,26144),(30,1564),(36,22363),(37,10216),(38,695),(43,10774),(44,24299),(45,7938),(49,14327),(50,23408),(51,18788),(53,5269),(54,16415),(59,262),(60,12112),(62,15718),(63,5373),(67,2008),(70,12025),(72,12215),(73,24439),(74,14442),(76,3290),(79,27201),(80,18215),(81,28677),(82,20251),(84,9413),(85,20436),(86,11206),(88,2266),(90,25760)]	183.817218
597	[(0,2377),(1,28672),(3,13754),(4,23106),(5,8865),(6,18228),(7,26810),(8,28353),(11,26178),(12,17268),(14,2526),(15,14781),(17,8652),(18,21432),(22,14780),(28,14643),(29,22311),(31,16717),(32,27897),(33,13992),(34,27573),(35,17506),(36,12085),(37,22082),(38,14837),(39,17354),(41,12814),(44,12725),(45,28286),(47,1278),(53,28473),(54,20368),(55,6632),(56,13903),(57,17186),(59,14504),(61,11698),(66,22447),(70,20951),(71,16025),(72,22690),(73,19284),(75,27081),(76,26337),(77,13059),(78,3721),(80,8419),(86,13465),(88,17208),(91,6516)]	190.854600
598	[(0,24006),(1,2361),(3,19902),(13,18665),(15,10210),(16,15374),(24,27232),(25,12136),(28,27798),(29,5348),(31,18480),(32,4940),(34,27917),(36,14392),(38,5500),(40,1672),(42,5625),(44,18934),(45,23315),(46,9663),(47,26078),(51,9644),(52,12812),(54,13227),(55,9020),(62,7552),(70,23536),(73,1966),(79,8976),(82,9073),(86,3721),(89,3457)]	192.871818
599	[(2,6297),(3,12345),(5,20932),(6,17577),(7,14521),(11,21859),(13,24558),(16,22228),(18,18624),(19,1203),(20,8893),(22,27616),(24,27882),(25,3128),(28,2245),(30,8068),(33,9636),(35,354),(36,21333),(39,434),(40,24615),(43,12347),(45,20235),(47,13389),(49,12124),(50,26478),(51,8318),(54,12606),(57,25622),(58,5263),(63,25405),(65,21053),(72,16199),(74,15843),(75,5867),(78,13583),(80,13647),(81,17395),(82,26080),(86,19769),(87,4728),(88,17305),(89,17951),(90,1052)]	167.782059
600	[(3,18879),(20,1219),(21,6947),(22,26190),(29,24275),(30,23608),(33,19705),(35,20167),(36,19702),(37,5081),(38,8820),(39,10237),(40,27886),(41,8941),(43,21815),(46,24947),(47,17192),(48,25934),(50,24135),(53,21535),(55,8421),(62,14370),(64,27462),(65,14270),(67,26217),(68,796),(69,14333),(71,9027),(72,25160),(73,4626),(74,10452),(76,26694),(77,26040),(79,4630),(82,14248),(85,2849),(86,26946),(87,13156),(88,17604),(89,26003),(92,23444)]	198.842489
601	[(1,5347),(2,15655),(3,2631),(9,304),(10,14952),(11,8372),(12,18343),(13,19523),(14,23338),(15,26160),(21,24926),(24,19234),(25,967),(31,977),(32,8595),(34,383),(38,3815),(41,18304),(42,12730),(46,8676),(47,506),(48,7126),(49,24555),(52,2853),(56,5527),(60,27273),(62,5153),(64,15433),(67,25750),(68,22364),(71,182),(73,10043),(75,7673),(77,2710),(78,11625),(79,18691),(81,13712),(82,2835),(84,14507),(85,3765),(91,4364),(92,22540)]	205.226206
602	[(1,188),(4,2572),(7,17275),(8,27239),(9,19538),(11,20580),(15,24922),(16,19072),(18,23254),(19,24675),(22,19573),(23,13898),(24,1412),(25,8759),(27,28297),(29,20803),(32,4618),(35,27482),(39,20715),(40,8064),(42,28061),(46,20309),(49,5194),(51,3797),(53,13067),(58,17103),(59,22403),(68,4329),(71,14889),(73,2506),(74,26048),(75,8486),(81,27221),(83,8593),(85,4073),(88,18438)]	194.458228
603	[(0,13371),(1,7609),(3,23258),(4,18998),(6,2892),(8,26299),(9,1053),(15,14840),(17,20463),(19,1858),(20,22710),(21,21401),(24,25579),(30,17710),(31,22357),(33,25648),(34,21742),(35,21971),(36,4653),(37,13306),(38,25102),(39,19925),(42,2163),(44,22130),(45,3358),(47,18263),(50,5714),(53,3816),(55,22085),(57,15688),(59,16888),(63,20639),(66,19108),(73,6022),(75,27830),(76,20452),(77,28074),(79,21831),(80,24009),(84,18058),(85,16061),(87,5146),(89,8340),(91,11580),(92,5145)]	185.372474
604	[(0,1112),(2,23880),(4,14704),(5,18876),(6,20793),(8,13100),(11,11090),(16,28445),(17,21868),(19,13730),(20,14192),(23,21029),(27,22617),(29,25771),(31,9372),(32,2057),(33,21576),(35,27195),(36,11040),(38,11215),(41,14384),(42,25013),(45,10694),(47,1851),(48,15554),(51,3228),(53,3632),(54,7592),(55,15224),(56,25362),(59,27382),(60,18326),(64,28526),(65,12197),(66,26252),(69,19519),(75,27408),(76,15833),(77,9603),(80,28228),(85,19979),(86,13786),(90,9976),(91,8297),(92,10849)]	175.259711
605	[(0,12660),(3,26001),(5,12079),(7,10637),(8,4745),(10,5534),(11,17322),(13,25088),(14,13920),(17,7483),(18,4245),(19,23107),(21,10108),(22,441),(23,27279),(24,22254),(25,21247),(26,16121),(27,25196),(29,18798),(30,3354),(34,19689),(35,18591),(36,20051),(40,5583),(42,23535),(43,22819),(46,10225),(48,1277),(51,1839),(53,8856),(56,3509),(58,28428),(59,17848),(61,6135),(64,1545),(65,18144),(66,25078),(68,18421),(69,26394),(70,24009),(71,21362),(74,28250),(79,8817),(81,3529),(83,24985),(84,8227),(85,15706),(89,18483),(92,22811)]	173.199690
606	[(1,16757),(2,9881),(3,7012),(5,23824),(6,17661),(12,15173),(16,14486),(20,11822),(22,18827),(25,2000),(26,7995),(28,15067),(34,12863),(37,26291),(47,19827),(49,21484),(52,17179),(60,22627),(62,27136),(63,16170),(67,17136),(68,27100),(70,22515),(74,21667),(76,14482),(77,12515),(79,10529),(80,17223),(84,6404),(86,21118),(88,5486),(89,13097),(90,18961),(92,27931)]	208.041282
607	[(0,15353),(10,25539),(11,17218),(13,15264),(17,8427),(18,23224),(19,3800),(21,21266),(22,24291),(23,11994),(26,25310),(27,27192),(30,7128),(32,570),(33,12866),(34,4454),(38,23030),(40,8318),(44,21022),(47,25381),(48,1599),(53,26290),(54,5705),(58,10012),(59,1312),(61,3476),(63,12255),(67,28053),(68,9785),(71,22204),(72,20662),(73,5837),(74,9378),(75,10717),(78,17682),(79,5196),(82,12000),(83,4277),(84,27245),(85,21565),(86,27835),(87,10955),(88,5102)]	178.833665
608	[(0,24035),(1,10161),(2,13817),(4,3314),(5,3303),(6,24849),(8,3724),(11,20426),(12,19760),(14,27830),(18,5483),(22,572),(23,16193),(27,14198),(28,23961),(31,15673),(32,6309),(33,22805),(35,28493),(38,22502),(39,14437),(41,17066),(43,7029),(45,8346),(48,22047),(49,16261),(53,9754),(54,8455),(55,1009),(56,24993),(61,21414),(63,28192),(64,13530),(66,4186),(73,5598),(75,22093),(77,6340),(78,3819),(83,22336),(86,15406),(88,13492),(89,20324),(91,12954)]	182.987114
609	[(0,6942),(4,28601),(6,9079),(7,10960),(9,22132),(11,16381),(13,25795),(20,27045),(21,6438),(22,375),(24,28104),(25,13833),(28,6974),(31,8526),(33,9444),(38,24521),(39,288),(40,20881),(41,9876),(42,11169),(43,6062),(44,16840),(46,26175),(49,25306),(50,6873),(53,24733),(57,17989),(59,25878),(60,27453),(61,2373),(70,12384),(71,319),(72,2746),(74,22939),(75,4902),(76,25019),(77,24556),(80,2426),(84,8425),(86,6543),(88,24598),(89,15101),(92,3976)]	189.366806
610	[(0,11742),(3,22301),(7,23248),(9,14130),(10,28563),(11,17759),(17,22556),(20,23229),(21,28206),(22,633),(23,25994),(25,14860),(26,18434),(29,15290),(30,13994),(34,2372),(37,23507),(39,8439),(40,18953),(50,3740),(52,5253),(53,24330),(54,1522),(55,6236),(58,6262),(60,28381),(62,3833),(63,8006),(66,8243),(67,4275),(69,27231),(70,22805),(72,28493),(75,1214),(78,10166),(81,23872),(83,5342),(85,23543),(86,28402),(88,13397),(91,26131)]	173.883988
611	[(3,19437),(4,2372),(5,4611),(7,3796),(8,5042),(16,3366),(17,25015),(18,12222),(19,22825),(22,19534),(26,69),(29,10113),(30,2844),(33,12402),(34,16751),(37,25587),(38,26517),(39,356),(42,612),(43,5735),(46,21651),(49,5295),(51,18913),(52,41),(54,15065),(55,1638),(58,16745),(60,24447),(61,10543),(62,6127),(63,12489),(64,23248),(68,22538),(69,17666),(74,10246),(76,18434),(77,12181),(79,20554),(80,16631),(84,12931),(87,2657),(88,24198),(91,22146)]	173.038727
612	[(0,8552),(8,16672),(11,13949),(14,7239),(16,16217),(19,26370),(20,10096),(21,5581),(24,19127),(25,5734),(27,18343),(28,19523),(29,13894),(30,12074),(32,5684),(36,6443),(38,16589),(42,23510),(47,26249),(48,22985),(49,13768),(52,1344),(54,7484),(58,27318),(59,23975),(61,8053),(62,2213),(64,10682),(65,14939),(66,15644),(67,11960),(68,22486),(70,22483),(76,4101),(79,1580),(81,7868),(82,21269),(85,12556),(91,396)]	199.159758
613	[(0,11511),(2,23563),(3,5735),(6,1058),(7,16505),(8,2351),(12,1285),(14,14747),(17,5810),(21,20432),(22,23722),(27,24313),(30,23474),(31,417),(38,11480),(39,1209),(41,15914),(42,8171),(44,17627),(46,7895),(47,5644),(48,23227),(50,1358),(51,13713),(54,13431),(56,257),(58,185),(59,16528),(61,11192),(64,19315),(70,21797),(72,11136),(74,8705),(77,9186),(78,1730),(79,16303),(82,3978),(86,5251),(90,15653),(91,12735),(92,12607)]	124.090896
614	[(7,26875),(10,2925),(12,14580),(13,11244),(14,16656),(22,23588),(29,10332),(31,19866),(32,11283),(35,16565),(36,21955),(38,27855),(39,7975),(40,4833),(41,3199),(50,19888),(51,17597),(54,17382),(56,7108),(59,22921),(62,15275),(63,4171),(64,18176),(65,12754),(67,24890),(69,5891),(72,21354),(75,14854),(80,26909),(81,16171),(84,19653),(89,12313),(91,3198)]	83.438834
615	[(2,1802),(6,5135),(9,18511),(14,11829),(15,25241),(18,22402),(22,18473),(26,5515),(28,760),(31,17547),(32,11582),(34,24094),(35,28249),(43,18619),(46,11464),(50,1002),(53,16564),(54,9976),(60,4806),(62,2521),(63,18474),(71,21409),(75,17111),(76,6615),(78,2059),(81,18303),(84,20241),(85,4482),(86,25899),(90,7934),(91,11277)]	83.946352
616	[(2,26861),(3,17755),(5,27326),(8,9382),(11,13760),(12,28525),(15,20635),(17,3262),(20,26905),(24,27763),(28,9471),(30,27471),(35,11786),(37,24152),(38,12855),(42,5262),(43,26945),(44,17142),(46,13117),(49,21064),(51,1402),(53,23665),(59,17935),(61,10407),(62,3241),(65,24278),(66,19081),(68,697),(73,19449),(77,19803),(78,14933),(81,6231),(82,7848),(83,16959),(85,14601),(88,10676),(89,9494)]	80.605557
617	[(0,368),(1,8206),(3,1145),(6,2529),(15,10830),(16,14367),(17,21450),(20,20126),(21,26837),(26,2618),(27,887),(28,24696),(30,15594),(33,1190),(34,27251),(35,6442),(41,25111),(42,4335),(43,25534),(44,12132),(48,19533),(50,28633),(51,852),(55,26561),(58,14178),(59,8186),(60,25128),(62,16766),(63,3734),(66,26116),(69,21353),(70,8864),(72,9463),(74,19639),(78,21041),(84,7806),(86,11816),(88,13351),(89,28539),(90,26814),(91,22951),(92,18444)]	80.472286
618	[(1,27949),(4,11434),(9,9917),(10,20313),(11,18918),(12,27696),(14,8973),(15,27688),(16,25954),(22,18570),(24,1908),(25,3469),(28,17633),(29,6257),(30,9398),(33,17171),(34,14123),(44,9232),(45,16336),(47,9142),(48,24370),(49,11872),(50,12726),(52,15761),(53,4601),(56,10950),(58,15083),(59,21068),(60,27435),(64,22825),(66,23037),(67,21901),(68,50),(69,7002),(70,10057),(71,20584),(72,7490),(74,7428),(75,1152),(76,22390),(80,28156),(84,11862),(85,14161),(86,3786),(89,9249),(90,26076),(92,3716)]	79.292871
619	[(2,588),(5,28312),(10,6004),(12,7364),(17,14840),(22,20031),(25,18285),(26,20162),(29,13466),(31,13937),(32,7570),(39,8383),(42,8245),(44,17019),(45,24635),(46,8011),(47,10061),(48,20697),(50,2200),(53,980),(59,14167),(62,14444),(71,19059),(73,1256),(75,21614),(76,11521),(78,23678),(81,23451),(82,24863),(85,4035),(89,20294),(90,4342),(91,17008)]	78.694552
620	[(0,14616),(1,13045),(2,15004),(4,24993),(7,22317),(10,23575),(11,1099),(13,2227),(19,11467),(21,4905),(22,18866),(28,22935),(29,16754),(30,23682),(31,18443),(36,19189),(37,20794),(38,7432),(40,10756),(42,4546),(43,11470),(49,18886),(50,8022),(55,22590),(56,8688),(57,14715),(61,20157),(63,4116),(64,7383),(65,25480),(69,15702),(70,26707),(72,28610),(73,3639),(74,10501),(75,6637),(81,8567),(90,6325)]	79.765492
621	[(1,219),(5,2149),(7,24745),(8,26878),(9,13160),(11,15702),(12,19361),(16,6562),(17,16653),(22,5188),(24,4547),(25,17720),(28,24239),(35,16210),(37,23696),(40,11053),(42,17291),(43,13694),(44,24394),(45,6784),(47,28714),(48,7501),(52,81),(53,27774),(54,14852),(56,25136),(57,4726),(59,11858),(65,2655),(67,20335),(69,25765),(70,11616),(73,14643),(74,6988),(76,14006),(77,21960),(78,26786),(81,7667),(84,20230),(90,13783),(92,15837)]	87.522819
622	[(0,2983),(5,20906),(6,22770),(7,23118),(10,1836),(12,5596),(13,9144),(17,17465),(23,24285),(26,28725),(28,27878),(30,19335),(35,20098),(37,5242),(38,11974),(43,1545),(44,24939),(45,28615),(47,18835),(48,11584),(50,3899),(55,20292),(58,22604),(59,3789),(60,22383),(63,8604),(64,24276),(65,5450),(67,28391),(68,10640),(69,10472),(71,16506),(72,26902),(77,3176),(78,23558),(81,10392),(84,7454),(86,19717),(87,27047),(89,24392),(90,26846),(91,26624),(92,4027)]	86.013476
623	[(0,306),(2,26181),(3,14867),(4,13824),(5,8929),(7,15406),(9,7826),(10,2124),(14,4246),(15,17045),(17,18463),(18,22262),(22,11441),(25,13273),(26,2844),(29,12402),(30,16751),(34,27926),(35,14638),(38,9918),(43,938),(44,2886),(48,5617),(49,15049),(50,27494),(51,25461),(53,9579),(57,10417),(58,2910),(60,1910),(62,19697),(65,7650),(67,3272),(68,1435),(72,3533),(74,26780),(75,16806),(77,19357),(79,8769),(86,4622),(92,21917)]	102.552146
624	[(3,26769),(4,26269),(5,4701),(6,1833),(8,23239),(10,25191),(11,9402),(12,14257),(15,1124),(21,21689),(23,16113),(26,11385),(27,18093),(35,9512),(38,7455),(39,11219),(44,202),(45,21289),(50,18274),(51,20642),(55,13870),(58,10012),(63,24446),(65,3900),(66,15187),(68,2236),(73,11064),(74,18751),(75,15213),(77,13640),(81,8473),(83,23447),(84,14206),(85,24051),(86,6623),(88,19575),(89,21364),(90,25408)]	85.212777
625	[(1,8139),(2,15088),(8,22806),(9,14465),(10,2857),(12,11754),(13,5796),(14,26274),(15,10234),(20,13453),(22,22579),(23,10095),(24,15024),(26,8097),(29,7384),(30,25392),(32,22018),(34,9309),(36,488),(39,1946),(41,19218),(43,17515),(44,22467),(46,26089),(53,21128),(60,27455),(62,13807),(64,15897),(66,7022),(68,21751),(71,8333),(74,6931),(76,12223),(77,16127),(81,28496),(85,5899),(87,27101),(88,19086),(90,19527)]	82.124710
626	[(2,13831),(3,7527),(7,25082),(14,11451),(16,17175),(17,21975),(19,21098),(21,23674),(22,17313),(25,11838),(26,21083),(27,2690),(33,16000),(35,24325),(36,11193),(40,4882),(43,14237),(51,26786),(54,8392),(55,5249),(59,17579),(61,2729),(63,2866),(67,3916),(69,24372),(72,8071),(75,27165),(76,23842),(77,11794),(79,26855),(82,864),(83,6397),(84,3415),(86,6424),(87,22088),(90,5367),(91,1352),(92,10117)]	83.057294
627	[(0,17017),(3,6133),(5,17715),(6,8032),(10,36),(12,7325),(13,7407),(14,12948),(23,26572),(24,25206),(27,446),(28,22453),(30,2971),(31,12387),(32,3955),(33,11919),(34,9474),(37,12468),(43,13866),(45,777),(47,16842),(48,10111),(50,26978),(51,19798),(57,4879),(58,20638),(60,3831),(65,21480),(68,20260),(79,10404),(80,11091),(85,26998),(87,10520),(88,5932),(89,28216),(90,26888)]	85.122534
628	[(2,25457),(3,27786),(5,1318),(9,6703),(10,5963),(11,26337),(12,28090),(13,26786),(16,19866),(17,21389),(18,19354),(19,19089),(21,4841),(25,12832),(26,389),(28,890),(30,24521),(31,4749),(35,14230),(38,11809),(41,27278),(43,10149),(46,26926),(48,19054),(49,13277),(50,26677),(53,26062),(55,22447),(57,24641),(58,6963),(59,19561),(60,22010),(65,12034),(67,20208),(69,7476),(71,24854),(74,15144),(78,16722),(79,26242),(82,28533),(84,20663),(86,23728),(88,3480),(91,28251)]	84.693486
629	[(0,22741),(2,12214),(10,14169),(12,21997),(13,14351),(15,24101),(16,22374),(17,11836),(18,12311),(23,23621),(25,15931),(27,23404),(31,3615),(32,25826),(34,12705),(35,24146),(36,25752),(37,15891),(39,506),(40,7126),(43,28662),(45,5878),(47,3331),(48,24076),(52,22257),(53,8453),(54,10409),(55,13166),(56,23107),(57,22568),(58,17962),(59,8574),(65,15534),(66,23410),(72,23717),(73,25063),(74,8951),(76,19387),(77,5998),(78,17686),(79,27002),(80,26875),(85,19757),(86,20512),(87,28657),(88,2515),(90,15025),(92,6671)]	80.846688
630	[(1,2626),(3,5468),(4,24117),(6,3748),(7,19369),(8,2868),(10,20662),(11,5837),(12,18880),(19,23600),(22,11624),(25,19931),(27,27660),(33,3373),(36,18802),(38,4735),(44,13084),(53,23072),(56,18151),(57,9911),(59,6346),(62,21849),(63,9410),(64,20579),(65,24383),(66,14548),(70,19483),(71,7986),(80,19234),(86,4293),(91,10214),(92,15140)]	78.434494
631	[(3,27249),(4,596),(6,21837),(9,3589),(13,3411),(14,14182),(16,10482),(17,12027),(18,28477),(20,1335),(21,13391),(23,25556),(25,22114),(26,3040),(27,17121),(31,9059),(34,17705),(35,939),(38,10600),(39,9569),(41,25897),(44,9345),(48,5680),(50,9870),(51,17394),(52,13012),(54,25467),(55,9120),(56,19478),(60,27822),(61,1417),(63,7526),(64,16505),(65,2351),(66,24145),(72,9763),(73,23694),(75,23847),(77,5879),(80,6603),(82,27362),(84,13622),(85,5419),(86,17844),(88,2429),(89,10040),(91,26034)]	81.095995
632	[(0,6706),(1,8116),(2,11980),(6,15761),(7,19669),(8,5479),(10,14695),(12,19787),(14,8204),(16,25430),(19,23436),(20,14500),(21,26273),(22,351),(27,5820),(31,3464),(33,8341),(34,12896),(35,26101),(36,16974),(37,9035),(39,8923),(42,18648),(47,18568),(48,13519),(49,17236),(50,15979),(51,25615),(52,14593),(53,12109),(55,15956),(56,19930),(57,26216),(59,10491),(60,10670),(65,21842),(67,14023),(68,24574),(69,3295),(70,25686),(71,9918),(78,19166),(87,19807),(90,18490),(91,5899)]	110.757250
633	[(0,2536),(1,8858),(2,25206),(4,12604),(5,22382),(8,17167),(16,18977),(18,23991),(20,8390),(21,22378),(22,2340),(24,2125),(26,12942),(31,3745),(35,19624),(39,13122),(41,8108),(43,19272),(45,3453),(46,2646),(48,9845),(51,22193),(52,14831),(55,2661),(56,25456),(57,5501),(58,27703),(59,22227),(61,18215),(62,28677),(64,2994),(66,11799),(69,20662),(70,2569),(73,24804),(74,16547),(75,26704),(76,8753),(78,9820),(81,23410),(82,10349),(83,23091),(86,25087),(87,9930),(88,25551),(91,3065),(92,25430)]	88.281432
634	[(0,6724),(2,8265),(3,25951),(7,17868),(8,17451),(9,24456),(11,20782),(12,489),(13,10882),(17,16418),(18,4636),(19,27476),(21,27512),(23,22149),(26,26075),(28,8175),(29,13223),(31,9450),(34,22934),(35,16371),(36,15626),(41,19878),(43,19102),(45,2255),(46,3104),(48,23276),(52,14009),(56,13864),(57,5199),(59,16476),(65,4352),(66,28290),(68,19082),(72,1276),(73,9705),(76,12089),(79,27563),(80,15771),(82,27357),(84,14492),(87,9081),(90,23318),(92,15448)]	97.894845
635	[(2,8347),(3,8471),(4,11688),(7,8940),(9,11010),(12,14545),(14,20869),(15,12288),(17,7868),(18,24868),(22,23216),(23,372),(24,28059),(26,10450),(27,24719),(30,3348),(32,19218),(37,21964),(40,2610),(42,8932),(44,7575),(45,1401),(47,11679),(48,17632),(51,14889),(53,3289),(54,438),(55,12934),(57,3085),(58,20224),(59,14751),(60,11141),(63,21976),(64,6605),(71,11644),(72,7819),(73,25264),(76,22405),(80,9398),(82,1069),(87,9834),(89,27249),(92,22754)]	86.746099
636	[(1,7576),(4,3814),(6,21950),(7,14871),(8,18706),(14,4490),(15,6867),(16,11637),(17,8580),(18,1624),(20,12860),(22,20714),(27,17183),(30,27299),(32,6325),(36,3316),(38,25580),(42,21667),(43,20332),(49,8324),(53,25070),(54,5504),(55,27240),(56,6996),(57,20705),(59,5173),(60,24448),(62,16837),(64,25279),(65,18848),(68,10240),(69,1928),(73,15928),(75,14994),(82,25140),(85,9669)]	84.463348
637	[(0,13087),(1,6879),(3,9920),(5,28046),(7,22562),(10,23841),(13,22139),(14,18235),(15,21764),(18,17885),(19,23519),(23,6315),(24,18160),(25,7510),(27,26262),(28,19094),(31,18380),(32,9855),(33,4484),(38,28432),(45,22706),(48,24343),(51,18120),(52,4979),(55,18938),(56,21551),(57,20),(59,27359),(60,14634),(64,8623),(66,3751),(68,7667),(69,8139),(70,24006),(71,7286),(77,1738),(79,12128),(81,16330),(83,18821),(87,15757),(91,26310)]	86.542425
638	[(0,11697),(3,23509),(4,7790),(5,3541),(7,3334),(11,7574),(12,26006),(15,17326),(18,27595),(20,6417),(21,28230),(23,17171),(24,14123),(28,21434),(29,25878),(30,25766),(32,17140),(35,6886),(40,7252),(42,8993),(43,7632),(45,18297),(47,16706),(48,5263),(52,11394),(53,21979),(54,3483),(55,7999),(56,1738),(64,16443),(65,9727),(66,22008),(67,26788),(70,23303),(71,4568),(73,19363),(74,8300),(77,19470),(78,5310),(79,19163),(82,19686),(88,25230),(90,2981),(91,7458),(92,8519)]	84.371390
639	[(3,7522),(5,8041),(6,18168),(7,15936),(9,17696),(15,15203),(17,2525),(19,20966),(21,12950),(22,4931),(24,17564),(27,25070),(28,5504),(30,11684),(31,19749),(33,12702),(34,25794),(36,17905),(38,8472),(40,26714),(41,25328),(43,280),(44,12096),(47,12827),(50,27233),(51,2808),(55,22314),(56,18125),(57,7448),(58,24564),(61,3058),(62,11132),(63,18698),(64,1650),(70,12214),(72,16378),(74,18870),(75,13261),(77,24861),(78,7334),(81,15261),(82,5708),(84,15770),(85,26493),(92,10877)]	92.313176
640	[(7,1379),(8,90),(9,15890),(11,21566),(13,21378),(15,9903),(17,6158),(18,14975),(19,11936),(20,10798),(22,28277),(24,2084),(25,3619),(26,13798),(27,19535),(30,2792),(32,6170),(33,16563),(34,20877),(39,28584),(40,9682),(42,25215),(43,4370),(46,3478),(47,26074),(50,4768),(55,28153),(57,28247),(61,1649),(62,22695),(63,11224),(68,27923),(69,3330),(70,12448),(71,19426),(72,16486),(76,16937),(77,18571),(79,28678),(80,9742),(83,18230),(85,15413),(86,19952),(91,15430),(92,2842)]	82.274650
641	[(0,7210),(4,11842),(5,14988),(6,12581),(8,15798),(10,3872),(13,18739),(15,17403),(16,10607),(18,13849),(20,20237),(23,23406),(27,6248),(29,15908),(34,2226),(35,18755),(36,6499),(37,6955),(38,8924),(45,15688),(47,354),(48,21333),(50,7952),(55,2600),(56,22208),(58,22612),(60,5440),(63,15794),(64,2441),(65,16548),(66,3682),(67,24850),(68,7319),(69,14998),(70,27263),(77,25054),(78,1831),(79,15371),(80,21800),(83,1394),(84,14431),(85,15662),(86,24000),(89,17551),(90,3838),(91,18368),(92,25867)]	80.855443
642	[(0,22874),(1,4801),(7,9303),(8,9447),(14,11466),(17,2652),(18,25118),(19,17212),(25,20020),(26,21478),(30,8470),(33,4350),(35,23442),(37,23450),(41,25084),(44,2336),(46,3269),(47,2735),(48,6796),(50,20649),(55,12553),(56,27447),(59,346),(60,13985),(62,504),(63,18949),(64,17397),(67,10075),(71,18776),(73,2638),(76,16342),(78,445),(79,1885),(80,8351),(82,26926),(84,20098),(85,20485),(86,15084),(87,27874),(88,21962),(89,16534),(92,20770)]	84.683475
643	[(4,13404),(8,13292),(10,4586),(13,6558),(15,7386),(17,23099),(19,25797),(23,21337),(25,24097),(26,24141),(28,16335),(31,12490),(33,919),(35,11393),(36,11383),(38,13652),(41,8315),(42,13792),(46,9495),(52,4578),(53,28397),(54,4740),(57,18334),(59,339),(61,6126),(64,7533),(67,17320),(69,5451),(73,19398),(74,5062),(75,24679),(76,27487),(77,22766),(85,9892),(87,4406),(88,7059),(89,9402),(91,11863),(92,27998)]	81.900745
644	[(1,8482),(4,8134),(5,8881),(6,5535),(10,2628),(11,2837),(12,13446),(14,22989),(15,8436),(16,17225),(17,22696),(18,7956),(20,516),(22,11505),(29,24178),(30,9851),(31,24603),(32,24373),(33,6750),(35,20066),(36,21820),(38,22747),(41,27789),(42,19703),(47,25399),(50,15417),(51,290),(52,19036),(54,12031),(58,1890),(59,25372),(62,14182),(63,9911),(67,16095),(68,18465),(69,7314),(70,25139),(74,2334),(75,27051),(76,9726),(78,16086),(80,7998),(82,4039),(83,25939),(87,14511),(89,14165),(90,12441),(91,16630)]	90.830165
645	[(3,12922),(11,8476),(12,13092),(14,152),(18,21388),(19,2644),(22,12929),(23,28415),(26,15694),(28,23656),(29,2754),(31,14802),(32,12399),(33,21744),(35,24760),(38,2086),(39,23148),(41,16724),(42,2232),(43,27101),(44,24689),(45,5364),(46,4374),(47,22086),(48,22952),(50,25902),(51,6897),(52,17357),(53,27129),(58,28639),(59,6201),(62,28663),(63,12254),(68,14343),(70,19955),(73,16637),(76,22435),(84,5668),(85,14428),(86,15184),(90,26719),(91,26619),(92,12981)]	89.619805
646	[(1,17678),(2,22796),(6,25361),(9,25906),(11,26396),(14,7754),(19,667),(24,26431),(25,24548),(27,7239),(29,11940),(30,5547),(34,19250),(39,12082),(42,15712),(43,18699),(44,9639),(46,18083),(47,27131),(51,7288),(52,25834),(53,5239),(55,9929),(56,3715),(57,28108),(58,10147),(59,27838),(61,23581),(62,7534),(63,16952),(66,682),(73,12405),(74,16768),(80,21074),(83,13773),(84,26584),(86,12817),(88,10101),(89,22543),(91,27954)]	108.242411
647	[(0,8659),(1,18628),(2,25353),(4,17899),(5,26585),(7,24212),(8,10999),(10,20988),(11,25215),(12,6810),(14,16205),(16,12259),(19,2426),(21,6667),(23,15365),(25,20775),(31,24120),(33,5981),(34,18032),(35,20519),(37,1424),(38,625),(45,28619),(49,1560),(54,7412),(56,19663),(58,25227),(62,9868),(63,7150),(64,14869),(65,20658),(66,11965),(67,26373),(68,21829),(69,18499),(70,21615),(71,14410),(76,7779),(80,8437),(81,8357),(82,20757),(84,10773),(85,2852),(86,3274),(88,2487),(90,15069),(92,17164)]	86.753904
648	[(0,60),(1,27563),(2,21129),(6,4416),(8,10722),(10,2274),(12,26550),(14,13261),(17,17182),(18,13353),(20,24110),(22,7767),(24,8879),(25,6612),(27,22649),(31,27600),(36,3474),(41,13817),(42,5708),(43,28402),(45,19254),(46,2538),(47,4769),(48,10214),(49,15140),(50,23044),(51,2797),(52,27219),(57,15816),(58,13453),(59,27981),(60,2556),(62,19513),(65,638),(67,15221),(70,13984),(73,8754),(75,26665),(78,2414),(86,2459),(88,27336),(89,21445)]	84.552320
649	[(2,15013),(5,25250),(7,98),(8,20262),(9,16272),(10,2803),(12,10475),(14,21072),(15,10186),(16,5388),(18,15562),(19,10858),(20,6014),(21,18506),(23,21002),(25,1054),(26,26126),(27,3433),(29,11850),(33,3535),(34,2496),(36,25994),(41,10294),(44,22730),(45,4620),(49,5849),(56,9204),(57,11811),(58,11009),(65,15513),(67,27273),(69,9843),(70,10922),(75,19474),(77,13005),(78,19076),(80,18024),(81,5056),(83,9759),(85,28007),(86,12676),(91,3643),(92,7222)]	86.714963
650	[(3,22640),(5,9851),(6,10638),(7,2742),(8,22916),(13,23385),(14,23081),(15,23674),(16,18182),(18,3756),(21,10519),(22,12616),(28,17998),(29,22095),(31,27190),(32,13081),(38,21248),(42,5277),(52,20299),(54,1997),(55,772),(57,26773),(59,4802),(62,25288),(64,18934),(65,26722),(68,9038),(69,3223),(72,27746),(90,15232),(92,19690)]	85.965854
651	[(0,6700),(1,28335),(5,9616),(6,17722),(8,9405),(9,11862),(11,9364),(17,25888),(18,28544),(22,15212),(23,8987),(24,26541),(27,15228),(28,23753),(32,15147),(34,16426),(35,12555),(36,20578),(38,25206),(40,12604),(41,22382),(44,11689),(46,7482),(47,18728),(48,19798),(52,24235),(60,17850),(61,21475),(63,12411),(64,11103),(66,24435),(68,9049),(69,10350),(74,8355),(75,24119),(76,18767),(77,5397),(80,21768),(82,6446),(83,11206),(85,23696),(87,2639),(89,21763),(90,17748)]	81.024775
652	[(2,23362),(3,19390),(5,27982),(11,1878),(13,20041),(16,17325),(18,6463),(24,8634),(25,22532),(26,10434),(27,6698),(28,17625),(30,745),(32,7548),(35,9864),(37,11140),(38,14080),(40,12234),(41,329),(43,23149),(44,28330),(45,17945),(46,529),(47,24005),(48,5809),(50,15314),(53,294),(54,7339),(55,20952),(56,16455),(58,3759),(63,13129),(64,12500),(67,10536),(75,11696),(77,16056),(78,21344),(79,18573),(81,12140),(83,13577),(85,1926),(87,17833),(90,4085),(91,11301),(92,19432)]	90.346176
653	[(0,19397),(1,24801),(3,3224),(4,6155),(6,19895),(11,25655),(12,19937),(17,19642),(19,11178),(23,11626),(24,15940),(27,27555),(29,17247),(31,4984),(33,28564),(37,1929),(40,20653),(43,14459),(44,11232),(46,5798),(48,7075),(49,17950),(53,5010),(57,21002),(59,1694),(60,21257),(61,16518),(63,27906),(66,9331),(67,19295),(68,3463),(71,18812),(75,7408),(76,11818),(78,523),(79,6164),(82,21418),(83,20363),(84,10355),(87,14195),(88,1391),(90,14090),(91,3933),(92,11318)]	83.724500
654	[(0,20902),(7,4108),(11,1905),(12,23678),(14,24470),(15,17679),(21,7463),(22,18863),(27,17782),(28,15765),(30,24612),(33,13139),(35,26868),(36,4559),(37,25603),(38,731),(43,15541),(46,5887),(50,18928),(51,12613),(56,10596),(58,17798),(59,28348),(60,3440),(61,18522),(62,18142),(65,9023),(67,19480),(70,28625),(72,8029),(79,22581),(80,4681),(81,23423),(84,344),(91,23724),(92,11055)]	80.988952
655	[(3,25374),(4,17841),(6,24313),(9,10118),(13,9999),(15,10290),(16,16376),(18,27124),(19,10275),(21,1454),(24,20706),(25,23981),(29,3595),(30,24172),(31,25359),(35,3675),(37,8949),(40,21837),(49,10017),(50,17431),(51,4154),(52,19191),(57,492),(58,5995),(60,5528),(61,13372),(62,9935),(63,21128),(67,25540),(71,5640),(72,26335),(74,404),(76,518),(78,28406),(79,3009),(85,10334),(86,11074),(89,7435)]	84.689551
656	[(0,22886),(1,23136),(3,22604),(5,25047),(6,25845),(7,21718),(8,760),(9,20601),(10,4429),(11,13824),(12,22529),(15,27212),(21,21976),(22,6605),(25,25551),(28,11674),(29,24995),(30,24363),(31,25114),(34,11370),(35,28487),(36,2592),(39,11911),(40,20562),(41,3790),(42,24413),(43,20855),(46,3440),(47,9170),(49,7472),(54,5996),(57,19992),(58,17395),(59,2201),(60,17391),(62,11251),(63,6345),(64,3634),(66,25878),(71,6676),(73,16829),(75,18187),(79,24142),(80,6861),(82,40),(85,8078),(86,20963),(87,6553),(89,7106),(90,6758)]	86.525396
657	[(2,7319),(7,9791),(10,22528),(12,5510),(13,26625),(14,19900),(15,9558),(17,19404),(18,18791),(19,8727),(23,27411),(27,12660),(28,10579),(29,19942),(31,10487),(32,6293),(33,26885),(38,10001),(40,20261),(42,17929),(43,5408),(44,25195),(46,20860),(48,20147),(49,28175),(51,21080),(52,16099),(53,17769),(54,4970),(61,20109),(62,11401),(63,26103),(68,8019),(69,14344),(70,21955),(73,23515),(74,22924),(78,2499),(79,9359),(81,6859),(82,446),(84,10995),(85,4180),(87,5376),(92,19444)]	80.187485
658	[(0,20969),(6,23092),(8,3797),(13,4600),(15,22600),(18,3705),(19,15850),(22,17157),(23,17029),(26,6221),(27,11432),(33,12912),(36,20481),(37,22911),(40,24688),(42,6493),(45,14381),(49,10363),(50,26912),(55,2739),(56,19974),(57,7046),(59,12264),(64,10260),(65,20911),(66,2885),(67,16839),(73,13842),(74,25931),(77,22202),(78,27586),(79,27806),(81,11285),(83,26614),(88,16215),(91,4887)]	103.398627
659	[(1,574),(7,14329),(13,12943),(16,20677),(17,11086),(21,1896),(27,8608),(29,13169),(31,2764),(32,9982),(36,197),(38,20986),(39,6408),(42,17040),(45,1998),(47,15739),(48,344),(49,10009),(52,5817),(54,16101),(57,28162),(59,12002),(60,10733),(68,296),(70,17450),(72,14065),(73,7201),(75,3809),(77,7989),(85,13452),(86,22709),(91,18175),(92,14614)]	97.598908
660	[(0,18385),(3,27384),(5,10105),(7,14377),(8,8041),(9,4450),(12,23052),(13,3117),(14,1292),(16,17685),(20,8923),(23,25430),(24,9538),(26,24929),(30,9965),(32,15411),(34,2208),(35,912),(36,21601),(39,21834),(41,12679),(43,25054),(46,18076),(47,11770),(48,22624),(49,25033),(50,21435),(52,3152),(53,24637),(55,16954),(57,14126),(59,21860),(60,12665),(61,2917),(67,16356),(68,24938),(69,20285),(70,4320),(75,2990),(76,4981),(80,26093),(81,9073),(82,11703),(84,17709),(85,23238),(88,17397),(90,4308),(91,12914)]	82.583715
661	[(4,4082),(6,6155),(8,17619),(10,24933),(16,600),(19,27245),(21,18075),(25,10603),(27,14436),(28,20964),(32,17567),(38,18858),(39,23807),(40,662),(42,15066),(43,18042),(46,5151),(49,14560),(51,1406),(52,8985),(54,15602),(56,5282),(58,17876),(60,15112),(62,16001),(64,3229),(65,8185),(68,4870),(73,18458),(75,25532),(76,18258),(78,924),(80,27738),(81,23496),(84,24697),(88,15379),(91,16874)]	82.061641
662	[(3,16823),(5,25373),(7,12099),(11,18128),(13,10741),(15,24751),(16,25872),(19,20636),(20,21126),(21,9666),(23,15154),(25,18917),(26,13625),(27,1397),(32,7123),(33,8497),(36,13483),(37,23402),(38,16423),(41,15973),(44,4619),(48,26116),(49,11847),(50,5016),(51,21317),(52,23986),(59,12014),(60,13546),(61,27353),(63,28290),(66,1124),(70,17748),(73,25018),(74,26300),(75,24679),(76,15820),(77,12517),(82,652),(87,1757),(90,3777),(92,1500)]	81.382116
663	[(1,1947),(2,20984),(3,4005),(4,19148),(6,9626),(7,4822),(8,3667),(12,7263),(13,4599),(15,2379),(16,13697),(17,26644),(20,202),(24,12483),(27,28177),(28,1254),(33,22269),(34,27039),(39,14237),(40,5674),(41,17256),(42,26679),(44,18289),(47,19585),(50,13953),(51,16079),(53,16311),(54,5557),(57,17916),(58,9312),(61,2000),(63,8518),(65,4375),(70,18749),(71,24866),(74,547),(76,10005),(82,12652),(83,19394),(84,12857),(88,8388),(90,17699),(91,7988),(92,24139)]	81.980397
664	[(1,26127),(2,28531),(4,7974),(5,20629),(7,11429),(8,27247),(9,21942),(10,11917),(13,25191),(15,26746),(16,5743),(17,178),(19,25850),(20,18507),(22,9111),(24,18996),(26,16436),(29,20436),(30,11206),(31,3964),(33,27029),(38,15688),(42,13450),(43,7697),(44,24301),(45,184),(46,7066),(55,20276),(57,17475),(59,12392),(60,11522),(65,8656),(68,28529),(71,10592),(74,20966),(79,3448),(82,15788),(85,26494),(86,25176),(89,11444),(90,19854)]	78.212666
665	[(0,11725),(3,11092),(8,22740),(9,5219),(17,23504),(19,22023),(25,6642),(26,16401),(27,27759),(32,16614),(35,8043),(36,8771),(37,20960),(46,16115),(48,2427),(49,27136),(50,16170),(52,4383),(54,28214),(57,1663),(58,18724),(59,15342),(63,27815),(64,24941),(67,13113),(68,25663),(70,787),(71,27077),(72,4831),(73,5535),(74,1068),(76,6311),(83,1732),(84,26316),(85,4226),(86,24517),(88,7616),(90,10193),(92,12541)]	82.045281
666	[(8,2857),(11,14648),(13,23622),(14,25350),(15,25712),(17,291),(18,15682),(20,10502),(22,19866),(24,1911),(29,7537),(34,19188),(38,21948),(39,16160),(41,25041),(45,1101),(46,28346),(52,11690),(54,26984),(57,18553),(58,2551),(65,28515),(67,23616),(70,23790),(72,5420),(73,23679),(74,2030),(78,24129),(81,4255),(82,2859),(89,19658),(92,231)]	79.336359
667	[(0,18927),(1,27817),(3,4224),(4,19210),(8,17994),(9,25413),(14,9068),(18,13042),(19,8509),(24,6028),(28,13236),(32,12881),(36,253),(38,20621),(41,20326),(44,2308),(52,1257),(53,3206),(55,5320),(58,11668),(61,18964),(62,9116),(63,696),(64,7713),(67,26591),(70,5150),(73,8370),(76,28465),(77,14078),(79,19206),(80,25281),(87,24194),(88,4367),(89,3351),(91,28159),(92,26816)]	86.263347
668	[(0,14384),(1,21042),(3,17359),(4,60),(5,10489),(8,26904),(9,1468),(11,2347),(12,26121),(16,12559),(18,8636),(20,11340),(25,3688),(30,7157),(34,20767),(36,9797),(39,4252),(40,5765),(42,27678),(47,21534),(50,20425),(51,231),(52,8669),(53,11005),(54,6128),(56,19060),(57,20944),(58,7199),(60,14990),(64,6043),(72,20740),(74,6404),(76,21118),(82,13744),(84,28622),(85,7621),(87,1116),(89,3157)]	97.037479
669	[(0,4331),(1,4042),(3,8277),(6,22714),(8,15934),(10,22909),(11,15919),(12,22957),(13,10076),(15,26256),(16,5183),(18,4459),(21,13164),(22,1138),(24,10971),(26,19317),(27,12497),(29,5797),(32,25663),(33,23723),(41,16343),(43,8220),(44,25285),(46,19578),(48,28129),(49,18799),(50,10972),(52,9617),(53,22436),(55,13892),(60,23212),(62,9893),(63,25184),(64,2428),(65,14628),(66,23389),(71,4433),(72,21070),(73,3107),(75,3026),(77,22887),(78,16104),(79,6773),(80,20980),(81,22509),(82,7123),(83,25944),(85,27115),(86,16006),(88,12271),(89,24620)]	87.010694
670	[(0,4560),(1,5757),(6,4667),(7,4289),(8,10357),(9,20507),(11,23935),(12,6444),(13,10938),(14,24248),(19,9369),(23,16349),(26,5681),(27,9865),(29,8195),(34,1120),(35,14561),(39,5328),(43,25864),(44,17844),(45,18149),(46,9767),(47,2120),(48,23719),(51,13910),(55,14827),(56,10337),(57,25456),(61,18343),(63,1225),(67,19135),(73,22401),(74,16788),(75,5839),(77,587),(80,7436),(81,4217),(83,7994),(84,3682),(85,10170),(86,14521)]	105.893290
671	[(0,23876),(1,21984),(2,6606),(3,24021),(7,27002),(9,27902),(10,6806),(11,21224),(12,27262),(15,2604),(16,11840),(18,16515),(19,27305),(23,14806),(24,5876),(33,10373),(35,27472),(36,3041),(39,2787),(40,17178),(45,27444),(46,7400),(50,16199),(51,73),(54,12425),(55,6260),(56,1335),(57,13391),(63,7139),(66,22129),(67,20658),(69,10174),(70,8789),(72,25206),(73,20618),(77,22610),(78,17893),(80,23868),(82,8059),(85,26738),(86,22457),(87,24758),(90,28251),(91,14066)]	84.421999
672	[(0,1159),(2,21231),(5,27600),(6,22707),(7,20640),(11,19232),(12,27359),(13,15582),(19,18243),(20,13002),(21,4010),(24,5352),(25,1980),(26,11518),(27,10764),(31,5531),(32,9838),(33,13146),(34,10632),(35,8867),(36,4119),(37,23494),(38,14611),(40,27477),(44,18234),(46,23494),(50,2354),(51,22807),(53,21763),(54,17748),(57,3694),(58,18484),(59,10218),(64,3583),(67,2362),(68,744),(69,18004),(71,17513),(73,12245),(74,18573),(75,17523),(78,4077),(81,2336),(86,22091),(87,23542),(89,13807),(91,23969)]	83.643112
673	[(0,12556),(1,10102),(3,13972),(5,1519),(6,24275),(8,21996),(13,19817),(14,11455),(18,26131),(19,1107),(20,9449),(22,24042),(27,3378),(28,7879),(29,18594),(30,18513),(32,17684),(34,11576),(35,12138),(37,5763),(38,23361),(41,13125),(43,9368),(45,24282),(46,20790),(50,9557),(51,24388),(52,10217),(56,1892),(57,27525),(62,26061),(63,17613),(64,6385),(65,17065),(71,18136),(72,8360),(74,1390),(76,2425),(78,16547),(79,26704),(81,21507),(82,12591),(83,7293),(85,11309)]	85.590810
674	[(0,18194),(1,1068),(3,15006),(5,28493),(6,28000),(9,13098),(10,3364),(15,15444),(16,1711),(18,8261),(27,26472),(32,10096),(33,26399),(34,24836),(36,25207),(40,3821),(44,695),(47,20666),(49,777),(51,17553),(53,12942),(58,6180),(59,14529),(60,10506),(61,14924),(62,2622),(66,7990),(69,13239),(71,2791),(75,4907),(79,20734),(80,2847),(81,23644),(83,10295),(85,17275),(88,6632)]	81.203895
675	[(1,19739),(2,6861),(6,19227),(8,7775),(10,5272),(15,7955),(20,21543),(22,6024),(23,10901),(25,21924),(27,321),(28,23735),(34,21758),(36,14905),(38,25309),(40,10636),(45,13821),(46,19143),(49,22910),(50,12645),(51,24055),(52,24818),(54,25900),(55,14440),(56,27823),(60,7838),(62,21408),(65,12480),(69,2453),(70,4842),(76,9643),(77,24727),(79,5172)]	82.587024
676	[(0,1537),(1,600),(2,12341),(3,5279),(4,24728),(5,20521),(8,2234),(13,836),(15,16926),(16,3799),(18,25181),(19,22928),(20,8571),(29,28690),(30,6433),(36,6632),(37,13903),(38,27189),(41,27120),(47,25821),(49,14286),(52,23920),(54,12316),(55,9160),(57,20103),(62,28209),(63,16421),(65,6412),(66,14682),(69,26722),(70,26776),(71,14154),(75,2090),(77,24637),(79,10059),(86,28607),(88,7655),(89,20541)]	81.380302
677	[(2,2802),(3,8695),(6,12290),(10,3407),(14,294),(15,7339),(16,20952),(17,20036),(19,25653),(20,5390),(23,28413),(28,1317),(33,14842),(36,9984),(40,22658),(42,6945),(43,27296),(46,14057),(47,27018),(50,26791),(55,25815),(58,11547),(60,25347),(62,5267),(65,8546),(66,9197),(68,11979),(70,26191),(71,7178),(72,4276),(75,20332),(79,9608),(80,12793),(81,16584),(86,24538),(89,13509),(90,23587),(91,220)]	82.380148
678	[(0,10864),(7,13280),(10,12671),(16,12941),(18,7121),(20,8555),(22,1455),(23,24364),(26,10847),(29,15388),(30,25444),(31,27087),(33,23339),(34,2187),(35,11504),(37,18402),(41,22445),(47,19368),(48,8418),(50,21326),(51,20886),(55,25948),(56,17953),(58,18546),(59,8882),(66,3341),(70,5559),(72,16467),(73,11561),(76,24072),(77,23257),(81,9191),(85,1944),(88,1724),(90,14659)]	80.361904
679	[(2,25084),(5,7142),(8,1515),(13,18722),(14,28151),(15,11209),(16,3413),(18,25034),(19,16577),(20,24776),(22,19116),(25,12898),(26,8116),(30,23429),(31,4965),(42,18684),(46,8932),(50,340),(51,22298),(55,1607),(56,6279),(57,15782),(58,26368),(59,19141),(60,14338),(61,12190),(64,24529),(67,17964),(69,5326),(70,1393),(71,24992),(73,18323),(75,15039),(76,2928),(77,12319),(78,24106),(80,12693),(82,23575),(88,4237),(92,26671)]	91.072443
680	[(2,14769),(3,20223),(4,22137),(5,14877),(6,26739),(8,3479),(9,25202),(10,1539),(15,9126),(16,7683),(18,6404),(20,9515),(21,7657),(22,7711),(23,23429),(26,17134),(27,6070),(31,9210),(32,24245),(33,18004),(36,9451),(40,13372),(42,10765),(43,16371),(44,24013),(46,10660),(47,15449),(49,26211),(51,20826),(53,7252),(55,19319),(58,12860),(62,763),(66,5543),(71,7530),(72,14158),(73,13642),(74,2153),(75,12491),(76,19203),(78,14342),(80,12330),(81,9195),(86,22237),(92,11993)]	83.661756
681	[(0,15193),(2,12483),(4,23385),(5,23081),(6,23674),(7,17313),(9,18809),(12,28505),(13,19513),(17,17127),(18,385),(20,13851),(25,15270),(26,22542),(31,7216),(37,5473),(41,16009),(42,2992),(43,23101),(47,26320),(49,3425),(52,13561),(56,7351),(61,8698),(63,19345),(65,27304),(66,1175),(67,742),(70,27124),(76,18853),(77,13839),(80,14007),(83,18959),(84,11411),(85,273),(87,16563),(90,21325),(92,20790)]	80.771086
682	[(1,16531),(6,23708),(9,27746),(12,15682),(14,2336),(16,16963),(19,27209),(20,28038),(23,2677),(24,17158),(25,4678),(27,25241),(31,5895),(32,10457),(37,27922),(38,8560),(40,23888),(43,3382),(45,22776),(50,9718),(54,4076),(57,1671),(58,1350),(60,24216),(62,16838),(64,12130),(66,25596),(68,20458),(69,24514),(71,20267),(72,8113),(75,2123),(77,16831),(80,18563),(84,25659),(86,18551),(91,2615),(92,13200)]	98.313979
683	[(1,849),(3,22228),(4,18947),(5,20203),(6,2175),(8,2945),(10,6438),(11,4515),(12,28152),(13,3502),(19,12699),(20,229),(21,16545),(23,17042),(26,11279),(31,27486),(33,25296),(34,20243),(35,12963),(38,4532),(39,16987),(40,8977),(42,26766),(44,3340),(46,25361),(49,8672),(53,11493),(54,22534),(57,28177),(58,18826),(59,25681),(62,20328),(65,3072),(67,26817),(68,9457),(69,3034),(71,17284),(72,27849),(75,21802),(79,25282),(80,10776),(81,27683),(82,26153),(84,18834),(85,24802),(86,13345),(90,15142),(92,20535)]	86.679704
684	[(4,14948),(7,24940),(8,351),(14,1875),(15,7958),(17,26753),(19,20859),(21,27316),(24,2298),(25,8545),(27,17914),(31,27529),(33,12884),(34,4117),(36,12554),(37,26969),(38,13896),(39,27228),(45,18389),(46,10434),(48,20707),(53,27918),(54,19919),(59,17182),(60,13353),(61,8661),(62,23764),(64,1066),(65,28249),(70,12170),(71,7455),(72,19977),(73,7538),(74,4412),(76,20128),(79,9949),(85,1609),(87,14608),(89,23083)]	81.307123
685	[(4,20987),(6,25903),(7,26483),(8,5022),(14,19114),(16,23097),(17,28398),(28,21469),(29,1565),(30,4967),(31,7839),(32,17219),(35,9261),(36,20030),(38,21925),(40,197),(41,11796),(44,4189),(46,11782),(47,428),(48,13582),(52,26063),(54,23149),(56,24093),(61,16316),(63,23076),(64,3371),(65,15139),(66,9673),(67,11547),(71,7507),(72,16917),(73,9342),(74,27616),(81,5314),(83,20920),(84,13637),(88,19690),(89,667),(90,20883)]	81.405082
686	[(2,28447),(3,3961),(4,23319),(6,5079),(10,12654),(11,5119),(12,24267),(13,11128),(20,6661),(22,12779),(26,24769),(30,18227),(33,2226),(37,25900),(38,14440),(40,5224),(41,4886),(47,10681),(48,15922),(50,16274),(53,17858),(54,24553),(55,5660),(56,10429),(57,25701),(58,25266),(61,251),(64,2448),(65,26082),(69,24431),(70,13199),(73,12308),(79,20160),(80,10030),(85,3268),(87,18091),(88,15735),(90,2358),(91,19033),(92,24631)]	79.212000
687	[(4,14006),(6,8772),(9,25356),(10,27093),(13,1649),(14,22695),(15,14380),(19,10128),(20,21786),(23,786),(25,15945),(28,16081),(30,10664),(34,13464),(37,22581),(38,4681),(40,17506),(44,18860),(48,11528),(49,18511),(54,13072),(55,567),(56,18556),(57,1153),(58,24112),(59,2207),(62,20751),(63,21491),(64,27115),(65,12304),(67,7428),(68,21179),(70,17500),(71,12681),(75,15208),(76,2473),(77,22340),(79,26346),(80,23053),(82,39),(85,13986),(86,13787),(87,8427),(90,21977),(91,5728),(92,25731)]	81.505510
688	[(0,22334),(3,8199),(8,14007),(10,18719),(12,28575),(14,4272),(18,6467),(20,3016),(27,18418),(30,832),(33,18888),(35,19969),(36,18656),(38,8738),(45,1543),(47,500),(48,13932),(51,15814),(56,18966),(59,832),(61,27618),(62,16376),(64,3578),(65,9903),(67,15974),(68,24430),(74,11804),(75,12495),(78,19947),(81,9718),(86,27242),(90,358)]	77.854386
689	[(0,22399),(4,20807),(8,19804),(10,27798),(11,5348),(13,14066),(16,17769),(21,8456),(31,10469),(34,3511),(38,426),(41,22172),(43,6683),(48,15788),(50,9821),(51,2490),(53,3664),(54,1615),(57,12061),(58,9431),(59,16251),(61,12048),(63,14057),(64,19729),(65,19615),(67,1999),(69,16377),(70,24108),(73,22498),(76,5684),(78,22683),(79,18724),(82,27177),(86,9119),(89,9993),(92,13941)]	78.607312
690	[(0,21006),(1,13748),(5,6672),(9,13082),(12,13401),(14,26079),(23,3171),(27,432),(29,1473),(30,28425),(31,3737),(32,1566),(33,12381),(35,6888),(37,4401),(39,4725),(42,18339),(47,18809),(50,28505),(51,19513),(52,15254),(54,4242),(56,12424),(60,18122),(62,8800),(71,8036),(72,5631),(73,6169),(75,14856),(76,23564),(78,24454),(79,24848),(82,12182),(83,12482),(84,20473),(87,19475),(89,20920),(92,4927)]	81.148687
691	[(1,5812),(8,28166),(9,24847),(15,25016),(18,12817),(19,23554),(21,27014),(23,28339),(25,24359),(31,9579),(34,20893),(35,26763),(38,13711),(39,13832),(43,2039),(45,24521),(49,20245),(51,22011),(52,10227),(54,21969),(55,20121),(56,8437),(57,8357),(58,5996),(60,25261),(62,16775),(64,12008),(67,11429),(69,563),(70,15744),(71,27603),(74,15118),(75,17835),(76,7023),(78,15324),(79,27663),(81,23810),(85,21889),(88,24305),(89,398)]	89.387254
692	[(1,22905),(3,16449),(4,14568),(6,12926),(7,4376),(8,24605),(14,19972),(15,28018),(19,2493),(23,4164),(24,24213),(25,18949),(26,6262),(30,1171),(34,23943),(37,4020),(38,21643),(40,11229),(42,23297),(43,10748),(49,1187),(55,6164),(58,21418),(59,17979),(62,19247),(63,6678),(64,4200),(65,25435),(70,12238),(72,7478),(73,5683),(79,9287),(81,7324),(82,23290),(84,2959),(87,24566),(88,8871),(90,23575),(92,25095)]	81.988037
693	[(2,7640),(5,22821),(6,7716),(7,23700),(8,1418),(9,5947),(10,4438),(12,22603),(13,303),(14,6717),(15,21552),(16,23287),(17,17531),(18,26100),(19,18381),(20,5642),(21,9650),(23,25674),(25,27210),(26,2435),(28,8810),(30,23130),(48,27549),(49,23124),(52,26781),(53,7093),(57,16004),(58,27071),(59,3451),(61,7213),(62,15415),(64,13648),(68,9210),(72,6643),(73,9123),(74,24876),(75,20525),(79,24675),(82,25159),(85,13164),(91,8561),(92,10153)]	78.860077
694	[(0,21389),(1,3088),(4,13393),(5,28128),(7,24783),(9,22975),(15,19164),(16,18582),(22,12361),(24,315),(28,22538),(30,10259),(32,8584),(34,12624),(36,26864),(38,5295),(39,8311),(41,18686),(42,15348),(45,19514),(47,28270),(48,14742),(50,28690),(51,4850),(52,13710),(54,11036),(55,1332),(58,22022),(59,16067),(63,20767),(65,9797),(68,4263),(69,25727),(70,16870),(71,24476),(72,19890),(73,11919),(74,9474),(75,13251),(76,18393),(77,6318),(78,6992),(80,23886),(81,2606),(82,3444),(83,28495),(86,16733),(89,11047)]	80.545170
695	[(2,10749),(3,11060),(4,10923),(7,5640),(9,12149),(10,7299),(11,17753),(12,16692),(14,3450),(16,22210),(17,20071),(24,9638),(30,6249),(31,23333),(32,28001),(35,27951),(42,2628),(46,26821),(47,13008),(48,24805),(50,5301),(53,23310),(54,13505),(55,27863),(58,5124),(59,14430),(61,5476),(62,14567),(67,2595),(71,20380),(73,26245),(76,13606),(77,16132),(78,14808),(81,1016),(82,5242),(83,11974),(86,21116),(90,3874),(91,10743)]	99.709404
696	[(0,12133),(1,6833),(2,19423),(3,17183),(5,19684),(9,24856),(10,17285),(11,3668),(15,25121),(16,14388),(20,22934),(21,16371),(22,14784),(25,2412),(28,447),(32,28497),(33,10182),(34,10330),(36,23116),(37,5880),(40,18753),(42,9423),(45,1274),(47,25789),(52,17615),(56,8408),(63,9824),(68,4720),(70,2687),(71,4564),(79,28507),(84,9160),(87,7971),(91,17612)]	80.759351
697	[(1,7468),(2,10067),(5,12648),(9,12348),(10,8901),(11,2876),(12,20192),(13,2485),(14,14801),(15,27332),(16,17645),(19,17801),(21,28644),(24,13829),(28,2485),(30,28632),(31,11082),(36,8869),(39,18600),(41,15313),(43,4382),(44,4214),(45,146),(46,22053),(50,12136),(51,13424),(55,27028),(56,5650),(61,23954),(64,11982),(67,25847),(69,17817),(72,24205),(73,6466),(75,9845),(78,3239),(79,9742),(82,26654),(83,25055),(86,4268),(88,4021),(91,12454),(92,26616)]	84.996757
698	[(2,8274),(3,14794),(4,1593),(5,21182),(9,19932),(10,27674),(11,5813),(18,15339),(20,21611),(24,21825),(26,10599),(30,1280),(34,3574),(35,14477),(36,8419),(39,8660),(40,18723),(41,18371),(42,25887),(45,2912),(46,13646),(47,5781),(50,25940),(51,13036),(52,4976),(54,19889),(59,14389),(62,24505),(66,24063),(67,6625),(72,18378),(77,20364),(78,24099),(80,5303),(81,451),(82,9591),(84,7955),(85,3564),(89,15460),(90,4623),(91,8441)]	82.670546
699	[(0,9155),(1,15539),(2,13443),(4,855),(5,735),(7,26354),(8,21251),(9,24306),(11,21707),(12,25808),(14,27520),(16,13096),(24,16428),(27,13123),(29,21851),(30,12872),(31,19312),(32,4620),(33,21511),(40,27997),(41,23451),(43,21113),(44,8548),(45,26150),(47,6966),(48,24957),(51,2091),(52,4353),(53,22251),(54,1247),(63,27172),(66,9033),(69,16722),(73,5273),(74,4244),(78,27125),(88,12346),(90,28236),(91,15634)]	79.470786
700	[(5,19395),(7,3559),(8,10018),(9,4216),(11,3710),(14,15036),(15,4285),(16,8992),(22,6422),(26,18963),(39,901),(40,2322),(41,229),(48,6883),(49,18910),(51,5524),(52,3744),(55,24104),(59,17935),(60,21849),(62,17355),(63,12430),(64,17778),(65,3156),(67,6250),(68,24295),(70,28159),(71,26816),(72,18748),(75,23669),(77,15093),(78,26906),(79,5575),(80,14486),(82,25942),(87,24129),(88,15470),(91,22412),(92,1673)]	79.886349
701	[(0,26656),(5,1923),(6,4049),(8,11478),(10,800),(15,11778),(16,28259),(21,12499),(31,20457),(35,8090),(40,26735),(42,21273),(46,13174),(47,28004),(48,1631),(49,3676),(50,11272),(52,2424),(53,13565),(55,27768),(56,4720),(61,16416),(62,8100),(63,1443),(64,13540),(65,26741),(67,22984),(69,182),(71,10043),(73,6354),(75,17485),(77,16924),(82,15099),(84,13906),(88,5949),(90,1545),(91,24939),(92,12909)]	78.893066
702	[(0,24682),(5,5221),(6,20892),(8,12673),(11,28199),(12,22792),(14,7168),(17,13378),(18,12274),(23,1329),(28,15258),(31,19227),(33,16452),(43,6433),(44,2026),(45,22230),(47,27198),(49,17384),(51,28690),(52,305),(53,1712),(54,11712),(57,25359),(61,5117),(62,20073),(63,17367),(64,15805),(68,27532),(77,24253),(78,6048),(79,27147),(82,20636),(83,18669),(84,2353),(86,12492),(87,14525),(88,6471),(90,22034),(92,8325)]	83.710579
703	[(0,10792),(3,3376),(4,22316),(7,12063),(10,15837),(14,2946),(15,7391),(16,25619),(21,25971),(27,4577),(28,4758),(30,24476),(32,18346),(33,9247),(35,15259),(40,13476),(41,1741),(46,24674),(47,18200),(48,19955),(50,8593),(54,10494),(57,20392),(59,11906),(60,26017),(61,64),(62,3267),(64,20327),(66,10482),(67,5081),(68,9633),(69,11939),(70,164),(73,24080),(77,14665),(78,2112),(79,28603),(80,26968),(86,21574),(87,17933),(88,17556),(92,7464)]	95.637502
704	[(1,21630),(3,5754),(5,4048),(8,22000),(11,17668),(12,13468),(13,26265),(14,22084),(16,19512),(17,8950),(20,28519),(21,27915),(24,13686),(29,13779),(31,21034),(32,8399),(34,24343),(37,15605),(38,17092),(39,8378),(40,7212),(41,13060),(42,12551),(43,6827),(51,15439),(56,9521),(57,14424),(58,18868),(59,28692),(60,24223),(62,26871),(63,2751),(65,28508),(66,22087),(68,2159),(69,23060),(70,1391),(72,14090),(74,25665),(77,5064),(78,335),(82,22387),(86,17234),(89,21205),(92,6085)]	81.738577
705	[(1,7288),(4,28067),(9,1697),(12,8779),(14,782),(18,19338),(19,25348),(20,13963),(21,54),(22,28533),(25,13216),(26,27899),(27,17079),(28,7431),(29,23533),(30,24501),(31,13170),(32,2046),(40,5606),(41,23666),(46,18768),(47,2563),(53,21038),(54,24586),(55,22016),(61,13377),(62,1561),(64,10596),(69,659),(73,11770),(74,13813),(77,4208),(81,9830),(83,4402),(84,12995),(85,12923),(88,12624),(89,21235),(91,24549),(92,5911)]	79.714501
706	[(0,25279),(1,2640),(3,3012),(6,10545),(7,15320),(8,22169),(10,22539),(12,20231),(18,21626),(20,6358),(21,9067),(22,9920),(23,9344),(24,25096),(25,18105),(26,8377),(28,13278),(29,2711),(30,20681),(31,12363),(32,7743),(33,9722),(34,12727),(35,431),(38,19915),(43,14412),(48,13436),(50,1519),(51,24275),(52,23608),(57,28134),(61,14048),(62,15048),(63,4340),(64,15835),(65,23517),(67,13957),(71,9084),(74,1391),(77,17000),(78,5017),(79,26904),(82,27337),(85,14608),(87,17520),(88,19532)]	83.007703
707	[(1,5360),(2,15247),(3,2839),(8,26351),(9,13421),(11,12450),(15,2191),(17,7362),(18,1749),(19,24448),(22,20163),(23,23072),(24,21286),(25,16412),(26,23823),(32,9745),(33,24493),(34,7306),(35,6659),(36,7988),(37,26043),(39,14117),(40,6904),(42,14827),(43,8961),(45,18220),(46,9124),(47,15827),(48,18538),(54,17338),(61,4251),(62,17745),(64,23099),(66,9457),(69,22346),(71,7354),(73,26167),(75,5896),(81,19192),(85,1065),(87,15003)]	104.545441
708	[(3,1159),(4,6816),(5,1519),(6,24156),(7,18152),(8,21659),(10,9206),(13,2944),(15,19700),(16,22750),(18,13202),(21,1557),(22,14833),(25,26327),(26,26617),(27,21941),(31,17898),(32,17776),(33,12434),(40,9414),(42,20469),(49,5815),(50,27706),(52,15174),(53,11191),(54,28594),(55,5187),(57,2963),(59,1194),(60,4616),(62,12994),(66,12541),(67,8731),(68,16388),(71,11443),(73,15858),(75,9247),(78,370),(79,4089),(80,8808),(81,8276),(82,15031),(83,5989),(84,15157),(86,14139)]	87.994712
709	[(3,11289),(7,27198),(16,5355),(17,21422),(18,22751),(19,589),(23,26937),(24,5974),(25,1295),(29,5135),(30,10041),(31,18481),(32,16213),(34,10232),(38,11911),(39,24395),(40,26027),(47,5559),(48,7230),(50,18826),(53,18352),(54,4438),(57,3058),(58,11132),(59,3342),(60,19860),(67,25954),(69,15682),(80,9533),(81,20776),(84,370),(86,28722),(88,130),(90,4420)]	83.616549
710	[(2,2463),(4,18744),(7,7328),(8,16505),(9,28606),(11,2805),(12,22436),(13,7611),(14,27253),(15,5396),(17,2821),(19,13133),(20,15453),(21,15707),(24,13363),(26,20037),(28,16619),(29,25591),(32,16771),(38,4208),(40,7167),(43,5334),(44,18097),(45,23949),(47,13033),(50,25284),(51,14147),(53,10888),(56,21105),(57,6594),(58,4961),(59,5467),(60,20175),(63,14348),(64,26975),(70,19404),(71,16093),(73,28321),(74,17015),(75,13027),(77,3410),(81,7620),(84,13241),(85,10795),(89,14209),(90,28076),(91,28287)]	80.980955
711	[(1,8304),(3,18769),(4,376),(5,9912),(8,4016),(10,6674),(15,1074),(17,12100),(18,17624),(19,21364),(20,25408),(21,28414),(22,15675),(25,24227),(28,23847),(30,5879),(34,25217),(36,19601),(37,20305),(38,10768),(41,25202),(42,4937),(45,23140),(47,9871),(49,20946),(51,21888),(53,6942),(57,3970),(58,10386),(59,17768),(61,2151),(62,9977),(63,21956),(64,6509),(67,12346),(70,758),(71,11103),(72,3462),(77,125),(80,22258),(81,8938),(82,25466),(86,2849),(87,22896),(88,27082),(89,13039)]	81.134886
712	[(4,12374),(6,16922),(8,11604),(9,18344),(11,23051),(16,1240),(17,27866),(18,27020),(19,992),(22,22151),(25,5389),(26,7689),(30,21664),(32,24350),(34,14955),(35,28534),(38,14078),(43,7275),(44,20885),(46,5820),(47,16381),(50,21380),(51,18095),(53,7431),(55,16419),(56,9379),(57,18185),(58,25463),(59,3548),(61,28021),(62,16414),(63,10293),(64,14882),(65,16177),(68,17165),(74,19570),(76,5270),(77,17102),(81,7765),(83,24812),(86,1317),(87,3802),(88,8251)]	79.777788
713	[(0,13744),(2,6950),(4,2897),(6,26184),(10,24604),(11,3218),(14,7054),(16,23527),(17,16722),(18,26242),(19,2296),(23,21355),(24,22200),(25,15653),(28,13635),(31,15204),(34,16131),(41,14198),(42,14790),(43,13034),(44,830),(47,25756),(49,16680),(50,9112),(52,27948),(53,21822),(55,15379),(58,19245),(61,17884),(63,22643),(64,22219),(70,28490),(72,16685),(74,1187),(75,17226),(76,27341),(77,18324),(79,28576),(81,12136),(82,26053),(84,7427),(87,6809),(88,26131),(89,20905),(90,25290)]	79.754578
714	[(1,16939),(2,17190),(5,26623),(6,23232),(13,3009),(14,7702),(15,27343),(16,1943),(17,22628),(18,25461),(19,2065),(20,22835),(21,18436),(22,4667),(26,4368),(27,1206),(30,13912),(32,21645),(34,17815),(35,25865),(37,10579),(38,19942),(39,15840),(40,24153),(41,482),(42,4969),(46,3729),(50,1285),(56,12322),(58,7814),(60,17872),(63,13784),(64,790),(66,17477),(67,374),(68,15815),(72,3702),(78,1799),(80,16210),(81,23721),(82,6833),(83,19423),(84,17183),(85,10030),(87,10503),(88,5118),(89,21554),(90,6073),(92,13871)]	80.587956
715	[(0,25042),(3,14865),(5,23736),(6,3644),(9,8596),(10,805),(12,2923),(14,1938),(15,22073),(16,13456),(17,7631),(21,13979),(25,1844),(26,12583),(28,7013),(29,21131),(34,8954),(39,10195),(40,18101),(45,25452),(47,1996),(48,22317),(50,7407),(54,16894),(56,4667),(57,1051),(59,18147),(60,6265),(61,17650),(64,1048),(68,19901),(71,5299),(75,25897),(77,22294),(78,27643),(82,20828),(84,7913),(85,3430),(87,18427),(89,13737),(90,9890),(91,6071),(92,17036)]	93.099988
716	[(0,27640),(1,22267),(4,21312),(6,16196),(8,5651),(9,22041),(11,17660),(12,3613),(14,9998),(15,20983),(17,9817),(19,13854),(21,3643),(22,26274),(23,5798),(24,4301),(25,204),(27,720),(28,3272),(29,3779),(31,17223),(32,1141),(36,14837),(37,5221),(38,20892),(40,18368),(41,25867),(48,12279),(49,19040),(50,11549),(51,18320),(55,18063),(56,16306),(62,28713),(63,2840),(64,18690),(65,8119),(66,1622),(67,11046),(68,2519),(69,25630),(70,10511),(71,7107),(72,8742),(73,28403),(74,23333),(76,9928),(78,4697),(79,19595),(82,27272),(83,4423),(84,18764),(85,7367),(92,13561)]	84.455767
717	[(2,24227),(4,16871),(5,7701),(6,4725),(7,7403),(9,1356),(11,20458),(14,25190),(17,1480),(18,26947),(19,28574),(26,4427),(28,25728),(31,11308),(32,16788),(35,15296),(36,4607),(37,26437),(43,24797),(47,13555),(50,908),(51,5402),(52,9152),(53,19265),(55,27273),(57,28037),(59,22520),(60,3606),(64,13068),(67,20013),(68,14506),(69,1469),(72,1937),(73,20738),(74,12825),(78,4252),(79,5765),(81,26350),(82,12590),(84,13846),(85,27425),(86,15278),(87,826),(88,485),(89,23331),(90,26924)]	81.829128
718	[(2,20292),(4,9176),(5,11478),(11,7574),(13,6256),(14,7153),(17,9613),(19,15387),(21,12213),(23,28617),(28,17308),(30,14586),(31,2511),(33,15333),(34,5992),(35,8141),(37,5244),(38,15587),(44,18459),(45,5209),(46,7388),(48,17413),(49,1037),(50,14597),(53,6292),(55,8820),(56,10237),(57,27886),(59,25628),(61,9702),(63,7606),(64,16128),(66,26114),(67,13573),(68,25761),(69,9431),(71,2995),(74,13690),(75,28611),(76,4672),(77,15153),(78,15164),(79,26593),(81,26123),(86,4885),(92,5195)]	84.054513
719	[(2,4568),(4,19775),(9,6865),(10,8352),(11,3113),(12,11994),(15,16543),(16,23490),(22,8615),(23,20106),(26,18477),(27,18760),(34,24455),(36,8948),(38,19572),(42,28043),(44,10425),(47,4383),(51,26160),(54,5811),(56,13772),(57,10138),(59,21507),(60,12591),(62,15105),(63,5592),(65,16933),(67,12237),(73,12490),(75,919),(76,21834),(82,10915),(83,16226),(86,14718),(87,9869),(88,28665)]	96.879791
720	[(0,11858),(2,12700),(4,20790),(5,12150),(6,5204),(7,4686),(8,16588),(10,21738),(12,15319),(13,11372),(16,2793),(17,7114),(18,28608),(19,19373),(22,5912),(26,11983),(27,23131),(28,27485),(30,21595),(32,26980),(39,5729),(43,24701),(46,19819),(47,16759),(48,26824),(50,27173),(51,28543),(53,20176),(54,5561),(56,11418),(62,20507),(65,19136),(66,15336),(67,7884),(68,7196),(70,28322),(71,25992),(75,549),(82,5562),(83,27598),(85,1881),(87,20127),(88,96),(90,20741)]	86.618306
721	[(2,19433),(8,13013),(13,8987),(15,12896),(16,10162),(17,10794),(18,9511),(21,5611),(22,28604),(25,25899),(29,23018),(31,7171),(32,15482),(39,10915),(42,25004),(47,10643),(48,6182),(54,19479),(55,15238),(56,3208),(58,13561),(59,27359),(61,22084),(63,1054),(64,26126),(65,9020),(73,11552),(74,15418),(75,11078),(76,22055),(78,20659),(80,18667),(81,9253),(84,10210),(87,9692),(90,25083)]	82.625733
722	[(2,27444),(3,1486),(5,4222),(6,9581),(7,16033),(8,23458),(9,7445),(13,16511),(18,19982),(21,7143),(22,26422),(23,23151),(24,26647),(29,18873),(31,23524),(32,23673),(33,2188),(34,15038),(35,1752),(39,21487),(40,16059),(42,3343),(44,5195),(45,23134),(47,4029),(49,21180),(50,4481),(51,11199),(53,24246),(55,489),(56,10882),(57,7176),(58,19846),(60,20440),(62,25674),(65,20442),(68,2231),(70,10138),(77,69),(82,7237),(83,9445),(84,26662),(92,18106)]	81.771517
723	[(1,22177),(6,14630),(7,7534),(10,27378),(14,20964),(15,23697),(19,4576),(20,1119),(24,26283),(30,18120),(31,4979),(33,22706),(41,9985),(43,3022),(44,22625),(51,12591),(53,5819),(54,10234),(57,22596),(58,14619),(59,23339),(60,2187),(62,16602),(64,11338),(65,2120),(66,23428),(67,26372),(72,16751),(75,15944),(77,25663),(78,20661),(83,476),(84,21556),(86,21011),(88,2581),(89,5514)]	79.154153
724	[(0,20258),(2,12160),(7,18260),(9,20943),(10,24823),(12,4871),(14,24193),(18,24994),(20,1391),(25,19527),(27,18936),(31,13073),(33,21417),(34,11870),(35,9365),(41,27847),(43,24086),(47,16382),(49,11555),(53,5931),(55,3086),(58,26941),(60,16679),(62,27014),(66,8755),(67,21091),(69,9595),(72,22694),(73,13061),(74,6929),(81,22665),(84,3091),(85,7942),(87,12896),(88,26101),(89,17902),(90,9835),(91,14633),(92,778)]	78.648801
725	[(1,1128),(4,28680),(7,18152),(9,13542),(11,12347),(14,8198),(15,7403),(17,1356),(18,4202),(23,14454),(24,4098),(25,9213),(26,11496),(27,19778),(28,10324),(30,12955),(31,9053),(32,10078),(37,24555),(42,20284),(43,10985),(44,13661),(45,5002),(46,17452),(47,575),(49,17170),(50,3271),(53,19318),(54,7997),(56,24145),(58,24536),(59,17677),(60,10245),(61,837),(64,22624),(65,17206),(67,19082),(68,3649),(69,1151),(72,3437),(73,17617),(74,9587),(79,18530),(81,7694),(86,4025),(88,8042),(89,13527),(90,25901)]	79.542950
726	[(1,12356),(2,3385),(3,10415),(7,19038),(8,6332),(9,19843),(10,15650),(11,12037),(14,4424),(16,14328),(20,14132),(21,20111),(23,21706),(26,21991),(27,2026),(29,9084),(33,4346),(34,25659),(37,20915),(39,22369),(41,1930),(43,17420),(46,3907),(49,23450),(51,2374),(52,8960),(55,20563),(56,12777),(62,1349),(63,16968),(65,4816),(70,24813),(71,3837),(72,3017),(74,14378),(76,16723),(78,4246),(81,17399),(82,10529),(83,17223),(87,27372),(90,3326),(92,497)]	82.515693
727	[(5,23),(6,26137),(7,17583),(8,5525),(9,12294),(12,13484),(14,11155),(16,8992),(17,10614),(22,2132),(28,10849),(32,24973),(34,6991),(35,1430),(37,21613),(38,8014),(40,11620),(43,12251),(46,22380),(47,15909),(48,15005),(51,9395),(52,1851),(53,23356),(55,19377),(56,23234),(59,8768),(62,28480),(66,13542),(69,12374),(71,8995),(72,8332),(73,26292),(74,2046),(76,22872),(82,19978),(85,1798),(87,5775),(89,8293),(92,21801)]	91.948186
728	[(0,499),(2,21240),(10,14608),(12,7851),(13,14969),(16,4475),(21,19085),(23,5918),(24,11616),(29,12987),(30,21560),(33,21141),(35,7961),(36,21499),(38,12859),(39,5353),(44,13218),(46,2124),(50,9137),(52,21171),(54,26149),(56,5836),(57,23988),(60,10829),(61,21387),(62,13007),(63,5711),(64,6730),(67,13519),(68,17236),(73,27209),(74,5195),(76,2822),(77,4785),(78,22477),(80,9767),(81,2120),(82,23428),(86,25942),(90,19179),(91,15671)]	85.576353
729	[(0,17360),(1,20209),(3,15949),(5,11548),(6,22892),(10,23127),(13,12042),(14,12814),(17,17477),(21,10968),(25,7147),(30,4920),(31,7048),(32,7454),(33,27130),(35,9555),(36,28345),(38,12459),(39,10990),(40,9015),(43,17962),(45,14105),(47,28320),(48,15005),(49,26540),(51,24359),(55,2624),(56,19051),(57,6867),(58,26101),(61,13797),(64,7280),(66,16649),(67,3989),(69,22037),(70,9889),(71,13708),(74,10312),(77,1622),(78,11046),(80,17595),(81,2025),(82,6357),(83,21093),(86,3716),(87,12604),(91,12167),(92,6730)]	80.345592
730	[(0,1450),(4,18904),(6,21003),(8,3445),(10,13396),(14,18539),(17,19866),(18,21389),(19,3088),(21,25155),(23,15447),(24,26293),(27,19684),(28,20758),(31,8597),(33,7845),(34,17495),(35,5006),(36,7824),(38,10436),(40,11035),(41,22077),(44,5546),(45,24782),(46,380),(47,23307),(50,5805),(51,15231),(52,13653),(53,3776),(54,10219),(55,23892),(57,25991),(59,19824),(60,9397),(63,4303),(64,25260),(66,25477),(67,10999),(69,23840),(71,16315),(73,20651),(74,24850),(76,2374),(84,16628),(85,20595),(88,17204),(90,8885),(91,362)]	113.192075
731	[(0,15434),(1,10825),(5,8191),(12,26800),(14,21282),(16,92),(18,23617),(19,18583),(21,2511),(23,17847),(24,2331),(27,26881),(30,4264),(32,5691),(33,6396),(34,3277),(37,15131),(39,6601),(40,14718),(44,26221),(45,28013),(55,15776),(60,12777),(61,25796),(62,23417),(63,5865),(74,26783),(76,14076),(77,7472),(78,6998),(81,24324),(83,25592),(86,2718),(87,15922),(89,6434),(90,11494),(91,14652)]	202.950258
732	[(9,6245),(12,28362),(14,12275),(15,20222),(16,19801),(20,3900),(22,10944),(23,4865),(24,20547),(25,16054),(26,3848),(27,17497),(29,9812),(31,16441),(34,3573),(36,15953),(37,16709),(39,1388),(42,10412),(50,5389),(51,7689),(53,13310),(55,3969),(60,11742),(62,28253),(63,12915),(66,16101),(68,9519),(69,5498),(72,5796),(74,25324),(75,25298),(78,28354),(79,6409),(83,9854),(85,14984),(87,27039),(88,14304),(90,24708),(92,22111)]	167.978679
733	[(3,12999),(6,15047),(8,6799),(10,26816),(11,12049),(13,19326),(14,22608),(15,8653),(16,24576),(17,1050),(19,21337),(21,23418),(22,9336),(26,21491),(28,13193),(30,9152),(31,26457),(32,24502),(33,17629),(34,10671),(36,26666),(38,20418),(40,8832),(41,8030),(47,15333),(48,5766),(52,21058),(53,14168),(54,11695),(60,24815),(61,15209),(71,9320),(74,22669),(77,19850),(79,15056),(81,18904),(84,19204),(88,9451),(92,25893)]	166.586586
734	[(0,11761),(1,20159),(3,17558),(5,24352),(6,8888),(7,15676),(8,8605),(13,18124),(14,614),(20,13539),(21,26097),(25,25052),(27,26088),(28,10716),(30,19443),(33,14719),(36,9463),(38,8175),(41,10088),(43,243),(44,28269),(49,22709),(50,1322),(51,13282),(54,8894),(55,7020),(57,9373),(58,25787),(60,9970),(64,12283),(66,16211),(67,19629),(70,660),(72,9012),(75,22120),(80,992),(82,15418),(83,7771),(85,13312),(86,6581),(88,1276),(90,25421),(91,8173)]	181.955658
735	[(1,8245),(4,13005),(5,1528),(6,3188),(7,27627),(8,23293),(9,14784),(11,23560),(12,19807),(13,10818),(14,8829),(18,11146),(19,20832),(20,26603),(21,13257),(22,26348),(23,5637),(24,2978),(27,7833),(28,26826),(29,18265),(31,2197),(34,1258),(36,24298),(38,24178),(40,4863),(42,22127),(43,20660),(44,12895),(48,6220),(49,27928),(51,21441),(53,5981),(54,18032),(55,20519),(57,1424),(59,6400),(62,1202),(63,16979),(64,19230),(65,14672),(67,10970),(74,17211),(79,24234),(80,7924),(81,7140),(82,7253),(83,22468),(84,22896),(86,5714)]	176.632531
736	[(4,21322),(8,21926),(13,23832),(14,21102),(16,19208),(18,28631),(25,20412),(27,12312),(28,3031),(32,12356),(35,26),(36,23431),(40,1871),(41,27425),(42,10937),(44,14703),(46,12698),(48,1095),(49,10511),(51,996),(54,25379),(56,17114),(58,8373),(59,14282),(60,12283),(61,14227),(62,9554),(65,9352),(66,17997),(67,5442),(69,13928),(71,14290),(72,2631),(76,18282),(78,6539),(82,27061),(83,27275),(85,15296),(86,6093),(87,17244),(88,16114),(91,22253)]	168.605866
737	[(1,3778),(2,22186),(3,5532),(5,27511),(6,22406),(9,5812),(13,13023),(14,5669),(17,1864),(19,15956),(28,28115),(29,22467),(35,4617),(36,19054),(37,25976),(38,19680),(43,11188),(46,22779),(47,8499),(49,7121),(50,19175),(53,3),(56,3584),(57,7438),(59,8347),(60,8471),(61,14294),(63,7146),(66,11235),(69,26748),(70,2552),(73,23535),(76,14135),(80,15867),(83,22773),(85,28642),(88,16409),(92,14323)]	169.360741
738	[(0,22406),(5,6461),(8,13634),(9,15122),(11,16587),(12,20405),(13,19178),(18,16436),(20,174),(25,26509),(26,9675),(28,1958),(30,1618),(31,24160),(32,5824),(36,12377),(37,14027),(38,25011),(42,24549),(43,5911),(44,27308),(45,9914),(46,18060),(47,17677),(48,19893),(55,539),(60,12701),(61,21403),(62,25603),(65,18400),(66,24053),(68,19194),(69,20384),(72,20604),(73,19688),(74,15199),(77,10128),(78,12236),(79,2815),(81,22758),(85,25721),(89,23182),(91,12532),(92,115)]	182.117663
739	[(1,16253),(3,6690),(5,5611),(7,1892),(8,12992),(14,7437),(15,3534),(19,20281),(23,16731),(28,20489),(32,14044),(34,1903),(35,10975),(37,17268),(39,2526),(41,9586),(43,8766),(45,24618),(47,23981),(48,19520),(51,16499),(54,342),(56,11799),(58,4805),(59,7264),(60,7465),(61,15497),(63,2091),(65,9296),(67,7296),(69,20829),(70,28162),(71,7010),(72,21807),(79,28712),(84,21250),(88,17571),(90,7561),(91,3753),(92,10289)]	167.093013
740	[(0,23572),(1,20847),(2,19497),(6,20343),(8,19199),(15,23398),(19,13107),(21,2462),(24,1084),(26,14746),(28,27793),(29,717),(32,24342),(35,5554),(37,11426),(38,22360),(39,9944),(43,25068),(44,4378),(50,23125),(52,15878),(60,11313),(61,28600),(66,21002),(68,19512),(71,7179),(72,20956),(75,4130),(76,12626),(77,8431),(80,15432),(81,10373),(84,5854),(85,6223),(86,2919),(89,2616)]	173.047206
741	[(6,26482),(7,5858),(9,14755),(10,10372),(14,24015),(16,14434),(19,28521),(20,19348),(21,2933),(24,21302),(26,12739),(29,5216),(32,23420),(37,13753),(38,18530),(42,5434),(44,6723),(46,18315),(47,4124),(48,5630),(49,1808),(50,27997),(51,2512),(52,12872),(53,1929),(55,12612),(57,6329),(58,6970),(59,13607),(60,16328),(62,19104),(63,26442),(64,19959),(67,5432),(69,18209),(71,3861),(72,18124),(74,28018),(76,15490),(78,8289),(79,148),(80,3821),(82,26152),(84,14566),(88,8559),(89,27038),(90,16222),(92,16280)]	170.521368
742	[(2,11376),(3,12197),(6,19119),(9,19105),(13,9065),(14,5),(17,6012),(20,26642),(21,26967),(22,19175),(23,9537),(24,12968),(26,5035),(27,19732),(28,17159),(31,11591),(32,10836),(36,26156),(38,10310),(39,1492),(40,26507),(43,1049),(46,3306),(48,9794),(49,617),(51,16777),(64,3955),(73,7416),(77,13190),(78,20606),(79,24741),(81,18899),(84,7892),(85,21536),(86,15365),(88,21780),(89,4012),(90,14772),(91,1772)]	180.590552
743	[(4,22773),(6,1942),(7,22273),(8,24151),(12,13005),(14,18055),(17,27626),(19,987),(23,18136),(28,5987),(31,25236),(36,13726),(41,10865),(43,25131),(45,3281),(52,5626),(53,11386),(56,23753),(58,25285),(63,28493),(64,28000),(65,13348),(67,10005),(68,9789),(70,17541),(72,1219),(73,6947),(74,28384),(78,20520),(80,22399),(81,8868),(82,21225),(85,4982),(86,7475),(88,13725),(91,2480),(92,7728)]	185.102343
744	[(1,18014),(2,14086),(4,27190),(8,28692),(9,448),(10,24944),(11,22682),(14,23117),(15,1270),(16,3395),(21,24441),(22,22074),(26,6375),(27,10370),(28,27437),(30,3190),(31,13847),(32,21488),(33,4633),(34,8190),(35,18147),(39,17346),(41,9886),(43,13671),(45,759),(48,14653),(51,5534),(52,17322),(53,17083),(56,23484),(57,13432),(58,5945),(59,27005),(60,16416),(61,26112),(64,21169),(66,24120),(67,8916),(68,12449),(69,17869),(70,2329),(74,19191),(78,13795),(80,10817),(81,9673),(83,25533),(84,27668),(88,27677),(89,13747),(90,12581),(91,6042)]	167.681817
745	[(2,10849),(5,25346),(7,19154),(8,3253),(9,23143),(10,10088),(11,4567),(12,24421),(13,5717),(21,21096),(22,15070),(24,4645),(27,323),(34,15646),(41,22035),(42,9778),(43,8162),(45,10367),(47,1913),(50,25659),(55,19308),(58,21637),(59,25979),(63,15076),(64,3502),(68,16782),(72,7311),(73,6103),(74,20014),(75,10062),(82,25306),(83,10394),(85,28299),(86,10057),(87,20584),(89,18254),(90,8618),(91,22510)]	158.506279
746	[(1,4854),(2,7005),(3,28063),(8,20270),(10,2482),(12,23174),(13,10350),(14,15961),(16,20918),(17,19956),(18,15203),(19,24670),(20,1929),(22,11308),(25,3669),(26,11742),(34,20038),(35,26876),(40,23457),(44,12966),(45,12117),(47,8447),(48,23366),(49,10539),(50,7669),(51,18972),(54,18940),(57,27670),(58,16447),(59,3521),(61,19566),(62,21989),(65,24988),(67,15607),(71,25282),(72,10776),(75,23375),(79,3293),(82,18141),(83,3562),(84,12917),(88,20392),(90,24334),(91,16379)]	180.375265
747	[(0,21791),(3,17114),(6,23799),(9,6416),(11,27420),(15,8792),(16,13253),(17,19211),(18,19738),(20,28552),(22,10936),(24,28257),(28,9916),(31,13998),(32,12923),(35,20070),(36,20183),(37,6818),(38,14878),(39,23489),(43,16037),(45,2817),(49,28593),(50,4046),(52,10982),(55,1442),(56,9595),(60,7194),(65,26209),(66,6113),(69,24155),(73,7606),(74,16128),(77,3581),(82,2953),(83,14584),(86,16592),(90,26398),(91,16764)]	178.685895
748	[(0,28526),(1,15680),(2,4618),(3,18938),(4,28202),(7,16277),(8,16927),(9,18792),(11,18273),(13,24941),(16,13113),(17,9387),(19,20044),(20,12985),(22,1371),(25,12527),(27,8969),(29,14657),(33,27578),(34,26875),(38,21640),(41,6874),(46,1191),(48,13716),(51,672),(54,17438),(55,25877),(56,28459),(59,11012),(61,26037),(63,191),(64,1777),(66,13979),(68,15467),(70,15006),(71,16053),(72,23146),(75,12460),(78,12832),(79,13645),(82,7063),(85,24800),(92,24400)]	186.720832
749	[(0,5532),(3,21017),(4,16601),(5,2900),(8,20923),(10,15711),(18,3545),(19,7232),(21,21084),(26,5350),(29,17927),(30,9469),(32,17847),(33,23085),(36,5312),(37,4977),(38,10224),(42,19238),(45,4341),(46,17909),(48,2330),(49,1513),(52,22144),(64,1061),(66,1823),(68,17803),(69,2549),(70,8122),(73,23581),(74,14692),(77,2762),(78,16612),(82,3812),(83,21040),(84,10290),(86,5909),(88,1882),(89,20544),(92,17406)]	194.979627
750	[(1,3035),(3,23137),(4,21042),(9,6605),(10,23386),(11,7315),(12,14245),(13,938),(14,26907),(17,821),(19,10454),(21,15988),(22,15512),(26,21063),(27,28060),(28,17511),(29,12722),(30,8974),(31,16581),(33,28542),(34,16851),(37,6681),(39,11756),(40,17510),(41,10782),(42,21092),(44,9491),(45,6981),(46,24897),(47,18584),(49,2399),(50,13424),(54,24493),(55,7306),(56,10964),(57,14034),(58,5882),(67,9109),(69,8806),(70,16350),(71,9100),(72,4897),(76,16465),(79,24576),(80,1050),(81,968),(82,26021),(85,20205),(86,13240),(87,24031),(89,24214),(92,3072)]	182.246046
751	[(3,27373),(4,7979),(6,8436),(7,4334),(10,15372),(12,15788),(15,26401),(16,28217),(17,18),(18,4467),(23,18914),(24,9848),(31,19413),(32,20130),(35,23019),(37,8195),(38,4627),(43,10848),(46,21112),(48,26492),(49,122),(50,16502),(51,14491),(52,24279),(57,21941),(64,10615),(66,9217),(68,3488),(71,18814),(75,5498),(76,3787),(77,3019),(78,5618),(82,4143),(84,10960),(89,6921),(90,27344)]	154.455676
752	[(9,11416),(10,9378),(11,14009),(12,6192),(13,23244),(15,8728),(17,16217),(19,17884),(25,17401),(26,25819),(27,24671),(30,3854),(31,25997),(38,11287),(41,16625),(42,17542),(43,21778),(45,9907),(47,21758),(49,5038),(50,23683),(55,20007),(57,19268),(59,7063),(62,8675),(66,9979),(71,3722),(79,20578),(82,15202),(87,3676),(88,11272),(89,5149),(90,5138)]	91.274442
753	[(4,26304),(6,5912),(9,17620),(13,28285),(14,18805),(15,13239),(16,4776),(32,5212),(33,27966),(35,12955),(36,9053),(37,10078),(38,8684),(39,1806),(40,11541),(44,600),(54,3244),(56,5985),(57,25049),(59,14332),(64,28665),(66,1968),(74,18199),(76,12046),(83,4193),(84,19941),(85,1567),(91,13276),(92,26941)]	83.787986
754	[(4,12328),(7,5915),(8,19136),(9,1377),(11,22755),(12,5485),(14,5048),(15,8834),(17,15798),(18,11872),(23,9729),(26,24532),(28,4070),(29,27372),(32,1642),(33,11077),(34,25448),(35,25762),(36,8965),(41,15230),(43,8710),(44,26851),(46,460),(51,14423),(52,7629),(55,2599),(57,18057),(59,10310),(64,14310),(65,14257),(67,22998),(68,23470),(73,27141),(75,16675),(78,24964),(81,21295),(82,279),(90,15340),(91,9155)]	88.798447
755	[(0,12519),(1,21846),(5,17161),(8,1781),(9,26942),(11,23523),(12,5999),(16,15275),(19,25344),(20,27760),(21,19707),(22,9159),(23,23384),(24,21007),(25,480),(26,28392),(27,4910),(28,7354),(30,7122),(32,4954),(37,21589),(47,20310),(50,4307),(52,3023),(53,8574),(54,4046),(61,8880),(64,8029),(67,12932),(70,12665),(72,10803),(76,7873),(85,24029),(86,2000),(87,7995)]	87.063446
756	[(2,8851),(7,6607),(20,20669),(22,8683),(27,9980),(30,8134),(31,8881),(34,11261),(35,226),(36,5338),(39,9805),(40,11032),(42,16075),(43,26723),(46,27468),(49,24324),(51,25592),(58,16387),(60,23677),(63,6218),(65,7696),(68,12775),(69,17539),(70,21635),(71,2898),(75,26037),(76,13512),(77,2136),(78,19946),(80,7209),(82,9032),(85,12875),(89,21531)]	86.280489
757	[(1,27320),(3,6168),(5,2905),(7,502),(8,22848),(9,22452),(11,6274),(13,14182),(14,11833),(20,18925),(25,24071),(28,10622),(29,26765),(33,24907),(34,23646),(37,23410),(38,10349),(39,23091),(42,7693),(43,27772),(44,5884),(46,23339),(47,2187),(48,27928),(52,15581),(53,26981),(54,27102),(55,9984),(56,9116),(57,11647),(67,28128),(69,24783),(71,8027),(73,13680),(75,8339),(76,20923),(81,20689),(82,5399),(83,5851),(88,8112),(90,690),(92,19760)]	91.291174
758	[(2,26126),(3,3433),(6,17873),(8,4691),(9,6861),(11,28449),(15,7999),(20,22585),(22,17044),(27,11998),(28,28518),(32,7783),(33,1196),(36,27421),(37,18473),(38,1032),(40,7037),(45,21348),(49,24933),(50,20152),(52,6231),(53,5668),(54,14428),(55,15184),(56,1041),(57,9036),(58,24890),(65,17279),(66,5964),(67,7729),(70,24980),(71,11575),(72,27151),(75,18091),(79,21669),(80,5675),(81,18576),(87,18531),(89,1648),(90,18404),(92,18376)]	82.591427
759	[(0,2159),(1,23060),(2,23612),(4,7506),(5,5015),(6,26884),(7,24156),(8,124),(11,2972),(13,20732),(16,21474),(19,4877),(21,8624),(28,28208),(29,15227),(31,6401),(33,5196),(36,26935),(38,22469),(40,23153),(41,17343),(44,7847),(50,21816),(55,23406),(57,15105),(60,4813),(62,16958),(66,13914),(67,10894),(68,26819),(69,1094),(70,15032),(71,3497),(72,19830),(73,4476),(75,4292),(76,7336),(78,4988),(80,2499),(83,24094)]	105.651488
760	[(0,18105),(1,8377),(3,28311),(4,19142),(5,18141),(6,3562),(7,17959),(10,6260),(11,19937),(12,3861),(13,22083),(14,9335),(16,21196),(18,28069),(20,24001),(21,944),(22,21275),(25,24636),(27,10302),(28,20517),(29,16893),(37,15355),(38,14227),(39,9554),(41,27978),(42,17202),(45,28586),(47,17482),(50,28690),(51,4850),(56,28157),(63,9444),(67,26812),(68,26820),(69,25263),(73,18490),(74,5899),(77,11862),(79,20701),(81,27672),(84,17682),(86,19206),(88,15258),(90,10595),(92,18222)]	81.784851
761	[(0,3790),(2,26163),(3,11534),(6,17996),(9,17792),(10,10863),(11,9839),(12,1489),(22,22153),(25,20712),(27,10034),(31,5005),(34,16158),(36,18998),(37,2429),(45,16492),(52,14687),(54,15717),(56,1641),(58,28637),(59,18372),(60,25607),(61,14250),(62,21137),(64,13328),(65,3154),(74,2457),(75,7575),(77,8048),(81,26144),(82,1564),(83,6585),(84,15192),(85,27638),(87,19144),(88,11667),(89,17625),(90,4161),(92,19676)]	79.269859
762	[(0,6761),(1,14431),(4,28513),(5,15970),(12,16344),(13,21101),(14,465),(18,22600),(20,20862),(21,24089),(22,10438),(28,16250),(31,28552),(33,16660),(34,13926),(35,21711),(37,3957),(39,15038),(40,1752),(44,4876),(46,2853),(50,24470),(51,16949),(53,28266),(54,11621),(57,17437),(59,4823),(63,20176),(64,5561),(69,676),(73,4608),(74,13108),(75,27122),(76,28701),(77,8851),(78,19751),(79,17302),(87,12448),(89,20720),(92,19338)]	93.103731
763	[(0,5797),(1,6174),(3,8276),(5,19803),(6,14933),(7,26272),(9,20454),(11,3609),(12,17073),(13,11268),(15,5231),(16,20301),(19,18641),(21,15942),(24,3598),(27,24130),(28,15940),(30,24538),(34,4893),(35,4864),(36,18985),(37,10593),(41,15837),(42,272),(44,10221),(47,12692),(51,8237),(53,10029),(58,14381),(60,10426),(63,22066),(64,22112),(66,8160),(67,8521),(69,11843),(71,13545),(72,25675),(74,13852),(79,26905),(80,3341),(84,7031),(85,25745),(86,25964),(87,5206),(88,8979),(89,13570),(90,23269)]	87.360370
764	[(2,18522),(3,16166),(4,19714),(5,386),(11,25687),(13,27687),(15,2097),(22,7318),(24,27365),(25,13102),(27,20431),(29,10095),(30,26808),(31,18265),(33,22004),(34,15298),(40,28368),(42,16558),(43,21402),(45,21849),(47,17111),(48,5431),(49,21453),(51,26510),(53,2427),(55,864),(56,24302),(57,10569),(59,2827),(60,11129),(61,22656),(62,26857),(63,23454),(65,23944),(66,19635),(67,16786),(68,9095),(69,4413),(73,22804),(76,1887),(77,8045),(79,13880),(81,13244),(84,8323),(87,1648),(89,9590),(90,22267)]	88.753574
765	[(1,18828),(6,16554),(8,21138),(11,21252),(12,9026),(15,1900),(17,26886),(21,9084),(24,14345),(25,20385),(28,6644),(31,16698),(36,21631),(40,24445),(41,23618),(42,11177),(43,17749),(45,4667),(48,22948),(49,24969),(52,11517),(53,26292),(54,11512),(56,27122),(59,4071),(60,14137),(61,17661),(71,27518),(73,27258),(74,24146),(79,26667),(80,12193),(82,18824),(86,5555),(88,26254),(91,7746),(92,24184)]	82.010969
766	[(0,19098),(2,26530),(5,16020),(6,4886),(9,22523),(12,7071),(13,11103),(15,16455),(21,17388),(23,8872),(26,25371),(29,24601),(32,14576),(34,25635),(35,4970),(36,24434),(40,21790),(42,22573),(43,19779),(46,11360),(48,24171),(51,5301),(55,20546),(58,10411),(59,27881),(61,2101),(62,18023),(63,13609),(70,20232),(76,20499),(77,14624),(80,10907),(81,19401),(84,19650),(85,16820),(87,25538),(92,14600)]	84.706371
767	[(3,1862),(4,18733),(5,5067),(7,17273),(8,1687),(10,21914),(15,18237),(19,870),(20,945),(21,17382),(23,5967),(24,9205),(25,25208),(27,9521),(28,8937),(29,26147),(30,14681),(31,12500),(32,5062),(33,1688),(34,11447),(35,23033),(36,502),(37,7045),(38,18639),(39,6883),(40,3591),(41,20464),(42,5634),(43,28010),(46,14118),(49,1092),(50,9385),(51,25255),(55,8281),(61,6543),(62,21346),(63,7088),(64,2048),(65,2666),(67,10503),(68,6623),(69,20315),(71,22421),(72,15496),(74,25518),(80,26036),(86,1774),(89,19209),(90,10632),(91,14185)]	86.568103
768	[(1,148),(5,2414),(7,6062),(10,10956),(20,11171),(21,25853),(22,1346),(23,1077),(29,3780),(31,24859),(32,1682),(38,17956),(39,24119),(42,1223),(43,2390),(44,4690),(46,21213),(47,6448),(48,15717),(50,21154),(51,6232),(53,23278),(54,13252),(55,5153),(60,16082),(61,14979),(62,2888),(63,17587),(64,23202),(66,3101),(69,18319),(73,16835),(74,21638),(77,17749),(78,21316),(81,1936),(82,16113),(83,11141),(85,14696),(86,10388),(89,14249),(91,21051),(92,8103)]	91.021996
769	[(0,23292),(4,14250),(5,21137),(6,8285),(8,18798),(9,21844),(11,8546),(13,27711),(14,615),(15,1550),(16,20751),(18,11969),(20,21924),(22,24950),(24,25403),(25,5588),(29,15512),(30,4877),(32,7663),(33,13866),(34,7181),(35,2773),(40,18471),(42,3738),(47,22616),(51,1178),(54,23043),(55,9663),(56,26078),(59,6962),(60,2039),(61,8121),(62,2569),(66,4990),(72,2928),(75,11585),(76,2839),(79,12978),(82,22500),(84,5476),(86,27119),(87,24799),(88,14688),(89,24212),(92,10412)]	80.727628
770	[(2,21951),(4,26381),(6,21416),(7,21774),(10,7509),(11,20301),(12,25700),(14,5126),(15,18500),(16,6271),(17,16463),(18,20328),(19,15849),(22,15663),(24,10573),(28,27023),(31,8525),(33,7233),(36,6014),(39,13316),(40,1764),(41,17870),(42,19284),(46,21086),(50,11306),(55,7647),(56,8158),(62,7063),(65,24800),(66,324),(69,21815),(70,13201),(71,7578),(72,26321),(73,18602),(75,3280),(78,3517),(79,13925),(80,27204),(82,23591),(85,27838),(86,15637),(87,6982),(89,22318),(92,13774)]	79.833609
771	[(3,6497),(5,23699),(10,25576),(11,22858),(21,20526),(24,24872),(26,7036),(30,24872),(35,18642),(36,21853),(38,18330),(39,22670),(41,14909),(46,22367),(47,7035),(48,27631),(49,1256),(50,14748),(52,28032),(53,7248),(56,14740),(57,1066),(60,4506),(61,20838),(62,11042),(67,13180),(69,18147),(72,23998),(76,27012),(78,6041),(79,7860),(84,26625),(87,22898)]	99.775097
772	[(1,5131),(9,9854),(10,23692),(13,17853),(14,2508),(18,18649),(21,10918),(22,646),(23,26202),(28,951),(31,22445),(33,15499),(35,14188),(37,13899),(38,4668),(39,24055),(40,24818),(41,11360),(42,11860),(45,10992),(48,22641),(50,23762),(52,17404),(53,1219),(55,8825),(56,4602),(57,6608),(59,16759),(60,15872),(62,2494),(64,24938),(66,13431),(67,12409),(68,4145),(69,17796),(74,7102),(77,25044),(79,10749),(81,1546),(84,19942),(85,15840),(89,17990)]	79.226991
773	[(0,9288),(3,27003),(5,2617),(6,24848),(9,12199),(10,1698),(13,5360),(14,15247),(16,1271),(18,2902),(21,14680),(22,8223),(24,14210),(26,12327),(29,21256),(32,8719),(41,24982),(42,16605),(43,2308),(44,6068),(45,12972),(47,11489),(48,15223),(50,15819),(52,1762),(53,28271),(54,17837),(55,24887),(56,21045),(58,3928),(59,13227),(64,26204),(65,21520),(67,2130),(68,2889),(69,1283),(72,10052),(73,5297),(74,11489),(75,11366),(78,23457),(80,11498),(83,1656),(84,28333),(85,21162),(87,989),(90,17321)]	80.409694
774	[(0,1382),(2,269),(3,13609),(7,5432),(11,12070),(22,27721),(26,5962),(28,26123),(29,25316),(31,20398),(32,26159),(33,19815),(36,4297),(38,23820),(39,15847),(40,16471),(42,25369),(44,15791),(46,22374),(47,16927),(48,18792),(49,27166),(52,8738),(55,9588),(58,25358),(59,16575),(61,4390),(62,20854),(65,12915),(72,28362),(77,27670),(78,16447),(80,20558),(85,751),(87,15546),(88,16371),(89,24013),(90,15603),(92,3621)]	91.008748
775	[(1,4818),(5,216),(6,19501),(10,963),(19,3783),(25,5064),(26,335),(29,24990),(30,3946),(32,19999),(35,14000),(36,9235),(37,15650),(39,13444),(41,11185),(42,24375),(45,24026),(47,22863),(48,11615),(49,26891),(50,2408),(53,26239),(55,4106),(58,9069),(61,12679),(62,11849),(64,22140),(69,8445),(71,17745),(73,18908),(74,8800),(77,19963),(80,21221),(81,2239),(83,18458),(85,25532),(86,28141),(88,22879),(90,21995),(92,13327)]	82.400479
776	[(1,12008),(3,23600),(6,12534),(10,4653),(13,12327),(14,5286),(15,15179),(18,21139),(19,19207),(20,22803),(24,19994),(27,19669),(30,10960),(31,1302),(35,10831),(36,26064),(43,5320),(51,26355),(52,5429),(54,14320),(56,7334),(57,5382),(58,13591),(60,20516),(63,23760),(68,28591),(69,8632),(70,22714),(73,6925),(74,16138),(75,4507),(76,3455),(81,21094),(87,16533),(88,5482),(89,20227),(91,16157),(92,455)]	83.176669
777	[(2,8381),(5,28082),(6,11894),(10,1522),(12,24009),(15,24438),(18,23521),(19,21550),(23,27627),(27,21392),(31,20122),(33,25478),(34,25651),(37,5851),(38,27624),(40,26994),(41,8503),(44,21292),(46,16658),(49,19618),(50,2691),(51,15359),(54,6583),(55,0),(61,21270),(62,5496),(63,20109),(66,7830),(68,858),(71,23951),(72,10807),(73,7380),(74,22249),(76,19316),(77,20562),(83,4574),(84,9097),(85,20299),(86,8275),(90,15976),(91,8521)]	83.250132
778	[(3,1639),(6,18087),(8,19878),(10,26069),(11,7260),(17,3615),(18,20558),(23,4943),(24,19503),(27,5040),(28,6355),(30,7916),(31,1758),(34,28043),(36,22938),(40,19107),(42,26566),(43,26219),(46,6870),(49,22219),(52,14418),(53,24677),(54,4280),(55,21792),(59,27284),(60,25844),(61,9721),(62,12842),(63,2258),(67,3539),(69,15968),(70,3908),(71,18634),(72,26581),(74,20630),(81,3181),(82,6673),(88,8269),(89,20390),(92,23030)]	83.022371
779	[(0,23298),(7,21667),(8,1866),(10,22939),(11,4902),(14,13892),(15,27199),(20,157),(24,21398),(26,12516),(27,21488),(30,23861),(31,10806),(33,24334),(36,24504),(37,24572),(40,3442),(44,28428),(46,25813),(48,27745),(49,27815),(52,2430),(55,21947),(56,20804),(57,7282),(58,19037),(59,8667),(60,12406),(61,19240),(62,3377),(63,14157),(66,11258),(67,9054),(68,4091),(70,7706),(71,18053),(72,9954),(74,8831),(77,4075),(78,2303),(81,18081),(83,17862),(84,18134),(89,3085),(91,26357),(92,9751)]	82.648116
780	[(0,26232),(1,13663),(3,5240),(9,4565),(11,2014),(13,12507),(15,12110),(16,3814),(17,12802),(19,25277),(23,21593),(26,8668),(28,8828),(29,16852),(31,18608),(32,21923),(33,6836),(34,23629),(38,1121),(39,26637),(41,13310),(43,12410),(44,12626),(46,12179),(47,6858),(48,13359),(50,6625),(54,11111),(56,4310),(57,26433),(59,18866),(61,28512),(62,15373),(64,1946),(72,19415),(73,6413),(75,10188),(79,27379),(80,22532),(81,13323),(86,28639),(88,16856),(89,6567),(92,14139)]	83.842601
781	[(0,16981),(1,3275),(4,22844),(8,28626),(12,4440),(15,13689),(17,15813),(18,6549),(19,6796),(21,22511),(24,2981),(25,2889),(26,1283),(27,24511),(28,11683),(31,20017),(33,28407),(38,25436),(39,7674),(43,15290),(44,13994),(45,24304),(47,15149),(48,1085),(49,3353),(50,2295),(52,24070),(55,24352),(56,15564),(57,9535),(61,12368),(62,25214),(63,17744),(64,14808),(66,354),(67,735),(75,22124),(77,19394),(78,24088),(81,3565),(82,20240),(83,5281),(84,27363),(86,6564),(87,3804),(89,26541)]	80.696749
782	[(10,7585),(11,23156),(14,19528),(15,23870),(16,6096),(17,4510),(24,27464),(25,12684),(29,20405),(32,18526),(33,3269),(36,10268),(37,23674),(40,11752),(44,10260),(45,20911),(46,2885),(47,9235),(48,17701),(50,22098),(52,7275),(53,20885),(57,25722),(60,5382),(62,25055),(68,6344),(70,5793),(71,26238),(73,4645),(74,19359),(75,9462),(81,4324),(83,8452),(85,20787),(86,23772),(88,8961),(89,24092),(91,27252),(92,7497)]	80.480720
783	[(2,5463),(5,769),(6,7916),(7,18928),(8,12613),(9,3133),(11,10488),(12,12358),(13,9228),(14,18100),(15,19775),(19,28264),(20,20157),(21,22678),(22,16184),(23,1848),(24,18360),(26,13419),(28,21194),(30,10015),(32,4571),(34,12560),(36,17736),(38,21947),(40,19579),(43,23280),(44,435),(45,1081),(46,21027),(48,13433),(50,5137),(51,21122),(53,5084),(55,28428),(56,17848),(58,366),(62,12841),(63,15028),(66,16195),(73,5456),(74,19712),(75,489),(77,8652),(79,21959),(80,25639),(81,2051),(82,27774),(83,7801),(84,106),(87,402),(88,11266),(91,22720),(92,3669)]	86.419219
784	[(1,25337),(3,19883),(4,9252),(7,5214),(9,1185),(11,24465),(12,5469),(13,18072),(15,26594),(17,6982),(19,13651),(24,248),(29,21925),(32,7613),(34,5248),(36,16322),(39,9575),(44,12903),(45,28436),(46,24019),(48,14408),(49,9183),(50,17161),(51,24360),(53,13174),(54,28004),(55,18807),(56,19461),(64,3819),(72,11578),(76,2683),(79,738),(80,21920),(88,12180),(91,4900),(92,23687)]	92.079005
785	[(0,20711),(1,10144),(4,7933),(5,23249),(6,15439),(11,12981),(12,5763),(13,23361),(21,23879),(22,10813),(23,21020),(28,10271),(34,17745),(35,21853),(36,15020),(39,18724),(40,15342),(41,21653),(43,2891),(44,5856),(45,22672),(47,16016),(48,4074),(50,26411),(51,16772),(52,20910),(54,1546),(59,4821),(63,23845),(65,22162),(75,17827),(77,22817),(79,626),(82,14906),(83,19049),(85,26200),(86,10716),(92,22344)]	78.224114
786	[(0,23768),(1,7666),(5,14630),(6,24591),(10,6718),(13,8796),(14,10248),(17,12359),(19,2224),(21,3572),(22,19951),(23,2100),(24,17514),(25,27382),(26,18326),(28,24068),(29,10703),(30,4056),(31,9043),(33,27000),(39,502),(40,17717),(45,8926),(46,26687),(51,10088),(54,21928),(55,12170),(58,11813),(59,7593),(61,22359),(63,19660),(64,2382),(65,1036),(68,25472),(69,1576),(73,22452),(76,19391),(78,19527),(79,16134),(80,3200),(85,174),(91,9632)]	88.984648
787	[(0,27487),(1,12927),(3,6610),(4,26439),(5,23685),(6,3414),(8,20521),(13,1420),(15,25143),(17,9811),(18,15478),(25,15909),(28,26808),(31,21516),(35,14446),(37,24242),(42,22257),(44,6617),(45,5801),(46,7423),(47,4384),(50,3244),(57,30),(58,12722),(60,20393),(61,27518),(63,6814),(65,23471),(68,25306),(69,3451),(70,28354),(71,8354),(74,26138),(79,16030),(82,18703),(83,20091),(90,9221)]	82.834762
788	[(0,27890),(2,3757),(5,10159),(6,18689),(8,26983),(9,8301),(11,4335),(12,25534),(13,12132),(14,16410),(16,9938),(17,8330),(20,1676),(21,26169),(23,497),(25,4236),(27,10541),(30,10462),(32,21392),(34,20381),(35,19838),(36,18541),(37,12258),(38,24681),(40,20594),(43,7306),(44,23168),(47,7084),(51,10611),(57,27873),(58,6307),(62,18812),(64,19332),(65,666),(67,3872),(70,905),(72,4760),(74,12273),(77,19308),(81,13221),(82,27405),(83,10683),(85,8787),(89,12061)]	79.457505
789	[(0,28425),(1,3737),(2,22997),(4,11630),(6,11147),(8,19911),(9,27890),(11,7416),(14,8824),(15,21770),(19,20025),(28,18971),(32,11801),(34,12797),(35,17886),(36,10875),(39,20755),(42,26340),(44,4521),(47,4520),(52,5419),(54,21830),(55,10470),(56,12328),(60,861),(65,2988),(73,26113),(76,7070),(81,13024),(82,23926),(83,20228),(87,4307),(89,3023),(92,25485)]	82.668698
790	[(0,12232),(4,22693),(7,20501),(10,2953),(11,14584),(17,382),(22,23862),(23,4708),(24,12450),(25,25849),(26,2540),(27,26967),(29,14343),(33,9003),(36,5091),(37,2269),(38,15656),(40,10992),(43,5634),(44,28010),(47,26897),(49,3239),(56,17571),(58,15133),(59,14205),(60,27784),(61,11069),(62,6956),(64,20330),(65,26675),(66,12093),(67,26264),(70,19663),(75,7863),(76,3524),(80,6706),(81,8116),(84,17594),(86,12706),(87,880),(90,13907)]	88.197397
791	[(1,6346),(3,4083),(4,15920),(5,26697),(10,3735),(12,17872),(16,24114),(18,8711),(19,7778),(22,4719),(26,27390),(28,14609),(30,15079),(31,23133),(32,4693),(33,16135),(35,4774),(38,4105),(39,11098),(40,26310),(42,17984),(47,12259),(48,15280),(49,20087),(51,2838),(52,11457),(53,2598),(57,3242),(60,28285),(61,28047),(65,14237),(70,9009),(71,13572),(72,397),(74,27700),(75,21044),(77,4174),(78,8917),(79,25189),(82,1975),(85,14280),(86,8552),(87,21039),(88,4653),(89,24286),(90,4298),(92,11895)]	82.366116
792	[(4,5119),(8,7045),(9,18639),(12,18374),(16,16900),(21,6597),(24,5952),(25,5710),(26,13045),(29,12098),(30,23701),(31,18403),(32,27968),(34,9753),(35,18762),(36,14302),(43,24391),(47,19912),(48,5916),(49,15667),(50,21659),(52,9206),(53,22224),(54,4565),(57,16423),(58,12313),(63,18395),(66,8187),(67,13891),(71,8205),(72,11453),(73,13496),(75,18125),(77,17132),(79,8869),(81,22552),(82,12293),(84,3207),(85,28102),(87,4815),(90,18266)]	85.038900
793	[(1,13572),(6,13700),(7,4917),(8,9553),(9,4757),(16,13326),(19,907),(22,7235),(23,367),(24,16521),(25,17784),(26,10897),(29,19663),(30,6813),(31,18450),(34,12922),(36,16267),(39,27659),(40,8897),(41,12635),(42,28433),(43,19350),(45,25977),(47,14427),(48,5918),(53,9861),(54,11265),(56,17002),(58,21077),(59,26852),(62,7296),(63,13470),(67,2410),(68,12295),(70,5339),(73,3709),(74,16892),(75,18230),(76,21344),(77,20120),(79,19413),(80,20130),(84,27824),(87,25649)]	84.563068
794	[(2,4908),(4,24608),(5,3032),(6,16683),(7,20055),(8,20438),(9,15720),(13,15919),(14,22957),(15,10076),(18,10891),(22,14080),(26,18274),(27,110),(31,13360),(35,4334),(37,28691),(39,25908),(40,18167),(43,6385),(45,110),(46,2323),(47,9560),(48,20236),(51,15777),(55,1770),(56,324),(60,2498),(63,6273),(64,405),(66,20938),(69,22277),(78,7341),(80,18085),(82,21218),(88,18520),(90,10253),(92,25101)]	82.041160
795	[(0,6825),(1,14323),(2,27775),(4,18714),(5,963),(14,22784),(15,8066),(16,1959),(17,14007),(18,5340),(21,12663),(27,9847),(28,19394),(29,24088),(30,10451),(32,21005),(33,21726),(36,5499),(41,23684),(42,1030),(46,22144),(47,5718),(49,4368),(53,15011),(54,13851),(56,5512),(57,1337),(60,18426),(61,579),(65,1340),(66,20702),(67,19711),(69,685),(70,11137),(75,1677),(76,11724),(77,23915),(78,20178),(80,16739),(82,5965),(86,17884),(87,17755),(88,3008),(90,11561)]	86.522513
796	[(2,23972),(10,6618),(16,27649),(18,8524),(19,13888),(20,18686),(24,11009),(33,19024),(34,25342),(36,12819),(38,2454),(39,28024),(42,19446),(43,28336),(45,16835),(47,1071),(48,27810),(49,13361),(50,10207),(51,17560),(55,6876),(62,6655),(64,8585),(66,25549),(67,19471),(69,20911),(72,4833),(73,13627),(74,12609),(81,15996),(82,7404),(90,10265),(91,28672)]	102.683381
797	[(0,19598),(3,4038),(6,18371),(13,17251),(14,6725),(18,19103),(21,27999),(22,2334),(23,14496),(27,16349),(28,25953),(31,2823),(35,8368),(36,20664),(37,12350),(41,1261),(45,23003),(46,664),(47,1808),(48,27997),(49,2512),(50,15751),(51,6105),(53,27376),(54,23423),(55,6243),(57,12832),(64,16268),(67,2193),(68,21845),(69,20142),(70,25787),(73,15764),(74,26891),(76,10443),(80,28572),(82,18377),(84,11086),(85,21804),(86,12180),(89,16474),(91,27980)]	82.097869
798	[(1,1369),(2,14732),(3,10742),(6,10198),(9,19427),(15,9655),(16,15333),(20,17876),(22,22300),(25,11189),(27,28498),(28,22426),(30,23026),(31,16982),(32,14518),(33,5655),(35,11477),(37,14656),(39,13254),(40,24955),(41,20125),(42,2550),(44,15356),(49,22727),(50,26683),(52,9232),(53,21886),(54,9939),(55,18626),(58,7355),(61,11462),(63,27350),(64,21295),(65,15357),(66,14291),(67,9220),(68,14911),(71,24757),(83,12247),(84,19978),(87,9560),(89,22856)]	94.987733
799	[(1,24952),(4,28150),(7,5172),(8,6210),(9,28515),(11,19308),(14,521),(15,16427),(16,17809),(18,20375),(25,3633),(28,24867),(29,18062),(32,1429),(33,15455),(35,3096),(36,4960),(37,24350),(40,2562),(41,26276),(43,25678),(45,18036),(46,13743),(47,312),(51,10987),(52,10784),(54,11778),(57,8178),(58,21036),(67,28573),(68,16637),(70,334),(72,497),(74,15519),(75,21752),(79,9943),(80,1195),(81,5733),(82,12017),(83,9032),(85,10925),(86,10698),(87,15822),(89,15460),(90,5776),(92,18712)]	83.172245
800	[(3,19408),(5,1894),(11,1715),(13,2809),(14,7651),(18,12679),(24,24329),(30,8355),(31,17275),(38,10931),(42,28123),(46,13214),(47,6125),(50,11748),(51,4910),(55,28265),(58,18421),(60,5321),(61,17570),(62,25520),(67,2564),(69,24388),(71,9588),(72,261),(76,1187),(77,17226),(80,16601),(81,2076),(82,27325),(84,1260),(86,1235),(88,28511),(89,17830),(90,13379),(92,1920)]	82.376907
801	[(0,16457),(1,12235),(3,23942),(6,3516),(7,2233),(8,3618),(10,25611),(13,10000),(15,19633),(16,11010),(19,8112),(23,17156),(25,9084),(28,16661),(30,22515),(32,1192),(35,28280),(38,18391),(43,25136),(44,584),(45,8932),(48,14520),(51,19264),(53,21347),(57,10769),(59,15658),(60,20494),(62,27449),(63,26250),(64,7649),(66,3966),(68,28212),(69,21974),(71,22280),(75,19500),(76,2574),(77,8704),(78,9323),(81,19143),(82,19853),(84,25743),(88,12147),(89,2969),(90,6234)]	84.979968
802	[(0,24726),(1,16162),(3,5499),(4,24721),(7,16903),(8,23846),(14,14340),(15,19394),(17,7443),(19,27329),(20,28343),(22,13701),(23,3930),(24,26978),(27,24665),(30,19623),(34,10556),(35,8172),(38,8698),(40,12320),(43,24822),(44,7377),(46,21168),(47,5011),(50,16617),(51,18832),(52,19361),(54,18940),(57,27417),(58,9379),(59,18185),(66,3950),(67,23856),(78,15983),(81,24029),(82,2000),(83,18331),(85,23930),(86,9298),(89,15917),(91,25051),(92,28089)]	90.980007
803	[(1,1930),(3,23600),(8,14663),(9,268),(12,8625),(15,13471),(16,13269),(17,7721),(18,18183),(24,28293),(25,2639),(29,21499),(32,18836),(33,19154),(34,3253),(35,16434),(38,18496),(43,8146),(52,2860),(56,6824),(57,11176),(58,6320),(59,15274),(60,13374),(63,18623),(64,20880),(66,21414),(68,5738),(69,21035),(73,6661),(74,5695),(76,21996),(77,26712),(78,25876),(81,3787),(82,3019),(83,5618),(84,3284),(87,12680),(88,20660),(89,12895),(92,16914)]	83.984305
804	[(0,17010),(1,6997),(2,16056),(4,27932),(5,16020),(6,1478),(7,9175),(10,16049),(11,9995),(12,16090),(13,3945),(15,19699),(16,2004),(18,9142),(19,19263),(20,27155),(26,18835),(27,27646),(28,8961),(33,1889),(34,10285),(37,26511),(39,8896),(40,19948),(45,24111),(46,6781),(50,9337),(51,11093),(53,18649),(56,25977),(61,20047),(64,12493),(68,8994),(70,12638),(71,11314),(72,15437),(74,993),(75,25024),(78,3905),(80,16642),(81,7541),(82,540),(84,5356),(85,5482),(87,11892),(88,3300),(89,7532),(92,21429)]	80.432559
805	[(0,15074),(6,14520),(10,9303),(13,25057),(15,25138),(17,23462),(18,25227),(21,981),(22,19865),(26,14596),(28,23640),(29,19489),(30,24135),(35,26788),(42,16567),(45,13434),(46,8958),(50,9942),(51,11985),(55,23809),(56,17611),(57,22037),(62,1399),(63,12097),(64,26363),(68,7631),(69,6682),(70,10245),(71,837),(75,27237),(76,13275),(78,18813),(81,17742),(86,5686),(88,27035),(90,18641)]	81.131011
806	[(3,388),(5,13468),(6,26265),(7,21592),(12,22397),(13,3913),(16,12089),(17,23062),(18,6183),(19,9158),(20,8729),(25,17900),(27,19339),(28,28451),(30,7905),(31,24672),(32,26981),(33,27102),(35,19936),(37,20420),(40,3978),(45,14459),(53,20460),(55,27290),(58,28351),(59,19746),(61,21098),(63,23674),(66,7704),(67,6705),(68,14709),(70,13708),(73,15200),(76,25446),(79,2644),(85,14861),(89,13350),(90,23377),(91,14349)]	81.631874
807	[(0,27630),(2,19547),(5,10050),(7,13196),(10,18374),(11,3350),(12,13643),(13,15043),(16,19617),(17,24814),(21,13784),(27,8838),(28,6458),(29,7809),(36,4311),(37,9890),(43,8599),(44,22590),(45,25387),(46,26920),(47,5002),(49,5194),(51,7530),(52,14810),(54,23261),(55,19921),(61,7432),(66,21309),(67,13187),(68,28025),(69,12388),(72,5341),(73,1052),(76,13021),(78,5221),(81,9457),(85,22974),(87,21217),(89,20319),(91,21544),(92,19963)]	78.745926
808	[(1,20412),(5,13088),(7,1263),(10,7284),(11,17090),(12,8462),(13,7058),(14,6454),(16,28544),(17,18488),(22,23145),(23,20360),(24,1253),(27,1399),(29,14124),(30,25336),(33,21690),(34,15927),(37,2293),(38,9919),(39,26542),(41,6711),(44,4226),(46,22682),(47,25319),(54,23316),(61,8946),(63,21773),(65,27447),(66,16856),(67,12052),(68,4986),(74,23109),(75,20296),(81,21652),(82,11474),(85,28302),(88,9646),(90,13274),(92,20132)]	98.607887
809	[(0,24045),(1,5031),(3,18392),(4,5379),(8,23001),(13,25304),(14,17811),(15,13692),(16,9572),(19,2279),(20,17404),(22,26066),(23,7159),(25,24717),(27,6325),(28,10189),(29,2337),(31,5274),(32,4237),(33,17706),(34,3025),(42,19909),(44,14580),(45,11244),(46,8389),(48,12919),(49,26639),(50,18986),(51,20600),(53,19970),(54,17085),(56,6493),(58,20489),(59,27994),(61,7206),(63,22104),(64,22365),(65,4399),(66,19743),(68,17868),(70,13822),(75,2659),(80,22352),(82,15674),(83,24750),(85,25950),(90,14782)]	88.221574
810	[(3,5070),(4,13472),(6,26430),(9,1892),(10,12992),(11,23528),(14,27898),(15,9453),(17,10748),(19,14136),(22,576),(25,19783),(29,18412),(31,12814),(32,9760),(35,753),(36,11294),(37,7589),(38,17151),(42,27063),(43,20091),(46,26537),(47,20445),(48,9097),(49,3260),(51,5804),(55,4893),(57,5219),(59,25006),(60,11303),(64,4892),(67,27418),(69,22075),(72,18500),(73,24635),(76,23569),(80,15284),(81,20633),(84,20717),(87,23186),(88,14919)]	81.017935
811	[(0,14902),(2,2652),(3,10595),(6,9631),(9,18301),(10,12622),(12,26030),(14,584),(15,8932),(18,15271),(27,14253),(30,15860),(31,28314),(32,9752),(33,3170),(34,2885),(35,25428),(36,17342),(37,4615),(38,5274),(39,21481),(42,20690),(44,12643),(48,24152),(51,4089),(53,17009),(54,20324),(55,10669),(57,9956),(60,6544),(65,5303),(68,3411),(71,4768),(79,17829),(85,21565),(86,17288),(87,25439),(90,24475)]	79.931733
812	[(0,8000),(6,13915),(7,24064),(9,6388),(10,8539),(12,16522),(13,1816),(15,22182),(20,11257),(22,1717),(24,25278),(29,16678),(34,13472),(36,27651),(39,19007),(40,23792),(41,8652),(42,21432),(47,6678),(51,24194),(52,4367),(53,12090),(55,1368),(56,18919),(57,24748),(60,17025),(63,14974),(64,2949),(65,13875),(66,16957),(72,23159),(77,15211),(81,18),(82,25286),(84,22174),(85,1825),(86,16197),(87,11788)]	77.950283
813	[(1,16422),(4,21842),(5,21581),(11,24392),(13,19189),(14,2133),(17,18378),(25,28163),(31,12914),(36,21940),(37,27400),(38,7866),(42,26496),(45,1456),(46,5191),(51,17328),(52,26537),(53,20445),(54,9097),(55,3260),(57,5804),(61,3093),(64,435),(68,20893),(69,26763),(72,10548),(74,4393),(75,1231),(76,13046),(77,8121),(78,20678),(80,9698),(84,19270),(87,1975),(89,8767)]	82.396640
814	[(4,12785),(6,6270),(13,8233),(15,3529),(16,13174),(17,26761),(19,26257),(20,7778),(28,5848),(31,459),(32,11856),(33,28322),(34,15610),(40,2293),(42,27958),(45,17998),(46,11476),(48,17969),(51,1396),(55,23276),(56,27104),(57,6771),(59,13548),(61,22481),(64,8469),(66,27161),(68,15329),(71,6820),(79,1801),(81,15120),(82,5517),(83,26232),(84,28610),(85,11907),(87,19339),(89,10388),(92,18476)]	79.975304
815	[(1,21458),(2,18892),(3,26598),(4,24817),(7,6234),(8,2523),(11,13212),(12,1998),(15,3587),(19,5218),(20,14502),(22,5048),(27,24733),(29,21355),(32,27250),(33,6787),(34,21395),(37,17737),(38,14371),(39,8741),(41,10870),(42,21907),(47,1278),(51,28022),(52,26102),(54,20668),(57,14572),(59,23010),(65,19707),(66,9159),(68,25892),(71,26661),(72,1108),(76,8734),(78,16026),(79,3246),(82,26753),(84,1126),(86,20366),(87,4526),(88,26760),(89,16086)]	81.529862
816	[(1,22551),(2,8846),(4,13274),(8,27871),(12,17556),(17,11503),(20,9492),(21,18250),(23,2971),(25,28049),(26,22920),(30,13668),(32,19578),(33,4241),(36,11619),(37,25707),(39,17703),(42,26697),(44,28593),(47,26291),(51,28413),(52,13750),(53,12633),(56,24134),(58,25919),(59,17436),(61,20538),(64,27165),(65,23842),(67,9787),(68,18109),(70,16270),(71,8588),(73,15822),(76,24937),(79,12150),(82,27247),(84,4335),(86,4224),(87,19210),(88,10667),(90,9438),(91,15476),(92,26282)]	82.137520
817	[(3,25036),(6,9141),(16,11720),(19,3663),(20,5782),(21,6685),(22,471),(24,20915),(27,20793),(32,15031),(33,5989),(34,15157),(37,22998),(38,23470),(41,3128),(42,4750),(43,5733),(45,24839),(46,9433),(52,4084),(53,8699),(54,22799),(55,13521),(58,23770),(60,11674),(61,24995),(62,24363),(63,27694),(65,20355),(66,12370),(67,27836),(68,25858),(69,4901),(71,315),(74,11529),(76,27431),(77,13875),(78,9169),(79,26989),(81,11777),(85,2708),(86,13477),(88,20726),(90,6311)]	79.979607
818	[(1,6617),(5,27402),(6,3547),(7,12277),(11,19195),(12,479),(13,20936),(16,13976),(17,9335),(20,23665),(21,26369),(24,6797),(26,9308),(27,20456),(30,18886),(31,3628),(36,7508),(42,2407),(45,21611),(48,21505),(50,1777),(52,10526),(53,12583),(57,13003),(61,12505),(64,15098),(65,16010),(66,363),(67,14863),(69,27731),(70,7497),(72,14191),(77,14932),(80,18802),(82,16073),(83,12957),(85,22031),(89,12983),(90,7197),(91,7862)]	77.997981
819	[(1,10645),(4,28601),(6,26559),(8,4133),(9,9520),(12,2294),(14,22721),(16,26578),(18,20587),(19,15048),(21,25550),(26,22627),(27,13857),(31,14235),(36,13616),(38,2964),(39,13181),(40,861),(41,26244),(47,23323),(48,21879),(49,1366),(51,8414),(52,18845),(53,23062),(57,2258),(59,13228),(60,28021),(64,26870),(69,25414),(70,28551),(76,14612),(80,27605),(82,7554),(83,27264),(85,5233),(88,18808),(89,2301),(91,16663),(92,4560)]	80.404034
820	[(4,8615),(6,13995),(8,3581),(11,14199),(12,14170),(13,11202),(19,12579),(20,13675),(21,23126),(22,3163),(23,12846),(27,12841),(37,14126),(41,9636),(45,12947),(47,2382),(48,15712),(52,13100),(57,12596),(58,22450),(59,26080),(60,17915),(66,7727),(68,1342),(70,22165),(72,25097),(73,10317),(74,10900),(75,385),(78,21202),(79,2830),(82,24723),(85,25470),(86,6307),(88,9536),(92,4871)]	94.428133
821	[(2,28521),(3,19348),(4,8626),(7,7489),(9,11176),(11,28449),(15,21584),(17,6527),(18,5966),(19,25369),(27,24242),(28,22348),(29,13265),(34,21972),(37,13116),(44,23356),(48,15622),(51,8894),(52,26434),(55,27161),(57,3993),(58,2857),(59,7725),(60,27208),(61,18616),(62,16500),(63,12296),(67,2523),(68,26835),(69,9329),(70,7622),(72,2859),(73,13114),(74,1763),(77,27484),(78,18106),(79,16535),(82,535),(83,15756),(88,21311),(90,1859),(91,4398)]	93.469291
822	[(1,6586),(4,27034),(5,10696),(6,3605),(8,12255),(10,16957),(14,25812),(17,3615),(18,20558),(21,20239),(22,9183),(23,1795),(24,11613),(25,12126),(26,5104),(31,8075),(34,26281),(35,6208),(38,2438),(40,5706),(41,26727),(44,10059),(45,26433),(48,28132),(51,21115),(53,13832),(57,6325),(66,26180),(67,12128),(68,12793),(69,20179),(70,6709),(71,22142),(72,27693),(78,17320),(79,19692),(80,2172),(81,471),(86,20121),(88,19150),(90,20478)]	82.589079
823	[(6,14250),(8,17174),(9,17143),(10,28043),(12,5793),(13,12006),(15,4044),(17,12850),(20,22786),(21,10366),(24,12938),(26,22060),(27,2969),(28,27140),(29,28257),(32,6715),(35,23317),(38,25602),(39,18625),(42,8826),(48,16728),(49,2229),(50,6815),(52,25709),(55,27144),(57,7405),(59,10612),(61,3617),(63,8082),(64,17747),(65,8166),(66,2439),(69,9000),(71,17020),(72,26130),(77,11927),(79,14100),(80,11520),(81,4176),(82,7722),(83,19065),(84,7746),(85,24184),(87,2561),(88,12017),(89,9032),(91,10925),(92,3527)]	81.570290
824	[(2,1607),(5,21814),(7,5883),(8,16874),(9,18546),(11,23420),(16,25032),(17,1175),(18,9021),(21,3087),(22,11279),(28,9836),(35,5375),(37,26465),(39,15830),(42,4473),(45,16520),(46,17831),(47,19616),(49,8137),(50,6145),(52,20413),(53,11141),(55,6120),(56,16740),(58,27141),(60,7278),(62,1204),(65,16716),(66,18636),(67,1641),(69,12695),(70,28557),(71,8816),(74,26597),(75,7181),(86,25018),(89,24901),(91,7647),(92,8158)]	81.365042
825	[(2,392),(3,3862),(4,10465),(5,6766),(9,6130),(10,18034),(11,17079),(14,6607),(18,12851),(19,145),(20,12961),(21,21721),(23,20299),(25,25111),(26,4335),(27,25534),(28,20504),(30,28313),(34,21069),(35,20127),(37,11146),(39,23737),(43,25930),(45,20315),(46,26628),(48,12837),(50,17598),(51,2826),(54,6202),(56,8715),(58,11533),(59,2477),(60,23133),(61,4693),(64,15488),(65,8230),(69,14100),(70,11520),(71,13830),(72,15421),(78,7245),(81,24596),(83,1892),(85,2647),(91,23709)]	86.899238
826	[(1,1391),(5,14191),(9,27941),(10,19253),(12,13364),(13,20960),(16,23126),(17,3163),(19,25658),(23,21314),(28,26814),(31,20499),(34,28380),(35,17436),(37,27164),(39,8813),(41,19320),(43,17692),(44,14667),(47,7606),(48,10100),(52,4489),(53,3253),(54,6485),(57,25591),(60,28027),(62,7765),(64,24812),(66,18525),(67,20092),(72,2530),(77,22998),(78,22735),(81,14965),(82,464),(83,25480),(85,4026),(89,1725),(90,25168),(91,14517)]	83.017977
827	[(1,23193),(2,2986),(3,138),(4,15870),(5,23187),(6,13037),(9,18670),(10,15657),(15,9783),(20,18992),(21,20867),(22,7785),(25,5211),(26,17777),(28,28132),(31,15514),(32,14770),(33,14962),(34,25415),(36,22917),(44,10996),(45,28079),(48,27813),(49,478),(51,25849),(53,1419),(62,6203),(65,14988),(67,21310),(69,19823),(74,27523),(75,11208),(77,5960),(78,14491),(79,15310),(80,22685),(82,7950),(85,12854)]	81.370964
828	[(2,6805),(6,26052),(9,26580),(14,3650),(15,24170),(19,13183),(22,13955),(23,9908),(24,27519),(27,4721),(29,11061),(30,26034),(36,20532),(38,9295),(43,2435),(51,4902),(54,5227),(58,1783),(59,18580),(62,10172),(63,21221),(64,5238),(68,5468),(69,8976),(71,14716),(72,3924),(74,21286),(75,16412),(76,21891),(77,19673),(79,19999),(80,2579),(81,19086),(83,19527),(84,16134),(89,22610),(92,20153)]	82.400396
829	[(0,27879),(4,916),(5,23440),(6,27426),(8,11674),(11,11505),(12,21768),(13,28429),(14,21090),(15,9756),(16,4067),(17,1626),(18,2125),(24,10670),(27,25782),(30,21897),(31,9271),(33,6656),(34,4084),(38,5769),(39,23689),(40,19810),(41,21125),(45,6461),(49,1661),(56,27262),(57,21108),(58,12903),(59,14029),(60,14973),(61,16255),(64,20276),(67,9592),(74,12421),(75,28417),(78,808),(80,20105),(83,15292),(85,15983),(88,26910),(90,19843),(91,25501)]	79.676232
830	[(0,8335),(1,13233),(3,439),(4,19653),(6,13147),(7,5341),(8,1052),(14,16259),(15,16993),(16,26909),(18,20035),(21,19774),(24,11154),(27,22389),(28,10052),(29,8920),(33,26664),(35,27845),(38,8544),(39,27800),(44,8196),(45,19390),(46,23478),(49,23085),(50,2430),(51,26123),(54,3160),(55,16576),(57,21609),(58,16696),(59,12720),(61,18444),(63,19878),(66,16768),(67,19039),(70,19604),(71,3478),(72,26074),(73,27735),(75,10482),(77,14301),(79,16682),(83,16661),(84,4902),(85,25019),(86,24556),(87,15280),(89,15251),(90,11845)]	79.789209
831	[(0,12801),(1,3412),(3,4818),(7,2365),(8,26441),(13,17609),(16,393),(17,2248),(18,11578),(21,9801),(24,2957),(28,2537),(29,834),(30,5053),(33,3400),(34,17115),(39,3291),(41,7756),(43,10360),(46,22723),(48,24169),(52,2645),(55,19717),(59,22215),(61,6132),(65,10764),(67,24742),(68,23924),(70,10660),(72,11019),(76,19092),(77,5037),(79,16287),(91,25889),(92,1168)]	80.814624
832	[(7,13634),(14,2086),(15,23148),(16,8478),(18,22531),(19,9876),(21,6347),(22,15108),(24,15015),(25,16906),(28,117),(30,16983),(31,7946),(34,28705),(35,8802),(38,18855),(39,27143),(47,10327),(50,17674),(51,12177),(54,28033),(55,9057),(58,5595),(60,23105),(62,4465),(65,984),(68,20537),(70,18967),(71,10042),(75,5328),(76,9743),(78,11814),(80,7038),(82,13604),(83,26320),(84,24485),(85,3297),(87,21215),(88,16099),(90,18234),(92,190)]	82.253340
833	[(0,14567),(4,3905),(6,19773),(8,3779),(9,18462),(10,2766),(11,7666),(17,28434),(23,2426),(26,24408),(27,1592),(30,15030),(31,12804),(33,7414),(35,14289),(39,9349),(41,13380),(43,10100),(45,13454),(47,15209),(48,24567),(49,9505),(52,22952),(53,27300),(60,24258),(66,21656),(71,3762),(72,19627),(73,13283),(74,24962),(75,10174),(78,11037),(79,24837),(82,5435),(85,13847),(86,15567),(88,3256),(90,26214),(92,25804)]	111.152102
834	[(0,24462),(4,16347),(8,12614),(10,7515),(11,15143),(17,22163),(18,12030),(19,11008),(20,26816),(25,28288),(26,27859),(28,3839),(29,13464),(31,18920),(32,7815),(33,17890),(36,22540),(37,23294),(41,18254),(42,8618),(43,19383),(44,21274),(46,2319),(48,2294),(54,27176),(55,6003),(56,15563),(57,9055),(58,13937),(59,7570),(61,28147),(62,99),(64,21424),(70,1116),(71,4238),(72,14474),(73,16361),(74,4989),(81,11348),(82,27635),(83,8236),(84,28088),(91,20685)]	81.822070
835	[(0,17219),(3,6834),(5,11946),(7,25540),(11,23498),(14,6006),(15,11065),(19,4625),(20,3061),(21,25447),(25,28109),(26,22817),(28,15339),(29,9548),(30,8248),(34,3804),(41,9823),(43,17164),(44,11207),(48,21159),(49,9260),(52,14208),(54,25204),(55,3605),(60,8079),(67,7894),(68,23774),(69,24384),(81,11696),(83,11163),(85,15538),(86,22015),(89,10038),(91,4619),(92,19487)]	84.266172
836	[(3,23887),(4,19706),(7,23121),(9,20362),(12,7125),(16,3988),(19,16911),(22,19256),(24,28381),(28,16366),(29,16541),(30,9461),(31,22187),(33,27465),(34,2994),(37,2766),(38,12647),(39,18579),(40,4169),(42,77),(44,7257),(45,28568),(46,1675),(48,2236),(50,17089),(54,25094),(55,16887),(57,25184),(58,2428),(59,14628),(60,23389),(63,18189),(65,10804),(68,25089),(69,13351),(72,11263),(73,2862),(79,11094),(82,27814),(83,15060),(86,9444),(87,3776),(89,27535),(90,11530),(92,78)]	80.139088
837	[(3,18030),(14,8604),(24,23343),(26,6147),(28,16797),(35,21258),(36,14180),(40,8112),(42,27675),(46,11445),(47,12877),(49,19466),(50,12147),(51,16578),(52,9278),(53,20522),(58,16082),(60,17640),(61,6428),(63,22994),(65,14992),(66,27477),(72,4596),(74,446),(77,6479),(78,19321),(79,9331),(80,15372),(81,8903),(82,2425),(83,22673),(84,12898),(86,27360),(87,10973),(88,19324),(89,430),(91,24598),(92,8073)]	81.169095
838	[(6,24992),(17,24087),(21,8071),(23,28169),(27,23790),(29,15162),(31,19563),(32,7522),(40,12583),(41,26963),(42,6629),(44,11288),(45,3081),(54,20952),(55,11115),(58,15665),(63,16436),(65,21989),(69,19753),(71,17070),(75,19618),(76,17908),(77,12990),(79,5768),(82,2622),(83,16714),(90,23438),(91,18351)]	81.264422
839	[(1,12379),(2,18847),(3,24429),(4,15114),(6,17058),(9,11073),(16,20340),(17,28266),(18,11621),(22,8764),(23,14228),(24,20393),(25,27518),(27,17352),(29,10753),(30,15082),(32,11049),(34,2776),(37,15631),(38,22082),(44,27979),(45,18575),(47,20914),(49,18193),(52,6297),(53,12345),(54,106),(56,10221),(59,19025),(61,19059),(62,26622),(64,3549),(66,6167),(74,5899),(77,10599),(78,25877),(79,28459),(83,24063),(84,6625),(85,21601),(86,7613),(87,25962),(89,28379),(92,17043)]	82.866222
840	[(0,8210),(1,14512),(2,19337),(5,11503),(11,13507),(12,1841),(13,27343),(14,13193),(17,21865),(19,10347),(21,1331),(22,18396),(23,1257),(24,4815),(28,7767),(32,5522),(35,9617),(38,4896),(45,3484),(46,2230),(49,6037),(50,16089),(52,26982),(55,21031),(58,16286),(60,20998),(61,14589),(62,4243),(65,8147),(66,16452),(67,24945),(72,14187),(76,26514),(77,25001),(83,12838),(86,13547),(89,6857),(90,11038)]	81.772033
841	[(2,10282),(3,5247),(4,25391),(9,18280),(11,20910),(12,11060),(13,10923),(16,2128),(17,6039),(18,22587),(26,5698),(29,19654),(30,15592),(37,16592),(40,20467),(41,27343),(42,13193),(44,9152),(45,28189),(46,265),(54,19716),(57,15388),(58,25444),(66,4118),(67,22054),(68,18212),(70,18514),(71,27553),(72,22659),(73,7195),(78,4562),(80,5614),(83,4791),(86,21449),(87,3522),(89,17025),(90,22196)]	80.118943
842	[(0,13314),(1,27787),(5,8534),(12,15019),(13,19341),(16,14201),(17,5870),(19,17410),(23,16527),(25,4203),(27,11360),(28,13300),(29,24303),(30,13477),(32,20726),(33,18606),(34,15017),(37,20118),(39,13143),(40,18822),(43,5900),(44,22615),(45,11897),(50,8767),(51,5741),(55,26489),(59,14633),(61,14274),(62,707),(63,13079),(67,22355),(68,21386),(70,10009),(73,25321),(78,5734),(79,3159),(80,17371),(81,19630),(84,23606),(87,23872),(89,11924),(90,2707)]	79.050859
843	[(1,26295),(2,27010),(3,8601),(4,10419),(5,26182),(7,24327),(10,709),(14,19486),(16,24011),(18,12928),(20,21814),(23,12073),(25,18399),(33,5371),(36,19596),(39,22108),(40,61),(42,20005),(45,18719),(47,24282),(49,3959),(51,20903),(52,1365),(56,16554),(58,26807),(59,187),(61,19096),(63,10811),(65,14703),(67,24138),(68,16650),(69,10387),(71,6882),(72,6638),(73,26454),(77,23076),(78,3371),(81,24838),(86,3122),(90,365),(92,10771)]	77.426656
844	[(0,21599),(2,2002),(4,6470),(6,17297),(11,11311),(16,15397),(17,19176),(18,5715),(19,12132),(20,5257),(22,23415),(25,580),(26,15531),(28,2000),(32,5019),(33,9685),(35,18550),(37,20506),(38,28412),(42,23475),(43,289),(50,13276),(51,26941),(56,17158),(60,2041),(64,19347),(66,163),(76,17096),(80,9495),(87,19352),(89,18492)]	78.832602
845	[(0,17644),(3,18595),(6,10656),(11,3292),(13,18306),(14,19944),(15,25761),(18,16251),(19,9101),(24,19810),(25,21125),(27,4151),(29,16819),(32,17244),(33,15018),(35,24298),(37,3436),(41,17082),(43,15492),(46,11515),(47,3374),(50,12602),(51,7272),(54,20693),(55,11790),(57,18969),(58,2415),(70,23968),(72,4099),(73,27253),(74,5396),(75,18688),(76,4357),(80,311),(82,9709),(84,13905),(88,729),(89,13405),(91,20309)]	101.513413
846	[(2,10301),(3,26552),(4,7269),(6,9877),(16,4170),(17,17616),(18,4979),(28,19816),(31,11371),(32,18663),(33,13122),(35,17918),(36,1619),(41,24525),(42,14429),(44,11117),(46,6041),(48,1496),(49,24359),(52,26952),(57,6734),(58,28078),(61,10523),(62,582),(63,21172),(64,835),(66,11320),(78,27844),(81,418),(83,3460),(84,20490),(86,8298),(87,16544),(88,23477)]	81.822691
847	[(0,19667),(2,26553),(4,18419),(5,4015),(8,546),(10,3312),(11,18578),(14,10065),(15,11610),(23,16131),(26,11391),(27,7909),(28,13724),(30,27584),(31,20023),(33,13950),(38,2148),(39,25692),(45,21678),(46,20291),(48,18294),(49,9429),(51,27125),(53,15855),(54,2403),(56,21807),(57,4315),(58,19392),(60,28565),(62,14982),(63,26019),(68,11716),(69,22685),(72,19038),(73,24659),(75,6047),(76,22499),(77,18321),(78,11381),(81,20097),(82,4405),(83,28612),(89,25608),(90,4194)]	78.786953
848	[(2,3024),(3,6718),(4,20354),(12,14643),(13,23676),(14,12064),(16,22483),(17,17238),(20,19178),(22,827),(25,26343),(26,28035),(27,27264),(29,24906),(33,22417),(34,25430),(35,16523),(36,20576),(38,10221),(39,8877),(40,6643),(41,18265),(43,14650),(48,22301),(49,12609),(52,25028),(53,2253),(54,13485),(55,10951),(57,15017),(61,7159),(66,15650),(68,19477),(70,11),(73,10065),(75,392),(77,16026),(78,3246),(82,26192),(84,12951),(85,5001),(86,19355),(88,19167)]	78.811181
849	[(0,7012),(2,23824),(8,793),(10,3601),(11,9662),(12,1344),(14,12276),(15,27780),(18,15954),(19,28485),(20,336),(22,24398),(23,25621),(24,6769),(26,7094),(30,11020),(31,5913),(32,23715),(33,13648),(36,13115),(38,12790),(40,19102),(42,14909),(43,27346),(46,24039),(47,21369),(48,8778),(50,20693),(51,3034),(53,17284),(54,27849),(55,27957),(56,19821),(58,25999),(62,27506),(68,8355),(69,7796),(72,17443),(75,2693),(76,9470),(78,1580),(83,14456),(86,9905),(88,8385),(91,16070)]	82.040987
850	[(3,1425),(5,27109),(8,24392),(9,26846),(12,13634),(15,18022),(16,2893),(17,28212),(18,7190),(19,25679),(22,9624),(27,4253),(28,19459),(30,19503),(32,613),(34,27052),(35,14508),(37,10947),(38,4753),(39,26677),(41,5512),(42,4442),(44,14012),(48,13529),(58,2670),(60,1518),(62,20314),(63,14522),(64,10426),(66,17107),(67,3992),(68,16912),(69,651),(70,784),(71,19367),(73,4094),(74,16583),(75,18382),(76,12821),(82,8408),(86,6088),(87,8843),(88,18066),(91,5045),(92,17818)]	81.722057
851	[(2,10027),(8,27871),(12,16024),(16,18838),(18,6050),(22,11379),(25,25988),(29,1055),(30,23475),(33,12323),(34,21978),(39,2719),(40,19659),(41,15840),(46,27106),(47,16314),(50,26343),(52,22870),(53,14713),(61,14994),(62,15365),(63,17487),(67,23391),(68,28622),(71,23873),(72,7778),(80,17646),(86,17517),(88,3070),(91,20872),(92,14986)]	81.841026
852	[(0,11155),(2,8992),(4,14251),(8,25856),(10,10055),(13,18277),(14,4923),(15,2906),(16,10081),(18,18513),(23,11463),(24,21883),(26,15768),(28,12882),(31,9798),(33,2066),(35,22930),(40,13550),(41,2402),(44,7565),(48,12915),(51,21351),(52,6895),(56,8012),(58,11786),(59,25868),(63,7914),(64,5982),(68,17022),(69,27475),(71,25619),(72,5017),(75,27352),(77,9903),(78,12247),(79,24270),(81,19070),(83,17554),(85,9371),(86,27519),(89,14710),(90,12084),(91,27521)]	84.950603
853	[(0,28095),(1,5045),(2,11977),(3,14177),(4,9687),(5,1936),(6,3998),(7,26179),(8,8787),(12,12061),(22,3330),(23,12448),(24,905),(25,6491),(27,24139),(30,15012),(31,9360),(32,24065),(33,17788),(34,16252),(35,19189),(36,20794),(39,18662),(40,24186),(41,6683),(44,21798),(46,24343),(49,11190),(50,13964),(52,19471),(53,15160),(55,18932),(56,15288),(59,5983),(60,23617),(61,3037),(62,15553),(63,15405),(71,16074),(74,10102),(77,6506),(82,25014),(83,28011),(84,21139),(85,2398),(86,16940),(88,19369),(91,13009),(92,18905)]	82.155584
854	[(0,11517),(5,8251),(6,1007),(7,10527),(8,27076),(11,3869),(14,542),(16,20553),(17,9550),(20,13412),(26,24242),(27,23426),(28,11929),(32,15780),(35,20283),(36,25275),(37,10918),(38,646),(44,26690),(48,1939),(51,18951),(52,1035),(53,8486),(61,28107),(62,5170),(64,11908),(65,431),(67,2316),(71,24158),(74,28320),(77,21407),(79,7932),(81,1176),(83,17336),(84,24578),(85,19872),(89,27863),(91,23494),(92,14611)]	77.969908
855	[(2,5103),(3,9426),(11,25405),(13,11883),(16,18583),(23,1900),(24,23468),(28,4987),(30,793),(33,25341),(36,21328),(37,4849),(38,18025),(39,21877),(42,22076),(43,2003),(46,12384),(47,319),(48,13340),(52,9135),(55,16418),(56,9473),(57,597),(58,18628),(61,17293),(64,5408),(65,25195),(69,7321),(71,1800),(72,23240),(76,16231),(77,19008),(79,10200),(81,7056),(83,498),(88,27641)]	78.140127
856	[(0,446),(5,20730),(8,12426),(11,11957),(12,10325),(15,27401),(17,25944),(18,22939),(19,4902),(20,25019),(21,24556),(27,4715),(29,7256),(33,24686),(34,16502),(37,23551),(44,27497),(46,22155),(51,6129),(54,18994),(55,6878),(57,17513),(62,20614),(63,5374),(64,20841),(67,2789),(68,15819),(69,8246),(71,17649),(74,17593),(75,22918),(81,7422),(87,26018),(89,22249),(91,3063)]	78.788701
857	[(3,28069),(6,16841),(11,13757),(15,21258),(16,15631),(17,27869),(21,23376),(23,470),(27,28701),(37,18937),(39,5706),(41,25770),(43,19089),(44,27818),(46,20326),(47,27469),(48,1727),(50,17338),(53,11286),(56,13154),(58,23442),(60,23450),(61,7319),(70,2163),(71,4976),(72,25920),(75,4699),(77,7950),(80,12929),(81,3664),(84,22558),(86,9492),(87,14920),(89,6479),(91,5843)]	76.371813
858	[(1,28153),(2,13355),(4,893),(5,2035),(6,3118),(7,25886),(12,5925),(18,7304),(19,26007),(22,2999),(24,8732),(28,16363),(30,21796),(33,16638),(35,17222),(37,15174),(38,16115),(39,9339),(41,28312),(44,12503),(47,24512),(48,12622),(52,22657),(53,23141),(54,9834),(56,12723),(57,9383),(60,18188),(61,19908),(66,10689),(68,20635),(70,27348),(74,15453),(75,15707),(76,11315),(79,22348),(86,9435),(88,22043),(91,4125),(92,358)]	103.323465
859	[(0,28488),(5,14525),(9,28250),(11,23746),(12,21229),(14,26876),(15,18374),(16,3350),(17,13643),(18,15043),(22,23046),(24,15866),(33,13491),(38,10964),(39,14034),(40,21083),(41,1172),(42,20197),(43,28533),(46,13216),(47,27899),(49,16068),(54,17616),(55,5400),(56,25312),(59,28138),(62,4383),(64,10198),(67,11447),(68,15636),(69,2937),(72,24958),(75,18803),(77,25936),(79,2977),(83,10158),(84,13386),(85,5772),(86,14883),(88,24098),(90,24209),(91,15820)]	80.007485
860	[(2,21657),(4,625),(5,18962),(7,17125),(8,20592),(13,18391),(14,9486),(15,11183),(18,23705),(21,17117),(22,28523),(24,7456),(25,19457),(26,19588),(30,24241),(34,1293),(36,23887),(37,19706),(39,6802),(41,16343),(42,3344),(43,12504),(44,17596),(46,26795),(47,26801),(48,1708),(58,5767),(59,4062),(65,4608),(66,18867),(68,27701),(70,15055),(71,24228),(72,24590),(73,21843),(76,6600),(84,23132),(87,5584),(88,7337)]	78.151904
861	[(4,4561),(8,12034),(9,4409),(12,4620),(14,21240),(15,6400),(16,2041),(18,21058),(19,14168),(20,27039),(22,13234),(23,26809),(24,25874),(25,25482),(28,3366),(37,18708),(38,21951),(41,25149),(44,850),(45,21213),(50,26771),(51,10004),(59,11733),(60,21792),(62,23723),(65,6009),(67,24744),(71,20994),(72,1424),(73,625),(74,18962),(77,11421),(78,6192),(79,23121),(82,8498),(84,15047),(85,24534),(88,10347),(89,23566),(92,14901)]	77.821024
862	[(0,7564),(1,7833),(3,26384),(4,26790),(6,13472),(9,11430),(11,17740),(14,27306),(15,2118),(16,26686),(17,15632),(18,25595),(19,7956),(21,516),(22,3166),(23,13315),(24,15486),(26,18689),(27,22442),(28,7986),(29,440),(31,22723),(33,15645),(34,23414),(36,24812),(39,13879),(41,20569),(42,19377),(45,27399),(48,18651),(49,1789),(51,16328),(52,18663),(53,13122),(61,10251),(65,26076),(66,21728),(68,19833),(69,22536),(72,24911),(74,24113),(76,418),(77,7878),(78,5582),(79,6098),(80,26923),(82,26631),(83,16191),(90,24860),(92,4514)]	81.087699
863	[(0,24064),(1,1792),(3,1080),(4,21684),(6,20648),(8,6415),(9,27609),(12,9598),(13,21539),(16,20332),(17,21289),(18,20262),(19,4346),(20,25659),(27,10714),(32,27673),(34,17871),(35,8006),(38,12771),(39,21897),(45,17308),(46,12666),(48,3479),(49,23367),(58,13126),(60,3370),(61,17564),(64,25070),(68,26174),(70,18456),(71,550),(72,1051),(73,13448),(74,16434),(75,3423),(77,9649),(79,19195),(82,13216),(84,11595),(86,9448),(90,4586),(92,18759)]	79.289931
864	[(0,7995),(1,18387),(2,9740),(9,923),(10,7302),(13,620),(14,3380),(15,6085),(16,12784),(18,22744),(21,21506),(22,21310),(24,7495),(27,27873),(28,12727),(29,21273),(30,12829),(33,23265),(35,14337),(38,1017),(39,2527),(43,6816),(46,28426),(48,19344),(50,3284),(52,8086),(56,3770),(57,25117),(58,14981),(59,17646),(65,17855),(69,8669),(70,24771),(72,58),(74,14071),(75,23308),(76,22720),(77,12988),(81,22597),(82,3688),(85,25695),(88,2322),(90,14720),(91,14363)]	80.628278
865	[(1,17080),(6,14277),(8,7486),(9,6286),(11,27996),(15,1962),(16,24298),(18,21970),(22,12802),(25,1895),(34,13598),(35,74),(38,5298),(41,15779),(42,9794),(46,18155),(53,24942),(56,387),(58,27572),(63,13525),(64,22089),(66,20307),(72,16439),(75,10964),(80,27539),(81,10692),(83,27960),(85,19708),(92,24580)]	82.033776
866	[(5,14298),(7,14520),(10,19851),(12,26331),(14,2035),(15,19894),(17,13759),(18,27478),(19,12238),(27,21453),(28,12201),(29,19056),(30,17902),(31,9835),(32,14633),(34,14274),(35,707),(38,21870),(39,6994),(44,23400),(46,18305),(47,19542),(51,28312),(55,25656),(58,23708),(60,18588),(63,5745),(71,2537),(72,19890),(73,11655),(75,10045),(76,6020),(78,14188),(79,15188),(80,17884),(82,22643),(85,27402),(88,24942),(91,23197),(92,1813)]	80.851782
867	[(1,13324),(3,28216),(6,27914),(8,23107),(9,16815),(10,12264),(12,11113),(13,2250),(19,9302),(25,11993),(31,17399),(32,24333),(37,15513),(38,8103),(39,8745),(41,3959),(42,23239),(43,25358),(45,8066),(48,18843),(53,23607),(56,25266),(57,4249),(58,18667),(61,9349),(69,21952),(73,22122),(76,13960),(80,8810),(82,7816),(83,2491),(88,18018),(89,12873),(90,2284)]	80.149451
868	[(0,18307),(2,2798),(4,7015),(6,21857),(7,6366),(10,16737),(14,25024),(17,14982),(18,26019),(19,20833),(20,16239),(21,608),(22,25475),(24,25122),(27,18917),(28,13625),(31,16916),(32,28247),(34,25553),(35,16571),(36,7219),(38,689),(44,13231),(45,2732),(48,17293),(49,1339),(50,9025),(53,6180),(54,10504),(56,434),(57,19009),(58,1296),(59,1),(61,24017),(66,24943),(67,5866),(68,27276),(72,9377),(73,22992),(74,10459),(75,28688),(81,12952),(82,11712),(83,27933),(86,5580),(89,19234),(90,6877)]	78.296336
869	[(1,1489),(7,17110),(8,19244),(13,1568),(14,23885),(21,15962),(22,12466),(23,23454),(28,7823),(29,10744),(31,11694),(33,1283),(35,28715),(36,12362),(38,14000),(42,12155),(43,3094),(45,20294),(46,4342),(47,18143),(50,24581),(54,9126),(55,7683),(56,23914),(60,26224),(64,133),(67,10438),(69,9709),(71,8369),(75,11715),(78,14451),(80,18572),(83,17470),(84,12664),(89,22702),(92,934)]	78.438269
870	[(6,5449),(8,4639),(10,22234),(13,13391),(14,27995),(17,26983),(18,2257),(19,10064),(22,2905),(23,1984),(24,20783),(25,1990),(26,16816),(27,17076),(31,24322),(32,2246),(33,9342),(37,22091),(38,10183),(39,18360),(41,5691),(45,904),(48,1182),(49,25963),(50,4963),(51,22395),(59,13944),(61,1422),(62,26308),(63,10739),(65,15303),(67,8810),(75,18455),(76,15523),(78,1737),(79,10869),(80,4656),(81,24316),(86,901),(90,16665),(92,23582)]	143.430759
871	[(10,1610),(12,2454),(13,28024),(15,25442),(16,5178),(17,16107),(18,8795),(24,17727),(25,527),(26,3614),(27,19727),(28,17762),(31,6677),(32,17600),(34,6024),(35,17878),(39,4318),(42,1270),(43,10726),(45,17871),(50,22712),(52,24202),(53,10613),(56,21737),(57,817),(60,22734),(62,27966),(65,23354),(66,16534),(69,12342),(70,22774),(76,19614),(81,16163),(82,1731),(84,25012),(85,8921),(90,13093)]	186.968558
872	[(2,8358),(3,1509),(7,19655),(11,1557),(13,17799),(14,23383),(15,5887),(16,22474),(17,21063),(20,18795),(22,6405),(25,12572),(26,18138),(27,13336),(28,26715),(34,4321),(35,4147),(38,9397),(39,28708),(40,12945),(43,8901),(44,5662),(46,8387),(49,4385),(50,8516),(51,24091),(53,26814),(56,27465),(57,26259),(59,345),(62,4655),(63,4199),(70,13397),(76,1936),(77,16113),(81,16119),(83,16248),(84,23929),(85,28629)]	192.470553
873	[(0,21172),(2,13175),(3,19045),(7,26879),(8,21437),(10,4015),(12,3218),(17,22844),(19,9475),(24,15685),(28,8848),(29,20462),(30,26111),(31,25798),(33,15593),(35,7091),(38,10467),(39,23704),(45,22556),(46,17637),(48,6537),(50,22002),(55,20455),(57,2133),(59,6260),(60,19937),(61,3861),(62,22083),(65,3511),(67,24020),(68,16925),(69,5977),(71,15003),(73,5721),(75,8865),(80,25544),(81,24618),(84,18330),(85,22670),(87,14909),(88,27346),(89,6194)]	173.360598
874	[(6,127),(7,28017),(10,26088),(12,19786),(13,1253),(14,15998),(15,16243),(16,20204),(18,6561),(21,12507),(25,14868),(26,17789),(27,6207),(29,20612),(30,2385),(32,23373),(33,10608),(34,2053),(35,14815),(38,22510),(41,7416),(42,27005),(44,26174),(46,5796),(48,25324),(49,11185),(50,24375),(52,4431),(53,22088),(54,359),(55,13035),(57,2553),(61,4355),(64,15954),(65,24095),(66,26025),(67,27526),(68,25853),(69,9155),(70,28331),(74,4699),(76,7950),(77,18262),(78,2478),(79,11382),(81,12410),(82,17931),(83,1123),(84,2549),(85,8122),(89,13921),(90,7602),(91,21165)]	169.249610
875	[(1,16860),(3,21975),(9,2341),(11,990),(15,22686),(18,7027),(19,1381),(20,15507),(24,20844),(33,25719),(37,433),(38,678),(39,9826),(41,2896),(42,13115),(43,13058),(48,2436),(49,12350),(58,1610),(61,11838),(62,26425),(68,24649),(70,3122),(74,24829),(76,16967),(77,25871),(78,19228),(79,8182),(82,9417),(87,17891),(88,28201),(91,11395),(92,5820)]	165.668306
876	[(5,8080),(9,12588),(10,25872),(13,19163),(14,27290),(16,6403),(18,27114),(19,15241),(21,5433),(23,22553),(24,25213),(25,15040),(26,7958),(28,26753),(35,25904),(36,27156),(37,6876),(41,1900),(44,28479),(45,1973),(49,20002),(50,7203),(54,20664),(56,25653),(59,21511),(60,12479),(63,21286),(65,22000),(69,25568),(70,6110),(71,6136),(73,19588),(74,11954),(76,23528),(78,22292),(81,12509),(82,6608),(83,10582),(85,774),(86,28263),(87,1147),(91,19690)]	177.309761
877	[(0,10752),(1,27478),(2,4481),(4,25568),(5,6110),(6,7087),(7,18714),(8,963),(9,5975),(11,20338),(17,21151),(20,8219),(22,23273),(23,25913),(24,8459),(26,8937),(27,26147),(30,26765),(31,16249),(32,5233),(33,7621),(34,18447),(37,15546),(39,3956),(40,8822),(41,16960),(43,12571),(44,19078),(45,12778),(46,23918),(47,21555),(48,12188),(51,11297),(53,5372),(55,21776),(56,18643),(57,555),(58,12121),(59,16479),(60,20681),(61,744),(62,24115),(63,5123),(65,709),(67,15329),(68,20666),(70,12563),(72,5046),(73,10757),(78,2162),(80,17904),(81,21740),(85,20826),(86,27986),(88,1041),(89,7315),(90,2872)]	163.011483
878	[(0,8587),(3,22413),(5,20955),(6,24317),(9,18332),(17,24801),(19,6572),(20,8879),(21,23066),(22,2139),(24,20994),(28,19750),(29,8966),(30,13943),(31,2649),(33,6736),(36,12189),(37,14025),(40,14699),(43,12247),(44,24270),(45,10114),(46,1342),(48,2536),(49,8858),(50,25206),(51,20618),(54,3443),(55,21245),(58,15011),(59,7224),(61,25942),(63,15541),(65,5105),(67,12190),(73,2544),(74,27047),(76,19076),(77,14728),(78,3848),(82,22402),(84,25902),(85,12386),(86,9971),(88,6458)]	184.083930
879	[(0,18774),(2,23888),(5,10734),(7,8016),(9,9445),(10,26662),(13,3516),(14,3306),(23,1242),(34,10230),(37,15255),(39,3923),(41,22244),(42,15833),(43,9603),(48,13733),(50,22106),(52,1903),(55,27680),(57,18719),(60,26989),(66,4428),(67,25010),(69,11796),(75,20529),(79,16771),(80,14465),(82,23732),(83,14705),(85,2612),(87,11929),(91,16020),(92,4886)]	171.008893
880	[(0,15540),(1,16598),(2,16991),(3,28486),(4,22029),(6,10778),(7,20572),(10,6256),(15,4173),(17,14966),(18,16275),(22,4429),(23,9509),(24,18410),(25,20626),(28,2810),(33,19575),(35,10247),(37,1836),(39,9085),(42,1640),(43,19559),(46,24152),(47,12855),(51,23020),(52,8975),(54,1142),(55,11407),(56,6368),(57,5348),(62,1629),(64,10489),(66,11638),(68,15033),(70,22142),(74,13357),(76,22822),(79,25515),(81,14172),(82,27391),(83,27077),(84,15444),(85,1711),(86,16830),(87,25142),(91,4291),(92,25544)]	174.684283
881	[(0,3269),(2,16468),(4,28023),(5,2782),(7,20014),(9,24258),(13,9854),(14,23692),(15,1313),(18,25522),(20,18133),(24,3625),(26,24058),(30,9380),(31,22523),(32,27322),(33,23108),(34,10191),(35,223),(36,7941),(41,20962),(44,89),(46,6603),(49,22613),(50,15885),(51,24093),(52,10751),(53,24738),(54,10074),(55,27639),(57,1813),(58,27677),(61,4951),(63,9172),(65,76),(67,3234),(70,27522),(71,20687),(73,27316),(74,1761),(76,14281),(77,9981),(78,12542),(79,7617),(86,9884),(88,8821),(89,12801),(90,3412),(91,9103),(92,7291)]	171.752138
882	[(0,2390),(1,10481),(2,11492),(8,20258),(9,27426),(11,17892),(14,22678),(18,23627),(19,7312),(21,8053),(23,18747),(25,24415),(26,13554),(27,2731),(35,1310),(36,13505),(37,27863),(39,23494),(40,14603),(41,7393),(42,9250),(43,26617),(44,21941),(48,13809),(57,8751),(58,4886),(65,9098),(69,2615),(71,10752),(73,16572),(74,11600),(75,5271),(79,12273),(82,14853),(90,21029)]	173.740773
883	[(0,22718),(1,24951),(3,18224),(9,5295),(10,9199),(11,4954),(12,14581),(13,21467),(15,13256),(17,12098),(18,23701),(23,18858),(24,23807),(25,9236),(27,17181),(28,22591),(32,3702),(37,20202),(43,8334),(44,14824),(47,19624),(50,10400),(51,2741),(53,23882),(54,11449),(55,23166),(59,12533),(62,1421),(64,20909),(69,8151),(70,24242),(71,23426),(73,26675),(76,14767),(78,1555),(79,22333),(80,11861),(81,18689),(85,22790),(88,24616),(90,24800)]	208.085707
884	[(0,25791),(1,16753),(3,5523),(5,26670),(8,16533),(9,22604),(12,27897),(13,13992),(14,27573),(16,23815),(19,21311),(21,13655),(22,26258),(23,4430),(27,25943),(28,13862),(36,21747),(41,9589),(42,18287),(47,18878),(49,12612),(57,13303),(60,23813),(61,25710),(62,20402),(65,1522),(66,6236),(70,21306),(73,16550),(74,18785),(75,25809),(76,8984),(78,8151),(79,7453),(81,4750),(83,8314),(84,1096),(85,12189),(89,7813)]	178.811615
885	[(1,18367),(3,24857),(4,18188),(7,25572),(9,15487),(10,15152),(13,14264),(15,1176),(17,12613),(22,10778),(23,20572),(25,12772),(28,16533),(29,22604),(30,19681),(32,7936),(33,28178),(36,14912),(40,5028),(41,8461),(43,23478),(45,14050),(48,20402),(49,4898),(50,25154),(52,20508),(54,4442),(55,14069),(57,1058),(58,16505),(62,17894),(63,15408),(65,24365),(68,7307),(72,16739),(73,8946),(75,2199),(76,2436),(77,12350),(79,2505),(80,1679),(82,21758),(84,10053),(86,4538),(87,13344)]	156.988333
886	[(0,22406),(2,14567),(5,1066),(10,27796),(13,7797),(17,13663),(19,24352),(23,8555),(24,22055),(31,28503),(36,2866),(37,5239),(39,24109),(42,26848),(43,11461),(44,3110),(45,3518),(47,8195),(54,6665),(65,13409),(73,21759),(75,2977),(77,25963),(78,25455),(82,19579),(84,6840),(88,28405),(89,6187),(91,11892),(92,4141)]	151.837357
887	[(2,23212),(3,2670),(4,5585),(5,27179),(6,16214),(8,19006),(11,131),(12,12835),(16,5430),(17,22544),(23,6703),(28,17693),(29,7336),(31,9309),(33,488),(36,28039),(38,18883),(39,6328),(41,14232),(43,21917),(44,25778),(45,23561),(46,5441),(48,19122),(51,4424),(55,25313),(60,24514),(61,2665),(63,16420),(66,20403),(71,24681),(74,16336),(76,16333),(77,23254),(83,4006),(84,25558),(87,2932),(88,17366),(92,12734)]	175.000112
888	[(0,10529),(1,9809),(2,16710),(4,13427),(5,8748),(6,26743),(7,14563),(9,27577),(10,3575),(11,10473),(12,18249),(13,27128),(21,28046),(28,665),(31,26784),(35,17979),(36,23460),(37,24250),(38,16965),(39,3240),(41,24629),(42,7594),(43,1741),(45,4003),(49,26701),(51,25422),(54,6072),(55,27703),(56,22227),(57,12208),(58,3028),(59,3635),(60,12224),(62,19021),(64,882),(66,22484),(70,9757),(75,18652),(76,1169),(77,22143),(84,12957),(87,8985),(89,25465),(90,13303),(92,9124)]	172.761285
889	[(0,11537),(6,2580),(7,27575),(10,3029),(14,25035),(16,327),(20,13553),(21,3758),(24,20260),(32,14600),(33,22794),(34,4315),(35,4083),(38,5699),(40,25708),(43,16199),(44,19525),(48,9939),(49,19462),(51,14059),(55,8407),(57,17018),(60,23788),(62,7538),(63,8967),(64,10901),(66,11014),(68,9720),(69,24505),(75,5120),(78,10966),(81,5554),(84,24713),(85,11935),(87,4808),(89,2235),(91,15450)]	198.011521
890	[(1,12760),(2,23875),(3,18758),(6,16570),(8,10396),(11,7151),(13,2325),(14,10502),(18,4855),(19,19863),(20,15382),(23,2763),(27,26833),(30,9677),(33,17495),(34,5854),(35,6223),(37,15048),(39,18885),(40,4915),(41,8066),(46,2159),(47,17769),(48,4970),(51,16268),(53,18287),(57,2184),(62,766),(63,10912),(66,28269),(69,389),(75,26298),(76,13455),(79,5497),(81,21727),(83,6302),(87,6466),(88,28664),(92,4298)]	187.963890
891	[(2,4424),(5,6051),(6,27606),(8,13560),(12,11918),(13,21765),(17,24702),(19,12006),(23,446),(24,22453),(26,212),(27,27894),(28,4023),(29,14279),(30,17552),(31,5501),(34,26698),(38,21572),(39,19648),(40,8747),(41,27702),(42,21584),(44,23109),(46,27690),(48,4892),(50,22875),(56,28207),(57,26190),(62,4118),(63,4479),(65,5875),(68,21706),(73,23290),(75,7231),(79,22331),(81,26371),(82,16733),(87,25445),(89,16467),(90,11987)]	168.671986
892	[(1,10862),(2,18091),(3,18814),(11,922),(12,10143),(13,1604),(16,6837),(17,24462),(21,20606),(23,9633),(24,11939),(25,164),(27,12892),(30,19618),(31,17908),(34,5778),(35,15540),(36,8908),(39,8408),(40,21907),(41,17506),(45,7844),(47,15086),(54,11598),(55,25392),(56,25748),(58,18146),(59,16216),(61,14097),(62,26485),(66,25366),(67,2654),(69,26808),(70,9123),(72,18859),(74,22977),(76,21546),(80,7426),(81,22316),(84,12063),(85,27123),(88,6860),(91,13931)]	82.023916
893	[(2,15451),(4,5459),(12,6324),(14,8937),(15,2577),(18,28295),(20,12214),(21,27287),(22,27615),(26,18705),(27,14360),(29,25772),(31,6249),(32,23333),(33,28001),(35,7436),(36,20849),(38,12833),(39,11027),(51,23821),(52,21943),(53,6949),(54,5236),(55,15072),(65,4329),(69,18082),(73,3072),(76,12673),(79,8795),(80,859),(82,26049),(86,763),(87,20634),(88,8614),(89,11408),(90,22343),(92,2509)]	79.851159
894	[(0,25007),(2,15983),(4,7154),(9,12399),(13,12557),(16,25882),(19,17601),(20,23306),(22,23758),(25,21846),(26,643),(27,11362),(29,26497),(30,3892),(31,14147),(33,10888),(34,4609),(35,4845),(36,18244),(39,23444),(42,16769),(43,22665),(44,10540),(47,4197),(48,11484),(49,1989),(50,18680),(52,4678),(54,12396),(57,6422),(59,27467),(61,11089),(65,13044),(67,7071),(69,18181),(72,25632),(78,26637),(82,20230),(83,11536),(87,17950),(90,1697),(92,19337)]	90.687667
895	[(2,1056),(4,17835),(7,23174),(8,10350),(10,6310),(15,735),(18,3476),(21,24568),(22,7639),(23,28179),(25,11162),(27,1351),(29,6277),(33,26571),(35,25187),(36,4391),(37,28511),(38,17830),(42,17254),(43,2153),(44,23199),(47,11938),(52,2873),(53,26801),(55,27510),(56,26294),(57,17309),(61,17871),(65,18605),(67,4957),(68,19176),(69,8101),(71,18498),(73,21096),(74,15070),(80,20685),(84,8981),(86,21457),(87,22001),(90,8395),(92,16561)]	80.570038
896	[(4,16111),(5,1262),(7,13597),(9,7629),(10,26965),(11,12582),(14,14509),(15,8671),(20,1935),(21,24323),(23,9258),(24,19916),(26,26306),(28,18030),(30,11968),(31,17139),(32,20389),(33,26060),(35,5452),(37,10543),(38,6156),(40,11057),(41,6474),(42,8521),(46,3864),(47,12532),(50,14333),(53,24554),(54,14704),(55,9144),(59,10423),(61,14454),(62,4098),(64,21087),(67,25792),(68,23701),(74,21863),(75,13612),(79,27523),(80,11208),(84,2295),(89,1878),(90,22097)]	80.981038
897	[(0,25596),(1,10750),(2,26428),(3,27314),(5,11700),(6,28119),(9,23178),(12,12942),(13,8802),(14,8189),(15,25319),(16,23851),(17,28157),(23,15579),(25,16743),(28,28693),(29,10874),(31,22416),(38,10739),(39,22),(42,21000),(43,11239),(46,3920),(47,4163),(49,8408),(50,21907),(51,26661),(52,1108),(54,12079),(59,5103),(61,24173),(62,5397),(64,14499),(65,7227),(70,10407),(71,3241),(74,3982),(75,25831),(79,18634),(83,16349),(88,9148),(89,15512),(91,2931)]	84.075937
898	[(2,20131),(3,16901),(7,9657),(8,9559),(11,25014),(13,943),(16,4636),(17,26616),(20,22088),(23,25576),(26,10076),(35,20200),(36,5428),(37,18646),(43,12139),(44,9207),(46,2524),(50,16951),(54,21355),(55,7104),(56,19747),(57,10820),(59,5316),(60,7),(61,20766),(62,10412),(66,21981),(68,1217),(69,24697),(75,4316),(87,26955),(92,21070)]	82.271123
899	[(0,9778),(1,8162),(7,26341),(8,25900),(9,14440),(11,23820),(12,359),(13,13035),(18,17908),(19,4076),(20,15175),(22,22590),(23,25387),(25,27497),(27,3400),(30,24766),(33,13882),(35,21079),(37,27441),(38,23491),(40,8758),(41,7430),(44,23225),(48,24641),(49,6963),(50,26713),(52,23631),(53,1503),(56,25253),(58,17273),(60,4192),(62,22810),(63,3891),(64,20969),(67,24840),(69,27267),(71,9191),(74,5422),(75,16048),(78,16197),(79,17676),(80,9607),(82,23657),(83,24627),(84,2374),(85,20817),(91,575)]	104.971996
900	[(0,5722),(3,28168),(5,28472),(6,27935),(9,26980),(12,4196),(13,6614),(20,9198),(21,19242),(22,6723),(24,15354),(28,14495),(30,865),(33,27282),(36,23535),(40,27349),(42,23078),(45,3697),(46,20627),(47,865),(52,16294),(53,25671),(54,5302),(57,18158),(58,5426),(59,19773),(61,14828),(72,25081),(81,9687),(82,1936),(83,3998),(84,26179),(85,8787),(89,12061)]	82.209475
901	[(2,13469),(3,10983),(6,5465),(7,893),(9,20676),(11,8443),(12,21888),(15,8233),(16,252),(18,13411),(19,9189),(20,14397),(23,14906),(24,16831),(27,20824),(28,16965),(31,24748),(34,8132),(35,18357),(36,7011),(37,15403),(44,10156),(49,26132),(51,26795),(54,5384),(55,8562),(57,14143),(58,16742),(60,15188),(62,25544),(65,19451),(66,8497),(69,2088),(70,26311),(76,9898),(77,17044),(79,22955),(80,13315),(81,15486),(83,27370),(84,5444),(86,5781),(88,17790),(89,20566),(90,19205),(92,20318)]	80.451356
902	[(0,15427),(1,7685),(5,5010),(7,26220),(8,20380),(19,13716),(23,23264),(27,16684),(28,9398),(31,5198),(32,18671),(34,11500),(36,2234),(37,6885),(38,20483),(40,12178),(41,28096),(42,3912),(46,21201),(48,21151),(50,8538),(52,8502),(54,10650),(57,26342),(58,2349),(59,23473),(60,24930),(63,17066),(67,18),(68,14761),(69,26932),(70,17775),(72,20225),(73,28308),(76,16638),(77,13764),(78,23082),(79,28225),(84,15351),(85,3090),(88,11868),(90,7113)]	90.790349
903	[(2,26792),(3,21129),(5,5977),(7,13539),(10,15608),(14,20658),(17,11534),(22,7292),(24,4097),(25,19647),(26,12334),(28,15489),(29,16524),(30,28214),(31,24162),(32,20306),(34,14012),(35,14605),(39,8678),(41,20354),(42,720),(46,3403),(50,10491),(51,10670),(53,23416),(55,8711),(59,8436),(61,27221),(69,26894),(71,26654),(76,24235),(85,17344),(86,1602),(87,13280),(89,1958),(91,14510),(92,24176)]	82.576029
904	[(0,10857),(1,13869),(3,2895),(6,7084),(11,5283),(15,28692),(16,6324),(17,21148),(18,3545),(20,16077),(21,270),(22,10832),(24,27722),(26,22747),(28,19558),(31,23534),(32,6106),(33,23960),(34,27105),(35,27528),(38,26690),(40,26909),(41,27546),(42,10037),(43,28502),(44,22092),(46,22736),(48,2977),(51,9801),(52,21615),(53,15396),(54,6382),(55,26827),(57,5355),(63,23209),(68,17437),(69,10521),(70,8736),(73,4202),(79,15709),(85,15313),(88,3913)]	78.543933
905	[(0,22941),(1,10647),(4,21166),(7,485),(8,22712),(10,24202),(12,2162),(14,6544),(17,12484),(18,25579),(24,13042),(26,8499),(29,18789),(33,9062),(35,28635),(37,24077),(38,5223),(39,15158),(41,24152),(44,15909),(47,8079),(50,18172),(55,8089),(57,7735),(58,11363),(59,14590),(62,10876),(64,9456),(68,3327),(69,9825),(72,15073),(73,18050),(74,21738),(75,12579),(76,6823),(80,22244),(88,1970),(89,6946),(90,19177),(91,25620),(92,19215)]	82.259351
906	[(1,26180),(2,12128),(3,9208),(5,6961),(7,6698),(8,19355),(9,24050),(11,27191),(14,17535),(17,22943),(18,28584),(19,9682),(21,25215),(22,4370),(25,22195),(28,18459),(29,12889),(32,21343),(33,7384),(39,26776),(43,24242),(44,23426),(48,19953),(49,21459),(51,28444),(53,13785),(54,26464),(56,23260),(58,11021),(61,17450),(62,26819),(63,1094),(64,15032),(65,977),(69,18279),(74,10790),(76,19052),(81,13829),(84,26623),(86,10269),(92,8922)]	90.863976
907	[(0,27836),(4,4035),(8,15864),(10,27733),(12,3769),(18,22994),(21,865),(25,116),(26,10972),(29,4),(30,19408),(36,373),(39,6847),(41,3160),(42,15688),(43,22864),(44,18048),(47,5319),(48,15139),(49,24609),(53,11359),(54,12283),(55,14227),(56,11890),(62,10251),(68,10055),(69,5502),(71,21801),(72,17952),(73,23263),(75,21182),(77,128),(79,22099),(80,16129),(81,10664),(82,10830),(84,7435),(85,3465),(88,22192),(91,25164),(92,28121)]	82.547179
908	[(1,27450),(2,10691),(3,27724),(4,20071),(7,25625),(8,16827),(10,26216),(12,12128),(16,1347),(17,14385),(29,16787),(32,8056),(34,19216),(37,20034),(39,27783),(41,7485),(42,2599),(43,8369),(45,16127),(48,19532),(53,15954),(56,3421),(57,771),(60,13836),(63,22292),(64,14250),(65,21137),(66,8285),(68,18798),(69,27340),(77,12826),(79,24730),(80,24059),(81,6803),(83,19100),(87,8805),(88,21397),(90,6015),(91,19800)]	82.512624
909	[(0,25887),(2,26991),(11,26520),(14,22344),(17,19930),(22,12490),(28,2279),(36,1864),(38,19484),(39,4460),(44,20688),(45,10639),(47,16362),(49,10294),(51,24461),(55,4472),(56,8540),(57,22387),(58,8760),(60,8470),(62,25382),(63,16016),(64,24213),(69,9337),(70,11093),(71,4700),(73,18071),(75,17614),(77,1747),(78,5744),(82,28363),(84,5268),(85,24849),(92,4008)]	80.104108
910	[(3,15847),(4,16471),(5,7606),(6,7426),(7,11891),(8,16010),(14,14203),(19,27616),(21,27882),(22,13984),(26,28623),(32,16621),(36,7028),(42,7414),(47,10012),(56,6720),(58,13373),(61,8731),(62,6011),(65,9324),(67,18658),(69,14909),(70,27346),(71,6194),(72,6533),(73,17921),(76,28600),(77,9900),(81,10677),(83,3448),(84,11585),(86,7925),(89,3440),(90,13177),(92,4154)]	84.625349
911	[(1,17241),(2,24353),(4,25886),(5,27187),(9,13738),(10,27784),(11,12867),(15,15085),(17,20326),(18,27469),(19,12378),(20,16960),(21,9448),(25,14099),(27,4359),(29,27649),(30,11577),(31,25154),(32,20870),(35,14744),(38,7316),(43,11524),(44,5114),(47,10398),(49,24582),(50,184),(60,855),(61,21333),(62,581),(72,5904),(77,8816),(78,13410),(81,19897),(90,8198),(92,4295)]	102.289453
912	[(0,24701),(2,20840),(3,571),(5,5640),(8,20010),(10,4143),(13,15075),(14,26972),(15,8936),(17,27900),(18,22261),(19,21649),(23,5332),(30,25635),(32,7555),(35,8126),(36,13096),(39,23284),(40,25171),(41,20213),(44,13218),(46,2124),(48,8775),(50,3213),(51,10051),(53,10754),(54,20544),(55,24445),(56,13182),(57,8000),(60,25209),(62,7411),(63,18454),(67,6069),(68,17770),(69,17623),(70,1792),(71,4487),(75,15919),(77,26157),(80,14420),(88,21886),(90,19942),(92,22904)]	78.908399
913	[(8,18181),(10,18520),(11,3381),(12,5139),(14,7148),(17,26362),(22,9170),(24,7472),(29,1361),(30,24310),(31,5069),(33,24404),(35,18557),(37,18482),(39,20094),(40,7719),(41,11185),(42,24375),(50,3042),(51,16571),(52,1420),(57,24866),(60,23918),(63,25389),(66,3619),(69,21047),(70,10818),(71,8829),(72,11580),(73,5145),(74,25956),(76,14832),(77,24948),(78,18893),(83,22838),(86,25072),(88,25774),(90,7036),(92,7344)]	79.244481
914	[(4,14602),(5,17992),(8,14269),(16,20252),(17,17963),(18,17987),(19,20163),(20,23072),(21,21286),(25,18540),(27,8428),(30,18203),(33,26500),(35,28421),(37,1608),(44,19044),(45,19498),(47,5480),(48,20048),(56,3097),(59,7309),(61,26219),(64,8234),(66,28105),(68,7374),(71,6356),(73,730),(78,12313),(79,27594),(83,6766),(85,14621),(86,4724),(89,23135),(91,22599),(92,24919)]	77.587645
915	[(0,5352),(2,8522),(4,24804),(5,17643),(6,19893),(7,5749),(8,23509),(9,7790),(11,21335),(12,21383),(14,16758),(15,9730),(18,7630),(19,18286),(21,9804),(22,20590),(24,8596),(25,5280),(30,13031),(31,23345),(33,993),(35,23810),(39,17874),(40,14233),(42,6804),(43,2059),(44,5853),(45,21358),(49,16080),(50,25539),(52,10526),(53,12583),(55,6310),(56,18505),(57,23382),(61,28574),(63,13816),(64,3504),(65,21785),(66,15515),(67,3974),(68,19816),(69,21013),(73,20800),(75,1113),(76,11095),(78,21416),(79,21774),(80,28021),(87,12611),(89,21870),(90,16591)]	78.868616
916	[(1,16969),(2,14119),(5,4884),(12,21349),(14,13603),(15,18054),(23,997),(27,751),(29,28698),(31,319),(32,15000),(33,20105),(38,16961),(39,1239),(40,18390),(46,21942),(53,13252),(55,21515),(58,4913),(60,16513),(61,16252),(69,7754),(74,15121),(76,25294),(79,3797),(80,13796),(83,3333),(91,26059)]	77.140732
917	[(2,24751),(4,10151),(6,20876),(7,17278),(8,13130),(13,22552),(14,22863),(15,11615),(16,11453),(17,9564),(26,25039),(27,19526),(28,9304),(29,14972),(31,5010),(33,10158),(34,11557),(37,4328),(38,21919),(40,3082),(42,3957),(47,1532),(52,15436),(55,5405),(62,28423),(63,16973),(64,23279),(65,21387),(68,14020),(71,2413),(75,2415),(76,27989),(78,23163),(79,2195),(85,5043),(88,22829),(91,995)]	78.355055
918	[(0,9143),(3,4849),(4,18025),(6,28000),(7,13348),(13,26515),(17,2141),(18,13027),(19,11916),(21,11500),(23,14652),(26,2492),(27,9836),(32,7698),(33,6866),(37,7077),(39,21782),(41,11908),(42,431),(45,11739),(46,2027),(47,6085),(48,12784),(50,16657),(52,21192),(54,28130),(57,28185),(63,15312),(66,13592),(69,25131),(71,21476),(73,24590),(74,21843),(77,21077),(78,26852),(80,6378),(83,24001),(85,23232),(88,16134),(89,3200),(91,12850),(92,5095)]	87.950785
919	[(0,11805),(1,15898),(5,12625),(6,25578),(8,18140),(10,26543),(14,23341),(16,24369),(17,20740),(19,24857),(20,7550),(21,20649),(24,22064),(25,25394),(26,11267),(27,21963),(29,17324),(30,113),(35,1808),(37,16854),(41,11357),(44,1939),(48,27667),(50,9637),(56,12552),(61,16983),(62,7946),(64,25009),(65,24735),(67,10919),(70,21653),(74,12281),(79,8473),(81,27888),(83,23794),(88,24363),(89,25114)]	82.744877
920	[(0,15322),(1,3417),(3,19573),(4,13898),(10,15870),(11,23187),(12,13037),(13,7900),(15,15337),(16,16766),(17,2904),(19,27150),(21,16025),(22,22690),(27,9658),(28,26478),(29,12110),(31,14198),(32,21938),(34,19514),(36,23715),(38,23971),(40,17385),(41,3308),(42,22495),(43,21708),(44,25832),(46,25570),(48,9013),(50,26631),(51,9883),(53,7648),(57,7171),(58,10767),(59,23718),(63,14301),(70,16194),(74,24297),(75,25549),(76,24912),(77,24184),(78,18676),(79,18901),(80,16966),(81,23554),(85,8201),(89,16727),(90,21729),(91,6709)]	80.642039
921	[(4,26109),(8,1792),(11,10295),(13,989),(17,807),(19,3248),(20,10044),(21,19611),(22,27420),(26,10506),(30,14091),(31,7357),(33,7034),(35,2555),(36,805),(38,9442),(40,7500),(43,21882),(44,8530),(47,6521),(48,15974),(49,24430),(51,10626),(53,11685),(54,16977),(55,11012),(57,17394),(59,26327),(61,15329),(62,10720),(63,11407),(64,23683),(66,24148),(67,920),(70,24561),(75,10771),(76,20264),(78,24094),(80,14425),(81,7312),(84,7727),(86,27541),(87,10793),(88,8932),(91,765)]	80.658580
922	[(0,3542),(5,18061),(7,18224),(8,22284),(9,5444),(13,19029),(14,22070),(15,11257),(17,2356),(20,18640),(21,24768),(23,12400),(26,17399),(28,9074),(29,27790),(31,13713),(32,1482),(35,4575),(39,25069),(40,13288),(42,15415),(44,879),(45,2873),(46,3798),(47,25642),(48,6827),(49,172),(50,5311),(54,21079),(55,12105),(56,1107),(59,13284),(61,1558),(62,8030),(65,10185),(66,12024),(67,18617),(68,26890),(74,20879),(76,3888),(83,6930),(84,728),(85,11464),(87,22419),(88,5469)]	80.190680
923	[(0,28391),(2,22228),(3,18947),(4,12801),(5,3412),(6,9103),(10,1074),(13,23277),(14,24624),(15,18742),(19,23697),(21,22058),(22,14583),(25,25149),(33,3158),(39,12329),(40,26973),(41,10903),(43,13444),(47,6092),(48,23689),(51,2234),(52,15619),(53,8680),(54,13705),(56,17356),(59,8304),(65,9077),(67,17633),(72,21622),(74,1856),(78,5175),(82,8942),(83,11201),(84,19870),(88,25556)]	90.056340
924	[(3,22908),(4,21035),(5,26921),(8,2204),(9,7915),(10,15749),(16,3969),(19,9126),(22,20769),(26,6852),(29,2693),(31,20520),(33,24117),(34,14628),(36,20187),(37,15668),(38,18757),(39,23145),(41,23523),(44,23132),(45,10951),(47,5980),(51,12495),(54,9581),(55,16033),(60,22761),(61,791),(64,4824),(65,12989),(66,11387),(68,18403),(69,16244),(72,14945),(74,24900),(76,16539),(77,13889),(81,4797),(82,13530),(83,3598),(86,20549)]	95.488210
925	[(2,19894),(4,5411),(8,11122),(10,13601),(11,19104),(14,8611),(17,17657),(19,5714),(23,12244),(24,20071),(27,28289),(29,27049),(33,25266),(35,25991),(36,26872),(37,22237),(38,5860),(40,6183),(41,9158),(44,23129),(46,342),(49,27201),(51,21487),(52,16059),(53,6051),(55,5225),(56,2247),(57,13023),(58,5669),(60,23107),(62,13586),(64,1327),(66,12424),(67,23325),(68,22005),(69,10822),(71,7705),(72,22967),(73,15600),(74,2114),(75,7128),(76,24783),(78,28629),(82,14899),(85,13429),(86,26495),(88,8587),(89,8702),(91,10718),(92,12329)]	80.076095
926	[(0,27142),(1,22821),(3,1088),(4,3715),(7,22861),(9,15818),(12,23907),(13,23507),(15,28589),(17,19265),(19,25594),(20,9218),(21,1775),(23,18399),(25,21475),(26,24290),(30,11719),(31,14251),(32,6778),(35,12435),(42,6060),(46,3889),(47,9003),(49,21923),(50,6836),(51,7590),(54,23035),(55,14303),(58,18363),(63,28665),(64,170),(66,24027),(67,10772),(69,20059),(71,2749),(73,24521),(75,10681),(76,5246),(79,24832),(83,383),(86,23604),(88,16680),(89,9112)]	78.916820
927	[(2,3204),(4,22300),(7,12195),(11,14441),(14,28110),(15,14256),(17,14373),(25,12829),(27,8691),(28,5874),(30,1338),(32,13743),(33,18095),(35,16068),(39,25126),(44,7065),(45,5113),(47,14799),(48,12892),(51,12758),(53,22008),(54,26788),(59,20680),(61,19393),(63,24952),(65,16039),(71,4853),(73,19511),(74,18106),(75,16535),(77,22146),(79,22405),(80,24908),(81,13684),(88,1703)]	77.523438
928	[(4,4347),(7,15634),(9,19237),(10,27908),(11,675),(13,12731),(17,15446),(21,11462),(22,24716),(31,11251),(34,25339),(35,26624),(36,4027),(37,13949),(40,21707),(41,25808),(44,3831),(47,1751),(52,23817),(53,19817),(54,11455),(56,4009),(57,4439),(58,7943),(61,16369),(62,17702),(63,24086),(64,28420),(70,9181),(72,17328),(73,12411),(74,27295),(75,95),(80,27147),(82,25965),(83,23291),(88,16740),(92,2186)]	79.341964
929	[(2,15912),(6,10940),(7,1293),(8,14444),(11,7011),(12,15403),(14,23154),(15,2861),(16,11427),(17,202),(19,515),(21,23290),(22,8737),(25,12140),(26,21263),(28,2378),(29,3255),(31,9553),(32,24345),(33,4772),(35,2415),(36,9751),(40,3521),(42,7306),(43,10964),(45,22755),(46,5485),(47,20059),(48,27960),(52,28291),(54,10829),(56,833),(57,17894),(60,26966),(61,17459),(62,20863),(67,467),(68,16134),(69,3200),(76,4302),(79,8473),(84,11937),(85,9686),(87,9451),(88,13911),(90,22114),(91,25225)]	80.424353
930	[(0,26997),(1,20379),(4,14943),(5,20060),(12,8862),(14,13161),(18,27737),(20,7380),(21,12038),(23,18985),(26,1809),(30,24048),(31,1242),(36,27266),(39,15881),(40,25352),(41,20339),(42,7738),(48,19785),(51,16898),(52,21842),(58,6674),(60,1617),(63,13180),(65,14552),(67,21408),(70,2554),(73,6998),(74,23896),(75,15036),(79,26678),(80,17971),(81,24123),(83,3997),(84,14629),(85,18652),(86,11406),(87,26085),(88,604)]	89.225847
931	[(1,1935),(2,24323),(9,8694),(13,4401),(15,4725),(19,25102),(26,10070),(27,21675),(28,11510),(31,25191),(34,2625),(37,13398),(38,17032),(39,14660),(41,28029),(43,12115),(46,11131),(47,13242),(48,12002),(49,16542),(51,28446),(53,21619),(57,26883),(58,12033),(63,26742),(64,25588),(66,27260),(68,5615),(74,374),(75,15815),(76,14241),(78,25584),(83,1897),(84,21622),(86,7014),(89,18730),(90,24374),(91,23958)]	80.585709
932	[(1,27360),(3,27584),(4,21462),(5,7051),(6,19018),(7,18123),(12,22344),(14,6053),(17,9099),(19,20536),(22,4159),(23,17414),(27,18345),(29,2656),(31,10597),(32,20081),(36,12683),(38,26087),(39,17680),(40,11611),(41,12423),(43,15964),(44,3647),(49,15913),(51,17528),(54,21982),(57,19960),(58,12839),(61,1131),(67,6712),(69,24072),(70,15019),(71,21689),(74,11507),(79,1403),(83,18251),(85,2664)]	80.317138
933	[(0,9915),(3,24530),(5,7751),(6,6297),(8,19719),(10,25953),(11,999),(12,17920),(13,9923),(14,7852),(18,2135),(19,3501),(22,8207),(24,22226),(25,11510),(27,19482),(31,10320),(34,25882),(39,27409),(40,1821),(45,28605),(48,28449),(54,24949),(57,9269),(59,15429),(60,2179),(62,23512),(63,7322),(66,26266),(68,19180),(70,799),(76,21525),(77,1157),(81,14549),(82,22148),(84,13502),(86,7124),(87,22178),(88,11208),(90,13591),(92,6906)]	82.548425
934	[(1,13188),(3,6046),(7,13515),(8,21521),(9,25529),(11,27154),(13,27062),(14,8226),(15,17021),(16,20733),(17,9856),(19,19581),(20,1038),(21,3230),(23,915),(24,14797),(26,28681),(32,18028),(33,16678),(39,15109),(40,307),(41,8734),(44,5067),(49,4328),(52,652),(55,4255),(59,10886),(61,1388),(63,6979),(64,3620),(66,7741),(68,22216),(70,23290),(73,9118),(77,14208),(78,11944),(79,21504),(80,15054),(85,7867),(86,12433),(87,17739),(89,18282)]	81.040219
935	[(1,14978),(4,13938),(5,21361),(9,8770),(12,736),(13,25157),(14,24293),(16,21775),(17,18419),(18,4015),(21,24183),(23,26065),(25,9632),(29,10787),(30,21521),(32,19158),(35,6990),(36,13820),(40,12718),(45,1471),(46,1563),(47,3571),(49,12475),(52,864),(53,24302),(57,17699),(58,7988),(59,7369),(62,8804),(63,21473),(65,8926),(66,20147),(68,17725),(70,13408),(71,9714),(74,774),(75,28263),(78,18196),(79,3264),(83,6698),(84,6365),(85,23250),(87,22346),(90,4679),(92,26478)]	85.113476
936	[(1,12088),(5,1507),(6,13074),(7,17645),(12,8559),(15,20620),(18,20268),(20,13634),(21,15122),(24,6791),(26,2977),(28,3288),(29,1980),(30,11518),(31,6736),(34,15032),(36,17259),(37,14142),(39,18853),(42,18468),(43,8766),(48,19903),(49,11399),(50,19926),(51,2182),(52,9400),(53,13874),(54,5025),(55,14443),(56,1228),(62,14567),(65,17328),(66,26537),(67,12912),(70,19268),(72,8921),(78,19247),(81,12477),(85,6281),(86,17669),(87,10686),(89,24866),(92,2923)]	104.634164
937	[(2,6717),(6,11384),(10,22684),(14,16769),(15,22665),(23,2498),(25,594),(27,14693),(29,18967),(30,1958),(36,10518),(38,10036),(40,2973),(43,25445),(44,10928),(45,21813),(46,7280),(47,9493),(51,1415),(53,12657),(55,24681),(57,20594),(58,4762),(59,13104),(61,27274),(62,3823),(66,11421),(67,24837),(69,23648),(70,6271),(75,12521),(78,21454),(79,9770),(83,15569),(89,21070),(91,25541),(92,16110)]	98.435416
938	[(0,8674),(5,192),(6,24964),(8,7613),(9,10608),(10,26841),(12,1129),(13,1387),(16,7029),(20,6953),(25,24553),(26,20577),(27,25817),(29,20347),(33,7702),(35,27383),(37,2717),(38,23695),(40,19327),(42,24608),(43,14074),(46,319),(47,15000),(48,12151),(50,1297),(54,21307),(55,26020),(56,2237),(57,27682),(58,15597),(60,3299),(63,15399),(64,24424),(66,7288),(70,9817),(75,20289),(78,18199),(80,13865),(81,18463),(83,13542),(91,4559),(92,25603)]	80.095987
939	[(2,19390),(3,3773),(5,26631),(6,9883),(8,405),(9,16137),(14,5481),(16,4059),(17,6151),(19,20548),(24,8981),(27,13705),(29,18717),(32,13254),(34,18695),(36,24467),(38,4897),(40,7959),(41,9532),(44,26091),(46,22611),(47,1212),(50,295),(51,27735),(53,22448),(56,22935),(57,15134),(65,11792),(66,16352),(68,21186),(70,7612),(71,19926),(72,9845),(73,18071),(75,25743),(76,13372),(77,9935),(79,11742),(81,12612),(82,13621),(85,24793),(86,3377),(88,17364),(89,9609),(90,27813),(92,9395)]	79.197464
940	[(2,17863),(4,423),(7,18888),(10,2787),(18,17356),(23,18121),(25,21287),(30,1961),(31,1568),(32,13638),(33,20509),(35,3050),(37,4029),(40,10080),(42,20272),(44,20293),(45,17392),(47,10097),(48,14549),(49,22148),(52,213),(54,20210),(55,23863),(57,6576),(58,5916),(62,763),(63,20634),(65,1929),(67,3722),(68,15831),(70,13005),(71,19076),(72,14728),(73,26900),(74,7858),(77,2528),(79,21764),(80,17477),(84,22460),(86,23991)]	83.513073
941	[(5,25880),(7,24767),(8,24226),(9,1010),(11,24241),(14,27364),(16,19062),(18,3986),(20,23098),(21,24732),(22,2173),(24,997),(25,23896),(26,15036),(30,2090),(31,28139),(39,27490),(40,18233),(42,28174),(44,15102),(45,11579),(49,25755),(51,8333),(53,1113),(54,7956),(61,22566),(64,14250),(65,24140),(66,5065),(68,8465),(71,8543),(74,13363),(76,27558),(77,9848),(82,2220),(88,11469),(91,19112),(92,24207)]	118.038038
942	[(1,23972),(2,14220),(4,24461),(7,5657),(9,25368),(10,25358),(11,16575),(12,8175),(13,13223),(19,22012),(20,14418),(21,4803),(29,14193),(32,16238),(34,16397),(35,384),(36,19041),(37,7271),(38,27489),(39,24112),(50,16156),(51,108),(54,23767),(55,1830),(58,15121),(60,28513),(61,15970),(62,11554),(63,26657),(65,23157),(68,14280),(70,2512),(75,5028),(77,14425),(79,4660),(80,25381),(81,1599),(84,9276),(87,25739),(91,17964),(92,12237)]	84.127181
943	[(3,12075),(6,10644),(10,28598),(12,15620),(15,949),(16,17160),(22,21402),(25,5186),(27,303),(29,27727),(30,8567),(31,12653),(33,12048),(34,5024),(40,18701),(41,14467),(43,14080),(46,718),(50,15764),(51,26891),(52,26256),(53,7744),(57,2111),(59,101),(61,25097),(63,23528),(64,20857),(67,8368),(68,5971),(69,11045),(72,17329),(73,4404),(74,19151),(76,23469),(77,7286),(78,21676),(79,4135),(81,1743),(87,12404),(88,25283),(90,2146),(91,11536),(92,4833)]	78.545259
944	[(0,25768),(2,21251),(7,11673),(8,1774),(10,10980),(12,7798),(13,12275),(16,13871),(17,10082),(18,3614),(19,13522),(21,446),(25,23042),(28,20554),(30,23608),(31,12235),(33,23942),(36,1657),(39,6816),(43,24607),(44,24833),(45,7421),(46,5740),(48,8405),(50,20232),(52,3004),(54,23047),(56,25154),(57,20870),(58,14383),(59,13943),(60,2649),(64,21496),(65,14925),(66,2385),(67,7977),(70,5667),(72,26880),(75,21534),(77,26571),(79,8294),(81,13446),(82,26435),(83,24933),(84,19246),(85,18413),(87,26031)]	76.948980
945	[(5,3805),(7,25233),(11,10454),(13,5930),(21,6929),(23,24611),(26,11146),(27,20832),(33,16771),(35,26285),(37,7179),(38,20956),(40,21204),(41,26450),(44,28472),(45,17436),(46,27504),(52,5332),(53,16632),(55,26546),(56,6797),(60,19290),(62,11734),(67,5788),(71,24972),(72,27660),(76,13174),(79,7168),(81,24175),(83,23643),(86,7447),(87,14657),(89,8452),(90,3374)]	94.834427
946	[(1,4779),(3,20368),(4,17470),(7,22740),(8,5219),(11,25500),(13,20801),(14,5480),(15,20048),(23,98),(25,14894),(26,17173),(27,13744),(29,17475),(31,26732),(32,18130),(33,28579),(34,12907),(37,7520),(38,21736),(42,16581),(47,21807),(51,18326),(53,7428),(54,3762),(57,3442),(58,7527),(59,18678),(62,27504),(68,15962),(70,14356),(71,25150),(74,18095),(77,6654),(78,4987),(80,8234),(82,28105),(86,27179),(87,9526),(88,6302),(91,22561)]	89.827305
947	[(3,23852),(9,14288),(11,10362),(13,13701),(14,14313),(16,22180),(21,22152),(22,16388),(23,3527),(24,7187),(25,12545),(27,10407),(28,3241),(34,234),(36,20644),(38,17803),(39,2549),(40,8122),(53,11375),(55,24061),(56,15645),(59,14745),(60,11214),(61,16333),(62,14812),(64,24830),(65,13960),(70,26402),(71,16706),(74,12829),(76,3748),(77,19369),(78,2868),(79,15010),(81,19952),(83,24534),(85,11164)]	89.567502
948	[(1,6622),(2,22747),(4,22011),(5,8216),(6,19165),(8,9298),(10,18629),(15,2135),(22,10947),(23,7860),(24,12934),(25,15404),(26,21544),(27,19963),(28,10542),(29,16373),(30,25995),(33,7304),(35,28684),(36,12966),(37,12117),(38,27403),(42,6494),(46,19320),(48,17692),(51,19296),(52,285),(54,8598),(55,23479),(57,6925),(58,24668),(59,15380),(61,19825),(63,22822),(65,25902),(66,2935),(70,17605),(72,6157),(73,8043),(74,2006),(76,22499),(77,18321),(82,19875),(83,4788),(84,22980),(86,10645),(87,2088),(89,15929),(90,8450),(91,17813)]	96.753536
949	[(1,5621),(3,23684),(4,26935),(5,17965),(7,15271),(12,12104),(16,18132),(18,22521),(21,18514),(22,18751),(27,20581),(28,8207),(31,26653),(33,10959),(35,13516),(37,7119),(38,10793),(43,22298),(45,21405),(47,18613),(49,1577),(50,27210),(53,21),(54,10729),(55,235),(58,13168),(59,19088),(63,1357),(64,7298),(67,7960),(69,7481),(70,25624),(76,24860),(78,5260),(79,7973),(80,24957),(81,1674),(83,17082),(86,25217),(92,5794)]	81.359882
950	[(1,24351),(2,1268),(3,22506),(6,25964),(9,16040),(10,19967),(11,6010),(14,15104),(17,13387),(20,21699),(23,144),(24,6003),(25,1679),(27,5982),(29,15307),(30,22361),(32,22710),(36,2304),(39,28480),(40,26628),(42,24483),(44,27942),(45,9964),(50,3531),(51,27919),(53,3430),(57,21851),(58,24368),(59,11408),(60,18520),(62,2580),(65,26886),(66,17488),(68,25199),(69,22525),(71,3695),(75,11931),(76,23429),(78,18195),(81,5323),(82,12561),(84,24265),(86,22593),(88,6100),(89,10229),(91,20165),(92,1209)]	77.883036
951	[(0,25483),(1,7578),(2,15597),(8,22955),(9,2297),(10,2034),(11,10328),(14,23948),(15,4969),(18,10717),(19,8303),(20,23366),(21,10539),(22,7669),(23,3912),(26,6447),(28,24766),(29,8869),(31,5842),(32,8829),(33,11580),(35,19928),(38,25203),(40,28132),(43,21652),(44,11474),(46,8577),(48,599),(49,1918),(55,26365),(57,5387),(60,13348),(62,1790),(63,7138),(68,9815),(76,26167),(78,22016),(79,18554),(84,3938),(85,3720),(89,2863),(91,15395)]	82.832622
952	[(3,7871),(4,16623),(6,8567),(7,17496),(8,18221),(10,16742),(12,15905),(13,20809),(14,11679),(15,16055),(17,1748),(19,27634),(20,11001),(21,24531),(22,5623),(24,3586),(29,5762),(31,4955),(32,14049),(33,28142),(35,4528),(36,1827),(39,11559),(40,11948),(41,27340),(42,4371),(46,18256),(50,22397),(51,20714),(55,10409),(57,13105),(58,20977),(61,6627),(70,19905),(79,17501),(82,21114),(86,15986),(90,6868),(92,28601)]	81.771984
953	[(1,7814),(3,1215),(6,5294),(7,18315),(8,6465),(10,8689),(13,28235),(15,4835),(16,27916),(21,23633),(23,28170),(25,16340),(29,25742),(31,26484),(33,3112),(36,20050),(41,3102),(42,16193),(47,26030),(49,11542),(50,25862),(54,22890),(58,9492),(59,18250),(63,13278),(64,16900),(68,23094),(71,9286),(75,20152),(76,11241),(77,19097),(78,3173),(79,18113),(81,4342),(82,18143),(84,9009),(85,3962),(88,7509),(91,13118)]	112.000388
954	[(4,16491),(8,18154),(12,25812),(14,17888),(18,7698),(19,6866),(20,7382),(25,17506),(26,18907),(28,15083),(29,21068),(30,27435),(32,14931),(34,16694),(36,19573),(37,13898),(42,8534),(49,4719),(52,16666),(56,22162),(58,373),(60,13352),(64,504),(65,18949),(68,15433),(70,24134),(71,20975),(73,3536),(76,4319),(80,1449),(81,25439),(88,12308),(90,14676),(91,22398),(92,16941)]	93.369788
955	[(0,10659),(5,8559),(6,27038),(7,18167),(10,6007),(11,27491),(12,22761),(14,21267),(15,18749),(16,23653),(18,26194),(19,28453),(21,9811),(23,14255),(26,7266),(28,13121),(29,27450),(30,5006),(36,22239),(37,8589),(39,20704),(42,25061),(46,16701),(48,11483),(51,26539),(53,25657),(54,2965),(61,28104),(62,1332),(63,4552),(66,9233),(68,2388),(73,24043),(74,23007),(76,27614),(78,13433),(79,5015),(81,23902),(83,14034),(84,14412),(86,2464),(87,1141),(91,23054),(92,22287)]	82.420905
956	[(0,8607),(1,22861),(3,5746),(4,25972),(6,3327),(7,9825),(9,7831),(10,6589),(11,13309),(12,24768),(13,14293),(15,14313),(18,22153),(21,3149),(23,18421),(27,14973),(28,16255),(32,13497),(41,1555),(42,12512),(44,6607),(45,10725),(48,11271),(49,5812),(51,20590),(52,7546),(54,15083),(59,14718),(60,9869),(61,14114),(62,7151),(64,2325),(65,10821),(66,1908),(69,16117),(70,24224),(71,11939),(73,3546),(78,27769),(79,5747),(80,5494),(81,24817),(83,4740),(84,19023),(86,11767)]	81.245481
957	[(4,10283),(6,17536),(8,20168),(9,20784),(11,9031),(13,3508),(17,7803),(20,22835),(26,17515),(28,21506),(29,24054),(31,6403),(33,27114),(34,3476),(37,17829),(38,18080),(39,11917),(40,8406),(41,9782),(42,3251),(44,23044),(45,11008),(46,26702),(47,1547),(48,18672),(49,8766),(51,24618),(52,22663),(53,10528),(54,19664),(60,25074),(63,11768),(64,17936),(67,25108),(68,18112),(69,14286),(70,17588),(72,19458),(73,24739),(75,6418),(77,14781),(78,11766),(79,7874),(86,7335),(87,23741),(88,18942),(89,3643),(90,6580),(92,3281)]	90.523692
958	[(1,1534),(2,20266),(5,27023),(6,15869),(7,14014),(17,28029),(18,12623),(21,23991),(24,1936),(26,1020),(28,13276),(29,10727),(33,28460),(35,25047),(36,27310),(37,27876),(39,12204),(40,2607),(41,7953),(42,26777),(44,2292),(46,22968),(47,860),(50,19486),(53,5871),(56,4431),(58,13326),(62,21990),(66,12140),(68,24654),(69,15496),(72,26371),(77,4341),(78,17909),(79,8610),(81,25604),(82,8369),(84,4105),(85,9411),(86,4218),(87,10032),(88,7921),(89,28491)]	92.251293
959	[(2,12720),(3,24785),(5,4262),(12,15102),(15,25602),(17,21559),(19,15093),(20,26906),(23,9597),(24,4704),(26,12146),(32,17039),(34,22600),(38,11637),(39,26134),(42,15977),(43,20435),(48,21426),(52,14554),(54,12874),(56,24888),(61,24866),(62,22423),(63,16720),(64,22492),(65,8888),(67,20860),(72,16514),(75,19592),(76,1907),(85,3299),(86,22136),(90,16682),(91,24196)]	102.058112
960	[(6,24673),(7,10026),(13,8731),(14,6206),(16,27286),(22,16562),(26,11262),(29,3992),(35,20380),(36,20570),(39,14869),(43,21957),(45,23847),(46,26987),(47,26145),(48,15558),(49,16001),(54,9407),(56,24087),(60,11508),(62,3592),(63,17711),(65,23840),(66,13011),(67,9283),(70,17439),(72,9817),(74,28041),(76,4459),(80,2251),(81,13400),(82,19357),(92,7076)]	82.323354
961	[(0,19604),(3,26635),(4,20853),(5,23930),(6,6733),(9,4549),(12,10777),(13,6443),(17,4073),(22,24884),(24,22097),(29,881),(33,24944),(37,11528),(38,25066),(39,22394),(41,23798),(42,7996),(43,3886),(44,14828),(47,14234),(53,15238),(55,24337),(56,12638),(57,694),(59,11847),(60,13997),(62,8278),(67,9044),(68,1098),(70,9319),(71,14079),(73,100),(76,13456),(77,13859),(86,20170),(88,12573),(92,18941)]	92.526348
962	[(1,3170),(3,4794),(7,14056),(9,1557),(10,14833),(11,10859),(12,27313),(13,10762),(15,27439),(18,4336),(20,1181),(24,10005),(25,9789),(26,25260),(27,27251),(28,7103),(33,3231),(34,21904),(35,16415),(39,21707),(41,23843),(43,27707),(45,18060),(46,17677),(47,10245),(48,837),(52,9613),(56,12148),(59,17929),(60,14378),(62,24826),(63,16273),(66,14222),(67,802),(70,3422),(72,14875),(76,17067),(77,1333),(79,19791),(80,21606),(84,1459),(85,15841),(88,9649),(92,24664)]	78.051320
963	[(0,4322),(2,6760),(3,16509),(7,26884),(8,24275),(11,15649),(13,15724),(14,25238),(20,1462),(21,21484),(24,27157),(26,19785),(27,9065),(28,5),(31,17207),(32,12374),(39,9091),(42,19096),(43,7210),(44,14546),(45,12531),(50,26379),(51,11171),(58,19912),(59,25725),(65,4214),(66,11635),(68,27650),(70,26918),(73,27762),(75,23805),(77,6423),(79,9532),(82,3540),(83,21883),(85,17350),(87,17225)]	81.447176
964	[(0,12135),(2,14438),(4,15755),(7,3865),(8,9745),(9,6334),(10,19566),(12,18941),(13,28135),(16,5500),(18,1672),(20,23496),(22,26014),(23,3338),(27,1194),(28,4616),(30,20927),(31,2956),(38,28006),(41,15180),(42,27067),(43,23614),(44,20089),(50,7723),(53,9685),(54,8578),(56,17423),(58,16435),(63,3899),(67,23453),(69,7259),(70,19679),(73,2697),(75,6235),(76,25727),(78,11926),(79,22444),(85,15115),(90,20268),(92,15898)]	88.502256
965	[(2,25126),(4,14468),(6,8962),(8,19292),(11,1384),(13,16269),(15,28116),(16,14109),(17,9717),(18,22341),(19,24381),(23,25621),(24,6769),(26,16749),(27,19860),(29,10940),(32,16860),(34,24553),(35,5660),(36,10429),(37,14274),(39,3458),(40,6873),(41,27549),(42,266),(43,12294),(44,5356),(45,5482),(48,17750),(53,6296),(55,342),(56,10200),(59,17818),(60,8846),(62,11248),(64,13594),(65,9944),(66,9037),(67,10036),(70,2178),(71,28415),(72,26295),(73,13529),(75,18528),(79,23909),(84,9077),(85,19765),(86,27157),(88,26622),(90,7124),(92,5062)]	84.774669
966	[(0,27330),(2,651),(3,6104),(6,2083),(7,27004),(8,4778),(10,11057),(11,6474),(15,20622),(16,26540),(17,16897),(18,12088),(19,5569),(21,18695),(23,18329),(25,13985),(31,3544),(34,27930),(35,12673),(43,28719),(46,3427),(50,16439),(51,20428),(52,1157),(54,10759),(55,9920),(59,14076),(60,28314),(63,14988),(65,12385),(67,28380),(68,26934),(69,5992),(70,19897),(71,25279),(72,2640),(74,21175),(77,2483),(83,7257),(84,15082),(86,27277),(87,14632),(88,26448)]	80.932464
967	[(0,27157),(3,1256),(4,23172),(7,21262),(12,10422),(13,21988),(14,18051),(23,5229),(24,17581),(28,23589),(29,19522),(30,8034),(33,13615),(36,24066),(39,24428),(44,6001),(45,13617),(46,1166),(50,14662),(52,27761),(54,20340),(55,13716),(56,27434),(58,3727),(62,6220),(63,16694),(73,10163),(74,22845),(75,8023),(78,4038),(80,4658),(81,26400),(83,21736),(86,24938),(90,22009),(91,18636),(92,14130)]	88.728706
968	[(1,13811),(2,11660),(4,27483),(5,25299),(7,7781),(11,17438),(13,21374),(14,7779),(17,11758),(22,760),(24,1032),(27,11517),(28,26292),(29,2046),(32,17763),(36,14950),(44,28159),(45,26816),(46,12049),(49,23869),(50,18480),(51,2282),(52,17189),(53,19495),(56,7875),(60,21470),(62,5743),(65,21967),(67,10966),(68,8266),(70,2713),(73,17383),(74,21120),(79,27597),(80,18653),(82,20588),(89,11068),(90,3100)]	110.378061
969	[(3,18064),(7,581),(9,1726),(14,18358),(15,15877),(16,3536),(21,18782),(23,17899),(24,26585),(25,13620),(26,21146),(28,27647),(31,2807),(34,10943),(36,28194),(37,16182),(39,21614),(41,12927),(44,13057),(47,19932),(49,20848),(52,27832),(58,9891),(59,26594),(61,21107),(62,21001),(63,25444),(64,27087),(65,5792),(66,1674),(69,11228),(74,1331),(75,18396),(78,6554),(80,20199),(82,3231),(85,8256),(86,2954),(88,2464),(92,5898)]	84.092417
970	[(3,3239),(4,9742),(5,15140),(10,28634),(12,9997),(15,17208),(16,3985),(21,14671),(22,10267),(25,9892),(30,4239),(31,20345),(32,8275),(34,16824),(37,5253),(38,24330),(39,16689),(40,2300),(41,18881),(44,2884),(45,21287),(47,18796),(49,28684),(50,794),(55,1588),(56,19895),(58,11018),(60,19126),(65,28160),(68,16955),(71,2690),(72,6020),(73,20666),(78,7939),(79,16860),(83,1284),(84,19804),(85,21413),(86,27552),(87,3387),(88,14942),(89,13753),(91,5689),(92,10630)]	81.896690
971	[(0,2015),(6,5584),(7,7337),(9,15296),(10,4607),(14,6609),(16,19752),(19,5349),(24,2230),(28,23664),(29,10833),(30,25973),(37,12791),(39,25191),(40,9402),(46,23916),(47,4129),(48,26234),(51,20847),(55,24034),(58,21452),(59,25974),(60,10345),(61,7169),(62,467),(65,16556),(66,3905),(70,8043),(71,8771),(72,11400),(79,25951),(83,24194),(84,20855),(85,14079),(87,17733),(88,15147),(90,16426),(91,21036)]	104.826971
972	[(0,20905),(1,25290),(5,3728),(6,24331),(7,24823),(9,5753),(10,4931),(11,4122),(14,2764),(15,9982),(18,1918),(21,1277),(22,5784),(23,15140),(26,7633),(40,620),(41,3380),(42,26391),(43,1878),(46,5392),(52,6990),(55,20298),(58,9454),(60,14130),(61,28563),(62,17759),(63,11535),(67,26313),(69,28635),(70,5261),(71,27432),(75,12034),(76,21293),(80,3759),(82,10448),(83,10603),(86,1797),(88,16024),(91,12645),(92,24055)]	78.561406
973	[(0,26436),(4,22928),(6,19002),(7,25417),(8,26911),(9,13725),(10,4086),(12,1556),(14,4935),(17,10275),(19,6254),(23,10011),(24,4422),(28,368),(29,8206),(32,25871),(33,843),(40,4302),(42,3309),(44,12339),(49,11674),(51,3004),(55,3528),(56,5983),(58,1896),(60,18604),(62,13761),(63,20205),(67,7710),(68,20405),(71,5296),(74,25647),(77,23001),(79,12309),(80,20265),(81,6865),(83,24757),(84,23609),(85,24497),(87,26784),(91,13661),(92,25899)]	80.282805
974	[(3,18561),(5,18155),(14,13092),(22,10596),(25,10175),(27,8745),(30,12509),(31,15529),(37,9739),(38,25299),(42,4080),(48,13467),(49,8844),(50,10133),(52,20992),(53,1474),(56,5294),(57,18315),(58,9852),(60,6813),(61,25822),(62,15285),(65,14112),(69,21214),(71,28200),(75,24226),(77,13596),(78,9279),(80,25674),(81,23224),(82,20049),(85,3884),(86,15136),(88,15270),(90,24396),(91,16614)]	81.249807
975	[(0,3728),(6,15277),(7,15013),(9,2684),(11,9541),(12,2314),(14,9170),(15,1455),(16,24364),(18,17464),(23,27923),(24,3330),(26,19940),(29,9613),(31,21257),(37,4452),(41,19038),(42,6332),(43,27246),(46,12155),(48,24234),(49,13342),(53,11274),(59,15264),(61,3835),(62,15283),(64,19032),(71,19634),(72,28073),(75,7920),(76,16262),(79,17513),(84,6968),(86,20523),(89,1281)]	88.960362
976	[(0,1646),(1,15808),(2,28447),(6,15814),(9,2293),(10,9919),(11,26542),(12,4837),(13,18207),(15,15618),(17,12432),(21,19579),(23,6840),(24,19093),(26,26376),(30,22918),(31,18130),(32,28579),(34,3277),(35,27004),(36,18659),(38,1382),(40,10501),(41,22497),(42,16911),(44,15678),(45,5219),(53,17230),(55,6091),(56,1684),(57,26838),(61,23708),(65,24722),(66,26561),(67,2210),(68,6031),(69,26110),(71,21115),(72,8036),(77,4705),(79,18131),(80,409),(81,14793),(83,8890),(84,6647),(85,820),(89,24079),(92,21151)]	87.310893
977	[(0,5948),(2,26100),(4,28218),(6,14984),(10,12007),(12,9988),(13,10530),(14,4368),(15,1206),(17,12921),(20,5713),(21,21307),(23,18845),(24,23062),(25,6183),(27,1952),(30,19233),(34,4835),(35,27916),(37,15520),(41,2048),(43,17247),(44,8457),(46,8906),(48,23594),(49,28516),(51,14402),(55,8374),(56,7381),(60,20394),(61,6918),(62,28463),(63,25680),(66,12764),(69,13269),(71,13387),(72,14965),(73,464),(76,12664),(82,11552),(85,27429),(92,25058)]	84.209709
978	[(2,7620),(3,17611),(10,22244),(15,4414),(16,11346),(18,17035),(19,28245),(21,16262),(24,17513),(25,12523),(26,22430),(27,13600),(34,20919),(35,184),(36,28097),(38,25690),(40,2882),(45,23125),(47,27404),(50,24079),(51,4649),(52,5976),(54,8722),(55,11853),(56,23521),(57,16935),(61,16849),(63,17319),(64,23411),(65,21632),(68,25279),(71,11644),(73,21454),(77,8837),(78,25036),(80,4395),(83,13480),(90,6417),(91,28230),(92,4916)]	80.730662
979	[(0,17565),(1,11022),(2,13160),(3,4756),(4,21465),(6,26070),(9,792),(11,406),(14,27658),(17,16676),(19,28360),(22,20704),(24,727),(25,20464),(28,14321),(29,13973),(32,10925),(33,10698),(34,11244),(37,6664),(43,17538),(47,28501),(49,20548),(52,13987),(53,4356),(54,18544),(55,6488),(57,11381),(59,18166),(64,24528),(66,23681),(69,21256),(74,25353),(76,26872),(77,22237),(81,2968),(85,8115),(89,13191),(92,1219)]	80.957898
980	[(1,25660),(7,10834),(11,9997),(14,15239),(17,2619),(20,21924),(22,9567),(23,10603),(25,2411),(27,450),(28,25135),(30,8720),(34,6261),(38,17239),(42,6452),(45,6819),(48,717),(51,24342),(55,20231),(57,4291),(58,25544),(60,9662),(62,17518),(63,14451),(66,8432),(67,11440),(68,22059),(72,27600),(77,21337),(78,13463),(80,23962),(81,16846),(82,6872),(84,24789),(86,26285),(90,27023)]	86.224505
981	[(1,23754),(2,22291),(3,27574),(4,838),(6,4903),(8,26104),(9,9961),(10,16051),(12,28361),(13,9747),(15,12941),(16,18325),(22,9320),(24,736),(25,25157),(27,4191),(28,12458),(34,7818),(36,3295),(37,25686),(38,9918),(40,26886),(46,17798),(52,22410),(54,9443),(55,18649),(57,8476),(58,27358),(59,21106),(61,5324),(62,27649),(63,11577),(64,26829),(65,19213),(66,24945),(67,3700),(71,5621),(72,1857),(73,16873),(79,14970),(80,17365),(84,27022),(85,17164),(88,22249)]	81.217128
982	[(1,22033),(2,2364),(4,288),(5,20601),(6,13510),(9,2715),(10,27629),(11,2841),(12,27001),(14,6607),(15,27255),(20,1431),(23,16366),(24,20896),(25,26663),(26,16295),(28,13451),(29,5742),(32,16131),(33,20807),(34,7413),(38,23755),(39,15615),(41,16544),(44,26369),(45,9011),(47,10781),(50,5484),(51,12175),(52,16647),(54,26562),(63,13701),(64,14313),(67,24188),(69,18412),(71,28247),(75,6642),(76,8577),(80,10222),(81,4031),(82,16417),(83,7605),(84,7614),(86,1714),(89,10601)]	79.340442
983	[(0,21461),(1,17522),(3,14524),(6,9624),(7,14426),(8,25639),(10,18814),(12,14570),(16,23724),(17,27820),(18,2569),(21,17482),(22,14280),(24,19179),(25,4432),(26,25373),(28,23986),(32,15016),(35,9417),(37,12021),(38,13614),(40,20833),(41,16239),(42,4912),(49,18905),(50,4476),(52,24883),(53,3543),(54,27995),(55,26629),(56,5737),(58,22374),(60,1591),(64,8901),(68,1282),(69,17784),(70,10897),(72,10393),(73,20097),(87,851),(88,15108),(92,15561)]	98.846301
984	[(0,22969),(2,5196),(4,24467),(8,22542),(11,5317),(12,20371),(15,7178),(16,17348),(18,16504),(20,9403),(21,6377),(22,18748),(26,15087),(27,4972),(28,2786),(31,1112),(38,15348),(39,1899),(40,3776),(43,1954),(46,9297),(50,4324),(51,8883),(52,23081),(53,13420),(54,12837),(58,1630),(61,21138),(63,6235),(64,25727),(66,11926),(67,22444),(69,983),(70,16792),(73,27062),(74,56),(75,6432),(76,7503),(77,19285),(78,4428),(79,25010),(82,22448),(84,25888),(85,11460),(86,3469),(89,22201),(90,28666),(92,10343)]	78.639268
985	[(1,4872),(3,12473),(4,22330),(6,19280),(14,9539),(15,22555),(18,25334),(19,28578),(22,1154),(27,3964),(28,12789),(40,15241),(45,192),(46,17310),(49,11324),(50,7978),(51,18922),(52,13782),(54,25148),(59,14082),(60,21740),(61,11036),(62,13833),(64,9295),(65,4495),(70,785),(72,22548),(73,20144),(74,9286),(75,16089),(77,20600),(78,12833),(79,4413),(80,27844),(82,23805),(84,28082),(85,11894),(89,20895)]	77.682917
986	[(0,21915),(1,11107),(2,28068),(6,12299),(9,20651),(10,10170),(15,18838),(16,21052),(17,14215),(20,12868),(22,27273),(24,11730),(26,6262),(28,25880),(30,11462),(33,20986),(34,18668),(35,24741),(36,10562),(38,17288),(39,8950),(40,2985),(42,15518),(44,24179),(45,16882),(50,16637),(55,28718),(57,7141),(59,23867),(60,19920),(61,23825),(64,28015),(66,204),(67,3110),(68,14796),(69,16521),(70,20131),(79,27828),(82,1846),(84,6728),(90,3397),(92,20407)]	78.632516
987	[(4,24601),(6,24417),(7,3703),(8,21551),(10,4690),(12,15244),(15,21439),(17,15712),(18,18699),(21,11102),(22,20141),(23,22295),(26,22027),(29,1718),(32,11729),(33,22127),(34,20660),(35,25946),(36,28187),(37,1267),(38,9597),(40,25218),(42,26472),(45,21467),(47,13256),(48,17584),(53,26901),(55,12125),(59,13941),(66,19687),(77,18830),(78,4874),(81,13320),(84,7195),(85,20394),(87,1651),(91,16810)]	85.193253
988	[(4,16742),(6,7516),(7,10713),(8,9347),(9,8007),(12,28010),(14,24360),(16,20173),(17,19328),(19,16197),(20,16885),(21,13268),(23,8210),(24,14512),(32,25708),(37,16406),(45,21981),(46,10689),(48,19504),(49,13425),(52,22568),(57,586),(58,15045),(60,25887),(62,9327),(63,7009),(66,25045),(72,2697),(74,13790),(76,10742),(78,10174),(79,8744),(83,21177),(84,4192),(85,16934),(86,26736)]	85.613454
989	[(0,24210),(3,21125),(4,5259),(6,2836),(7,26628),(10,27614),(12,16326),(13,3236),(18,28518),(20,17434),(22,6415),(29,13674),(30,1143),(32,15412),(33,787),(36,23523),(39,5537),(40,11103),(41,21778),(42,28639),(43,23980),(45,26532),(47,5392),(49,27141),(55,28155),(58,11749),(59,26973),(60,10903),(62,20027),(63,20962),(65,3924),(67,21187),(68,22887),(69,26943),(72,11829),(75,2667),(77,33),(78,19541),(79,6772),(80,4805),(81,7264),(83,14931),(88,1760),(92,14190)]	79.543090
990	[(0,12891),(1,15045),(4,21581),(10,24733),(11,16649),(14,12902),(15,8409),(16,9048),(22,27137),(27,26469),(28,3466),(32,16016),(33,4074),(37,16866),(38,8724),(40,12081),(42,5682),(43,21394),(44,3372),(48,25032),(51,6717),(53,9526),(56,27506),(57,8116),(59,28654),(61,27065),(62,22457),(64,1621),(65,24876),(67,21866),(68,9385),(69,25892),(70,17378),(72,21628),(73,11284),(76,3506),(80,8996),(84,27778),(86,5908),(88,3724),(90,11481)]	78.059257
991	[(0,25023),(3,741),(8,12931),(9,3791),(11,5204),(12,26547),(17,8779),(22,24136),(23,1951),(24,11205),(32,9279),(34,1633),(37,18757),(39,28224),(50,3059),(55,22219),(58,25691),(61,15459),(62,1493),(65,22661),(66,25300),(68,1331),(69,18396),(74,19890),(75,11919),(78,28709),(80,10994),(81,19502),(85,9135),(89,15936),(90,47),(91,26475)]	80.883537
992	[(4,25230),(6,8334),(7,4039),(10,28532),(14,1897),(17,1295),(19,5397),(22,23073),(23,16738),(24,15814),(25,19692),(26,2172),(28,5893),(29,1567),(31,27186),(32,8317),(33,19217),(34,19742),(38,23905),(41,19946),(43,26372),(44,16762),(45,12088),(49,27621),(54,21224),(55,27262),(56,6300),(61,6464),(63,592),(68,25459),(70,20468),(71,18997),(73,16628),(75,14744),(77,14086),(81,11213),(82,3051),(84,7120),(87,15573),(90,22547)]	80.265475
993	[(6,22035),(10,15747),(17,5134),(19,18790),(20,19041),(23,4932),(25,16322),(27,2656),(28,25350),(31,17132),(33,15326),(35,7456),(36,27148),(38,14791),(40,1642),(41,8212),(43,11133),(44,4635),(46,14620),(48,18391),(50,5434),(56,2249),(60,23861),(61,1114),(64,26542),(66,6711),(70,11204),(71,2756),(72,7910),(75,1046),(80,4980),(83,8825),(84,10354),(85,26498),(92,16412)]	83.123819
994	[(1,28679),(4,28043),(6,17184),(10,19072),(11,8484),(14,18816),(22,22209),(23,21144),(26,12639),(32,3141),(37,20751),(38,21491),(39,11121),(40,20195),(41,10432),(45,624),(46,9228),(49,16590),(50,18695),(54,16625),(55,15),(62,13947),(63,21146),(65,529),(66,24558),(68,443),(69,6862),(71,4006),(73,21329),(75,7513),(76,8859),(77,21715),(79,1607),(80,6279),(81,15782),(82,9118),(87,25374),(88,14734),(90,28449)]	81.654233
995	[(11,252),(14,16460),(16,8191),(17,7350),(20,5750),(21,17723),(24,3278),(27,24127),(29,7674),(32,11846),(33,12245),(34,18573),(36,9996),(37,1931),(42,22470),(44,10678),(47,4034),(48,13535),(50,17867),(51,1070),(53,13080),(54,7471),(55,15742),(57,8259),(62,10405),(64,8313),(65,13870),(68,27414),(73,13006),(74,8585),(76,16405),(78,9024),(79,7814),(82,11751),(83,16921),(85,10953),(86,12354),(88,6460),(89,3177),(91,14767)]	81.631878
996	[(2,25498),(4,25313),(6,14137),(7,1913),(8,6766),(17,1340),(20,9568),(28,22834),(30,19352),(31,4444),(32,23674),(33,18182),(34,3459),(36,21019),(38,14731),(39,24106),(42,19525),(44,27334),(45,22795),(46,3106),(49,24974),(50,17549),(52,9839),(54,24490),(57,26289),(58,16195),(61,6161),(67,18722),(68,28151),(69,16036),(70,10065),(71,21572),(72,4446),(74,20206),(78,13653),(79,3776),(83,14767),(84,9555),(85,28345),(87,2557),(91,24901),(92,10436)]	98.216691
997	[(0,4880),(1,27326),(2,7280),(5,6849),(7,7192),(9,3911),(10,2375),(13,6862),(15,16021),(18,24571),(21,11178),(28,228),(31,5911),(33,24510),(34,2892),(36,26299),(37,14272),(38,1852),(39,27457),(40,18600),(43,3445),(46,5631),(47,21250),(49,7321),(50,7217),(51,28501),(52,24595),(58,14444),(60,18585),(63,9099),(67,15162),(69,2116),(72,22868),(73,17924),(74,7840),(76,11495),(78,19740),(80,18838),(82,6583),(83,11430),(87,9629),(88,9193),(89,21536),(92,1136)]	78.063891
998	[(0,19763),(1,4388),(3,27805),(4,5182),(7,1127),(8,23401),(9,10633),(11,8687),(12,26330),(14,11484),(21,11790),(23,18969),(24,17339),(28,11493),(34,12086),(37,12747),(40,18989),(42,28418),(43,13369),(44,3078),(48,11242),(49,9147),(50,2382),(52,24861),(53,21596),(56,7633),(57,8182),(59,20930),(60,61),(62,25350),(65,14702),(72,10164),(73,16391),(75,28622),(77,8025),(79,1159),(80,6816),(81,5717),(82,2875),(83,22513),(85,5150),(87,26589),(91,19103)]	78.203513
999	[(0,19203),(1,25181),(6,6643),(10,24942),(13,7842),(14,5440),(15,12662),(19,16761),(20,23878),(21,17629),(22,1511),(24,7127),(25,11115),(29,25779),(31,7726),(33,23581),(34,7534),(35,16952),(39,25530),(45,7973),(47,5454),(48,14690),(49,20192),(55,3464),(58,20796),(66,9419),(68,8812),(73,919),(76,27251),(77,6442),(79,24678),(80,7600),(82,7037),(85,28723),(91,24536),(92,17677)]	80.560634
