ruleset_index	matches	time_ms
0	[(4,4614),(5,32081),(8,11581),(9,27008),(10,12239),(11,14301),(17,24188),(19,1294),(20,13704),(23,33402),(24,29110),(25,2524),(26,11247),(27,22962),(30,8656),(31,5843),(32,20221),(33,7218),(34,6207),(35,21775),(36,26006),(37,6586),(39,11163),(40,31678),(43,12464),(44,6051),(46,8208),(47,6875),(50,33222),(54,31831),(57,4851),(59,30896),(60,23220),(65,6530),(66,30481),(67,20519),(70,19231),(71,29461),(73,19560),(74,21724),(75,6548),(77,15087),(79,4509),(81,983),(82,11770),(83,1805),(88,10983),(89,16661),(90,3313),(92,19799)]	109.995251
1	[(1,30409),(3,415),(7,24062),(9,29689),(10,21729),(11,10868),(12,1921),(14,25689),(15,29281),(18,28142),(19,13265),(23,23134),(24,24661),(25,6969),(27,17018),(29,13995),(30,15501),(32,2089),(33,33141),(34,18411),(35,3097),(36,29717),(40,17729),(41,19427),(43,30559),(44,32268),(45,5632),(47,25817),(50,25337),(52,22022),(54,11625),(58,8586),(61,19481),(62,23551),(63,5314),(65,7836),(69,14668),(75,23836),(76,29882),(81,25603),(82,10852),(84,19518),(88,23351),(89,20342),(90,7280)]	104.774318
2	[(0,33079),(1,32897),(6,19424),(7,2240),(8,11223),(9,10797),(12,17433),(15,14982),(18,4483),(20,15355),(23,17649),(24,20108),(26,2056),(30,33772),(32,30410),(33,2106),(36,30838),(39,31770),(40,10041),(42,25472),(46,30617),(47,1832),(48,30316),(51,5541),(53,24489),(54,21457),(55,11063),(57,12398),(58,19000),(60,6843),(63,23720),(64,4509),(66,983),(69,33173),(72,1197),(74,29383),(77,6897),(79,19628),(81,12560),(82,976),(84,11189),(85,14726),(88,18028),(92,28462)]	110.801567
3	[(1,11504),(2,29344),(3,19352),(12,12429),(14,8345),(18,32994),(22,18907),(24,3204),(25,10267),(26,28193),(27,15218),(28,24975),(30,8165),(31,33438),(32,12770),(34,6104),(36,15616),(37,19549),(38,22545),(40,15772),(41,7658),(44,32505),(45,13417),(49,12113),(50,8398),(51,7433),(53,3241),(57,7831),(58,7756),(60,22223),(63,8899),(64,7154),(65,9801),(67,3566),(69,24573),(71,22255),(72,18511),(73,11085),(74,5081),(75,5479),(76,26753),(77,28085),(80,27472),(81,17676),(82,7112),(87,15912),(88,25737),(90,30129),(91,15317),(92,15472)]	107.679697
4	[(0,11015),(1,19428),(2,18915),(3,23398),(5,24717),(6,20683),(8,31914),(9,13088),(13,11256),(14,20719),(15,25537),(16,24308),(17,30801),(18,31044),(19,29082),(20,3294),(21,23524),(25,14673),(27,31624),(28,24734),(30,2905),(32,32396),(34,7026),(36,22759),(37,24016),(40,5485),(42,27768),(46,2100),(48,5583),(49,7786),(52,20514),(53,20762),(54,24856),(56,2195),(57,23892),(58,33441),(65,1496),(66,732),(70,14106),(72,12385),(74,1315),(76,17773),(77,10674),(78,10458),(80,20995),(86,28757),(88,26284),(89,18508)]	94.678300
5	[(0,18018),(4,14244),(5,1486),(6,20236),(8,17081),(10,6550),(11,32517),(14,8614),(15,28487),(18,12628),(21,9002),(26,23481),(27,23238),(28,27204),(30,19028),(31,10058),(32,14360),(34,10729),(35,5838),(36,3860),(37,17664),(39,27554),(40,2882),(43,11736),(44,18792),(46,13604),(47,21434),(48,15066),(49,14437),(50,27346),(52,28303),(56,16367),(57,15124),(59,15602),(61,32768),(62,20448),(64,2880),(66,27452),(67,21633),(70,26014),(71,1205),(72,29975),(74,16009),(76,15023),(78,22021),(80,20116),(81,3429),(82,7265),(85,18001),(86,27941),(88,14259),(89,16267),(90,21085),(91,10513),(92,30434)]	121.358631
6	[(5,1801),(7,30177),(8,4026),(10,22416),(13,25432),(14,10995),(16,23460),(17,26817),(18,26971),(19,1676),(20,9030),(22,8629),(23,10742),(24,11821),(25,1501),(28,32874),(29,22190),(38,31595),(39,31330),(41,23249),(42,16723),(43,24592),(44,1326),(50,12337),(52,23331),(53,3839),(56,18564),(57,32184),(58,16785),(59,7355),(60,20841),(61,25598),(62,8416),(63,21744),(64,20192),(65,29893),(66,23662),(67,32011),(68,14500),(70,7283),(72,13597),(74,640),(76,27961),(80,33763),(82,21492),(84,3238),(86,275),(87,29718),(90,28903)]	112.324070
7	[(0,19811),(1,9860),(2,11123),(3,15167),(5,10854),(10,25545),(14,4751),(15,28513),(16,27583),(22,10627),(23,28610),(26,11313),(27,2355),(28,31565),(29,3513),(31,8825),(32,9707),(33,20479),(34,4851),(36,6998),(37,9233),(41,14466),(44,14549),(45,8110),(49,4411),(50,26909),(52,22628),(57,17348),(58,33226),(61,18218),(63,28967),(65,5610),(66,16342),(67,16914),(69,22870),(74,11091),(76,3805),(78,23097),(79,20217),(81,7828),(82,987),(83,16502),(84,17477),(85,14339),(86,31399),(91,22709),(92,11155)]	102.451294
8	[(2,14907),(3,23827),(5,1630),(6,16786),(7,17441),(9,31775),(10,31882),(12,10725),(13,30418),(14,32643),(15,22365),(16,14416),(19,21540),(22,29551),(24,27139),(26,10082),(28,3391),(32,14257),(33,9048),(35,27765),(36,24845),(38,3564),(39,22120),(40,27370),(43,16179),(45,23240),(46,16469),(47,27307),(49,17810),(50,17816),(51,33497),(52,23073),(54,8345),(56,18782),(57,18605),(58,5526),(59,28105),(62,13096),(67,21077),(68,5590),(71,26274),(75,21069),(76,10335),(81,28336),(82,6759),(83,21982),(84,4814),(85,1132),(87,2773),(90,29992),(91,22266),(92,24050)]	104.097382
9	[(0,24258),(2,33034),(7,7484),(9,7580),(13,29701),(14,12183),(15,24846),(18,23284),(19,22140),(24,33745),(25,8434),(26,16635),(27,18318),(28,5119),(30,29264),(31,8955),(35,24150),(37,27672),(38,15841),(45,9502),(47,10655),(49,12716),(50,20293),(52,28103),(56,15879),(57,24751),(58,5469),(63,1829),(68,21215),(69,33843),(70,7158),(72,31884),(73,26693),(74,8953),(78,14814),(79,13206),(80,14735),(81,20077),(82,7809),(83,23727),(84,20779),(86,28972),(87,5),(89,15627),(91,19615)]	107.037652
10	[(0,10068),(3,16002),(5,25475),(8,30822),(16,31411),(17,12268),(18,14121),(19,2651),(20,33894),(27,13157),(29,20870),(31,25266),(32,3511),(33,18296),(34,20562),(35,10169),(36,13679),(39,23216),(41,2490),(45,8413),(53,11852),(55,26021),(56,24362),(61,7201),(64,26539),(65,4723),(66,29155),(67,13937),(68,13867),(69,19081),(70,1786),(71,32544),(72,31391),(73,31149),(74,29216),(76,17242),(82,512),(86,19307),(87,11352),(89,30939),(92,18286)]	100.675105
11	[(1,1745),(3,7289),(4,1615),(6,16476),(7,26386),(8,19053),(10,21682),(11,24813),(13,22361),(15,33148),(17,12049),(18,19856),(20,2977),(21,6924),(26,6264),(30,33340),(31,33267),(35,15495),(36,33918),(41,28864),(44,13551),(47,30325),(52,18135),(59,28469),(62,12981),(65,26888),(67,11588),(70,8048),(73,17732),(74,19743),(78,14643),(79,8586),(80,23576),(81,11440),(82,8993),(85,30987),(86,11303),(87,21365),(89,12029),(91,12862)]	99.801036
12	[(2,20154),(3,598),(4,31899),(7,7922),(8,6559),(9,15693),(10,4161),(14,14630),(15,10549),(16,29011),(18,10345),(20,26814),(21,17659),(23,10581),(26,17340),(27,676),(28,6412),(30,1589),(33,18976),(36,31427),(37,17477),(38,14339),(43,13336),(45,19829),(50,10494),(51,7828),(52,25808),(57,6980),(58,12764),(59,12011),(60,21177),(61,14158),(63,4591),(65,8089),(66,12238),(67,8113),(68,7389),(69,32574),(73,28531),(74,25783),(76,24254),(80,12183),(81,24846),(82,30434),(83,832),(84,7720),(89,10414)]	102.795950
13	[(1,18794),(2,27567),(5,474),(6,15966),(10,4841),(12,8203),(13,29876),(15,27628),(22,28443),(23,18927),(24,29626),(32,15443),(36,12042),(37,9113),(40,19855),(41,32172),(42,9183),(44,17061),(47,15700),(48,12917),(50,16444),(51,7323),(52,2858),(53,22601),(54,755),(60,6382),(61,26380),(66,1085),(67,19664),(69,15576),(70,31029),(74,24280),(75,27352),(76,17129),(80,24273),(81,15804),(84,31725),(89,17485),(92,13702)]	99.402598
14	[(0,29809),(5,29897),(6,5099),(8,31828),(16,3608),(18,30567),(20,3531),(21,8937),(23,14043),(24,32364),(32,27426),(35,11422),(36,28283),(39,7518),(40,9496),(42,7454),(44,5428),(45,2675),(46,11203),(47,32808),(50,11803),(52,10402),(53,1701),(54,14966),(56,9875),(57,24864),(58,1231),(59,25869),(64,20911),(65,27392),(66,13629),(67,21356),(71,6944),(72,5677),(74,28262),(75,3218),(76,10815),(78,29606),(81,23746),(82,4292),(87,10987),(89,28153),(90,11951),(91,3555),(92,33440)]	96.001479
15	[(0,14097),(1,25207),(2,1354),(4,15372),(7,12910),(8,8450),(9,10847),(11,9204),(12,33291),(13,17242),(15,5410),(17,17052),(18,32281),(19,5162),(20,15839),(21,10408),(22,15451),(23,27748),(25,5950),(27,11323),(28,4921),(29,16622),(30,18998),(31,29579),(33,9262),(35,18243),(43,9879),(45,29551),(47,8968),(49,1564),(50,9887),(52,21621),(53,10428),(54,18875),(55,7923),(56,2350),(57,8386),(60,26959),(62,16408),(67,23),(69,11278),(70,503),(76,27527),(80,18242),(83,10692),(85,31030),(88,5269),(92,29697)]	127.998100
16	[(0,2933),(1,22581),(2,32025),(3,33414),(4,735),(7,29989),(8,23858),(10,10331),(11,29386),(12,16397),(13,6768),(15,28885),(20,33083),(22,27249),(24,23359),(25,9968),(27,14500),(28,32416),(29,5945),(32,1079),(35,9477),(38,5565),(39,15673),(42,11628),(43,31849),(44,15253),(45,9244),(48,20570),(50,11466),(52,32321),(53,27874),(54,23187),(59,24041),(62,8240),(63,3813),(64,21921),(68,29343),(69,6142),(70,27002),(73,6495),(75,463),(76,15220),(80,31503),(81,26093),(82,15838),(83,33537),(85,28363),(86,13623),(88,31487),(89,5596),(90,7845),(91,7921),(92,15757)]	99.158556
17	[(1,24919),(2,18482),(4,26553),(6,22460),(7,28773),(8,11460),(15,5304),(16,10135),(18,10971),(22,1492),(25,18082),(32,6240),(35,16127),(39,32066),(41,21210),(42,15076),(45,20580),(47,11423),(49,1348),(50,4508),(53,31543),(56,1500),(58,27138),(59,20026),(61,1998),(64,9289),(65,7893),(69,28059),(73,5700),(75,17855),(76,14216),(80,30986),(81,1225),(82,20588),(84,32194),(86,7571),(87,24793),(88,27374),(90,30442),(91,6065),(92,10240)]	101.480343
18	[(3,33814),(4,29399),(6,18494),(8,31550),(9,17214),(12,29239),(13,19693),(16,21054),(18,8828),(19,33827),(20,11835),(22,27596),(23,11401),(24,3430),(27,14365),(33,15472),(35,29967),(36,895),(37,4536),(39,26946),(40,22576),(41,27894),(42,15599),(45,13209),(46,30197),(48,30527),(49,6585),(52,11239),(53,23136),(56,28146),(57,9300),(64,22509),(65,26231),(67,4229),(69,22084),(70,10298),(74,18650),(76,16887),(78,29773),(79,16612),(81,292),(83,11915),(84,12687),(86,5488),(87,21238),(89,9674),(90,4348),(91,26133),(92,14442)]	99.304950
19	[(0,18741),(1,10994),(2,23007),(3,28500),(5,15034),(6,25829),(8,26780),(11,18321),(12,22914),(13,5787),(14,8889),(15,9451),(16,29450),(17,2308),(18,6246),(22,24217),(23,11980),(24,22778),(25,17225),(27,30632),(34,23599),(35,24502),(36,14639),(38,6536),(39,33094),(40,1424),(43,19912),(44,18414),(45,28740),(47,25357),(49,8552),(50,29454),(51,12824),(52,16543),(53,23471),(56,22709),(57,10579),(58,27749),(61,8743),(62,29162),(65,10147),(66,31733),(70,20466),(71,26898),(72,30387),(73,18163),(75,7632),(79,18720),(86,10145),(88,29191),(89,25344),(92,18105)]	102.918379
20	[(1,20344),(3,2018),(4,29149),(5,19944),(6,10889),(7,6127),(11,5589),(12,6917),(14,7812),(17,10851),(18,23005),(19,29251),(20,20490),(21,6927),(22,1614),(23,5934),(24,30235),(27,33748),(28,29564),(30,27050),(34,3876),(35,16738),(38,31391),(39,31149),(41,24105),(42,25418),(43,19533),(44,33921),(47,3904),(48,4944),(49,27965),(50,31488),(52,4153),(55,6829),(58,8874),(59,32392),(60,17127),(64,21606),(67,9859),(72,16392),(73,31987),(74,10321),(76,2123),(77,16591),(78,22905),(80,26950),(81,4678),(82,11992),(83,2994),(87,1172),(90,11201),(91,19135),(92,31819)]	101.841965
21	[(0,550),(2,6820),(3,23554),(4,18103),(7,9603),(9,28176),(10,9226),(11,9503),(12,20321),(14,15998),(16,33376),(17,17301),(18,16932),(20,1610),(22,12732),(27,24713),(28,20627),(29,23591),(30,13497),(34,11668),(35,604),(41,32400),(44,20568),(47,15295),(48,16472),(53,2574),(56,2769),(57,32877),(59,32906),(64,22065),(65,2067),(69,27631),(71,32294),(73,13684),(76,8427),(78,2042),(80,33778),(82,30665),(85,19507),(87,25148),(92,23356)]	105.154390
22	[(0,26604),(4,779),(5,11293),(13,29689),(14,7226),(17,29384),(18,3011),(19,21693),(20,16581),(21,29810),(26,7368),(30,13264),(31,10248),(32,18912),(33,5408),(34,28197),(36,28513),(37,27583),(41,10040),(42,10917),(43,16350),(45,16050),(46,19701),(49,15968),(52,21066),(53,6141),(56,9932),(58,9752),(60,20335),(62,31581),(63,33740),(65,26903),(68,5302),(70,17341),(71,17909),(73,17821),(78,31376),(79,6853),(80,4064),(81,24537),(82,11717),(83,12271),(85,32945),(86,26295),(88,26438),(90,19298),(91,11588),(92,25144)]	99.591563
23	[(3,11608),(4,18743),(7,33447),(9,14029),(10,11844),(11,18393),(13,11280),(14,21595),(15,12932),(20,20658),(21,20214),(22,15000),(23,18879),(24,19356),(25,16578),(26,27604),(30,27090),(31,32831),(32,29020),(35,24116),(38,28594),(42,12358),(44,2283),(45,5288),(50,18431),(53,10527),(55,14118),(56,13671),(58,7577),(59,28839),(60,11627),(61,6612),(62,422),(63,16010),(64,26495),(65,13156),(67,31855),(68,25066),(70,12023),(74,8725),(75,25535),(78,10103),(79,11083),(80,29337),(81,5607),(86,8244),(87,17544),(89,12303),(90,9200),(92,1254)]	102.162947
24	[(0,21902),(1,19670),(2,27695),(4,23781),(7,20358),(9,2331),(10,9975),(11,10070),(12,23069),(14,18189),(15,9096),(18,28610),(22,32262),(24,11188),(26,14981),(28,27209),(29,25658),(32,29149),(34,14780),(35,25901),(36,498),(37,19374),(40,23520),(42,18245),(43,31369),(45,15760),(46,7713),(51,29241),(53,19119),(55,11460),(59,24810),(60,16926),(62,29701),(63,29113),(65,6344),(66,27299),(68,29231),(69,2394),(70,25569),(74,19085),(76,28412),(77,17260),(80,20587),(81,8885),(83,13894),(84,28781),(86,15976),(87,7835),(89,21206),(92,7505)]	98.297489
25	[(0,5033),(5,13065),(6,15685),(8,11991),(9,26868),(12,8566),(14,10969),(16,24229),(17,12662),(18,10940),(21,21386),(23,593),(24,7536),(25,550),(26,28248),(28,22194),(29,13383),(37,9918),(38,8049),(40,28958),(41,28424),(43,26539),(44,4723),(45,21073),(46,28614),(47,16620),(48,33462),(49,8963),(50,14781),(51,15223),(52,6068),(54,9876),(56,22156),(57,25977),(61,30709),(62,19471),(63,16657),(64,18961),(65,26554),(66,23175),(67,17649),(68,20108),(70,16326),(73,30295),(75,19244),(76,6701),(77,25266),(78,3511),(79,18296),(80,20126),(82,33056),(83,6911),(85,4737),(87,20744),(88,5604),(89,25825),(91,8830)]	129.075927
26	[(3,26343),(4,20664),(5,837),(8,31193),(11,490),(14,26672),(16,21549),(18,12653),(22,17883),(37,28404),(40,7763),(41,5958),(42,2157),(47,3264),(51,4236),(52,31407),(53,21198),(55,8657),(56,6983),(58,23823),(61,4239),(65,9861),(67,2728),(68,11564),(69,22386),(70,7773),(71,18160),(72,22236),(73,27341),(74,24152),(79,21780),(80,12226),(81,23682),(82,9665),(85,1033),(86,4577),(88,26814),(90,28863),(92,29376)]	116.966132
27	[(0,15136),(4,23665),(5,27594),(9,10645),(11,4443),(14,19973),(15,30207),(19,29207),(20,30887),(25,18468),(31,14465),(33,32051),(35,32290),(36,11909),(39,2915),(40,10557),(43,9375),(45,10783),(46,30508),(47,15179),(49,12775),(50,12604),(52,21870),(53,16393),(54,30289),(55,4343),(62,25968),(63,7749),(64,3322),(66,3882),(68,30816),(69,5996),(71,372),(74,934),(76,22712),(80,907),(81,5671),(87,20147),(89,21507)]	97.462593
28	[(0,19612),(2,32201),(3,12159),(4,6446),(5,21408),(6,31980),(11,7467),(12,4448),(13,15736),(14,23646),(15,12008),(17,17614),(18,8216),(19,27183),(20,33571),(22,7747),(25,5739),(26,6050),(27,29805),(28,1322),(32,26056),(33,17014),(34,1637),(38,26798),(41,866),(42,17764),(43,9073),(46,24372),(47,26864),(49,21350),(51,27092),(53,4484),(55,9317),(56,22888),(63,540),(64,7682),(66,27861),(68,20340),(71,23112),(74,12070),(76,31299),(77,21773),(78,10824),(80,21580),(81,23351),(82,20342),(83,7091),(85,29969),(86,23878),(89,9831),(90,8983),(92,32757)]	98.666008
29	[(0,27469),(3,14524),(5,9996),(7,25537),(9,307),(11,19110),(12,14122),(15,22257),(16,12408),(17,23508),(20,3026),(21,14823),(24,20485),(26,19292),(28,23955),(31,5045),(33,22783),(39,24983),(40,26337),(42,4577),(43,26276),(45,20319),(46,15919),(51,26994),(52,29107),(53,30568),(56,15826),(57,18030),(58,16031),(59,17312),(61,19710),(63,20254),(64,12543),(66,32851),(67,19252),(70,15233),(71,7200),(72,31134),(73,17336),(74,17456),(76,20401),(77,23477),(78,1807),(83,14848),(84,12581),(85,29237),(86,8873),(88,19854)]	111.047602
30	[(1,7133),(3,1033),(4,5415),(5,25278),(8,4490),(11,224),(14,1867),(15,22573),(19,29431),(21,22405),(24,31322),(25,129),(27,7272),(28,3702),(29,13879),(31,14616),(33,3801),(34,30660),(35,25275),(36,21935),(38,26),(39,17971),(40,29397),(42,21655),(45,23599),(47,32795),(51,19152),(54,9268),(55,29950),(56,12255),(60,498),(61,19374),(62,28587),(63,14149),(64,15203),(65,27410),(68,14880),(69,7450),(70,20946),(71,20139),(72,3370),(73,6820),(74,23751),(76,10654),(77,15072),(78,644),(79,8933),(81,26403),(84,3592),(85,2812),(86,12412),(87,20422),(91,10079),(92,10035)]	112.348485
31	[(0,7060),(1,23857),(5,27520),(9,5639),(11,17844),(12,2479),(13,3546),(14,20237),(15,32743),(17,28182),(19,23251),(21,2960),(22,17030),(25,9067),(26,9153),(28,19972),(29,26572),(31,15504),(33,6038),(40,31674),(41,32031),(42,30107),(43,4053),(46,31190),(47,5372),(50,29990),(52,31950),(53,18265),(58,31165),(59,20385),(60,1287),(61,6275),(63,2154),(66,15939),(67,21401),(69,22322),(70,22452),(72,15592),(73,9651),(74,31702),(77,10977),(78,2343),(79,21456),(81,10859),(82,7630),(85,28770),(87,20495),(90,5441),(92,27801)]	119.215356
32	[(1,11041),(2,31615),(5,24552),(8,11667),(9,27419),(10,19052),(11,1230),(19,4179),(23,32477),(25,23651),(27,892),(28,1424),(32,15701),(33,11059),(39,19155),(41,12010),(42,18485),(43,18316),(44,22964),(45,13239),(48,11635),(50,19251),(51,23268),(53,3752),(57,5733),(58,1240),(59,9036),(62,3541),(63,14920),(64,33559),(67,9069),(69,7118),(71,18191),(72,15654),(73,16005),(74,19747),(75,6377),(81,20522),(83,13409),(84,13671),(87,12678),(88,14554),(90,14942),(91,12892)]	108.680724
33	[(4,9167),(7,978),(8,33416),(9,8207),(15,717),(16,32647),(18,14160),(20,3259),(23,12463),(30,3535),(32,14540),(35,254),(36,13738),(40,16705),(42,24591),(43,1547),(44,4761),(46,27472),(47,17676),(48,16319),(51,18313),(53,27026),(54,29355),(56,26592),(57,26083),(58,3705),(59,30045),(63,23993),(64,12280),(65,22410),(66,25773),(68,15041),(72,20009),(73,26627),(74,24038),(75,24456),(77,28603),(78,8914),(79,27980),(82,11857),(83,407),(84,4005),(89,29305),(91,8475),(92,22097)]	106.400918
34	[(1,27479),(9,26807),(10,17932),(11,22108),(12,1543),(17,504),(19,2544),(21,17571),(22,16753),(24,18354),(26,4138),(27,24099),(29,6186),(32,20146),(33,550),(34,24341),(35,16906),(36,22471),(37,16813),(38,27624),(40,23818),(41,16903),(44,19156),(45,9604),(47,31289),(48,21363),(49,25945),(51,14574),(52,8985),(54,1482),(55,15943),(57,32820),(58,27883),(59,11998),(61,6849),(62,23521),(63,30914),(64,20178),(65,29021),(67,29013),(68,26505),(70,3626),(72,25264),(74,13587),(79,33382),(80,27389),(81,12926),(84,23901),(85,27296),(86,11223),(87,32578),(91,12039)]	109.563467
35	[(6,14259),(9,12277),(10,24450),(13,27107),(14,8512),(16,17726),(18,15103),(20,20643),(22,29113),(24,966),(29,1395),(30,7054),(31,12406),(32,4038),(33,1097),(35,21362),(38,31968),(42,21535),(44,33232),(45,27031),(47,22489),(53,14522),(54,3408),(57,2145),(58,2957),(60,19326),(63,4885),(64,6581),(66,16897),(67,17389),(68,28225),(69,29731),(70,8417),(72,23724),(73,27494),(75,10237),(76,21680),(77,12583),(78,4539),(80,17829),(81,28641),(84,13789),(85,3644),(86,28764),(89,13878),(90,4935)]	120.762719
36	[(0,19589),(2,10812),(4,7829),(8,12635),(9,29542),(11,2140),(14,9331),(17,32162),(19,19931),(24,5949),(25,3743),(26,18063),(27,19963),(29,10146),(31,11333),(32,25831),(35,22025),(37,23309),(38,7298),(40,28542),(42,30251),(43,17267),(44,28231),(47,2470),(48,4443),(54,32860),(56,17857),(62,13218),(63,2705),(64,30859),(65,16484),(66,26561),(70,14154),(73,31630),(77,2754),(83,27009),(85,13451),(87,4875),(88,30879),(90,21763),(91,5566)]	96.301864
37	[(6,18717),(9,31514),(10,11081),(11,16291),(12,13286),(13,11099),(14,15804),(20,18717),(23,18199),(24,32238),(26,10356),(27,3501),(33,23942),(36,27184),(40,1413),(41,10434),(42,30244),(44,5454),(51,13216),(52,11180),(53,27459),(54,4388),(56,4892),(58,2144),(60,20101),(61,27632),(62,33250),(65,24404),(66,2525),(67,28833),(71,4531),(72,15161),(73,12547),(74,26092),(75,15920),(76,20234),(79,14268),(81,14500),(83,17871),(85,12966),(87,16421),(88,4867),(91,17829)]	97.993109
38	[(4,273),(5,17265),(6,31951),(8,2538),(9,32815),(11,20037),(15,10747),(19,11330),(20,16850),(21,28882),(24,21612),(25,7903),(30,19309),(32,20752),(33,8276),(35,10224),(36,7330),(38,15154),(39,21129),(40,21405),(43,18060),(44,26531),(46,5762),(47,6532),(48,28526),(50,3828),(51,23573),(52,33196),(54,4550),(55,6385),(63,10352),(64,11064),(65,32956),(66,27372),(67,24406),(68,6144),(69,2531),(70,7833),(74,6741),(75,9973),(77,1217),(78,20358),(81,7646),(84,15435),(85,28113),(86,21172),(87,25430),(88,30393),(90,25033)]	108.441022
39	[(0,20911),(2,9219),(4,22098),(5,27236),(6,24743),(8,22278),(9,27176),(11,18027),(12,28818),(13,24896),(17,30523),(18,30784),(21,5969),(22,14811),(23,8280),(24,11669),(26,5783),(30,900),(31,7532),(32,11991),(35,3153),(37,17499),(38,13744),(39,10643),(40,29882),(41,12877),(43,17908),(44,17458),(46,23060),(47,732),(48,32579),(49,15785),(50,499),(51,7574),(52,16280),(54,13514),(55,23536),(56,27562),(57,17562),(59,7243),(68,14952),(70,22304),(74,6089),(75,25555),(76,6806),(87,30590),(88,11857),(89,6921),(90,15070),(91,22807),(92,24510)]	102.703745
40	[(0,12877),(1,21252),(2,31181),(3,28533),(4,28335),(5,3195),(8,15114),(11,33856),(15,12474),(17,16819),(20,14592),(23,23720),(26,26768),(31,7034),(33,29555),(34,9944),(35,20504),(36,6050),(37,29805),(38,1322),(41,21875),(42,20665),(44,25409),(47,13191),(48,25814),(50,20275),(54,860),(55,956),(57,14882),(59,4090),(60,29019),(62,33414),(64,12979),(65,28757),(68,2549),(71,33916),(72,20065),(75,11455),(76,31932),(77,32632),(81,6122),(84,28706),(86,5854),(92,10122)]	109.572552
41	[(0,10726),(2,31369),(3,454),(5,4196),(13,12930),(15,25440),(18,14710),(19,32824),(21,16486),(22,11500),(23,26863),(25,14585),(28,7183),(31,16776),(32,32166),(33,21144),(37,19938),(38,1641),(40,31936),(41,15557),(42,11614),(43,1768),(44,11266),(46,32061),(47,30768),(48,21142),(50,33885),(52,24603),(53,6321),(57,4324),(62,13412),(67,5653),(68,6707),(72,13384),(74,28993),(75,4370),(78,2328),(79,17050),(81,13382),(82,15171),(85,30318),(86,1896),(87,9117),(88,7493),(90,3413),(91,1202),(92,28505)]	97.123268
42	[(2,23299),(4,14507),(6,5295),(7,12269),(8,21594),(9,2468),(10,30325),(13,14895),(17,18258),(18,3011),(19,21693),(20,3485),(25,28434),(26,11746),(27,27624),(28,11006),(30,20716),(34,25033),(36,12272),(37,29877),(38,6324),(41,17242),(45,22919),(47,14349),(48,16652),(52,5788),(58,12045),(61,24803),(64,20038),(66,8921),(67,9030),(68,1999),(69,16994),(71,7143),(72,3313),(73,23843),(74,6236),(75,13004),(77,1604),(78,16192),(79,13708),(80,30009),(81,757),(82,31656),(86,31572),(87,12986),(90,25749),(91,32133),(92,23323)]	111.545644
43	[(0,8293),(5,15868),(8,7073),(9,1954),(10,3364),(13,25516),(14,11706),(17,4399),(18,23352),(19,3022),(22,26675),(24,9331),(25,5799),(26,7853),(27,26815),(28,33910),(30,20545),(32,11180),(33,17885),(34,27489),(37,7200),(38,19088),(41,32763),(44,2749),(45,32195),(53,14234),(54,24793),(55,27374),(56,25359),(58,6677),(60,9832),(61,10608),(63,11505),(66,18432),(67,28624),(68,15009),(70,15664),(71,6762),(72,13712),(74,17192),(80,25608),(85,13445),(86,8695),(87,14374),(89,28815),(91,15491)]	121.490960
44	[(0,10076),(4,7013),(6,4625),(7,24194),(8,20687),(9,17131),(12,25559),(13,26151),(15,138),(18,20712),(21,12001),(22,7124),(23,17783),(25,31092),(28,16660),(29,2287),(30,27748),(31,33664),(32,28488),(33,6348),(35,30503),(36,4815),(38,30679),(40,8723),(41,8958),(43,18456),(44,30676),(46,27528),(47,2138),(49,32541),(51,14916),(53,23497),(55,30442),(56,6065),(58,24521),(60,14577),(61,9857),(62,17377),(63,881),(65,9743),(68,24939),(71,13695),(75,6155),(76,15499),(78,32335),(79,10062),(81,7782),(82,2657),(84,22060),(85,733),(86,8026),(87,9958),(91,32487),(92,11494)]	122.510575
45	[(0,16819),(3,30630),(4,15099),(7,14705),(8,7952),(9,15594),(12,32034),(14,8001),(16,29448),(20,19151),(24,11777),(25,30942),(27,13893),(28,20969),(31,710),(41,33901),(43,23485),(44,24682),(51,23290),(55,18923),(57,18205),(58,11779),(63,19268),(67,3856),(68,12510),(69,14124),(71,23846),(72,5982),(73,8376),(75,33482),(79,18112),(80,1882),(81,30133),(83,21125),(86,9606),(89,17033),(91,24295)]	100.448607
46	[(4,21255),(10,16278),(11,29907),(12,21602),(16,8831),(17,12289),(18,31756),(19,32279),(20,25310),(23,9926),(24,25463),(25,7416),(29,18094),(30,2910),(31,32371),(33,28468),(35,26080),(36,3348),(38,8452),(39,14115),(43,4681),(46,33464),(48,15443),(50,10335),(57,4352),(61,11943),(64,9690),(67,7261),(71,3207),(73,21399),(76,30819),(78,21551),(82,18992),(86,28390),(87,21287),(88,24780),(90,22785),(91,10441)]	100.100774
47	[(0,3774),(1,10482),(2,24949),(3,29978),(4,9723),(7,33580),(8,1988),(10,33585),(11,32446),(12,16504),(14,9908),(16,28657),(17,13701),(18,2361),(19,25791),(20,5091),(21,6888),(23,8068),(25,22301),(26,26136),(29,6155),(30,18114),(31,19265),(33,26774),(35,18206),(36,1483),(37,6814),(41,23652),(42,936),(44,21301),(47,17304),(50,9203),(55,24362),(57,26676),(61,14963),(62,32947),(63,19888),(67,10323),(68,29581),(72,3141),(74,28052),(75,16272),(76,6526),(78,1861),(79,15631),(80,5719),(81,21669),(82,33614),(83,1483),(84,6814),(85,10944),(89,28495)]	105.678989
48	[(0,24708),(2,16619),(3,20382),(5,8944),(7,8968),(10,5289),(11,27382),(12,25824),(16,25973),(18,32814),(22,20420),(23,3498),(24,13558),(25,32259),(29,16415),(30,31450),(35,26324),(37,4857),(38,21894),(40,24311),(41,14295),(47,5858),(48,32863),(50,9958),(54,18918),(55,6586),(58,28514),(60,21477),(61,14394),(67,6650),(68,29588),(72,32605),(75,16542),(78,16017),(79,17888),(80,3234),(82,8954),(83,21918),(84,21721),(85,19231),(86,29461),(88,13383),(91,12235),(92,29333)]	104.986831
49	[(0,234),(5,20982),(6,32086),(8,31085),(10,8127),(11,8830),(14,26821),(18,25086),(19,3286),(21,10630),(24,8727),(26,33339),(27,30960),(28,12950),(31,17099),(33,26468),(34,4286),(37,14762),(38,27761),(39,33457),(40,2803),(42,28962),(44,26385),(46,8609),(47,12080),(49,8091),(52,3320),(53,493),(54,28273),(55,5638),(57,25134),(58,13150),(59,13696),(66,26344),(67,10150),(70,20774),(73,24461),(74,30092),(77,1810),(78,27449),(81,1801),(83,4113),(84,10991),(87,409),(88,8016),(89,26535),(91,20578),(92,10814)]	101.681380
50	[(1,26527),(3,22199),(5,6128),(6,6721),(8,21077),(9,20605),(14,19223),(16,1664),(20,15736),(21,23646),(22,27978),(26,29264),(29,12764),(30,12011),(31,8308),(33,27892),(34,17912),(35,19805),(41,7700),(42,29479),(45,22193),(46,4468),(47,10937),(48,32314),(49,21367),(52,26866),(53,21587),(56,1305),(60,23311),(62,7220),(65,29580),(66,1587),(71,14020),(77,20324),(79,31434),(82,21845),(84,11707),(87,32377),(89,16871),(90,13420)]	97.915102
51	[(0,22737),(2,29246),(4,19264),(7,32931),(9,30378),(11,8790),(12,21164),(13,29567),(15,24662),(16,11832),(17,6461),(19,27826),(20,28806),(21,16124),(24,10546),(28,14831),(29,27812),(31,16394),(32,9504),(34,3441),(35,32819),(38,31505),(45,12628),(48,13512),(49,14814),(51,21517),(52,28935),(53,27995),(54,12545),(57,31290),(58,26417),(60,7245),(61,24978),(63,21294),(64,6105),(67,21055),(68,20485),(70,33298),(71,29999),(72,16354),(73,721),(74,14919),(75,25698),(76,17922),(77,12462),(78,33384),(79,28119),(81,23814),(82,30841),(84,7873),(85,23196),(86,18003),(87,12933),(88,21877),(89,25465),(91,12056),(92,26081)]	97.413777
52	[(0,1020),(2,11149),(3,2121),(6,9543),(7,4017),(8,8397),(9,20804),(10,18652),(12,21006),(16,23177),(17,28628),(19,3435),(22,28239),(23,4724),(24,9891),(26,31867),(29,29080),(31,25347),(33,33113),(38,30485),(40,5387),(41,28732),(42,28006),(44,3864),(45,13829),(46,30876),(49,24218),(54,26621),(55,20198),(57,32306),(59,23281),(64,9514),(65,27480),(66,22716),(67,28745),(68,7217),(69,28456),(70,2394),(72,16568),(73,1129),(74,7823),(77,29743),(78,5930),(79,23336),(80,31677),(82,24026),(84,26289),(91,18268),(92,9957)]	99.911115
53	[(0,19122),(1,10032),(3,25335),(5,33201),(7,19495),(8,27316),(9,26029),(10,25467),(12,31423),(14,2486),(17,27353),(23,11989),(24,25538),(27,31840),(30,7821),(33,25112),(34,6929),(35,2019),(36,28719),(38,15979),(40,29727),(41,9034),(42,14794),(43,9130),(44,15708),(47,5312),(48,32712),(49,5882),(51,1638),(54,21464),(56,3166),(61,13455),(64,2128),(66,9528),(67,33556),(68,1852),(69,3970),(73,18400),(75,10724),(76,2586),(79,21073),(81,3660),(85,263),(87,14874),(90,23871),(92,5895)]	112.462094
54	[(2,18390),(3,31975),(5,19291),(6,33235),(9,3718),(10,70),(11,29334),(12,14955),(14,27096),(15,480),(16,27658),(18,9795),(21,9787),(22,28955),(23,18645),(24,2419),(28,16782),(32,4833),(33,19096),(36,17408),(37,24374),(38,29368),(40,16745),(41,11994),(44,169),(45,3334),(46,24688),(49,19467),(50,33333),(51,8638),(54,15427),(57,3568),(58,8103),(59,1070),(62,18576),(63,14236),(64,8223),(66,9165),(68,33022),(69,20147),(71,7236),(76,12025),(78,4109),(79,31188),(80,13277),(82,29654),(83,18883),(85,15094),(87,450),(89,14170),(91,18836),(92,28252)]	122.013736
55	[(0,31787),(1,11206),(4,27292),(5,29071),(6,3237),(7,14349),(8,16652),(10,16992),(11,26673),(12,10454),(13,21856),(15,9028),(16,8105),(17,3088),(18,13865),(19,703),(21,8543),(22,6103),(23,27019),(24,30540),(25,7677),(29,16513),(30,31321),(35,13645),(37,6397),(38,33544),(39,16468),(40,20628),(41,2143),(44,18685),(45,22169),(47,32433),(48,20038),(49,5241),(50,33542),(51,3278),(52,30563),(53,12035),(54,19180),(56,26711),(57,17000),(58,24145),(62,9744),(65,2490),(66,783),(68,21336),(72,7670),(73,10371),(75,5658),(76,21942),(77,1521),(78,25560),(79,679),(82,5454),(83,298),(85,17166),(89,21065),(90,22301),(91,6002)]	97.587679
56	[(1,32014),(3,20446),(5,32183),(6,5452),(7,8596),(10,29142),(11,14546),(12,18624),(13,14136),(20,12594),(24,13706),(26,23536),(28,22089),(29,9202),(30,8305),(32,9155),(38,13899),(40,4795),(41,18771),(43,15826),(44,18388),(55,33833),(56,21799),(59,18322),(61,6835),(64,17419),(65,7137),(66,2820),(68,5762),(70,18725),(72,17618),(76,24495),(77,11238),(78,32446),(81,1553),(83,8274),(85,11720),(87,21002),(88,33324),(89,27655),(91,27616),(92,21434)]	102.538919
57	[(0,6359),(1,23924),(2,20365),(3,5416),(9,21604),(10,27015),(11,20956),(13,8484),(14,14426),(15,17554),(16,738),(17,27249),(18,22837),(19,7830),(26,16762),(27,27460),(28,11955),(29,10401),(31,13193),(32,2888),(36,24203),(37,9497),(38,2568),(39,28729),(40,1260),(41,17479),(42,10974),(43,12195),(44,4831),(46,2777),(47,10822),(48,32542),(55,7602),(56,7681),(58,1557),(60,8183),(66,22944),(67,31779),(69,6276),(70,13760),(71,26867),(72,10382),(73,8034),(74,6077),(76,3115),(80,26811),(83,107),(84,31382),(86,19312),(87,32627),(91,15574)]	106.955120
58	[(0,32844),(1,13724),(2,8297),(3,10196),(4,8065),(5,6982),(6,9230),(7,24473),(8,16125),(10,26548),(11,2196),(12,195),(13,8777),(15,23070),(16,3451),(22,22730),(24,8021),(25,14291),(28,26307),(29,8718),(30,26421),(32,25209),(33,29624),(34,22944),(35,10731),(38,20383),(42,8427),(44,7589),(46,28512),(48,7183),(51,29787),(52,13568),(54,32506),(55,19450),(56,15559),(57,2160),(58,21442),(64,15897),(68,5907),(69,22151),(70,18053),(71,26017),(72,18558),(75,19005),(76,23153),(78,8337),(80,13156),(81,217),(84,12272),(87,6587),(88,10722),(89,9821),(90,5103)]	100.032127
59	[(1,12574),(5,26417),(6,30610),(8,438),(10,28973),(11,10416),(12,20705),(13,4647),(15,33862),(16,2096),(17,16671),(19,10379),(22,14099),(24,22322),(27,28477),(29,1178),(32,19934),(34,27644),(35,9459),(36,11515),(38,29062),(39,31427),(40,11842),(41,26163),(42,26705),(44,14914),(48,33073),(49,24776),(52,29983),(53,33568),(54,26198),(58,30185),(60,21441),(61,31829),(62,30587),(63,22784),(64,25231),(65,506),(66,718),(67,22054),(68,33684),(69,32206),(70,21560),(72,16589),(73,27635),(80,30788),(81,23470),(82,1302),(83,11938),(84,25137),(85,28583),(91,10549),(92,29011)]	105.040971
60	[(0,59),(2,29218),(3,12267),(9,4531),(11,15893),(13,890),(14,17862),(16,25242),(19,25139),(21,28413),(23,4942),(27,3507),(30,6271),(32,10013),(34,12744),(35,11876),(36,16234),(37,4240),(38,9845),(41,17939),(43,7638),(45,31298),(46,16779),(48,18974),(51,4768),(52,17821),(56,32153),(64,16500),(65,20431),(66,33654),(67,6880),(68,15728),(69,14842),(75,31165),(76,20385),(77,12875),(78,28280),(79,11173),(80,6752),(82,24376),(83,15136),(84,17915),(88,29864),(91,31786)]	95.419182
61	[(0,30581),(3,27452),(4,9032),(8,25573),(9,23788),(10,1314),(12,26266),(14,15451),(17,16820),(18,6964),(19,20944),(20,16669),(23,17968),(24,31262),(25,3971),(26,21675),(30,32000),(32,3505),(34,28723),(36,8701),(40,8587),(42,15391),(46,4556),(48,19147),(50,2905),(52,16686),(54,3247),(56,30860),(59,27202),(60,15175),(62,18490),(63,17445),(64,33373),(67,25513),(68,24420),(72,15519),(75,2937),(77,1361),(81,4546),(82,28927),(83,27330),(85,33594),(88,21565),(90,2365),(91,19410)]	98.579944
62	[(0,3608),(2,30567),(6,7658),(7,27284),(8,24181),(11,29437),(12,24164),(13,10515),(14,31822),(16,6550),(17,7168),(25,10675),(27,30999),(28,25746),(31,17205),(33,6929),(34,3214),(35,20715),(36,17434),(37,2214),(41,16944),(48,19550),(49,30235),(50,14617),(52,3276),(53,26474),(58,18468),(60,12566),(61,7612),(63,5955),(67,11513),(69,13814),(75,23945),(77,24554),(78,28722),(80,25301),(81,16275),(83,24556),(84,18294),(85,1847),(86,15579),(87,19995),(88,27417),(89,16979),(91,2205),(92,15848)]	99.402896
63	[(3,31929),(7,22116),(11,27022),(12,30095),(13,9838),(16,13021),(18,26946),(19,16780),(20,2717),(22,2456),(23,4504),(25,23387),(26,810),(27,23622),(30,31338),(31,31773),(34,17438),(35,15936),(36,27455),(37,26358),(39,13923),(40,15834),(42,4860),(43,2684),(44,8922),(45,8),(46,22754),(48,27642),(51,19722),(54,25001),(56,24250),(57,574),(58,21907),(59,13149),(65,33719),(66,29248),(67,32233),(73,13259),(76,11108),(77,25289),(81,13820),(83,6566),(84,12727),(86,21042),(88,11901),(90,2800)]	106.314392
64	[(2,28243),(4,25450),(7,1525),(8,30808),(11,22445),(17,2406),(19,29484),(20,24478),(24,18720),(26,6032),(27,10350),(29,18881),(30,29840),(32,1612),(39,23858),(40,19790),(42,19184),(43,28978),(44,6703),(45,19069),(46,29365),(47,6331),(48,2127),(50,17439),(52,16772),(53,15257),(54,11738),(55,30347),(57,14409),(58,1811),(59,20471),(61,2943),(66,13654),(71,18895),(73,2706),(76,8160),(80,2099),(84,26544),(86,1217),(87,29455),(90,9491),(91,27241)]	126.011635
65	[(1,22346),(5,1928),(6,9203),(7,23812),(14,6358),(15,13508),(17,29239),(18,7987),(20,7504),(21,7857),(22,23784),(25,23772),(27,21965),(30,32818),(31,4562),(32,12916),(34,31375),(35,30094),(39,25600),(42,23469),(43,386),(45,29234),(46,15926),(48,31434),(50,21428),(54,4200),(55,159),(58,29583),(59,9039),(61,1772),(64,4764),(65,17289),(66,12371),(69,21714),(72,7626),(74,12442),(75,11647),(80,12063),(82,31941),(84,32323),(86,10877),(91,33912),(92,6607)]	105.937618
66	[(1,27170),(2,14869),(3,20213),(9,10283),(10,18157),(13,16798),(14,19274),(15,11824),(16,23631),(18,9080),(20,32738),(21,17441),(24,4890),(25,6661),(26,2450),(27,27226),(28,12257),(29,32297),(31,6590),(32,14011),(34,25731),(36,15366),(38,32954),(39,9614),(43,28648),(44,22464),(45,819),(48,2675),(49,11203),(50,20832),(51,28140),(52,12892),(55,30054),(56,4848),(58,4627),(67,20384),(69,21466),(71,22283),(77,9540),(78,11540),(80,2951),(81,22599),(83,5051),(85,33277),(89,31493),(90,5525)]	102.451977
67	[(2,26858),(4,26123),(5,17327),(6,5892),(7,183),(12,4313),(13,29319),(16,14566),(17,9914),(18,5892),(19,19399),(21,22456),(22,18725),(26,31162),(27,12878),(28,19553),(30,30789),(32,3570),(33,27586),(35,7584),(36,5401),(38,9684),(40,20831),(43,18892),(44,11879),(45,29470),(47,27253),(48,21253),(49,31013),(51,5727),(53,24365),(56,25342),(57,14621),(58,1924),(59,30182),(60,25047),(63,25629),(66,11387),(67,22983),(68,1898),(70,6482),(71,9134),(72,9496),(73,14195),(77,2000),(78,3200),(79,30249),(81,28631),(82,5118),(83,3082),(84,17126),(89,19979),(91,19169)]	105.782672
68	[(0,25181),(1,12027),(2,3036),(4,33249),(5,24871),(11,25240),(13,23304),(14,29128),(15,7366),(16,8748),(21,2521),(23,30367),(24,27475),(26,24206),(27,7188),(29,7922),(31,14644),(32,29718),(34,17226),(35,9126),(38,33842),(41,9209),(43,23149),(44,13888),(45,1170),(51,11501),(52,23175),(53,17283),(57,15624),(60,296),(61,9103),(62,1816),(63,30126),(64,28838),(66,21065),(69,27750),(71,12726),(72,22763),(75,12632),(77,32486),(78,13685),(79,31451),(80,6368),(82,12863),(91,977),(92,30668)]	100.952676
69	[(1,26400),(3,25142),(4,21859),(5,25140),(8,16684),(10,5544),(12,11001),(13,29083),(19,23710),(20,16490),(22,11109),(23,16759),(24,7125),(26,52),(28,23171),(30,7393),(35,24032),(36,16760),(37,7642),(40,28154),(41,33858),(42,20645),(45,2514),(46,31296),(48,32032),(49,11712),(50,13398),(53,25959),(54,5546),(55,16313),(58,31837),(59,13618),(61,6535),(62,16884),(63,2630),(64,27797),(65,28038),(66,10569),(69,21131),(73,20087),(76,9286),(77,2698),(78,25146),(79,10678),(80,20435),(81,23897),(86,342),(87,24680),(88,21160),(89,2176),(90,5467),(91,13600)]	105.005287
70	[(3,33168),(4,21380),(5,9904),(6,31571),(8,26851),(10,15668),(11,21517),(13,12336),(15,27226),(16,8902),(17,7586),(18,6720),(19,1172),(20,28830),(22,16024),(23,13410),(24,6553),(26,8377),(27,12405),(28,5551),(30,32531),(34,7757),(35,19454),(36,32563),(37,12887),(40,3927),(41,11526),(42,31906),(44,11535),(47,11800),(48,13837),(49,15589),(50,24431),(53,26737),(55,19840),(56,3244),(57,16019),(59,3646),(60,26517),(61,7941),(63,10255),(64,3712),(66,25517),(67,27274),(69,25891),(71,26539),(72,4723),(75,6634),(79,28637),(80,25310),(81,20803),(83,13050),(86,30861),(89,27987),(90,8763),(91,21469)]	101.646505
71	[(0,13752),(2,11860),(6,9602),(8,11248),(9,15585),(10,18195),(11,32623),(12,29948),(13,13141),(14,29048),(15,1245),(18,1092),(19,4723),(20,21073),(21,28614),(22,8490),(23,14801),(24,18381),(26,12755),(27,6279),(28,7004),(29,29425),(30,16846),(32,9476),(34,14615),(35,5419),(37,25533),(38,32818),(39,4562),(41,5513),(42,530),(44,7075),(45,18269),(46,12199),(48,3143),(49,26953),(50,10446),(52,25506),(53,8705),(55,20520),(56,26845),(57,22865),(58,31157),(60,21012),(64,4926),(65,7272),(67,14697),(71,25364),(72,13016),(73,19604),(74,13871),(76,18296),(77,20126),(82,26001),(85,13371),(86,4961),(88,6659),(90,25467)]	97.912300
72	[(0,11301),(1,19811),(2,9860),(3,19472),(5,32970),(6,33802),(7,25938),(10,31286),(12,18183),(13,20938),(15,32644),(16,32618),(22,11938),(23,22157),(26,15201),(27,32090),(29,30973),(31,16254),(35,19662),(36,9494),(38,6108),(41,7740),(42,5872),(43,33709),(44,28404),(46,30487),(47,21832),(48,6851),(49,27373),(50,18773),(52,23498),(54,29054),(55,17336),(56,1275),(58,26165),(67,19510),(68,16407),(69,30575),(70,30152),(71,10989),(74,22223),(77,9101),(78,11649),(79,29493),(83,30353),(85,14539),(89,28077),(90,18968)]	110.145268
73	[(0,28876),(1,20148),(2,32862),(3,33884),(6,4970),(7,2808),(10,30793),(12,29437),(14,26461),(15,4237),(16,9935),(17,33613),(18,22427),(19,492),(20,26352),(22,31040),(23,26114),(24,19948),(25,11796),(26,32744),(29,22908),(30,1035),(36,6429),(37,32242),(38,16689),(41,3551),(42,26558),(44,1714),(54,32474),(55,7934),(56,18154),(58,9358),(59,10475),(62,29239),(63,7987),(64,3520),(65,32350),(68,8791),(69,1100),(70,15904),(71,28003),(73,620),(74,26131),(79,773),(81,32073),(82,32016),(83,21451),(86,20285),(91,12605),(92,6170)]	199.306443
74	[(2,3186),(4,21309),(5,9217),(8,15354),(10,16451),(11,20272),(13,25891),(15,29200),(16,22860),(17,5978),(18,20020),(21,21564),(24,10561),(26,27068),(29,23081),(30,14867),(32,32986),(33,5067),(36,8153),(39,19525),(40,21697),(42,2795),(44,27869),(48,22471),(49,31921),(50,16846),(52,9476),(54,11866),(55,23450),(57,209),(58,28110),(65,31463),(66,30782),(67,26657),(68,2374),(69,24052),(72,13449),(73,18791),(75,28123),(76,23570),(77,28152),(79,1280),(80,1744),(81,1412),(82,1753),(83,287),(84,10862),(85,24451),(88,12204),(89,2687),(92,16529)]	235.436950
75	[(4,9474),(5,15881),(6,33320),(7,22876),(8,28811),(11,30604),(12,3823),(17,15887),(18,12050),(19,28860),(20,31245),(23,5633),(24,24906),(25,28235),(27,9270),(28,12374),(29,28015),(30,28220),(31,16029),(34,7621),(35,17194),(37,3812),(38,5063),(39,31902),(42,3413),(43,13453),(45,25848),(47,15804),(53,16505),(54,28100),(57,29528),(59,14927),(60,27900),(61,31214),(62,11805),(63,23007),(66,5039),(67,24424),(68,2581),(70,13302),(71,4963),(73,4036),(74,26427),(75,26748),(78,4161),(80,9631),(81,9406),(82,8641),(83,27220),(86,2947),(89,8993),(91,16521),(92,9556)]	226.678371
76	[(2,20871),(4,22875),(5,16377),(7,21963),(8,16697),(13,22714),(14,918),(16,17696),(17,31310),(18,21035),(20,17298),(21,25980),(23,15770),(25,14097),(26,26324),(28,574),(30,11603),(37,4944),(40,32581),(41,4094),(44,20312),(45,11176),(46,15410),(47,14969),(48,13314),(50,5566),(54,8930),(56,21995),(59,9613),(60,2464),(61,21940),(62,31962),(63,26815),(64,33910),(65,5952),(67,18301),(69,6123),(70,3907),(72,8402),(74,27613),(75,20589),(77,29429),(78,9997),(80,1994),(81,16026),(82,2645),(83,1147),(84,16106),(86,16093),(87,24559),(89,5218)]	220.431374
77	[(1,23290),(3,19198),(5,20673),(6,24095),(7,12934),(9,32424),(10,28906),(11,5713),(12,23381),(18,29259),(19,31841),(24,4920),(25,31175),(28,7502),(33,27924),(34,30873),(35,26935),(37,6398),(38,27986),(40,9725),(42,26609),(43,30366),(44,4651),(45,26447),(48,21854),(49,13845),(50,24445),(51,8100),(52,25100),(54,10373),(56,9562),(60,8013),(63,11198),(64,8904),(66,30615),(68,21508),(70,25528),(71,32516),(72,10903),(73,2122),(76,15588),(78,31630),(80,5329),(81,16285),(83,10762),(84,25553),(86,27933),(87,30785),(88,10003),(89,30568),(90,24558),(91,18142)]	213.299760
78	[(1,2410),(2,12690),(3,18374),(7,16678),(9,2171),(10,11715),(11,20533),(12,854),(14,19402),(15,5693),(16,30931),(18,3605),(19,30953),(20,11233),(21,27238),(23,6896),(24,110),(27,33325),(28,9678),(30,25713),(32,6096),(33,2876),(35,8215),(37,8433),(41,15360),(43,33169),(44,25628),(46,33696),(47,5152),(50,2185),(51,22659),(52,17165),(53,21609),(54,8417),(57,16750),(58,10956),(60,20200),(62,25070),(63,14483),(64,10806),(67,18650),(69,26576),(70,4759),(72,20383),(73,33480),(74,1177),(79,17106),(82,3675),(84,23920),(88,6337),(90,26647),(91,25284),(92,12533)]	213.915837
79	[(0,20675),(4,923),(6,25467),(8,3133),(12,31349),(13,25393),(17,9207),(19,33907),(23,4774),(24,27018),(25,22691),(26,6696),(32,6364),(36,10517),(37,2243),(38,7188),(40,12789),(41,18962),(43,11946),(45,22926),(49,6700),(50,29662),(53,22633),(54,26068),(57,24837),(59,12835),(64,5426),(65,17710),(66,25217),(67,31793),(68,13607),(69,13165),(70,4485),(72,33471),(73,13563),(74,8040),(76,20640),(77,19409),(78,1372),(81,27723),(82,18829),(85,2620),(88,12818),(91,5727)]	230.472402
80	[(2,31901),(3,20451),(4,13065),(7,16168),(8,1544),(9,99),(12,20545),(15,1556),(17,20784),(23,27374),(24,1434),(25,20553),(26,13728),(31,26346),(34,27335),(35,32334),(39,22376),(40,5414),(41,22238),(43,22828),(45,23582),(46,17369),(47,14537),(48,17860),(57,21163),(59,7728),(61,12506),(62,12769),(63,28841),(64,15952),(67,19009),(71,12277),(72,19691),(73,7649),(74,24326),(76,19576),(78,26822),(80,25232),(81,24746),(83,12959),(84,28252),(88,4059),(89,8416),(90,30004),(91,27808),(92,23447)]	216.237418
81	[(0,4354),(2,842),(7,58),(8,5266),(11,20195),(16,13037),(18,11531),(21,10071),(32,5554),(33,15095),(34,28195),(39,2685),(40,15604),(41,26212),(42,12948),(46,27377),(47,14701),(51,24434),(52,13998),(56,22459),(59,16530),(66,7231),(69,15294),(70,18367),(71,30844),(72,7265),(74,6545),(75,7539),(77,13226),(78,20458),(80,25064),(81,28735),(82,14864),(85,23290),(86,11674),(88,22185),(89,6233),(90,27975),(92,30587)]	215.165019
82	[(2,27561),(3,17700),(6,32297),(7,21402),(10,25158),(11,16655),(12,249),(13,24195),(14,8376),(15,30094),(17,14192),(18,29460),(19,25323),(21,23087),(24,416),(27,2864),(28,24104),(29,18927),(31,23100),(33,9195),(36,26612),(37,702),(38,25410),(40,11794),(44,18022),(45,14542),(46,16729),(50,6847),(51,18023),(52,26941),(54,24394),(55,3457),(57,30323),(58,16127),(60,12992),(61,13158),(66,7446),(70,28903),(71,4611),(72,5049),(73,25581),(75,15889),(77,25545),(79,12248),(81,23866),(84,891),(89,22706),(90,14714),(92,15054)]	205.885234
83	[(2,21879),(3,7515),(7,11541),(11,7229),(13,15363),(17,4000),(22,4755),(24,19438),(30,22416),(31,11127),(34,11737),(35,31145),(37,32248),(38,12887),(40,8722),(41,18912),(42,17951),(45,15979),(46,5071),(47,6276),(48,32592),(49,1752),(51,12679),(54,1372),(56,8651),(57,26078),(58,15379),(59,5290),(63,18470),(64,27590),(66,3726),(67,21333),(68,14534),(69,337),(71,11346),(73,20404),(74,27930),(76,27949),(79,8049),(81,28958),(82,28424),(84,31662),(85,32683),(86,1050),(88,13799),(89,26142),(91,3181),(92,5051)]	239.468088
84	[(0,21754),(2,13474),(4,26191),(5,12486),(8,8555),(11,26583),(12,2897),(13,16426),(14,19566),(20,31337),(21,11610),(22,25847),(23,27962),(25,320),(26,12198),(30,18110),(31,17956),(32,15115),(36,18031),(37,464),(38,3969),(39,4823),(40,25908),(45,717),(47,28556),(48,15754),(49,14651),(50,10034),(51,8320),(52,7488),(54,13537),(56,6438),(58,28430),(59,2485),(61,29120),(63,508),(66,24924),(68,23062),(69,26609),(70,28077),(71,18968),(72,29320),(73,30598),(75,10943),(78,28574),(79,4548),(80,9659),(82,24872),(85,2483),(87,6750),(88,17866),(89,30928),(92,4747)]	224.738937
85	[(1,30202),(3,9364),(4,17489),(5,10885),(8,6686),(13,4547),(14,32827),(15,10612),(16,10665),(17,27879),(20,26216),(26,3444),(27,2073),(28,6525),(30,2573),(31,13858),(33,2093),(35,28026),(37,6497),(40,14943),(42,24236),(43,25667),(44,4769),(49,1411),(51,31152),(53,29189),(54,18839),(57,30679),(59,11970),(66,10212),(68,9249),(69,32872),(70,23968),(73,2546),(75,14057),(81,29805),(82,1322),(83,14074),(84,19553),(85,33101),(86,483),(88,12204),(90,21146),(91,27343)]	206.582783
86	[(1,5936),(2,27418),(3,22641),(6,21383),(7,16861),(8,1382),(10,24415),(12,4989),(13,3555),(14,20442),(16,30836),(21,31193),(22,105),(23,21302),(25,11506),(27,18243),(29,4709),(31,11824),(32,16539),(35,22251),(39,8074),(40,6943),(41,32024),(43,11376),(44,5021),(46,3209),(47,14271),(48,7493),(49,12566),(50,7612),(53,16602),(55,12749),(56,7555),(58,6007),(63,5425),(66,21210),(70,14832),(71,10378),(73,9258),(75,7259),(79,27016),(80,8172),(82,29901),(86,2967),(89,1308),(90,19346),(91,22616)]	241.269760
87	[(0,32473),(3,24964),(4,11745),(5,4442),(6,28795),(9,12923),(11,10039),(12,27422),(13,22784),(16,32369),(17,16620),(19,2893),(22,24383),(25,1775),(27,13017),(28,20767),(29,15396),(42,8294),(43,24931),(44,31137),(45,11929),(49,22403),(53,18751),(55,3613),(57,5327),(59,26208),(60,17405),(61,16945),(62,412),(63,6106),(65,17808),(66,12518),(67,10733),(68,9340),(69,12202),(70,15492),(72,3780),(77,9900),(78,25328),(79,20345),(85,6121),(86,16453),(90,18155),(92,29878)]	231.600767
88	[(0,21835),(2,1213),(3,17429),(5,30117),(6,15289),(8,21320),(10,15340),(13,2953),(14,29132),(16,8122),(17,29047),(18,13253),(20,1526),(22,3153),(23,32390),(24,32228),(26,6968),(29,12118),(34,10144),(35,11924),(39,6733),(40,16613),(44,15913),(46,23776),(47,7135),(48,24512),(49,23452),(50,12951),(52,26649),(53,30546),(54,9784),(55,17501),(58,32227),(59,23811),(61,21637),(63,13728),(64,12689),(65,16178),(67,2216),(70,31246),(72,8574),(73,14669),(76,7200),(78,3174),(79,26362),(80,21455),(82,9213),(83,3661),(88,29244),(90,1921),(92,9677)]	251.694875
89	[(0,4008),(2,5197),(3,26847),(5,24340),(8,10754),(12,30215),(14,2671),(15,17014),(16,1637),(17,24129),(18,14953),(21,12432),(22,15044),(23,6011),(25,12357),(27,134),(28,26154),(29,17838),(30,17708),(31,6031),(32,13911),(33,26215),(34,23524),(39,3252),(40,13482),(41,30727),(42,14885),(44,25566),(51,23222),(53,10106),(55,1605),(56,11035),(63,21375),(67,21367),(68,32213),(69,33251),(70,9238),(74,32236),(75,31286),(77,2405),(80,9998),(82,4105),(86,2459),(87,11869),(91,13962),(92,9559)]	154.510323
90	[(1,18606),(2,26478),(3,27264),(4,14982),(8,15921),(10,1354),(13,19865),(15,21068),(16,5211),(17,24871),(18,647),(21,9530),(25,5934),(26,23457),(27,2983),(28,4607),(29,24161),(30,33190),(32,16217),(36,31514),(37,2664),(38,1408),(39,26349),(41,6894),(43,6734),(44,6202),(45,27144),(46,25545),(49,3374),(51,16036),(52,8407),(53,28050),(54,13229),(55,22165),(57,20397),(58,6394),(61,9835),(63,4953),(64,27080),(65,32759),(66,5052),(68,10233),(72,684),(74,5541),(77,29245),(78,26854),(81,24794),(82,20570),(83,25477),(86,25977),(87,11796),(92,3407)]	102.818128
91	[(1,33702),(6,20119),(7,801),(8,10841),(10,26544),(12,1217),(13,17943),(14,7267),(16,3991),(18,9355),(21,4043),(23,25083),(26,7054),(27,12406),(28,31512),(29,23980),(30,1335),(31,9501),(32,2),(34,27558),(36,11295),(37,7167),(38,2138),(40,24378),(41,1227),(42,14294),(44,4201),(45,28752),(46,1832),(47,28188),(56,20889),(58,16810),(61,26702),(62,16159),(64,32719),(65,26373),(66,17014),(71,22924),(75,16132),(77,656),(78,16732),(81,31480),(82,16240),(84,28440),(85,7032),(87,5218),(88,31425),(90,24481),(92,20028)]	102.558625
92	[(0,9302),(1,22169),(3,32433),(4,3741),(5,8621),(10,22121),(13,28990),(18,25182),(19,26055),(20,1811),(23,12800),(24,22021),(27,1846),(28,5559),(29,8612),(30,13554),(34,21659),(35,18077),(36,11293),(39,20643),(40,29175),(41,7071),(42,9670),(43,13019),(45,7814),(47,1632),(48,33277),(50,16378),(52,14666),(54,32346),(56,1850),(58,2221),(61,25155),(62,16902),(63,2632),(64,4885),(65,6581),(66,29792),(67,19974),(69,6147),(70,32130),(71,5653),(72,10395),(76,33086),(78,7682),(79,13301),(81,5151),(82,26717),(83,14468),(84,4307),(85,20364),(86,6517),(88,11050),(90,6402),(91,13348)]	110.113432
93	[(1,32897),(7,10040),(10,10263),(11,13816),(12,26837),(13,26726),(14,4087),(16,32597),(19,25295),(20,18403),(25,28364),(27,24353),(30,13829),(31,30876),(33,1048),(35,1599),(37,20895),(40,31728),(42,12599),(44,2297),(45,21566),(47,26683),(49,22591),(52,777),(53,31096),(54,7260),(57,25990),(60,23028),(61,8681),(62,28786),(64,27116),(65,5716),(66,4926),(68,6310),(69,32352),(71,9129),(73,22038),(76,13647),(78,25816),(79,13596),(82,31950),(83,23537),(84,13361),(85,25771),(87,2517),(88,21782),(90,27134),(91,30918),(92,24564)]	100.261694
94	[(0,19000),(3,30026),(5,32970),(6,19233),(9,26611),(10,4516),(11,9893),(12,17798),(13,11069),(17,10192),(18,27961),(19,6697),(22,2115),(26,31809),(27,11377),(28,5471),(30,25903),(31,14684),(33,7384),(36,18481),(37,11016),(38,25443),(41,19702),(42,9847),(43,14247),(45,28713),(48,14149),(49,15203),(50,26772),(53,1682),(54,2222),(57,15744),(59,18293),(61,30944),(63,10036),(66,5658),(67,21942),(69,15880),(72,10529),(73,3012),(74,28392),(75,17911),(82,12240),(83,26460),(84,23370),(85,5929),(88,2176),(89,30122),(91,15796)]	99.223567
95	[(4,21020),(5,17393),(6,6119),(8,16814),(11,28120),(13,5869),(20,6213),(22,2493),(23,9839),(25,29205),(26,13612),(29,26206),(31,254),(34,29605),(35,2391),(36,3567),(39,3494),(42,23072),(44,20255),(45,15749),(46,17625),(47,14079),(50,17692),(51,30312),(52,19944),(54,32782),(55,438),(57,28973),(58,30576),(59,13327),(61,321),(63,7832),(70,30552),(71,16960),(73,23420),(76,23713),(81,16642),(82,25920),(84,33203),(85,24984),(87,9676),(90,25953)]	104.634652
96	[(0,2625),(1,24261),(2,22613),(4,22828),(6,29691),(7,735),(9,16772),(11,30494),(13,4036),(14,29823),(16,13286),(17,15963),(19,8221),(24,22827),(25,24848),(29,32754),(31,12124),(32,23829),(35,15224),(36,194),(38,22608),(39,14972),(41,9421),(42,1101),(45,13276),(46,17989),(47,19610),(48,8333),(49,25150),(50,8630),(52,31886),(53,19825),(57,19171),(58,29165),(60,6315),(61,29541),(62,28810),(63,7966),(64,10287),(67,15438),(68,6493),(71,30003),(72,13147),(73,33751),(74,4366),(78,14554),(80,14939),(82,11663),(84,15885),(85,27905),(86,12624),(89,11633),(90,10219),(92,14229)]	110.896992
97	[(2,22519),(5,7698),(6,32651),(7,19185),(8,10761),(10,12163),(12,31707),(13,4656),(17,12585),(18,6011),(21,26002),(22,26604),(23,29813),(24,20772),(25,7840),(26,447),(28,22174),(30,30590),(31,21529),(32,33187),(34,6786),(35,22373),(36,3478),(38,28233),(41,8246),(42,27435),(44,13786),(45,5613),(46,32790),(47,1270),(48,9742),(51,321),(52,32526),(53,7800),(54,26405),(56,31299),(57,21773),(58,24182),(61,23466),(62,22191),(69,231),(73,255),(74,1707),(75,5354),(76,10136),(77,25484),(79,393),(81,778),(83,3235),(84,4364),(85,30151),(88,8204),(89,20839),(90,28829),(91,14088)]	105.220468
98	[(0,16700),(1,16736),(2,32961),(5,33607),(6,21393),(9,21046),(10,20247),(12,12972),(13,24172),(14,14242),(16,27597),(17,18721),(19,11457),(21,33575),(22,32557),(23,30682),(27,3808),(32,13834),(34,16691),(38,5003),(39,21278),(43,16336),(44,13346),(45,23339),(46,13972),(48,25740),(51,15836),(54,32678),(56,14381),(58,3456),(59,31646),(60,1618),(63,27925),(64,29841),(65,15707),(66,21214),(67,7813),(70,4496),(72,1713),(74,5689),(75,11825),(76,29093),(78,22079),(79,3146),(81,20540),(85,4794),(87,27442),(91,15150),(92,15774)]	118.275842
99	[(2,30077),(6,1773),(7,19534),(8,84),(11,1876),(12,6706),(15,24820),(20,27776),(21,4288),(23,9002),(24,2283),(26,18792),(27,4115),(30,26923),(34,27440),(38,31142),(39,21186),(40,29719),(42,22575),(44,23465),(45,7913),(47,11633),(48,10219),(52,1170),(53,27664),(58,18090),(59,30405),(60,30380),(63,32259),(65,2778),(66,28182),(67,2114),(69,12221),(71,12143),(72,650),(73,26488),(75,21708),(77,19184),(78,31635),(80,8446),(83,32839),(86,4104),(89,29248),(90,32233),(91,2039)]	110.464603
100	[(0,16884),(1,8431),(2,9603),(5,2030),(12,1646),(14,30146),(17,25785),(20,14905),(23,30323),(24,16127),(25,32568),(26,25635),(29,25251),(30,31820),(31,26832),(37,7363),(38,21073),(43,30888),(44,10244),(46,8228),(47,26676),(49,26802),(51,21763),(52,5566),(54,9684),(58,7136),(59,17832),(61,23017),(63,4730),(64,2851),(66,16534),(67,7133),(68,15740),(69,166),(71,11042),(73,31824),(75,31108),(77,26891),(78,12040),(80,6513),(81,4472),(82,20692),(84,9725),(86,17177),(91,4710),(92,22900)]	100.850685
101	[(1,26298),(4,27882),(7,16236),(8,24882),(9,21632),(10,930),(11,17603),(13,29069),(14,940),(16,2029),(18,8294),(19,24931),(21,18998),(25,22121),(26,19299),(28,11745),(29,6465),(30,14615),(32,16441),(35,28782),(38,23253),(40,21652),(42,20610),(43,14727),(44,15893),(46,33229),(47,20097),(48,15160),(49,4818),(50,5254),(53,25398),(54,5692),(56,3433),(58,25275),(59,21935),(61,5544),(63,28971),(64,9407),(65,22726),(66,5191),(67,10349),(68,26668),(71,6726),(72,25003),(75,11653),(76,1575),(80,13902),(82,30309),(84,20554),(85,15881),(87,28864),(88,21099),(89,28098),(90,24239),(91,33034)]	107.172380
102	[(0,13722),(1,31097),(3,25696),(5,26448),(8,248),(11,32694),(13,19642),(15,26981),(18,19307),(19,11352),(20,9093),(23,30064),(24,17773),(30,18416),(32,33278),(36,5938),(37,11307),(38,8366),(39,1474),(40,25824),(42,11956),(44,28096),(46,12107),(47,10048),(50,21427),(52,18471),(54,30639),(57,27947),(58,19620),(60,30704),(62,18637),(69,11973),(70,23500),(71,8492),(73,3596),(75,16829),(76,12741),(79,25188),(81,29612),(83,18619),(87,28632),(88,1575),(90,15788),(91,18829)]	109.672956
103	[(2,20307),(3,25246),(5,2634),(6,6904),(7,22733),(8,26713),(9,32354),(12,8861),(13,23460),(14,21912),(15,13514),(16,1917),(17,23679),(18,25022),(20,22459),(22,27482),(23,11350),(25,5680),(29,30425),(31,26938),(33,15204),(38,9228),(40,4995),(43,19489),(46,22655),(47,27939),(48,18826),(49,11169),(50,10435),(51,2133),(52,5709),(55,30028),(56,33059),(57,12361),(59,31223),(61,7185),(62,26693),(64,29878),(65,9410),(67,21301),(68,6265),(72,10193),(75,26635),(76,24805),(77,1637),(79,18546),(83,31045),(85,9319),(86,19866),(91,4560)]	96.815873
104	[(1,22877),(4,29703),(5,14913),(7,19048),(9,16264),(10,18258),(11,26962),(12,20330),(13,15082),(14,10680),(15,7924),(16,26276),(19,18201),(22,22597),(24,9748),(27,12266),(30,28155),(32,13766),(33,23318),(34,6523),(35,8066),(36,20579),(37,26302),(38,8009),(40,1314),(41,10869),(42,17938),(43,21338),(45,24837),(47,19566),(49,2995),(50,18020),(51,9277),(53,1535),(54,9820),(55,193),(56,961),(58,7670),(59,30555),(60,3453),(63,2570),(64,9206),(66,31263),(69,13659),(70,26130),(71,33846),(72,28098),(73,1073),(75,10162),(78,4284),(80,6413),(82,25243),(83,24394),(85,33149),(86,28491),(87,0),(88,1707),(89,32360),(90,21496)]	98.186493
105	[(0,12081),(2,4906),(3,22343),(5,27416),(6,22290),(8,10228),(9,6406),(11,19935),(12,27686),(15,29504),(18,1098),(25,1364),(26,4004),(32,12209),(33,30200),(35,12418),(36,10062),(37,19864),(39,28330),(41,33695),(43,33381),(44,16179),(48,12823),(49,1421),(52,25810),(53,17986),(57,22485),(59,4636),(60,5737),(61,11350),(62,28338),(63,16191),(64,31363),(66,14350),(68,33595),(71,33796),(73,1697),(74,32599),(77,5741),(78,3062),(81,16208),(83,11072),(85,30324),(86,20646),(87,25359),(91,20475)]	107.694503
106	[(1,11042),(2,6316),(3,7147),(4,15525),(5,17627),(8,8259),(9,21581),(10,18),(18,16689),(24,10293),(28,19362),(31,26550),(33,2422),(34,2803),(35,30880),(39,8821),(41,11010),(42,1145),(43,15290),(45,83),(46,3599),(47,13187),(52,21513),(54,10250),(56,28474),(57,6441),(58,1136),(63,24322),(64,12390),(67,12235),(68,29333),(70,22553),(71,19303),(72,18042),(74,22434),(75,13186),(77,32723),(83,25565),(87,31662),(88,13553),(89,11660),(90,25302),(91,23927),(92,31659)]	113.936604
107	[(0,1264),(7,21554),(9,29113),(10,32370),(13,15993),(18,11743),(20,4690),(21,12399),(24,27599),(26,25109),(29,27690),(31,32419),(33,8342),(34,24988),(40,7046),(42,2104),(43,8730),(46,5431),(48,28849),(49,5603),(54,2740),(55,30372),(60,1295),(61,12971),(63,24248),(64,3455),(66,31434),(68,28010),(74,4732),(76,29197),(81,24258),(83,30397),(86,16930),(88,15937),(91,6806)]	102.425895
108	[(0,8792),(2,6393),(3,10365),(5,33454),(8,23233),(9,33819),(10,25003),(11,14),(12,16860),(15,4642),(18,12302),(19,11338),(21,31923),(23,22678),(24,6085),(26,12700),(27,2383),(28,13571),(30,17464),(32,3913),(33,9481),(35,269),(38,9892),(42,19369),(43,14113),(45,15566),(46,1401),(47,1380),(49,5872),(50,28435),(52,14350),(54,12830),(56,17661),(58,13896),(61,9961),(63,9111),(65,27718),(67,20415),(68,1592),(69,20031),(70,1085),(71,19664),(74,13460),(75,10553),(76,22830),(78,23874),(80,25559),(81,26151),(84,12594),(89,3733),(91,22077),(92,21534)]	123.040205
109	[(1,21574),(3,21083),(4,12898),(8,17122),(9,32092),(12,23928),(16,14125),(17,24802),(19,25820),(20,23617),(24,8982),(25,19463),(26,7457),(27,3421),(29,1095),(30,25),(31,9667),(32,2201),(36,17390),(37,12851),(38,5722),(39,9019),(40,28072),(42,11742),(45,5666),(46,17690),(50,7106),(52,25456),(54,30533),(56,14983),(57,4606),(58,26776),(59,24670),(62,3712),(65,8585),(66,22726),(67,22024),(72,27167),(73,29044),(74,2000),(75,3200),(76,30249),(78,5551),(79,9704),(80,6067),(82,9917),(83,13635),(86,31673),(90,31654),(91,5320),(92,23933)]	99.113952
110	[(1,20573),(2,31828),(3,30994),(4,22161),(5,6358),(6,13508),(9,26204),(10,26602),(11,25736),(12,11060),(13,21318),(15,20384),(16,17164),(18,26708),(20,15884),(21,28995),(22,337),(26,20062),(27,26367),(30,25594),(32,12303),(34,26428),(35,30016),(37,11600),(38,6418),(41,829),(42,21271),(45,18703),(46,27718),(48,12400),(51,20565),(52,13195),(54,3380),(56,12795),(58,9343),(59,22873),(60,2706),(61,2468),(64,14035),(65,1418),(66,29663),(68,27241),(72,30796),(77,28998),(78,18230),(81,20447),(82,985),(83,1961),(84,25234),(85,31543),(87,32369),(88,9224),(90,16145),(92,16445)]	106.392871
111	[(1,31370),(2,19473),(6,23034),(9,536),(10,1813),(11,12175),(12,7371),(15,5943),(17,2047),(20,21537),(21,33730),(23,9905),(26,24576),(28,7460),(30,21676),(32,32874),(33,11526),(35,27917),(37,26625),(38,20685),(39,33735),(41,10215),(43,26511),(45,28846),(47,11006),(50,15317),(51,15472),(58,1370),(59,27157),(62,456),(64,1479),(65,20353),(66,19615),(67,27146),(71,7308),(72,13510),(73,5759),(75,6211),(76,11281),(80,29960),(81,33234),(82,1339),(84,27097),(85,24865),(86,12832),(88,31304),(89,16801),(90,3934),(91,12843)]	99.863226
112	[(0,14509),(1,29296),(3,15911),(4,5738),(7,360),(9,15762),(10,27463),(11,24156),(12,4295),(13,3097),(14,11490),(15,17569),(16,28525),(18,16832),(20,3917),(26,18128),(28,28325),(29,20006),(31,29099),(34,10890),(36,17615),(37,27276),(40,5424),(42,19844),(43,25648),(46,13181),(48,13630),(51,20610),(54,13346),(55,23339),(57,29057),(58,22399),(60,20474),(61,32070),(62,21909),(63,7049),(64,13612),(66,16087),(67,3394),(71,21284),(75,23100),(76,24470),(77,13931),(79,25490),(80,21364),(82,10682),(83,8964),(84,1124),(88,31525),(90,22225),(92,31783)]	99.187991
113	[(0,126),(6,114),(7,17718),(9,22766),(11,28209),(12,7535),(15,7903),(17,16993),(19,4669),(20,9524),(23,19588),(25,14280),(26,32045),(28,18989),(30,2267),(33,110),(34,6522),(35,21674),(36,22189),(37,27928),(39,22958),(42,7852),(45,33720),(46,20702),(47,26149),(49,288),(50,15261),(51,6523),(53,32708),(56,10109),(57,26774),(58,31690),(60,5008),(62,24794),(63,20570),(65,6318),(67,31627),(72,29759),(73,14586),(76,29159),(77,11827),(78,23702),(79,32235),(80,30991),(81,10973),(84,26711),(85,18767),(86,31916),(90,22961),(92,4973)]	97.431743
114	[(1,22436),(2,1775),(4,30108),(8,14413),(13,4854),(17,30724),(18,18951),(20,32470),(21,17621),(22,12402),(24,5653),(25,6707),(26,22598),(28,8411),(29,18165),(30,9286),(31,21969),(32,2833),(33,30169),(35,28515),(39,30210),(41,23272),(43,4422),(44,23581),(45,17037),(46,8662),(49,25928),(50,22219),(51,29637),(53,23710),(54,16490),(55,28784),(58,16920),(60,32993),(67,27713),(73,4759),(74,8567),(76,27579),(78,26567),(79,20698),(80,24300),(82,23529),(83,26599),(84,585),(86,23891),(87,1242),(88,9345),(92,24736)]	95.883375
115	[(1,27038),(2,22442),(3,9241),(5,23774),(6,23423),(11,5251),(14,13024),(15,14817),(20,12552),(23,25876),(26,294),(27,7199),(32,22870),(38,3779),(40,29517),(41,33247),(42,23777),(43,841),(45,22246),(46,29902),(48,15043),(52,4836),(55,9977),(59,30630),(63,27564),(64,12307),(65,6661),(66,2450),(67,15337),(68,17422),(71,25577),(72,29596),(73,10885),(74,17336),(75,17456),(76,11641),(78,16935),(79,8813),(82,27571),(83,28360),(86,14836),(88,25519),(89,12755),(90,26805),(91,14022),(92,8114)]	104.624596
116	[(1,10479),(2,33925),(3,26930),(5,12108),(9,745),(11,10689),(12,6899),(14,28941),(16,25247),(17,3823),(18,33801),(20,10360),(21,13359),(22,1550),(23,19433),(25,27453),(26,20345),(31,20672),(32,16292),(39,4790),(41,12811),(42,8018),(43,9870),(47,23533),(48,24830),(49,14574),(50,7375),(51,16006),(53,33658),(54,3647),(55,22056),(58,30022),(61,9733),(63,25780),(65,5659),(69,27909),(70,30641),(78,21534),(79,7252),(82,11495),(83,16757),(85,6910),(87,1032),(88,16332),(89,19552),(90,33877),(92,2297)]	105.544172
117	[(0,8270),(2,20916),(3,9114),(6,26789),(8,3944),(9,22434),(10,13186),(11,7712),(12,8425),(16,3896),(17,6336),(18,17951),(19,10625),(20,25063),(25,2467),(27,2313),(29,30620),(30,32247),(32,31015),(33,24303),(34,3176),(35,22514),(36,13735),(37,12733),(38,33271),(44,21753),(46,7404),(48,7243),(49,15107),(50,30582),(52,30555),(53,13396),(54,22861),(55,771),(60,15081),(62,24379),(68,28242),(69,25671),(71,6614),(75,23680),(76,21577),(79,29094),(80,3482),(84,24337),(86,13231),(87,24747),(88,7190),(90,19389)]	104.386711
118	[(1,5391),(2,29106),(7,1804),(8,131),(9,3304),(10,10819),(13,29402),(14,12751),(15,13699),(16,3156),(17,5003),(22,28495),(23,9522),(26,27479),(27,17902),(28,11055),(29,23555),(31,32977),(34,6341),(36,28118),(39,32073),(41,8884),(43,33614),(44,18156),(45,11146),(47,22250),(48,5620),(49,16489),(51,9214),(53,5776),(54,18209),(56,21425),(57,32133),(58,21092),(59,1011),(61,32238),(64,10082),(66,22350),(68,8445),(69,31254),(71,25274),(76,4344),(77,4936),(79,26096),(81,23170),(83,20511),(84,25559),(85,26151),(90,16511),(91,18364),(92,26432)]	119.333608
119	[(1,17672),(2,18209),(3,33151),(10,33234),(14,22768),(15,24522),(16,28117),(17,8810),(18,4499),(21,33359),(24,32469),(32,7426),(35,4609),(37,27354),(39,2019),(40,21040),(41,5207),(42,14919),(43,24538),(44,30063),(45,28215),(47,22160),(48,1896),(49,19651),(50,19161),(51,4948),(56,29182),(59,16696),(62,24558),(63,18142),(67,3368),(68,11969),(74,4367),(76,30935),(78,14015),(79,29762),(80,6865),(84,19089),(85,21353),(86,24612),(91,16381),(92,3752)]	95.510657
120	[(5,30698),(6,29464),(8,26072),(10,6584),(12,7235),(15,30028),(16,10690),(18,9534),(20,15272),(21,33840),(22,12892),(23,10645),(25,6058),(26,12985),(27,10530),(28,1306),(29,342),(34,16940),(36,32113),(39,18268),(40,18884),(42,16944),(46,17786),(48,17707),(51,8705),(52,11349),(54,27361),(59,10212),(61,14030),(62,19592),(63,17216),(65,9959),(69,33483),(71,31007),(72,1598),(77,1804),(78,131),(79,27110),(82,2415),(83,32851),(86,8971),(88,17614)]	108.057506
121	[(0,6485),(1,28671),(4,6955),(6,1734),(7,13957),(9,30721),(10,23087),(12,22476),(14,5255),(15,18243),(17,8956),(18,18099),(19,26485),(22,20513),(24,17464),(25,9815),(28,8698),(33,6519),(34,2762),(36,10710),(37,14522),(38,3408),(41,8032),(43,14605),(46,23345),(47,7169),(51,25700),(52,30641),(53,31607),(54,2641),(55,21009),(56,13846),(57,18143),(61,23272),(62,5112),(64,8153),(66,29516),(71,11242),(72,1228),(74,25642),(75,4016),(79,12101),(80,21224),(83,17662),(84,5306),(85,7212),(86,6055),(87,1973),(89,27386),(90,18386),(91,1551),(92,16996)]	103.381618
122	[(4,5830),(6,9487),(9,25050),(12,19006),(13,8245),(14,28401),(15,18979),(18,29881),(19,25392),(20,6403),(21,9952),(22,25041),(23,8173),(25,12499),(32,21613),(33,28183),(34,2541),(36,1329),(39,343),(50,3123),(51,4168),(52,18472),(53,16811),(54,16219),(55,21322),(60,28657),(64,9494),(67,26291),(68,23117),(74,24257),(75,8619),(82,13634),(87,11885),(88,7231),(92,4528)]	99.773926
123	[(1,23623),(2,941),(3,23261),(4,10765),(5,1769),(8,22777),(9,22203),(10,19217),(13,33885),(14,19772),(16,10795),(18,18236),(22,4361),(24,18312),(28,18434),(34,29718),(36,17226),(37,9126),(38,2262),(42,32639),(43,3745),(44,6733),(45,3241),(47,6218),(48,32577),(49,6754),(54,20798),(55,10162),(57,5950),(59,6816),(60,8899),(63,26545),(67,20856),(68,23987),(70,28233),(71,13937),(76,6831),(77,15327),(79,33898),(80,33009),(82,5298),(84,30326),(85,17700),(86,19787),(88,28604),(89,4641)]	96.472664
124	[(0,33443),(1,17975),(2,29653),(3,21530),(6,6249),(8,19462),(10,16864),(11,3080),(13,685),(14,23517),(15,24598),(16,17130),(18,4210),(19,20298),(20,14870),(29,30172),(30,286),(33,9106),(34,33872),(37,300),(40,23322),(41,28977),(42,33531),(46,24235),(49,26761),(51,9193),(52,24928),(57,20967),(59,5800),(61,15152),(62,27927),(64,16798),(65,1161),(69,25646),(71,28622),(73,16306),(74,16778),(76,33762),(81,10364),(83,27698),(84,15626),(88,6155),(89,15499)]	103.500869
125	[(1,7970),(3,14569),(4,24507),(5,4758),(9,23611),(10,33762),(14,31078),(15,30511),(16,21700),(17,19051),(18,22045),(19,32879),(21,4230),(22,7957),(23,4444),(24,25719),(25,4249),(27,7254),(28,14765),(29,23900),(32,30182),(33,25047),(34,21114),(36,1075),(38,4700),(40,24339),(41,2871),(44,8880),(47,8460),(48,20214),(49,7557),(50,25737),(54,4707),(55,1371),(57,26972),(58,30610),(60,438),(62,29983),(63,24238),(65,29861),(66,17330),(68,27776),(72,7683),(75,13437),(77,24045),(78,8120),(79,23374),(82,17917),(83,30576),(86,2099),(87,17409),(91,29656),(92,2566)]	104.602977
126	[(2,248),(4,25911),(5,2166),(7,4678),(8,13386),(10,26275),(11,565),(12,7200),(13,22407),(15,16672),(17,17780),(20,22641),(23,1428),(25,24666),(26,2588),(27,26618),(28,18532),(29,6188),(30,11537),(31,23836),(32,29882),(35,16188),(36,702),(37,25410),(39,30440),(40,11181),(41,33096),(43,24309),(45,9160),(46,403),(47,2047),(56,26171),(59,11037),(60,10745),(63,18489),(64,27609),(65,6245),(68,30066),(69,11520),(70,7017),(72,22638),(73,11370),(78,28169),(79,12036),(80,9327),(81,7449),(84,17650),(85,1139),(88,16357),(90,16757),(91,13940),(92,15776)]	100.762584
127	[(0,11483),(2,20543),(3,9305),(5,6329),(8,209),(9,19521),(11,32571),(13,25994),(16,12916),(17,19409),(19,21645),(20,11221),(23,16816),(24,24211),(25,7683),(27,13552),(29,11578),(30,12600),(31,26259),(33,20608),(34,19759),(35,16068),(38,11498),(45,15766),(48,33349),(51,32898),(53,21300),(54,24668),(56,24929),(59,25352),(63,1376),(65,5663),(69,24970),(71,1200),(72,19450),(73,15559),(79,24122),(81,3183),(87,1548),(89,15313),(92,4840)]	98.966799
128	[(1,591),(3,15259),(4,2130),(8,28389),(9,29109),(11,21952),(12,4515),(14,31014),(17,21049),(18,4358),(24,28398),(26,30897),(28,13492),(30,14052),(32,3041),(34,16162),(38,4440),(42,21358),(43,3922),(45,21131),(53,12868),(54,14829),(55,23270),(59,15653),(60,33426),(61,5810),(62,6830),(63,25866),(65,19453),(66,21571),(67,22959),(68,30930),(70,132),(71,19208),(72,6419),(73,5210),(76,2272),(78,33050),(79,29315),(80,14332),(81,31785),(82,6532),(83,28526),(85,31525),(86,20928),(87,27473),(90,369)]	114.959477
129	[(2,20853),(3,6184),(4,1785),(7,29539),(11,784),(13,22027),(15,18687),(18,18247),(20,27162),(22,9618),(24,2540),(27,24474),(28,8090),(30,6889),(33,18029),(34,1622),(35,21614),(36,15017),(37,31511),(38,18508),(39,23324),(40,11602),(43,758),(48,20054),(49,22075),(51,26411),(55,11),(57,2690),(58,32725),(59,28865),(63,7479),(64,18744),(66,1251),(69,6028),(71,19854),(73,6469),(74,8759),(75,12599),(84,8624),(85,15419),(86,32593),(89,15855),(91,18641)]	95.898236
130	[(0,13494),(2,15111),(3,27453),(8,28172),(9,32362),(10,8799),(12,24673),(13,3228),(16,1839),(17,13799),(19,12350),(20,14902),(21,13437),(25,19021),(29,5563),(30,2669),(31,12026),(33,14525),(34,27004),(36,13719),(37,25787),(38,4495),(40,3119),(41,5109),(42,33009),(45,27866),(46,22825),(47,14580),(48,32347),(50,833),(51,23125),(52,5453),(53,28839),(54,29077),(55,23406),(56,25566),(59,23425),(67,10168),(68,12790),(69,31371),(70,9971),(71,24405),(72,8700),(75,5488),(76,18527),(80,12368),(81,25278),(83,17572),(84,8117),(85,31684),(87,28942),(88,4083)]	103.481933
131	[(1,10037),(4,15326),(10,5004),(12,29581),(14,21126),(15,28308),(26,6294),(28,32767),(31,13421),(32,10948),(34,19063),(36,3262),(38,4807),(44,17133),(46,30587),(47,21886),(49,28527),(51,17019),(52,18855),(53,7583),(56,7372),(63,17786),(67,27063),(68,26622),(69,9460),(71,13268),(72,21230),(74,30456),(75,33733),(77,28890),(79,573),(80,19430),(82,20810),(83,22862),(84,21902),(85,19670),(87,14423),(88,1910),(90,32163),(92,25669)]	101.615253
132	[(1,2977),(2,8017),(3,10501),(9,19831),(10,9691),(13,20544),(16,31629),(18,9732),(20,6643),(21,6985),(23,23023),(24,29154),(25,4899),(26,25254),(29,30348),(37,21683),(39,31651),(41,3714),(42,20596),(43,32870),(46,24199),(47,11952),(48,13910),(53,24371),(54,28890),(55,9131),(56,27158),(57,7004),(58,29340),(59,32063),(62,32072),(64,31060),(66,3019),(68,21008),(71,18154),(72,10766),(73,28433),(75,1600),(76,456),(77,6678),(82,24727),(83,26252),(84,32346),(89,9579)]	98.798769
133	[(1,560),(2,27679),(3,30764),(5,10867),(10,5159),(11,32878),(13,6352),(18,22821),(20,25543),(22,13356),(23,24802),(24,11835),(26,7679),(27,15781),(28,16266),(29,19360),(31,4446),(32,10838),(33,9582),(34,25004),(37,4956),(40,3075),(42,11132),(45,10070),(46,10017),(47,4060),(49,9941),(51,3411),(52,1098),(55,3371),(58,19553),(59,33101),(60,483),(61,4607),(63,8144),(67,32883),(68,7764),(72,19478),(74,4790),(75,30383),(77,15753),(78,4629),(80,23373),(85,13982),(86,511),(92,18250)]	101.612985
134	[(1,29861),(4,32061),(5,28165),(6,8467),(7,4119),(9,22734),(10,4030),(11,23641),(13,14182),(15,21833),(16,15766),(18,1571),(19,17833),(23,26195),(26,1341),(32,10975),(34,28290),(37,24454),(42,29945),(45,6613),(47,24403),(48,29920),(49,20093),(51,4531),(54,5245),(55,29098),(56,28793),(57,21328),(59,9555),(61,18950),(64,24782),(65,24205),(67,26645),(68,21087),(73,5880),(74,14757),(76,231),(78,22662),(84,11045),(85,4844),(87,12930),(88,707),(89,30783)]	104.758930
135	[(0,3659),(2,33163),(4,14956),(7,18616),(8,7748),(13,27843),(14,33169),(16,3485),(18,30769),(19,11804),(21,3806),(22,32418),(23,32049),(25,4583),(28,28874),(29,8672),(34,5362),(35,18814),(37,435),(38,5199),(39,14280),(40,32045),(42,15986),(43,13103),(44,2019),(46,27273),(47,4825),(48,18241),(52,1801),(59,231),(62,26520),(64,1086),(65,4267),(68,9948),(69,12732),(73,28270),(74,33247),(75,13011),(77,3412),(83,12683),(84,20209),(85,25513),(86,10239),(88,21379),(89,19174),(90,17694),(91,13886)]	104.666826
136	[(0,20020),(1,23575),(3,21742),(4,19425),(7,16024),(8,13410),(9,5584),(12,16282),(14,22729),(15,20231),(16,22388),(23,22362),(25,16149),(29,15028),(30,24220),(31,8737),(32,27193),(33,30201),(34,15097),(35,23936),(39,11363),(41,12600),(45,9308),(47,15595),(48,27252),(51,23506),(54,8442),(56,11550),(57,18525),(59,29043),(60,22888),(61,24133),(62,23494),(67,24834),(68,30849),(69,12000),(70,7053),(73,13809),(74,8485),(76,11860),(77,23955),(79,16728),(80,6927),(81,25994),(84,3114),(85,8487),(87,23080),(90,301),(91,28517)]	100.350215
137	[(4,5351),(6,9152),(8,18637),(11,9577),(13,13125),(14,4336),(16,31909),(18,18256),(21,5333),(22,4027),(23,28789),(25,10084),(26,23546),(28,18760),(30,3528),(31,6965),(32,29341),(33,13325),(35,19227),(36,7019),(38,5478),(39,2579),(41,31687),(43,27205),(44,18491),(46,21606),(47,20510),(48,26226),(49,26020),(50,11422),(51,20569),(52,15892),(53,24853),(55,28742),(56,19703),(57,7932),(58,2941),(60,17319),(61,12736),(63,752),(65,5715),(66,30824),(73,14199),(75,4744),(76,16612),(77,17662),(81,14452),(83,13234),(85,10178),(90,11959),(92,32135)]	106.011561
138	[(5,28759),(6,5544),(8,5587),(10,10004),(13,15213),(16,27482),(17,27867),(19,12818),(26,23396),(27,11010),(29,7043),(30,6489),(31,22334),(32,10271),(33,30477),(38,3183),(39,16709),(40,25509),(42,14251),(43,21737),(47,17481),(48,18606),(49,26478),(50,27264),(53,19397),(55,28752),(58,20671),(60,30656),(61,32843),(62,23547),(64,4071),(65,772),(66,17417),(67,20413),(68,16828),(72,9754),(73,18502),(74,24895),(77,30582),(78,18401),(79,22903),(81,30766),(82,17790),(83,23732),(84,5911),(86,921),(87,12648),(88,6332),(89,14881),(90,5792),(91,21324)]	118.484578
139	[(0,13686),(2,31143),(5,17132),(7,32345),(11,28719),(12,15727),(17,22351),(19,7020),(20,13056),(21,28909),(22,18588),(29,29966),(40,1633),(44,29300),(45,5187),(46,2683),(47,28372),(49,29875),(50,8030),(52,10541),(55,12585),(56,17240),(58,27845),(61,29959),(64,19992),(65,29265),(66,20515),(68,29202),(71,12592),(73,12582),(75,16372),(76,20606),(78,31689),(81,29842),(82,17547),(83,6731),(85,4643),(86,135),(90,26082),(91,24467),(92,1349)]	107.943593
140	[(0,32026),(1,6539),(2,4374),(3,12203),(5,14303),(9,24317),(10,28547),(11,15414),(12,15537),(13,2638),(14,9436),(15,3594),(16,20561),(20,16494),(21,28805),(23,6905),(25,23296),(27,13466),(28,3697),(32,8100),(36,1339),(37,10832),(38,22856),(39,6955),(41,1734),(42,13957),(45,18144),(47,18774),(48,33912),(50,6096),(51,32590),(53,23818),(54,28033),(56,3521),(61,11630),(65,16642),(66,25920),(68,32596),(69,21134),(70,10699),(73,26182),(74,32721),(75,15287),(76,23455),(78,23495),(81,33693),(82,30387),(83,33140),(84,32866),(87,28380),(89,28269),(90,32983)]	98.302155
141	[(0,18801),(1,2596),(2,28017),(5,15402),(6,15795),(8,30080),(13,9863),(14,30078),(15,12256),(16,1177),(18,29016),(21,15476),(27,9776),(30,2146),(31,2301),(36,23712),(37,12741),(39,1533),(45,12512),(46,26103),(51,5639),(53,18335),(54,7002),(59,11766),(60,3157),(61,17239),(62,5346),(63,10372),(64,29224),(66,29599),(67,26330),(68,4531),(69,15161),(70,12547),(71,32691),(72,7152),(73,13180),(74,15580),(75,13813),(76,3228),(79,28933),(81,4045),(82,6791),(83,5222),(84,23562),(86,15923),(88,18274),(89,7120),(90,31691),(91,15101),(92,1658)]	100.088287
142	[(0,30879),(3,26720),(5,14841),(7,24204),(10,9265),(13,24248),(14,10004),(18,1480),(19,22953),(20,20232),(22,5127),(24,6913),(25,11480),(27,21390),(28,4880),(29,19834),(30,5015),(31,11407),(32,9879),(34,25083),(38,13690),(40,8126),(41,26168),(43,12038),(45,9588),(47,3176),(48,21028),(50,30560),(52,31703),(53,30041),(54,595),(56,31181),(57,28533),(59,6285),(60,16737),(61,30515),(63,25665),(64,10938),(65,25080),(68,10697),(70,12147),(72,12382),(73,8929),(76,31790),(77,17995),(79,23844),(80,29619),(81,29134),(82,13968),(83,12650),(86,26634),(87,29547),(88,19685),(91,28512)]	98.335799
143	[(0,17946),(1,30532),(2,15818),(5,14521),(6,5983),(7,1258),(9,2365),(10,28092),(11,21340),(12,18691),(14,7851),(18,19464),(19,22104),(20,4602),(24,21190),(25,8812),(26,11301),(27,18085),(28,30525),(30,21958),(32,32282),(34,10610),(35,22968),(36,7449),(38,5616),(39,20303),(41,2649),(43,23444),(45,20093),(46,28475),(47,7112),(48,25278),(51,24440),(53,10631),(54,13193),(57,33096),(58,15522),(59,16627),(60,2348),(62,30219),(64,31897),(65,18325),(69,24215),(70,1538),(74,30440),(75,21493),(77,12607),(79,23120),(81,13073),(83,15502),(84,23707),(85,13686),(87,3),(88,22692)]	99.016902
144	[(0,29101),(1,8943),(2,15715),(3,26434),(5,22697),(9,716),(10,2097),(13,14795),(16,26921),(17,4996),(18,1699),(20,24441),(21,1724),(23,32078),(26,26903),(31,8814),(32,20142),(33,33047),(34,17425),(35,13778),(40,23682),(41,2760),(43,2236),(44,14165),(47,12795),(48,21528),(49,16200),(50,415),(51,4430),(56,2395),(61,9751),(62,10878),(63,16431),(64,15280),(65,23407),(66,8799),(69,11026),(70,978),(71,26420),(72,25624),(75,32883),(76,18415),(78,32964),(79,15497),(81,5838),(82,6080),(87,6401),(88,1437)]	105.433105
145	[(3,1619),(4,26556),(6,12974),(7,7296),(8,20681),(9,19511),(10,20374),(11,28197),(13,23029),(14,307),(20,3255),(21,1011),(26,18726),(27,31605),(29,26825),(30,14443),(31,1399),(34,27581),(37,3245),(38,17711),(39,31272),(41,27178),(43,32750),(44,3519),(46,11470),(48,8436),(49,26184),(50,27802),(53,1881),(55,1406),(59,20743),(63,22415),(64,8227),(65,8297),(66,10196),(68,29401),(70,8148),(72,17536),(74,23082),(75,23329),(76,26853),(78,14793),(79,18735),(82,23545),(83,16751),(84,8542),(87,25423),(89,26390)]	99.131939
146	[(1,1816),(2,29694),(3,858),(5,19924),(7,848),(10,31080),(11,26821),(13,23408),(15,15131),(16,18338),(17,20830),(18,1809),(19,8077),(20,12667),(24,8571),(25,26613),(26,25839),(28,30508),(29,22650),(31,3293),(32,15697),(35,30729),(36,23177),(37,22772),(38,25992),(39,28333),(43,14713),(44,13425),(45,20564),(47,8529),(49,11204),(50,22513),(52,18834),(53,1459),(54,24708),(55,7463),(56,14125),(57,24802),(59,28124),(63,16048),(65,16744),(68,23893),(74,209),(75,26973),(76,17447),(82,27720),(83,1227),(84,19017),(85,1270),(86,13900),(88,14393),(89,27288),(92,5543)]	98.695026
147	[(0,16789),(1,21147),(2,23722),(5,4954),(6,30749),(9,25037),(10,32084),(11,30061),(12,7754),(13,20441),(15,5005),(17,19392),(18,1328),(19,28253),(22,17732),(23,30729),(24,23177),(29,32564),(32,21508),(34,29981),(36,1928),(37,9203),(38,23812),(39,20668),(40,24942),(41,26767),(43,19141),(45,21184),(46,21060),(47,31792),(49,7315),(50,6822),(52,16425),(53,25388),(56,20110),(59,11595),(61,15133),(63,2867),(64,33351),(66,6959),(69,26646),(73,23710),(77,26660),(78,8292),(79,14330),(80,11975),(82,30897),(85,17517),(91,20356)]	101.824219
148	[(5,4667),(6,30039),(7,3366),(8,20664),(9,837),(10,5773),(12,19565),(16,2880),(20,913),(24,15427),(27,9817),(28,20688),(29,28393),(32,1783),(33,2681),(34,11837),(37,22966),(38,24107),(40,28707),(45,15572),(46,27282),(48,2384),(49,4878),(50,1570),(54,27935),(59,2346),(60,14891),(61,33496),(63,11569),(68,4394),(69,32950),(72,32615),(73,14371),(74,7917),(78,22119),(79,31172),(84,186),(85,21622),(86,24583),(87,13081),(88,26122),(89,14660),(91,32270)]	112.037744
149	[(0,28983),(1,26871),(2,10354),(3,9542),(5,15861),(6,9209),(7,1142),(8,21748),(9,10732),(10,26727),(11,3919),(12,2679),(13,3494),(16,8081),(17,879),(18,3638),(20,16581),(22,21838),(25,2291),(29,32729),(32,14513),(33,7095),(35,13091),(36,10993),(40,4482),(43,31790),(48,20429),(49,7765),(50,483),(54,30619),(57,13438),(58,27645),(60,7003),(61,6973),(62,28888),(64,11759),(66,23821),(67,28758),(69,10801),(70,4756),(71,33270),(72,30037),(73,22527),(74,15990),(75,5529),(76,4838),(77,16394),(78,17903),(80,23211),(81,22157),(84,23720),(85,4509),(87,30751),(90,3587),(92,22712)]	111.710310
150	[(0,25071),(1,12030),(5,21014),(6,12094),(8,23192),(10,23864),(11,16044),(12,2289),(15,8429),(16,32339),(17,31423),(18,67),(20,31319),(23,5141),(25,573),(26,12681),(27,5345),(31,7812),(32,30683),(34,20700),(35,8417),(36,27380),(43,3322),(45,23949),(46,11996),(50,10484),(51,24764),(52,18530),(53,22326),(55,23515),(58,8939),(60,3533),(61,5473),(63,20123),(67,31080),(68,1407),(70,25188),(73,2784),(74,11587),(75,29689),(76,7226),(77,3754),(78,31296),(79,23153),(81,7567),(82,18224),(84,3068),(86,3732),(87,18677),(88,8890),(90,2278),(91,14284),(92,5426)]	102.056368
151	[(1,710),(2,3149),(4,10104),(5,23644),(7,1039),(8,6649),(9,27098),(12,902),(15,4988),(16,5569),(17,4093),(19,12365),(20,26444),(22,11500),(24,32990),(26,16015),(27,7692),(29,32440),(30,10025),(39,12634),(42,6058),(43,28324),(46,15154),(50,9980),(54,13613),(55,14501),(58,1552),(60,1979),(61,22140),(65,14893),(66,32843),(67,14923),(68,26742),(73,7063),(76,2193),(77,32521),(78,15212),(79,19224),(80,851),(82,19900),(85,26474),(89,8632)]	99.063684
152	[(0,24191),(1,32197),(2,15679),(7,20520),(9,23409),(10,31146),(22,28204),(23,5586),(26,24972),(27,15023),(29,30677),(30,17179),(37,8365),(39,18299),(40,24817),(42,2753),(44,4050),(49,29401),(51,26582),(52,8692),(54,24424),(55,2581),(56,26453),(57,8479),(58,8256),(59,26607),(62,12596),(63,6281),(64,7539),(65,23751),(66,33827),(68,28124),(71,33557),(72,26012),(73,24818),(76,4214),(79,23111),(82,27589),(84,6609),(85,33433),(88,31396),(89,21609),(90,8417),(91,27380)]	98.246800
153	[(1,3073),(2,26269),(3,27524),(4,23389),(5,26455),(6,31994),(9,13625),(10,2349),(11,22873),(13,29714),(16,6147),(18,19907),(19,15243),(23,20420),(24,6081),(25,18165),(26,9286),(27,21969),(29,9906),(32,14306),(33,33589),(34,30834),(35,12773),(36,6717),(37,14403),(39,15265),(40,13843),(42,31975),(45,21193),(46,31700),(48,1011),(50,32238),(51,15332),(55,17394),(56,13985),(57,30838),(58,16577),(59,15791),(63,5824),(65,18916),(66,28103),(70,21441),(71,29019),(73,14704),(74,32147),(75,7449),(76,5322),(77,4425),(79,23989),(80,33570),(81,8282),(82,22625),(84,1220),(85,20320),(86,27062),(87,10546),(90,25316),(91,12349)]	100.907078
154	[(4,19536),(5,10388),(6,30715),(7,2556),(10,17627),(16,9102),(18,21338),(20,26357),(26,4799),(29,15831),(33,3164),(34,10051),(35,29065),(36,7178),(42,24434),(45,31111),(47,6740),(49,6536),(52,8786),(55,20949),(56,14038),(57,10017),(58,14008),(59,16523),(60,30034),(63,26255),(65,29777),(67,9008),(68,5082),(71,20535),(74,6352),(75,32740),(76,20349),(77,8689),(81,23956),(82,16254),(83,5959),(85,8648),(89,24849),(91,22026)]	115.666780
155	[(5,7948),(8,13431),(9,13003),(10,8708),(11,9847),(12,18893),(13,17145),(15,653),(17,23350),(18,17740),(20,28954),(22,9987),(23,16000),(24,30583),(25,13618),(27,6535),(28,2430),(29,19030),(32,12055),(33,10170),(34,27581),(36,31914),(37,13487),(38,7587),(40,7215),(43,11897),(44,32780),(46,23247),(52,13308),(53,26206),(54,12369),(55,31997),(59,18523),(60,5592),(62,10085),(63,27628),(65,18696),(66,11327),(69,7803),(70,2889),(71,19610),(77,33031),(78,23825),(79,24961),(80,14884),(81,29721),(82,22898),(86,755),(90,10836),(91,14176),(92,28470)]	105.908485
156	[(0,25926),(1,2661),(5,958),(7,23062),(8,13422),(10,28865),(12,19960),(14,9584),(18,14416),(22,1688),(24,2936),(25,1355),(26,23012),(27,11687),(32,11573),(35,26512),(36,8541),(39,4553),(40,15210),(42,8664),(43,4876),(45,19920),(48,1125),(49,22658),(50,15407),(53,30533),(55,31586),(61,30198),(62,28296),(63,29711),(66,6123),(68,17997),(71,25794),(75,22627),(81,15582),(82,25585),(83,12893),(84,27240),(90,16821),(92,14893)]	101.732329
157	[(0,16966),(1,7229),(3,25955),(4,3585),(7,21606),(9,756),(13,25597),(14,2406),(15,20945),(16,29165),(17,26789),(18,27323),(19,19933),(20,32823),(23,26278),(24,32868),(28,29127),(30,30649),(31,12973),(34,25646),(36,33333),(37,8638),(39,33329),(41,32975),(43,14809),(47,5043),(48,11017),(49,2667),(50,24982),(51,6248),(54,25406),(55,5823),(59,21244),(60,32062),(61,7248),(68,26338),(69,2817),(70,19105),(72,12318),(77,31230),(82,13297),(84,5098),(87,23724),(88,33166)]	100.131367
158	[(0,32212),(3,10551),(5,19988),(6,15898),(9,14694),(12,18062),(13,23793),(14,1232),(15,22226),(16,2950),(17,20918),(19,10242),(20,13222),(21,27937),(22,20809),(23,154),(24,31535),(26,17647),(29,32649),(30,31003),(32,11488),(33,5519),(39,7151),(40,23702),(41,3314),(42,8514),(44,14265),(47,29987),(49,13447),(52,5680),(56,28355),(57,31197),(58,29240),(59,18979),(63,12981),(73,8611),(75,15218),(76,24975),(77,19890),(78,17047),(81,18781),(82,4174),(83,16452),(84,25692),(85,20174),(88,28623),(91,8214),(92,5684)]	119.231796
159	[(1,16792),(3,6800),(4,1126),(5,203),(12,13532),(13,16997),(14,22384),(17,17878),(19,31647),(21,4070),(23,31060),(24,16022),(27,24373),(28,17290),(29,21285),(31,15921),(33,13362),(34,17437),(35,21480),(38,15481),(39,13504),(42,23994),(43,3073),(46,7578),(49,16554),(54,14985),(55,23095),(57,31331),(59,4088),(60,25416),(62,667),(63,4619),(64,23335),(67,33819),(69,12465),(70,30146),(71,21472),(73,10412),(76,15185),(77,33778),(85,8176),(86,28070),(88,14469),(89,19788),(90,11769)]	107.026410
160	[(1,15679),(3,17103),(4,15561),(7,14801),(10,7023),(11,32191),(13,23012),(14,863),(15,32816),(18,20555),(20,4434),(22,19909),(23,15176),(24,9839),(26,2098),(29,16787),(31,32625),(34,19834),(36,20022),(37,25214),(39,5860),(42,22524),(43,5361),(44,32277),(46,22023),(48,32354),(51,9827),(53,6951),(57,6968),(59,13060),(60,7977),(61,33610),(62,19507),(63,22024),(66,2169),(69,14841),(72,27061),(74,13784),(75,27297),(77,17382),(78,24744),(82,6513),(83,425),(86,24167),(87,5493),(90,4586),(91,28725)]	102.076169
161	[(0,31626),(1,22305),(2,21050),(6,13758),(8,1663),(12,28055),(13,22027),(14,29153),(18,11386),(19,17510),(22,21834),(25,16984),(27,13218),(30,30209),(31,4805),(35,562),(36,33710),(39,20106),(44,14769),(46,29911),(47,18837),(49,2853),(50,30014),(51,13271),(52,29),(53,24714),(54,22230),(55,16552),(57,26845),(58,22865),(61,6254),(63,4906),(65,11424),(66,17475),(71,10209),(77,11140),(78,17574),(79,26011),(80,19213),(84,21639),(86,511),(90,15794),(91,13042),(92,4353)]	98.118554
162	[(1,7245),(3,32983),(4,6113),(10,31605),(12,25613),(13,33607),(14,21393),(15,7628),(17,11745),(18,6465),(21,3595),(24,32717),(26,8766),(28,6568),(31,24250),(32,14317),(33,9090),(34,3023),(37,3672),(40,8947),(42,6566),(45,16169),(48,1734),(49,28101),(51,2288),(52,11509),(54,22336),(55,4259),(56,25387),(57,19351),(61,25837),(62,14368),(64,19751),(70,13996),(76,9774),(78,22760),(79,17594),(80,20133),(82,25359),(84,10890),(85,19936),(87,10338),(90,9373)]	101.826326
163	[(0,12625),(1,29462),(3,27662),(6,18509),(8,10471),(13,33726),(14,12318),(21,2299),(23,13542),(24,13442),(25,8419),(26,25933),(32,11086),(33,10833),(37,28111),(38,32665),(40,24074),(44,3916),(49,25647),(53,3143),(54,33057),(57,32855),(59,3705),(60,20295),(61,17242),(63,24324),(64,29403),(65,31067),(67,17111),(69,4520),(70,30555),(72,25292),(74,3252),(75,24922),(76,9933),(77,9957),(78,25486),(79,19728),(81,29036),(82,27776),(83,8866),(85,24964),(87,30043),(89,31554)]	108.642618
164	[(1,7099),(2,13673),(3,31059),(6,9919),(7,31343),(9,23683),(10,23613),(11,485),(12,29480),(13,5767),(14,22143),(16,25261),(18,33255),(22,13909),(24,2533),(26,25788),(28,24296),(30,29928),(34,25100),(37,2543),(39,31558),(40,11243),(41,22471),(42,16813),(43,4475),(45,26702),(46,28136),(47,661),(50,30959),(51,15387),(55,2387),(56,23317),(58,11584),(60,7609),(61,22321),(62,7775),(64,29984),(70,31782),(71,28241),(72,5896),(73,4873),(74,4355),(75,8470),(76,5334),(77,19177),(78,19337),(79,27581),(81,3984),(82,7086),(83,22442),(84,10083),(85,23822),(89,19254),(91,14240),(92,11403)]	108.959486
165	[(0,4460),(2,27015),(4,18008),(7,13777),(12,10483),(15,7268),(19,30463),(20,18070),(21,183),(24,25866),(25,4079),(26,18370),(27,16856),(32,29473),(34,2061),(35,11849),(37,27450),(44,27409),(47,6883),(48,17748),(51,15531),(53,28851),(54,113),(57,13682),(59,10174),(60,12983),(63,6148),(65,14532),(67,25877),(68,7457),(69,3421),(72,20117),(77,25998),(79,14851),(81,7244),(84,16789),(87,26318),(91,18320)]	102.525746
166	[(0,19225),(1,23648),(5,6100),(7,18582),(8,6042),(9,25573),(10,23788),(11,1314),(12,10869),(14,15311),(15,30643),(24,11425),(26,324),(29,13552),(33,8141),(36,14189),(40,25268),(42,20022),(44,1188),(46,31954),(50,22471),(54,4753),(55,24511),(56,26490),(58,15434),(61,12209),(63,687),(65,32983),(68,12949),(70,29635),(71,6961),(72,31327),(73,11059),(76,18382),(77,4713),(78,33534),(79,25966),(81,12393),(82,17177),(83,5616),(86,9349),(88,4369),(89,2527),(91,26580)]	103.270249
167	[(1,371),(3,29060),(4,962),(5,6189),(6,3156),(7,5003),(8,21278),(11,13583),(16,11281),(17,19916),(18,15344),(20,19381),(22,30309),(24,6803),(25,15502),(26,6853),(27,4064),(30,3327),(35,28167),(39,12158),(40,9993),(44,17602),(46,20356),(48,26837),(51,26144),(53,29511),(54,7682),(57,5429),(58,4604),(61,27121),(64,8028),(66,28196),(68,28155),(70,9848),(72,12623),(73,31966),(74,3521),(75,7248),(76,30603),(79,15582),(80,18082),(82,22534),(84,2253),(85,11792),(86,24649),(87,32828),(88,16086),(89,22659),(90,1824)]	99.260454
168	[(0,27910),(1,3071),(2,29514),(5,21745),(6,24638),(7,30798),(9,18561),(10,8840),(11,23870),(12,30219),(14,31897),(18,24543),(19,210),(20,3040),(21,10755),(22,2316),(23,16183),(24,17128),(26,18880),(30,25084),(31,33184),(33,3759),(35,15033),(38,19006),(40,31065),(41,30931),(42,31073),(43,14736),(44,16345),(46,26490),(48,28303),(51,13556),(53,22429),(55,3230),(56,31334),(57,30461),(58,10347),(60,25152),(63,17260),(65,21501),(66,32570),(67,3650),(71,1075),(76,29409),(77,4227),(79,14017),(80,20718),(83,20808),(86,2947),(87,20329),(92,14931)]	123.974240
169	[(0,13336),(2,28851),(3,113),(5,32493),(6,29142),(7,14546),(8,4646),(9,14514),(10,3941),(12,103),(14,1777),(19,10794),(20,3028),(21,9610),(22,5691),(24,2425),(26,446),(28,25571),(31,16908),(33,12673),(34,29566),(35,10100),(38,24414),(39,14383),(41,8660),(44,2269),(46,33521),(47,24884),(49,33052),(51,3538),(52,28259),(53,18811),(55,25683),(58,29099),(60,23840),(61,22473),(62,9860),(63,11123),(64,5732),(67,22115),(69,29424),(74,4797),(75,9816),(78,3067),(79,26806),(85,7308),(86,13510),(88,18122),(90,192),(91,29912),(92,27405)]	98.577353
170	[(0,22606),(3,14748),(4,20700),(8,14464),(12,17649),(14,30794),(17,7748),(18,22793),(20,15386),(24,25588),(33,9481),(34,7826),(35,23282),(36,20395),(37,30325),(38,253),(39,15837),(42,19035),(45,16322),(46,8705),(49,1061),(50,8189),(51,24661),(52,8477),(54,2900),(55,2829),(56,13959),(60,3377),(62,18950),(65,13312),(66,15888),(68,15628),(69,16434),(71,17216),(72,7345),(73,8056),(75,2862),(76,33366),(77,4478),(78,6874),(85,28848),(90,13080),(91,11161),(92,16965)]	98.253310
171	[(1,5663),(5,16798),(6,19274),(7,20910),(8,8247),(9,13951),(11,24886),(12,522),(14,16133),(15,7856),(16,2220),(21,14954),(24,27780),(27,6374),(28,10501),(30,10551),(32,8160),(35,11082),(36,17712),(39,21881),(44,5449),(47,1643),(48,29076),(50,9600),(51,31841),(54,33899),(57,27239),(58,3193),(60,7359),(61,929),(64,27061),(68,22460),(69,28773),(73,17543),(74,2443),(76,24320),(77,13542),(78,9168),(80,29981),(82,21494),(83,21483),(84,2236),(85,7171),(86,20595),(87,25462),(89,22319),(91,9151),(92,33338)]	99.685211
172	[(0,2482),(5,5195),(9,27129),(10,12841),(11,28400),(13,23044),(14,16206),(16,23180),(20,26876),(21,2651),(24,5561),(28,19419),(30,14026),(31,27903),(32,7035),(33,5537),(38,19415),(41,16094),(46,26026),(49,25997),(50,19385),(53,5568),(56,11029),(57,7911),(58,10113),(59,33520),(60,19756),(62,5410),(64,28565),(65,15403),(66,21226),(68,13762),(69,10670),(70,19689),(71,28701),(72,16614),(73,22704),(74,17928),(75,22323),(81,4674),(83,1874),(84,14969),(85,30700),(86,22698),(87,26125),(88,6996),(89,29760)]	99.710668
173	[(4,632),(5,212),(6,10877),(8,15622),(13,24391),(14,7298),(15,8037),(17,27672),(18,15841),(20,15486),(21,28640),(23,5901),(25,24364),(26,12092),(27,31182),(28,24607),(30,21678),(31,25606),(32,21568),(34,1313),(35,11767),(36,1583),(38,24514),(39,19093),(41,12008),(42,21986),(43,24851),(44,32584),(46,16498),(47,1363),(48,10718),(49,21879),(50,1541),(51,4863),(54,15019),(57,918),(59,16418),(60,9378),(63,28319),(64,24911),(67,22863),(69,1209),(70,26951),(71,23274),(73,20256),(76,32443),(79,1238),(80,17904),(81,33926),(84,17067),(85,12966),(86,9759),(91,26036)]	111.215153
174	[(0,18581),(1,27101),(3,29490),(6,14799),(7,8570),(8,11347),(10,32659),(12,23066),(13,21959),(15,6966),(18,8749),(21,32430),(25,14357),(26,21037),(27,564),(30,1220),(32,21761),(34,33885),(38,21889),(40,3650),(42,32588),(43,29597),(44,20779),(47,6384),(49,2842),(50,4740),(52,19542),(53,12226),(54,20853),(55,25832),(56,10241),(57,1760),(58,15286),(59,21157),(61,30991),(63,2526),(67,13825),(68,33104),(69,30722),(70,4114),(71,25954),(72,7687),(73,2599),(76,27426),(77,33729),(82,28012),(83,5907),(84,17831),(85,12120),(86,4010),(88,33563),(89,29866)]	103.668366
175	[(0,10794),(1,4813),(3,12537),(6,31475),(7,2089),(13,28354),(14,29500),(15,5169),(17,16936),(19,2055),(20,32170),(21,16460),(25,19395),(28,4972),(30,28732),(31,28006),(32,27290),(33,1044),(37,12796),(39,19753),(43,21019),(45,28181),(47,4753),(48,24511),(49,27723),(50,18829),(53,24064),(54,33107),(55,1272),(56,19905),(57,27640),(59,13626),(60,7332),(69,5101),(74,29072),(75,481),(77,11778),(78,20351),(79,5115),(85,20273),(86,8084),(87,33711),(88,30162),(90,20522),(91,17728)]	102.369999
176	[(0,14708),(1,17148),(2,11102),(6,31558),(7,11243),(8,32435),(9,19070),(11,27885),(12,30399),(13,16255),(15,29585),(16,1602),(17,3058),(19,33122),(20,29083),(22,27476),(23,23409),(25,6252),(26,26919),(27,14884),(29,8902),(31,25669),(32,2208),(33,271),(36,25270),(37,26644),(38,16845),(41,26586),(43,2849),(44,28807),(46,27054),(47,2831),(49,7725),(51,12322),(52,32877),(54,17054),(57,6238),(59,26941),(60,20280),(61,17607),(62,5767),(63,2364),(64,16533),(65,21640),(67,11155),(70,30705),(71,33741),(74,200),(79,18888),(80,15135),(82,4930),(87,21402),(90,25158),(92,1850)]	102.662687
177	[(0,7129),(2,9783),(3,28151),(5,14525),(6,27004),(8,23054),(9,24772),(10,7673),(11,25625),(14,28163),(15,30579),(16,26620),(17,33628),(18,9899),(19,26050),(20,7855),(21,20071),(22,3563),(23,8032),(24,19650),(25,26),(26,17971),(27,29397),(29,21655),(32,31399),(33,28435),(34,21212),(35,3103),(36,4886),(43,4737),(44,14138),(45,24598),(47,6809),(48,20185),(49,28883),(52,9021),(55,391),(60,23809),(63,16594),(68,4340),(70,9391),(72,23982),(74,2667),(80,7818),(86,28380),(87,13347),(89,16843),(91,21294),(92,8795)]	105.246121
178	[(0,28485),(4,12513),(7,87),(9,9227),(10,33481),(11,27245),(12,18947),(13,28058),(14,26419),(16,9047),(17,29033),(19,21044),(20,4166),(21,28116),(22,1718),(24,21273),(26,6600),(29,12064),(34,26988),(37,25843),(38,7394),(39,28064),(42,4244),(43,7149),(44,31832),(45,21081),(47,2027),(49,23954),(50,21764),(54,58),(56,22300),(57,28859),(58,17096),(59,10865),(61,4114),(62,25954),(63,8558),(65,23646),(66,4308),(67,21446),(68,13968),(69,12650),(71,33769),(73,22922),(74,5565),(76,16710),(78,24618),(82,26687),(83,30708),(85,14459),(87,33003),(91,9699)]	132.518843
179	[(0,27039),(2,3780),(11,33706),(13,32643),(14,22365),(18,15534),(19,19947),(20,20834),(23,17923),(24,3307),(25,27258),(26,12640),(27,21167),(28,1716),(29,21071),(31,31284),(33,14147),(35,31875),(37,26986),(38,4628),(39,14317),(40,15629),(44,7266),(45,9768),(47,4046),(49,23742),(52,24319),(54,13783),(55,29706),(59,19614),(64,32798),(66,3024),(67,16507),(69,6115),(70,7259),(71,24777),(72,23439),(75,25065),(81,4335),(82,6301),(83,24879),(86,26307),(87,5076),(89,19983),(90,11876),(91,30791),(92,23462)]	99.259288
180	[(2,27333),(5,6661),(6,16077),(7,33534),(8,16032),(9,1587),(11,7884),(13,10631),(14,13193),(18,988),(19,25666),(21,8517),(22,2167),(23,14622),(25,21429),(27,32776),(31,29807),(32,8373),(33,2011),(34,24877),(35,24423),(36,4169),(37,33610),(38,19507),(39,5191),(40,4883),(41,29449),(42,2744),(43,26881),(45,4640),(47,17126),(50,33458),(53,27366),(54,15175),(57,18769),(61,2591),(62,27072),(65,287),(66,10862),(67,12985),(68,30744),(71,17197),(74,7660),(75,6538),(78,10367),(79,25329),(80,22209),(81,25901),(82,498),(84,24420),(87,16556),(88,22266),(89,4824),(90,20657),(91,4737),(92,22004)]	97.777342
181	[(1,1474),(2,25824),(3,10212),(4,10820),(5,1156),(7,8364),(8,289),(11,630),(12,15821),(14,28558),(15,18593),(18,23734),(20,7989),(21,15383),(22,19822),(26,29165),(27,26789),(31,11759),(34,20062),(36,11496),(37,32422),(41,21172),(43,12598),(44,3653),(47,31846),(48,13765),(49,31868),(50,30943),(51,32916),(52,3534),(53,30517),(54,11437),(55,29921),(56,11049),(57,2669),(59,16314),(60,15036),(62,30480),(66,6930),(68,32930),(71,2427),(72,29302),(73,11093),(76,11283),(79,3771),(80,28980),(81,477),(84,2123),(85,24048),(86,14064),(87,14822),(88,6231)]	102.702968
182	[(0,21466),(1,923),(3,1659),(5,6276),(6,66),(9,10157),(10,24893),(12,8255),(16,731),(18,25461),(19,33500),(20,25946),(22,28095),(23,13182),(28,2538),(29,30380),(31,26758),(32,27941),(33,30527),(34,6585),(36,20231),(38,2282),(39,33774),(44,3815),(45,30467),(49,20988),(50,9139),(51,12667),(52,16570),(53,11923),(54,1609),(56,12505),(58,4845),(61,12897),(63,10849),(66,16294),(71,6588),(73,19201),(76,27211),(78,20035),(81,3815),(90,2371),(91,18943)]	105.694462
183	[(0,11966),(1,30414),(2,11227),(4,12639),(5,31984),(7,12629),(11,8867),(13,16355),(14,13865),(15,3335),(16,2991),(20,16885),(23,24457),(25,7048),(26,4150),(28,7515),(29,17332),(32,25499),(33,26528),(34,22380),(36,9072),(37,24369),(38,2444),(39,19154),(43,3131),(44,18471),(47,18056),(48,24392),(49,3924),(52,18236),(56,11624),(57,21571),(59,26024),(60,12827),(64,456),(70,28048),(72,13995),(74,28226),(75,16880),(76,20972),(77,5209),(79,24402),(80,30067),(82,5547),(83,4392),(85,25581),(90,13309),(92,21410)]	103.587008
184	[(3,11936),(5,7803),(6,14647),(10,22373),(11,3478),(13,10322),(16,20558),(18,5225),(19,25192),(22,8698),(26,28001),(27,26947),(32,7570),(33,31698),(34,26009),(35,30754),(36,14777),(37,18938),(39,9644),(40,17534),(42,25525),(46,22289),(47,22987),(48,9128),(49,32543),(50,16077),(51,15085),(52,6977),(54,10064),(56,9425),(57,25888),(58,14773),(61,14099),(63,1209),(64,26951),(66,27592),(68,12852),(69,22151),(71,19490),(74,8778),(76,5170),(77,30275),(79,10788),(80,28315),(82,21190),(83,20198),(85,32306),(86,10932),(87,31071),(88,22081),(90,8296),(91,11888)]	100.323048
185	[(1,19077),(2,30564),(6,14984),(8,6194),(10,28366),(11,2622),(12,28379),(16,30686),(19,32249),(25,33341),(26,32663),(28,11316),(32,33778),(34,14041),(35,15243),(37,32306),(38,10932),(39,554),(40,339),(42,15203),(43,27410),(45,1067),(47,19225),(50,29103),(51,24057),(52,32111),(54,13963),(56,20466),(59,21077),(60,10525),(61,2168),(62,3633),(63,4917),(66,1957),(68,10451),(70,15986),(71,1655),(73,8257),(74,33519),(75,14206),(78,9221),(79,30957),(80,11413),(81,16664),(82,14264),(86,21814),(87,24291),(89,22804)]	233.301060
186	[(0,23326),(1,3577),(2,18213),(3,23029),(4,307),(5,26350),(6,1980),(8,1745),(9,24301),(11,25235),(15,32634),(16,21809),(18,9588),(19,14335),(20,57),(21,20701),(22,19911),(23,3341),(25,7639),(27,21809),(28,20327),(30,6735),(31,12876),(33,12287),(35,10574),(36,22332),(37,28371),(38,7593),(47,26522),(49,33124),(50,30070),(51,14323),(52,6240),(53,7721),(54,31251),(55,3583),(56,26701),(57,20172),(58,14517),(61,18077),(64,31094),(68,2513),(72,266),(73,24803),(74,8854),(76,15640),(77,15513),(80,6674),(81,20699),(82,22040),(84,15465),(86,32932),(88,8287),(89,27361),(91,11026),(92,978)]	252.658740
187	[(0,17135),(2,3086),(5,2748),(7,32317),(9,10443),(12,5696),(16,5430),(18,17246),(22,3),(23,2588),(24,3393),(26,29677),(28,24943),(29,27092),(31,4484),(32,19294),(33,5332),(35,2103),(36,7943),(38,30820),(40,9529),(41,29098),(42,10415),(43,16644),(45,31492),(47,3475),(48,5092),(49,24963),(53,14504),(54,28368),(55,26800),(56,2580),(59,5464),(63,27203),(67,27337),(69,14669),(70,10191),(71,23421),(72,3414),(73,33138),(75,24631),(76,442),(84,15180),(85,4481),(86,21382),(89,25409),(90,28871),(91,7855),(92,4662)]	224.755641
188	[(0,9620),(2,13577),(3,20213),(4,17504),(5,12375),(10,24334),(11,7714),(12,22332),(13,28371),(14,7593),(16,8153),(17,18269),(19,32908),(26,8929),(27,29342),(30,23541),(34,31876),(35,33154),(36,9112),(37,3459),(40,16645),(41,452),(42,19654),(43,15416),(44,21382),(45,21764),(50,9385),(51,14768),(52,9615),(53,14531),(54,33892),(56,23310),(61,7853),(62,3703),(63,19147),(65,2905),(66,4769),(67,32939),(70,18218),(74,31561),(76,27745),(79,27311),(83,27817),(84,11874),(86,20810),(87,22862),(90,22511),(91,22720)]	227.140495
189	[(0,7786),(1,1685),(4,10817),(5,21703),(6,33887),(8,1491),(9,29603),(10,28647),(11,16877),(12,25068),(14,12500),(17,16178),(18,20659),(21,12897),(23,10849),(24,12168),(26,3868),(28,9482),(29,19178),(30,13955),(32,30657),(34,29670),(35,12179),(36,14165),(40,5246),(41,22837),(42,7830),(43,21792),(44,26858),(47,21518),(48,7184),(49,9999),(51,15288),(52,7458),(53,7487),(55,22851),(56,1182),(57,7246),(58,32243),(59,10836),(60,6828),(61,20829),(62,33394),(71,26001),(72,22109),(74,1016),(76,30622),(77,16713),(78,19047),(79,905),(80,13259),(83,31431),(84,15055),(85,26855),(87,21077),(88,5590),(89,30046),(90,6706),(92,10725)]	211.178795
190	[(2,33591),(4,8482),(5,1968),(6,24176),(7,8773),(9,24062),(11,1139),(12,28335),(13,7066),(14,2361),(15,25791),(16,2950),(18,1943),(20,21952),(21,22062),(22,27071),(23,22939),(26,11091),(28,790),(31,9707),(32,10692),(33,28449),(34,2059),(35,18119),(37,10702),(38,24708),(40,33086),(43,10983),(46,2463),(47,20592),(48,33450),(50,1196),(51,3642),(52,30769),(53,3224),(54,16488),(55,6612),(56,13198),(57,14025),(58,4903),(59,8474),(60,18552),(61,13929),(62,22047),(63,23515),(64,27024),(65,19575),(67,1743),(68,3172),(69,16485),(72,26821),(73,25230),(74,32725),(75,28865),(78,12890),(79,26459),(81,2480),(82,16034),(83,28389),(85,27733),(86,14341),(87,31194),(89,28639),(91,3900),(92,21669)]	238.081308
191	[(0,14347),(2,72),(4,8000),(5,9636),(7,19288),(8,5627),(9,33259),(13,2243),(15,12810),(17,15651),(19,6809),(20,5270),(22,4328),(24,22708),(25,7844),(26,9411),(27,5109),(31,10281),(32,13423),(35,7827),(36,2256),(38,15819),(39,15030),(48,32181),(49,30544),(51,9618),(52,23965),(56,28601),(57,3477),(59,20557),(61,21726),(63,32865),(64,31269),(66,16204),(70,23762),(74,11314),(75,19177),(81,32870),(83,31165),(84,22306),(86,32733),(88,1645),(90,20304),(91,1435),(92,21758)]	234.332494
192	[(0,3156),(4,26182),(6,1655),(14,1889),(15,17957),(19,17851),(21,23694),(22,18555),(23,24288),(24,3189),(25,2401),(26,3430),(32,30499),(33,8905),(46,11663),(48,3243),(49,32719),(50,26373),(51,28908),(52,12099),(54,2515),(56,12191),(58,32426),(60,12110),(61,19134),(62,32693),(63,3767),(66,26941),(67,20280),(69,20662),(71,12530),(72,20142),(73,33047),(74,33758),(76,28473),(77,18246),(78,15962),(80,22384),(81,6299),(83,8805),(87,18375),(89,31283),(90,25327),(92,26347)]	232.612835
193	[(1,29341),(3,25997),(5,16451),(7,33055),(9,8348),(13,26624),(15,30244),(21,11842),(25,12864),(26,15524),(27,21484),(31,26654),(33,20714),(34,14168),(37,28295),(42,14945),(44,1057),(46,12606),(47,3125),(49,25785),(52,2489),(55,18461),(59,16602),(63,23506),(65,6382),(66,4538),(67,31777),(68,10833),(70,2019),(71,28719),(72,15727),(74,29047),(78,10397),(79,10564),(80,28644),(81,33855),(82,27898),(84,12077),(85,11901),(87,15241),(88,182),(92,24827)]	222.915774
194	[(0,13602),(1,27069),(3,14570),(5,18575),(6,7800),(8,8095),(10,9498),(12,4409),(14,1181),(15,27573),(16,587),(17,19340),(21,28131),(22,27088),(23,7770),(28,27203),(30,12147),(32,3390),(33,6087),(34,3278),(35,30563),(41,15977),(43,1747),(45,13108),(47,14905),(48,26161),(52,3733),(53,24335),(56,26554),(57,21713),(58,2922),(62,18706),(64,7455),(65,19663),(66,5383),(67,2177),(68,8749),(74,14791),(75,24256),(78,3413),(80,31222),(81,18433),(82,15692),(84,29007),(85,12560),(86,4962),(87,2180),(88,14128),(90,32257),(92,33151)]	226.899281
195	[(1,10886),(3,13645),(4,32255),(5,5372),(7,5748),(8,5397),(12,14237),(13,13014),(14,21118),(17,5237),(18,9773),(19,22102),(23,33564),(26,8508),(31,2928),(32,12073),(33,7769),(37,4136),(38,4681),(39,16634),(41,27258),(42,12640),(43,5583),(44,8846),(46,8069),(51,32380),(56,15382),(58,16519),(59,11283),(63,30015),(66,3172),(67,13509),(69,14276),(71,26186),(72,17137),(78,3639),(82,33350),(83,15303),(86,26735),(87,22063),(90,13362),(91,10139)]	234.657588
196	[(0,8755),(5,2826),(6,15134),(7,15717),(8,10753),(9,26009),(10,19189),(11,12845),(13,5724),(16,1146),(20,24176),(21,10579),(23,24358),(25,61),(26,23753),(30,27863),(31,2771),(34,9889),(35,4908),(37,11984),(38,31843),(40,20323),(41,8271),(45,2830),(47,1988),(48,13046),(50,26187),(51,14698),(53,18004),(54,16490),(56,13994),(57,26391),(58,9699),(60,9181),(61,14853),(62,4232),(63,32987),(66,12746),(71,16685),(73,3758),(75,18657),(76,13336),(80,15956),(82,10663),(83,19314),(85,27851),(86,21563),(87,33253),(88,27327),(90,16343),(91,30881),(92,13032)]	216.015677
197	[(0,3902),(1,11450),(4,17072),(5,4087),(8,12353),(12,4200),(14,7656),(19,25163),(21,6221),(23,14385),(26,409),(28,33925),(29,12261),(31,8140),(32,28842),(34,16296),(36,15235),(37,25711),(38,12532),(39,21553),(40,24828),(43,22507),(45,20960),(49,29312),(50,5525),(51,15496),(53,24383),(55,8013),(56,21187),(59,27693),(61,7223),(63,17154),(64,18377),(66,141),(67,18914),(69,25119),(70,28299),(72,11397),(73,2513),(75,30355),(76,8750),(77,9884),(79,22786),(82,12071),(86,19601),(87,3691),(89,30611),(91,14001)]	225.761433
198	[(1,12220),(2,18521),(3,22147),(4,3076),(7,16214),(10,10132),(11,19281),(12,15161),(17,4056),(18,18851),(19,14881),(22,1507),(23,25441),(24,17226),(25,4831),(35,3380),(36,30964),(40,33535),(42,33034),(43,28814),(45,3615),(46,20461),(47,5090),(48,24628),(50,15685),(52,11990),(53,25850),(55,4061),(58,32158),(61,21721),(62,1610),(64,12732),(66,31894),(67,3594),(68,28460),(69,7369),(70,3220),(71,6033),(72,31290),(73,26417),(75,30060),(77,16109),(78,12642),(83,16756),(85,25243),(86,6537),(87,24794),(88,10552),(90,8496),(91,23746),(92,4292)]	204.357337
199	[(1,12117),(4,29031),(5,14324),(6,33054),(9,20151),(11,15281),(13,8764),(14,24243),(15,24823),(16,5750),(19,31389),(21,10691),(22,5547),(23,4392),(24,9084),(25,10843),(27,31640),(28,3052),(29,21718),(30,21211),(31,21136),(32,17139),(34,3511),(35,10970),(37,31469),(41,13154),(45,1343),(49,14240),(52,14266),(55,13316),(56,17194),(57,29959),(59,20271),(60,26422),(62,33139),(63,25119),(64,28466),(65,14351),(66,23389),(67,26455),(71,31256),(72,15073),(74,17723),(77,7023),(79,27338),(81,28323),(82,14160),(84,3259),(87,15000),(88,17846),(90,26553)]	235.454008
200	[(1,4574),(2,1207),(3,19433),(4,2088),(5,10740),(7,7067),(9,16676),(13,24358),(16,22330),(17,7240),(20,23030),(21,26252),(22,31839),(25,14614),(27,7913),(28,15359),(29,25107),(30,31122),(34,24532),(35,435),(36,11404),(37,5990),(38,7228),(39,17405),(40,20908),(42,6881),(44,17781),(45,1758),(49,13900),(50,11303),(51,21365),(52,14298),(53,22774),(57,17907),(58,17767),(60,29387),(69,15588),(70,8382),(71,3902),(72,14220),(73,25508),(76,12667),(79,30829),(80,2897),(82,22166),(85,31741),(86,30643),(87,12446),(88,32104),(90,15441),(92,17955)]	205.976519
201	[(0,30168),(2,14379),(4,10950),(5,5894),(6,13292),(7,21677),(8,4871),(10,13829),(12,15595),(14,911),(15,26061),(16,12614),(19,31878),(20,13427),(22,15227),(23,28659),(24,8726),(25,11042),(27,21477),(28,14394),(29,33459),(31,9863),(32,30078),(33,13684),(34,26481),(35,31759),(42,22252),(43,22600),(51,25250),(54,28439),(55,203),(56,919),(58,26148),(63,17633),(64,29089),(65,31070),(67,33622),(68,24060),(72,563),(73,24680),(74,22377),(76,10361),(77,17610),(78,22976),(79,10640),(81,29084),(83,1219),(84,20664),(86,1361),(87,17041),(88,7915),(89,32939),(91,12908),(92,28083)]	105.471356
202	[(4,20267),(6,14633),(7,1645),(13,28687),(18,8587),(20,15391),(22,29691),(24,21811),(25,19543),(27,9669),(29,18956),(30,22881),(31,16218),(33,23262),(34,8720),(35,10481),(36,33763),(39,17894),(43,21679),(44,6420),(45,25368),(46,17706),(47,16358),(48,13786),(49,26636),(51,31059),(55,15658),(57,23106),(69,19394),(71,7029),(74,33125),(75,11184),(76,13979),(77,8297),(79,30567),(80,7509),(82,9156),(83,16681),(85,7504),(86,10681),(91,21234),(92,30241)]	104.961381
203	[(0,10705),(1,21995),(4,28762),(6,2724),(10,6529),(14,22302),(16,30058),(18,5997),(19,9929),(20,6415),(21,27426),(22,5637),(23,5669),(27,33769),(28,14412),(29,13904),(33,12962),(36,2048),(37,21880),(41,33429),(43,13948),(44,17816),(50,1517),(52,16152),(53,19753),(54,7379),(58,30345),(59,24510),(61,3293),(62,15697),(63,32228),(69,1576),(71,13893),(73,16240),(77,15154),(79,31992),(81,22387),(87,15685),(88,5748),(90,3465)]	104.629247
204	[(0,17850),(2,10116),(3,10266),(6,23476),(7,30115),(8,7581),(9,8451),(10,20978),(14,15413),(15,16950),(17,13143),(20,20900),(21,28121),(23,10502),(24,17872),(25,4372),(26,8928),(27,33066),(28,21047),(30,13466),(31,3697),(32,8367),(33,27342),(34,3490),(36,23042),(38,2298),(40,31968),(41,15198),(42,3334),(43,24688),(45,17822),(46,13577),(48,19278),(49,19096),(51,3415),(54,7784),(55,10970),(57,3987),(59,32993),(60,25437),(61,5129),(62,21959),(64,29095),(71,488),(74,25507),(76,3854),(79,23660),(80,12581),(83,10719),(84,15194),(88,393),(89,28586),(91,20486)]	101.276926
205	[(0,9487),(2,29203),(4,19196),(5,30113),(6,16805),(10,12894),(12,10658),(14,14741),(17,4344),(18,4936),(20,26096),(23,13723),(24,17869),(28,6516),(29,33209),(30,23135),(31,5576),(32,24991),(33,20599),(37,21663),(39,15439),(40,23568),(42,21339),(43,30818),(46,11644),(48,33917),(49,2081),(52,21741),(53,10478),(54,33048),(60,12598),(64,9421),(66,22025),(68,23309),(70,32049),(76,26858),(78,9808),(83,14387),(88,29903),(89,33400),(92,13164)]	123.605756
206	[(0,3715),(4,22034),(7,5514),(9,17810),(10,17816),(11,28305),(14,5050),(15,485),(17,3507),(19,6910),(20,6405),(21,28854),(25,4747),(28,28242),(29,18570),(30,27912),(31,15360),(34,28026),(35,25579),(36,12597),(37,14157),(38,8036),(40,25521),(41,23377),(43,20938),(44,11495),(46,20237),(47,32743),(48,25345),(49,11912),(51,9774),(52,173),(53,27094),(55,1244),(57,576),(58,25644),(60,19666),(63,11386),(64,30297),(69,22698),(70,26125),(71,6996),(72,29760),(74,13934),(79,31273),(80,21826),(81,33749),(82,29356),(85,5733),(86,32403),(88,24228),(91,11670)]	117.618892
207	[(1,15437),(2,6752),(3,13817),(4,11064),(5,21745),(6,24638),(7,15752),(8,18054),(12,7135),(13,7734),(14,11139),(19,11811),(20,549),(21,7498),(25,20938),(28,5156),(29,25183),(30,12928),(32,30346),(34,16787),(35,22919),(38,24594),(41,33102),(42,16282),(43,638),(47,9795),(51,10622),(52,33214),(55,5872),(59,10744),(60,26583),(61,28542),(63,33768),(64,10244),(66,2927),(67,807),(68,495),(69,21200),(70,25047),(71,21114),(72,9144),(73,22374),(74,30612),(77,3209),(78,16143),(79,31332),(81,972),(83,29009),(90,32213),(91,33251),(92,32004)]	112.221890
208	[(0,17723),(3,24699),(4,1757),(5,3816),(8,18462),(13,20231),(15,2282),(16,6647),(17,18907),(22,15288),(25,15322),(28,5760),(29,16887),(30,27959),(34,16048),(36,16744),(37,15375),(38,27400),(39,23088),(41,1612),(42,20012),(43,32697),(44,11907),(46,18563),(48,12039),(51,17541),(53,27427),(56,6207),(57,5476),(58,21601),(60,9786),(62,25555),(65,22395),(66,22390),(67,5285),(69,1809),(70,7510),(71,22651),(77,6896),(79,24364),(80,12092),(83,33390),(86,30607),(88,13794),(89,32652),(90,6108),(92,19494)]	99.669395
209	[(0,16272),(1,33713),(4,28143),(6,2523),(9,24311),(10,18066),(12,22413),(16,8479),(17,7601),(20,8918),(21,12143),(22,23922),(23,22474),(24,22803),(25,17374),(27,24233),(30,20239),(31,27323),(32,15103),(33,6896),(35,16854),(36,12224),(37,2309),(40,30099),(41,32044),(42,7326),(45,4889),(50,14786),(51,15806),(53,24440),(56,23744),(57,23553),(58,13559),(61,10400),(62,7002),(63,496),(64,266),(65,22868),(66,13775),(67,33647),(69,2067),(72,29214),(73,5515),(74,24117),(75,29524),(77,18533),(80,10786),(82,32271),(83,22173),(84,9150),(87,27454),(88,23476),(89,18131),(91,12119),(92,19807)]	101.974326
210	[(0,15433),(1,305),(2,32722),(5,22651),(7,9352),(8,9553),(9,24870),(12,14522),(13,5483),(15,991),(16,7133),(17,17109),(19,22705),(26,2670),(27,33338),(28,3663),(29,10564),(31,24257),(32,24546),(35,19581),(37,19301),(38,19794),(39,8103),(40,24698),(41,12894),(42,18508),(45,5685),(46,3324),(47,14123),(49,1836),(52,5692),(53,30985),(54,681),(55,14142),(56,6255),(57,11131),(60,3791),(61,17305),(66,4594),(67,25932),(73,29201),(77,28404),(82,32355),(83,1244),(84,7048),(85,29628),(87,11858),(88,32507),(90,221),(91,28358),(92,15769)]	126.488881
211	[(2,31666),(3,31109),(4,8989),(5,22909),(6,20440),(9,14096),(11,29730),(12,23532),(13,16119),(16,33024),(18,23062),(23,3220),(24,28560),(27,3202),(28,20063),(32,23779),(34,16734),(35,8041),(36,247),(37,11394),(40,32127),(41,27527),(43,963),(45,23377),(46,28355),(47,31197),(48,826),(49,33398),(50,24646),(51,18622),(52,23117),(54,25059),(55,6501),(56,31063),(58,30624),(59,17598),(60,14310),(61,11539),(62,26311),(65,6534),(66,24501),(67,18003),(68,12933),(69,13548),(71,13173),(74,9242),(75,19049),(76,17958),(78,32421),(79,7826),(80,16452),(81,25692),(86,1019),(90,14640)]	110.616265
212	[(5,8607),(8,23194),(9,32911),(11,21151),(13,8603),(18,27104),(19,4221),(22,32326),(23,7859),(24,15347),(26,10442),(27,5539),(28,29481),(29,13834),(35,3635),(36,3456),(39,2767),(41,6064),(43,29348),(46,14206),(49,33277),(51,13036),(54,25700),(55,30641),(58,1492),(60,10969),(62,7339),(63,16628),(64,22947),(67,7814),(68,29565),(69,20411),(70,31662),(71,13553),(72,33873),(73,16788),(76,10627),(77,21687),(79,5794),(81,19590),(82,24632),(83,27768),(85,14453),(86,4150),(88,22638),(89,11370),(90,1286),(92,15435)]	105.072545
213	[(0,14116),(2,21189),(4,3808),(5,28196),(6,29814),(7,13559),(9,26441),(10,3175),(12,3531),(13,8937),(17,6770),(18,92),(19,23202),(22,17528),(24,25675),(29,27764),(31,12321),(32,12372),(33,27127),(38,4381),(39,10196),(45,25445),(46,11979),(47,24499),(48,7742),(50,29957),(51,28460),(54,22948),(57,1669),(59,11645),(60,27233),(61,28588),(65,21650),(67,27660),(68,6984),(69,32227),(74,29508),(76,13302),(77,28489),(78,11119),(79,30448),(80,2120),(82,1661),(83,30592),(86,30321),(87,16237),(92,4869)]	96.453114
214	[(0,5748),(2,3465),(3,12029),(5,7184),(6,9999),(7,25749),(8,31006),(9,1609),(13,24075),(14,30869),(15,18465),(16,7835),(17,28199),(18,29613),(21,19014),(22,25414),(27,6521),(28,15097),(29,23936),(32,18841),(34,4165),(35,14285),(37,26326),(38,7024),(39,21852),(40,12612),(42,33092),(43,17636),(44,30653),(45,19671),(46,25943),(51,29892),(52,10057),(53,3701),(55,17462),(58,18464),(60,29603),(61,4297),(64,11802),(69,26496),(76,27909),(78,31723),(83,25590),(85,19390),(86,27105),(87,18256),(89,24448),(91,1966),(92,26291)]	104.380351
215	[(1,7667),(2,30187),(3,14824),(4,584),(6,14477),(8,23903),(9,27012),(10,32508),(12,15820),(13,12387),(14,24207),(19,2411),(22,10088),(23,25500),(26,12060),(28,9845),(29,7837),(30,18146),(31,11694),(33,2493),(34,13602),(36,14123),(45,29882),(48,22011),(49,1970),(50,18731),(52,12484),(57,283),(60,8133),(61,341),(62,2126),(63,2440),(65,30366),(67,98),(71,33868),(72,27076),(74,15450),(75,1754),(77,2826),(80,6544),(82,5514),(84,3206),(87,23347),(88,16977),(89,22162),(90,12305),(91,26214)]	97.547834
216	[(0,7924),(6,296),(7,9103),(8,22562),(12,17659),(14,25942),(20,15299),(22,9528),(23,3698),(25,24623),(26,20842),(27,6069),(28,29638),(30,31597),(31,22773),(34,5456),(36,4548),(37,11429),(39,545),(41,20601),(46,28418),(47,31006),(48,5219),(52,15977),(54,1747),(59,17410),(60,4478),(61,6874),(62,13360),(63,33757),(64,30266),(67,31315),(68,4817),(71,29639),(73,31967),(74,13811),(77,4534),(78,5435),(83,9855),(84,12189),(88,6241),(89,1574),(91,10570)]	109.859357
217	[(0,9198),(3,23476),(11,444),(15,9068),(16,21550),(17,33091),(21,416),(23,1743),(26,27968),(27,25030),(28,29075),(29,9046),(30,17964),(32,29038),(33,16269),(34,686),(38,30776),(40,15704),(42,19818),(45,31016),(48,2329),(50,26481),(52,21299),(53,28655),(55,31935),(56,22080),(57,23488),(59,28601),(60,14990),(61,25297),(62,31865),(65,17188),(66,26106),(69,21405),(70,26993),(71,7139),(72,9495),(74,252),(75,10797),(76,18394),(77,3746),(79,33385),(81,18505),(83,28777),(85,7448),(87,27994),(88,30441),(89,6727),(90,28570),(91,13299),(92,12593)]	100.677485
218	[(3,6874),(4,18814),(5,25381),(7,26110),(8,12298),(11,8102),(12,32717),(14,14621),(15,16246),(19,9549),(22,22078),(29,2041),(33,32319),(34,7796),(35,29359),(37,25372),(40,11244),(44,28602),(47,16302),(50,28889),(54,33090),(55,33042),(57,24736),(59,15630),(60,26153),(61,1521),(64,16107),(67,3324),(69,27795),(71,33732),(73,17974),(75,26333),(76,3939),(79,21046),(80,20247),(83,19028),(86,7045),(87,31205),(89,17665),(90,14424),(91,6871),(92,32054)]	96.517197
219	[(0,13944),(1,14273),(4,9798),(5,33301),(6,26778),(8,26562),(9,15050),(11,24254),(12,11463),(14,21336),(16,33050),(23,5383),(24,26030),(25,20047),(26,28963),(27,28645),(29,10840),(30,22155),(34,19962),(35,27739),(36,20625),(37,10437),(39,28982),(41,12188),(42,30235),(43,14617),(44,19862),(45,4484),(46,19294),(47,5332),(49,22597),(51,9748),(53,19095),(54,22403),(55,21300),(56,13665),(57,7764),(58,13874),(61,8236),(62,31724),(63,25018),(64,25851),(65,18883),(66,7774),(68,7642),(70,15616),(71,30704),(73,19902),(74,16151),(77,9277),(78,28501),(79,19896),(80,13459),(81,21903),(82,3469),(85,15920),(86,21098),(88,8796),(89,3972)]	98.835549
220	[(0,18415),(1,22905),(2,29336),(6,20340),(8,15875),(10,14389),(11,25006),(15,24219),(16,25576),(17,12618),(19,26846),(20,4413),(22,22246),(23,4118),(28,29367),(30,1605),(31,30714),(32,16120),(37,28692),(38,5781),(44,21180),(45,30112),(48,27777),(51,15338),(53,25713),(55,26819),(58,22991),(59,3428),(60,26816),(63,31370),(64,5329),(65,16285),(67,25030),(68,29075),(71,4568),(74,31718),(75,3415),(76,22810),(78,10566),(79,22643),(80,5141),(85,11604),(86,31358),(87,17529),(88,16482),(91,23653)]	122.525837
221	[(2,6702),(9,7253),(10,21071),(16,19696),(18,26564),(19,33508),(20,6344),(22,2814),(23,2000),(24,3200),(25,15950),(26,26164),(29,4604),(30,27679),(31,201),(33,7938),(34,10826),(38,27306),(39,3722),(40,3342),(41,7553),(42,6450),(43,28996),(48,18436),(49,14362),(50,6764),(53,6209),(54,23977),(56,23637),(58,11761),(59,23607),(61,6461),(64,3063),(65,13541),(67,7483),(69,10846),(70,24933),(71,25428),(73,18018),(75,1086),(76,2987),(83,25613),(84,33607),(86,15098),(87,13306),(88,9231),(89,28822),(90,24062)]	111.516088
222	[(1,10174),(2,25953),(3,33804),(4,1951),(5,3818),(6,32784),(7,5580),(10,27044),(11,10640),(13,28427),(14,27584),(15,2151),(16,9376),(17,10153),(20,7039),(21,28568),(26,29174),(27,222),(28,19838),(29,18239),(32,8906),(35,14651),(36,28643),(38,2461),(40,15255),(41,23399),(43,25304),(44,10901),(48,31258),(51,9334),(52,31153),(54,24042),(56,16951),(57,28023),(59,15723),(60,33804),(62,7955),(63,11974),(64,12362),(65,21821),(68,13068),(69,12521),(70,6434),(71,31904),(73,6504),(74,3818),(75,32784),(76,4235),(77,22235),(78,13947),(79,10941),(81,33879),(82,2755),(84,15645),(86,26672),(88,15886),(90,27031),(91,8622)]	101.392983
223	[(1,23918),(2,24131),(3,23890),(4,19603),(5,29621),(6,15988),(7,32005),(9,23637),(11,27789),(12,20275),(13,7975),(17,8838),(19,16777),(21,16630),(22,16520),(23,13162),(24,2499),(25,26538),(26,11247),(27,22962),(28,18501),(29,29990),(30,10737),(35,6075),(37,27555),(38,29144),(40,22616),(42,22038),(43,26981),(45,16605),(49,5635),(50,13694),(52,24026),(56,23128),(60,25118),(61,5081),(62,5479),(63,3383),(64,12048),(66,7052),(67,13899),(69,33692),(71,32335),(74,7502),(75,33525),(76,21057),(79,1481),(80,33164),(87,30624),(88,27319),(89,33694),(90,13232),(91,9891)]	102.989781
224	[(0,24396),(3,8660),(5,29574),(8,18457),(9,6707),(10,22598),(11,14443),(12,33715),(13,16906),(15,5143),(16,26459),(17,27442),(20,28342),(23,4580),(24,2108),(27,31445),(29,5807),(33,14576),(34,4020),(35,26111),(40,27065),(41,5679),(42,24687),(43,15279),(44,8201),(47,19464),(48,22104),(51,10653),(52,28650),(53,24967),(55,16435),(56,32839),(58,19531),(59,20529),(62,20176),(63,6092),(66,31786),(67,3824),(69,23807),(70,16205),(71,14603),(72,30245),(74,28016),(79,13521),(81,23446),(82,25085),(85,5416),(86,24946),(87,15089),(88,13943),(89,13698),(90,1583),(91,20576)]	102.331751
225	[(0,10634),(2,3448),(3,1501),(6,11773),(7,13094),(10,17682),(11,3850),(13,20874),(16,12245),(18,33493),(21,8693),(23,31297),(25,31608),(26,3902),(27,19732),(28,18498),(31,30339),(32,15703),(36,1625),(37,29635),(38,6961),(39,31327),(40,11059),(47,12496),(48,16528),(49,11576),(50,22681),(51,33782),(52,24570),(55,29028),(57,15235),(58,25711),(59,2345),(60,15266),(63,5714),(64,24282),(67,1991),(69,2776),(70,17430),(71,25245),(76,2832),(77,32459),(78,3238),(79,32608),(82,22114),(84,23434),(87,23105),(90,3711),(92,18785)]	98.378011
226	[(1,7426),(2,2805),(3,22748),(4,9306),(5,16932),(6,32387),(7,29872),(8,7065),(12,11403),(14,2875),(15,16918),(16,15559),(22,3027),(23,19308),(25,9160),(26,26589),(27,7747),(28,17784),(29,4714),(30,1683),(31,18046),(32,28778),(34,22673),(38,30776),(39,19136),(40,13309),(42,25989),(44,9911),(45,9290),(46,2911),(47,8427),(49,2217),(50,7040),(53,13897),(57,15504),(62,20773),(63,3052),(64,31980),(65,26039),(66,26267),(67,10227),(68,10242),(75,8196),(76,26687),(77,19790),(79,24637),(82,5120),(86,5348),(87,30772),(90,381),(91,9925)]	111.641473
227	[(0,22273),(1,20140),(2,23208),(3,3456),(4,31646),(6,32785),(7,16497),(8,771),(11,27117),(23,16647),(24,17517),(25,17675),(26,33036),(28,23860),(29,7680),(32,27059),(33,26013),(34,26502),(35,32939),(38,23574),(45,27163),(47,7341),(48,31960),(50,25007),(51,17886),(52,23506),(56,13229),(57,27133),(58,11770),(63,23518),(64,649),(67,23140),(71,25174),(72,8792),(73,730),(74,18873),(75,27145),(76,9472),(79,19221),(80,29695),(84,15920),(85,20234),(91,17352)]	107.804279
228	[(1,25132),(2,11215),(4,10312),(5,4649),(6,17505),(7,14859),(9,29436),(10,14111),(11,3250),(12,24607),(13,14792),(15,614),(17,7814),(21,11247),(22,12423),(26,5303),(29,3976),(30,13028),(32,27650),(34,27333),(35,15670),(39,21673),(40,33127),(41,26977),(47,31986),(48,11367),(49,17937),(50,13482),(51,24322),(52,12390),(54,27310),(55,6595),(56,24446),(57,17182),(60,22524),(68,14120),(69,26661),(70,2591),(71,21044),(74,16183),(77,7479),(78,26810),(79,2778),(81,20830),(82,80),(85,6949),(86,9070),(87,11146),(89,20198),(91,31825)]	96.589303
229	[(1,18292),(2,24925),(4,10015),(5,24223),(6,33162),(10,15914),(13,7676),(17,2743),(19,21386),(22,18770),(23,28375),(25,17701),(26,8636),(27,1951),(28,1201),(30,26072),(32,1194),(35,30086),(36,22152),(39,9748),(40,17126),(46,29173),(49,12779),(52,23416),(53,17855),(54,15922),(58,31605),(60,12174),(62,33427),(69,26598),(75,16919),(76,21272),(77,21093),(78,25463),(79,26391),(82,23569),(85,5398),(86,26921),(88,21465),(90,30026),(91,12610),(92,12756)]	112.460861
230	[(0,16942),(1,6153),(4,32139),(6,6162),(7,29778),(12,19306),(14,7467),(15,5365),(16,10637),(20,3621),(23,9155),(27,7099),(29,14454),(31,17266),(32,160),(33,2274),(35,30920),(38,5176),(40,19454),(42,33055),(44,8348),(45,5216),(48,18017),(52,26002),(54,13807),(55,27075),(56,12040),(59,18063),(60,19963),(61,21974),(62,31155),(63,9354),(66,14009),(68,23370),(69,2113),(70,25757),(73,9433),(75,23516),(77,29691),(80,3294),(81,10332),(85,3064),(87,16299),(88,10190),(90,32506)]	117.401601
231	[(0,6108),(2,19494),(3,18675),(6,25160),(9,21038),(10,21265),(13,9747),(15,7253),(16,16153),(17,8105),(22,20059),(24,33487),(25,19579),(26,7106),(27,17217),(30,7339),(31,29107),(33,3032),(34,20218),(35,1487),(36,24672),(37,15315),(39,32553),(41,29530),(43,27505),(44,9084),(45,14588),(46,26036),(49,3369),(51,29806),(52,2314),(53,3331),(54,26889),(55,14620),(56,24354),(58,16974),(59,31134),(61,9979),(63,31279),(64,33221),(65,33419),(66,27643),(69,5290),(70,9418),(71,515),(76,29762),(77,6865),(78,14461),(81,14786),(82,15806),(83,11245),(84,12369),(87,22052),(88,18928),(89,4065),(90,11328),(91,26143),(92,7136)]	106.953637
232	[(1,21183),(2,1450),(3,3287),(6,33230),(9,15114),(12,28991),(17,9286),(19,19573),(22,32123),(23,20192),(24,2918),(25,22186),(26,10461),(27,27475),(28,4804),(29,26121),(30,29429),(31,12839),(32,1429),(34,20313),(37,30841),(38,8056),(40,26970),(42,31913),(43,19944),(45,20776),(46,8495),(48,25784),(49,22237),(51,25303),(54,4434),(55,5628),(56,15815),(57,14151),(59,7559),(60,1605),(61,18392),(65,5614),(66,29639),(70,22295),(72,27860),(73,26715),(74,24944),(75,13030),(76,11886),(78,15353),(79,10501),(80,20973),(81,9320),(84,29649),(85,31683),(86,24847),(87,17774),(90,19475),(91,19406)]	99.077162
233	[(0,24955),(1,32443),(4,4108),(12,19288),(14,22098),(15,26446),(16,9195),(17,8942),(18,7313),(19,10946),(20,52),(21,31972),(24,1433),(28,27724),(30,32849),(32,15418),(33,2),(36,30364),(38,29028),(43,26282),(45,20716),(47,9297),(48,29349),(52,25262),(53,26629),(54,30558),(55,14179),(61,33919),(63,3724),(65,32259),(68,1251),(70,12231),(71,33548),(77,31891),(78,22660),(79,33848),(82,24060),(90,7319)]	101.863751
234	[(0,25291),(2,16982),(3,26911),(5,8462),(7,10181),(8,11021),(12,24304),(13,6324),(15,15641),(17,5128),(19,12943),(21,12293),(23,12499),(26,9069),(28,17520),(29,7662),(30,13675),(31,1498),(32,8963),(33,22942),(40,21424),(41,13986),(42,15166),(43,919),(45,2015),(46,32656),(48,6839),(49,14320),(51,12431),(53,27629),(57,32554),(59,20792),(63,15360),(65,27321),(66,5293),(67,847),(68,16367),(69,15124),(72,23652),(74,12680),(75,17919),(78,14193),(79,2432),(82,14043),(84,17927),(85,24577),(87,29650),(88,16623),(89,1953),(90,4272),(91,28691)]	101.846848
235	[(0,3535),(1,32098),(3,874),(4,29919),(8,19971),(11,5985),(13,12134),(14,12802),(15,29755),(17,7501),(19,22574),(21,1687),(24,11461),(27,7748),(28,22793),(32,8081),(36,20502),(39,13958),(44,14523),(50,6035),(55,30814),(59,4479),(61,19792),(62,6899),(63,29941),(66,10474),(68,2987),(72,19832),(73,22528),(77,11727),(80,29473),(81,7461),(82,27441),(83,9919),(85,20820),(88,31135),(89,15030),(90,19717)]	109.012172
236	[(1,30362),(3,1485),(5,32271),(6,9518),(7,21059),(8,25764),(9,32880),(10,5323),(11,30469),(13,10378),(15,6043),(16,2654),(18,18864),(19,1883),(21,19678),(22,28352),(23,23966),(24,14498),(25,3048),(26,9171),(31,2726),(33,14856),(35,7596),(37,15139),(41,24230),(43,29646),(44,6000),(45,12351),(47,2981),(49,10255),(50,3712),(54,5244),(59,16112),(62,18075),(64,3209),(66,10373),(68,12209),(70,687),(71,24978),(73,19888),(77,8524),(78,5425),(79,13526),(82,30220),(85,13333),(87,502),(89,6892),(90,23790),(91,14405)]	100.908190
237	[(0,31859),(3,13448),(4,20773),(5,13145),(8,21197),(9,20316),(10,9977),(12,25722),(15,1857),(19,457),(20,15820),(25,28029),(26,30516),(27,2173),(28,23895),(29,27172),(32,27693),(33,23451),(34,29374),(37,13181),(39,13630),(41,149),(42,3405),(43,28332),(45,22930),(46,31755),(48,10871),(49,4793),(51,31730),(52,683),(56,11811),(57,33568),(58,4254),(59,23307),(61,26456),(63,6376),(64,2899),(65,1654),(66,7152),(67,11760),(68,26152),(69,8948),(71,29468),(72,29946),(73,4357),(77,16196),(88,21956),(89,25326),(90,13347),(91,4864)]	102.924715
238	[(4,32213),(5,23017),(6,31162),(7,20133),(9,25359),(11,9173),(12,26589),(13,16989),(16,6193),(19,8649),(21,7785),(22,21303),(26,2569),(27,7067),(28,33378),(30,9434),(31,3090),(33,5663),(36,33215),(37,18528),(38,28913),(39,3649),(41,6668),(43,1927),(44,7711),(45,9036),(48,3065),(53,14608),(54,32447),(59,24633),(63,8236),(64,24541),(69,19569),(70,16670),(72,13826),(73,18025),(74,28997),(75,10106),(76,25342),(77,31329),(79,6768),(81,28885),(88,21260),(89,1705),(90,30753),(92,4044)]	100.678345
239	[(0,30632),(2,2505),(3,971),(5,27030),(7,5755),(8,30327),(10,5148),(11,18142),(12,5486),(13,14476),(14,29275),(15,31263),(17,11025),(19,181),(21,10773),(22,17897),(23,11256),(24,20719),(25,25537),(28,6247),(30,30648),(31,554),(34,31248),(36,30015),(40,18650),(42,11481),(45,14771),(46,32569),(49,9074),(53,19472),(54,311),(55,30240),(57,4262),(59,33399),(60,28915),(61,6824),(62,7045),(66,24573),(67,33637),(71,16586),(72,18963),(73,29561),(74,645),(75,23110),(76,8966),(77,20302),(79,24684),(83,27280),(84,18101),(86,5315),(87,29334),(89,17582),(92,4746)]	123.747257
240	[(0,7809),(1,23727),(4,18633),(5,8704),(6,6697),(9,25484),(10,29378),(12,29699),(14,19674),(17,10589),(18,8633),(22,32475),(24,14938),(25,13120),(28,2410),(29,2483),(30,21521),(32,8475),(33,10985),(35,4377),(36,32806),(40,3217),(41,15989),(42,15944),(43,13865),(44,24356),(45,31919),(48,19758),(49,14215),(51,19703),(52,15994),(53,6072),(55,19979),(56,2962),(57,6261),(58,23997),(60,9509),(62,14818),(63,22449),(65,20741),(66,18594),(67,31577),(69,6847),(70,15554),(77,26862),(79,24497),(83,5551),(87,19321),(89,25990),(91,17821)]	112.530606
241	[(0,18589),(1,23845),(2,18680),(7,5996),(10,3725),(12,20810),(13,22862),(17,2145),(18,2957),(20,19326),(21,26333),(22,3939),(24,5284),(25,20622),(26,12565),(29,8133),(30,341),(31,2126),(32,1909),(33,12790),(34,31371),(38,1239),(42,31498),(44,4629),(46,23373),(48,7642),(50,18833),(54,3629),(56,29433),(57,31838),(60,23818),(61,28033),(62,789),(66,9445),(68,32781),(72,8557),(75,24747),(76,7190),(77,17887),(79,10247),(80,5281),(82,619),(85,5022),(86,9811),(87,1022),(89,3262),(91,6440),(92,4051)]	103.242326
242	[(3,1830),(4,31148),(5,3776),(7,18820),(9,17396),(10,1363),(11,25801),(12,30738),(13,765),(15,10872),(16,13462),(17,4254),(18,33288),(21,13432),(22,17111),(23,8193),(24,24178),(26,28594),(31,9044),(32,3281),(35,21017),(37,9627),(40,24250),(41,14317),(42,15629),(43,16441),(44,7659),(45,12961),(47,8732),(53,15976),(54,7835),(56,15326),(58,11408),(59,28486),(63,4875),(64,30879),(66,11752),(72,8876),(76,22935),(78,29909),(80,1549),(81,31310),(83,21237),(84,14490),(88,13418),(91,21568)]	97.475570
243	[(4,20645),(6,12241),(9,14817),(15,20895),(16,16391),(17,12360),(18,32090),(21,17291),(24,1939),(28,5170),(29,31262),(30,3971),(32,22573),(33,6730),(35,9937),(36,32812),(38,24233),(41,3545),(43,7030),(45,731),(47,32638),(48,8472),(49,5077),(52,14409),(53,1811),(57,33452),(59,11532),(62,14103),(66,7070),(67,23906),(68,4091),(70,18792),(74,26877),(76,33124),(77,6641),(78,5399),(80,29071),(81,3237),(82,25743),(83,2850),(85,9887),(87,21621),(89,23804),(90,29144),(91,7380),(92,26836)]	99.632715
244	[(4,16546),(7,22428),(8,277),(9,28224),(10,7772),(12,24459),(14,10974),(16,15762),(17,27463),(18,16923),(19,18752),(22,10814),(23,33898),(25,32992),(26,19648),(28,2359),(29,17151),(34,13474),(36,10302),(37,32101),(39,30926),(43,18903),(45,32746),(47,10609),(48,728),(51,15840),(54,23891),(55,13540),(57,18054),(58,31297),(60,31608),(61,3902),(62,11450),(64,33138),(69,33357),(70,21133),(71,27030),(73,14331),(77,47),(78,8328),(79,20389),(81,14767),(82,15352),(83,59),(84,24300),(85,2552),(86,26985),(87,755)]	100.248089
245	[(0,29166),(1,5248),(4,14239),(5,20728),(7,4200),(9,7656),(11,30932),(13,30367),(14,25005),(18,6105),(21,23569),(22,11535),(23,14667),(24,32141),(25,19124),(26,29260),(27,6999),(30,14403),(32,15265),(34,19418),(35,28184),(36,1524),(41,23766),(44,16349),(45,25848),(46,27798),(47,9283),(49,17934),(51,14354),(52,6872),(55,25128),(58,19393),(59,12856),(60,27364),(63,9850),(65,30759),(66,1579),(67,16351),(68,25492),(69,4787),(70,10550),(71,25964),(72,5104),(73,29410),(74,23571),(75,14464),(77,19793),(79,29551),(80,29973),(81,29125),(83,26180),(84,19308),(87,2997),(90,22759),(91,1743),(92,3172)]	104.681754
246	[(0,32276),(2,13626),(3,20083),(4,23997),(5,13420),(7,13658),(11,30821),(13,26127),(14,22120),(15,5872),(17,19853),(22,27522),(23,3104),(24,33628),(25,3042),(26,17022),(29,20496),(31,439),(32,12447),(33,27857),(38,29537),(39,33856),(40,11243),(42,5143),(44,13091),(45,10784),(46,17231),(49,16536),(50,12237),(53,19079),(56,29236),(58,5893),(59,2339),(60,8333),(61,14617),(62,24844),(63,31421),(64,33747),(66,14211),(67,30303),(71,19771),(72,33574),(73,33883),(76,18515),(77,5872),(78,28435),(79,28422),(80,32747),(81,19670),(86,8805),(87,26369),(89,19815),(91,26663)]	102.559406
247	[(7,2927),(11,7201),(12,28879),(16,27638),(17,13224),(22,9935),(23,9347),(24,6826),(26,28663),(27,17669),(29,24038),(30,31653),(33,17549),(34,13504),(36,31538),(38,16531),(39,1311),(42,8386),(44,15730),(45,2059),(46,18119),(48,10198),(51,5246),(54,26880),(56,16273),(60,12182),(62,10754),(64,29451),(68,33504),(72,23813),(77,16089),(78,23026),(81,31415),(83,16930),(84,12098),(86,12242),(87,5454),(88,298),(89,4314),(91,19916)]	99.484169
248	[(0,25489),(1,27534),(2,22894),(3,31462),(6,27412),(9,19967),(10,18704),(11,18460),(13,30221),(15,25292),(17,3440),(18,6944),(19,5677),(20,2583),(21,4738),(23,5224),(24,7817),(25,21800),(26,25715),(28,32978),(29,33451),(32,29945),(33,31408),(34,26325),(35,25985),(37,28713),(38,27897),(42,11001),(43,22053),(46,6169),(49,5292),(50,18247),(52,8473),(53,25630),(54,9430),(55,27400),(56,23088),(57,22243),(59,12002),(60,21309),(62,579),(63,7476),(65,10901),(66,32412),(71,26436),(72,16323),(74,29579),(75,2882),(76,9608),(77,26020),(78,29915),(79,1875),(82,16866),(83,26827),(87,25158),(91,8231)]	97.282498
249	[(6,18982),(11,13139),(13,24196),(16,1218),(17,26724),(18,1847),(19,15579),(22,22325),(25,278),(28,31658),(31,24772),(32,25686),(33,25867),(35,20799),(36,14486),(39,30959),(40,16158),(41,20620),(43,5783),(46,14251),(48,17721),(49,25388),(50,20080),(55,28101),(57,30327),(58,28149),(60,18159),(61,23397),(67,28555),(68,15173),(69,32566),(71,774),(72,11355),(75,13737),(79,2418),(81,30458),(86,15490),(91,9198)]	121.250382
250	[(6,9176),(7,30071),(12,25650),(15,32508),(23,29092),(25,28393),(27,32902),(28,23733),(29,22340),(30,32842),(31,13189),(35,3605),(40,18648),(43,20526),(44,33392),(51,3805),(53,689),(54,29919),(58,30893),(60,15109),(61,10190),(67,28944),(69,15138),(70,25186),(74,15920),(77,25580),(78,9949),(79,19457),(81,12664),(82,8527),(87,5723),(89,6056),(90,3886)]	109.030370
251	[(1,27767),(3,22590),(8,28953),(10,33788),(14,1617),(15,17168),(17,3658),(18,19222),(21,6546),(23,10209),(27,5682),(28,29158),(29,3860),(30,17664),(31,32850),(34,10493),(35,15176),(38,25680),(39,12161),(40,23755),(43,21476),(46,17071),(47,21683),(49,31630),(50,31496),(52,14047),(54,31254),(57,3475),(58,27355),(60,19031),(61,19981),(63,15953),(64,11162),(66,29487),(67,23279),(68,19297),(70,5866),(71,18808),(72,28876),(74,2530),(75,29376),(77,6163),(78,25618),(79,12367),(80,734),(81,608),(83,2709),(84,33422),(85,25889),(88,30252),(90,27957)]	97.812833
252	[(0,14712),(2,9936),(4,29186),(6,9526),(16,12705),(18,27305),(19,27925),(20,29841),(21,15707),(23,23303),(24,12919),(25,390),(30,2291),(32,27016),(34,27908),(39,13139),(40,11200),(41,5048),(43,26050),(44,7855),(45,20071),(55,13444),(57,26462),(59,25428),(60,1846),(61,5559),(63,14735),(64,20077),(65,7809),(67,4970),(70,1328),(71,5784),(72,27351),(73,19197),(74,12138),(75,22275),(81,7183),(85,5670),(87,14357),(89,17483),(90,20309),(92,26282)]	103.282900
253	[(0,26053),(2,1922),(3,21264),(8,5176),(10,3974),(12,25186),(15,3903),(19,13863),(20,30791),(21,33630),(28,5875),(31,6429),(34,15590),(36,7214),(37,14444),(40,25897),(43,29181),(50,1640),(52,12896),(53,14398),(54,27477),(55,8862),(56,29693),(57,3576),(58,17132),(60,14367),(61,9681),(70,16365),(71,29195),(73,23512),(74,31604),(75,17033),(76,31705),(79,18277),(80,14872),(81,24504),(82,4159),(89,28972),(91,17037),(92,24692)]	98.248899
254	[(0,19688),(1,33919),(4,4950),(5,24103),(6,1679),(8,11553),(10,28203),(11,11248),(12,17965),(13,17327),(18,31480),(19,16240),(21,28440),(22,11789),(23,30594),(26,6125),(29,12605),(30,6170),(31,7044),(34,18865),(35,7224),(36,26377),(40,13016),(41,24426),(42,963),(45,24127),(48,30421),(49,6433),(50,6229),(52,33837),(53,25533),(54,17566),(56,20523),(58,13266),(65,12199),(66,9123),(68,11258),(71,2948),(72,13470),(74,12587),(75,10716),(76,10835),(80,20270),(82,24043),(84,10162),(85,2475),(87,13218),(89,19129),(90,2218),(92,33053)]	109.283160
255	[(2,26986),(3,32353),(4,1332),(5,2274),(6,1985),(8,10635),(9,71),(14,17521),(15,104),(17,14190),(18,12433),(19,17924),(20,16695),(23,33891),(25,15951),(26,6817),(28,15542),(30,24574),(32,4376),(33,19550),(34,26844),(36,31347),(37,12812),(38,24370),(39,29766),(41,26172),(42,23077),(46,17187),(53,4512),(54,27328),(55,19833),(56,4056),(57,2466),(58,15264),(60,2955),(62,22792),(65,19715),(67,3906),(71,33856),(73,18853),(75,22938),(78,14798),(79,711),(80,29985),(83,20053),(84,24385),(86,22246),(90,8924)]	97.851113
256	[(1,15655),(4,9103),(6,11031),(8,15896),(9,16190),(10,26165),(11,2367),(12,22079),(14,9612),(15,17809),(16,31836),(18,9979),(19,29611),(20,19527),(22,27337),(24,14669),(29,12361),(30,11115),(32,14004),(34,15240),(35,15923),(40,33536),(41,18217),(42,16947),(43,21500),(44,17187),(45,31683),(47,28380),(50,5100),(54,13464),(56,30668),(57,4587),(59,33667),(60,17980),(61,12116),(62,20738),(63,22384),(66,28158),(70,9770),(72,26320),(73,29710),(74,11367),(76,3620),(77,27807),(81,8576),(83,4225),(85,24058),(86,20568),(90,32081),(91,29654),(92,22379)]	100.806447
257	[(1,29110),(2,16855),(3,32672),(6,15588),(7,16937),(10,11079),(12,4133),(15,2898),(17,4203),(18,6960),(20,13405),(21,5053),(23,20860),(25,4951),(26,19210),(27,20025),(29,23072),(31,20354),(34,18416),(37,17960),(39,22024),(43,3446),(50,9726),(52,8452),(54,17752),(55,19970),(57,25617),(58,27650),(61,18948),(62,23484),(66,9353),(72,22975),(74,3566),(76,538),(81,16663),(82,836),(84,2368),(87,15202),(90,33021),(91,28406)]	96.673166
258	[(1,21693),(2,3485),(3,1956),(5,10866),(6,10334),(7,4380),(10,32002),(11,28618),(12,33125),(15,18459),(16,8582),(18,1489),(19,13617),(21,9004),(24,6795),(26,11860),(27,15057),(29,33406),(32,11285),(34,4096),(36,11995),(38,10092),(41,11864),(44,11583),(50,11852),(52,29332),(54,22787),(57,23777),(62,10587),(63,1853),(64,3740),(65,10229),(66,32817),(68,26685),(70,17832),(72,9189),(73,28109),(74,15165),(81,2926),(84,204),(85,21567),(92,23840)]	98.373366
259	[(1,19015),(2,13649),(3,25045),(5,8788),(6,23760),(8,6805),(10,25233),(16,12344),(18,6937),(19,19433),(20,2088),(23,19967),(28,12256),(31,33199),(34,27353),(37,23807),(38,339),(40,2446),(42,3944),(43,22434),(46,12627),(47,23490),(48,19209),(50,7911),(52,1252),(53,809),(56,25364),(60,5825),(61,23750),(62,79),(63,4225),(64,13003),(65,8708),(66,9847),(67,24059),(69,1037),(70,8248),(71,17180),(72,15506),(76,233),(77,32218),(81,4357),(83,17892),(84,27363),(85,27179),(86,7908),(87,20553),(88,13728),(91,6165),(92,24471)]	121.725589
260	[(1,24159),(2,5357),(3,31251),(4,3583),(7,10223),(8,20496),(9,22136),(12,25316),(13,3916),(15,619),(17,32471),(18,30484),(19,20967),(21,18836),(22,5237),(23,9773),(26,29477),(27,14710),(28,5353),(29,17287),(30,26125),(32,961),(33,15167),(34,9243),(37,4316),(38,21064),(41,23860),(46,686),(50,5208),(51,20277),(52,16800),(53,1472),(54,27126),(57,17574),(58,27483),(61,7230),(63,32845),(64,16510),(69,10754),(71,29451),(73,8465),(74,1742),(75,20867),(76,4644),(79,24255),(80,16448),(82,29450),(83,2308),(84,6031),(85,22184),(89,23977)]	102.415947
261	[(6,28014),(8,29448),(9,1174),(11,351),(12,8226),(13,374),(14,1411),(16,33596),(17,5383),(19,18496),(22,13505),(23,24259),(24,14224),(26,16024),(27,29230),(28,10871),(29,32190),(34,32807),(35,7507),(37,32233),(39,17945),(40,33407),(42,10817),(43,11275),(49,33591),(54,12493),(55,10257),(56,23328),(57,32880),(58,17497),(60,14423),(62,11928),(63,32439),(67,3588),(69,11300),(70,9555),(72,18950),(76,10572),(78,20268),(81,25809),(82,30311),(84,27873),(85,33800),(87,14949),(89,278)]	96.659392
262	[(2,25721),(4,19692),(6,3373),(7,26433),(8,16448),(9,7522),(12,3305),(14,21012),(18,33701),(20,9117),(21,7493),(22,25477),(24,31524),(25,4630),(26,5797),(35,30661),(38,19525),(47,3499),(48,22655),(49,1725),(54,21903),(55,4596),(57,9279),(59,4636),(60,5737),(61,33132),(62,27845),(64,16654),(65,14639),(68,31702),(70,22520),(71,32535),(74,12706),(75,4281),(77,5527),(79,8598),(81,24961),(85,598),(86,33861),(91,19788),(92,11769)]	99.459623
263	[(2,21697),(3,22861),(4,12881),(7,26825),(10,2691),(11,27297),(14,31999),(15,10824),(16,23274),(19,13414),(22,18473),(24,14844),(25,5877),(26,25219),(27,32092),(28,30509),(29,12173),(32,4056),(33,2466),(34,28407),(36,2422),(44,2830),(47,17907),(49,15314),(50,374),(52,4121),(54,12280),(55,5405),(56,17531),(57,24981),(58,29577),(59,31872),(61,21042),(62,3920),(68,29118),(72,21052),(73,9191),(75,29518),(76,2783),(79,9644),(83,9056),(85,26185),(86,15469),(88,27850),(89,29711),(91,20437),(92,22083)]	95.797434
264	[(3,10983),(5,23810),(6,24192),(7,14098),(9,4501),(10,19413),(12,3557),(15,11391),(16,3468),(17,30908),(18,4888),(19,26557),(20,25840),(21,8018),(24,21284),(26,12800),(28,5384),(29,31641),(30,15899),(31,24384),(35,14989),(36,22124),(39,10552),(40,16359),(41,18541),(44,8019),(47,22814),(49,27100),(50,32147),(52,29293),(54,20499),(56,29377),(59,2169),(60,5739),(61,10697),(62,10573),(63,25510),(64,17901),(69,25584),(70,20817),(73,17789),(74,6073),(76,30382),(77,31479),(78,19675),(81,12104),(86,13363),(87,33691),(88,7077),(89,30255),(92,2046)]	106.657140
265	[(1,2781),(2,18608),(4,15862),(7,6470),(8,4952),(13,22706),(14,17614),(15,8216),(16,27183),(23,11045),(26,7281),(30,32452),(31,4470),(33,7907),(34,33551),(35,14506),(38,7455),(39,19663),(40,5383),(41,2177),(42,8286),(43,4040),(44,7801),(46,31861),(47,2343),(48,22679),(51,12127),(52,28545),(53,12340),(54,5797),(55,22357),(56,11748),(59,16834),(60,31292),(63,21091),(65,10108),(67,15621),(70,29229),(71,13831),(73,20150),(75,13634),(78,24226),(84,16719),(86,20601),(87,3898),(92,30305)]	106.651556
266	[(1,32355),(4,13699),(6,2859),(10,5431),(12,25526),(13,28016),(15,8966),(18,19262),(21,26218),(22,4598),(23,30206),(24,22965),(29,4688),(30,30254),(31,19215),(37,2286),(38,32041),(39,23292),(40,20413),(43,29666),(44,22243),(46,28376),(48,19902),(50,4059),(51,32107),(53,4915),(54,7744),(55,27202),(56,8845),(57,510),(63,31508),(64,24298),(66,23696),(68,14100),(69,17193),(73,23731),(74,90),(76,2730),(79,8096),(80,21686),(81,28153),(82,18079),(84,25326),(87,25398),(88,32967),(89,20571),(90,32176),(91,2926),(92,5299)]	105.196809
267	[(2,11273),(3,23732),(4,16792),(5,11113),(8,30650),(11,19118),(18,7432),(20,14653),(21,31791),(22,8770),(25,9121),(27,22144),(31,22940),(33,8052),(34,22864),(35,17123),(36,20990),(39,22366),(43,11556),(44,28415),(45,20189),(46,9486),(49,12432),(51,13734),(52,29960),(54,14465),(56,4309),(58,22012),(59,33736),(60,855),(62,4172),(64,6966),(66,29934),(67,4706),(68,10428),(73,26531),(75,5762),(76,6532),(77,28526),(79,33698),(81,23923),(84,18587),(86,14649),(92,28093)]	106.911602
268	[(0,192),(2,194),(6,24009),(8,2781),(9,15057),(13,21518),(14,7184),(15,8623),(17,28943),(19,5746),(24,11740),(30,22300),(32,29897),(35,10386),(37,18404),(40,17460),(41,24758),(42,21801),(43,8557),(45,20704),(47,13878),(49,21705),(53,32424),(54,28906),(55,5713),(56,25533),(57,17566),(59,18885),(61,26037),(64,28167),(65,23901),(66,27296),(67,26596),(68,13574),(71,2025),(72,13890),(74,16289),(76,32256),(77,25547),(80,23252),(81,23759),(82,32135),(85,29898),(89,406),(92,26622)]	103.356570
269	[(1,6478),(3,2042),(6,19316),(7,23016),(8,25124),(12,21005),(13,8668),(14,14110),(15,27855),(20,29456),(22,8666),(23,31703),(24,30041),(25,595),(26,13102),(27,1956),(28,13815),(30,2840),(32,22227),(33,26894),(34,17446),(35,20931),(39,13920),(41,24497),(43,13760),(45,52),(48,13102),(49,17908),(50,16956),(51,15758),(52,6388),(53,11730),(54,1751),(55,6815),(56,22292),(58,7492),(59,6574),(61,13683),(62,26754),(63,10855),(65,27585),(66,14473),(67,15193),(68,10496),(70,24621),(71,12722),(72,29790),(77,16916),(82,20496),(84,11315),(86,4979),(87,21714),(89,3499),(91,26177),(92,11568)]	145.304578
270	[(3,31939),(4,19025),(5,237),(8,10096),(11,10062),(12,18935),(14,8878),(15,28075),(21,24579),(22,14530),(25,10395),(27,10373),(28,28173),(30,22945),(31,15325),(32,27985),(33,6796),(34,20605),(36,14774),(37,27574),(39,26475),(41,13578),(45,17012),(46,15850),(47,21407),(48,15664),(49,19684),(53,5351),(55,1779),(64,6833),(65,19574),(68,13907),(74,17460),(75,17084),(79,1411),(80,14973),(81,23207),(82,19136),(83,31244),(84,9037),(85,33703),(88,32886),(89,31916),(92,21262)]	105.926503
271	[(0,33561),(1,7498),(2,3928),(3,13244),(4,26341),(5,11100),(6,10007),(7,28377),(8,26697),(9,4714),(10,1683),(11,18574),(12,3208),(13,22266),(14,4824),(15,26023),(16,32551),(17,32388),(18,10932),(19,23828),(21,10263),(22,314),(23,7769),(24,17229),(29,1911),(30,22547),(31,29124),(35,2423),(36,31319),(37,28486),(45,26742),(46,1000),(47,11747),(48,27954),(49,21410),(51,33557),(52,25311),(56,14027),(58,22513),(59,20077),(60,20182),(61,26179),(63,16878),(69,33791),(70,17183),(71,25076),(72,16719),(73,14951),(76,9429),(78,18001),(79,3444),(81,20966),(83,23029),(84,307),(87,11808),(88,18219),(89,7427),(90,6407)]	109.608007
272	[(1,3415),(2,6385),(3,24749),(4,4796),(6,12625),(7,2348),(8,7636),(13,29395),(15,23671),(17,2320),(18,10503),(20,33844),(22,3081),(23,26766),(24,6998),(27,20070),(29,25385),(30,22878),(31,23437),(33,2080),(34,1513),(35,26377),(36,14140),(37,12846),(38,11915),(39,25771),(41,18663),(44,4195),(47,16893),(48,16972),(51,29689),(52,20930),(54,5552),(56,6169),(59,11932),(60,11499),(66,16836),(68,29221),(70,18251),(71,12241),(75,13851),(77,10997),(78,2565),(80,467),(82,23767),(84,21755),(86,23059),(88,22173),(92,15669)]	99.986062
273	[(3,19459),(5,22753),(7,30929),(9,31517),(12,14180),(13,14865),(14,30286),(15,32715),(16,26518),(17,27726),(18,19866),(21,5208),(23,12574),(24,18636),(25,33551),(27,292),(29,17344),(30,8972),(31,8818),(32,2278),(33,14284),(34,22360),(35,1377),(39,913),(40,24073),(42,9101),(43,9659),(45,24872),(49,17004),(52,6139),(55,9980),(57,18759),(59,17256),(60,32636),(61,29187),(64,8281),(67,19468),(69,9123),(75,15576),(76,18976),(77,22568),(79,32537),(80,20684),(81,19463),(82,7457),(83,18572),(88,9392)]	115.721384
274	[(0,9618),(2,32735),(5,28957),(6,21968),(8,1716),(9,22531),(11,18483),(12,22960),(13,886),(14,2643),(16,13814),(18,33343),(23,15456),(25,13101),(26,11299),(27,23868),(28,453),(29,25102),(30,21690),(35,1617),(36,17168),(38,3658),(39,29190),(41,31249),(42,3570),(43,9508),(46,7136),(47,17832),(52,30504),(54,7913),(55,15359),(57,23793),(58,1232),(59,22226),(60,2950),(61,20918),(65,10298),(66,20593),(68,9925),(69,33631),(71,33503),(74,25741),(76,9201),(77,1874),(78,33356),(79,32150),(80,14707),(81,30662),(82,22487),(84,19850),(87,30371),(88,19767),(89,19988),(90,15898),(91,26897)]	107.442610
275	[(0,8721),(1,11561),(2,33683),(5,13606),(6,19350),(10,28292),(11,17583),(17,22768),(18,18148),(19,16482),(22,6572),(23,4879),(24,12739),(28,230),(30,20114),(32,25128),(35,32839),(37,1984),(43,14418),(46,7524),(47,32531),(51,4306),(52,4743),(54,33006),(55,28374),(56,20348),(57,12575),(60,16275),(64,7163),(67,15096),(70,9499),(73,30025),(75,2306),(78,11985),(81,10701),(85,15212),(86,5267),(87,794),(88,1803),(92,11378)]	106.476525
276	[(0,13774),(1,33773),(2,22271),(3,5042),(5,14322),(7,1905),(10,4877),(11,31386),(14,7836),(15,27938),(16,26422),(18,33139),(20,14915),(24,29206),(26,28262),(27,3218),(29,1261),(30,8424),(31,27919),(32,3894),(33,5466),(43,21078),(44,23854),(46,33816),(47,16583),(48,30573),(52,18263),(53,26602),(54,25736),(60,6247),(65,23894),(66,30793),(67,11676),(68,10290),(74,24246),(76,2597),(80,28970),(81,28499),(83,12516),(84,32506),(86,5783),(87,14642),(89,17348),(90,33226)]	100.951921
277	[(1,2537),(2,22371),(3,10615),(6,29259),(7,14721),(8,21230),(10,28692),(11,5781),(13,31439),(16,31628),(18,19124),(22,1406),(25,16076),(27,26513),(28,4004),(30,28119),(32,9754),(41,3141),(45,30406),(47,18462),(49,33667),(50,27983),(51,24838),(54,28661),(55,15534),(56,19947),(57,7305),(58,25109),(60,15504),(61,899),(62,4521),(63,20432),(64,26989),(69,20210),(70,23863),(71,25152),(73,6084),(75,23098),(76,16579),(78,7803),(79,21290),(82,7660),(83,6538),(85,15860),(87,3029),(88,23677),(89,28642),(90,11053),(92,24212)]	112.230892
278	[(0,15924),(1,25012),(2,26080),(3,32821),(4,14715),(5,7783),(6,28578),(12,5421),(16,25536),(19,6511),(21,586),(22,10399),(24,21919),(26,26561),(28,2971),(29,33772),(31,14938),(32,13120),(34,29113),(36,18826),(38,8503),(40,29740),(43,8645),(47,33669),(49,5784),(50,31655),(53,6590),(54,14011),(55,709),(57,21799),(61,1604),(64,32411),(65,22988),(69,26735),(70,22063),(75,29309),(78,10091),(80,6092),(81,29158),(82,3860),(83,11025),(85,30343),(86,5538),(87,11443),(88,16649),(89,13964),(91,18302),(92,17058)]	195.864591
279	[(0,3709),(1,18372),(3,22959),(4,6951),(6,29000),(7,11926),(8,20051),(12,6957),(13,25140),(15,28602),(17,366),(18,15259),(19,604),(20,19712),(21,4539),(23,23529),(24,26599),(25,27325),(26,5427),(29,8348),(30,5216),(32,6150),(33,19951),(35,7007),(36,20431),(37,7870),(39,8353),(43,13709),(47,32244),(50,5514),(51,27866),(52,11834),(54,18547),(56,1847),(57,15579),(58,1619),(61,714),(62,782),(64,22469),(65,6862),(67,11483),(69,13434),(70,8317),(74,30758),(75,32045),(78,33204),(79,7703),(80,8074),(81,21920),(82,14933),(83,3708),(84,17365),(85,21266),(87,7219),(88,12440),(91,16338)]	146.082935
280	[(0,10557),(1,24311),(2,18066),(4,7114),(5,27249),(8,26880),(9,14205),(11,12898),(17,142),(19,12177),(20,25281),(21,30876),(24,31709),(26,13802),(27,24506),(28,7948),(32,25564),(33,6901),(34,21101),(35,7696),(38,22545),(41,32262),(42,44),(47,23453),(48,23733),(49,4645),(53,27498),(55,10883),(56,21310),(57,4266),(62,21641),(63,2036),(66,24475),(67,24872),(69,28668),(70,26874),(73,16434),(74,31888),(77,11967),(79,4344),(80,4936),(81,31537),(82,10519),(84,28786),(85,10072),(88,15688),(89,33175)]	133.335839
281	[(2,10154),(4,16775),(6,19591),(12,27873),(13,17176),(16,11714),(17,4747),(21,14143),(22,11485),(23,11536),(25,8438),(26,14530),(28,3649),(32,3689),(36,7304),(37,32181),(38,23137),(40,32163),(44,31462),(45,13085),(46,16487),(48,21161),(49,19220),(50,15832),(51,13691),(54,12285),(55,936),(56,24120),(58,1135),(61,25326),(65,23077),(66,19864),(71,20418),(78,28968),(79,16023),(80,21840),(81,20267),(82,24029),(84,17772),(86,16438),(88,28734),(89,5457),(91,11174)]	168.068388
282	[(2,6977),(4,2987),(7,7299),(11,11147),(12,14163),(13,3182),(14,23364),(16,22444),(19,10202),(22,7041),(23,21054),(25,8828),(28,23157),(30,32387),(32,3268),(34,12010),(35,1366),(37,573),(38,33870),(39,21693),(40,16581),(41,15478),(42,20235),(45,10400),(46,7002),(47,9779),(54,31123),(56,1033),(57,4577),(58,26276),(60,20319),(61,15919),(64,14463),(65,10029),(66,14912),(67,3237),(69,4263),(70,11960),(71,6120),(73,8280),(74,10647),(75,10595),(79,8406),(81,25907),(82,17979),(83,4470),(86,28933),(87,26949),(88,31529),(89,6112),(90,9478),(92,2076)]	188.304896
283	[(0,8793),(2,20208),(4,20392),(8,4903),(12,1592),(14,6888),(17,28668),(18,26874),(22,710),(23,3149),(25,28771),(27,16245),(29,3284),(30,4450),(31,14849),(32,24437),(33,33494),(34,8126),(35,26168),(41,16268),(43,22133),(44,23516),(48,23839),(49,6761),(51,14725),(52,3553),(53,18187),(54,8264),(55,6934),(56,22516),(57,8892),(58,12873),(59,31359),(60,14372),(68,26973),(71,22326),(72,1064),(73,33506),(74,15206),(75,28667),(76,4176),(79,29599),(80,26330),(81,4531),(82,7497),(84,1759),(86,12928),(87,19840),(89,15313),(92,9064)]	169.825214
284	[(2,31597),(3,32510),(4,17383),(5,11118),(6,19990),(7,16915),(9,13210),(10,17714),(11,4505),(12,18612),(13,15791),(14,2319),(16,31196),(20,9921),(21,31285),(24,10517),(27,11009),(28,33179),(30,33078),(31,1726),(32,4103),(33,23696),(35,3643),(36,31410),(37,12362),(38,29662),(39,12856),(40,31920),(41,4068),(42,27123),(43,4494),(45,32099),(46,32237),(47,31533),(48,33411),(49,22051),(51,26162),(52,5275),(55,25264),(56,11878),(58,8345),(60,3705),(61,20295),(64,2926),(65,5299),(68,15323),(70,21813),(71,9739),(72,29425),(73,16846),(74,23781),(76,2661),(81,12656),(85,6089),(87,3702),(88,8595),(91,22154)]	252.602463
285	[(3,14124),(6,10353),(7,8231),(9,25175),(10,33192),(11,3914),(12,5327),(13,18450),(14,11277),(15,22658),(17,5436),(18,25766),(19,9055),(23,28496),(24,5801),(26,8388),(27,7530),(29,6909),(30,23013),(33,15181),(35,23050),(36,3987),(38,28093),(40,10213),(45,6805),(46,1952),(47,26527),(52,20594),(53,30132),(54,28129),(58,8517),(59,10112),(63,16036),(64,8407),(66,26965),(67,12534),(69,25694),(71,16830),(76,32728),(77,33168),(78,21380),(79,23479),(82,30715),(86,30820),(87,15474),(88,13693)]	221.209464
286	[(0,185),(2,31515),(6,32781),(10,8557),(15,9101),(19,11084),(21,14309),(23,31757),(25,29893),(26,32175),(29,2547),(32,19389),(33,26698),(35,2818),(36,31203),(37,21263),(43,30745),(45,33490),(46,33072),(48,5859),(54,25633),(55,367),(57,25541),(60,24763),(63,25549),(64,6482),(65,5094),(67,25316),(68,12349),(69,28758),(70,32947),(72,25154),(75,18037),(77,461),(83,11405),(84,15528),(87,15520),(90,9396)]	202.835743
287	[(6,28286),(7,15459),(10,16936),(12,2055),(13,309),(14,26398),(15,7047),(16,23420),(17,16789),(19,21359),(20,25190),(21,11342),(26,14642),(30,4013),(33,109),(36,15139),(42,27673),(43,20475),(44,407),(46,15046),(48,7135),(49,32305),(50,10679),(51,10522),(52,20258),(54,16190),(55,27055),(56,21372),(57,16081),(61,33218),(63,23995),(65,32938),(68,3362),(71,30835),(72,21605),(73,1791),(77,9683),(80,21000),(82,14093),(83,31880),(86,7867),(87,13785),(88,32723),(89,3423),(90,29023)]	242.560335
288	[(0,4086),(1,1327),(5,13060),(6,7977),(7,10981),(8,22571),(10,31896),(11,6863),(13,14813),(15,25310),(17,24707),(18,2431),(21,7247),(23,2603),(30,21646),(32,24442),(34,31499),(36,12386),(38,24594),(41,24292),(44,30487),(47,19100),(49,17628),(51,24938),(52,18371),(53,2076),(54,15030),(55,32437),(56,10349),(57,21152),(59,18230),(63,6849),(64,19633),(69,9355),(72,14304),(74,12442),(75,31361),(76,24017),(78,19204),(81,1386),(83,25888),(84,27839),(85,21882),(90,14041),(91,15243)]	453.148210
289	[(0,17426),(2,22599),(5,3411),(6,27730),(8,24761),(9,17642),(10,17724),(12,25501),(13,3800),(14,29926),(19,23708),(22,28995),(24,1508),(28,2913),(31,6293),(32,600),(35,32705),(36,31028),(38,19100),(39,4283),(40,6658),(44,30135),(47,24395),(49,31770),(50,10041),(52,5790),(54,15236),(55,21204),(56,6040),(57,5457),(58,6074),(59,10567),(60,22997),(61,21573),(63,20673),(64,24095),(66,1498),(67,7801),(69,22397),(71,12266),(74,8533),(75,12615),(76,20212),(84,5109),(85,33009),(86,16125),(88,23310),(89,23122),(90,31759),(92,6604)]	358.453932
290	[(0,1804),(2,27761),(4,12367),(5,734),(8,4112),(9,6349),(12,17026),(15,1217),(17,10934),(18,11391),(19,31953),(21,8755),(29,29387),(30,3076),(33,22187),(34,7941),(35,1551),(36,5728),(38,32686),(40,6094),(44,7748),(45,26042),(47,7791),(51,31360),(52,1613),(56,6224),(57,12801),(58,29829),(61,20464),(63,26774),(65,5154),(66,73),(67,21910),(69,17644),(71,13869),(74,17077),(75,147),(76,5323),(77,30469),(78,16499),(80,14678),(87,15924),(88,2343),(89,21456),(92,2017)]	482.046507
291	[(0,20837),(1,28498),(2,12198),(4,15999),(5,22972),(7,15329),(9,18591),(11,4991),(12,8981),(14,22672),(16,4383),(18,23895),(20,17814),(22,8904),(23,19384),(25,5015),(27,20153),(29,28148),(35,18141),(37,18823),(38,7908),(39,9553),(40,15047),(44,6879),(45,29656),(49,3366),(50,20664),(54,19842),(56,31806),(57,19887),(58,15600),(60,6346),(61,7562),(62,10847),(63,18153),(65,14590),(67,27964),(68,30921),(69,12797),(70,6823),(72,30821),(74,6567),(76,33249),(77,24871),(78,647),(79,32108),(82,29716),(85,8190),(86,17538),(89,660)]	412.487715
292	[(0,8799),(1,21784),(5,5042),(9,3944),(10,8991),(17,3831),(23,19897),(26,30530),(29,4804),(30,26121),(32,3693),(34,10599),(36,21828),(38,16991),(40,1092),(41,4723),(42,29155),(43,19154),(44,13827),(47,19800),(49,31599),(50,7422),(52,17922),(54,17840),(55,16313),(58,26606),(60,24833),(61,761),(62,24106),(63,17111),(64,1871),(66,23671),(68,1754),(69,2145),(70,19664),(71,9440),(74,29939),(78,4354),(81,18503),(85,19863),(86,24953),(90,20345)]	449.644722
293	[(2,28947),(3,22212),(4,24645),(6,25353),(7,4219),(8,12642),(12,12805),(13,11595),(15,16458),(17,23433),(18,12115),(19,30979),(20,18181),(22,30617),(23,1832),(24,28188),(25,8743),(26,16023),(27,21840),(29,10359),(30,27062),(31,16129),(34,18309),(35,22462),(36,19280),(37,13335),(38,21922),(43,6457),(45,27547),(46,11135),(49,20868),(50,15948),(53,12381),(56,5552),(57,10150),(58,11958),(59,29598),(61,23060),(62,8891),(65,6944),(66,5677),(67,4808),(70,10140),(71,31336),(72,10440),(74,23671),(75,2465),(77,10451),(79,24637),(82,31160),(83,16500),(84,20836),(85,24987),(87,17321),(90,16561),(91,9005),(92,24687)]	359.611214
294	[(1,17559),(4,9579),(10,6864),(12,16515),(13,6839),(14,14320),(15,25513),(16,31131),(18,32822),(22,6240),(25,16413),(28,14227),(32,28417),(34,20691),(38,26763),(43,23644),(44,23969),(45,15447),(47,12091),(48,31469),(49,5697),(52,1950),(54,22753),(55,363),(58,11536),(60,4112),(61,5097),(65,22011),(69,11446),(70,29652),(71,19846),(73,21644),(74,22933),(77,18649),(78,19597),(80,26123),(82,25873),(85,33447),(86,15336),(89,30315),(90,28222),(91,24354)]	326.631271
295	[(3,2229),(5,25452),(6,31212),(7,24839),(8,17726),(12,21050),(15,20561),(17,20738),(19,23442),(21,11730),(23,11880),(25,663),(28,27154),(29,3730),(33,1242),(34,9345),(35,17074),(36,23545),(39,29419),(43,28632),(44,24074),(46,22368),(48,20267),(51,32265),(52,29156),(62,33439),(64,26219),(66,30386),(68,29194),(70,11796),(77,14962),(80,16120),(84,9640),(86,10834),(87,15740),(88,166),(91,13878),(92,24277)]	353.824152
296	[(0,15782),(1,23163),(3,17874),(5,2369),(10,16560),(12,28339),(15,4854),(18,9997),(21,14843),(22,32413),(23,8449),(24,23686),(25,30083),(27,25040),(28,6136),(30,11032),(31,2539),(33,24494),(35,21326),(36,5800),(37,28798),(40,10626),(41,9814),(42,9436),(43,22052),(48,13343),(50,1816),(51,29694),(54,18719),(55,6603),(58,32376),(59,13148),(60,24080),(61,32068),(63,21313),(64,14276),(68,18472),(69,10806),(72,9496),(74,14998),(75,22105),(76,5674),(77,27109),(78,33598),(79,18973),(80,25642),(83,26280),(84,28226),(85,16880),(87,31347),(88,15371),(90,31025),(91,18239),(92,23302)]	323.324043
297	[(0,28909),(1,18588),(4,6857),(6,11827),(7,27914),(13,19601),(14,3812),(16,25503),(17,28375),(18,23288),(20,10772),(21,480),(22,27658),(23,23235),(24,33284),(27,26115),(28,3821),(30,21355),(32,16618),(36,32854),(37,33022),(38,20147),(40,3474),(41,13531),(43,7131),(44,19959),(45,6577),(46,25105),(47,11271),(48,105),(49,21302),(51,29606),(52,27800),(53,16563),(54,33787),(55,15842),(56,8219),(57,7058),(59,21800),(62,4987),(65,2592),(67,12295),(68,20882),(69,18491),(70,606),(71,31694),(73,785),(75,21507),(77,4357),(78,4858),(79,4664),(83,9554),(85,28018),(86,25755),(89,1308)]	324.228921
298	[(0,6370),(1,8250),(2,27518),(3,25469),(5,23162),(7,24956),(12,28127),(13,18127),(14,8252),(16,31187),(17,14740),(18,7808),(19,23387),(20,29931),(23,2927),(24,22495),(25,26587),(28,18410),(30,2270),(31,5006),(33,7260),(35,29444),(36,14496),(38,17959),(45,828),(46,24898),(47,18272),(49,29485),(52,33310),(53,23108),(54,26442),(55,13441),(56,33234),(64,3029),(65,28826),(67,62),(72,16053),(73,22550),(74,32826),(75,5573),(77,24791),(78,395),(79,25622),(81,1041),(83,31298),(85,7191),(90,31740),(91,32258),(92,13596)]	264.098797
299	[(0,5388),(1,12820),(2,460),(3,13252),(7,865),(9,512),(10,31442),(11,17494),(13,6746),(15,7626),(17,7891),(19,30630),(20,15099),(21,11308),(27,20822),(32,16040),(33,27755),(34,5408),(38,8939),(40,23981),(41,12858),(42,13889),(43,29949),(46,1339),(48,16521),(49,19883),(50,398),(52,9412),(53,20210),(56,29629),(59,16739),(61,23563),(62,17032),(64,15132),(70,5696),(72,28784),(77,30773),(78,30202),(79,11229),(81,31447),(82,6287),(88,23210),(89,4040),(90,7801),(92,19317)]	256.053054
300	[(2,17945),(8,24010),(10,20987),(12,12781),(15,5144),(16,11124),(18,24536),(22,24853),(23,27036),(24,21530),(25,31907),(27,4899),(30,28652),(31,7440),(32,27856),(33,6592),(35,23785),(36,26671),(39,30966),(40,27271),(41,15549),(43,32841),(45,29756),(46,284),(49,22336),(50,4259),(53,4149),(56,25115),(60,18832),(61,17796),(62,29669),(65,7355),(66,20841),(68,10436),(71,18738),(73,29780),(75,3709),(77,30148),(78,8145),(79,9106),(80,33872),(82,27362),(84,28792),(88,15481),(89,13504),(90,17501),(92,368)]	254.150644
301	[(0,30481),(1,10690),(2,10225),(5,30880),(11,18387),(13,22722),(14,14221),(16,22345),(17,11308),(18,27428),(20,5501),(22,8453),(25,23432),(26,5779),(29,18519),(30,5511),(31,27859),(32,10042),(36,29633),(38,19759),(39,26695),(40,6410),(44,15125),(45,15100),(49,26059),(54,8151),(55,4353),(56,8598),(57,21787),(58,9501),(59,19436),(60,16240),(61,27131),(64,13380),(65,5806),(67,33088),(69,26798),(71,32184),(72,16785),(73,14834),(74,5946),(77,6366),(78,6274),(79,18342),(80,973),(81,7648),(82,4012),(89,7266),(90,23669),(91,12492)]	207.535740
302	[(0,8957),(2,32462),(7,2014),(10,32728),(13,32940),(14,32890),(15,24916),(16,556),(18,27036),(19,14768),(21,20489),(28,564),(34,28883),(36,2797),(38,14834),(39,13433),(40,23533),(42,18424),(43,8507),(44,14819),(45,7519),(47,10259),(48,27014),(49,16674),(51,30937),(54,25231),(55,506),(56,6383),(59,12145),(60,20906),(61,3693),(62,11567),(65,18681),(66,18276),(67,12231),(69,12898),(70,16348),(71,21411),(74,12994),(76,2193),(77,14419),(78,17562),(79,28200),(80,29804),(82,504),(83,28462),(84,30240),(86,32058),(87,24342),(88,26387),(90,26904),(92,11181)]	133.995192
303	[(0,18468),(3,13378),(5,28742),(6,29338),(7,27927),(9,16798),(10,19274),(11,11824),(13,5934),(14,26844),(18,20756),(19,20934),(21,19244),(25,29163),(26,20014),(28,23078),(29,467),(31,22901),(33,20324),(35,14229),(38,21964),(39,23779),(40,13644),(42,24519),(43,16035),(44,15748),(45,10134),(46,23509),(48,640),(51,7775),(52,12993),(54,32823),(55,11212),(56,1843),(57,24451),(62,16494),(63,4719),(65,6214),(66,40),(71,15482),(72,29515),(74,14183),(76,17721),(79,14359),(81,19880),(82,26964),(83,15845),(85,32725),(86,14553),(92,4230)]	99.343375
304	[(1,26855),(2,29650),(3,6345),(13,18721),(14,27560),(16,19211),(20,29394),(21,33310),(24,15756),(25,19706),(26,31250),(27,829),(30,8702),(32,24549),(34,22125),(35,27390),(36,28751),(38,26987),(39,22155),(40,19787),(42,27587),(43,30417),(45,18543),(48,6506),(50,14860),(53,3906),(56,9297),(63,8810),(65,16306),(66,19733),(68,9849),(72,15485),(74,32537),(76,15937),(79,6806),(82,12972),(85,17871),(87,27587),(88,27349),(89,7930),(91,32964),(92,26159)]	103.754626
305	[(0,16734),(4,22700),(5,7611),(6,2543),(7,5765),(9,2379),(13,5161),(15,7634),(17,22544),(18,29949),(19,27423),(21,13201),(25,32764),(28,27538),(30,494),(33,5325),(34,26067),(37,32013),(38,21256),(39,32676),(40,18930),(41,5654),(42,27546),(44,24908),(46,33697),(49,8345),(50,29548),(51,19991),(52,6155),(57,2832),(58,32459),(60,23716),(65,22610),(66,30077),(69,6232),(71,31580),(72,15449),(73,12634),(74,18007),(75,26978),(77,31723),(79,27668),(81,11424),(82,17475),(83,16093),(84,27859),(85,29756),(88,30024),(89,3240),(90,31717)]	111.213110
306	[(1,12852),(2,30830),(4,11331),(6,6578),(7,8549),(9,22345),(10,2801),(11,12995),(13,22812),(15,10796),(17,27951),(21,8563),(24,20617),(25,17851),(27,26424),(30,16382),(32,3077),(33,2516),(35,6715),(36,8262),(37,28035),(38,30621),(40,4280),(41,18262),(43,7531),(44,5776),(45,33448),(47,22249),(48,760),(51,11263),(52,31283),(56,24266),(59,18089),(63,3109),(64,31700),(66,22833),(67,8717),(68,10876),(70,10756),(71,22642),(72,31573),(73,11228),(74,19816),(79,32750),(82,4272),(83,5813),(86,13696),(88,25818),(91,28822),(92,15489)]	100.851128
307	[(1,21740),(2,11968),(3,5557),(4,30461),(5,10347),(8,9515),(9,17727),(11,3336),(12,7193),(13,8627),(14,33768),(15,10244),(16,15719),(19,14613),(22,6354),(24,29691),(26,27200),(31,27167),(32,27950),(33,26973),(34,32600),(35,21790),(37,13447),(40,2437),(45,16597),(47,6597),(49,30719),(54,13110),(57,6501),(58,32565),(59,17612),(60,19025),(62,25297),(64,33811),(65,27421),(71,3034),(75,6070),(78,22555),(81,12970),(82,6305),(84,12085),(86,13302),(87,28489),(88,11119)]	97.575593
308	[(5,18687),(8,11499),(10,25498),(12,31663),(14,32623),(15,29948),(16,785),(17,18264),(19,33144),(21,20653),(22,20863),(24,25781),(30,16486),(33,10192),(40,7139),(41,9495),(42,27155),(43,4489),(49,18440),(54,4542),(55,23067),(59,10796),(61,27951),(65,8563),(70,12664),(71,8527),(72,9867),(74,19110),(75,25777),(84,28146),(85,9300),(87,4982),(88,9049),(89,4225),(91,26854)]	101.298822
309	[(0,21873),(4,10368),(6,14745),(10,21240),(11,23672),(12,9625),(13,29647),(15,23929),(16,32569),(17,323),(18,14641),(20,32754),(21,21154),(22,19169),(23,398),(25,9412),(27,6818),(28,23777),(30,19168),(32,18404),(34,3309),(36,15212),(37,14688),(38,8776),(39,2576),(43,25323),(45,26522),(49,26823),(52,28682),(53,13099),(55,24094),(62,2041),(63,33009),(64,6076),(66,8268),(68,24229),(69,21617),(70,17357),(71,19468),(73,9123),(75,5608),(76,15725),(77,763),(83,17923),(84,29392),(85,3163),(86,24890),(91,24788)]	122.173184
310	[(2,13053),(3,16683),(5,16222),(6,5535),(11,2166),(12,20032),(13,21827),(16,17481),(17,25640),(18,28048),(20,10996),(31,29530),(33,16658),(39,12852),(40,30830),(43,27758),(44,7396),(45,1600),(47,17575),(48,12642),(50,9751),(51,27889),(53,26264),(55,14256),(56,9981),(59,33546),(60,10529),(62,21646),(65,476),(66,12758),(67,30693),(68,31702),(69,3825),(72,10544),(74,1912),(77,15227),(78,5457),(79,6074),(80,3220),(81,28560),(84,32119),(85,22292),(90,6078),(91,10768),(92,24661)]	103.719194
311	[(0,30623),(1,3593),(3,2757),(4,18009),(5,13002),(7,24704),(9,28167),(10,23901),(13,2012),(14,3116),(15,3650),(17,15913),(19,29264),(20,10171),(21,12936),(23,18991),(25,7035),(27,2),(29,3044),(30,31325),(31,30246),(33,18523),(39,27607),(40,26247),(41,15019),(45,18869),(46,28203),(47,11248),(50,9097),(51,25406),(53,13557),(56,10754),(59,26737),(61,31557),(65,32642),(66,12411),(68,25985),(71,9973),(73,32112),(75,25583),(77,30217),(78,27050),(80,33888),(81,4373),(82,7199),(85,5776),(86,341),(87,10646),(88,15062),(89,30543),(92,13143)]	120.614184
312	[(0,15236),(1,12912),(7,3737),(8,24362),(10,4415),(12,22164),(15,5645),(17,26640),(21,4305),(22,26640),(23,14866),(24,9325),(26,6946),(27,20635),(35,8797),(37,4500),(38,30598),(40,12796),(43,18455),(45,6558),(47,14774),(48,3763),(50,24866),(52,15552),(54,8138),(55,23264),(56,31049),(57,30550),(59,15362),(61,1837),(62,33807),(64,1941),(66,4166),(69,28331),(71,32417),(74,21076),(75,11203),(76,32808),(81,33111),(83,15190),(86,23401),(89,23429),(90,6952)]	108.532282
313	[(1,11875),(2,13863),(3,15016),(5,1920),(6,33064),(10,16163),(12,29055),(14,4036),(17,26349),(19,2257),(23,4667),(24,20607),(26,27446),(29,31606),(30,19332),(32,21944),(34,842),(35,20113),(36,26048),(37,8792),(38,730),(40,20245),(42,5937),(44,27771),(45,27055),(46,13916),(50,28080),(51,18447),(52,30116),(54,32021),(64,20661),(66,29147),(67,21870),(68,16393),(71,28822),(72,15489),(73,29442),(75,22627),(76,1819),(77,27822),(78,12316),(83,2706),(84,11779),(85,30336),(86,6528),(89,22749),(90,13627)]	118.393960
314	[(2,33653),(3,16207),(7,11135),(9,4795),(10,28685),(14,17762),(15,18848),(20,24206),(22,26406),(25,33915),(26,3808),(27,1237),(28,8190),(29,3676),(30,23664),(32,18957),(33,8319),(34,11993),(36,11252),(38,32499),(39,28354),(40,29500),(45,7236),(50,7862),(51,32534),(52,25403),(55,12938),(58,1342),(59,28790),(63,22219),(65,22806),(68,29964),(69,519),(70,25768),(71,10667),(72,7978),(76,30570),(79,10390),(84,1048),(85,15078),(86,21110),(87,17716),(88,26750),(92,15506)]	111.724576
315	[(1,2407),(2,23811),(4,3325),(7,29691),(9,27200),(12,3728),(13,19610),(15,11686),(16,21013),(17,5448),(18,28732),(20,22156),(21,903),(22,19823),(24,18106),(25,14742),(28,2565),(29,4839),(30,9315),(32,4689),(33,18210),(34,17982),(35,1532),(36,28898),(38,7470),(41,14549),(42,11336),(44,31731),(45,3561),(47,9089),(49,30771),(51,23331),(53,2832),(54,24420),(56,6209),(60,29159),(61,17891),(62,24175),(67,1616),(68,13603),(69,1941),(71,3880),(72,24290),(73,27839),(74,5753),(75,19825),(80,26952),(86,9100),(91,7123)]	100.155460
316	[(0,9675),(3,17364),(4,17060),(5,31487),(6,32547),(10,21040),(13,17957),(17,11164),(18,7533),(22,28236),(24,17067),(25,1563),(27,22424),(28,14019),(29,5930),(31,10352),(34,7679),(37,14900),(38,22793),(39,17241),(40,28566),(41,1235),(43,20425),(45,9787),(46,28955),(47,11234),(48,23151),(52,5522),(53,9436),(57,2470),(58,4443),(60,18203),(64,1468),(66,25228),(68,33561),(69,24807),(71,15995),(74,30864),(76,12113),(77,8398),(78,7433),(80,9243),(83,4316),(84,21064),(85,13629),(86,27580),(89,14078),(90,8103),(92,18965)]	97.347731
317	[(1,4512),(2,15629),(3,19725),(4,19789),(5,30622),(7,24059),(8,7019),(10,4927),(12,14416),(14,14897),(16,33259),(17,10262),(18,5049),(19,3031),(21,31596),(22,19),(27,14917),(29,28941),(30,28052),(36,20902),(37,24613),(40,30282),(42,25692),(43,8352),(44,12834),(45,30725),(47,32136),(48,5298),(50,27582),(51,22951),(52,7166),(53,6198),(56,4863),(59,12525),(60,22218),(62,18325),(65,1649),(66,4813),(67,20920),(70,29001),(72,25828),(73,24702),(74,26116),(75,26977),(76,5686),(78,12293),(82,27190),(83,28205),(85,17787),(89,17976),(91,11029),(92,18959)]	101.384524
318	[(3,16926),(9,18504),(10,27820),(11,27915),(13,12938),(15,33044),(16,21990),(18,21654),(20,21461),(21,6492),(23,13336),(28,17307),(31,5966),(33,23894),(36,18959),(37,32110),(40,8370),(41,29634),(42,2666),(44,7951),(45,30730),(47,21072),(50,19960),(51,4055),(52,28909),(54,18562),(55,6893),(58,25122),(60,9850),(63,27656),(65,19001),(66,6406),(68,22594),(70,12991),(73,18208),(76,27258),(78,11205),(80,14203),(81,16894),(82,21106),(85,24799),(87,10786),(88,24251),(91,17687)]	109.076265
319	[(1,10281),(2,13423),(3,17784),(4,4262),(5,28794),(8,11365),(9,29991),(11,32869),(13,15750),(16,27554),(19,30166),(20,21015),(21,29418),(22,28761),(24,20937),(26,4030),(27,6505),(28,29245),(32,11547),(33,27403),(34,30748),(35,11076),(36,19058),(37,26632),(40,14516),(42,5341),(43,5718),(44,601),(45,20201),(47,14589),(48,18882),(49,12587),(50,10716),(51,10835),(52,9692),(55,21739),(60,7003),(62,29514),(64,16523),(66,15751),(68,13128),(72,30924),(73,5649),(76,30645),(77,4895),(80,32066),(81,20924),(82,33505),(84,28873),(85,13788),(87,11977),(88,8314),(89,26461),(91,7911),(92,10491)]	112.129313
320	[(2,3290),(5,15410),(7,2841),(11,23429),(15,22292),(17,11527),(18,14238),(19,15199),(22,1105),(23,14995),(30,11625),(35,11394),(38,33748),(42,5597),(44,13604),(45,21434),(48,22283),(49,16347),(54,21687),(55,3795),(56,27767),(58,14315),(60,6157),(61,11388),(62,10172),(63,11512),(67,2066),(70,23992),(76,17809),(78,17211),(79,16672),(80,29864),(81,10674),(82,11153),(84,12691),(87,23682),(88,25063),(90,5524),(91,20457),(92,2610)]	101.853911
321	[(1,31646),(2,1618),(4,860),(6,4003),(8,9641),(9,29503),(11,27234),(12,7961),(13,20542),(16,31000),(17,4895),(18,25722),(19,5943),(22,25386),(24,13770),(27,23301),(28,2005),(30,12917),(33,23724),(34,27494),(36,33343),(38,15650),(40,14137),(41,7547),(42,11941),(46,5090),(47,23033),(49,12688),(53,8471),(55,9779),(59,20784),(60,4428),(62,28116),(63,13218),(67,29722),(68,9831),(69,8983),(71,33904),(72,14979),(75,12325),(78,17801),(80,22431),(83,21507),(85,4357),(88,16102),(90,27662),(92,22398)]	231.558396
322	[(1,30467),(3,16854),(5,1563),(6,24343),(9,31299),(10,9045),(14,21952),(17,16557),(19,33845),(22,2247),(23,32451),(24,14251),(25,21737),(26,27306),(29,17943),(30,7267),(33,7944),(34,29608),(35,151),(36,10092),(37,11664),(40,24937),(41,31641),(43,26337),(47,12266),(48,10284),(49,24723),(52,3188),(54,4576),(59,26680),(60,2740),(61,30372),(66,4742),(67,19781),(68,23607),(72,16382),(74,3077),(75,27840),(76,17506),(78,18800),(79,135),(81,31176),(85,11474),(86,24100),(88,2982)]	120.066732
323	[(0,15669),(3,33083),(4,33839),(5,4530),(6,16379),(9,11254),(12,33062),(14,7892),(15,20426),(16,26693),(17,8953),(18,25881),(20,6158),(23,12644),(24,30584),(25,491),(26,30102),(29,397),(30,30264),(31,1886),(32,406),(34,18495),(35,28442),(36,10704),(39,3413),(42,15281),(44,8764),(45,12013),(48,5428),(49,2675),(50,11203),(52,21485),(53,16824),(55,6457),(56,11985),(60,26120),(62,7327),(64,30027),(65,17345),(66,32019),(69,28897),(70,31989),(71,27038),(72,31418),(73,25411),(74,9555),(75,2244),(76,15595),(77,27252),(78,6128),(79,8549),(80,19338),(81,33140),(82,6378),(83,20637),(86,26313),(87,27208),(89,30518),(91,29031),(92,28878)]	109.411281
324	[(0,27641),(4,20743),(7,19328),(9,7448),(10,9199),(11,20378),(12,26241),(13,23680),(14,17362),(17,12421),(18,21470),(19,24226),(23,25378),(25,24179),(28,20305),(30,30660),(37,5700),(39,17855),(40,15922),(42,19934),(48,1797),(50,12912),(51,21893),(53,16401),(56,11435),(57,8436),(58,26184),(59,22649),(60,10260),(61,19434),(64,1659),(65,4016),(70,16604),(73,27617),(74,61),(75,11047),(76,21151),(79,7884),(80,2835),(82,23607),(84,32087),(85,21511),(91,19255),(92,3871)]	103.171203
325	[(3,33371),(6,20344),(7,22635),(9,10820),(12,12413),(13,27194),(14,12184),(17,7743),(20,17303),(23,27697),(24,17593),(25,1931),(26,5891),(29,1318),(32,32560),(33,8485),(37,9152),(38,25499),(39,26528),(40,22380),(43,7319),(45,30594),(46,7709),(47,27246),(48,20255),(49,13681),(50,21240),(52,23093),(58,27794),(60,6072),(64,27016),(66,27908),(68,19270),(69,19130),(72,16366),(73,21095),(74,33331),(76,4624),(77,20329),(79,1546),(80,10810),(81,30217),(82,22707),(83,26160),(84,21073),(85,28614),(86,8490),(87,14801),(88,24312),(89,29696)]	104.827195
326	[(0,31710),(3,13265),(5,32103),(6,7707),(10,23710),(11,31266),(13,20966),(18,19335),(21,8763),(22,21469),(25,4780),(27,11396),(28,24469),(29,9245),(30,13237),(33,1225),(34,20588),(35,25059),(36,6501),(37,32565),(40,5708),(41,33578),(45,21272),(46,16629),(47,27455),(50,13741),(51,11346),(52,14820),(54,22705),(56,33124),(57,30070),(59,9401),(60,17890),(62,24688),(63,3368),(65,21920),(66,14933),(67,3708),(68,8519),(69,23709),(70,30713),(72,21344),(73,31772),(74,25373),(75,24756),(76,26468),(77,30474),(78,30483),(79,23883),(82,5317),(84,7224),(85,2460),(86,9115),(89,7085),(90,22625),(92,1134)]	109.482079
327	[(0,17929),(1,7161),(3,109),(5,17798),(7,14823),(8,5586),(11,10626),(13,1305),(14,32336),(16,2794),(18,26947),(19,2967),(20,29558),(23,27529),(24,8278),(25,8698),(27,33387),(28,33567),(30,26780),(31,16014),(33,22521),(34,32210),(35,10634),(36,23094),(37,10176),(39,13354),(46,16327),(47,19366),(48,29601),(49,7352),(53,11353),(55,21236),(56,12523),(58,9189),(59,28868),(61,31116),(63,20694),(64,30361),(67,23783),(69,21938),(70,24888),(71,21706),(72,16985),(73,20476),(74,15902),(75,30713),(76,10551),(78,24862),(79,4739),(81,17068),(83,23184),(84,29085),(86,27322),(87,11453),(88,27951)]	100.062862
328	[(4,11564),(9,9129),(10,32254),(11,24397),(13,23748),(16,19190),(19,5523),(22,23195),(23,20588),(24,19060),(25,19283),(28,22471),(32,11928),(34,19326),(35,15320),(36,3634),(37,12286),(39,13210),(40,17714),(41,22563),(42,4143),(45,3844),(46,31173),(47,30521),(49,24346),(50,9020),(51,7411),(55,20275),(58,3657),(60,29962),(61,20093),(63,33159),(66,9207),(73,19168),(75,7647),(76,33721),(79,1439),(81,29122),(82,2512),(83,11262),(85,29503),(91,21396)]	97.497052
329	[(0,5335),(2,6034),(10,19756),(12,24324),(14,17652),(16,32564),(19,9307),(20,2881),(21,22378),(25,30502),(26,13732),(28,26409),(29,9776),(31,14237),(35,28649),(36,24888),(37,15858),(38,26634),(39,12640),(41,8785),(43,6766),(44,17152),(45,13352),(46,24458),(49,17814),(50,21815),(51,5922),(52,14924),(53,21022),(56,33326),(57,29808),(58,6235),(60,8008),(63,21520),(66,8944),(68,14287),(69,11744),(70,6933),(72,7541),(73,8099),(74,4873),(75,4355),(76,8470),(77,5334),(78,19177),(81,11361),(82,11151),(83,12213),(84,4695),(85,1413),(86,4381),(88,10744),(89,26583),(90,2897),(92,3188)]	109.013005
330	[(1,28118),(2,16925),(5,9747),(6,5452),(8,8220),(9,8217),(13,19374),(16,30245),(18,3784),(24,19241),(30,26882),(31,21317),(32,4723),(33,29155),(38,29197),(39,16035),(40,15748),(41,11075),(44,29199),(45,16421),(46,4867),(47,7074),(50,17666),(52,13886),(53,10374),(54,2581),(56,26260),(57,17727),(58,21953),(59,378),(60,32340),(62,24700),(64,29712),(65,18948),(66,32692),(70,6531),(71,17610),(72,19768),(73,22537),(75,5170),(76,31262),(78,1151),(79,32211),(80,13813),(81,11771),(83,24989),(84,17087),(85,28425),(86,11522),(87,8271),(91,24474)]	117.911792
331	[(1,1039),(2,8331),(4,26709),(5,5379),(6,19895),(7,18143),(10,21272),(13,28983),(14,24643),(16,28522),(18,7417),(19,30353),(20,24474),(22,23262),(23,20322),(26,19797),(28,27424),(30,25468),(33,2864),(36,1529),(38,10745),(41,29736),(44,29720),(45,27544),(46,23019),(57,16064),(58,16097),(59,28771),(61,30567),(65,32132),(66,32653),(69,3118),(70,12308),(74,24651),(75,24534),(76,18053),(77,1227),(78,14294),(80,4201),(81,28752),(86,1018),(88,30098),(90,24302),(91,17671)]	106.474511
332	[(0,16464),(3,4483),(5,15355),(8,11568),(9,22525),(11,20147),(12,28141),(13,6353),(20,17152),(21,28006),(23,3864),(26,11468),(32,19984),(34,20695),(36,11997),(37,17620),(41,14848),(42,11376),(43,11421),(44,23649),(45,11871),(49,15927),(55,26118),(56,3622),(58,17385),(59,29353),(63,12042),(65,18122),(66,18083),(69,23967),(70,7850),(71,14772),(73,6819),(74,6408),(76,28355),(77,27465),(78,5801),(79,19942),(84,19361),(86,21586),(89,8455),(92,15340)]	107.607497
333	[(0,33842),(3,20785),(5,26884),(6,6492),(8,4756),(10,10341),(12,8925),(13,31566),(16,32910),(17,25046),(22,7962),(23,20296),(25,4491),(26,7404),(28,18281),(29,6638),(32,25232),(34,26889),(35,18229),(37,30303),(41,14266),(42,12423),(43,17468),(46,27635),(47,7516),(48,33731),(49,26127),(51,3363),(52,10456),(55,29025),(58,13726),(59,21397),(60,566),(61,17142),(65,26555),(75,29673),(76,20990),(77,26825),(79,8411),(81,24103),(82,30252),(88,6893),(89,27047),(90,4278),(91,4317),(92,28937)]	97.143713
334	[(0,22894),(1,31462),(2,13085),(3,22803),(4,23894),(7,7756),(8,1098),(10,21779),(12,15768),(13,8128),(14,21796),(15,1978),(16,6188),(17,32942),(19,5999),(20,30257),(21,10751),(22,16032),(23,25299),(24,24297),(25,25238),(26,4374),(28,30245),(29,16592),(31,30884),(32,15745),(34,22397),(37,12185),(39,15280),(41,5552),(42,27886),(43,29987),(44,9793),(46,9117),(50,8745),(51,2895),(52,13064),(53,3606),(58,21706),(62,26714),(64,16562),(67,15150),(68,15774),(70,20860),(71,27981),(72,3382),(73,13206),(74,11565),(76,25136),(77,30675),(78,18914),(79,6396),(80,4434),(81,5628),(83,15745),(85,8047),(89,6167),(91,27170),(92,979)]	95.934091
335	[(0,3770),(2,11599),(3,28016),(4,13062),(5,7958),(6,33310),(11,13992),(14,24463),(15,11138),(16,20992),(17,29269),(18,20663),(21,25928),(22,11844),(23,18393),(24,20544),(25,16523),(26,33735),(28,10215),(29,32794),(30,1208),(32,26557),(33,25840),(35,17579),(36,26707),(39,33666),(40,20056),(43,33907),(44,1717),(45,28892),(47,32045),(49,19184),(50,4372),(51,8928),(52,33066),(53,21047),(55,33326),(56,12452),(57,22307),(58,15455),(60,15498),(61,16586),(62,18963),(63,29561),(64,645),(65,16443),(66,27555),(67,28976),(69,996),(70,31511),(72,1194),(75,5526),(76,19947),(77,7305),(78,25109),(80,32835),(81,10968),(88,1431),(91,1554),(92,12621)]	98.886191
336	[(1,9411),(3,22638),(4,9505),(5,29426),(6,22428),(7,32839),(8,22921),(9,3328),(13,14106),(14,1325),(15,6615),(16,11230),(17,30556),(18,10329),(19,33717),(20,16970),(21,5125),(25,32073),(26,4385),(33,22099),(35,32),(38,21879),(39,1541),(40,17870),(42,31738),(43,22595),(44,6464),(49,29000),(51,23362),(52,23142),(53,1742),(54,26592),(56,29011),(59,5487),(60,27710),(62,1043),(66,8878),(67,28070),(68,3213),(69,32088),(70,8111),(71,12050),(72,18624),(73,16931),(74,21669),(75,25526),(76,3784),(79,21162),(81,29948),(82,13141),(86,17464),(88,19188),(89,674),(92,12687)]	111.689992
337	[(1,33303),(3,28739),(7,6843),(8,2697),(15,12312),(16,25835),(17,13581),(20,12983),(22,28329),(24,30204),(26,11213),(27,15236),(28,12912),(29,24396),(33,32610),(34,11001),(35,22053),(39,10193),(41,26202),(43,27174),(44,20897),(45,28493),(46,21752),(49,9192),(51,26139),(52,26734),(53,7805),(54,26896),(55,8839),(56,24335),(57,23662),(58,31837),(59,13618),(60,8962),(63,31243),(64,14408),(65,19542),(67,32967),(68,10952),(72,26490),(73,23214),(76,18005),(80,24280),(81,27352),(86,1503),(88,32560),(89,9652),(90,28435),(91,28422),(92,14230)]	104.189191
338	[(4,1845),(5,11725),(8,29430),(9,7028),(12,24581),(13,10078),(15,4637),(21,910),(23,18410),(24,21846),(25,8125),(26,1937),(29,332),(31,10487),(36,28552),(37,24269),(38,22046),(42,1019),(44,27781),(46,29391),(47,21861),(49,19868),(50,11318),(51,13749),(53,17460),(54,7900),(55,16457),(56,13938),(57,26697),(58,4714),(61,11555),(62,184),(64,21641),(65,24554),(67,24931),(69,6583),(73,33033),(74,23681),(76,30237),(77,14206),(79,1534),(81,33454),(83,10182),(84,17253),(86,29617),(87,13882),(88,19463),(89,15171),(91,9816),(92,3184)]	101.356958
339	[(3,7097),(4,11772),(6,30909),(7,19950),(8,26292),(9,22982),(10,23510),(12,1134),(13,6901),(14,23881),(18,31498),(24,21998),(25,25990),(28,23028),(29,8681),(30,19508),(32,23473),(33,633),(34,20240),(38,13775),(39,15635),(40,27875),(41,3519),(43,14203),(44,16894),(46,28245),(50,8543),(54,29413),(58,30662),(60,1353),(61,19874),(63,33245),(64,8977),(65,11468),(68,2863),(69,22911),(77,9193),(78,3312),(80,25655),(82,30978),(83,2963),(84,9785),(86,12230),(90,6340),(92,23019)]	126.879408
340	[(0,26198),(2,23934),(3,7018),(7,21232),(9,2579),(11,28136),(12,661),(13,23954),(14,13988),(16,21351),(17,4901),(19,6336),(20,22694),(22,1779),(23,19090),(25,29696),(26,21511),(28,8796),(33,29002),(35,29933),(37,1884),(40,30381),(42,711),(43,29985),(47,12664),(48,8527),(51,17317),(53,6993),(56,11388),(57,25372),(59,12459),(61,3254),(63,4248),(64,31431),(65,20431),(66,3331),(67,61),(71,8394),(72,14203),(73,16894),(79,16228),(81,27982),(83,3389),(85,22989),(87,9745),(88,11601),(89,15174),(90,3992)]	110.498823
341	[(0,22921),(1,8523),(5,6505),(7,14672),(8,17434),(10,23170),(11,12434),(13,8256),(14,26607),(16,20707),(18,14884),(20,31722),(23,12545),(24,6855),(25,22982),(26,24869),(28,11139),(32,13332),(33,23151),(34,13761),(35,20529),(36,23281),(37,6745),(38,24698),(39,25986),(41,29896),(42,30331),(44,8761),(46,9475),(47,8476),(49,8133),(50,341),(53,7459),(54,15691),(55,22123),(56,12533),(57,10065),(60,28236),(61,11443),(62,16649),(63,13964),(68,16119),(71,31135),(72,15030),(73,32437),(74,4883),(77,28760),(80,28805),(82,19265),(83,9749),(84,30712),(85,18486),(86,32308),(87,2452),(89,29565),(90,20411),(91,29200),(92,5094)]	107.656362
342	[(0,14362),(1,6764),(6,15679),(8,21531),(11,8346),(13,31857),(14,21153),(15,19595),(19,22044),(20,14754),(21,14076),(22,3015),(23,19466),(25,25074),(26,234),(29,16752),(31,27772),(32,28170),(36,28355),(40,13161),(44,15042),(47,10489),(49,2442),(50,14299),(53,23609),(65,19972),(66,24412),(73,8309),(75,20934),(77,15246),(79,31835),(80,7155),(81,390),(82,33179),(83,12568),(87,4145),(91,11340),(92,29181)]	103.740409
343	[(1,25001),(2,9153),(4,14587),(5,12787),(9,7594),(10,6323),(11,11861),(12,8995),(13,11220),(14,4291),(15,28230),(16,26480),(17,18134),(18,14548),(19,28342),(22,12850),(24,33250),(29,26932),(34,13638),(40,15195),(42,23165),(45,19380),(46,2755),(48,15645),(50,3214),(51,19515),(56,21373),(57,27077),(58,30108),(59,2668),(60,24135),(61,28079),(62,12686),(63,14184),(67,17363),(69,27043),(72,26318),(73,10537),(76,13970),(77,15498),(78,16586),(79,18963),(82,2573),(83,13858),(84,18419)]	101.235414
344	[(0,32250),(1,472),(3,7262),(5,6666),(8,18886),(9,22193),(10,25457),(11,24522),(12,28117),(13,24904),(21,22114),(22,11001),(26,24673),(28,12037),(29,24574),(32,29887),(34,26890),(37,8862),(38,11613),(40,12361),(41,11290),(45,10035),(47,33881),(49,33002),(51,642),(56,23240),(61,3540),(62,32707),(63,31228),(64,17185),(66,8081),(67,1853),(68,3740),(70,14891),(71,14939),(73,21829),(77,10685),(78,25593),(79,29469),(81,25955),(82,6805),(83,17155),(90,11626)]	108.434301
345	[(0,16882),(2,17887),(3,15926),(5,31434),(7,28010),(8,31158),(16,22615),(17,10648),(18,13790),(23,19165),(31,31826),(32,13847),(33,18832),(34,17796),(35,3396),(41,12530),(42,20142),(43,31613),(44,19250),(51,21913),(52,9342),(53,13745),(54,24900),(56,4649),(57,30377),(58,30575),(67,7132),(68,15722),(69,30468),(70,5279),(72,13273),(73,21245),(75,27859),(81,2789),(82,18377),(86,21031),(90,8616)]	110.401472
346	[(0,29752),(3,30789),(4,28313),(5,21721),(6,1610),(8,12732),(10,3793),(15,29022),(16,24015),(17,1297),(20,28929),(22,23459),(24,18094),(25,9562),(27,27289),(29,3645),(31,25443),(34,3352),(35,7416),(37,33369),(39,2790),(40,4354),(43,22826),(44,12683),(46,33247),(48,5593),(49,31565),(50,3513),(53,12674),(61,30860),(63,6363),(66,16883),(68,31964),(69,19296),(70,24522),(74,26460),(78,28106),(80,1899),(85,83),(88,7219),(89,12440),(90,31610),(91,13183),(92,13559)]	101.658081
347	[(0,7999),(3,309),(4,4905),(6,10665),(7,615),(9,10204),(10,4812),(11,12442),(12,11647),(16,24690),(17,6695),(20,29720),(21,27840),(25,30550),(26,21142),(27,7275),(30,12343),(31,32860),(37,21371),(41,12438),(43,32561),(46,16314),(47,25273),(48,32861),(49,27608),(53,30132),(55,13077),(58,1836),(61,32967),(62,20571),(63,26267),(64,10227),(66,4162),(70,1984),(71,30782),(72,14264),(73,6082),(74,26150),(79,11126),(81,22636),(83,4161),(84,13853),(87,23714),(88,29423),(91,9846)]	105.516806
348	[(0,21564),(2,3638),(4,17912),(5,8430),(6,29105),(7,20232),(9,518),(17,15943),(20,12432),(21,424),(23,21573),(24,16918),(25,24349),(26,24995),(28,32472),(29,2750),(34,15767),(41,30826),(42,15708),(44,33561),(49,10576),(52,5896),(53,4873),(54,4355),(57,26340),(59,18944),(62,2335),(67,2398),(70,22649),(71,24589),(73,25953),(75,28832),(78,24916),(80,12421),(83,19185),(86,31149),(87,29216),(88,8237),(90,20833),(92,23502)]	101.743245
349	[(1,13201),(7,23943),(9,16344),(10,10012),(12,16682),(13,27500),(14,2122),(17,3229),(18,5565),(19,24880),(22,13927),(24,6619),(25,29272),(26,29323),(27,33795),(28,17737),(29,10965),(30,343),(32,14492),(37,12879),(40,9657),(41,28657),(42,23026),(44,7212),(45,6716),(49,31053),(55,9232),(56,29029),(57,17667),(60,28792),(61,18843),(62,18562),(63,500),(64,6906),(65,12777),(66,2890),(71,19931),(72,22907),(74,9135),(76,18890),(78,11362),(79,23366),(80,7414),(81,30425),(84,21221),(86,30770),(87,16346),(89,4193),(91,32274)]	138.974802
350	[(3,16825),(4,6189),(5,3156),(7,3184),(12,29635),(15,11803),(16,8870),(17,13776),(19,20452),(24,27260),(25,29111),(26,30557),(30,27629),(31,11677),(34,10128),(35,6797),(37,30244),(39,32082),(43,28430),(44,26896),(45,1552),(48,300),(52,3069),(58,23509),(62,13329),(65,12970),(66,11838),(67,28959),(68,26863),(70,27195),(72,26186),(73,17137),(74,8885),(77,2121),(81,30996),(83,8398),(84,29859),(85,31555),(87,15370),(88,22848)]	113.004504
351	[(1,9940),(5,14669),(9,23793),(11,11436),(14,16009),(15,7973),(20,29654),(21,18883),(26,16279),(28,3291),(29,8624),(30,13091),(31,10784),(32,17231),(34,31111),(36,7914),(38,31156),(39,24838),(40,6250),(41,3477),(42,9522),(44,163),(45,20313),(46,29929),(47,15789),(48,14717),(49,24746),(52,8546),(53,28301),(54,10752),(55,31599),(56,10945),(58,2218),(59,4993),(60,15811),(62,27785),(63,9868),(65,25320),(66,2369),(68,18529),(70,7098),(73,28358),(77,6047),(80,2300),(82,20687),(83,21558),(84,9384),(85,22245),(87,4359),(88,29123)]	101.706260
352	[(1,19693),(4,19021),(5,26594),(7,26875),(9,8258),(10,15303),(12,10760),(14,8266),(20,20062),(21,26367),(26,32005),(29,16872),(32,15782),(36,16270),(38,1680),(39,30515),(41,6129),(42,9342),(43,23473),(45,17940),(48,32457),(50,31846),(52,12978),(53,31074),(54,19819),(55,9792),(56,25632),(58,25201),(59,19760),(61,3406),(64,23025),(72,17879),(74,30966),(76,5955),(77,28999),(78,15938),(79,33504),(81,17991),(82,12391),(83,8634),(84,33260),(85,3764),(89,8576),(90,9387),(91,3763)]	98.969755
353	[(0,12012),(2,7814),(4,23715),(5,9221),(6,10789),(9,23281),(10,6745),(12,18965),(13,21518),(14,922),(16,6971),(17,27837),(18,484),(19,406),(21,29896),(24,19711),(25,15154),(29,26404),(30,27735),(31,32458),(33,23553),(35,538),(38,26556),(39,19039),(41,17967),(45,9357),(47,29126),(49,26339),(52,13939),(55,4127),(56,18851),(58,30775),(59,18741),(60,32874),(63,16731),(64,9407),(65,22726),(66,5191),(70,29260),(71,27065),(76,16090),(79,28760),(82,27959),(83,15206),(84,31026),(85,28246),(86,18653),(88,25260),(89,1992),(91,27802),(92,9285)]	100.093638
354	[(4,6803),(5,15502),(6,16149),(8,29170),(11,714),(12,15523),(15,12767),(17,16462),(18,6499),(20,32489),(21,309),(22,4905),(26,20924),(27,33505),(28,12439),(35,29640),(38,2112),(39,7341),(40,5771),(41,29886),(43,16297),(44,27705),(48,24382),(49,13512),(50,28674),(51,32023),(52,881),(56,15569),(57,19957),(58,21843),(59,22137),(61,26589),(62,19671),(63,25943),(64,112),(66,30382),(80,26727),(82,10831),(83,27255),(86,16042),(88,11920)]	113.977329
355	[(1,22732),(4,21994),(6,11883),(11,13966),(12,9364),(13,17489),(14,10885),(15,16692),(16,16304),(17,26954),(19,6387),(20,4743),(21,26523),(23,32282),(25,30422),(26,541),(28,1406),(31,23236),(32,8245),(34,15454),(36,33418),(37,26906),(41,22168),(42,28822),(43,24062),(45,28637),(48,14422),(49,928),(50,30950),(51,12152),(55,31864),(56,10976),(57,18716),(61,32911),(62,16013),(63,19614),(65,30810),(66,8871),(67,10691),(69,10511),(71,16196),(72,18684),(74,25267),(76,20116),(77,3429),(78,2572),(79,16797),(80,26498),(82,30930),(83,12727),(85,4241),(88,7209),(89,16730)]	102.798132
356	[(2,4998),(4,13926),(5,19649),(6,4863),(12,13655),(13,12103),(15,28940),(16,28249),(17,26264),(18,677),(20,24190),(22,2120),(24,31407),(25,27934),(26,23366),(27,21735),(28,5422),(30,26324),(32,26360),(34,23780),(35,23670),(38,26996),(41,8946),(42,17854),(43,9973),(45,14868),(47,1869),(50,30417),(52,28217),(53,17655),(54,24664),(55,3845),(57,29350),(58,20848),(61,1439),(62,21416),(63,16401),(64,19087),(66,6537),(67,16427),(68,26015),(69,2543),(71,6545),(74,29511),(76,25752),(77,8686),(78,26178),(79,13796),(81,11172),(82,29776),(83,14682),(85,18816),(87,9216),(88,27770),(90,33747),(92,7730)]	97.445126
357	[(2,316),(4,19975),(5,3969),(8,22550),(9,32826),(10,4679),(11,10734),(12,21579),(15,9624),(16,1468),(21,24200),(25,27454),(29,28777),(31,33447),(33,14029),(34,22219),(35,29637),(38,30451),(39,19824),(40,2088),(46,6912),(47,31457),(48,16696),(49,21956),(53,1683),(54,18574),(55,3208),(56,22266),(57,24050),(58,23954),(59,21764),(60,30176),(61,10720),(63,1374),(64,23275),(65,7672),(68,6139),(71,10960),(75,3771),(76,20270),(79,16187),(80,6077),(81,19652),(83,20390),(84,33747),(86,14211),(87,2175),(89,12920),(92,22240)]	100.341654
358	[(1,7558),(2,14869),(3,18666),(4,25807),(7,24655),(8,1071),(10,5190),(11,2083),(12,14402),(13,6586),(15,786),(17,22943),(18,9962),(19,1902),(21,16980),(23,2849),(24,18891),(27,7755),(28,11466),(29,28159),(32,7458),(33,15004),(34,9390),(37,21334),(40,27863),(41,2771),(42,24183),(43,13998),(46,1818),(49,8925),(50,19041),(51,11747),(52,2764),(57,9133),(59,6333),(63,8464),(64,19017),(65,1270),(69,24000),(70,27607),(71,26247),(73,1672),(76,5935),(77,11994),(80,31215),(81,1322),(85,22820),(86,21275),(87,22366),(90,6015),(91,2023)]	112.089116
359	[(0,21268),(1,29132),(2,10407),(6,22415),(7,8227),(8,8297),(10,9379),(11,5005),(16,4741),(20,6588),(21,18590),(24,25216),(35,12495),(36,1352),(37,26226),(38,26020),(39,29915),(41,13747),(43,25683),(46,18549),(47,23833),(48,8125),(49,23413),(50,10923),(51,10974),(55,2837),(56,14829),(58,9833),(63,20442),(65,18609),(66,31387),(67,14297),(68,8289),(69,22143),(70,18418),(71,17314),(73,25124),(74,20174),(76,7144),(77,24865),(78,12832),(82,2222),(84,21063),(85,2552),(86,26985),(87,10322),(89,32378),(92,27545)]	131.246402
360	[(0,20126),(2,21367),(3,29203),(5,6450),(6,28996),(8,2428),(9,22688),(10,31735),(14,25205),(15,7014),(19,3387),(20,32931),(23,22911),(28,9244),(32,26462),(34,14140),(35,19257),(37,32791),(39,3977),(41,11176),(42,20310),(44,27955),(45,14553),(47,22436),(48,17328),(49,16748),(50,22493),(56,23548),(58,7605),(59,32074),(62,786),(63,28596),(64,26364),(65,5707),(68,25856),(69,18731),(70,17243),(72,32367),(74,17998),(78,30684),(79,16206),(80,10414),(85,29842),(86,16772),(88,19425),(91,15844),(92,29736)]	100.629509
361	[(0,1521),(3,17575),(4,15633),(7,24309),(9,22394),(10,15281),(15,31265),(17,14791),(18,24256),(20,33825),(21,20000),(25,12061),(27,22223),(29,27297),(31,22605),(32,25665),(33,532),(42,4974),(43,1080),(44,11598),(45,19313),(46,29939),(47,29259),(48,4222),(53,16180),(55,20491),(58,10151),(62,26709),(65,3242),(66,3826),(67,7129),(69,32748),(72,5229),(73,32988),(75,10250),(76,7525),(77,19308),(79,9160),(81,25376),(83,3603),(84,26881),(88,15456),(89,3048),(92,22567)]	95.443536
362	[(5,26205),(6,28338),(7,1277),(8,25439),(9,19069),(10,29365),(11,6331),(12,31765),(14,27065),(15,5679),(17,23644),(20,1591),(21,8070),(23,23132),(24,10812),(25,2185),(28,14186),(33,8262),(34,28035),(35,30621),(37,20085),(38,8651),(39,13171),(40,33224),(43,32773),(45,9475),(46,30740),(47,817),(50,21759),(54,28681),(58,20435),(60,996),(61,31511),(64,6264),(67,22689),(68,17001),(69,22471),(72,33120),(75,1901),(77,18921),(78,6632),(79,25561),(80,33020),(83,25398),(84,5692),(86,286),(89,19513),(91,25719),(92,547)]	99.388971
363	[(0,15975),(5,30600),(6,3520),(7,32350),(10,24425),(11,14399),(15,14094),(17,17480),(19,4941),(20,11497),(21,31830),(23,5144),(24,11124),(28,17515),(29,13609),(30,6747),(33,24822),(34,21216),(35,2249),(38,26562),(39,9075),(40,4891),(42,25095),(43,13113),(46,23498),(48,17251),(49,11008),(51,4785),(52,30353),(53,24503),(62,4954),(64,19279),(65,31257),(67,13692),(69,16659),(72,13326),(73,27944),(74,4214),(76,28899),(78,15511),(79,12860),(80,26677),(85,10121),(86,9262),(88,12489),(90,28642)]	104.489833
364	[(0,5944),(1,1249),(2,8007),(4,11925),(5,16208),(12,21225),(13,29231),(14,31625),(16,33407),(17,16857),(20,23941),(23,27908),(25,25761),(26,2172),(27,19456),(28,20658),(30,9349),(31,12997),(32,21393),(35,21046),(40,24),(44,10884),(45,28718),(48,32358),(50,8403),(51,23823),(52,30970),(53,17398),(54,5063),(55,11032),(57,3688),(58,26423),(61,10727),(62,3746),(65,6715),(66,19746),(67,11985),(68,14712),(69,13501),(75,19812),(76,3323),(77,7260),(81,28124),(83,19081),(89,6600),(91,32145),(92,14065)]	108.285140
365	[(0,15677),(3,28716),(4,17088),(6,4604),(7,27679),(8,201),(11,22611),(12,8348),(14,6350),(15,10540),(17,977),(18,30480),(19,31817),(20,6526),(21,24547),(22,5079),(25,21716),(29,19642),(30,7993),(34,17975),(35,29976),(40,15775),(43,25413),(45,24382),(46,13512),(47,14814),(51,13851),(52,3980),(54,31621),(56,7407),(57,2079),(58,30472),(59,26799),(60,6906),(61,25970),(64,5744),(65,22662),(66,28109),(68,21001),(69,17090),(70,30330),(71,24717),(74,21698),(75,22504),(76,10000),(78,4418),(80,27345),(83,26215),(84,6767),(85,19786),(90,20924),(91,31384)]	107.214010
366	[(3,3046),(5,21228),(6,23611),(7,29205),(9,16847),(10,15165),(16,10736),(18,17677),(19,1357),(24,7958),(30,3505),(32,16057),(33,22485),(34,15776),(35,20872),(36,16701),(37,6752),(38,26142),(42,5910),(43,7712),(44,8425),(45,8559),(46,4400),(47,24173),(48,29477),(49,31719),(50,9432),(51,6723),(52,14350),(54,16090),(56,30446),(59,17968),(60,30275),(61,11242),(62,1228),(65,14800),(66,27896),(67,15133),(69,29952),(70,9786),(72,29700),(73,17147),(74,2571),(77,32196),(78,25165),(79,6036),(80,33700),(81,11249),(84,5490),(85,23794),(86,10721),(87,33066),(88,15205),(91,19597),(92,11708)]	100.731921
367	[(0,24099),(2,26118),(3,4686),(5,9523),(6,29352),(10,13946),(13,21964),(14,25591),(17,18946),(20,4280),(21,23980),(22,1335),(23,9501),(24,19436),(25,23502),(30,31229),(31,5123),(32,21948),(34,16836),(35,31315),(37,23803),(38,4765),(39,25794),(41,28755),(48,3906),(51,9297),(52,32820),(55,7263),(56,31150),(60,32945),(66,11823),(68,4495),(72,16208),(75,15066),(76,14437),(77,15788),(78,31477),(80,9329),(81,698),(83,23531),(84,19746),(86,27547),(92,14103)]	103.157098
368	[(4,13497),(6,10156),(9,21943),(15,14089),(16,20789),(19,17270),(23,7126),(26,20483),(27,7248),(30,13070),(31,6177),(32,1967),(34,29284),(35,32174),(36,13723),(37,17869),(39,17431),(40,27572),(42,29536),(45,4854),(46,17688),(48,23885),(50,30690),(53,33517),(55,10040),(58,10263),(59,25104),(60,23482),(62,28254),(63,30379),(70,1811),(72,11261),(73,3894),(75,12321),(76,8974),(81,6720),(82,33906),(83,15853),(84,6844),(87,5197),(88,26847)]	127.697702
369	[(2,20514),(3,27639),(4,32593),(9,21643),(13,14362),(15,444),(16,9212),(18,9151),(19,33338),(21,22025),(22,7716),(23,936),(24,24120),(26,23391),(27,15139),(30,9832),(31,6500),(32,18329),(34,12364),(36,7247),(38,28888),(39,22145),(40,32145),(41,24759),(44,8826),(50,29665),(52,14905),(53,26161),(54,12743),(57,26206),(61,29842),(62,17547),(63,6563),(64,29432),(65,29223),(66,26983),(67,9313),(68,2346),(71,22652),(74,27609),(75,12464),(76,6051),(78,31673),(80,2077),(83,22748),(84,9306),(87,7788),(88,19969),(90,8118),(92,32626)]	109.566040
370	[(2,3393),(3,7809),(8,9618),(9,23965),(10,5452),(13,27909),(14,30641),(16,15438),(18,8428),(20,14162),(21,10008),(25,29557),(27,15216),(29,12136),(31,5504),(33,31550),(34,4406),(38,32111),(39,9976),(41,8625),(44,11745),(45,6465),(46,14615),(48,16441),(49,22986),(51,22074),(53,1954),(54,3364),(55,27049),(57,3344),(59,5907),(60,22151),(65,22836),(66,16779),(68,27614),(69,13480),(71,32879),(72,24460),(73,17133),(80,10536),(85,29647),(88,19945),(89,11159),(90,1896),(91,19651),(92,10373)]	100.227518
371	[(1,10936),(2,3888),(6,27733),(7,14341),(10,27124),(12,12636),(14,10376),(15,11071),(22,30851),(25,17630),(26,20034),(27,14144),(31,14672),(33,25499),(35,23920),(36,7535),(37,6748),(40,15951),(41,6817),(44,31456),(45,31721),(50,16729),(58,30526),(60,6342),(61,21199),(62,22255),(63,25155),(65,8625),(66,4856),(67,6272),(70,11406),(71,20207),(73,7612),(74,27271),(75,21736),(76,11750),(77,10316),(80,8589),(81,23521),(82,30914),(84,26036),(86,7293),(87,9171),(91,23895),(92,27172)]	98.098072
372	[(1,16251),(2,23636),(3,26597),(4,33444),(5,1232),(7,30541),(8,13726),(10,1391),(12,30107),(13,4053),(17,26311),(19,17337),(20,28242),(25,7955),(26,11974),(29,19725),(30,12248),(32,20408),(34,8436),(38,9527),(39,6718),(40,10846),(44,9733),(46,22194),(47,2666),(49,29651),(50,1074),(51,22880),(52,10495),(54,31341),(56,16384),(57,23308),(58,21937),(59,24219),(61,8838),(62,7212),(63,12403),(64,4229),(65,8902),(67,25669),(69,13155),(70,22919),(73,25690),(74,33556),(78,32891),(79,23554),(80,31569),(82,26024),(84,11793),(85,26234),(86,6605),(87,784),(90,22114),(92,4021)]	102.815764
373	[(1,2548),(3,3251),(4,12522),(7,4747),(12,24113),(13,16489),(15,9486),(17,848),(20,16040),(22,18459),(23,638),(27,33284),(28,9504),(29,29498),(32,12270),(33,3925),(35,757),(36,2226),(38,15412),(40,23195),(41,29491),(42,22188),(43,20206),(45,26006),(46,6586),(47,6468),(48,19332),(51,5980),(52,17625),(54,3964),(58,11379),(59,27481),(60,11214),(62,10370),(69,19984),(71,32039),(72,16287),(73,21180),(74,30112),(76,9386),(78,1772),(79,10668),(80,7664),(82,21080),(83,10336),(84,13518),(86,33201),(88,19495),(89,32447),(91,14177)]	105.139025
374	[(0,2008),(1,16156),(2,12614),(3,25568),(4,20270),(6,2022),(8,16488),(9,17596),(10,2690),(11,19062),(12,23350),(13,17740),(18,27227),(19,28944),(20,17392),(23,26858),(24,11708),(25,30145),(27,5234),(28,20624),(30,2649),(33,4466),(35,5514),(36,27866),(37,11834),(40,2547),(41,16028),(42,3850),(43,891),(44,5058),(46,20501),(48,14828),(50,31234),(51,33637),(52,33862),(53,8242),(54,17790),(55,23732),(56,16792),(59,3858),(60,18920),(63,6181),(65,19868),(66,32484),(67,4395),(69,252),(70,20923),(71,20504),(73,2065),(76,1086),(77,4267),(80,28602),(82,366),(83,25468),(85,7105),(86,17049),(87,22624),(91,10102)]	99.731159
375	[(1,9265),(5,13213),(7,3928),(8,27978),(12,10391),(18,4649),(24,21829),(26,8066),(27,9447),(29,149),(31,14411),(32,9674),(34,49),(35,15447),(37,2913),(39,3933),(41,21205),(43,27306),(46,11585),(47,1176),(48,7098),(49,33127),(50,33686),(51,256),(53,25103),(54,8137),(56,19426),(57,31034),(59,16417),(61,26570),(62,13737),(64,31343),(66,23683),(69,28896),(70,15901),(71,13509),(73,14276),(75,10853),(78,13011),(81,13988),(83,33212),(84,23585),(85,12555),(86,11464),(88,15412),(90,20156),(92,18687)]	100.926622
376	[(0,7506),(4,14240),(5,11403),(7,2030),(8,21223),(9,22411),(10,4645),(11,4238),(12,12925),(13,26458),(15,964),(16,5924),(20,13612),(22,16087),(27,23460),(28,26817),(30,8929),(31,11364),(34,20940),(37,20248),(38,5995),(39,18436),(40,20742),(43,14394),(44,11286),(45,31095),(47,15272),(48,33840),(49,12892),(52,24977),(53,12437),(57,30798),(60,8448),(61,11413),(63,30330),(64,29922),(65,22141),(66,22851),(67,21021),(71,16548),(72,27300),(73,11646),(75,3456),(79,6674),(80,20699),(82,18648),(85,23980),(86,1335),(92,9304)]	103.517034
377	[(0,18244),(2,9174),(7,23056),(8,14044),(11,6898),(17,8943),(21,18389),(22,2242),(24,24842),(26,28397),(28,5631),(29,19789),(30,30622),(32,18893),(34,25016),(35,24929),(36,9620),(38,19467),(40,4836),(42,11197),(43,23015),(44,16601),(45,1056),(46,14281),(49,4771),(51,15820),(53,13053),(56,24044),(57,8320),(58,7488),(59,29668),(62,30005),(67,23344),(68,8665),(70,24842),(72,28279),(73,18307),(74,15309),(75,13297),(76,5522),(77,9436),(78,22052),(79,18928),(80,18665),(81,15209),(83,30693),(84,31702),(85,14723),(86,10214),(90,33840),(92,11463)]	110.335794
378	[(5,10046),(6,7438),(13,16657),(14,18961),(15,28298),(17,10084),(20,13772),(21,25868),(24,16376),(25,14269),(27,6615),(28,13093),(29,1402),(32,3108),(39,21108),(40,29718),(43,21210),(44,4909),(45,17956),(50,3317),(51,23200),(53,31748),(54,14276),(56,7307),(58,14156),(59,14653),(60,31791),(64,16011),(66,25133),(68,14682),(69,6868),(71,26597),(74,7596),(76,15139),(80,16027),(81,7090),(83,18064),(84,12358),(86,29440),(88,14148)]	148.942690
379	[(1,6941),(3,24572),(8,26791),(10,25605),(11,28374),(12,20348),(14,32700),(15,5909),(16,23775),(17,27388),(18,31456),(19,20777),(20,6984),(21,21471),(22,11808),(23,18219),(24,3012),(26,27293),(28,17135),(30,3086),(32,19509),(34,8606),(35,16411),(36,21580),(37,11566),(38,24781),(39,8144),(43,28342),(46,20331),(47,19601),(48,3812),(53,13255),(54,10782),(55,10516),(57,28996),(59,33130),(60,33188),(64,30251),(65,17267),(66,21541),(69,6726),(72,1443),(73,18759),(78,8592),(81,12192),(84,21383),(85,22486),(86,9174),(89,33181)]	112.500861
380	[(1,17672),(2,18209),(3,33151),(4,23650),(5,28943),(7,16488),(8,6612),(10,8981),(13,3685),(14,9434),(16,30059),(17,18655),(19,31283),(24,22767),(25,5646),(27,26188),(31,32818),(33,23146),(37,5942),(38,751),(41,3842),(43,29115),(46,12575),(49,1544),(50,23988),(51,21730),(52,24588),(53,13228),(58,17402),(59,18207),(62,31978),(65,16948),(67,15905),(68,9797),(69,7049),(70,13612),(71,17594),(72,20133),(74,21875),(77,20393),(78,1640),(79,19718),(80,20674),(81,2246),(84,23484),(85,30437),(88,27476),(89,9764)]	119.751582
381	[(2,9018),(4,24287),(5,22314),(6,25347),(7,28128),(8,7848),(9,14303),(18,19360),(20,12894),(21,18508),(23,25927),(24,18551),(25,11060),(26,21318),(29,16975),(30,31516),(31,1737),(34,11120),(35,20488),(36,24316),(39,33223),(43,24547),(44,1821),(45,22968),(48,27924),(49,24081),(50,23796),(51,18859),(52,28013),(53,6),(54,8420),(58,22078),(59,6168),(60,27075),(61,23711),(66,18150),(68,19352),(75,950),(77,5856),(78,28169),(79,12036),(80,26371),(90,29561),(91,645),(92,23110)]	109.400217
382	[(1,10576),(5,19716),(8,16606),(10,25651),(12,29728),(14,14003),(16,15402),(18,3478),(20,2727),(21,10366),(22,3907),(24,18539),(26,10328),(28,10942),(30,15794),(31,13148),(32,4314),(33,317),(34,19407),(35,19167),(38,776),(39,6404),(41,17103),(42,15561),(44,22028),(46,16145),(49,33082),(51,5155),(52,28982),(54,32460),(56,18499),(57,22420),(58,10728),(62,32050),(65,2311),(66,11105),(67,17719),(70,5327),(71,18450),(72,8032),(76,3777),(78,25270),(81,892),(82,27040),(83,20197),(84,17343),(87,31603),(89,10775),(90,6024),(92,4763)]	118.736571
383	[(3,15301),(6,29707),(8,24223),(10,6023),(12,28689),(23,1545),(24,22568),(30,26239),(31,15019),(33,5708),(35,3474),(36,19742),(37,24819),(39,16429),(40,30575),(41,30152),(42,10989),(43,22686),(44,14886),(45,32301),(47,18871),(48,29536),(51,23631),(53,26485),(54,14653),(55,16513),(56,7434),(57,31609),(59,30053),(60,13307),(61,6710),(64,4545),(67,17669),(70,24195),(73,0),(74,15625),(75,24907),(76,32408),(77,25880),(83,8365),(85,18299),(86,17125),(87,481),(90,1530),(91,5803)]	112.802592
384	[(0,28941),(1,16593),(3,5700),(4,13019),(5,17571),(6,870),(7,14255),(8,13000),(9,27262),(10,20725),(11,29188),(12,2312),(14,30707),(15,33783),(16,3355),(17,3168),(18,30890),(20,14817),(22,19008),(23,428),(24,2664),(26,19323),(30,8259),(32,21829),(34,10346),(37,1682),(38,9793),(39,29018),(43,4247),(46,25353),(47,2612),(52,16545),(53,23363),(55,274),(57,2810),(58,11418),(60,25878),(62,1275),(63,27054),(64,1794),(65,14585),(71,15708),(73,8454),(78,10456),(81,3685),(83,1130),(86,22750),(87,10478),(89,13529),(92,6536)]	106.084784
385	[(2,13736),(3,2825),(4,30981),(5,19359),(9,13337),(10,28526),(11,16914),(14,18626),(15,7766),(19,20630),(21,27191),(25,869),(29,5436),(30,25766),(33,15065),(34,3101),(36,8603),(39,28312),(40,13805),(41,16459),(44,19891),(45,29322),(47,33611),(53,1923),(56,30074),(57,26247),(58,15019),(59,12569),(60,1129),(61,7823),(62,19699),(64,13164),(66,33836),(67,26141),(69,30123),(72,15496),(77,32930),(79,21912),(80,13514),(81,31949),(83,27282),(87,26132),(89,20172),(90,11884)]	113.276687
386	[(1,16370),(3,31661),(5,5277),(7,24),(8,18821),(10,17308),(12,8949),(13,19571),(14,1173),(16,1665),(17,14061),(21,29158),(24,1661),(25,30592),(30,12214),(32,25178),(35,4950),(36,32009),(39,10301),(41,25113),(42,28518),(43,32960),(49,5816),(51,19835),(52,9559),(53,13989),(55,31381),(56,30495),(57,31239),(61,22207),(66,7626),(68,14354),(71,4837),(72,33353),(73,9568),(77,24779),(82,9486),(85,15226),(88,13383),(91,32000)]	119.474833
387	[(0,13083),(1,30675),(3,30850),(4,33518),(5,12105),(7,4658),(10,31454),(11,32890),(12,24916),(14,15148),(15,33485),(16,3629),(18,13381),(19,32998),(20,25491),(23,18379),(24,29408),(34,22597),(37,17201),(40,31681),(41,12655),(43,3283),(45,624),(46,21459),(47,26895),(50,5184),(51,25161),(53,1029),(55,16494),(56,28805),(62,11937),(65,28026),(66,25579),(67,12597),(68,14157),(70,22405),(72,1195),(73,26592),(76,25061),(78,372),(81,31740),(87,1139),(91,28353),(92,28385)]	139.249543
388	[(2,5387),(3,28732),(5,1925),(7,11318),(8,17716),(9,5339),(10,31360),(11,19949),(13,3701),(15,17462),(16,28723),(20,13615),(23,20853),(24,25832),(25,6937),(26,17502),(27,6684),(28,8613),(29,4869),(30,13604),(31,24169),(32,11312),(36,15003),(37,18477),(40,14655),(42,16584),(45,18832),(46,27575),(48,20308),(50,17300),(52,20138),(53,4881),(54,3182),(56,4017),(57,26804),(59,29203),(62,32103),(66,20650),(69,9010),(70,27090),(72,29947),(76,2333),(77,30435),(78,29684),(79,20504),(80,9513),(83,27764),(86,21692),(87,29969),(90,4248)]	113.587898
389	[(2,25675),(3,7348),(4,29376),(5,5691),(9,20839),(10,28829),(11,16024),(16,26463),(18,5462),(21,3632),(23,5666),(24,15061),(27,10905),(29,28504),(36,28855),(41,18989),(43,29696),(46,32073),(49,10851),(50,23005),(51,21625),(52,19892),(53,30637),(57,24530),(59,11576),(65,14852),(67,4475),(69,1617),(70,1569),(74,10850),(77,32069),(78,21472),(80,13196),(81,26986),(82,4628),(83,14317),(84,9090),(85,3821),(86,11408),(87,28486),(91,1059)]	100.977562
390	[(0,9615),(1,14531),(2,32136),(3,27974),(4,32965),(5,21482),(6,26506),(7,2213),(11,10529),(12,25432),(15,20669),(16,9106),(17,7285),(19,25682),(20,1235),(22,27348),(23,29890),(28,17341),(29,2933),(31,18137),(34,12778),(35,1337),(36,21152),(38,23087),(41,15773),(42,13226),(43,27659),(45,5491),(46,32830),(47,18918),(48,6586),(50,786),(51,17791),(52,28326),(54,1987),(57,20285),(62,12605),(63,27583),(67,3480),(72,2816),(76,28861),(77,25221),(78,12528),(79,21058),(80,18965),(81,4737),(82,14138),(83,23974),(84,21225),(87,22721),(88,24282),(90,27947),(91,19620),(92,3048)]	105.478837
391	[(2,28088),(4,13910),(5,9116),(6,28036),(7,6393),(8,30624),(9,17598),(10,14310),(11,26980),(12,14751),(16,8938),(17,29502),(18,13888),(19,15292),(20,8025),(24,10967),(26,24947),(27,32863),(28,10500),(30,10059),(31,9420),(32,10523),(37,10226),(39,24626),(42,26984),(43,12185),(47,25375),(49,29518),(50,2783),(52,3830),(53,8545),(54,16495),(59,18648),(62,25099),(63,32164),(65,12772),(67,19652),(68,22210),(69,5945),(72,9408),(73,24279),(76,11644),(80,30843),(81,9425),(82,25888),(83,27839),(89,22400),(90,21103),(91,24225),(92,23697)]	112.837705
392	[(2,21909),(4,10672),(7,21517),(8,29327),(9,6460),(10,33012),(12,28772),(13,14299),(14,28585),(15,33889),(17,21552),(20,28244),(22,14864),(23,33106),(24,30562),(27,1911),(28,22547),(29,14927),(31,5828),(33,13678),(38,28127),(40,31732),(41,16726),(43,10191),(45,30533),(47,14983),(50,11952),(53,22899),(54,10751),(55,16032),(56,1587),(58,27094),(59,10448),(62,24343),(66,13339),(72,32561),(74,6428),(76,17596),(80,13995),(87,11171),(92,31571)]	129.382821
393	[(0,30521),(3,7501),(10,20752),(11,32130),(13,17950),(14,9838),(16,22681),(17,27179),(18,7908),(20,922),(21,23189),(22,9422),(24,3005),(25,19072),(26,1919),(28,25775),(30,12481),(31,8655),(32,384),(34,7785),(35,21303),(36,28944),(37,28541),(39,2259),(40,19191),(42,3976),(43,13652),(45,14566),(47,531),(49,10992),(51,5694),(52,33324),(53,27655),(55,27616),(56,24169),(57,11312),(58,31170),(59,21815),(60,5922),(61,14924),(62,30625),(67,22102),(68,26604),(70,30265),(71,21597),(75,32970),(76,22254),(77,33302),(78,14889),(79,32486),(80,13685),(82,12963),(84,29945),(88,3366),(89,20664),(92,5774)]	234.621605
394	[(0,3922),(4,3942),(6,6503),(7,19608),(12,17961),(14,21193),(16,8477),(20,11486),(21,31760),(27,31459),(28,30647),(30,6804),(31,28823),(32,14909),(35,9813),(39,27881),(41,24032),(43,33471),(49,20729),(51,26685),(53,17832),(55,8527),(58,17317),(59,26330),(68,7082),(69,27589),(70,27286),(72,3336),(73,28873),(74,13788),(78,9962),(79,32321),(82,7095),(83,30874),(84,12503),(85,19632),(86,16357),(88,16208),(90,11072),(91,1530)]	251.515556
395	[(0,30473),(6,26212),(7,12948),(13,25200),(16,7928),(18,20224),(22,15574),(25,10735),(26,12821),(33,32098),(35,23168),(38,15725),(39,763),(40,2453),(41,22101),(47,12245),(48,142),(49,11339),(50,21961),(51,10940),(53,30494),(56,1950),(57,14127),(59,30319),(64,22977),(65,4852),(66,244),(67,3402),(69,3124),(70,25961),(71,24863),(72,25765),(74,13435),(75,17962),(78,6414),(79,11743),(81,27054),(82,1794),(83,642),(85,14558),(86,31163),(87,1024),(88,17718),(90,32494)]	218.409764
396	[(0,14176),(1,10023),(2,4712),(4,26425),(5,30123),(7,7124),(10,31024),(13,6652),(14,6082),(15,33266),(17,3476),(19,967),(20,6616),(25,13744),(26,10643),(29,5442),(32,32218),(33,23027),(34,23038),(35,33129),(36,12616),(40,15661),(41,7028),(46,12090),(51,11683),(52,1652),(54,13390),(56,18962),(74,10630),(79,17642),(80,17724),(83,18502),(85,33901),(87,22373),(90,28547),(91,10510)]	228.738910
397	[(0,33439),(1,27594),(2,32280),(7,13800),(16,1848),(17,22153),(19,6301),(21,6001),(22,13885),(24,33278),(26,2795),(28,17238),(30,1093),(33,33357),(34,21133),(41,10055),(43,2715),(45,31382),(48,13990),(50,4534),(57,22460),(58,14781),(60,12623),(61,31966),(62,25512),(63,3217),(64,29744),(65,6711),(69,24632),(70,31768),(71,282),(72,19506),(74,16421),(76,5727),(77,14056),(78,6433),(79,2424),(80,29088),(82,27366),(84,13802),(85,24506),(86,7948),(90,27777),(92,8646)]	212.658123
398	[(0,15388),(4,21232),(5,18936),(11,23225),(13,14824),(14,584),(15,33198),(19,33091),(24,9439),(25,12945),(29,28155),(31,20864),(33,33420),(35,13452),(36,5598),(37,12658),(42,23960),(43,31471),(44,31995),(45,15551),(50,6135),(52,17878),(54,22286),(60,11633),(61,10219),(63,7407),(70,17782),(72,26936),(75,1289),(76,15020),(78,5438),(80,31366),(83,9412),(89,12665)]	230.441787
399	[(0,27008),(1,21951),(4,12930),(5,707),(7,7545),(8,15930),(10,9386),(12,1772),(14,14783),(15,20001),(16,15337),(17,15560),(20,28024),(21,33087),(23,31738),(27,2723),(28,9196),(29,13985),(31,29031),(32,10406),(33,8345),(35,10392),(36,4209),(38,31170),(39,13217),(41,6800),(44,16471),(45,1141),(49,31066),(50,8765),(51,27889),(53,26264),(55,15498),(57,33580),(59,25744),(60,13625),(61,27506),(62,29628),(63,4986),(66,10720),(68,26051),(70,26702),(71,16159),(73,27905),(74,12624),(77,11613),(78,33408),(79,33501),(84,9383),(85,26727),(86,3919),(87,16911),(88,14505)]	240.145562
400	[(1,9004),(3,2203),(4,6001),(5,13885),(6,30644),(7,25045),(9,20368),(11,23431),(14,6425),(16,7879),(18,27029),(19,32774),(20,6183),(21,11858),(22,32507),(25,12659),(26,4356),(29,23976),(31,27339),(32,1447),(33,26402),(36,9960),(41,17474),(44,11099),(45,1018),(46,23761),(47,22347),(50,19848),(53,633),(54,20240),(55,13466),(56,14988),(57,1385),(59,22410),(60,9033),(61,4090),(62,31829),(63,30587),(64,29182),(67,31427),(69,11530),(74,2131),(75,33462),(76,17195),(77,6468),(78,19332),(81,24627),(82,8324),(84,17162),(85,31712)]	224.995521
401	[(1,25833),(4,18528),(5,28913),(7,28657),(9,17444),(10,23294),(14,12037),(16,25452),(17,2554),(18,25871),(19,27170),(20,7126),(21,29231),(24,3268),(26,12010),(28,12952),(30,28960),(31,27593),(33,13076),(37,13734),(38,29960),(41,3709),(42,27268),(44,15367),(46,1188),(50,16905),(51,4047),(53,17640),(57,30606),(58,27139),(59,17367),(61,31645),(62,30912),(64,21524),(65,2424),(66,20941),(67,16483),(69,23787),(71,1055),(72,25481),(73,10948),(75,30051),(78,5599),(80,20186),(81,26085),(83,9647),(85,26359),(87,27838),(88,16358),(89,13786),(91,21671),(92,11581)]	211.425119
402	[(0,19290),(3,25102),(4,17399),(7,27213),(9,26130),(10,15784),(12,26670),(13,690),(16,7537),(17,27870),(19,6971),(20,7459),(23,18939),(24,15955),(25,26770),(28,32399),(30,5685),(31,3324),(32,14123),(33,32635),(35,6628),(39,30939),(40,19694),(45,7737),(49,25153),(52,18656),(55,1594),(56,5609),(57,24048),(58,16067),(59,22346),(62,12075),(64,31917),(66,10046),(68,26241),(69,19284),(77,8583),(79,26259),(81,20608),(82,25162),(83,25811),(84,13067),(85,15025),(86,1109),(87,26420),(89,3229),(90,5565),(92,5359)]	214.696885
403	[(0,15104),(2,11705),(3,10496),(8,20210),(9,568),(11,32010),(12,419),(14,27751),(15,11846),(17,2481),(18,29757),(20,29316),(21,33821),(22,27687),(24,14215),(25,4766),(26,10299),(27,9466),(28,20477),(29,10893),(30,22414),(31,6429),(32,2014),(36,11383),(39,32602),(40,15637),(41,5779),(45,10090),(48,1796),(50,29263),(51,16872),(53,28916),(58,27777),(60,21262),(61,31355),(63,4947),(66,6519),(67,14930),(69,11502),(72,23196),(73,25218),(74,186),(76,1514),(79,31441),(81,20481),(84,23313),(85,32096),(88,13168),(89,31217),(90,339),(91,8905)]	214.183052
404	[(0,11366),(1,17695),(3,10639),(4,13850),(6,5534),(7,31956),(8,31121),(10,6601),(11,1149),(15,19951),(16,14993),(17,5557),(18,26536),(20,21172),(26,5885),(28,5996),(29,1796),(30,8444),(34,29842),(35,16772),(37,19425),(42,8539),(44,15420),(46,26380),(47,28399),(49,26293),(50,24457),(53,5499),(55,14298),(56,11957),(57,6610),(58,25361),(59,18662),(60,12366),(63,11600),(64,6418),(65,13744),(67,28711),(68,26960),(70,622),(72,15273),(76,5078),(79,24733),(81,10273),(82,7995),(86,17152),(87,28006),(89,22216),(90,30061),(91,7754),(92,16387)]	215.345085
405	[(0,1508),(1,31946),(3,20784),(7,3553),(8,25656),(13,15069),(14,13661),(15,15539),(17,16437),(19,23305),(21,1158),(22,32793),(23,17585),(25,8495),(26,25803),(28,22406),(29,4744),(30,11549),(31,16122),(33,22127),(34,16796),(35,2900),(39,13894),(40,8714),(46,24757),(47,2587),(50,28681),(51,28334),(56,10941),(57,20655),(59,22419),(60,5165),(61,30946),(65,32520),(66,4426),(68,7690),(69,14776),(73,13922),(74,7902),(76,24704),(80,8524),(81,5274),(84,19856),(88,601),(89,4641),(91,24817)]	222.891161
406	[(0,266),(1,22868),(2,13775),(3,2088),(4,16475),(5,7910),(8,13608),(12,6167),(14,20058),(15,25235),(17,18434),(21,7371),(23,27113),(24,9276),(25,20822),(27,22302),(30,21193),(31,9799),(33,18795),(34,29639),(37,22446),(40,10518),(41,30102),(43,19544),(47,7066),(51,21035),(55,15446),(57,17311),(58,21292),(60,8997),(64,11667),(65,19276),(67,5764),(68,543),(70,6181),(72,19868),(73,20881),(77,33552),(78,18559),(81,8237),(83,20833),(85,16240),(89,5485),(91,27768)]	208.069818
407	[(0,19215),(3,7137),(5,11029),(6,7911),(8,28661),(11,24557),(13,1298),(15,19102),(16,7701),(17,3762),(19,23483),(20,29827),(22,25989),(24,9911),(25,30004),(27,27863),(29,32006),(31,10133),(39,2229),(41,26063),(44,20592),(46,3442),(47,21472),(49,23959),(50,25377),(55,24235),(58,4424),(59,2806),(60,19299),(65,30227),(68,7147),(72,5524),(73,32699),(74,32044),(75,1972),(76,14189),(77,7901),(80,942),(83,15633),(84,14652),(87,408),(88,28068),(89,23701),(91,17286),(92,1444)]	231.550414
408	[(1,7438),(4,8832),(5,6802),(7,20065),(9,5204),(10,1427),(12,201),(13,9091),(15,19568),(16,29034),(18,5533),(19,20456),(20,13432),(21,17111),(22,1871),(24,28493),(25,21752),(29,12196),(30,17750),(31,25693),(32,16038),(33,22109),(39,11517),(41,18251),(42,31546),(43,11700),(44,13298),(46,13689),(50,27666),(51,32777),(52,10295),(54,538),(55,10195),(56,11957),(60,18219),(61,3012),(64,3896),(65,31164),(66,10209),(67,22393),(69,14274),(72,4656),(74,31675),(77,10314),(78,25280),(79,1037),(82,4966),(84,239),(86,3780),(89,9054),(90,31221)]	182.567848
409	[(0,10756),(1,32454),(5,18567),(7,12099),(10,19404),(12,9783),(13,28151),(14,3187),(16,28437),(17,13051),(18,14713),(19,13425),(20,8099),(23,27042),(25,20739),(26,33520),(28,1578),(30,9440),(33,24734),(35,3201),(36,23074),(39,25926),(45,7731),(46,23047),(47,12191),(48,27724),(49,24263),(50,19005),(54,14555),(58,14597),(59,32565),(60,17612),(61,6404),(62,23765),(65,26922),(67,32828),(68,16086),(69,22659),(70,17165),(72,27026),(73,29355),(75,32525),(76,2590),(79,18616),(80,18210),(81,2821),(82,30040),(85,1626),(88,13703),(90,12799),(91,20786),(92,2922)]	96.999203
410	[(0,1417),(1,17289),(3,24638),(4,15752),(5,18054),(6,31297),(7,30317),(9,24046),(10,27630),(12,6143),(13,7739),(15,18327),(16,26672),(18,21549),(19,7483),(22,24813),(24,22361),(27,11266),(29,32061),(30,15373),(31,20098),(32,33699),(34,16365),(35,29195),(37,22907),(40,6550),(41,7168),(44,7145),(48,16541),(50,11357),(58,19420),(59,15027),(61,3827),(62,6257),(63,21998),(64,2663),(65,22581),(66,32025),(70,2797),(74,1215),(77,29282),(78,26381),(84,20009),(85,2726),(87,14856),(91,22934)]	124.014935
411	[(1,12204),(2,2687),(4,24754),(6,6658),(7,17637),(11,12707),(12,9476),(14,11866),(15,18491),(18,21110),(20,10178),(22,11602),(24,200),(25,16126),(26,15306),(27,15528),(28,15891),(29,25476),(30,14350),(32,16090),(33,19946),(37,19344),(39,22346),(41,25086),(42,3286),(44,8526),(46,18480),(48,30443),(49,261),(52,1747),(55,4990),(56,4305),(57,12003),(58,9013),(60,11841),(62,28802),(63,3552),(65,8047),(68,29445),(69,28050),(70,3104),(71,20341),(73,32904),(76,14968),(77,3258),(79,29753),(80,14255),(81,13000),(82,14091),(83,11260),(84,25481),(85,10948),(86,21650),(89,30907),(90,26835)]	110.143703
412	[(0,24429),(1,31000),(2,4895),(3,25722),(7,26204),(8,31050),(10,21464),(11,14875),(12,17104),(13,23177),(16,23431),(18,2818),(19,3502),(21,15418),(22,24601),(27,1765),(28,14603),(29,32193),(31,5936),(35,3601),(36,19798),(37,7574),(38,26584),(40,5236),(41,19883),(42,9933),(43,9957),(44,25266),(45,25663),(47,28915),(48,4246),(49,20717),(50,18557),(51,18548),(52,18199),(53,32238),(55,18641),(57,15590),(62,32829),(63,982),(64,30948),(67,18796),(68,15225),(69,14388),(70,9366),(72,20054),(77,25244),(80,21865),(81,17516),(82,32542),(83,25847),(84,27962),(87,7413),(88,13967),(89,28477),(91,1178),(92,22149)]	107.397584
413	[(1,31931),(2,10630),(3,320),(4,12198),(6,16290),(13,28514),(14,17764),(22,27091),(24,26140),(26,11773),(27,13094),(29,7907),(33,10043),(36,10810),(37,18395),(40,3314),(41,9892),(47,20328),(52,15957),(53,24879),(57,15886),(59,9720),(61,23392),(62,11694),(63,27647),(65,13620),(66,3424),(70,14318),(72,21769),(73,28735),(74,13384),(77,4305),(78,32221),(81,9934),(83,5774),(86,20387),(88,4632),(92,12278)]	107.296332
414	[(1,2846),(3,8750),(4,9884),(6,27540),(8,5120),(11,11086),(12,2050),(13,21852),(14,23043),(15,31812),(16,21207),(18,11513),(25,12293),(26,9059),(28,21079),(29,16288),(30,9240),(32,29807),(34,3650),(35,13043),(38,28752),(42,29774),(43,24230),(45,27665),(46,25643),(47,335),(48,20934),(50,19447),(51,24126),(53,12024),(55,28029),(57,33255),(61,31156),(62,1274),(64,2585),(66,8209),(67,25533),(68,17566),(71,22244),(73,21090),(74,11380),(75,10551),(78,31725),(79,24607),(80,14792),(81,27648),(83,3953),(85,24455),(86,25971),(87,27977),(88,6736),(89,23257),(91,10064)]	104.570193
415	[(0,1944),(2,10392),(3,16978),(4,10642),(13,19616),(14,7038),(18,22144),(19,7685),(21,32879),(23,4230),(24,3151),(26,16685),(32,12104),(35,18922),(36,8855),(38,16181),(39,18649),(40,4520),(41,30555),(42,3453),(45,28122),(46,6485),(48,25634),(50,2449),(54,3931),(56,21208),(57,15021),(59,31331),(60,859),(65,17396),(66,1363),(67,23738),(68,6183),(69,21655),(70,23208),(71,3456),(72,6342),(74,11918),(75,32198),(76,6687),(77,17217),(78,13853),(83,21246),(84,7947),(86,31728),(90,24806),(91,33017),(92,19518)]	110.386441
416	[(0,7698),(1,32651),(3,7850),(6,27606),(10,16186),(13,27120),(15,25798),(16,29089),(18,19050),(21,1701),(22,22324),(24,7172),(25,27497),(26,2396),(27,7558),(28,979),(29,14089),(30,26419),(31,23159),(32,17122),(33,32092),(35,2599),(39,13239),(40,4200),(42,33843),(43,23851),(46,24859),(47,18186),(51,10566),(53,18545),(54,28235),(58,12302),(59,6940),(60,16740),(61,22622),(65,31479),(66,4582),(67,26569),(68,29015),(71,20573),(73,1138),(76,8220),(77,8217),(79,15690),(80,4348),(82,20967),(87,33774),(92,5517)]	104.105151
417	[(2,29150),(3,1741),(4,25758),(6,11285),(11,5431),(12,6363),(14,4827),(15,15283),(16,28763),(17,22647),(18,5329),(19,8707),(20,22020),(22,15929),(26,15487),(27,18013),(28,25329),(30,1656),(31,30507),(32,23121),(34,21260),(35,25360),(36,30068),(37,31146),(39,19430),(41,20776),(43,16109),(44,1974),(46,2448),(48,10047),(50,2372),(51,11594),(54,30387),(56,3397),(58,24906),(60,16557),(62,15537),(63,4217),(64,6863),(67,25397),(68,20283),(70,16155),(73,15526),(74,16072),(75,23610),(76,2353),(79,5567),(81,24286),(82,21214),(84,17989),(85,19610),(89,24663),(90,9836)]	101.891840
418	[(1,20582),(3,6673),(4,8972),(6,26217),(7,3248),(8,13717),(9,27550),(10,19613),(11,19893),(12,24433),(13,33424),(14,18300),(15,17173),(16,18178),(17,8960),(18,4176),(21,23673),(24,25700),(25,30641),(27,30505),(28,2159),(32,17070),(33,10391),(34,18742),(35,12264),(38,19735),(41,18571),(43,10543),(44,12009),(45,25315),(47,16343),(50,16440),(53,12541),(55,10301),(57,27470),(59,13900),(60,12748),(65,4494),(66,6570),(67,26183),(68,4983),(75,2992),(76,13454),(77,7695),(78,33381),(80,3510),(81,32778),(82,16074),(83,27861),(85,33664),(86,28488),(87,6348),(92,12414)]	94.525497
419	[(0,9827),(1,1822),(2,20265),(5,16285),(6,15487),(7,18013),(9,21204),(11,24265),(18,30897),(25,28),(26,25308),(27,15217),(28,4572),(30,20937),(33,2941),(35,27978),(38,15994),(39,6072),(40,13992),(47,12310),(48,27869),(52,23751),(53,33827),(57,14177),(58,21650),(62,6872),(65,9104),(71,16336),(72,5694),(77,31666),(78,31109),(79,8989),(81,1231),(82,9583),(84,6509),(85,7569),(86,32742),(87,32094),(90,13033),(92,926)]	98.532671
420	[(0,8717),(1,95),(3,14213),(4,21648),(7,1711),(10,27517),(11,307),(12,26350),(13,3003),(14,5928),(15,11952),(17,15006),(21,9966),(22,20668),(23,24942),(24,4139),(26,28651),(29,18485),(30,14250),(31,5000),(33,13775),(34,33647),(35,3495),(37,27099),(38,25877),(39,18469),(40,33078),(41,29742),(42,7569),(43,32742),(49,16677),(52,9165),(53,8888),(57,27554),(63,19495),(65,1888),(66,26266),(67,18646),(69,32373),(70,22599),(71,15072),(72,29326),(73,22956),(74,32597),(76,19929),(77,20262),(78,27359),(80,3554),(83,3840),(85,7341),(92,22562)]	138.254715
421	[(1,25184),(2,29517),(4,32295),(5,14868),(11,24033),(12,19319),(13,8597),(14,13174),(15,30083),(16,18763),(17,22724),(18,10169),(19,4980),(20,9928),(22,6801),(25,2626),(29,2610),(30,29672),(33,19987),(34,24375),(38,28824),(39,18828),(40,33453),(44,21977),(45,1423),(47,29467),(50,21099),(51,28098),(52,1073),(54,1819),(57,22750),(58,14758),(60,9579),(66,2898),(68,28147),(70,12056),(74,26923),(75,21564),(76,8447),(77,31852),(79,16945),(80,24495),(81,11238),(82,13753),(84,19357),(86,4251),(87,26950),(91,23932),(92,7882)]	106.036715
422	[(1,25633),(2,13522),(4,10942),(6,15794),(7,13042),(8,2444),(11,23174),(13,2150),(14,403),(15,8917),(16,12857),(18,12103),(19,22878),(20,29866),(21,17238),(22,29115),(25,18515),(26,27370),(27,20157),(31,21569),(32,21044),(33,4166),(34,24651),(35,14928),(36,5196),(40,195),(42,18045),(44,27183),(48,2863),(49,22058),(53,405),(54,19226),(55,21158),(58,14457),(60,16092),(62,30249),(69,24255),(70,2874),(71,33868),(72,27076),(74,15450),(77,23256),(79,30108),(80,12246),(82,33299),(84,3460),(87,21797),(88,32677),(90,18611),(92,23133)]	101.782169
423	[(0,14563),(1,10524),(2,28854),(8,7916),(9,17858),(12,33591),(14,33286),(17,32545),(18,32262),(20,29163),(21,22497),(22,2063),(25,27667),(26,6614),(28,21973),(30,27576),(33,15324),(35,28924),(37,23876),(39,24128),(40,10912),(43,29324),(44,17468),(46,32054),(48,5625),(49,3697),(50,8367),(51,2488),(53,11550),(54,11976),(55,19736),(56,33640),(57,16738),(60,22868),(61,13775),(62,15635),(64,27925),(67,11341),(73,8056),(75,30365),(76,32018),(78,24898),(79,7195),(80,6978),(81,7065),(84,6908),(85,23153),(86,26785),(87,24967),(91,31810),(92,29117)]	105.823821
424	[(0,27695),(2,32174),(7,19310),(8,625),(9,29637),(13,32685),(14,1302),(15,2248),(18,14745),(19,10761),(20,28251),(23,4145),(24,15913),(25,6643),(26,6985),(27,27194),(28,18222),(31,20744),(33,2722),(34,23608),(35,20932),(38,21656),(40,19601),(41,3691),(42,22639),(44,19700),(45,13654),(48,375),(49,9514),(50,27480),(51,21626),(52,5839),(55,25286),(56,19834),(57,26788),(60,30524),(61,15720),(62,28636),(65,32379),(67,19550),(68,26844),(70,17729),(72,31254),(73,32413),(74,8449),(76,14121),(77,2651),(79,7966),(81,23785),(83,3897),(85,39),(86,27918),(87,21934),(88,32365),(89,24737),(90,14481),(91,10975)]	106.352820
425	[(0,20124),(2,13489),(5,33144),(9,31650),(10,29621),(12,24079),(13,26770),(14,20143),(15,29966),(17,10386),(18,8468),(20,1895),(21,8931),(22,13052),(23,3835),(24,2163),(26,24417),(32,32564),(36,21415),(38,22390),(39,5285),(40,22377),(41,18024),(42,33793),(44,11926),(45,13901),(47,31456),(48,31721),(50,31441),(52,25856),(53,991),(57,10996),(58,13328),(59,14174),(60,31755),(61,20292),(62,6518),(63,23496),(64,27742),(68,11044),(69,29674),(71,79),(72,120),(73,21093),(74,25463),(75,26447),(76,6575),(83,29073),(86,31540),(87,29978),(88,9723),(89,16311),(90,15333)]	110.952124
426	[(0,26974),(1,8385),(2,20148),(3,26847),(4,22677),(5,32666),(6,25457),(8,13008),(10,5225),(12,1188),(13,19340),(15,15675),(16,32038),(23,18011),(24,23303),(26,18892),(27,11879),(28,29470),(29,13406),(30,6313),(32,8956),(39,12338),(41,19112),(42,2260),(43,1906),(44,32620),(46,20851),(48,13431),(49,3418),(50,14743),(52,19010),(53,6931),(54,32096),(55,20786),(56,2922),(59,27173),(60,12675),(61,3628),(62,17539),(63,19751),(65,29800),(69,19127),(70,9252),(71,18045),(72,28875),(73,10457),(74,819),(78,32554),(79,27482),(80,27867),(81,8548),(83,24393),(86,5287),(91,9068),(92,17034)]	106.225211
427	[(0,8533),(1,12615),(2,13054),(5,23615),(8,20768),(10,3267),(13,5017),(15,4946),(16,32749),(18,2154),(19,1926),(20,16916),(21,32674),(22,21393),(26,20297),(30,8081),(35,9057),(36,13528),(37,19711),(38,31572),(39,9922),(40,17659),(43,2392),(44,31357),(45,10005),(49,30083),(51,21835),(54,6750),(55,18360),(56,22233),(58,12796),(60,24350),(61,20764),(63,33284),(67,6340),(68,30114),(69,29307),(72,686),(73,31668),(74,26643),(77,11746),(78,4475),(80,1617),(86,32795),(89,14395)]	101.501183
428	[(1,1272),(2,19905),(3,27640),(5,27097),(6,24865),(7,12832),(9,31304),(11,6218),(12,27171),(13,4015),(14,28432),(15,33302),(17,3574),(18,18026),(20,7262),(23,4815),(24,30825),(25,28870),(26,10922),(27,25041),(28,6178),(29,3497),(30,18545),(33,6254),(35,7526),(36,3064),(37,23129),(38,26752),(42,3782),(43,7018),(46,16804),(47,33576),(48,22636),(49,12022),(56,29821),(57,4529),(58,11334),(60,17973),(62,5214),(63,5683),(64,10390),(65,7296),(66,20681),(67,19511),(70,32431),(73,28761),(74,1156),(76,31659),(77,6233),(78,10628),(79,20691),(82,24558),(85,13385),(86,24165),(91,1654),(92,7152)]	98.388538
429	[(1,2267),(3,8250),(5,19044),(6,15005),(7,32748),(9,23725),(10,33085),(13,2257),(14,20330),(19,8649),(24,316),(28,4383),(30,23895),(32,24626),(33,471),(34,5248),(35,30910),(36,4937),(37,22768),(41,23624),(44,4018),(46,3843),(49,20423),(54,33587),(55,14609),(59,13946),(62,24128),(63,10912),(64,16089),(65,13701),(70,17779),(71,9082),(72,16162),(74,7534),(76,23179),(77,12141),(79,4855),(83,27909),(85,16295),(86,31706),(87,24881),(88,4314),(90,10287),(92,775)]	149.994938
430	[(1,17688),(3,15265),(4,13843),(9,10796),(12,16814),(14,8078),(16,19282),(17,192),(18,29912),(19,27405),(20,22407),(22,9882),(24,29098),(27,9515),(31,14597),(32,32565),(33,33442),(35,13188),(36,21543),(37,8599),(38,28146),(43,23839),(44,10541),(45,31625),(51,22290),(53,4104),(56,32793),(57,17585),(59,8495),(61,29073),(64,12534),(65,21697),(66,12861),(71,7495),(72,27453),(74,10577),(77,28383),(80,14856),(85,12647),(87,25259),(91,6838)]	110.524983
431	[(0,23232),(2,32455),(10,19146),(12,24628),(13,33013),(14,28940),(18,22737),(21,3124),(24,30973),(26,32837),(27,2914),(29,5984),(30,5364),(37,30545),(39,21737),(40,31562),(41,32239),(43,4446),(44,10838),(45,4699),(46,33352),(48,16131),(49,22398),(51,23665),(53,14472),(58,11209),(60,6643),(65,17058),(68,29067),(70,1108),(71,13733),(72,17060),(77,8533),(80,20200),(82,18063),(84,10303),(88,4667),(91,20409),(92,32618)]	106.606070
432	[(0,32470),(3,29570),(6,13415),(11,17404),(13,30865),(15,17101),(16,9043),(18,7730),(19,16974),(20,19088),(21,22891),(24,15782),(25,12214),(27,4786),(29,32751),(31,1165),(34,10558),(35,8503),(36,29251),(37,20490),(38,6927),(39,25994),(41,26342),(45,19668),(47,4268),(49,7043),(52,18043),(56,13686),(60,5372),(63,25301),(64,16275),(70,21060),(72,10445),(73,31890),(75,4623),(76,16265),(79,28755),(80,16245),(81,24209),(84,20818),(86,11118),(88,20312),(89,11176)]	107.453716
433	[(2,2310),(6,14428),(7,19652),(8,22210),(9,5945),(15,19798),(16,10532),(21,26665),(26,12692),(27,20283),(29,27368),(30,5230),(31,13711),(32,24745),(33,20543),(36,22270),(39,7704),(40,26601),(43,5006),(45,23576),(46,15758),(47,11558),(50,17793),(53,4499),(54,32541),(57,25051),(59,1538),(64,2170),(66,2729),(67,18427),(69,16988),(70,24051),(75,24424),(77,8191),(79,6202),(80,27144),(81,15326),(84,22199),(87,16444),(88,23439),(92,76)]	110.358081
434	[(0,16022),(3,1878),(4,28787),(13,1641),(14,29870),(15,8507),(16,33167),(17,9414),(18,4698),(19,11777),(21,15169),(22,7338),(24,10292),(25,1278),(27,19110),(28,25777),(29,6632),(30,25561),(31,13423),(34,5739),(35,10697),(40,29302),(41,11093),(45,5110),(46,22480),(48,21652),(50,3933),(52,29665),(54,14905),(55,26161),(58,25201),(59,19445),(61,23378),(64,13286),(65,11099),(66,15804),(69,7080),(70,3245),(71,28590),(72,24828),(73,29396),(76,22835),(77,12260),(78,27371),(79,30317),(80,26762),(82,12483),(83,29311),(86,12277),(87,8763),(88,21469),(91,7334)]	112.114829
435	[(2,18669),(4,2028),(5,11310),(8,21220),(10,30728),(11,11269),(13,27274),(14,16653),(16,24124),(17,23637),(22,13166),(23,6392),(24,18261),(25,21330),(27,28253),(28,3033),(29,17677),(30,28047),(33,3726),(34,25702),(40,90),(42,2730),(45,21263),(46,8293),(47,6573),(49,1431),(52,1554),(54,1281),(56,24022),(57,19763),(58,6161),(59,15824),(60,6580),(61,30371),(62,8775),(65,21170),(66,32704),(70,2092),(74,14963),(79,33480),(80,1177),(83,8720),(86,20709),(88,31082),(89,15047)]	111.556482
436	[(1,19107),(4,29212),(9,7167),(10,24444),(11,2860),(13,33718),(15,30324),(18,8125),(19,23413),(24,14453),(26,29622),(28,30444),(29,494),(30,28549),(31,33063),(32,32426),(33,30420),(36,14504),(37,25704),(39,20870),(43,3580),(45,15106),(46,24555),(52,15925),(54,19606),(56,27393),(57,22771),(59,14388),(60,9366),(62,27335),(63,26395),(64,3006),(65,23659),(66,32702),(67,27137),(68,814),(72,11123),(73,15167),(77,6757),(79,27166),(81,20914),(83,5568),(85,577),(86,16754),(89,1582),(90,10641),(92,17415)]	101.174715
437	[(0,32785),(1,2642),(3,15061),(5,14694),(6,11700),(7,20552),(9,15604),(10,26212),(12,14915),(14,14824),(15,20004),(16,28112),(17,11082),(22,32654),(24,25832),(25,6937),(26,19433),(27,2088),(28,8450),(30,8418),(31,11465),(32,27287),(36,31170),(37,21815),(38,5922),(39,14924),(46,4929),(49,15865),(50,4654),(53,9852),(56,25575),(58,14750),(62,31242),(63,27694),(64,1375),(73,20518),(75,5472),(76,5854),(77,19277),(78,2701),(79,22679),(80,3339),(82,10420),(83,9144),(85,289),(88,22759),(89,24016),(92,27809)]	109.152693
438	[(0,21951),(1,17570),(2,9096),(4,17780),(6,27517),(7,1653),(10,14472),(13,16399),(15,15138),(16,29712),(19,1203),(21,31770),(23,30807),(25,11064),(26,33246),(29,10398),(31,24525),(32,21143),(33,16499),(36,14424),(37,6871),(38,29988),(39,2279),(41,12171),(43,16828),(44,806),(52,12545),(53,26145),(56,25936),(60,17798),(61,29100),(65,20482),(66,27618),(67,15060),(70,20351),(71,17735),(72,6013),(73,12311),(80,681),(81,14142),(82,6255),(83,11131),(84,22771),(86,13036)]	115.353403
439	[(0,2255),(1,25690),(3,30488),(5,29332),(7,17661),(8,25937),(10,27664),(12,4059),(14,9418),(15,30984),(17,27048),(18,33396),(19,1192),(20,14932),(24,12192),(25,6945),(26,22612),(27,23064),(30,13249),(31,14418),(34,1176),(36,28835),(37,29018),(38,1890),(39,16408),(41,29001),(42,23593),(45,15627),(47,3807),(48,4135),(49,16688),(51,3864),(52,24603),(53,9314),(55,23253),(58,24827),(59,15554),(60,2152),(61,9088),(64,20198),(65,4105),(68,15268),(70,32156),(71,6112),(73,26408),(76,32614),(78,4177),(81,30757),(83,15406),(84,6568),(86,17878),(87,7410),(91,28889)]	126.838536
440	[(0,15225),(6,5658),(7,21942),(8,27803),(11,24567),(12,6050),(13,33582),(16,24491),(18,5831),(22,32609),(25,23195),(26,20588),(29,12003),(32,15361),(33,18048),(38,8579),(39,19354),(42,12371),(44,7531),(45,5776),(46,341),(47,10646),(49,13312),(50,27852),(52,16458),(56,27780),(60,15970),(63,20956),(65,12041),(66,29099),(67,9352),(73,1801),(76,26841),(77,5264),(78,9320),(79,25190),(81,10949),(83,4816),(90,2432),(92,29782)]	101.401452
441	[(0,12994),(1,33464),(3,13492),(5,10693),(6,31145),(7,24700),(8,25098),(10,18896),(11,20105),(12,11647),(13,26418),(14,20505),(15,18278),(16,25025),(17,8194),(18,20536),(22,15270),(24,25065),(25,24161),(26,33190),(33,21066),(34,11714),(35,33525),(36,21057),(37,24848),(39,25145),(40,3581),(41,6860),(42,21938),(43,6180),(44,33816),(45,16583),(46,8151),(47,2444),(48,13937),(50,27050),(56,7156),(57,12385),(58,33150),(59,13262),(62,11797),(63,32278),(64,14305),(68,19972),(70,24044),(71,8320),(72,7488),(78,32299),(80,16350),(82,32822),(83,23572),(84,8796),(85,25962),(87,11859),(88,13631),(91,27853),(92,24181)]	107.771420
442	[(0,24428),(6,11997),(7,5906),(8,33308),(9,8322),(11,29178),(13,16673),(18,19908),(19,2424),(20,8219),(21,32564),(23,8222),(25,3559),(26,13078),(28,11611),(31,10138),(34,3611),(35,5938),(36,6699),(37,2940),(38,33783),(39,3355),(41,11105),(42,19645),(46,5144),(49,24039),(50,23656),(52,5746),(54,21834),(58,33023),(59,7415),(60,26279),(63,5424),(64,7477),(66,23817),(68,3081),(69,26766),(70,6998),(71,9233),(72,5398),(73,26921),(74,33304),(76,13864),(78,12045),(79,23226),(80,17666),(81,13095),(82,31428),(84,24597),(87,12488),(89,1393),(91,1861),(92,15631)]	114.506915
443	[(1,23332),(3,5606),(5,33026),(8,12644),(9,9721),(13,31352),(15,28511),(18,4669),(21,4201),(25,21207),(28,5823),(30,31665),(32,810),(33,25126),(34,22014),(35,17470),(39,22250),(41,8428),(44,18089),(45,6554),(47,26937),(48,27318),(49,17061),(50,22184),(51,23787),(53,16415),(54,556),(56,29707),(59,8699),(60,10822),(61,32542),(64,18988),(67,27279),(68,15345),(71,21797),(72,2182),(73,4859),(75,26622),(77,5513),(78,1462),(79,26541),(80,26680),(81,17135),(83,19171),(84,17057),(85,27690),(86,14825),(88,32138),(89,3078),(90,16111),(91,6821),(92,17224)]	120.600371
444	[(0,31677),(3,17959),(4,21069),(5,10335),(7,19032),(9,13979),(14,33344),(16,31630),(18,5329),(19,16285),(20,15487),(21,30955),(23,14262),(26,7791),(28,84),(35,25849),(36,26427),(37,26748),(38,25473),(40,5435),(41,24652),(42,15808),(43,14872),(46,14678),(48,16426),(49,19566),(51,2995),(52,18020),(58,20166),(59,6492),(63,32346),(64,16655),(65,249),(67,5357),(70,15872),(75,19274),(76,11824),(78,11360),(79,28010),(80,31158),(85,19185),(87,1133),(88,22212),(91,11167),(92,26704)]	107.936176
445	[(0,26503),(1,31586),(3,3590),(7,28353),(8,25436),(9,3090),(13,3417),(14,4292),(15,17532),(16,8479),(17,8256),(18,26607),(20,2812),(21,2075),(22,12752),(23,17962),(24,7707),(25,11696),(26,11094),(27,19625),(29,7279),(34,20239),(35,27323),(38,27037),(39,5227),(41,22678),(43,23301),(44,2005),(49,33239),(50,1844),(51,2675),(55,28862),(57,23650),(58,16467),(59,26575),(60,12722),(61,7092),(62,29658),(63,17430),(65,449),(68,13046),(70,2707),(73,31455),(74,8690),(76,18189),(79,4279),(82,21415),(85,27479),(86,2003),(87,781),(89,26643),(90,15079),(92,17527)]	109.018373
446	[(0,28997),(1,26380),(2,28610),(4,29849),(6,11259),(8,18010),(9,11496),(10,5976),(13,30099),(14,33119),(16,3458),(17,24299),(19,26985),(20,755),(22,20539),(24,9331),(25,6796),(26,5590),(28,7536),(29,550),(31,6820),(32,23751),(33,20091),(35,26902),(36,29494),(40,12277),(41,19691),(42,17795),(46,24322),(47,12390),(49,8709),(50,29792),(53,1299),(58,506),(59,718),(60,10269),(63,28611),(65,14480),(66,13048),(67,19667),(69,19343),(70,23126),(72,16875),(76,29988),(77,26328),(79,16677),(80,3151),(81,13976),(82,12695),(83,31547),(85,24918),(86,17776),(87,2238),(88,31093),(89,17145),(92,28816)]	113.824729
447	[(1,30220),(4,29418),(6,5737),(7,33132),(15,22253),(18,2276),(19,33472),(22,33359),(23,2622),(24,28379),(25,10643),(27,31550),(29,19728),(32,1018),(33,29138),(34,192),(37,3576),(39,13978),(40,6550),(41,32517),(42,24901),(43,17520),(44,19387),(45,18811),(50,10464),(52,21126),(53,28308),(54,9287),(55,6881),(56,27157),(57,33861),(58,19273),(60,27331),(61,17360),(63,24408),(65,7716),(66,32427),(71,17971),(73,14511),(74,27019),(77,27944),(80,17811),(82,20969),(85,31594),(86,29828),(87,22532),(91,21584)]	120.725314
448	[(2,9696),(3,6015),(5,4658),(6,2843),(8,17658),(11,11725),(15,12584),(16,3480),(18,21295),(19,14034),(21,24816),(25,8053),(33,9815),(34,17819),(35,8467),(37,20664),(39,15755),(40,23854),(41,29876),(42,29423),(45,25412),(49,25826),(51,20513),(56,13235),(57,12760),(61,569),(62,27592),(65,26796),(66,28331),(67,15778),(69,31082),(70,33648),(71,26787),(73,33456),(74,5417),(76,33793),(78,11926),(79,13901),(81,360),(82,12195),(84,17976),(91,1647)]	127.541524
449	[(1,12163),(2,17785),(3,18939),(4,15955),(5,24193),(6,24535),(8,29220),(9,12689),(11,981),(12,26174),(13,11136),(14,30003),(16,18539),(18,20140),(19,23208),(20,19269),(21,8946),(22,17854),(23,13199),(26,9536),(27,1283),(28,9042),(30,16718),(33,16187),(34,27636),(39,23592),(44,17254),(45,7875),(50,30148),(52,21500),(53,14136),(54,14655),(58,17346),(61,28589),(62,27007),(64,5336),(65,31762),(66,28724),(67,24674),(68,22261),(71,18705),(72,3137),(74,11821),(75,1501),(77,32844),(85,10767),(87,30145),(91,27353)]	99.109921
450	[(0,31731),(1,3561),(2,32971),(3,18620),(5,1263),(6,16496),(7,15441),(9,17955),(11,22585),(12,19021),(13,26594),(17,8969),(18,25882),(20,11854),(22,5142),(25,8084),(26,6045),(30,22801),(32,10849),(33,12168),(35,6937),(36,19433),(37,33647),(38,3495),(41,3590),(44,28074),(46,20028),(51,19043),(52,19400),(53,18189),(54,5951),(55,32201),(56,14037),(57,6690),(58,32592),(59,1752),(60,7290),(63,13415),(66,24118),(70,2821),(71,28858),(72,9127),(73,11584),(75,27945),(76,8518),(77,21912),(79,17761),(80,7436),(81,21846),(82,15248),(83,10534),(85,28904),(86,28192),(87,29972),(91,18365),(92,32909)]	104.127853
451	[(2,32496),(3,285),(5,19983),(6,11876),(7,15016),(8,7134),(9,4875),(10,383),(15,23886),(16,28712),(17,32758),(18,30178),(19,10120),(20,23321),(21,23912),(25,25104),(26,23251),(29,1225),(30,20588),(32,32194),(33,18633),(34,8704),(37,31401),(38,18470),(40,6940),(41,16740),(42,22622),(43,23303),(45,15479),(46,5516),(47,29101),(48,3943),(51,19493),(52,10047),(54,28950),(57,16733),(58,23810),(59,24192),(60,22669),(62,6730),(64,1986),(66,18812),(71,13287),(72,9309),(73,15946),(74,9655),(75,22685),(76,32036),(80,25397),(81,12658),(82,16795),(85,21888),(86,2524),(89,7287),(91,18379),(92,29408)]	107.729320
452	[(1,20210),(2,28631),(6,18334),(7,24388),(10,2708),(12,12238),(13,8113),(14,7389),(17,3844),(18,23378),(19,16590),(22,3197),(23,23522),(26,3646),(28,28665),(33,22345),(34,2801),(35,4968),(37,13418),(39,15690),(40,4348),(42,33248),(43,9035),(48,1607),(51,11863),(52,29761),(53,6738),(55,23675),(59,25418),(60,32126),(61,24110),(62,1306),(65,29619),(66,29134),(68,27363),(69,7436),(70,1293),(71,30914),(72,22541),(74,26786),(77,16592),(79,25421),(80,14151),(82,18233),(83,22152),(84,23170),(86,12619),(91,13970),(92,15498)]	121.842414
453	[(0,20879),(4,1573),(5,2424),(11,19925),(12,6385),(14,25357),(16,12085),(18,26260),(21,27507),(22,19339),(23,31415),(25,16910),(30,21323),(31,25747),(33,32212),(35,16738),(36,8699),(38,8897),(40,28761),(41,1156),(44,11340),(45,29181),(46,33430),(47,31619),(48,11385),(49,10861),(51,28493),(52,21752),(58,30487),(59,21832),(60,851),(62,14348),(65,4874),(67,7631),(71,31947),(72,1311),(75,8386),(77,5989),(82,6414),(83,11743),(85,4690),(87,30129),(88,15317),(89,20500),(90,5946),(91,16270)]	108.630691
454	[(3,18591),(4,33708),(6,7170),(7,10409),(9,32599),(11,24865),(12,1075),(15,2286),(16,21513),(18,25229),(21,22674),(23,17286),(26,22783),(30,32085),(32,21430),(33,18936),(36,9912),(37,20092),(39,12761),(40,675),(42,5040),(44,24942),(47,32751),(48,16846),(50,23478),(51,17596),(54,14917),(55,26139),(60,25166),(61,13123),(62,1403),(63,28998),(64,26522),(67,19689),(68,28701),(70,10260),(71,15710),(72,7286),(73,18719),(76,16120),(78,32365),(79,24737),(81,13504),(82,16596),(84,16667),(85,957),(86,27203),(87,15144),(90,16263),(91,21117)]	105.009711
455	[(0,28147),(2,12056),(4,7645),(8,27332),(9,3745),(10,30226),(12,7967),(13,22146),(15,30893),(17,12709),(19,23079),(20,14652),(21,3205),(23,3002),(24,24512),(26,8399),(27,6068),(30,26735),(31,22063),(32,16831),(34,6147),(35,32130),(37,19570),(39,22185),(41,25190),(43,10949),(45,19162),(46,19362),(49,157),(50,20397),(51,6394),(54,29536),(56,3990),(57,21526),(62,4798),(63,29185),(66,25287),(68,17346),(71,16078),(73,19353),(75,24418),(77,10964),(78,17451),(79,6633),(80,14187),(82,10379),(84,1422),(85,862),(87,1910),(88,8815),(92,30492)]	103.331452
456	[(0,15716),(1,25496),(2,3178),(5,33468),(7,24150),(8,8571),(10,11910),(11,9535),(12,28283),(13,27946),(16,7329),(19,17703),(22,21673),(24,23723),(28,19235),(29,16897),(34,6858),(36,14570),(38,32094),(41,18763),(46,10388),(50,17596),(51,4920),(52,24025),(53,6231),(55,13708),(57,26487),(58,19526),(64,19999),(66,25233),(68,6582),(70,2738),(71,30365),(73,32620),(75,12392),(80,3857),(82,27782),(84,10450),(86,10794),(87,3028),(91,18802),(92,7186)]	122.697482
457	[(0,16072),(2,19938),(3,1641),(4,29870),(6,24639),(7,32742),(9,6874),(12,13060),(15,6030),(17,596),(18,15114),(23,14883),(24,6142),(26,6975),(27,1623),(30,20816),(35,8694),(38,18468),(40,18970),(41,20000),(45,23203),(48,29964),(50,6974),(52,17581),(53,7867),(56,8640),(57,32265),(59,14457),(61,16092),(63,30249),(66,33377),(69,30746),(71,18608),(74,33758),(79,28902),(85,4065),(89,25753),(90,9547),(92,13597)]	125.546581
458	[(0,9604),(1,13416),(4,3272),(5,17092),(6,9967),(7,16565),(9,11077),(14,26614),(17,24196),(19,19196),(20,8408),(21,4164),(23,540),(24,7682),(26,25995),(29,24793),(32,11646),(33,25788),(35,14386),(44,25216),(47,12398),(48,19000),(51,22497),(53,33544),(54,16468),(55,20628),(56,2143),(58,30066),(59,9626),(60,29108),(61,12141),(64,25121),(67,6736),(68,27291),(71,4861),(74,27491),(77,25366),(80,22736),(81,26260),(82,17727),(83,21953),(87,30284),(88,31377),(89,14318),(91,411)]	98.729415
459	[(2,24421),(3,25679),(4,1556),(5,6973),(7,12270),(8,18500),(14,28795),(17,12270),(18,18500),(23,3485),(24,17908),(25,16956),(26,15758),(27,6388),(30,3291),(31,29232),(32,29949),(33,14761),(35,22931),(36,20186),(38,18426),(39,2823),(40,29833),(41,25943),(44,26172),(49,10082),(51,10892),(52,6787),(53,27413),(54,10039),(58,30467),(61,6157),(65,5847),(66,24560),(67,11143),(69,27188),(71,26773),(72,6705),(73,2370),(75,11026),(76,21075),(77,16750),(80,8388),(82,10999),(84,3829),(86,10034),(87,8320),(88,7488),(89,21793),(90,3662),(92,4027)]	109.625447
460	[(4,11696),(6,27900),(8,14194),(9,13332),(10,19858),(11,24716),(13,25484),(14,21594),(17,27850),(20,20407),(23,18380),(24,15858),(27,6304),(30,22197),(36,18175),(40,13450),(41,145),(43,19322),(44,12853),(45,30877),(46,3256),(48,16820),(49,6964),(52,1719),(53,27482),(54,33132),(55,9329),(59,5688),(60,8497),(63,21493),(64,2915),(65,10557),(68,4908),(70,1023),(74,13787),(75,8321),(76,21247),(79,10874),(81,5794),(82,17624),(86,5082),(87,18831),(90,10236)]	110.903484
461	[(5,18395),(8,16638),(11,12622),(12,33536),(19,31047),(20,3053),(21,30560),(23,32612),(24,15084),(27,32184),(30,27790),(31,28909),(33,2756),(34,20221),(35,12006),(38,32377),(39,4462),(40,11235),(42,5601),(46,20282),(47,24689),(48,10333),(57,31891),(58,26775),(62,22484),(63,6592),(66,2876),(68,16184),(71,32979),(72,602),(73,7392),(74,9649),(75,8826),(79,352),(83,11264),(85,848),(87,16820),(88,10687),(89,27089)]	107.782590
462	[(0,17006),(2,4768),(4,11201),(5,18489),(7,12889),(8,1094),(11,29340),(13,23981),(14,12858),(16,25729),(17,21707),(18,25939),(21,13060),(23,30728),(24,9132),(26,3756),(29,4861),(34,6058),(35,28324),(37,11640),(38,4165),(43,7534),(47,22975),(48,27111),(49,25427),(57,14187),(58,9828),(60,12482),(61,2878),(62,5325),(63,32394),(64,4277),(65,29919),(69,15794),(70,23699),(71,24114),(72,18927),(75,16526),(77,25993),(79,20029),(82,33835),(83,16747),(84,17282),(85,25136),(88,10150),(90,10648)]	107.791036
463	[(0,27142),(2,32180),(3,6059),(4,18450),(5,11277),(7,10683),(8,11840),(10,521),(12,13691),(13,22920),(16,4568),(19,31502),(21,17114),(23,6184),(25,22821),(29,1125),(32,18870),(33,17036),(35,10095),(36,17884),(38,32831),(40,29540),(43,415),(44,18249),(47,17164),(48,19295),(52,27466),(53,21600),(54,24453),(56,23266),(58,29647),(59,27701),(60,20354),(61,19344),(64,3330),(67,23368),(68,32331),(69,18130),(72,28490),(75,3434),(76,2485),(77,14523),(80,13172),(85,23013),(86,29140),(87,15822),(88,5451),(90,16172),(92,5459)]	99.009928
464	[(3,29172),(5,17534),(6,12915),(8,14703),(9,27504),(12,6709),(15,23536),(16,27562),(17,17562),(18,7237),(19,14810),(21,27925),(22,29841),(24,13913),(25,15865),(26,25341),(27,19941),(29,8907),(30,3865),(32,17790),(33,17166),(37,18719),(39,16587),(40,21913),(41,9342),(43,26855),(44,7902),(46,7589),(49,30921),(50,22280),(53,15027),(55,11885),(56,6561),(57,25388),(58,20080),(61,32434),(63,4971),(64,1068),(65,19126),(66,33649),(67,24681),(70,9537),(71,15658),(72,1850),(73,21056),(74,30424),(75,3905),(77,3223),(80,24548),(81,13232),(83,19071),(84,21345),(85,6512),(86,28426),(88,26054),(91,5),(92,26623)]	102.694765
465	[(1,4956),(3,19839),(4,26223),(6,1537),(7,13065),(8,15685),(11,26248),(12,17131),(17,14289),(20,4431),(22,4465),(23,9956),(24,12745),(26,4528),(28,30292),(30,12463),(33,9242),(35,18990),(39,9295),(43,10018),(47,22712),(53,29701),(54,12183),(55,32037),(56,17556),(58,32050),(61,767),(62,31951),(65,6143),(66,11891),(68,29067),(71,30151),(73,33339),(74,22661),(75,17419),(76,32158),(77,31665),(79,6504),(80,3818),(81,27178),(83,25328),(84,5463),(87,20281),(88,13624),(90,24735),(91,24847),(92,16869)]	116.009102
466	[(2,6288),(3,5367),(4,32418),(7,9862),(14,7573),(20,31758),(24,33824),(26,225),(28,31408),(29,26325),(31,7130),(33,1525),(34,9564),(42,28039),(43,8356),(44,13174),(45,30083),(47,26232),(49,22484),(52,19167),(55,15226),(56,1797),(58,12912),(59,21893),(63,1928),(66,5080),(67,11909),(69,22164),(70,2575),(72,273),(76,17663),(80,16940),(81,29030),(83,23205),(86,6117),(90,7862),(91,32534),(92,2842)]	109.555100
467	[(1,11497),(5,26479),(8,22886),(10,713),(12,3385),(13,8247),(14,4903),(15,28215),(18,29186),(20,8203),(30,9712),(32,7467),(33,2304),(37,28091),(38,27521),(39,17074),(40,13828),(42,12889),(45,15653),(48,5698),(49,947),(50,16452),(52,13593),(53,24937),(54,31641),(59,7247),(61,29189),(63,4605),(65,27211),(66,20743),(72,24472),(73,21996),(75,18237),(80,9219),(81,5627),(85,7753),(87,19922),(91,30523),(92,3811)]	122.463243
468	[(1,17626),(4,30147),(5,31977),(6,924),(9,16411),(12,23762),(13,32110),(14,20524),(18,5957),(21,18347),(23,12702),(24,7390),(27,5178),(30,8049),(33,23351),(34,20175),(37,4759),(40,24926),(41,15184),(42,7302),(43,12814),(45,20501),(52,26342),(54,25841),(55,23008),(57,29398),(59,4976),(63,31954),(66,25768),(69,19628),(74,13830),(75,1814),(78,17127),(83,16503),(85,32917),(86,27722),(88,3193),(90,15689),(91,28967),(92,30390)]	103.624613
469	[(0,10790),(1,7737),(2,2738),(3,31747),(6,9361),(7,18279),(9,14804),(10,8398),(11,7433),(13,719),(15,6618),(17,964),(19,1870),(20,30426),(21,21225),(22,30843),(23,17342),(26,12092),(29,588),(30,2189),(33,26217),(34,3248),(36,32180),(37,6059),(39,6365),(40,19586),(44,6656),(51,6576),(52,9334),(59,21824),(60,13453),(61,20527),(62,2006),(68,32603),(75,21359),(77,17389),(78,6872),(81,25819),(83,5639),(85,29743),(86,5930),(89,22423),(91,14758),(92,15334)]	117.154815
470	[(1,12085),(3,20625),(4,30820),(6,22612),(7,23064),(8,32698),(9,33644),(11,6108),(14,15733),(15,787),(16,25289),(18,1118),(20,21782),(22,4665),(23,15666),(24,10686),(27,14885),(30,9110),(32,21243),(33,17686),(34,26062),(36,12118),(38,30356),(40,5017),(42,32500),(43,27474),(46,21703),(51,10162),(54,24894),(56,2775),(59,13602),(60,27069),(61,2589),(63,10572),(64,24727),(65,6214),(67,28522),(68,18131),(69,9105),(70,2634),(72,23013),(73,29140),(74,9335),(78,2548),(80,28140),(81,31870),(82,27201),(83,31095),(85,27947),(86,18300),(87,17173),(88,30073),(89,14848),(90,32621)]	117.145866
471	[(0,23706),(1,13071),(2,2340),(3,4585),(4,19724),(6,9840),(7,19764),(9,17272),(10,21674),(13,15672),(14,12600),(15,26259),(19,5032),(20,9519),(22,22114),(23,15187),(24,18232),(25,31860),(26,1637),(30,19586),(32,29667),(33,27171),(34,13417),(36,31200),(38,22791),(39,21478),(40,18485),(41,18316),(42,13421),(43,13811),(46,25040),(48,9940),(50,23831),(57,6666),(58,9956),(59,5256),(60,4879),(61,7822),(62,9936),(65,2313),(66,8633),(67,32913),(70,23801),(71,18152),(72,14560),(73,9677),(74,1529),(76,15535),(77,6558),(81,13533),(83,15638),(85,27785),(86,9868),(90,27001),(91,18175)]	109.873277
472	[(1,29752),(2,24101),(3,7900),(7,8979),(10,29606),(12,15914),(15,30333),(17,10786),(18,24251),(20,8437),(21,23000),(23,24270),(24,19367),(25,5364),(26,25268),(27,24202),(28,1885),(32,23637),(39,3844),(40,23378),(41,16590),(45,520),(46,16887),(47,12860),(52,31321),(53,18583),(54,21929),(57,16631),(60,8944),(64,2309),(65,27937),(66,13484),(70,16776),(71,17299),(73,25830),(74,11092),(78,1818),(82,31099),(84,11898),(85,25975),(86,2311),(87,29087),(89,26755),(90,18441),(92,2604)]	102.269421
473	[(1,21470),(2,1673),(4,14332),(6,26671),(13,23586),(17,21448),(19,14470),(20,19012),(24,9102),(27,21992),(28,22565),(29,22110),(30,28316),(31,29794),(32,7404),(33,28867),(34,25730),(35,27453),(38,8232),(43,9431),(44,22776),(45,9463),(46,8886),(47,7417),(50,22219),(53,20336),(55,13031),(62,29683),(64,14894),(66,30126),(70,10084),(71,12821),(72,33196),(76,18417),(78,31943),(79,29484),(80,22470),(82,21672),(85,24461),(86,30092),(87,3125),(91,13557),(92,427)]	104.026759
474	[(0,16553),(2,3926),(3,32857),(4,19501),(5,19755),(7,4103),(8,23696),(10,3643),(11,10175),(12,23475),(13,5664),(14,14061),(15,20337),(16,2863),(17,22911),(20,5646),(22,4075),(23,16349),(24,25848),(25,27798),(27,137),(28,27532),(30,28329),(33,644),(39,29379),(40,7223),(41,24841),(42,19545),(43,6284),(44,435),(45,30844),(47,11971),(49,5842),(50,22079),(52,1869),(55,13273),(57,29249),(60,23645),(61,33872),(65,3675),(68,14832),(71,32376),(72,13042),(74,7906),(75,28185),(77,31149),(80,24787),(83,28895),(84,8635),(85,32554),(87,11397),(88,15179)]	117.552197
475	[(4,13988),(7,32566),(10,3957),(11,32682),(14,12560),(15,4962),(17,29064),(18,9991),(19,15578),(25,33583),(26,17800),(27,10805),(28,10075),(30,8360),(33,23896),(35,21140),(36,14036),(39,16178),(40,20659),(41,25251),(45,18256),(46,175),(48,29035),(49,15751),(52,29652),(53,30238),(55,12623),(57,29789),(58,2415),(59,32851),(60,19252),(62,10368),(64,1189),(66,1385),(71,20356),(73,21816),(75,33635),(77,3603),(78,26533),(79,19),(81,16954),(82,21795),(83,5272),(88,2042),(90,2223),(91,19250),(92,15124)]	110.418271
476	[(3,15662),(7,6828),(8,26974),(9,8385),(11,2530),(12,26222),(15,21080),(18,18894),(19,9643),(23,6394),(26,9835),(31,6861),(32,31956),(33,31121),(34,25177),(36,20224),(37,20249),(38,2559),(39,10553),(40,20989),(48,22142),(51,29592),(52,12307),(53,26213),(54,1477),(56,25634),(59,706),(62,7557),(63,2965),(64,28670),(65,7954),(67,27329),(72,19270),(73,19130),(74,17749),(75,20070),(76,18340),(79,20139),(80,5594),(82,2372),(83,32709),(90,4377),(92,24041)]	126.037607
477	[(2,22830),(3,1250),(5,8522),(6,9362),(9,9496),(10,14195),(11,13866),(12,25258),(14,15284),(16,23949),(18,26213),(20,2189),(23,6167),(24,3770),(25,30087),(26,1612),(30,1321),(32,5525),(35,22444),(38,21123),(40,5662),(44,3385),(46,15497),(50,14621),(51,9511),(52,7154),(53,24849),(55,7070),(56,18747),(58,30800),(64,32640),(67,5032),(74,27004),(79,21246),(80,15087),(86,11922),(87,26192),(88,698),(89,3612),(90,2380),(92,10410)]	124.123037
478	[(1,4652),(2,33372),(3,26838),(4,32260),(7,21804),(11,24733),(12,23834),(13,3860),(14,32491),(24,7096),(25,29665),(27,29507),(28,2783),(29,8692),(30,19421),(31,24438),(32,22375),(38,9028),(39,8105),(40,7054),(41,12406),(44,19151),(47,3292),(50,19939),(54,30664),(55,30670),(59,27693),(61,1679),(62,3422),(64,15532),(65,33178),(66,19684),(67,15750),(69,2073),(71,14960),(72,20607),(76,6274),(77,18342),(78,973),(79,27373),(80,9592),(82,16540),(83,14035),(84,5468),(85,15945),(86,7761),(87,19757),(89,686),(91,31895),(92,22803)]	132.520158
479	[(0,2908),(1,27757),(3,12377),(4,28430),(6,31286),(7,18201),(9,12688),(14,33464),(22,20773),(23,3052),(24,31980),(25,15153),(26,33042),(28,22051),(29,26412),(30,8205),(35,14267),(37,30081),(38,28659),(41,8156),(42,13226),(43,20458),(44,16630),(45,16520),(46,13883),(48,31341),(50,16384),(51,10941),(54,31707),(55,9040),(57,14175),(58,13288),(59,31489),(62,25335),(64,8045),(67,23111),(71,25859),(72,16476),(76,11746),(77,27624),(79,970),(80,33638),(86,25200),(87,18111),(88,14129),(89,13492),(91,10693),(92,31145)]	130.667054
480	[(1,30661),(3,23842),(4,19744),(5,7634),(10,931),(13,11970),(14,30635),(15,25376),(16,15459),(17,12168),(20,18264),(22,4602),(26,18539),(28,20140),(31,23599),(33,13787),(34,8321),(35,21939),(37,6155),(39,27964),(40,13909),(44,6774),(45,5622),(46,8069),(47,29575),(48,18020),(49,9277),(51,29797),(53,28959),(54,26863),(56,14585),(57,28451),(58,15626),(61,23969),(62,15447),(64,29843),(69,10291),(75,30520),(76,9856),(77,14387),(80,2989),(81,23623),(86,32256),(87,25547),(89,31802),(90,8064),(92,14831)]	105.505173
481	[(2,16619),(3,23911),(5,32152),(7,26151),(9,28737),(10,11450),(12,30303),(15,4464),(17,29553),(19,2762),(22,1600),(24,17575),(25,1974),(28,9038),(29,418),(30,15429),(31,5890),(33,23619),(35,6239),(36,8643),(37,6707),(38,20084),(39,21715),(41,13544),(44,14923),(45,14399),(47,25385),(50,467),(52,23767),(54,31581),(55,8418),(56,11465),(58,4255),(59,22515),(60,30086),(61,22152),(62,23170),(63,12434),(65,2342),(68,16992),(69,26673),(70,10454),(71,9567),(73,29305),(74,11005),(75,24174),(78,9689),(80,22278),(81,23578),(82,22400),(85,12918),(87,23157),(89,4166),(90,28116)]	99.853812
482	[(0,23172),(3,12102),(4,15630),(7,4124),(9,32343),(13,30646),(14,27306),(16,33386),(17,4803),(18,24868),(23,502),(25,1729),(28,20831),(29,1574),(32,609),(34,17378),(41,23643),(43,29278),(44,1803),(45,3023),(50,2234),(52,9445),(57,15825),(58,32456),(60,25401),(63,11530),(68,28527),(75,15300),(76,26285),(77,16838),(81,26105),(83,25632),(84,2638),(85,20225),(86,13737)]	102.165886
483	[(1,33511),(3,27785),(6,1585),(7,910),(9,24101),(10,7900),(14,31622),(19,30386),(21,658),(22,25506),(27,17616),(28,26614),(31,24696),(32,17709),(34,695),(36,17743),(41,3154),(42,5026),(43,11674),(44,22841),(45,12488),(46,19296),(47,24522),(53,11257),(54,24769),(55,16527),(58,15471),(62,32887),(63,32075),(64,2029),(67,2056),(69,25996),(70,25898),(71,5701),(73,32576),(75,20639),(76,25271),(77,4691),(78,51),(79,6326),(81,12504),(82,25225),(83,12314),(84,31810),(85,29117),(87,989),(88,19540),(89,27725)]	112.212969
484	[(3,17469),(4,11047),(5,7510),(6,26659),(8,14118),(9,13671),(10,8073),(12,21794),(13,26740),(18,2438),(20,1001),(21,11383),(22,29070),(26,14239),(29,14998),(30,22105),(31,5674),(32,26739),(33,21302),(38,15278),(39,13698),(40,16081),(42,11865),(43,1310),(45,12824),(47,8328),(49,18236),(52,13125),(54,7728),(55,10662),(57,16667),(58,20120),(59,9714),(60,19726),(61,8191),(64,24579),(65,14530),(68,29089),(69,20212),(72,2222),(75,6926),(77,25264),(78,20936),(82,18520),(83,29559),(85,26013),(86,26502),(89,16675),(90,22616),(91,28594),(92,26580)]	108.107577
485	[(2,24119),(3,16388),(5,6763),(6,28187),(9,20576),(12,18464),(15,10868),(16,1921),(17,1545),(19,19594),(20,21280),(27,13405),(29,33749),(31,14163),(32,3182),(36,21239),(39,23590),(40,12536),(45,15790),(46,19491),(49,17338),(51,23455),(54,13336),(56,32503),(57,1384),(58,1789),(59,32961),(64,33437),(66,5502),(68,17930),(69,15354),(71,16451),(72,32563),(74,2852),(75,553),(77,15409),(79,21533),(80,21688),(83,22444),(86,32716),(87,24210),(90,1972),(91,14189)]	115.303890
486	[(6,29840),(7,1048),(11,13084),(13,805),(14,9291),(15,19138),(17,20655),(18,11719),(28,4660),(33,6568),(37,24187),(40,3222),(43,10758),(44,7985),(50,9793),(51,29018),(52,28356),(54,10014),(56,15321),(57,15433),(59,11105),(60,17719),(62,8603),(64,22584),(65,4772),(66,13225),(67,10069),(71,20538),(74,1847),(78,28927),(79,27330),(85,15907),(88,21231),(89,31576),(91,4487)]	108.450432
487	[(2,19677),(3,12173),(4,21900),(8,5728),(11,32392),(12,17127),(13,1547),(14,4761),(16,19789),(17,30622),(19,15847),(20,18750),(21,14046),(29,24832),(30,27506),(32,29622),(36,23231),(38,22707),(41,23732),(42,6787),(48,28398),(56,15372),(57,522),(58,18295),(60,2121),(61,6004),(63,13697),(64,8047),(66,9302),(68,21383),(71,6584),(72,10199),(73,24205),(74,4940),(76,7179),(78,14572),(81,13514),(82,31949),(87,18011),(90,347)]	113.178016
488	[(0,13332),(1,19858),(2,24716),(3,20578),(4,21169),(6,21655),(9,31399),(11,23878),(12,31180),(13,11688),(15,28358),(18,5897),(20,20982),(21,24675),(23,28459),(24,9054),(26,13982),(27,33342),(29,14163),(30,22565),(32,16768),(33,6083),(34,5523),(36,272),(37,3432),(39,10426),(41,2727),(42,28614),(43,16620),(44,33462),(45,30629),(46,5136),(48,9904),(56,17857),(59,15860),(61,18475),(62,8879),(63,18555),(65,8749),(67,21692),(68,29969),(70,17750),(76,866),(77,6316),(79,5743),(80,19217),(82,11683),(83,17513),(84,20589),(85,5413),(86,32324),(87,14501),(90,28769),(91,31595),(92,23909)]	103.783671
489	[(0,21493),(2,16982),(3,1919),(5,12928),(6,19840),(8,25336),(13,26921),(14,33304),(15,31099),(16,28973),(17,10416),(18,31873),(23,18335),(27,1153),(30,16930),(31,14340),(32,5931),(33,17318),(35,22164),(37,24532),(38,30847),(40,8912),(42,15486),(43,33027),(45,14210),(46,8445),(47,16289),(50,11150),(51,5394),(52,21007),(54,29580),(58,22741),(59,8282),(62,928),(63,6376),(64,2577),(66,7099),(67,13673),(68,22327),(72,15669),(75,21869),(76,2847),(77,21191),(82,21361),(83,17066),(84,18278),(85,25025),(86,10263),(87,14691),(89,18152),(92,15803)]	113.523572
490	[(0,17853),(2,26163),(3,24501),(4,25218),(5,21061),(8,27390),(9,28751),(11,5745),(13,12201),(14,30034),(16,23771),(19,1068),(22,33881),(25,4371),(26,10342),(27,21523),(28,2084),(29,7791),(35,2496),(38,12604),(40,14186),(42,3619),(44,3954),(45,31733),(51,23863),(53,21929),(55,20364),(56,17094),(57,16914),(58,15116),(59,14355),(60,33841),(61,9210),(68,28322),(71,14202),(74,23203),(75,26681),(76,16857),(78,24821),(79,6890),(80,31584),(82,27325),(83,5427),(86,21804),(89,12393),(92,18619)]	99.765480
491	[(3,6056),(4,32066),(8,23872),(9,14479),(10,24330),(11,9858),(12,24421),(15,10463),(16,5750),(20,2692),(22,6858),(26,19272),(29,21542),(33,13550),(35,1633),(38,17140),(42,11350),(48,17398),(49,5063),(50,31902),(51,14067),(52,20748),(57,2800),(58,31624),(60,31884),(62,25712),(63,29450),(65,4382),(66,16621),(71,6989),(72,26938),(78,17184),(79,21359),(87,2024),(88,32740),(91,3180),(92,29104)]	101.106389
492	[(0,14746),(4,21189),(6,2001),(8,1959),(9,16100),(10,22734),(11,28214),(13,23401),(14,24895),(16,2382),(17,17185),(18,6396),(19,4434),(21,20887),(23,16114),(27,17767),(32,16902),(33,1036),(34,22853),(35,32719),(36,32203),(37,15219),(39,2215),(40,3309),(41,24686),(42,5127),(45,28203),(49,25361),(50,18662),(51,29807),(52,8373),(53,16318),(54,14579),(55,6422),(56,31993),(57,14967),(58,32844),(61,25803),(62,18449),(63,25984),(65,28199),(66,29613),(67,8599),(70,283),(73,32284),(74,13739),(79,29024),(82,4689),(85,31313),(86,33754),(90,17519),(92,29318)]	108.991770
493	[(0,1061),(1,8189),(5,21552),(6,3014),(7,17275),(8,12997),(9,21393),(10,7628),(13,14868),(14,17208),(15,28674),(19,10733),(20,3160),(21,31000),(22,16819),(23,10696),(25,18201),(28,21794),(29,26733),(33,29422),(34,13501),(38,33588),(41,29371),(44,28288),(45,25186),(50,31449),(51,11959),(54,27731),(60,30632),(64,13133),(65,3464),(69,13740),(70,4239),(75,8010),(77,8562),(78,9974),(79,9238),(83,7807),(85,9645),(86,29690),(87,33029),(90,8673),(91,17149)]	104.487025
494	[(0,23631),(2,5771),(3,29886),(4,18613),(7,6184),(12,26536),(13,21450),(17,21943),(19,14875),(20,9995),(27,23393),(29,3814),(31,7881),(33,27245),(34,18947),(35,28058),(36,26419),(38,3030),(40,30347),(41,3854),(45,13646),(47,5939),(49,1994),(50,5888),(51,4307),(52,22545),(53,29849),(54,3127),(56,22787),(58,32548),(59,13386),(61,15122),(63,4862),(64,19357),(65,17177),(66,5616),(70,22485),(71,9456),(74,23561),(76,31708),(78,120),(79,16629),(80,17471),(83,22639),(85,11611),(87,1136),(89,14060),(91,16506)]	101.068579
495	[(0,19972),(5,25878),(6,26229),(8,22294),(9,30756),(10,24753),(11,8575),(12,1698),(13,2730),(14,2084),(15,7791),(17,29317),(18,20029),(19,15022),(20,10138),(22,30576),(24,19008),(27,29641),(28,6246),(29,22712),(33,26764),(34,1253),(35,18122),(36,18083),(37,23882),(38,29711),(43,33667),(44,17980),(46,648),(47,15833),(48,33425),(51,21450),(58,9143),(63,20900),(66,24875),(67,9423),(68,33653),(69,23921),(72,8469),(74,17308),(75,6736),(76,23257),(79,32329),(80,20789),(83,28693),(87,21533),(88,17045),(89,13643)]	117.115965
496	[(0,16491),(2,15170),(4,29600),(5,6227),(8,12534),(10,6786),(11,21310),(13,577),(14,16754),(17,1349),(18,22968),(20,29293),(25,2413),(27,23270),(28,1774),(31,20299),(32,3832),(35,20382),(36,16130),(37,7821),(38,29499),(41,28585),(42,33889),(43,24573),(45,14740),(46,473),(47,4118),(49,18897),(50,16316),(51,29786),(54,33762),(56,3399),(60,20604),(61,32185),(62,26117),(64,12562),(68,24239),(69,33034),(72,30183),(74,19785),(75,9773),(76,22102),(78,19243),(79,26948),(80,8696),(83,18008),(90,26672),(92,20158)]	103.556501
497	[(4,27720),(5,26017),(6,18558),(7,31587),(8,13905),(10,32773),(14,32832),(17,22858),(18,19366),(21,14001),(23,6134),(27,23509),(29,21520),(33,11710),(34,25619),(37,10815),(39,33729),(40,13936),(44,10741),(45,15737),(48,2820),(51,26671),(53,24821),(57,946),(58,33513),(60,27175),(61,25567),(62,24303),(63,10719),(66,23744),(69,532),(70,21341),(71,6675),(73,21465),(74,6996),(75,14293),(78,14153),(80,27880),(81,24367),(83,4122),(86,33550),(87,22444),(89,23902),(90,25087),(91,11326)]	109.070566
498	[(2,28299),(4,16122),(9,17409),(11,26763),(13,1047),(14,26596),(15,16035),(16,5728),(20,21090),(21,11380),(23,21344),(24,15603),(26,9401),(27,30976),(28,13590),(29,32912),(30,4435),(35,21943),(38,3166),(41,25989),(42,23080),(45,21023),(46,26407),(47,23915),(55,28734),(56,5457),(57,28219),(59,7190),(60,17887),(61,15926),(63,7407),(65,21172),(67,12598),(71,12070),(73,16369),(74,21590),(77,19453),(81,9603),(84,7834),(85,22143),(86,1662),(87,29285),(88,1896),(89,19651)]	106.490011
499	[(0,16168),(4,26013),(5,7572),(8,29333),(9,12834),(10,23073),(12,33054),(13,7432),(19,9625),(20,29647),(22,23929),(23,18244),(24,842),(26,31791),(30,15122),(33,28660),(37,438),(38,18340),(39,26853),(40,31934),(42,2144),(44,25115),(45,6869),(46,19746),(50,13845),(52,21761),(55,27589),(58,23013),(59,17721),(61,2821),(62,30040),(63,11867),(70,9491),(75,13958),(76,17387),(77,29325),(78,593),(79,8435),(80,25846),(81,2831),(82,27648),(83,1324),(84,16973),(85,15475),(86,3344),(89,25030),(92,24653)]	193.094760
500	[(0,27638),(2,3590),(5,2300),(8,27981),(9,13531),(11,9015),(13,11633),(16,5388),(18,16267),(19,4617),(20,32595),(22,6414),(25,22294),(27,31133),(32,16599),(33,30485),(36,1843),(37,12985),(38,10530),(39,24233),(42,17485),(45,30427),(46,1146),(48,30175),(50,24328),(53,16152),(56,21952),(57,8787),(59,11158),(62,27433),(64,6231),(66,9360),(69,9823),(72,26467),(73,8573),(74,2763),(75,17196),(77,29819),(79,6731),(83,17649),(85,18166),(86,32695),(87,4397),(90,7013),(91,28582)]	223.463847
501	[(0,32060),(4,18668),(5,21313),(7,27755),(8,15080),(9,9885),(10,8578),(12,13084),(15,7450),(17,3885),(20,16340),(22,22323),(25,14857),(26,33244),(27,30422),(28,30347),(29,6724),(30,29561),(31,16736),(32,30039),(35,23373),(38,11820),(39,32606),(41,10494),(42,4012),(45,13158),(49,27793),(50,15627),(52,7397),(56,17358),(57,16292),(59,5648),(60,14389),(61,25006),(62,26893),(65,228),(66,25263),(67,1616),(68,33894),(69,33005),(70,2887),(71,1698),(72,5953),(74,18649),(75,19818),(76,31393),(77,12478),(78,27611),(79,1557),(80,724),(81,13467),(85,16400),(87,17085),(89,7219),(92,4771)]	221.322985
502	[(0,31490),(1,24269),(2,22046),(6,5802),(7,20156),(9,21420),(10,458),(14,31853),(15,18332),(16,23122),(18,13372),(20,4599),(21,31069),(24,22316),(25,32316),(26,14292),(27,24645),(28,11626),(31,2504),(32,23196),(34,8350),(35,325),(37,14404),(39,17330),(41,17602),(43,24269),(45,29134),(48,2319),(50,31169),(53,20895),(55,8672),(59,6296),(60,14616),(64,24761),(65,17642),(70,4302),(72,19711),(73,31572),(74,12986),(76,20767),(77,15396),(78,8821),(81,31825),(84,26409),(86,17537),(89,2616),(90,18504),(92,21786)]	230.891528
503	[(5,19601),(7,10903),(11,13970),(12,15498),(15,18928),(16,4065),(17,11328),(18,1460),(20,2373),(23,6801),(28,11379),(30,20859),(31,16574),(34,31855),(37,27532),(40,5759),(41,5333),(42,17591),(45,25083),(46,3933),(47,19095),(49,7845),(50,22483),(52,24979),(55,14795),(57,16865),(58,13499),(60,22614),(61,15014),(63,10891),(69,30460),(72,15371),(74,13254),(75,5739),(76,6050),(82,20399),(83,19361),(85,21586),(88,30843),(92,8380)]	217.885444
504	[(0,9561),(4,15201),(6,21857),(7,29262),(9,1670),(10,32792),(14,527),(15,7802),(18,11752),(22,25493),(25,33864),(29,20805),(30,16224),(31,21291),(32,32926),(34,31082),(36,3361),(40,11219),(43,2748),(44,4967),(46,19811),(48,6604),(49,9571),(50,15035),(52,17076),(55,21023),(56,1862),(57,19841),(59,8725),(60,3830),(61,8545),(66,23655),(67,29236),(71,2738),(72,18548),(73,18199),(75,24432),(77,28461),(78,29784),(80,14567),(81,1741),(84,10852),(86,19518),(88,18682),(92,10079)]	206.268683
505	[(0,16247),(2,9309),(3,33375),(5,4662),(9,27404),(15,18299),(16,24817),(19,21026),(20,28913),(22,6707),(23,22598),(27,3444),(29,27554),(31,32196),(34,2091),(35,23625),(41,9463),(42,8886),(44,26803),(46,3854),(47,31289),(48,21363),(50,16477),(52,25183),(54,14350),(59,29091),(62,8989),(63,13247),(64,9886),(66,25591),(68,29657),(69,16234),(71,109),(72,26110),(74,28158),(75,20059),(82,10788),(83,22103),(86,6568),(88,17878),(89,7410),(91,5456),(92,31435)]	232.037952
506	[(0,9671),(1,29811),(2,10317),(4,24835),(6,7321),(7,5959),(10,27869),(12,18379),(13,5095),(17,15381),(18,33208),(19,5599),(20,15329),(22,23161),(23,12295),(25,10638),(26,22921),(27,3328),(29,21147),(30,33467),(31,7207),(34,12393),(36,19016),(40,13181),(41,7027),(43,29833),(46,31374),(47,25382),(48,30296),(52,30537),(55,1993),(56,19014),(57,25414),(61,10546),(64,27163),(67,27456),(79,33552),(82,12153),(83,10477),(84,26628),(87,8635),(89,22609)]	231.547233
507	[(1,23586),(2,2637),(5,6633),(8,26052),(9,22191),(10,33927),(14,22057),(17,266),(19,15579),(20,19995),(21,21620),(22,7858),(23,11318),(24,20102),(28,17555),(31,21443),(34,32924),(35,1793),(36,26688),(38,13266),(41,2515),(43,3700),(44,21861),(46,7753),(47,20491),(48,29230),(49,32200),(51,21850),(52,19524),(54,10054),(62,27787),(64,535),(65,17467),(66,12746),(68,6174),(69,20794),(71,20086),(72,3671),(73,3584),(74,5942),(75,15628),(76,4242),(78,22143),(79,18418),(80,14019),(82,16795),(84,33820),(85,17831),(87,5957),(89,19270),(90,26506),(92,22603)]	234.444575
508	[(4,12370),(5,448),(6,11296),(9,13421),(10,10948),(11,25096),(20,24288),(22,8357),(24,6694),(25,3096),(26,30677),(27,636),(28,18200),(33,10032),(34,27401),(43,1408),(46,20350),(47,9426),(49,24418),(53,5976),(54,22205),(55,31008),(56,5721),(57,6408),(58,25385),(60,15685),(61,5748),(62,5397),(63,30983),(69,5858),(71,16465),(73,30669),(74,5918),(75,1290),(77,5400),(79,25578),(80,19093),(83,21490),(88,10808)]	217.731504
509	[(0,20163),(1,4253),(3,21850),(4,19524),(6,11366),(7,10387),(9,3919),(10,16826),(11,9858),(13,14396),(14,17198),(16,6453),(17,1386),(19,10705),(24,14859),(25,5213),(26,23999),(29,30488),(32,111),(33,25714),(37,25216),(40,32452),(41,33479),(43,16023),(50,12380),(51,10067),(53,23646),(54,4308),(56,12429),(59,27060),(61,29322),(62,32789),(63,23537),(71,2534),(72,32560),(73,9652),(77,30567),(80,26256),(81,33875),(82,21999),(86,17501),(89,25475),(91,11121)]	222.404647
510	[(0,6721),(2,18076),(3,18088),(5,11592),(6,24701),(7,28993),(8,9512),(14,20876),(15,7349),(16,2786),(17,4416),(19,32043),(20,18998),(21,482),(24,11261),(25,32356),(26,31620),(28,11353),(29,20405),(30,5947),(31,6197),(32,22066),(33,9088),(34,30002),(35,8026),(36,9958),(37,3226),(38,20602),(39,13705),(40,29670),(45,22057),(46,30355),(47,8750),(48,9884),(50,27540),(53,18718),(55,8350),(56,21467),(57,18909),(58,18454),(61,23717),(65,23357),(66,23623),(67,29819),(68,23101),(69,2596),(70,28017),(71,6782),(74,226),(76,8959),(78,22829),(81,27412),(82,10436),(83,24379),(85,960),(86,21908),(89,6590),(90,11632),(91,33696),(92,5340)]	207.066296
511	[(1,54),(2,10671),(3,32401),(5,15918),(6,29991),(7,28321),(11,1040),(12,19497),(13,22800),(14,3678),(15,2742),(16,769),(18,2773),(19,3682),(20,1729),(22,184),(23,23919),(24,29974),(26,1806),(27,21078),(28,15054),(29,29590),(30,25313),(31,690),(33,25157),(34,4088),(35,14489),(37,4875),(38,30879),(40,15051),(44,31040),(45,12580),(49,4685),(55,5242),(58,28657),(60,22232),(61,21404),(63,15181),(64,27711),(66,23606),(69,24696),(70,17709),(73,7629),(80,33753),(81,6524),(82,5564),(85,14235),(87,1334),(88,24358),(90,6880),(91,32796)]	225.670265
512	[(0,20066),(5,12688),(6,28839),(7,19906),(8,14261),(10,10494),(14,18963),(15,29561),(16,645),(17,23110),(18,31482),(21,11101),(25,11279),(26,15683),(27,16624),(28,28381),(31,12127),(35,20263),(41,30505),(43,32306),(45,2604),(48,9975),(53,1610),(60,30442),(61,20699),(62,22040),(63,32475),(65,30410),(66,12573),(67,21767),(74,5279),(76,13273),(79,13221),(81,312),(83,5306),(84,7212),(85,6716),(87,2521),(89,30367),(90,27475),(91,17436),(92,1620)]	233.390294
513	[(0,23384),(1,32100),(4,828),(5,12623),(6,31966),(7,25512),(8,25036),(9,21798),(12,4305),(13,32221),(14,16290),(16,23813),(17,28726),(18,1116),(19,7287),(20,19561),(22,9912),(23,15753),(25,18177),(26,29218),(27,12267),(28,11363),(29,19474),(31,2530),(32,26222),(33,20420),(34,6081),(35,18165),(37,19926),(38,4317),(39,28937),(42,8808),(50,25147),(51,26843),(52,9215),(54,11670),(55,18960),(56,6675),(58,33629),(59,30904),(61,33656),(62,12634),(63,25140),(66,5183),(74,9090),(75,3821),(80,15106),(81,3773),(85,687),(87,32983),(90,5555)]	218.042684
514	[(0,9199),(1,11525),(2,2024),(3,2352),(5,622),(13,33840),(16,748),(17,12392),(18,16316),(21,5296),(22,5674),(23,4553),(24,15210),(25,17998),(28,20651),(29,16571),(32,11924),(33,30640),(34,10238),(35,33466),(37,14102),(38,13372),(40,22349),(41,21940),(47,23668),(48,17197),(51,1965),(52,11645),(53,27233),(56,4995),(60,26927),(62,17865),(65,22096),(66,17892),(67,27363),(69,29364),(70,29080),(71,27773),(72,11390),(73,23524),(75,17503),(76,7377),(78,26618),(79,16794),(80,462),(81,22992),(82,11327),(85,25386),(87,13770),(89,5118),(92,32268)]	235.575086
515	[(0,19168),(2,29266),(3,3337),(4,3859),(5,10291),(6,15546),(9,7351),(12,30307),(14,32502),(15,28628),(16,21884),(19,12400),(22,21601),(24,9786),(27,3702),(29,6497),(32,31114),(33,15224),(36,11802),(39,12362),(41,3324),(42,14123),(47,25382),(51,20204),(52,21194),(53,5763),(55,6993),(56,7502),(58,21460),(60,11644),(62,33917),(63,25379),(64,32438),(68,31742),(70,15467),(71,1030),(72,6775),(73,613),(75,20308),(78,20805),(81,23081),(83,8881),(84,30989)]	157.507087
516	[(2,27498),(4,33193),(9,1635),(10,6368),(12,19432),(14,358),(16,301),(17,7040),(19,27136),(22,32065),(23,31296),(26,31507),(27,26674),(28,15813),(29,21482),(31,24292),(32,26136),(34,25784),(35,31760),(36,27580),(37,20056),(41,30062),(42,15954),(44,14525),(45,27004),(46,22131),(47,3875),(50,2507),(53,15910),(54,21112),(59,28115),(63,21848),(64,11757),(71,8362),(72,12045),(73,8699),(75,8897),(77,16758),(80,21288),(83,20917),(87,13196),(88,26986),(89,32353),(90,31466),(92,20141)]	108.268012
517	[(1,10819),(3,23239),(7,29831),(10,22770),(11,16228),(12,2476),(16,13897),(18,32146),(19,7194),(22,13897),(24,32146),(28,23569),(29,11535),(30,4696),(34,7782),(36,20735),(39,25741),(41,9201),(42,1874),(43,14969),(44,30700),(45,22698),(46,23693),(47,11075),(48,27464),(51,23382),(54,32513),(56,4631),(59,22873),(60,2706),(61,11779),(62,30336),(63,11037),(65,5024),(67,19432),(69,358),(73,9119),(74,29556),(75,4513),(77,23150),(80,9726),(81,9407),(82,7419),(83,3568),(84,27118),(86,8709),(90,17247)]	122.844838
518	[(0,19641),(2,27312),(5,10266),(6,9971),(9,15618),(10,30441),(15,6895),(18,29414),(20,26375),(21,18708),(23,13012),(25,29390),(27,24999),(29,19042),(31,28848),(32,17595),(35,18834),(36,1459),(37,14833),(38,12251),(39,31688),(42,17405),(43,20908),(44,2342),(47,32500),(48,16810),(50,5794),(51,17624),(53,8136),(55,13414),(57,6162),(58,18568),(60,30895),(63,7746),(70,20788),(71,31881),(72,9589),(77,30531),(79,21547),(84,14718),(85,13404),(86,1989),(87,23),(88,32982),(92,25962)]	103.910953
519	[(5,9705),(6,19674),(12,33076),(13,8585),(14,22726),(15,5191),(18,11973),(20,18658),(21,28415),(25,10677),(27,15381),(29,33845),(30,20057),(33,25523),(36,30689),(38,16624),(40,2427),(41,30987),(42,16853),(43,32883),(44,33786),(45,653),(46,216),(51,27567),(53,14762),(54,27761),(56,12367),(57,734),(59,11274),(60,14919),(61,24538),(63,15058),(67,11983),(68,7530),(70,6909),(71,30646),(72,27306),(73,3722),(78,11852),(80,27884),(81,2211),(82,16633),(83,10625),(84,721),(85,8420),(88,29759),(90,29313),(92,16599)]	98.509269
520	[(4,13799),(5,26142),(7,15723),(9,27665),(11,13868),(12,32404),(13,27130),(14,25575),(15,8796),(16,3972),(17,2457),(22,9557),(24,30219),(27,17788),(28,29),(29,24714),(31,2246),(33,31645),(35,17530),(36,14117),(37,2758),(39,3831),(40,16308),(41,7231),(43,5344),(48,18175),(53,21257),(55,17978),(56,6812),(57,21139),(59,16589),(60,12779),(64,2219),(66,31345),(68,14558),(69,31163),(71,18664),(72,10074),(74,29452),(76,16263),(80,21307),(81,31811),(82,24944),(83,13030),(86,33829),(88,6705),(89,2370)]	98.291521
521	[(0,24659),(1,13570),(5,2309),(7,25779),(10,20853),(14,3474),(15,13531),(17,868),(19,4001),(21,10835),(26,18858),(27,8003),(32,24126),(33,11903),(35,3847),(43,59),(45,32536),(46,5140),(47,14667),(48,10585),(50,25785),(51,22440),(52,5853),(55,10632),(56,27894),(57,17181),(58,7946),(60,5225),(62,3913),(64,18539),(66,28431),(67,26454),(71,498),(73,31131),(75,3389),(78,11211),(80,27688),(83,10027),(86,28383),(87,17234),(90,5357),(91,4085),(92,14204)]	112.221876
522	[(4,33542),(6,18822),(7,12579),(10,6688),(14,5919),(16,10747),(17,4162),(21,3328),(22,20112),(29,3137),(31,22268),(37,5616),(38,20303),(40,33707),(44,27657),(49,29335),(52,10684),(53,17555),(54,10751),(55,25966),(58,33123),(59,12536),(61,14347),(62,21741),(63,10478),(64,33048),(68,9189),(71,21883),(72,32957),(73,23005),(74,29251),(75,2992),(76,13454),(78,3400),(83,3214),(84,26307),(86,23110),(91,30654),(92,29402)]	110.103518
523	[(0,177),(1,19837),(3,30626),(4,7379),(5,17944),(6,26502),(9,12271),(11,21867),(12,3737),(14,15478),(15,14706),(16,13588),(17,3748),(18,10277),(19,12851),(21,31391),(23,22621),(24,7519),(26,14347),(27,17067),(28,27587),(29,9064),(30,32273),(31,12872),(33,11060),(34,169),(35,2322),(36,22292),(37,2393),(39,2962),(41,22033),(42,12324),(44,24665),(47,2838),(48,13551),(50,65),(52,8872),(54,886),(56,2335),(58,7779),(60,9846),(62,17909),(63,2953),(64,29132),(65,10407),(69,163),(70,6572),(71,4879),(72,7822),(74,29285),(75,1896),(76,4106),(77,12754),(78,15090),(79,8163),(80,2328),(81,17050),(83,31316),(84,11870),(85,8374),(89,4399),(90,22815),(92,18593)]	113.143438
524	[(0,1653),(1,3793),(2,10203),(3,14409),(4,1811),(5,19010),(7,8068),(10,4381),(12,30567),(14,19411),(16,11259),(17,4100),(19,12401),(21,12959),(22,28252),(23,30736),(27,14739),(34,25993),(35,28276),(36,617),(38,32539),(39,31808),(40,18215),(43,32379),(44,2091),(45,23625),(46,9080),(49,30589),(50,26069),(52,23401),(55,17960),(60,28858),(65,45),(69,30010),(70,10357),(72,32890),(73,20725),(74,14957),(82,26918),(83,24237),(85,10854),(91,15704)]	111.851599
525	[(4,18816),(7,23384),(8,32100),(9,7959),(10,25297),(12,26639),(13,18167),(14,12648),(15,6332),(16,18995),(17,21974),(18,31155),(19,9354),(22,5619),(24,11343),(27,31151),(28,9312),(29,29635),(32,33111),(34,17083),(36,29306),(37,1734),(38,23030),(39,6214),(41,3597),(42,5070),(45,3990),(46,7599),(48,25113),(50,18232),(52,9353),(53,30135),(54,13262),(57,13870),(59,30875),(61,15274),(68,15031),(71,32893),(72,8953),(73,27076),(78,27271),(82,10914),(83,3063),(85,6074),(86,10567),(87,23890),(88,19603),(89,28609)]	117.580517
526	[(1,17481),(2,18606),(5,13438),(8,25467),(10,31423),(11,32835),(13,14420),(15,1285),(16,15039),(17,22526),(19,6721),(20,29053),(22,12177),(23,9167),(25,20763),(26,30908),(27,4888),(28,26557),(29,25840),(30,27168),(32,24821),(36,4694),(37,21221),(39,25574),(41,25905),(44,21692),(45,19750),(46,19853),(47,18350),(49,31101),(50,6004),(53,15223),(57,11323),(58,33425),(59,10072),(61,3721),(64,6231),(65,19688),(67,32411),(68,14368),(72,31499),(73,24692),(75,32591),(77,17528),(78,31192),(79,20027),(91,4197),(92,32539)]	143.877704
527	[(0,27466),(5,20018),(6,747),(7,13130),(8,31023),(9,17512),(10,1172),(12,23049),(13,22228),(18,23856),(19,8264),(20,8102),(22,5526),(24,23868),(25,23202),(27,2899),(28,1654),(29,33576),(30,6672),(31,12117),(34,26879),(35,27160),(37,3492),(39,5257),(40,1760),(41,15286),(42,12533),(43,13417),(46,4919),(47,6891),(48,27206),(49,24104),(50,16395),(52,25571),(55,16908),(57,20660),(59,2888),(61,11692),(63,1009),(65,18756),(66,12308),(71,19375),(77,27507),(78,26370),(81,16508),(85,33031),(86,23825),(87,24961),(91,12422)]	115.234305
528	[(0,12408),(1,13441),(8,30722),(9,4114),(10,10714),(11,19647),(12,4315),(14,33879),(16,17355),(21,5568),(22,4266),(29,3346),(30,6448),(31,32273),(32,30035),(33,1409),(35,31059),(38,32935),(39,4531),(40,19612),(41,18483),(43,27230),(46,26648),(47,14211),(48,2175),(49,26781),(50,1242),(51,24129),(52,14953),(55,32153),(59,31498),(60,20514),(61,20762),(62,24856),(66,15524),(67,21484),(71,6043),(72,2654),(74,13829),(75,30876),(77,5605),(78,11599),(79,3784),(86,32520),(87,25038),(90,25519),(91,12755),(92,28091)]	106.857568
529	[(0,30387),(1,18163),(2,27870),(3,5805),(6,31144),(7,21097),(9,31515),(13,31125),(14,3525),(16,26617),(17,19195),(18,22981),(19,17351),(20,15812),(22,13298),(25,2053),(26,6924),(27,4739),(29,28745),(30,11545),(31,30655),(33,27572),(37,15040),(38,8025),(39,16478),(41,13299),(43,12441),(44,11478),(45,11679),(46,14841),(48,18117),(49,13191),(50,3483),(56,13356),(57,22229),(58,29994),(59,18409),(61,963),(63,17917),(64,527),(65,19770),(66,24983),(67,26337),(70,590),(74,10340),(76,19023),(79,11655),(80,10763),(83,29498),(87,27037),(88,5227),(92,32766)]	113.105022
530	[(0,25581),(2,22090),(5,5893),(6,2339),(7,8333),(8,25150),(9,17820),(10,17570),(11,21431),(12,19749),(13,4807),(15,17531),(16,16976),(17,30098),(18,15488),(19,32735),(23,20895),(29,17778),(33,15821),(35,28558),(36,16210),(37,19547),(38,15195),(41,16532),(42,29063),(43,23580),(44,2737),(45,23240),(48,142),(50,508),(52,82),(53,7225),(55,25182),(56,25256),(61,32184),(62,10943),(64,2775),(67,28906),(71,14906),(73,5956),(77,16957),(79,8563),(80,14138),(81,23974),(82,31699),(83,14089),(84,26419),(91,19826),(92,10027)]	110.526526
531	[(5,32529),(6,21042),(7,3920),(9,6531),(10,17610),(11,22976),(14,31045),(15,16891),(17,20338),(18,33584),(19,4595),(22,23438),(26,7427),(27,9187),(31,7456),(35,26523),(36,3500),(37,24314),(38,12816),(39,419),(41,27751),(42,21400),(47,11289),(51,8798),(55,23172),(58,32821),(60,3831),(61,16308),(62,6561),(64,17982),(65,1532),(66,28898),(67,1045),(71,16186),(72,28435),(74,19840),(80,23859),(81,28204),(82,9524),(86,4054),(90,10808),(92,28304)]	104.262089
532	[(0,3254),(3,304),(5,9842),(7,24876),(10,6666),(12,15903),(14,16658),(17,4847),(18,22355),(19,1265),(20,3288),(21,14692),(22,10523),(25,20900),(31,25488),(33,17963),(34,14991),(37,1985),(38,5625),(39,3697),(41,9292),(42,33886),(44,13858),(47,13792),(48,1918),(50,32988),(53,31725),(56,7075),(58,16392),(59,31987),(60,17425),(61,32700),(62,11548),(63,9359),(66,30576),(68,32669),(69,21249),(70,20799),(73,1111),(77,2293),(79,25440),(82,31719),(83,9660),(85,2949),(87,20295),(88,29448),(90,13367)]	103.248486
533	[(0,31627),(1,20626),(4,31),(11,5153),(12,29211),(13,24656),(14,13007),(16,22667),(17,5933),(20,22097),(21,32838),(26,28755),(29,26802),(31,23403),(32,5507),(34,31721),(36,25475),(37,6332),(38,18995),(39,21974),(40,5409),(41,8944),(42,30606),(45,8287),(46,25523),(50,11555),(53,18681),(54,12200),(55,1936),(58,10422),(60,6910),(61,18940),(62,27654),(63,6494),(65,17664),(67,20966),(69,33042),(70,31047),(72,16521),(73,19883),(75,30610),(79,10326),(83,6603),(85,5989),(89,11916),(90,20658),(91,20214),(92,26771)]	108.132938
534	[(0,29924),(1,3889),(2,18839),(4,24680),(6,16694),(7,21438),(8,1660),(10,12318),(11,30172),(14,20679),(15,2521),(17,20190),(19,28118),(20,16925),(22,23498),(23,29711),(26,18044),(29,27853),(30,16880),(31,20972),(32,5209),(33,10020),(35,15779),(39,27710),(40,24784),(44,20150),(46,17673),(47,6482),(48,9134),(49,9496),(51,10463),(52,5750),(54,981),(55,1066),(58,19365),(61,20856),(64,15921),(66,21749),(67,23590),(68,12536),(70,14347),(71,21741),(73,117),(75,13581),(79,24810),(81,3734),(82,24934),(84,32463),(85,19125),(87,28222),(88,24354),(89,28901),(90,2175),(91,32973)]	109.387159
535	[(3,11908),(4,30499),(6,21788),(9,28001),(10,26947),(13,24454),(14,24325),(15,14051),(16,20318),(18,19677),(19,4391),(23,6772),(25,20280),(26,14351),(30,26475),(33,103),(35,21387),(36,15607),(42,263),(44,29915),(45,1875),(46,1471),(48,19331),(53,31645),(54,30912),(56,7722),(57,32661),(60,12873),(61,377),(62,20572),(63,14583),(64,7896),(69,3526),(71,10371),(73,5658),(74,21942),(75,27803),(79,772),(84,5217),(85,19878),(87,20537),(88,27359),(89,17571),(90,31717)]	104.691867
536	[(0,7241),(1,14114),(3,12781),(4,5975),(5,4657),(9,28382),(11,11588),(12,15022),(13,17886),(15,21463),(17,6811),(19,22047),(20,23515),(22,12905),(23,31183),(26,3467),(28,6417),(31,1251),(33,8998),(34,31003),(36,513),(37,31501),(45,14973),(46,17257),(47,23166),(49,33192),(50,7254),(51,21019),(53,12006),(55,19394),(56,25821),(57,2869),(59,16993),(61,5850),(64,1963),(65,26067),(67,10709),(68,29112),(69,124),(70,2662),(71,12395),(72,32462),(75,9507),(80,11251),(81,20118),(82,7400),(83,3344),(86,115),(87,1129),(88,7823),(90,27670),(91,4507)]	127.716476
537	[(0,9004),(1,21959),(4,35),(5,4600),(6,23783),(7,4261),(9,15306),(11,32921),(12,10055),(16,7270),(17,21752),(19,9599),(20,22843),(22,2819),(23,21569),(24,21044),(25,4166),(28,19816),(29,30547),(31,30348),(36,13564),(37,2776),(38,1806),(40,17041),(41,7915),(44,10466),(45,3956),(47,12100),(50,242),(51,26668),(52,1433),(54,14493),(56,26971),(57,31002),(59,13526),(61,19993),(62,1422),(63,862),(64,13573),(65,15486),(66,33027),(68,8575),(69,17459),(71,26199),(72,23341),(74,27397),(75,6118),(76,13879),(78,3180),(79,377),(80,20572),(81,14583),(82,2999),(83,2336),(84,16873),(87,1302),(88,11938),(89,22157),(91,27267),(92,33189)]	96.745575
538	[(0,4350),(1,5023),(4,29870),(5,8507),(6,33167),(9,25549),(11,8266),(12,18876),(14,27800),(15,586),(16,23514),(19,3259),(20,18350),(23,10261),(25,8533),(26,12615),(27,20212),(33,15951),(34,10199),(35,24205),(36,4940),(37,14385),(39,13806),(40,7075),(42,28336),(49,433),(50,1981),(54,26178),(56,24067),(59,4034),(62,29056),(70,17009),(73,26067),(75,11644),(78,28921),(79,21945),(80,14658),(81,6536),(83,12657),(84,27191),(86,13959),(87,24672),(89,5496),(91,4833),(92,12470)]	98.754820
539	[(1,25271),(2,4691),(3,3889),(7,22816),(8,26242),(11,16820),(12,10687),(17,2102),(18,1418),(21,28617),(23,2043),(24,24143),(26,13891),(30,29317),(31,20029),(32,25144),(33,5298),(36,30652),(41,5252),(43,6180),(46,496),(47,266),(48,18447),(52,6341),(53,25722),(54,33067),(55,14515),(59,5225),(61,27596),(63,30990),(64,15743),(67,30322),(68,22955),(69,27971),(70,17348),(73,4696),(74,18403),(81,8279),(83,13456),(84,16444),(86,12038),(89,8639),(90,11071),(91,8313)]	106.184529
540	[(1,15018),(5,31004),(6,1623),(8,9497),(9,2568),(10,20199),(13,23724),(17,660),(18,28536),(19,27530),(20,26445),(21,1514),(25,1548),(28,13012),(30,12393),(31,11097),(35,27887),(42,20107),(45,2602),(48,29203),(50,6450),(53,25083),(54,20984),(55,2701),(56,17264),(58,29064),(62,12316),(63,30070),(64,13597),(68,26646),(73,29935),(78,10105),(80,11742),(83,4701),(86,27960),(92,21005)]	99.087307
541	[(0,3587),(1,10558),(2,8503),(4,6057),(6,12386),(8,2381),(9,14249),(10,6607),(14,13355),(15,6663),(19,23725),(20,33085),(21,14520),(25,21312),(26,14173),(27,23993),(28,17164),(29,19295),(32,20342),(33,7280),(38,23211),(39,13714),(40,8580),(41,30332),(42,3072),(43,15573),(46,1088),(47,28271),(50,8934),(53,32194),(56,23856),(57,20380),(58,18476),(59,2334),(61,3317),(62,24543),(64,31693),(66,16568),(67,1129),(68,1679),(69,27979),(70,19464),(71,30939),(72,19694),(73,7177),(75,2916),(81,23031),(83,20772),(84,7840),(85,28550),(86,4130),(87,19918),(88,63),(90,9831)]	98.896810
542	[(1,3325),(2,17324),(4,33052),(6,22206),(7,17251),(8,30671),(9,12384),(10,10271),(11,30477),(15,24752),(16,7919),(20,9203),(21,9666),(22,29887),(24,26890),(26,15224),(30,3766),(32,7563),(33,3879),(35,29321),(41,13965),(42,1504),(43,10988),(45,17881),(46,32344),(47,1419),(49,18376),(53,23146),(54,10606),(55,29857),(56,16157),(57,3820),(58,4682),(59,4465),(61,22263),(63,4800),(65,17054),(66,20121),(70,28143),(71,11239),(73,29127),(74,26310),(75,15441),(77,27287),(78,21064),(79,13629),(80,21356),(82,29265),(83,20515),(84,9466),(89,5696),(91,30527)]	104.227017
543	[(5,15918),(6,29991),(9,15226),(10,1797),(11,25329),(13,17912),(14,8430),(16,14653),(17,16513),(18,23002),(21,412),(22,3656),(24,9613),(27,6949),(28,9070),(30,30476),(31,22717),(32,8750),(35,13695),(37,17306),(41,28961),(44,20668),(45,24942),(46,4139),(47,6857),(49,17891),(51,23496),(52,996),(53,31511),(56,16544),(58,7762),(59,27430),(60,25652),(61,10244),(62,28690),(63,30752),(64,21560),(65,27193),(66,30201),(69,5373),(70,9909),(72,27019),(73,28223),(74,5161),(77,1986),(79,23204),(80,23667),(83,22405),(84,4868),(85,22443),(86,16776),(87,17299),(89,2011),(90,24877),(92,25127)]	103.687888
544	[(2,30601),(3,17370),(4,11359),(11,3820),(12,20215),(13,9374),(14,5842),(15,28457),(17,9953),(19,5464),(20,11113),(23,8710),(24,20878),(29,26962),(30,20330),(32,24265),(33,17670),(35,4622),(38,2549),(40,15695),(46,17220),(56,30591),(60,18619),(61,8909),(62,12825),(66,702),(67,30469),(68,16499),(70,26678),(71,4097),(72,20016),(73,6129),(74,9342),(76,31186),(78,19267),(82,2469),(83,1853),(84,817),(85,7696),(88,29568),(89,7128),(92,27317)]	104.500921
545	[(0,10629),(1,27932),(2,20193),(3,5632),(4,12827),(6,4606),(7,30351),(11,25382),(12,30296),(13,27398),(18,31499),(19,24692),(20,8211),(21,11241),(23,27940),(25,31606),(26,4092),(27,22592),(29,2870),(30,24728),(36,6270),(38,32498),(41,12201),(46,30901),(47,2096),(50,15803),(51,16696),(52,21956),(58,31224),(61,2086),(62,32784),(63,5580),(65,5513),(66,4441),(67,10306),(71,11),(73,13198),(74,14025),(75,4903),(76,8474),(78,14867),(80,32986),(81,5067),(83,5792),(87,18659),(88,5603),(91,24948),(92,21008)]	104.559804
546	[(0,8090),(2,26174),(3,13140),(10,19199),(13,10031),(14,5534),(15,13012),(16,24691),(19,32013),(20,22157),(23,17933),(24,25877),(25,15171),(28,20971),(31,2711),(33,2113),(34,11625),(36,18038),(37,18322),(41,17152),(43,12020),(45,17830),(46,20473),(48,9487),(49,12700),(50,13009),(51,11770),(52,1805),(54,8421),(55,19011),(59,19348),(60,25842),(61,15032),(62,30767),(63,19499),(66,30947),(68,24482),(69,1897),(70,15090),(71,12559),(72,12613),(73,30160),(74,15565),(75,7372),(76,31684),(77,16303),(78,28747),(81,15518),(84,11513),(87,22779),(89,32341),(90,17969),(91,11945),(92,12417)]	119.495012
547	[(2,14118),(5,33198),(7,9700),(10,30302),(11,11680),(12,5192),(16,11345),(17,2600),(18,30393),(19,22229),(20,29994),(22,1766),(25,12101),(28,22791),(29,25800),(30,28505),(32,3804),(35,18652),(36,18255),(38,30017),(40,29578),(42,28738),(43,15832),(46,22144),(48,18625),(49,394),(50,7586),(52,23355),(53,13159),(54,28555),(56,26769),(57,18741),(58,7996),(59,6443),(60,13687),(61,18518),(63,25590),(65,21100),(66,812),(68,1723),(69,17361),(70,16132),(73,29741),(76,28687),(78,30),(79,13885),(80,30215),(81,2016),(85,22269),(87,14712),(89,9936),(91,6846)]	94.003353
548	[(0,7202),(2,26851),(4,26450),(5,21957),(13,24346),(15,14320),(18,20297),(20,18649),(21,19818),(23,30334),(25,33311),(32,1472),(33,27126),(42,23558),(43,14100),(44,17193),(46,14814),(51,31362),(52,8126),(54,8181),(55,3887),(56,10406),(58,12158),(60,1039),(61,6649),(62,17734),(63,5541),(65,23160),(69,11783),(70,12808),(72,13326),(73,9410),(76,25169),(78,11208),(79,24925),(81,15902),(82,15857),(85,33439),(87,22176),(88,10128),(89,22392)]	100.891892
549	[(1,26154),(3,23774),(5,24527),(9,32522),(11,27310),(12,17674),(15,3430),(17,28827),(19,32672),(21,31778),(22,25748),(25,18042),(26,30887),(29,23394),(31,16010),(32,18619),(34,5355),(36,32768),(37,20448),(39,2880),(44,10114),(46,16874),(50,11768),(53,32792),(55,24709),(56,10988),(57,25431),(58,9623),(60,16722),(61,669),(62,12056),(65,13275),(66,26965),(67,12534),(69,25292),(71,17635),(72,13256),(73,27242),(75,21375),(79,20381),(81,18609),(82,31387),(83,10308),(86,26595),(87,31449),(88,3189),(89,2401),(91,24173),(92,29477)]	114.797081
550	[(2,19734),(3,9746),(4,8253),(6,4320),(7,9961),(9,17211),(10,4156),(11,23845),(12,12730),(13,15855),(17,24806),(18,33017),(19,19518),(24,14013),(25,6199),(28,10623),(29,20134),(34,17909),(35,29354),(36,4328),(37,10535),(38,25918),(40,7963),(43,21033),(44,20816),(46,14225),(49,32000),(52,3453),(54,5513),(55,29206),(57,22819),(61,30057),(67,20804),(68,18652),(69,5657),(70,29018),(71,28356),(73,1765),(76,32002),(77,14089),(78,26419),(79,23159),(81,16464),(83,9228),(84,27643),(86,15081),(89,2538),(90,32815)]	108.580041
551	[(2,4431),(4,27132),(5,4815),(7,13),(8,9709),(9,25416),(10,22864),(14,7370),(15,26283),(17,25445),(20,14982),(22,19780),(23,15782),(24,23163),(25,18309),(26,22462),(30,24163),(33,22092),(34,7314),(35,31607),(39,5127),(40,31878),(41,33909),(43,13796),(45,12048),(47,10090),(48,22549),(49,22520),(50,13581),(52,1253),(53,18122),(54,18083),(56,5427),(59,5277),(60,9922),(68,7163),(70,16579),(71,25865),(76,6994),(77,21329),(79,7928),(81,20224),(84,368),(87,29011),(88,14441),(90,31412),(91,29937)]	98.565196
552	[(2,30609),(3,4551),(4,9438),(5,1453),(7,23789),(11,11044),(12,22376),(13,17329),(17,13313),(18,26755),(19,20893),(20,9610),(22,119),(25,12017),(26,2574),(28,11478),(30,5837),(34,11068),(36,10471),(39,6017),(40,27966),(41,28290),(42,3321),(47,10386),(49,18404),(50,26238),(52,31060),(53,32406),(54,24328),(57,8421),(58,22223),(61,4921),(63,6583),(64,13061),(65,8553),(66,11204),(68,132),(69,8079),(70,29836),(71,9890),(72,33552),(74,7851),(75,33461),(76,27266),(77,851),(80,13221),(81,24657),(84,17216),(86,9959),(87,5226),(88,7509),(90,17488),(92,21795)]	109.691150
553	[(0,27345),(4,19383),(5,13928),(6,4044),(7,29756),(8,284),(10,12780),(11,24814),(12,11484),(13,11949),(14,8615),(15,10788),(16,22103),(20,545),(24,33095),(25,30104),(26,29009),(29,9047),(30,29033),(32,25097),(33,16926),(35,10174),(38,31742),(39,11384),(40,31723),(42,27446),(47,10160),(48,21189),(50,20578),(51,667),(52,4619),(57,25219),(58,32092),(59,30509),(60,4391),(67,14514),(70,31764),(71,6018),(72,19258),(73,19055),(74,27113),(75,957),(78,33371),(80,21957),(84,31111),(86,24727),(87,26252),(91,2102)]	120.313368
554	[(0,1003),(8,3069),(9,22327),(15,3469),(20,11214),(22,28886),(24,9551),(27,1312),(29,8898),(31,24720),(33,7586),(35,16971),(36,17294),(39,6253),(42,18672),(43,2251),(45,20831),(48,5100),(49,3839),(53,11590),(56,28409),(61,949),(62,21102),(64,14056),(68,29249),(73,23040),(74,12537),(75,29453),(76,11855),(77,16188),(78,16442),(79,26277),(81,15419),(82,11607),(83,20237),(84,32743),(88,16259),(89,9810),(90,4156)]	107.226225
555	[(0,25370),(1,26499),(2,28185),(4,26878),(5,15562),(6,20339),(9,29341),(10,20128),(12,20364),(14,14900),(17,16259),(18,32910),(19,31206),(22,7351),(23,12851),(24,28080),(25,18447),(26,12163),(27,17785),(29,7831),(30,7756),(31,1098),(32,33856),(33,11243),(34,32435),(35,2775),(39,10557),(40,24311),(43,29271),(44,16031),(48,19958),(49,26401),(53,6104),(54,18487),(59,33035),(60,29463),(61,25011),(64,4108),(65,5503),(66,14646),(67,10081),(70,8603),(74,30805),(78,20654),(79,13536),(82,3551),(83,26558),(85,33813),(86,28315),(90,33646)]	132.013336
556	[(0,25997),(2,16451),(4,33055),(5,13694),(8,28861),(10,316),(12,29995),(13,30715),(14,2556),(15,31518),(22,30247),(23,15221),(26,25441),(28,28903),(29,23073),(30,23835),(31,10470),(33,28407),(34,15530),(45,12825),(47,13658),(48,30016),(50,27990),(52,24882),(53,6653),(54,16580),(57,30131),(59,30333),(60,14898),(61,20977),(62,6684),(63,8613),(64,4869),(65,13604),(66,24169),(67,3911),(68,26131),(70,27693),(74,11379),(75,14061),(77,19693),(79,19635),(80,20919),(81,17988),(82,26530),(83,24638),(84,13182),(85,13936),(86,16891),(87,1387),(92,27785)]	100.704795
557	[(0,3482),(4,7955),(6,7446),(7,28820),(9,5786),(11,11389),(21,7994),(22,9365),(23,508),(26,22845),(29,28019),(30,23729),(31,4118),(32,25187),(33,18867),(35,4549),(36,23872),(39,14132),(40,25024),(48,30960),(49,27395),(50,27724),(52,26880),(54,16273),(58,23746),(59,23853),(60,32188),(61,20349),(63,10126),(64,10137),(65,2628),(66,14622),(69,25039),(70,7784),(72,29341),(73,13325),(74,5628),(78,7499),(79,751),(85,7495),(86,27453),(87,5463),(88,515),(89,14946),(90,21154),(91,19033),(92,16764)]	98.416625
558	[(2,33834),(4,29761),(5,6738),(10,14777),(11,19636),(14,26456),(16,30950),(19,21383),(23,20149),(24,4325),(25,22244),(26,21954),(28,22906),(29,29253),(32,28233),(33,13937),(37,20808),(41,26163),(42,26705),(43,23602),(44,26527),(46,21355),(47,11493),(48,13578),(49,31764),(50,21132),(51,6633),(52,21321),(56,1554),(57,27677),(58,5311),(62,14173),(63,32907),(65,12848),(67,29405),(72,32691),(73,7152),(74,11760),(75,23464),(78,5180),(79,20151),(80,8951),(82,9980),(84,3093),(85,14558),(86,31163)]	114.017220
559	[(2,12802),(5,5895),(6,11510),(7,21099),(8,1731),(9,24712),(10,5144),(15,17684),(16,10224),(17,7330),(19,15154),(24,22266),(25,24050),(29,7900),(30,16457),(31,11528),(32,4564),(34,113),(37,14536),(41,20342),(43,6929),(44,2019),(46,27273),(48,15326),(52,1419),(54,19014),(58,5607),(59,17783),(60,21380),(66,14090),(67,32141),(68,25938),(73,10873),(76,9539),(77,24983),(78,24000),(80,27058),(82,13682),(83,29614),(84,19375),(86,2299),(87,2843),(90,12012),(92,16753)]	116.683888
560	[(1,23708),(2,10225),(3,31748),(7,18228),(8,32296),(9,15577),(12,15421),(16,16481),(18,32529),(19,4773),(21,7118),(22,19808),(23,431),(24,12032),(26,369),(27,13145),(28,18697),(30,32937),(33,1085),(34,28207),(35,26918),(36,5376),(37,22519),(38,30555),(39,13396),(40,22861),(41,23674),(42,19117),(45,1921),(46,17013),(47,3438),(48,13323),(49,5365),(51,20375),(52,24424),(53,2581),(54,26453),(55,22857),(59,11631),(62,24663),(63,9836),(64,24764),(68,30201),(69,9617),(72,1547),(73,15275),(74,33837),(75,23381),(78,15674),(80,15992),(81,24137),(86,4301),(87,5818),(89,29626)]	105.406331
561	[(2,9862),(6,33389),(10,17889),(12,28355),(15,21539),(19,1567),(20,16013),(21,19614),(23,31679),(28,15250),(29,28258),(35,6165),(36,5831),(38,15587),(39,29015),(40,22953),(44,4057),(47,12398),(48,19000),(50,10134),(51,32796),(53,15253),(55,20410),(56,4539),(58,11340),(60,15485),(61,26052),(63,4444),(66,2563),(72,4746),(76,1279),(77,18048),(79,15977),(80,7426),(81,15814),(82,9712),(84,7467),(85,2304),(86,24042),(88,29249),(92,4752)]	108.723373
562	[(0,28383),(2,32468),(5,13901),(9,13746),(12,4901),(16,3446),(18,23806),(20,18126),(21,13115),(24,17997),(27,15109),(28,6101),(29,29770),(30,22030),(32,16878),(33,13752),(39,28530),(43,7740),(44,5872),(45,33709),(47,2949),(53,29782),(55,24057),(56,1839),(60,9804),(62,12490),(68,5400),(70,25578),(78,31447),(79,31698),(80,25444),(81,18738),(83,29780),(85,31462),(86,11732),(87,22124),(88,8496),(91,24031)]	110.560015
563	[(1,19689),(2,28701),(3,11143),(4,13480),(5,2430),(6,19030),(11,21477),(12,4591),(15,19096),(16,5214),(18,18487),(19,18833),(22,9822),(25,32267),(26,28220),(27,16029),(29,20211),(30,11024),(32,12325),(33,20058),(39,937),(40,32113),(41,21179),(42,6959),(43,26236),(44,2402),(45,26680),(47,10902),(50,25304),(51,33258),(55,17332),(59,33382),(60,27389),(61,12),(62,12700),(63,13009),(64,11770),(66,9062),(67,18853),(68,15169),(69,7338),(71,2117),(72,30626),(75,7916),(76,9321),(79,18427),(81,14059),(82,9015),(84,11633),(87,5388),(89,8078),(90,6034)]	115.323405
564	[(1,24095),(2,15296),(4,455),(6,3786),(7,22619),(8,1591),(9,8070),(10,21840),(13,22884),(15,29696),(16,21511),(20,17207),(23,12562),(25,24478),(26,6402),(27,13348),(31,29580),(32,25299),(33,24297),(34,25790),(37,14691),(42,10032),(45,27313),(48,3617),(51,32314),(52,12031),(56,2994),(57,6224),(59,3885),(64,18405),(66,7572),(68,30868),(70,3173),(71,23347),(72,22228),(74,5794),(75,5046),(78,3913),(79,9481),(80,20048),(86,11497),(87,31830),(89,24176),(90,10579),(92,12484)]	109.335699
565	[(0,4235),(1,22235),(2,13947),(5,9776),(9,30065),(12,19250),(17,17707),(20,23270),(21,2134),(22,31199),(23,3070),(25,13902),(26,4793),(28,25140),(30,19177),(32,31171),(33,4460),(35,28918),(41,903),(42,19823),(44,32508),(45,3467),(47,6417),(49,12430),(52,12402),(55,21200),(56,18119),(58,25586),(60,8035),(61,32912),(62,11297),(63,21923),(67,10022),(68,1510),(69,10401),(71,18507),(72,28873),(73,19561),(76,18745),(79,15443),(81,23946),(82,10334),(83,4380),(84,27318),(85,17061),(86,13911),(88,14127),(90,30794),(92,32793)]	122.237303
566	[(0,20550),(5,25522),(6,25677),(7,25030),(11,10483),(13,12757),(17,526),(19,10271),(25,5330),(26,11826),(27,33633),(31,20685),(34,9469),(36,23984),(39,18703),(40,22196),(41,29795),(43,15985),(44,5991),(45,25195),(47,5624),(48,5864),(49,2995),(53,28660),(56,17972),(57,13660),(61,11938),(62,21256),(63,32676),(64,24229),(66,29274),(68,11569),(71,29074),(72,10674),(73,26905),(74,16793),(75,9666),(76,29887),(77,18708),(79,13012),(82,33123),(84,3954),(87,32703),(92,32817)]	108.657890
567	[(1,22214),(4,10119),(5,4994),(6,18560),(8,30042),(11,29160),(12,5486),(13,14476),(14,29275),(15,13333),(18,16966),(19,26094),(22,21794),(23,26733),(29,28878),(30,25764),(31,32880),(32,5323),(33,30469),(39,6663),(40,30632),(41,21455),(43,16411),(46,19167),(49,15966),(50,28772),(52,32807),(53,7507),(55,20115),(58,10619),(61,20436),(63,27169),(64,10028),(65,30375),(66,1163),(67,10261),(76,27629),(77,18038),(78,26439),(80,6993),(83,31657),(84,656),(87,29263),(88,7920),(89,24736)]	121.183568
568	[(1,722),(3,7933),(5,4975),(9,6188),(11,31250),(12,829),(13,21271),(15,7467),(16,4448),(17,9500),(22,26324),(24,4857),(25,3005),(27,14826),(28,16450),(31,18429),(32,31799),(34,669),(37,30076),(40,12461),(42,2963),(43,1185),(44,27692),(45,7842),(46,26346),(47,13831),(50,13532),(51,20430),(53,6098),(54,19854),(55,15036),(60,17649),(64,19561),(67,17898),(68,6449),(69,11781),(70,28879),(74,7433),(79,14384),(81,16155),(82,26584),(83,30817),(84,13315),(86,12264),(87,25183),(89,14230),(90,23469),(92,15481)]	110.842632
569	[(0,24414),(1,14383),(3,8732),(8,1935),(10,15367),(11,9815),(13,28818),(14,24896),(17,3095),(21,11669),(23,7728),(25,12506),(27,3569),(29,28041),(30,14105),(32,898),(35,21101),(36,7395),(37,11618),(38,26070),(44,6941),(46,2002),(47,20911),(49,12850),(50,32994),(51,20660),(52,1903),(53,30597),(55,31513),(58,8063),(59,23193),(60,23165),(63,5876),(64,875),(66,5191),(68,10344),(70,369),(74,4112),(75,17121),(78,20247),(80,29680),(83,24427),(85,25293),(88,24972),(89,18005)]	101.106242
570	[(0,1982),(4,13479),(8,18597),(10,23290),(13,10595),(19,2928),(20,11187),(22,10690),(23,22757),(24,15807),(26,24490),(30,16554),(33,18642),(38,13273),(39,9664),(40,4147),(44,31130),(48,9698),(50,32138),(51,28252),(52,1232),(53,1392),(55,16341),(56,16815),(63,17071),(64,21683),(67,17099),(69,13851),(70,3980),(71,17319),(72,2811),(74,33391),(77,10361),(78,23197),(80,13833),(82,27914),(85,19518),(86,10516),(88,7177),(89,4865),(90,10600)]	110.296124
571	[(0,13910),(1,9116),(3,18873),(4,28855),(8,12551),(9,28574),(10,4548),(11,9659),(12,20493),(15,1335),(16,9501),(17,19436),(18,23502),(20,2815),(21,24004),(23,11519),(24,2931),(25,10726),(29,20374),(35,27991),(40,12598),(45,26030),(46,20047),(48,6187),(49,7258),(52,19668),(54,8943),(55,31010),(56,23462),(57,28196),(60,532),(61,21341),(62,33569),(63,30662),(64,7922),(65,6559),(67,926),(70,3540),(73,8487),(74,13808),(76,11809),(77,3526),(78,22510),(79,31393),(80,10924),(81,8106),(82,26335),(84,29249),(92,32187)]	122.511778
572	[(2,28677),(4,3223),(5,6541),(7,33876),(10,19875),(12,757),(13,5611),(14,7688),(17,13095),(22,27715),(25,12725),(26,24171),(30,5035),(32,23706),(35,4734),(37,20844),(39,25113),(40,33122),(45,17571),(46,16753),(52,1781),(54,30733),(55,33078),(56,20911),(57,27392),(58,13629),(59,21164),(63,20698),(65,32536),(66,5140),(67,8260),(78,22242),(80,22262),(81,8910),(82,25972),(84,10271),(85,30477),(86,11874),(88,3999),(91,25461)]	110.907762
573	[(0,15696),(1,15719),(3,32279),(4,25310),(8,6940),(9,570),(10,12606),(13,16073),(14,25151),(15,21901),(16,17841),(17,799),(19,9898),(20,5874),(21,3905),(23,8237),(24,30256),(25,33152),(26,32930),(27,30581),(30,2777),(31,10822),(32,6622),(35,7306),(36,26147),(38,17048),(39,27223),(42,20636),(43,795),(44,8824),(45,32198),(48,29469),(50,26679),(52,2166),(53,3623),(56,111),(57,25714),(60,5828),(61,28768),(62,12414),(63,4977),(66,33312),(67,26929),(71,24090),(75,528),(76,32145),(78,9333),(79,6192),(80,13519),(81,16938),(83,14925),(86,7689),(89,1550),(90,23206),(91,25355),(92,25)]	104.894051
574	[(1,10672),(2,32342),(5,20545),(6,4146),(7,33674),(8,6667),(10,20598),(11,8865),(12,2994),(13,18870),(14,15348),(15,25367),(16,13674),(17,24494),(18,9409),(19,16370),(21,31661),(22,15981),(23,19327),(24,22711),(25,11845),(26,26219),(30,32750),(31,3519),(32,21023),(33,1862),(34,27524),(36,16904),(37,24785),(38,8157),(40,21077),(41,5590),(43,764),(44,13637),(46,10025),(48,24343),(49,20125),(51,11089),(58,25378),(59,1991),(64,16075),(65,24046),(67,2538),(68,546),(71,1092),(72,4723),(75,12385),(77,23563),(78,4208),(80,7164),(82,14433),(86,8929),(88,28672),(89,20951)]	123.696853
575	[(3,6213),(4,31732),(5,16726),(6,6521),(8,3651),(10,32074),(13,3277),(15,10288),(17,26716),(21,26366),(24,10684),(26,12670),(32,143),(36,21543),(40,2223),(41,10388),(42,30715),(45,29594),(46,21390),(47,4880),(50,27182),(53,7875),(54,3438),(61,19885),(65,10733),(66,3160),(67,30538),(70,17247),(72,25691),(73,22844),(74,2493),(75,13602),(76,27069),(79,4555),(82,10560),(83,12690),(84,28746),(87,19375),(90,24427),(91,6709),(92,999)]	106.914479
576	[(0,9823),(2,33512),(4,4684),(5,11420),(6,31117),(7,12984),(8,10398),(9,7896),(10,7668),(13,8235),(16,679),(18,11688),(20,7255),(21,31615),(23,14679),(26,32980),(27,27409),(30,6883),(33,125),(34,27220),(37,26875),(40,14806),(41,31342),(43,12359),(45,14786),(46,15806),(48,4490),(49,30138),(50,5302),(51,21769),(52,25354),(53,5370),(55,30657),(56,3688),(58,19593),(60,8236),(61,24541),(63,27360),(67,5101),(68,23346),(69,26466),(70,973),(71,27373),(72,9592),(74,28405),(78,32936),(79,32811),(80,1624),(82,14020),(87,345),(88,7478),(91,31092)]	108.594825
577	[(0,3677),(1,27091),(4,4738),(5,27318),(7,1993),(8,32984),(9,31213),(10,40),(16,9471),(17,30112),(20,12302),(22,4955),(27,24585),(29,7186),(32,21084),(35,12215),(36,9260),(37,22701),(38,18885),(39,7767),(40,1404),(41,13169),(44,857),(45,6248),(46,33490),(47,11078),(48,26826),(49,9528),(50,33556),(51,4074),(52,22036),(55,29212),(58,17050),(59,15347),(60,4728),(62,15811),(63,18349),(64,16203),(65,33579),(67,8269),(68,29212),(71,33885),(74,31136),(76,12136),(77,1479),(78,15401),(79,3807),(80,4563),(82,16232),(83,31089),(84,25103),(85,8137),(86,10781),(89,30049),(92,11446)]	100.783627
578	[(0,14065),(5,14554),(6,8062),(11,24588),(12,13228),(15,30586),(16,7086),(17,31409),(18,11764),(19,25092),(20,16824),(21,7805),(23,33905),(24,32852),(25,5471),(26,14470),(27,25485),(28,29479),(29,12711),(30,15012),(31,33920),(35,233),(36,32218),(37,23027),(39,33410),(43,7221),(46,12256),(47,25205),(48,7014),(50,17766),(51,16062),(53,12337),(56,31174),(57,18449),(58,5838),(60,23169),(62,11766),(63,25917),(65,23257),(67,125),(68,27220),(73,21599),(74,9062),(76,11661),(78,30456),(79,33733),(84,29314),(85,17247),(88,18803),(89,26394),(91,24987)]	101.483049
579	[(1,950),(2,26218),(3,4598),(5,28346),(7,4982),(12,23082),(13,31099),(14,25385),(17,14979),(19,20844),(20,11053),(22,17196),(25,7986),(26,29740),(28,2365),(30,19545),(31,17583),(33,16051),(36,17944),(37,26502),(38,32939),(40,12908),(41,23871),(48,32062),(49,7248),(51,7263),(52,31150),(56,24013),(57,1805),(58,32891),(59,23554),(62,6977),(63,28461),(68,20934),(72,306),(74,16172),(76,15912),(77,13633),(80,13136),(81,7415),(85,11201),(86,19135),(89,14341),(91,27094),(92,30672)]	100.707367
580	[(0,15014),(1,21218),(2,13134),(6,5074),(7,6954),(9,19506),(10,2221),(12,8824),(13,19031),(14,3327),(16,11169),(18,18376),(19,10795),(20,26345),(22,19398),(24,24147),(26,11982),(27,23028),(29,27090),(31,29947),(34,22230),(35,3673),(36,24366),(38,26193),(39,33188),(40,8640),(41,32265),(46,27920),(47,23695),(50,22935),(51,3608),(53,8065),(54,26587),(55,24028),(56,31634),(60,255),(61,15625),(62,8961),(66,4970),(67,11492),(68,26740),(70,23692),(71,12901),(72,24234),(74,17762),(76,30314),(77,23410),(78,14634),(80,7916),(81,29919),(82,477),(85,7403),(90,13847),(91,13440),(92,1049)]	116.150865
581	[(1,3699),(2,425),(10,3192),(14,4872),(15,30200),(17,12644),(18,30584),(19,6882),(20,648),(21,15833),(22,4921),(23,16622),(24,13555),(25,11536),(26,18512),(28,21546),(31,12910),(32,10740),(35,21706),(37,9027),(39,530),(45,24701),(46,28993),(48,20136),(54,1404),(57,5788),(58,1775),(60,8793),(61,17388),(62,23131),(67,12589),(68,11211),(69,20548),(70,28720),(72,15403),(75,5648),(77,8129),(81,1077),(82,4313),(85,19216),(86,8002),(87,30638),(89,33285),(90,14722),(92,27799)]	103.591207
582	[(0,61),(1,23360),(2,32788),(4,2973),(5,5899),(7,33377),(11,25353),(12,4219),(13,1974),(15,22031),(17,7794),(20,17415),(22,23031),(23,15411),(24,3765),(25,10278),(26,8484),(33,32583),(35,33240),(36,13417),(39,1179),(41,161),(42,396),(43,5068),(44,14719),(45,1929),(46,30267),(47,14550),(54,21990),(57,6817),(59,15542),(60,8743),(61,16023),(63,2488),(67,17857),(69,10541),(72,6348),(76,22263),(77,23459),(79,20305),(81,6545),(83,13107),(87,28420),(89,10163),(90,33919),(92,8803)]	102.855841
583	[(1,32602),(2,4309),(5,9080),(11,22231),(13,15687),(14,8751),(15,33096),(16,3069),(17,6696),(18,14324),(19,25951),(20,247),(21,11394),(22,5386),(23,19711),(24,15154),(26,31992),(31,20943),(33,26521),(36,6325),(40,6941),(42,11224),(44,17220),(46,18308),(47,24647),(51,13929),(53,4717),(57,18177),(58,32536),(59,21030),(60,20537),(61,22142),(63,740),(65,16027),(66,7090),(67,28187),(68,14567),(70,6581),(72,4750),(75,30315),(77,21514),(78,6369),(79,20596),(80,15335),(81,20489),(83,8663),(85,8732),(86,16415),(87,31450),(89,9234),(90,29252),(92,23080)]	109.133069
584	[(1,18208),(4,27258),(6,11205),(9,16142),(10,9805),(11,16817),(13,16686),(14,7883),(15,7647),(21,16577),(22,15791),(23,2319),(27,21727),(29,11781),(30,943),(31,24193),(32,24535),(34,1197),(35,23974),(36,18899),(37,9903),(38,20800),(39,4443),(41,13793),(42,8426),(43,4277),(44,17858),(45,24413),(46,18335),(47,7002),(50,2648),(52,6723),(54,32548),(55,13386),(57,26275),(59,28005),(61,27339),(64,18659),(65,28376),(67,22351),(69,18261),(70,11193),(71,727),(72,18091),(74,20318),(78,9281),(80,31733),(84,3750),(86,11811),(87,33568),(88,26198)]	110.855711
585	[(3,5972),(5,16778),(8,30877),(9,8258),(11,5950),(13,11615),(14,25226),(15,3106),(19,27837),(21,14551),(22,29385),(24,20626),(26,8786),(27,11967),(29,31479),(31,29287),(32,6029),(33,3895),(34,33317),(37,9157),(38,19965),(39,29468),(41,1244),(43,31605),(44,11574),(47,6097),(48,25459),(50,20548),(52,9783),(54,595),(55,13102),(57,9955),(58,14513),(59,17117),(61,29394),(62,1955),(65,5290),(66,29828),(68,20332),(69,31871),(70,4775),(71,6318),(73,14277),(76,23713),(80,15929),(82,1091),(86,16040),(87,6836),(91,29013),(92,4796)]	110.156965
586	[(1,28672),(2,5691),(3,22144),(7,22096),(8,17892),(10,6630),(11,4077),(14,10200),(15,26743),(16,14000),(18,32226),(19,4563),(27,14891),(28,33496),(29,5734),(31,9606),(32,25003),(35,25378),(36,1991),(38,2776),(39,1806),(40,3951),(41,26631),(46,8184),(49,11843),(50,8698),(52,5981),(54,12341),(55,23154),(57,28850),(61,7764),(62,15677),(63,2841),(65,2339),(66,16616),(68,7831),(70,4319),(71,33827),(72,11835),(74,18719),(77,17382),(79,10655),(89,22505),(92,28056)]	105.781198
587	[(0,33595),(1,2040),(2,7155),(3,12176),(6,32082),(7,17653),(9,11359),(13,23151),(16,31751),(17,12795),(18,6005),(19,19952),(20,10929),(21,24740),(22,32801),(25,1117),(26,33773),(27,18486),(28,20043),(30,11014),(31,29774),(32,1941),(35,1610),(36,30607),(38,13794),(39,21820),(40,8575),(41,1698),(42,5953),(43,33043),(44,15386),(45,9251),(46,3038),(49,3763),(56,9871),(58,24036),(59,14699),(62,2953),(63,29132),(64,827),(65,28691),(70,24447),(71,21462),(72,11409),(73,30973),(74,32412),(77,20552),(78,13585),(80,19297),(81,24614),(83,11806),(84,33522),(88,339),(89,5324),(90,8131)]	101.068407
588	[(1,17972),(2,13660),(5,19410),(7,11060),(10,12980),(11,2990),(12,20598),(13,18092),(14,32464),(19,18627),(20,16909),(21,13874),(22,8757),(23,33381),(27,17300),(29,33468),(30,643),(32,15168),(35,15007),(37,23664),(39,30158),(41,33424),(43,22652),(45,6372),(46,18525),(47,8542),(48,7048),(49,29628),(51,14129),(55,24028),(56,9310),(57,5940),(58,21233),(61,19026),(62,776),(63,6404),(66,19552),(69,27015),(70,4464),(72,3149),(74,7470),(75,15279),(76,30487),(78,28092),(79,21340),(81,1503),(84,8881),(86,7635),(87,570),(90,30596),(91,12116)]	103.836569
589	[(0,28241),(1,16114),(3,31767),(4,1697),(6,1265),(12,21717),(13,14960),(14,20607),(16,992),(17,22232),(18,20462),(19,26610),(20,19708),(22,26207),(23,18059),(24,9890),(25,33552),(26,18559),(27,14376),(28,17862),(29,5114),(30,26608),(31,21730),(32,746),(34,20437),(36,33061),(37,9469),(40,27806),(42,19698),(43,20148),(44,26847),(46,24235),(49,14736),(52,10653),(53,28650),(54,20534),(56,7110),(57,20353),(58,19615),(62,992),(63,18149),(64,24180),(65,11627),(66,17596),(69,18968),(70,29320),(72,13532),(73,25056),(74,9720),(75,29964),(76,519),(78,10521),(80,25948),(81,26331),(82,3106),(84,20818),(85,14541),(86,25073),(88,17214),(89,25663),(90,3263),(91,28286),(92,28806)]	101.848544
590	[(0,17414),(1,4273),(3,7725),(8,9581),(9,19764),(10,29538),(11,16422),(17,24755),(18,5929),(19,17217),(22,27267),(23,33189),(25,21099),(26,1731),(27,24712),(28,5144),(29,11124),(31,31541),(33,21771),(35,20156),(37,7603),(38,22560),(39,28710),(41,18092),(42,32464),(44,29298),(45,21045),(46,31779),(48,12229),(49,20868),(50,4123),(52,7763),(53,29998),(54,10828),(57,31499),(58,24692),(60,27620),(62,33401),(63,16721),(64,20843),(65,290),(66,22671),(70,14228),(71,6475),(74,1066),(76,4623),(77,16265),(79,30705),(80,4219),(82,18678),(83,28492),(84,16495),(87,13395),(88,19933),(90,2682),(91,32915),(92,13174)]	105.541373
591	[(2,31573),(3,10487),(6,5405),(7,17531),(8,24981),(9,22347),(12,21220),(14,33610),(15,19507),(16,22024),(22,29772),(25,28467),(27,6939),(29,14465),(31,8818),(33,24746),(34,6880),(35,15728),(37,28856),(39,2235),(40,162),(41,19340),(42,32936),(43,29695),(44,15164),(45,25771),(47,18663),(48,10430),(51,31267),(52,31697),(55,31237),(56,25734),(59,25090),(61,7800),(62,26405),(63,13340),(65,4416),(66,6129),(67,20985),(68,4870),(70,32953),(71,33166),(74,23274),(77,13414),(79,11854),(80,13138),(81,4553),(82,15210),(87,10604),(89,14632),(91,2215),(92,3309)]	99.747303
592	[(0,2009),(2,18605),(3,27135),(4,31429),(5,16144),(6,19750),(7,23295),(8,3579),(14,30766),(17,28528),(18,27693),(20,7823),(21,5754),(24,13207),(25,1072),(26,33637),(27,7132),(31,3837),(35,26164),(36,11090),(38,19684),(39,15750),(44,20373),(45,5102),(50,4984),(51,17420),(52,28283),(53,27946),(55,13902),(56,32190),(59,25315),(60,4269),(61,29960),(66,25038),(68,7111),(71,16595),(72,12666),(73,930),(74,27364),(78,9402),(84,11673),(87,18924),(88,21551),(90,4089),(91,27457),(92,20259)]	116.475338
593	[(0,24003),(1,22076),(2,10384),(3,21357),(6,10350),(9,32996),(10,32753),(11,27398),(12,119),(14,16340),(16,11497),(22,20451),(23,13065),(26,31137),(27,18298),(29,3140),(32,10149),(33,5187),(35,8579),(36,19354),(37,32373),(41,13648),(42,22853),(43,32719),(44,1267),(46,26448),(48,8464),(49,14294),(50,13523),(54,27186),(55,14822),(58,2562),(61,9482),(66,11925),(67,16208),(70,7600),(74,219),(76,3368),(77,11969),(78,6877),(83,18093),(84,15778),(85,323),(87,31010),(88,33630),(92,700)]	119.198473
594	[(2,27934),(3,15205),(4,30827),(5,16666),(7,4545),(8,24141),(9,9767),(10,25235),(12,23483),(15,14396),(16,6477),(19,6060),(22,26012),(23,12072),(24,29381),(26,10660),(28,8738),(29,29801),(30,33699),(31,24881),(33,2746),(36,12792),(38,25687),(39,8466),(42,6159),(44,23),(45,17915),(47,13323),(48,9645),(49,29690),(52,29205),(53,13612),(54,17594),(58,25607),(61,14349),(62,16652),(64,21399),(66,26226),(67,26020),(68,11422),(69,28283),(70,27946),(72,24755),(73,2113),(74,20807),(78,19118),(79,13501),(80,7318),(84,1674),(87,977),(89,21085),(91,17556)]	108.524378
595	[(1,28781),(5,5348),(6,3379),(10,8516),(12,33678),(13,9140),(15,31752),(16,33239),(18,12961),(21,1055),(22,19174),(23,17694),(29,23256),(30,30851),(31,21883),(34,33908),(35,15523),(36,20830),(37,80),(40,8394),(41,2558),(45,33636),(46,20116),(47,20352),(48,5091),(53,23174),(55,12582),(57,3087),(60,21286),(62,14023),(63,4169),(64,10981),(71,2219),(73,11328),(74,7273),(76,19714),(77,24766),(78,21889),(79,29052),(81,26771),(82,1571),(84,21145),(85,3365),(86,32980),(87,1523),(88,9234),(89,22300),(91,2215),(92,3309)]	105.579034
596	[(2,7586),(3,6720),(4,1172),(5,28830),(7,16024),(9,13084),(15,11943),(16,28350),(17,23514),(21,15906),(22,25944),(23,855),(25,33636),(26,15076),(27,24419),(28,30958),(34,14642),(38,24317),(39,13683),(41,25239),(43,10342),(44,21523),(48,18069),(52,890),(55,21097),(57,1636),(58,27810),(59,14279),(60,13785),(61,32723),(62,3423),(66,5347),(67,13439),(74,7367),(75,23986),(76,19796),(78,23124),(79,11231),(80,3903),(82,14019),(87,10052),(90,11904),(91,32284)]	101.844693
597	[(2,6190),(5,19027),(6,10939),(8,4711),(10,12638),(11,8488),(12,14411),(13,21847),(14,3171),(15,17276),(17,3954),(18,31733),(21,26811),(23,33679),(24,8901),(27,32409),(29,10158),(30,33795),(33,10197),(34,31777),(36,24557),(37,4709),(38,3721),(39,26820),(41,2158),(43,1894),(44,12018),(46,28188),(47,8743),(48,29162),(50,18536),(53,24955),(54,32443),(56,28851),(57,113),(59,32493),(60,26995),(61,19156),(62,8176),(64,25058),(65,24863),(66,25765),(68,16599),(69,32039),(70,16287),(71,21180),(72,18897),(75,12497),(76,9649),(79,32310),(80,14290),(84,19344),(85,14329),(86,26484),(88,24923),(89,14716),(90,32571)]	105.661735
598	[(2,22732),(3,25343),(5,31091),(7,28563),(11,25580),(12,9949),(13,19457),(15,13941),(16,20648),(20,1428),(21,24542),(22,24580),(23,13399),(24,18090),(25,28523),(26,13214),(28,31680),(31,10902),(33,21946),(34,21829),(36,20236),(40,18685),(44,8600),(46,18896),(47,20105),(48,11647),(50,15476),(53,23629),(54,1381),(58,1993),(59,32984),(61,977),(63,18951),(68,26956),(69,18460),(72,18535),(78,32405),(79,6542),(81,20010),(84,25542),(89,7563),(91,14940),(92,10144)]	104.478804
599	[(0,33434),(3,27132),(4,19966),(9,6166),(14,20719),(15,12142),(17,22641),(22,15640),(23,2347),(25,30392),(26,6319),(28,9451),(29,3020),(30,15700),(31,22526),(33,7555),(37,15201),(38,27528),(39,2138),(40,11438),(41,6242),(42,4360),(45,373),(47,25396),(48,14515),(52,2861),(54,29800),(55,3545),(56,514),(57,715),(59,28486),(64,7104),(65,3614),(66,25071),(69,24157),(70,21947),(75,32930),(77,26817),(78,26971),(79,24566),(82,245),(83,12984),(84,2806),(85,16939),(89,958),(91,27214)]	104.837203
600	[(5,27003),(6,29581),(7,3679),(10,28466),(11,14351),(12,23389),(13,24489),(14,21457),(15,15473),(17,6260),(18,26175),(22,18065),(25,5535),(26,8919),(29,3532),(30,30931),(31,31073),(34,20695),(35,24584),(37,8930),(39,20446),(40,27729),(42,4157),(43,16261),(44,29666),(45,23743),(46,6473),(49,19305),(50,5201),(51,8018),(52,9870),(53,21805),(54,4575),(58,9212),(61,24380),(62,17792),(66,10117),(67,22118),(69,9504),(73,20047),(74,28963),(77,29712),(78,18948),(79,23484),(80,25260),(81,32498),(86,18509),(89,20357)]	106.114379
601	[(3,8116),(8,25249),(10,22568),(12,2333),(16,1171),(17,22610),(18,30077),(19,32013),(20,21256),(23,2673),(27,5351),(30,14247),(34,22689),(38,32079),(39,23952),(40,12317),(42,4385),(43,14748),(46,27109),(54,15504),(55,21628),(56,2981),(58,1000),(60,26915),(61,26493),(63,8055),(65,12958),(66,11159),(71,28463),(74,24997),(76,32430),(77,6675),(79,11183),(80,1005),(82,7589),(83,17495),(85,9749),(88,7653),(91,11204)]	101.025182
602	[(0,16060),(1,5145),(4,31262),(13,12038),(15,4900),(16,32264),(17,30030),(18,27085),(21,20491),(23,4256),(25,28743),(26,10370),(28,3531),(29,1911),(30,22547),(31,3558),(35,33478),(36,7542),(37,28326),(38,27622),(40,29550),(43,25671),(45,10352),(46,33748),(47,29564),(51,28245),(52,27488),(53,28953),(54,1493),(57,16360),(60,31193),(61,9164),(62,33598),(63,18973),(68,12967),(69,24514),(73,18102),(74,7387),(76,7990),(84,28310),(85,15088),(86,25277),(87,10012),(88,17964),(90,30720)]	107.473352
603	[(1,10707),(2,17262),(3,29440),(4,7142),(5,8448),(6,31887),(7,7134),(9,23638),(10,24000),(11,27607),(12,25599),(14,26882),(16,17867),(19,10501),(23,30840),(24,26643),(25,15079),(26,24797),(28,10834),(30,1033),(31,13073),(33,18167),(34,25213),(36,15742),(41,15389),(42,33472),(43,17931),(44,9409),(47,33223),(50,20898),(55,7874),(56,5589),(57,6917),(59,31974),(60,1516),(61,13849),(64,6309),(65,22895),(69,12517),(70,14989),(72,9872),(74,27845),(76,26516),(78,18544),(79,23858),(81,15142),(83,1209),(85,27365),(89,91),(91,15501)]	119.914267
604	[(0,23786),(1,27023),(2,6461),(3,28843),(5,9198),(6,16282),(7,8582),(8,14937),(10,27332),(11,2655),(12,726),(13,18191),(14,7485),(16,11172),(17,29172),(18,21671),(20,23713),(23,12740),(24,15252),(26,19573),(27,16364),(28,29547),(29,31551),(30,18644),(31,21892),(33,12753),(36,33821),(38,12241),(44,16483),(45,32834),(46,11577),(49,24569),(52,19933),(53,14425),(54,19089),(55,28345),(56,15472),(63,24044),(65,8894),(66,4140),(68,24680),(69,3713),(70,19103),(71,174),(72,3285),(75,33138),(77,719),(79,8632),(82,22967),(83,21869),(84,5355),(87,27861),(89,15303),(91,7065),(92,30546)]	110.736286
605	[(1,15833),(2,4921),(4,2124),(5,8257),(6,33519),(9,17508),(10,29881),(11,2241),(13,16371),(15,17357),(16,19468),(17,11803),(18,7073),(19,14086),(21,2463),(22,31713),(23,29208),(24,24304),(25,6324),(27,29158),(28,23824),(29,26745),(31,1598),(32,23721),(33,4053),(35,32550),(36,932),(41,24933),(42,25428),(43,1606),(45,32439),(48,5271),(50,23819),(56,16363),(57,14934),(58,32849),(61,540),(62,13975),(63,497),(68,11618),(69,26687),(72,24991),(73,20599),(75,24700),(76,25098),(78,2559),(81,15173),(84,10983),(87,8667),(88,33092),(89,998),(90,31577),(91,3804)]	104.084772
606	[(1,25447),(3,26416),(4,19887),(5,20475),(6,6921),(7,2268),(9,24562),(10,31305),(11,26578),(14,4588),(16,3415),(18,5443),(20,27130),(23,27477),(25,12771),(27,6645),(29,17827),(35,21588),(36,19607),(37,23697),(41,11056),(42,13190),(45,25249),(46,22923),(48,137),(52,26681),(55,15983),(56,3819),(58,1321),(59,15727),(62,28761),(65,33911),(66,22681),(67,33782),(68,20079),(69,3480),(72,4333),(75,31434),(76,22012),(77,33736),(78,855),(79,32300),(81,900),(83,5397),(85,3890),(86,3845),(87,15219),(89,2232),(90,24726),(91,31929),(92,10240)]	96.829820
607	[(1,20542),(9,16667),(10,20120),(11,23040),(12,12537),(15,17908),(16,16956),(18,4742),(19,30699),(21,25340),(24,6510),(26,7926),(27,23816),(30,11158),(31,18902),(37,10871),(38,4793),(41,33507),(42,18809),(45,32946),(46,16327),(47,2904),(52,1474),(53,25824),(55,11956),(57,20895),(59,1691),(61,5819),(62,24714),(63,28527),(66,20707),(70,9325),(71,12299),(74,20939),(75,1221),(77,4068),(80,4855),(82,11545),(83,8347),(84,25330),(86,30117),(88,12490),(90,16422)]	221.281519
608	[(1,27898),(5,25068),(7,10835),(10,17569),(11,28525),(17,23198),(18,13781),(21,25571),(24,17143),(28,14559),(29,29519),(30,7894),(31,21696),(33,19588),(34,25791),(35,5091),(36,6888),(37,23313),(40,20356),(41,32802),(43,9571),(44,5056),(50,25823),(51,21862),(55,4610),(56,19101),(57,20405),(58,14775),(59,4891),(61,717),(67,5577),(70,9024),(71,3463),(74,33747),(81,23801),(83,23402),(84,14500),(87,20759),(89,20152),(90,33156),(91,6985)]	213.255248
609	[(0,4895),(1,29339),(4,28004),(5,19330),(6,15876),(7,12078),(9,16634),(10,15800),(11,3163),(12,24890),(15,10141),(16,1172),(17,28830),(20,15283),(21,24548),(24,182),(26,32596),(27,21134),(28,7062),(29,11821),(30,1501),(33,7996),(35,13051),(41,2065),(42,29552),(44,3341),(45,5090),(46,24628),(47,2405),(53,10373),(54,10418),(55,31561),(56,22839),(57,21740),(58,18515),(59,5872),(60,33709),(61,28404),(63,30487),(66,19545),(67,6284),(68,16773),(72,2091),(73,23625),(74,9080),(75,17812),(78,2270),(80,4728),(81,29584),(83,21773),(84,10824),(86,21580),(88,16091),(89,29316),(90,26894),(92,7425)]	206.670003
610	[(0,15316),(1,18481),(3,24695),(4,22491),(9,32271),(10,22173),(13,5413),(14,12053),(15,5438),(18,589),(19,11880),(20,972),(21,17920),(27,32360),(29,1920),(30,15127),(33,29632),(36,30652),(37,3634),(39,1629),(40,1701),(44,28769),(45,30650),(49,2670),(50,33338),(51,5112),(53,18180),(54,9569),(55,10609),(56,591),(58,22938),(61,23166),(67,9559),(70,19588),(71,25791),(72,5091),(73,6888),(76,28668),(77,26874),(85,31630),(87,5329),(88,8707),(90,21888),(91,16855),(92,32672)]	236.850955
611	[(0,5779),(3,26190),(5,24023),(6,1858),(7,553),(9,21675),(11,22147),(12,3076),(13,13767),(15,22814),(17,11512),(18,18910),(20,21733),(21,23210),(22,520),(23,1748),(25,18319),(26,33152),(27,24585),(29,32730),(30,28287),(31,3977),(33,3973),(36,28295),(38,19396),(40,29224),(42,23673),(43,3213),(47,12278),(50,15599),(51,11601),(53,20734),(54,25763),(55,24764),(56,20487),(59,24132),(60,2829),(62,24886),(63,522),(67,32456),(68,19630),(71,29599),(73,6993),(74,13015),(77,5354),(78,10136),(80,22697),(84,13112),(86,8897),(90,20895),(91,16391),(92,537)]	215.065068
612	[(0,6839),(1,9516),(4,29629),(5,208),(6,2903),(8,5570),(9,25912),(11,6623),(12,20394),(14,18240),(16,19026),(20,6826),(25,30530),(27,2333),(30,13550),(32,26706),(33,25961),(36,8828),(37,20091),(38,19641),(41,20915),(42,26123),(43,17327),(44,5892),(45,32527),(48,8481),(50,16591),(53,14991),(55,20967),(57,23936),(58,699),(59,19557),(63,16600),(64,15041),(70,9726),(71,13130),(72,9575),(76,28271),(78,1845),(83,23145),(84,17172),(85,1484),(86,16147),(88,24595),(90,8565),(91,25834)]	219.691149
613	[(2,11244),(3,3213),(5,831),(8,26180),(9,19308),(10,4075),(12,7043),(14,1383),(17,16279),(19,862),(22,22320),(23,32572),(24,13401),(26,2329),(28,22653),(29,195),(30,8777),(31,30911),(32,8155),(33,331),(35,23950),(42,3011),(43,33641),(44,3329),(50,9533),(53,17462),(56,18418),(57,17314),(58,33822),(59,19142),(61,25722),(62,33067),(63,14515),(64,30692),(70,15050),(73,17395),(76,17113),(78,27882),(79,24617),(80,32584),(82,7211),(87,31913),(88,11919),(92,20428)]	215.033553
614	[(1,32874),(2,11526),(6,17666),(7,32081),(10,22587),(13,14171),(16,19389),(19,10997),(20,2565),(24,10655),(25,33680),(26,31249),(27,24348),(28,31811),(29,24944),(30,13030),(32,3778),(33,19856),(35,10213),(37,6328),(38,30301),(39,2724),(40,13405),(41,5053),(42,13497),(45,8308),(47,11893),(48,25901),(50,6818),(52,3968),(54,26049),(56,23444),(57,5244),(58,8672),(59,26354),(61,25688),(63,22569),(65,29188),(66,15959),(67,7576),(69,15281),(71,8764),(75,27364),(77,16985),(80,29338),(82,23641),(83,9926),(84,25592),(86,3931),(87,29827),(88,23284),(89,21410),(90,20848)]	215.181721
615	[(0,28582),(9,9346),(16,20297),(17,17241),(21,3117),(23,31874),(24,13852),(26,18849),(28,29410),(30,3989),(31,5522),(34,29728),(39,11873),(41,15550),(43,31480),(44,20159),(45,27075),(47,2004),(48,23326),(49,15395),(51,16742),(57,10785),(58,24379),(60,31885),(63,21642),(64,20994),(66,14454),(69,13786),(70,26636),(71,202),(72,25108),(73,5167),(76,29277),(77,2198),(78,28756),(80,16127),(84,20317),(85,22939),(87,3065),(90,5306),(92,16777)]	230.613591
616	[(1,15877),(3,7931),(8,23701),(10,17286),(11,1444),(13,11851),(14,25155),(15,25932),(16,27740),(17,5644),(19,11224),(21,23951),(25,23342),(26,6448),(29,19100),(30,13149),(34,30377),(35,30575),(36,30152),(37,9328),(38,32256),(41,10809),(43,8225),(44,18107),(46,12844),(47,7190),(48,31908),(49,18981),(50,29857),(51,8442),(57,29605),(58,20250),(59,33547),(60,25826),(61,12901),(62,8792),(64,6393),(65,27943),(66,17975),(67,29976),(72,31651),(74,3714),(76,21626),(79,27172),(80,18996),(81,5649),(83,23491),(84,16118),(86,24348),(87,31811),(90,1151)]	227.744236
617	[(1,27461),(2,26258),(5,23979),(7,6118),(8,8595),(13,31376),(14,16149),(15,17695),(16,6200),(18,24359),(19,5789),(21,15055),(22,26855),(24,14730),(26,27051),(27,6454),(30,16509),(31,21238),(32,11371),(34,30433),(38,29092),(41,3464),(42,33048),(43,25903),(44,1401),(45,6941),(46,13982),(47,33342),(49,10045),(53,30826),(55,9669),(57,18956),(58,22881),(60,21255),(61,18821),(62,6459),(63,8272),(64,16167),(67,7575),(71,15525),(75,31865),(76,9737),(80,5859),(82,13273),(84,4081),(85,27106),(86,23103),(87,32925),(89,15783)]	236.113457
618	[(5,31128),(6,27516),(7,21348),(9,17864),(14,21618),(15,4980),(17,28925),(21,21415),(24,8684),(27,7781),(28,29209),(29,11323),(40,16033),(44,12453),(46,5698),(49,29217),(51,14565),(52,20267),(54,33135),(55,28786),(58,8300),(59,28132),(60,10157),(61,24893),(67,8908),(68,1684),(71,29154),(72,4899),(74,24412),(77,21473),(79,33494),(80,8126),(81,25806),(84,16362),(85,9191),(87,29518),(88,12715),(92,12248)]	214.541576
619	[(0,22965),(1,12075),(3,29183),(4,10037),(8,20896),(9,24892),(10,14858),(11,18337),(12,27323),(13,19933),(14,32823),(15,11212),(18,2815),(20,1056),(21,19460),(23,11885),(25,23725),(28,1936),(31,32593),(32,24763),(35,11777),(36,26386),(37,19053),(38,6244),(39,26035),(40,22259),(42,15118),(45,24994),(46,5229),(47,32822),(50,5427),(55,32037),(56,20356),(59,33059),(60,33287),(61,9285),(63,4154),(64,696),(65,6149),(66,1102),(68,18070),(69,19399),(72,22950),(74,5705),(75,2614),(76,31062),(78,11636),(79,3779),(81,10555),(82,26128),(84,58),(85,2944),(89,7702),(90,25364),(91,33728),(92,30849)]	227.529772
620	[(3,1215),(4,19101),(5,20405),(6,5947),(7,6498),(12,22287),(13,29590),(15,9060),(16,4776),(21,3028),(22,9610),(25,17539),(26,5648),(28,24490),(29,23459),(32,31561),(34,26368),(40,22602),(44,10426),(45,22601),(46,755),(51,33264),(52,30396),(54,10964),(55,17451),(56,20644),(58,1646),(60,16459),(62,22507),(64,6155),(69,20853),(73,6353),(75,24671),(76,5963),(77,13898),(78,28782),(79,5589),(83,33793),(86,3616),(87,17889),(89,10416),(90,20705),(92,7473)]	225.695907
621	[(1,12378),(5,1155),(8,12691),(11,20853),(12,25832),(13,6937),(14,23206),(15,5280),(16,15107),(17,30582),(20,3076),(23,16214),(26,31173),(27,1590),(28,29785),(29,27759),(30,1993),(31,6691),(32,11608),(35,29772),(36,10324),(37,17794),(41,3801),(42,6751),(44,3371),(46,14958),(47,19002),(48,2105),(52,18089),(53,6554),(55,26937),(57,15779),(62,28701),(64,21554),(67,6646),(69,6306),(70,883),(72,32409),(74,25675),(75,7348),(77,31790),(79,22819),(81,11886),(82,16154),(85,24343),(86,11471),(88,15985),(89,5991),(90,28371),(92,28051)]	235.001043
622	[(1,14760),(3,12735),(4,26483),(7,19929),(8,20262),(9,20710),(11,11936),(12,30522),(14,16724),(15,10062),(17,11783),(18,31718),(19,6350),(20,25265),(22,33434),(23,1536),(24,31821),(25,27440),(27,8433),(29,17146),(30,27092),(32,31421),(33,4922),(34,3010),(35,23924),(36,20365),(37,5416),(38,24946),(39,15089),(40,9374),(41,13975),(42,497),(44,2320),(45,22291),(46,14583),(47,2919),(48,4662),(49,7887),(51,30456),(53,13305),(56,13394),(57,7794),(58,20794),(60,14712),(61,13501),(64,3211),(66,33541),(71,3129),(72,14192),(73,1418),(76,2373),(78,26886),(81,25709),(82,32209),(85,16537),(88,33706),(89,32882),(91,12198)]	227.989278
623	[(0,28678),(2,19643),(3,22800),(6,23737),(8,20759),(9,24049),(10,11988),(13,13275),(19,14195),(22,13718),(23,22289),(24,15636),(25,14488),(26,28287),(27,3977),(29,3973),(32,33611),(33,23060),(35,21698),(37,27274),(40,3593),(41,24535),(43,17165),(44,26787),(47,547),(48,29930),(49,23062),(50,13422),(52,22459),(57,59),(58,24300),(60,17829),(61,28641),(62,5279),(64,5521),(67,6574),(69,20871),(71,22875),(75,13129),(78,19313),(81,6720),(83,2768),(88,16201),(89,18315),(90,17013)]	107.718622
624	[(2,21997),(3,25066),(4,22796),(6,2646),(8,17352),(9,12591),(10,17563),(11,29894),(21,29842),(22,16772),(23,11815),(24,21239),(25,22968),(26,33810),(27,33695),(28,31371),(29,9971),(32,10452),(33,27102),(34,19527),(35,6301),(37,31126),(40,28637),(41,25310),(42,9404),(43,533),(45,30292),(47,25681),(50,6672),(51,24084),(52,12721),(55,30735),(56,16360),(62,28653),(63,14447),(67,25235),(68,33908),(71,5172),(72,19622),(73,4606),(74,30351),(75,7437),(77,17952),(78,23885),(80,25655),(82,28500),(83,12276),(86,31509),(87,26997),(88,19084),(89,3170),(91,4238)]	109.136642
625	[(0,32988),(3,355),(4,8376),(7,31836),(9,31686),(10,8577),(11,2555),(14,31883),(16,25551),(18,13243),(23,28461),(25,20917),(26,13123),(32,31977),(33,11425),(34,23678),(35,6617),(36,17480),(37,17973),(39,25991),(40,7750),(41,19543),(43,1537),(44,24224),(45,29866),(46,33336),(47,11467),(48,31518),(50,25454),(52,17680),(54,30706),(56,22177),(59,20663),(60,3612),(63,11366),(65,6879),(66,25308),(67,2141),(72,10439),(73,25515),(74,25797),(76,10113),(77,4212),(81,12859),(82,23687),(83,17491),(85,26505),(87,3626),(89,25264),(91,20489),(92,14588)]	102.622695
626	[(0,4350),(2,15268),(6,23610),(7,2353),(8,5009),(11,11863),(12,29761),(13,22186),(15,368),(18,29398),(20,32261),(21,29238),(22,29266),(25,24104),(30,27055),(31,8531),(32,30593),(33,20657),(35,12862),(36,30563),(38,18909),(40,436),(41,8157),(43,2563),(44,9693),(45,10056),(46,5032),(49,13691),(52,26646),(54,863),(55,32178),(61,14143),(63,20715),(64,24611),(66,26293),(67,24457),(69,33417),(72,15822),(73,9009),(74,10646),(76,14570),(79,29715),(82,11549),(83,16122),(85,10305),(87,6583),(88,26920),(90,17974)]	116.271977
627	[(0,22929),(1,1304),(5,14079),(6,30047),(7,19370),(10,6238),(12,27920),(13,13923),(14,19363),(15,23561),(19,15126),(23,17333),(24,32780),(25,10771),(28,15996),(30,21712),(36,23665),(38,17656),(41,10723),(43,3885),(44,25348),(45,23477),(46,25751),(48,10119),(49,4994),(53,21978),(54,26626),(61,414),(62,1652),(63,24519),(66,28973),(67,10416),(68,4625),(69,24194),(70,24393),(72,17894),(74,20135),(77,29267),(78,25054),(81,27023),(82,12355),(83,12220),(84,31448),(85,10274),(89,29691)]	103.442860
628	[(0,20546),(1,4396),(2,32425),(3,1586),(4,18407),(5,14838),(6,31809),(8,13462),(9,26198),(10,7392),(11,9649),(14,22819),(18,30057),(19,24366),(21,4434),(22,5628),(23,11299),(24,23868),(28,28934),(31,30295),(32,26645),(33,12085),(34,12701),(35,32948),(37,16272),(38,24523),(39,24427),(40,6709),(41,999),(43,2837),(44,29476),(45,33280),(46,7180),(48,3636),(51,9978),(53,167),(55,25765),(58,15342),(62,14698),(63,22608),(64,14972),(66,6223),(76,757),(78,12774),(79,16185),(80,5985),(82,6152),(86,20743),(89,4479),(91,7273)]	104.901661
629	[(1,5771),(3,4076),(5,24615),(6,18432),(8,7855),(9,16454),(10,26290),(13,29837),(14,2656),(15,30581),(17,7137),(19,19769),(21,29068),(22,5394),(23,21007),(29,18874),(30,30383),(35,32351),(36,28501),(37,11271),(38,9164),(44,28195),(49,11633),(51,17438),(54,31394),(56,14086),(60,3395),(62,10),(64,8329),(65,9256),(72,19314),(73,4729),(75,28829),(76,14088),(77,11451),(80,32081),(81,33473),(83,6868),(85,26597),(87,32497),(88,20463),(89,26846),(90,461),(92,12235)]	104.240802
630	[(2,8087),(4,21909),(6,13700),(7,2835),(8,15957),(12,2051),(14,27605),(15,3008),(16,19016),(17,8592),(18,11486),(19,8422),(23,12243),(25,19279),(26,27083),(27,10927),(29,19967),(30,18704),(31,32566),(35,11745),(36,4442),(37,28795),(40,12270),(41,3925),(42,18098),(43,19070),(45,27885),(49,22770),(50,13287),(51,14078),(53,8832),(54,6802),(56,20065),(58,31970),(60,27221),(62,8869),(65,16847),(70,4713),(71,15085),(72,5041),(73,4014),(74,21872),(76,28957),(78,14338),(79,12815),(84,32159),(85,22728),(89,28116),(90,1718),(92,10881)]	99.208046
631	[(0,30806),(2,1398),(3,28535),(5,26185),(12,20000),(14,1091),(15,1280),(16,12924),(17,24852),(18,2866),(19,29747),(20,32216),(23,29636),(24,10495),(25,15411),(27,28648),(29,3772),(30,12197),(31,1106),(32,24918),(33,15616),(34,19549),(35,11616),(36,33382),(40,12895),(43,27519),(44,30133),(46,21125),(49,20554),(51,1260),(52,27502),(54,12049),(55,30512),(56,15837),(57,32451),(58,32057),(59,24561),(65,26180),(66,1396),(67,7146),(68,20740),(74,74),(75,18694),(76,6956),(78,22512),(79,23800),(82,24284),(83,11814),(90,33552),(91,32117)]	105.495680
632	[(0,18822),(4,3697),(6,20267),(8,5348),(9,17680),(11,12996),(13,20123),(14,828),(18,14389),(19,11514),(20,29929),(26,19569),(27,19417),(28,24381),(29,2313),(31,26755),(34,17273),(35,3630),(37,11446),(38,29652),(39,30238),(42,16199),(43,14286),(48,16105),(49,19838),(51,5976),(52,22205),(54,8183),(55,25701),(58,9742),(59,11093),(61,4405),(62,28316),(63,24363),(64,22430),(66,28928),(68,11669),(73,3593),(74,9221),(75,30957),(77,6283),(79,9910),(80,26689),(83,31968),(84,19371),(86,22417),(90,29013),(91,26505),(92,24326)]	99.102022
633	[(2,32780),(3,10771),(5,31343),(9,7665),(10,25069),(11,10321),(12,24992),(13,9147),(14,6741),(16,28203),(17,11248),(20,18571),(21,18192),(22,17843),(23,31975),(25,24174),(26,15824),(27,6580),(30,15823),(31,1539),(33,25560),(34,679),(37,25310),(38,20803),(40,29512),(45,20627),(46,23591),(47,3111),(49,7310),(51,15859),(53,32169),(54,24780),(60,18703),(61,3903),(63,17314),(65,30634),(66,13593),(67,24937),(68,11284),(70,17712),(71,23091),(73,22342),(77,8389),(78,10502),(80,18327),(85,24792),(86,888),(87,23283),(88,26731),(90,12291)]	107.323484
634	[(1,10423),(3,7451),(4,17671),(6,6609),(9,22638),(10,22475),(12,29011),(14,33623),(15,26639),(16,29617),(17,14340),(18,5931),(19,28171),(21,17169),(25,1390),(30,6021),(33,28620),(36,7020),(37,17527),(38,5238),(39,9883),(40,24015),(41,3552),(44,26594),(46,17572),(48,6215),(51,26130),(52,33846),(53,28098),(55,23946),(56,13912),(61,21398),(64,10866),(65,24466),(66,9597),(67,27222),(68,25704),(70,32374),(71,18364),(72,26432),(74,1889),(75,13659),(76,1222),(79,17322),(80,9460),(81,18975),(82,26795),(87,9480),(88,13973),(90,2273),(92,2286)]	99.274192
635	[(0,13243),(2,5538),(5,11335),(7,2678),(11,26342),(12,32091),(13,2067),(15,31763),(16,23310),(18,5725),(19,8192),(24,7851),(27,16163),(29,29055),(31,21811),(32,19543),(34,23584),(35,20110),(37,19008),(41,10165),(43,29231),(44,31625),(45,21984),(46,6856),(47,24221),(48,20762),(49,24856),(53,32676),(54,24229),(55,21617),(56,13987),(58,21485),(59,19007),(60,10984),(62,7481),(63,15222),(65,17320),(66,4732),(67,27155),(70,21342),(71,2966),(72,22684),(74,10307),(75,15201),(76,32090),(77,20677),(78,648),(79,15833),(81,23794),(83,9842),(85,11420),(86,31117),(87,25032),(88,1398),(89,28535),(90,8471),(91,9337)]	117.558865
636	[(0,11849),(3,21839),(7,21568),(9,12207),(11,25399),(12,25225),(13,25736),(14,11060),(16,2790),(17,14898),(18,23045),(20,15300),(21,23937),(23,6477),(24,11933),(30,7013),(32,20705),(34,14298),(35,2896),(36,18503),(37,24953),(38,32204),(40,25887),(48,242),(49,11795),(51,11484),(52,11949),(54,10815),(56,19029),(58,18359),(60,8990),(61,27281),(62,26972),(66,3446),(68,31543),(74,25983),(78,11910),(85,30272),(86,12270),(88,30049),(89,33163),(90,5238),(91,9883),(92,20269)]	118.570173
637	[(1,24743),(2,11538),(3,9789),(4,7303),(5,4398),(6,26187),(8,32684),(11,7741),(12,17089),(14,28198),(16,2745),(17,9639),(19,13220),(21,16217),(23,17517),(27,8179),(30,15574),(33,25593),(35,2046),(37,6821),(39,3298),(40,4086),(41,33229),(42,25514),(43,29924),(44,3889),(45,18839),(47,213),(49,33754),(52,21245),(56,23526),(58,23902),(61,24202),(65,28832),(66,20591),(67,13030),(68,11886),(71,31725),(73,8315),(75,1528),(76,8118),(78,15536),(79,2404),(80,28788),(83,16126),(84,27214),(86,19016),(87,15497),(89,15741),(90,6427),(91,21895)]	109.869099
638	[(3,18045),(4,28875),(5,26210),(6,13502),(8,22877),(9,8222),(11,3559),(12,13078),(14,10262),(15,14147),(16,32307),(17,23422),(19,24355),(21,6795),(22,8099),(27,8146),(28,7740),(29,5872),(30,28435),(31,28422),(32,32747),(36,29394),(40,1786),(41,22624),(45,31082),(46,33648),(51,26385),(53,3087),(57,9742),(60,29139),(61,21096),(63,16427),(69,22994),(73,27969),(75,18378),(76,25509),(84,33280),(85,21389),(86,26648),(89,26666),(90,30240),(91,17749),(92,11251)]	114.556447
639	[(0,20681),(3,4274),(4,11048),(6,13067),(7,15025),(8,29589),(9,25626),(10,28172),(11,32362),(12,17235),(13,15318),(14,28831),(15,29160),(18,18924),(20,26996),(22,22312),(25,23318),(26,32940),(28,10815),(30,27521),(31,19624),(35,31947),(37,24555),(38,7035),(40,24601),(41,27404),(42,29171),(44,20661),(46,29147),(47,20396),(49,760),(55,12962),(59,15993),(60,20010),(61,23735),(62,22817),(63,24271),(64,23569),(66,22340),(67,7181),(68,30300),(75,25084),(77,5075),(82,18816),(84,21100),(85,4981),(86,16730),(87,32328),(92,9205)]	105.566886
640	[(1,23499),(2,1725),(3,966),(5,14420),(9,19813),(10,1909),(11,32635),(12,15891),(13,30972),(19,33801),(20,22932),(21,12411),(22,5526),(24,7462),(25,14601),(26,22973),(29,24839),(30,25319),(31,5141),(32,9663),(34,23522),(35,3604),(36,5299),(40,24517),(43,20678),(48,18945),(50,9534),(51,26521),(55,10402),(56,12282),(57,3936),(59,23257),(61,10629),(63,11714),(66,27006),(69,29938),(74,30840),(75,6769),(76,22408),(77,33606),(79,8591),(80,2362),(81,22427),(82,3289),(84,14713),(85,30929),(86,18960),(89,30181),(90,13661),(92,23620)]	105.330552
641	[(0,29406),(4,8983),(5,5666),(6,17690),(10,266),(11,24803),(12,8854),(14,8714),(22,19349),(23,28255),(24,12883),(26,30918),(29,24115),(30,18638),(39,19987),(41,4590),(43,25132),(44,11215),(45,6917),(46,11188),(50,9753),(51,8728),(53,21415),(54,27922),(59,28307),(60,33830),(61,19910),(62,18763),(63,22724),(64,33673),(65,22848),(66,6975),(67,1623),(68,7938),(69,10826),(71,32345),(72,189),(73,31126),(74,8555),(76,6239),(77,495),(80,10595),(82,8889),(83,4438),(84,21421),(86,2229),(87,32364)]	97.347671
642	[(1,15215),(3,3603),(4,26533),(5,19),(9,19839),(12,20830),(17,29993),(18,11697),(20,15810),(25,3904),(27,22514),(33,30955),(35,14262),(36,32142),(37,18006),(39,22611),(45,6572),(52,23792),(56,21358),(60,25859),(61,16476),(64,17818),(66,18880),(69,8483),(71,6182),(72,29337),(73,2709),(74,33422),(78,20243),(79,14172),(82,7180),(84,23924),(86,6368),(87,7619)]	107.734562
643	[(3,9660),(8,5934),(9,23457),(11,5790),(13,10114),(19,10185),(20,6797),(24,17486),(27,2575),(29,20284),(31,21738),(32,2251),(33,29931),(35,32786),(36,4654),(42,17992),(43,7766),(44,2687),(50,14538),(52,15207),(53,11261),(56,2605),(58,14155),(62,27583),(63,26683),(66,17236),(71,6953),(73,18889),(74,3122),(75,7922),(77,23424),(80,2021),(81,17157),(82,4588),(83,5214),(87,6938),(89,29894),(91,20383)]	108.798839
644	[(7,31740),(8,32258),(9,7603),(10,22560),(11,20687),(12,17131),(15,7601),(17,23200),(18,21818),(22,12627),(25,20808),(27,16582),(30,7041),(32,28514),(33,6316),(34,28026),(36,8689),(39,23502),(44,21229),(45,6761),(49,24836),(51,28148),(53,1384),(55,23110),(57,11781),(58,28879),(60,33322),(62,1091),(64,31693),(69,21992),(71,31514),(72,19377),(74,13630),(83,12145),(86,13404),(87,1989),(88,20162),(90,22907),(91,11211),(92,20548)]	105.834278
645	[(0,18576),(4,14472),(5,9054),(7,23579),(10,11345),(13,10123),(14,27883),(15,11998),(17,17728),(18,30298),(20,4724),(21,24270),(22,11008),(27,15250),(29,5681),(31,26086),(33,4532),(34,27346),(35,23214),(36,23508),(37,10286),(39,5098),(40,1602),(41,3058),(43,3626),(44,23070),(45,3451),(50,16707),(51,12263),(52,31906),(53,30321),(55,17148),(56,27998),(57,13562),(61,1492),(62,18085),(64,21325),(66,17732),(68,6530),(70,11265),(74,1766),(76,14921),(78,1972),(83,19916),(85,31662),(88,28276),(92,27787)]	122.631412
646	[(2,26549),(3,3974),(4,23051),(5,16651),(10,20381),(11,3018),(13,4377),(14,32806),(15,22000),(17,12333),(19,2535),(21,9024),(23,8918),(24,12143),(25,650),(27,18240),(28,32637),(30,7322),(31,2101),(33,2645),(35,3269),(37,14446),(38,5660),(39,1437),(40,20421),(41,22855),(42,19388),(43,7138),(44,33257),(45,1488),(48,30667),(49,18001),(50,3444),(51,2073),(52,6525),(53,17434),(55,23170),(56,12434),(58,2342),(61,21399),(67,3128),(72,25297),(74,3848),(78,5168),(79,22341),(80,29622),(82,30356),(84,31531),(85,28775),(87,1898),(90,22138)]	116.009127
647	[(1,21964),(2,23779),(4,10257),(6,19644),(15,22333),(17,2270),(19,4728),(21,15811),(23,16863),(24,3731),(26,15839),(27,4757),(28,1245),(29,5624),(31,20772),(33,19985),(34,21374),(36,4541),(37,11258),(39,31550),(42,740),(44,16027),(45,30341),(46,13154),(48,18279),(49,18630),(51,16706),(52,6173),(53,7629),(61,24694),(67,2459),(71,3244),(76,15659),(79,218),(81,20033),(83,8746),(86,32393),(87,11378),(89,10882),(90,24866),(91,22563)]	111.114130
648	[(1,17322),(3,5513),(4,29206),(5,8315),(7,24257),(9,2923),(10,14918),(11,14011),(12,11791),(13,28085),(14,25084),(17,18660),(20,32499),(24,32420),(25,3286),(26,20804),(27,29671),(28,16399),(29,8945),(30,6997),(33,2213),(35,16843),(37,21294),(38,6105),(42,18816),(44,5329),(45,33501),(47,3194),(49,10881),(50,27743),(51,24075),(52,30869),(54,20745),(55,11025),(57,30343),(59,7502),(60,33525),(62,7572),(63,15942),(65,30468),(66,20586),(67,19506),(69,5258),(70,11013),(71,10740),(73,15661),(74,7028),(77,24581),(78,10078),(83,21071),(87,26525),(89,4342),(90,12874)]	104.126510
649	[(1,31537),(2,10519),(4,28786),(6,15109),(10,29306),(12,33692),(13,11621),(15,10625),(16,25063),(18,13105),(21,26172),(24,24252),(28,8905),(31,20285),(32,12132),(33,2260),(34,1906),(39,21443),(40,27078),(41,11004),(42,16393),(44,6291),(45,6906),(46,12777),(47,2890),(49,23071),(55,28782),(57,3332),(60,24228),(62,11284),(63,10575),(65,633),(67,26915),(69,1568),(70,5851),(73,2170),(74,10737),(75,10309),(77,12448),(81,17147),(82,2571),(87,28362),(89,22061),(91,22943),(92,9962)]	103.946564
650	[(0,27221),(3,15572),(4,6885),(5,7041),(10,27789),(11,20275),(14,25518),(15,29238),(19,1050),(23,15154),(26,2976),(27,19444),(28,6824),(29,26501),(31,25798),(33,17496),(34,8388),(41,30723),(42,31152),(45,25522),(47,16564),(52,1869),(57,30950),(58,12152),(59,13693),(60,24619),(61,28217),(62,17655),(63,5412),(64,8600),(65,20249),(66,31538),(67,31867),(70,29080),(72,25347),(73,28128),(74,29633),(77,32885),(78,10054),(81,29322),(83,28295),(84,19481),(85,22851),(87,8893),(88,21743),(90,29409),(91,29215)]	99.475620
651	[(0,147),(1,5323),(2,25410),(4,30440),(5,11181),(9,16362),(11,3234),(13,8954),(14,31249),(15,24348),(16,31811),(19,12359),(20,12937),(23,13070),(25,13908),(29,24980),(31,32055),(34,29317),(35,6280),(37,31752),(38,32780),(39,10771),(41,31343),(46,18506),(47,7429),(49,32415),(50,5901),(54,3010),(55,4497),(56,14935),(57,8641),(58,17253),(59,792),(61,11845),(62,13066),(65,24516),(67,17775),(68,16342),(70,27254),(72,23648),(76,6847),(77,18023),(78,17173),(82,5548),(84,10052),(85,17794),(88,11798),(89,9823),(92,20963)]	100.297879
652	[(2,20179),(3,13245),(5,14715),(6,331),(7,6189),(9,2859),(10,24488),(12,3320),(13,2796),(14,30858),(15,28000),(16,17713),(17,17011),(21,28653),(22,24425),(23,26742),(27,8302),(28,3766),(33,30460),(34,21005),(36,17003),(37,10283),(39,6680),(45,26775),(46,28996),(48,33130),(49,33188),(50,8640),(52,4826),(57,14423),(59,21519),(64,21010),(66,14038),(67,10017),(68,16405),(70,15003),(71,18477),(72,14354),(73,28225),(74,29731),(75,8417),(76,27380),(79,30),(80,29726),(82,28010),(84,4007),(86,26949),(87,31529),(89,5774),(91,16030),(92,7139)]	115.255654
653	[(1,28758),(2,32947),(3,27331),(6,23577),(7,17020),(8,22245),(10,8089),(12,5505),(13,17269),(14,11189),(15,6072),(17,19979),(18,2962),(19,22308),(20,11624),(22,27226),(24,9207),(25,22409),(26,2136),(28,29706),(29,6521),(30,9617),(31,22772),(34,7407),(35,2079),(36,30472),(37,9029),(39,9883),(40,28054),(41,29708),(42,22288),(46,678),(48,24501),(50,28448),(52,6165),(54,5038),(58,1395),(59,2049),(60,18838),(61,1206),(63,15224),(65,3300),(66,31734),(67,5974),(68,21135),(69,1893),(70,1034),(72,10442),(73,4053),(74,30310),(75,18196),(76,17719),(79,2982),(82,14355),(83,23556),(84,13418),(85,33118),(88,12516),(89,32506),(91,5783),(92,14711)]	117.808605
654	[(1,2961),(2,31168),(4,353),(5,26100),(6,26741),(7,8771),(9,22493),(12,11636),(13,3779),(18,31855),(20,6211),(22,10287),(23,24781),(25,1371),(29,4247),(31,6267),(33,18350),(38,12255),(42,32518),(43,27252),(45,18289),(46,16722),(47,669),(48,12056),(49,27447),(51,15976),(52,2132),(53,18776),(54,13779),(60,6176),(61,2186),(62,22382),(65,5040),(66,10211),(67,2827),(68,10759),(72,30834),(73,12773),(74,6717),(75,29643),(76,24245),(78,32431),(80,31408),(81,15534),(83,14151),(85,7559),(87,17279),(89,11019)]	118.438841
655	[(3,25790),(7,22653),(10,27218),(12,9032),(16,31570),(20,29143),(21,20312),(22,11176),(23,20310),(24,27376),(25,4508),(26,31544),(29,18027),(30,21447),(31,18875),(33,19741),(34,17910),(35,25742),(38,18603),(42,19988),(43,632),(45,18737),(46,24957),(47,23119),(48,8612),(52,9844),(56,20837),(57,8756),(59,2840),(60,8150),(61,11263),(62,31283),(66,24266),(67,28888),(71,21273),(73,20592),(76,29935),(77,33495),(78,17466),(83,31285),(84,32326),(87,7432),(89,23440),(90,322),(92,12111)]	118.370017
656	[(0,15309),(2,7794),(3,20794),(4,33389),(6,33354),(7,5104),(8,29410),(9,23571),(10,8478),(12,989),(13,19540),(14,19894),(16,6438),(17,24547),(18,6124),(20,7481),(21,15222),(24,27857),(25,26731),(27,20371),(29,24487),(30,5382),(31,29520),(32,23107),(34,21922),(36,32188),(38,10022),(39,13370),(46,6176),(47,22497),(50,28394),(51,17705),(54,19668),(57,33847),(59,23338),(63,33214),(66,5872),(70,7427),(71,9187),(72,31731),(73,3561),(74,32971),(75,22252),(76,7038),(79,24508),(81,11953),(88,27492),(89,10098)]	108.200076
657	[(1,17548),(2,7938),(3,29616),(5,5574),(9,24375),(10,5118),(15,17187),(16,29046),(20,205),(24,24337),(26,29499),(30,27669),(32,31315),(38,33516),(39,536),(40,1813),(41,3287),(42,14629),(47,15908),(48,14499),(49,25642),(53,26345),(59,25158),(62,16662),(63,470),(64,31476),(66,21730),(67,24588),(71,25373),(75,23398),(77,8473),(79,26570),(80,13737),(83,8594),(85,31447),(86,22742),(89,13763),(90,8682),(92,9085)]	112.885913
658	[(2,10514),(5,14734),(6,16894),(8,28245),(9,27488),(13,2831),(15,7725),(18,5966),(20,17374),(21,5278),(22,13963),(24,33334),(27,13677),(28,14396),(33,23027),(35,32878),(38,15132),(44,29912),(46,4843),(51,2429),(54,22225),(55,3961),(56,12925),(58,16729),(59,24192),(62,19569),(63,16670),(67,23308),(68,21937),(69,26191),(70,12486),(74,23403),(77,2491),(79,543),(81,9063),(82,3436),(85,18238),(87,19623),(89,33788),(90,862)]	100.398208
659	[(0,16717),(4,5280),(6,4710),(7,22900),(8,33802),(9,19124),(10,3597),(11,28612),(12,15239),(14,24774),(17,22411),(20,26612),(21,702),(22,7001),(24,19221),(25,29695),(26,15164),(27,12687),(30,26877),(34,8798),(38,1744),(39,4220),(41,16516),(45,14050),(46,5760),(50,14633),(51,1645),(52,22867),(57,17478),(59,11734),(60,28799),(61,19337),(62,27581),(63,23846),(64,15998),(65,16998),(67,1097),(68,6722),(69,611),(71,25977),(75,4079),(76,1913),(78,26646),(80,17640),(82,21474),(86,16177),(87,963),(89,8971),(91,17614)]	95.564669
660	[(2,14523),(4,31446),(5,14861),(9,28481),(10,25309),(12,9829),(14,18002),(16,12845),(18,8507),(19,5233),(20,30238),(24,32022),(25,20771),(26,17759),(27,33463),(31,11766),(32,8529),(37,10225),(38,31673),(41,2927),(42,807),(43,495),(44,19570),(47,30247),(48,12396),(49,3164),(50,10051),(51,29065),(52,7178),(53,7158),(55,13676),(56,4157),(57,15738),(58,2762),(60,7588),(61,16324),(62,21231),(64,21111),(69,7951),(70,30730),(71,12955),(73,30074),(74,25599),(76,8649),(80,8770),(87,7109),(88,17818),(90,22328),(91,4435)]	99.050658
661	[(0,2015),(5,233),(8,21699),(10,3138),(11,19715),(12,6467),(13,17416),(15,15043),(16,16227),(17,29754),(18,17626),(19,25330),(20,18916),(22,19783),(24,13576),(26,12531),(27,18547),(28,28185),(31,21240),(32,20331),(33,31937),(34,13119),(35,26395),(40,14783),(41,20001),(42,20753),(46,30787),(47,25043),(48,19253),(51,11483),(52,10745),(56,17139),(59,15037),(61,29618),(64,13236),(66,12451),(67,28329),(69,31139),(71,1443),(73,8297),(80,29825),(81,33657),(83,7808),(84,23387),(87,27755),(88,5408),(90,18837),(91,29377),(92,6790)]	111.029485
662	[(1,28088),(8,8128),(9,1193),(11,23727),(13,324),(15,33660),(16,172),(17,18516),(20,26713),(21,8912),(22,28919),(23,23528),(28,3385),(29,28339),(31,11824),(32,23631),(33,10732),(34,26727),(35,3919),(36,16826),(38,1979),(40,4518),(41,3859),(43,8872),(46,7600),(49,20638),(50,17074),(51,23545),(54,4162),(58,1984),(60,2037),(62,7221),(63,9597),(64,27222),(69,12209),(72,28739),(75,7922),(76,6559),(79,1369),(82,12412),(83,30349),(84,10809),(85,526),(86,21996),(87,32496),(89,19432),(92,16527)]	102.331372
663	[(0,31530),(1,33182),(2,15788),(3,18829),(6,21261),(7,6436),(10,32156),(15,31094),(16,24657),(21,32460),(25,12818),(26,6217),(27,3014),(28,17275),(29,12997),(32,4492),(33,14545),(34,4037),(35,11993),(39,2563),(41,14882),(43,14289),(45,20815),(46,2883),(47,21185),(48,10331),(49,18359),(51,5131),(52,26582),(54,28548),(57,4296),(58,14220),(61,12771),(63,19297),(64,4712),(67,2469),(68,879),(69,3638),(70,14780),(72,10782),(75,28312),(76,13805),(77,16459),(78,5479),(80,27007),(82,7828),(83,987),(86,9886),(87,20479),(88,19971),(89,32376),(90,13148),(91,24080),(92,33097)]	105.337389
664	[(2,32508),(3,3467),(5,27392),(6,13629),(12,20144),(13,17563),(22,24673),(23,11771),(25,26483),(26,29094),(27,24896),(32,608),(33,29312),(34,15979),(36,10019),(38,6917),(39,11188),(41,14981),(43,27229),(45,2293),(48,4061),(49,23047),(50,4621),(51,18740),(53,3455),(61,6801),(66,31287),(69,781),(76,3687),(78,23946),(79,10334),(82,8412),(86,20829),(88,6066),(90,32818),(92,14896)]	126.722572
665	[(4,31502),(6,13345),(7,28009),(10,12890),(11,19280),(12,13335),(13,30557),(15,16350),(17,18573),(18,17921),(19,9907),(20,3463),(21,14851),(22,23917),(23,12838),(28,30384),(29,13216),(32,8464),(33,14294),(34,13523),(36,14692),(37,10523),(39,18718),(41,22290),(42,1984),(43,30782),(44,14264),(45,20067),(48,29418),(49,28761),(53,9150),(54,13771),(55,26581),(56,28306),(57,29775),(61,16184),(62,4229),(63,8902),(64,18176),(70,5594),(71,8038),(72,21935),(76,2436),(78,9335),(80,20090),(84,32582),(85,26900),(87,32799),(91,10837),(92,22759)]	106.332938
666	[(2,20888),(3,20593),(4,25424),(7,26754),(8,8577),(9,13883),(11,13545),(12,20164),(18,5642),(19,2972),(21,6464),(24,4029),(27,15653),(30,23912),(33,25615),(36,8685),(37,19896),(38,13459),(40,26843),(44,11236),(45,23640),(46,22872),(47,16219),(52,33357),(54,18922),(55,8739),(56,782),(57,2114),(58,1767),(60,9743),(61,10068),(62,28559),(64,11068),(66,19654),(67,15416),(68,21382),(70,4419),(72,13736),(75,18949),(76,18260),(78,19239),(80,6912),(81,21441),(82,31829),(84,17435),(88,21148),(89,2177),(90,8749)]	105.603893
667	[(0,5701),(2,32576),(5,11701),(15,21588),(16,19607),(18,24761),(19,11038),(21,248),(22,10492),(26,18563),(28,12039),(30,19695),(31,4092),(32,22592),(33,23096),(34,23819),(37,4649),(39,9996),(40,24551),(41,33154),(42,1205),(44,31297),(46,31941),(48,331),(50,23950),(53,31864),(54,10976),(56,24891),(60,6706),(63,18117),(66,1438),(69,19346),(70,10652),(71,29330),(72,17159),(73,2108),(75,12890),(77,8516),(79,14209),(84,10525),(85,2168),(86,32035),(87,11611),(89,9672),(90,1241),(91,16069),(92,14723)]	102.850999
668	[(2,6653),(3,14164),(6,4333),(7,13364),(10,5856),(11,28169),(13,18664),(14,23084),(16,2253),(17,11792),(19,26269),(21,15273),(23,29010),(25,4052),(26,19602),(28,20980),(30,19731),(32,18770),(36,3431),(37,11070),(38,26921),(39,22527),(46,8852),(47,8067),(50,17338),(52,23455),(53,25362),(57,13238),(58,12739),(62,32986),(63,5067),(65,21974),(66,11964),(67,7821),(68,29499),(71,28585),(72,33889),(73,6712),(75,3890),(76,3845),(77,24389),(79,8760),(80,17660),(81,4128),(84,21827),(90,7201)]	105.290456
669	[(0,26087),(2,20195),(3,474),(4,28507),(5,18124),(6,28183),(8,14900),(9,22793),(12,24178),(15,24397),(17,12240),(18,26891),(19,6171),(20,3314),(22,14010),(23,29163),(24,20014),(28,1823),(29,18772),(36,24665),(42,32545),(43,29916),(44,25521),(45,22990),(46,18634),(49,10816),(50,24170),(51,24395),(52,17761),(54,29364),(55,31506),(58,19091),(59,29879),(61,23564),(70,23174),(74,15600),(77,32089),(78,25841),(82,23631),(87,22871),(89,11241),(90,32398)]	96.182958
670	[(5,8393),(7,26566),(8,1505),(9,24131),(10,23890),(16,11821),(17,5034),(21,3282),(23,12492),(28,24399),(30,2017),(31,4186),(32,20097),(33,32761),(35,25040),(36,33112),(42,1170),(43,28320),(45,646),(47,18009),(48,23254),(50,23201),(53,8475),(54,10985),(59,21298),(60,17565),(61,2333),(64,16924),(66,21631),(67,8342),(70,31191),(71,10869),(72,17938),(73,21338),(75,7222),(79,20210),(80,568),(83,30053),(84,6975),(85,25746),(88,26144),(91,27515)]	109.309797
671	[(0,22105),(1,5674),(2,4553),(3,6549),(6,7518),(8,13095),(9,28115),(11,435),(12,5199),(13,16423),(14,4575),(15,19141),(17,21184),(18,1423),(19,4446),(20,10838),(21,4699),(22,33352),(23,12212),(24,21277),(28,23388),(29,16066),(30,29572),(33,20556),(35,29308),(36,21541),(38,25753),(39,9547),(40,6566),(42,132),(44,28150),(45,8486),(46,18898),(47,22877),(48,20954),(49,13803),(51,17981),(52,6781),(53,4685),(55,6095),(56,32216),(59,22033),(60,12324),(66,13428),(68,14533),(69,31383),(71,31752),(72,32780),(73,18859),(74,20478),(76,5607),(77,17783),(79,3643),(80,10175),(81,5997),(82,13295),(83,8331),(84,27766),(85,9563),(86,12866),(87,23870),(88,30219),(89,9750),(90,7273),(91,32944)]	125.740288
672	[(1,9686),(4,32362),(7,16865),(8,16724),(9,10062),(13,30134),(19,5907),(20,30830),(23,24125),(24,15032),(25,731),(27,13731),(29,20510),(32,29967),(33,11648),(34,17586),(35,30589),(39,9208),(40,19403),(41,24014),(42,1995),(43,21647),(47,1832),(49,4110),(52,2325),(53,9823),(58,28516),(59,10088),(63,29876),(65,27628),(69,8988),(70,4088),(71,14489),(73,2702),(74,30),(75,14243),(79,30010),(82,6572),(83,26893),(84,21241),(85,14376),(87,2964),(90,11366),(91,10387)]	98.955913
673	[(0,1484),(1,9908),(5,3136),(6,3532),(7,15763),(10,32962),(11,18989),(13,2267),(16,15519),(17,21888),(18,16855),(19,18813),(20,13124),(24,28276),(26,17174),(27,26807),(28,23001),(29,26158),(33,12756),(35,27224),(36,1421),(39,24872),(40,30271),(47,1385),(49,21540),(50,23306),(54,22055),(55,13779),(58,13175),(63,11832),(66,4534),(69,20943),(71,19955),(72,27963),(73,3282),(74,26361),(81,31871),(84,5675),(86,22133),(87,23516),(88,18576),(89,14236),(90,1062),(91,13965),(92,25719)]	99.336445
674	[(2,15294),(3,18367),(5,5091),(8,10967),(9,16965),(12,29964),(15,13792),(16,4935),(18,22870),(19,29668),(20,6992),(23,2658),(24,32121),(27,8557),(28,28117),(29,24904),(32,6826),(34,27052),(35,22180),(36,15052),(38,8161),(40,33083),(43,28916),(44,24317),(45,13683),(48,20401),(49,23477),(50,25751),(52,32781),(53,15824),(54,6580),(58,30676),(59,19667),(61,4531),(63,17443),(64,11841),(65,4426),(66,32560),(69,21763),(73,13186),(75,18365),(77,20163),(78,18595),(80,16482),(83,8066),(87,25011),(89,32335),(90,10062),(91,19864)]	125.914158
675	[(1,19187),(3,11953),(4,16479),(6,31036),(7,19134),(8,10738),(12,13634),(15,1673),(17,22608),(19,27796),(21,21498),(22,25023),(27,19210),(28,20025),(30,30379),(32,23107),(35,21715),(38,13993),(40,20988),(41,24236),(42,22651),(43,20228),(44,1626),(47,5668),(51,4403),(52,30063),(53,8474),(56,8881),(57,30989),(59,20158),(60,28731),(64,545),(66,12636),(71,7984),(72,11214),(73,3797),(74,22146),(75,25649),(76,15376),(77,15119),(78,13534),(79,9646),(82,21713),(83,30518),(84,5253),(85,26207),(86,18059),(88,33650),(89,3671),(90,3584),(91,32624),(92,28596)]	100.255910
676	[(1,16227),(2,11326),(5,19177),(7,31171),(8,12762),(9,12636),(13,30453),(15,915),(16,18406),(17,27688),(18,26053),(19,4925),(20,1628),(23,25595),(24,32032),(26,15304),(27,26935),(31,2382),(33,21442),(35,25011),(37,28851),(38,32015),(39,21242),(42,25656),(44,5322),(48,7203),(49,10631),(51,31639),(54,24036),(55,13156),(56,217),(58,8136),(59,1966),(60,551),(62,28323),(63,14160),(65,2190),(66,27906),(67,30358),(69,20249),(71,26324),(73,1332),(74,2507),(75,21215),(76,33843),(77,7158),(78,19040),(83,14264),(86,33887),(88,1491),(91,5918)]	99.856864
677	[(0,12221),(2,28349),(3,28381),(5,26782),(8,6249),(10,27568),(11,21119),(13,33115),(17,23237),(20,27731),(22,24536),(23,17390),(24,26555),(27,11712),(28,13398),(33,3627),(35,23224),(36,16),(37,19065),(40,3981),(45,32380),(46,27984),(49,10923),(50,10974),(53,30437),(55,16963),(56,116),(57,8604),(58,17621),(59,21425),(60,31006),(62,9717),(66,20958),(68,19144),(69,7353),(73,72),(76,32460),(78,22251),(80,20290),(83,18593),(84,20690),(88,13103),(89,3214),(90,19515),(92,21202)]	100.900476
678	[(3,14670),(8,2688),(10,11430),(14,18263),(15,31050),(17,21464),(18,14875),(19,17104),(20,30941),(22,2063),(27,24190),(29,11784),(30,30963),(31,1531),(32,24291),(34,8169),(35,22402),(36,26269),(37,27524),(38,23389),(39,26455),(43,31366),(44,12444),(47,4868),(49,13578),(50,31764),(51,6018),(52,2694),(54,22334),(55,10271),(56,30477),(57,11874),(58,10889),(63,16968),(65,31013),(67,5727),(68,6432),(69,10171),(72,24219),(73,12424),(74,15494),(76,971),(78,29082),(79,25492),(80,4787),(81,13546),(83,10103),(84,11083),(85,20747),(88,8774),(89,2899),(90,31380),(91,7548)]	100.918601
679	[(0,20005),(1,27276),(3,30615),(5,19372),(6,8419),(7,15799),(8,7113),(9,21247),(11,15741),(13,21727),(14,8966),(16,31677),(18,33060),(19,27374),(20,1434),(21,20553),(22,13728),(23,12689),(24,16178),(25,20659),(32,23820),(33,7553),(34,6450),(36,30447),(38,1861),(39,15631),(43,5455),(45,10165),(47,30843),(51,446),(52,19052),(54,8334),(56,20211),(57,9342),(58,23473),(61,11834),(62,28676),(63,8783),(64,30768),(65,21142),(69,15928),(71,24767),(72,20344),(74,26380),(75,21687),(77,16631),(78,27443),(79,14452),(80,19889),(83,9805),(84,24379),(86,8187),(87,375),(88,9514),(89,15517),(90,32870),(91,3102)]	102.394326
680	[(1,22107),(5,29066),(6,3957),(7,9937),(9,8844),(10,19512),(11,24620),(12,32458),(13,3094),(14,24705),(15,30961),(17,6712),(19,3890),(21,6262),(22,29687),(24,2806),(28,13282),(29,12380),(30,10067),(31,13579),(32,14309),(33,8988),(35,10264),(37,25215),(38,2204),(39,5601),(40,11263),(45,14173),(46,27391),(48,19552),(50,31199),(51,28918),(52,13511),(53,1786),(54,22624),(55,22868),(58,15300),(59,23937),(60,23153),(63,20668),(64,21172),(68,5163),(69,2389),(70,1686),(72,22041),(73,24883),(75,31487),(76,26492),(77,33688),(78,29095),(79,18790),(80,18120),(83,6198),(85,12943),(86,32992),(91,19739),(92,31440)]	110.855515
681	[(0,11149),(1,18134),(5,25518),(6,29238),(7,29266),(8,1300),(9,12202),(11,15992),(13,7572),(15,19235),(16,16897),(18,29649),(19,31683),(20,26552),(21,32984),(23,24509),(24,3879),(25,27645),(27,10777),(29,17822),(31,28618),(34,16066),(35,17252),(39,2815),(40,27377),(42,4954),(43,30749),(44,3744),(46,7472),(47,30814),(51,15623),(53,28883),(55,20952),(56,25715),(57,12653),(58,9869),(59,7044),(60,8584),(61,2245),(62,11728),(66,17715),(67,12830),(69,22787),(71,18432),(76,14402),(77,24480),(79,19328),(80,26297),(81,7795),(85,11822),(86,2958),(88,30739),(90,5086)]	113.795381
682	[(0,12683),(2,22637),(3,9704),(4,7098),(7,11434),(9,25347),(11,28925),(12,5642),(15,6572),(16,4879),(19,18936),(22,1834),(24,2058),(25,2010),(26,4678),(28,14346),(30,7720),(31,32122),(33,28965),(34,21887),(36,17146),(37,29041),(41,1966),(42,551),(43,11774),(45,27840),(46,17506),(50,19022),(51,2750),(54,26423),(56,6819),(57,32219),(58,21448),(61,9579),(62,29686),(63,10389),(64,6349),(66,5052),(67,15009),(69,15664),(70,6762),(71,6404),(73,9439),(74,27632),(75,33250),(78,24676),(80,31618),(83,25298),(88,21651),(92,11825)]	102.171630
683	[(1,14391),(2,12142),(10,24548),(12,16657),(13,18961),(14,13917),(17,22455),(18,6948),(19,30995),(20,26309),(22,1652),(28,14722),(30,2810),(31,11418),(32,832),(38,18794),(40,27426),(41,33729),(44,33283),(48,32378),(51,21953),(53,23553),(56,21552),(57,3014),(59,10917),(60,410),(61,27425),(64,23710),(65,16490),(70,7420),(71,4902),(73,17425),(74,13778),(75,25902),(77,19853),(79,7360),(82,26462),(83,2991),(84,4990),(85,4305),(86,26640),(88,33106),(89,30562),(92,26543)]	118.641386
684	[(0,27077),(1,30108),(2,2668),(3,9422),(5,3005),(6,14208),(7,31916),(12,19569),(13,14517),(14,32959),(17,9880),(18,26667),(22,12224),(23,72),(24,16972),(28,10779),(29,16836),(30,31104),(31,27889),(32,22057),(33,13167),(34,12015),(36,11650),(39,23651),(41,11378),(45,16572),(47,2894),(48,12477),(49,33334),(51,26287),(53,300),(55,32424),(56,19348),(57,25842),(59,18660),(61,8657),(62,24455),(63,27734),(64,15870),(67,23905),(68,7526),(69,3064),(75,2193),(76,14419),(78,26969),(79,13894),(83,27056),(84,21581),(85,18),(87,23085),(88,24138),(91,16216)]	121.390253
685	[(0,21946),(1,19361),(4,6162),(5,18568),(7,18105),(10,11070),(11,26921),(12,4996),(13,31566),(15,17810),(18,27463),(19,24156),(20,4295),(22,5805),(27,2070),(29,31057),(30,7615),(33,31566),(37,23404),(41,27105),(42,18256),(43,175),(46,18400),(51,15176),(52,9839),(55,32382),(56,11927),(58,7467),(59,9645),(60,6061),(61,31192),(62,21426),(63,30071),(65,8609),(66,12080),(67,17621),(68,21425),(72,2912),(74,15640),(75,151),(76,22183),(78,473),(80,10216),(81,13045),(83,14242),(84,11441),(85,17582),(89,2535)]	115.971724
686	[(0,26536),(1,10211),(5,2510),(6,20929),(7,33838),(8,7990),(9,8311),(10,9696),(11,6015),(12,2023),(13,5249),(16,10825),(17,30302),(18,25785),(23,25727),(24,7213),(25,28272),(27,1466),(28,24238),(29,11126),(30,31039),(40,26478),(43,1894),(44,3763),(46,6347),(50,28570),(51,30233),(53,19727),(54,15894),(57,9751),(58,10505),(59,8443),(61,23867),(63,24220),(64,8737),(65,27193),(70,13689),(72,25207),(73,1354),(74,26833),(76,4255),(78,27824),(79,29173),(82,31798),(85,46),(88,27730),(89,3724),(91,25028),(92,2171)]	108.409177
687	[(0,13283),(2,19939),(3,2530),(7,2367),(8,22079),(9,3146),(10,26520),(13,10629),(15,6141),(23,26193),(24,33188),(25,24915),(28,8965),(29,14380),(30,16858),(32,2071),(38,31408),(41,29023),(42,8762),(43,19143),(44,7708),(46,6341),(49,9346),(53,3323),(54,17339),(55,21646),(57,19032),(58,6241),(61,15479),(62,29015),(63,22953),(67,24412),(68,22690),(69,9389),(70,7718),(78,9040),(81,10796),(83,9970),(85,14039),(88,24990),(89,22934)]	104.025330
688	[(0,27227),(2,799),(3,13826),(4,9619),(5,7885),(6,29026),(8,26297),(10,4933),(11,9523),(14,20299),(17,32045),(19,7799),(20,21253),(21,31013),(22,23951),(24,28605),(27,3252),(28,33499),(29,27462),(32,11580),(35,18144),(37,17882),(38,20555),(41,6624),(42,11448),(43,2194),(44,12007),(45,31556),(46,4334),(47,22286),(50,28253),(52,15420),(53,22635),(55,15130),(57,1031),(58,11411),(62,31570),(63,8161),(67,33848),(68,10842),(71,18468),(73,25477),(74,701),(77,74),(78,26313),(79,27208),(80,4592),(81,19022),(83,20207),(84,4775),(88,23189),(90,23242),(91,10490)]	105.448515
689	[(1,27550),(2,26956),(4,14879),(7,16660),(8,29998),(10,31680),(13,32944),(16,26345),(18,884),(20,12566),(22,30436),(23,14388),(24,9366),(25,30970),(27,28017),(31,8267),(34,22129),(39,9459),(45,29646),(46,14188),(48,8412),(51,9227),(53,27119),(54,27469),(56,21389),(57,14614),(59,15359),(61,2477),(62,32380),(63,27984),(66,28061),(67,20769),(69,1599),(71,28096),(72,29553),(74,11897),(75,33752),(76,26706),(80,9720),(82,23392),(83,1029),(85,22460),(86,28773),(87,11460),(88,26300),(90,16194)]	112.837002
690	[(1,27739),(2,22859),(6,24865),(7,10063),(8,21030),(9,15934),(11,3117),(12,15698),(13,14464),(14,2013),(15,24834),(16,7122),(17,13152),(20,1549),(21,11124),(24,32417),(25,21445),(26,9582),(27,25004),(28,6833),(29,268),(31,26023),(32,7778),(34,33650),(37,4394),(38,26594),(39,24889),(47,12202),(49,15992),(51,7572),(52,469),(53,5636),(54,28857),(56,31405),(57,1258),(59,20310),(61,22346),(64,25688),(65,25095),(66,13113),(70,25373),(71,24756),(72,26468),(73,4286),(75,26805),(76,14022),(77,24799),(80,19995),(81,15632),(82,2566),(83,22974),(85,5794),(86,17624),(87,14591),(88,33779),(89,14242),(91,3181),(92,21213)]	102.880066
691	[(3,14283),(4,31399),(6,11962),(7,11597),(8,17817),(10,10534),(13,8654),(14,6862),(21,10288),(22,18203),(23,22926),(26,19951),(27,1065),(35,28848),(39,13851),(41,25829),(47,10668),(48,7664),(50,16373),(51,30542),(52,23370),(53,2113),(54,11625),(57,20033),(58,19668),(59,2529),(61,15047),(62,7101),(63,26019),(64,20046),(66,31760),(68,14196),(69,19484),(70,33681),(72,10415),(73,16644),(76,16997),(77,22384),(78,16417),(80,12663),(81,17317),(84,10453),(86,31768),(87,5718),(92,10996)]	97.760426
692	[(0,28539),(1,3811),(4,21453),(6,24906),(10,21991),(16,24811),(21,8470),(23,28602),(26,22938),(28,7038),(30,1208),(31,20528),(32,3498),(33,16578),(36,1860),(37,19533),(38,33921),(40,20286),(41,32590),(42,10533),(44,15991),(45,2207),(47,10593),(49,13084),(50,2113),(51,25757),(53,24100),(55,2982),(58,14355),(62,29779),(63,659),(66,8435),(67,1636),(68,13179),(70,24467),(71,1349),(74,21656),(75,31443),(77,290),(78,33111),(80,11058),(81,29366),(83,10305),(84,27232),(85,6009),(86,10504),(87,26358),(91,9805),(92,16817)]	105.037475
693	[(7,12639),(9,11050),(10,13639),(12,25073),(15,12245),(21,12538),(23,18865),(24,25169),(25,10673),(26,30804),(27,23872),(28,14479),(32,10023),(33,24614),(35,11806),(36,26651),(37,30564),(39,31055),(40,29750),(41,12355),(42,7984),(43,11214),(44,3797),(47,21590),(50,17619),(53,26509),(54,17953),(58,27836),(62,27468),(64,6048),(65,1859),(67,17095),(68,13579),(70,16447),(73,14949),(75,33853),(78,24595),(81,20491),(82,13410),(83,22482),(84,3314),(87,10312),(88,30026),(90,431),(91,12032)]	141.341552
694	[(3,26845),(4,6765),(7,19449),(10,28910),(12,2811),(13,24807),(15,30818),(17,874),(18,9321),(20,20242),(21,32207),(24,9577),(28,19630),(30,22344),(39,17616),(42,12542),(44,23007),(45,30978),(46,2963),(47,9785),(48,33837),(49,25533),(55,27010),(57,26845),(58,22865),(59,6414),(62,5599),(65,3431),(66,11070),(67,26921),(68,33304),(69,23329),(70,16305),(75,23466),(77,4444),(78,1504),(79,5867),(80,4838),(84,555),(86,15906),(87,25944),(89,25223),(91,9500)]	121.143337
695	[(0,22279),(1,24149),(2,24540),(3,15183),(5,32474),(6,19492),(7,21273),(10,12882),(11,20643),(12,29175),(13,7071),(14,9670),(18,31721),(20,6512),(21,28426),(23,26054),(24,5687),(25,9363),(27,10231),(28,9199),(32,9412),(33,20210),(34,28631),(35,13616),(37,1595),(38,15238),(40,25816),(41,7603),(42,22560),(44,18529),(45,8992),(46,7202),(49,18113),(51,11655),(54,29738),(60,61),(61,23360),(62,21438),(63,15018),(64,10726),(66,26415),(69,15020),(70,33296),(73,1370),(74,27157),(75,31899),(80,21156),(81,8851),(82,5416),(83,24946),(87,12836),(88,20239),(90,28402),(91,11617)]	105.929852
696	[(5,27343),(7,3502),(10,33864),(13,21828),(14,16598),(16,13784),(19,28620),(22,9640),(26,9399),(27,29458),(28,16281),(29,1559),(33,2586),(34,28667),(38,28616),(39,27704),(40,16012),(41,12381),(44,17918),(45,22623),(51,86),(54,2009),(56,18605),(58,1216),(60,31013),(61,17220),(66,28944),(68,10868),(69,16651),(70,6989),(71,13589),(72,16941),(73,13638),(75,14288),(76,18229),(78,30580),(80,14964),(82,8337),(84,13156),(86,22582),(88,18477),(89,25635),(92,5703)]	107.863222
697	[(0,32266),(1,33237),(2,28348),(3,544),(6,15477),(9,33447),(10,1582),(11,24372),(12,26864),(14,25484),(16,1916),(17,5985),(20,19284),(23,23923),(24,10204),(25,26992),(27,33852),(29,3388),(30,23285),(34,28106),(35,2440),(38,19170),(39,5711),(41,20434),(42,1267),(44,16412),(45,17885),(48,10864),(50,28523),(51,22036),(53,12501),(56,7078),(58,15522),(60,27816),(62,23582),(63,7175),(66,5273),(67,5061),(68,6942),(70,28862),(74,28206),(76,7310),(78,18387),(79,2362),(80,21803),(81,5106),(83,25594),(88,11921),(90,32525),(91,13387),(92,5243)]	100.305460
698	[(3,17717),(4,29078),(6,13303),(7,12826),(15,8904),(16,19384),(17,29873),(21,9386),(23,4971),(24,1068),(28,15915),(29,29427),(30,28228),(32,3448),(33,1501),(34,27293),(36,14290),(41,18819),(43,8110),(49,23759),(51,10954),(54,13750),(55,5361),(56,32277),(59,4809),(60,20683),(62,31914),(63,13487),(64,9370),(65,2954),(66,20265),(71,19587),(73,33597),(75,26497),(77,7224),(78,2460),(79,9115),(80,24419),(82,13966),(83,30373),(84,1673),(85,8614),(86,25616)]	115.071229
699	[(1,30484),(2,23211),(3,22157),(5,21802),(7,24528),(9,31256),(11,19249),(13,23981),(14,14778),(15,25222),(18,5301),(22,7438),(25,24386),(26,3412),(27,31753),(28,28403),(30,25657),(31,26799),(32,6906),(33,25970),(34,8994),(36,6465),(37,14615),(38,5419),(39,19833),(41,10555),(42,16296),(43,33570),(45,24249),(46,26455),(50,9875),(51,7356),(53,14370),(54,10597),(55,15540),(56,9118),(57,27053),(58,24403),(60,21216),(61,16700),(62,16736),(63,32961),(64,25100),(66,12754),(68,5221),(69,12774),(70,13355),(71,16117),(73,19035),(74,6103),(75,27019),(77,7665),(78,2223),(82,21373),(84,21883),(85,31683),(88,1883),(89,19829),(90,22393),(92,21833)]	105.984433
700	[(0,4846),(1,28398),(2,13477),(5,33206),(6,11318),(7,17716),(8,26750),(10,21512),(11,19523),(14,13927),(19,12022),(23,14154),(26,33319),(27,22683),(28,20131),(30,16097),(35,33344),(38,17520),(39,19387),(40,3506),(41,26309),(45,26532),(46,16167),(48,10987),(52,2851),(57,22061),(59,33547),(60,8869),(61,19895),(62,18143),(63,29452),(67,25270),(69,3232),(70,16069),(71,14723),(72,299),(74,3681),(76,25995),(77,7354),(80,3415),(81,22810),(83,20291),(84,18949),(85,18260),(87,19239),(88,9712),(90,10118),(91,20495)]	100.297282
701	[(0,1997),(1,1493),(2,11732),(3,22124),(9,3900),(10,7119),(11,23304),(12,20510),(13,26226),(14,26020),(15,11422),(16,28283),(17,27946),(18,33721),(19,15392),(21,4564),(22,27804),(23,9721),(24,27042),(27,28661),(30,6329),(35,27909),(37,15467),(38,13044),(40,12564),(42,26908),(44,27550),(45,26956),(47,12804),(49,31009),(51,21),(52,17381),(53,18464),(56,10868),(57,28666),(60,21787),(62,3310),(64,30196),(65,5937),(66,10798),(67,33859),(68,33314),(69,28463),(72,24997),(74,29969),(75,23878),(77,12692),(78,20283),(80,27368),(81,5230),(82,1157),(83,30872),(87,2536),(89,2135),(91,2320),(92,6365)]	103.001776
702	[(5,33069),(7,18968),(10,31975),(13,27308),(18,2263),(21,18455),(23,26700),(24,2168),(26,5560),(27,30036),(28,5195),(31,31036),(32,19134),(35,22652),(37,2303),(38,23472),(39,20764),(41,20979),(46,21784),(48,31844),(57,18875),(60,13925),(61,31672),(62,14046),(66,4884),(69,12201),(70,30034),(72,23771),(74,7171),(75,20595),(76,5837),(81,21210),(86,30956),(88,12287),(89,23639),(90,4734),(91,29451)]	151.329028
703	[(2,26084),(4,25669),(8,23272),(9,3663),(10,28051),(11,16137),(12,23844),(13,13134),(16,24248),(17,3455),(19,23382),(24,27535),(26,14924),(27,30625),(31,2580),(32,13080),(34,5043),(35,14325),(36,21391),(38,25948),(40,29510),(41,11692),(42,6195),(43,31378),(45,9820),(46,28904),(47,1971),(48,11265),(49,8941),(51,28310),(52,19924),(54,16004),(55,776),(56,13712),(57,19816),(60,26816),(63,31370),(64,19390),(66,12924),(67,8930),(69,22045),(73,12206),(74,5932),(75,1248),(77,29002),(80,2711),(82,5411),(83,14085),(84,22455),(86,10576),(87,11920),(90,7635),(91,16740),(92,22622)]	109.929604
704	[(0,17632),(2,23461),(4,22742),(5,22628),(6,32707),(7,31228),(9,9107),(12,4880),(15,22987),(19,32310),(21,13678),(23,2573),(24,13858),(25,519),(28,9368),(30,24544),(31,560),(33,17017),(36,24183),(38,3905),(39,29295),(42,5128),(43,11683),(44,17513),(46,25014),(48,16107),(50,277),(51,28224),(52,32656),(53,13075),(57,25603),(59,32842),(60,27853),(62,25812),(63,5641),(65,12467),(66,18733),(67,33446),(68,8328),(70,12516),(71,32506),(73,7728),(74,31268),(75,18323),(76,5368),(77,33897),(80,11298),(81,28246),(83,2500),(84,24470),(87,8554),(88,25645)]	107.485320
705	[(0,31266),(1,2073),(4,10493),(6,23322),(7,28448),(9,22775),(12,31738),(13,22595),(14,14789),(15,3362),(19,20402),(20,18765),(21,8051),(22,6152),(24,14755),(25,11406),(26,11799),(28,8496),(30,19469),(31,18884),(33,28437),(35,14197),(36,631),(40,28634),(41,28728),(42,14023),(43,3632),(44,2968),(45,26600),(46,28496),(49,23897),(52,802),(55,11805),(56,23007),(59,14497),(61,9470),(63,24553),(65,18760),(67,12938),(68,30802),(71,31650),(73,30247),(74,15221),(77,10788),(78,27408),(79,11270),(80,7274),(81,4327),(82,17018),(84,16759),(85,7125),(86,26867),(87,17458),(89,23728),(90,17403),(91,7623),(92,18615)]	103.562612
706	[(1,6972),(3,8700),(6,26225),(11,38),(12,2475),(14,12590),(18,6060),(20,32200),(22,9789),(23,23353),(24,30352),(26,15663),(27,12929),(28,16794),(29,7932),(33,9952),(36,12614),(37,597),(38,7459),(41,2096),(42,16671),(43,16395),(44,16330),(45,1230),(47,9477),(48,32),(50,3136),(51,3532),(52,30931),(53,12956),(54,10799),(58,11793),(59,26234),(60,33045),(61,6965),(62,18911),(63,33030),(66,1526),(67,25122),(69,6997),(70,17235),(71,12425),(72,19456),(73,29847),(74,12516),(75,24809),(77,26283),(78,10004),(81,22016),(82,6611),(85,23085),(86,24138),(87,516),(88,19616),(89,7038)]	121.005815
707	[(1,27576),(2,13329),(6,24678),(7,25861),(8,19102),(9,7701),(11,12449),(14,21854),(16,25342),(17,14621),(18,8026),(19,8990),(20,30519),(21,22094),(23,8832),(25,6017),(28,21743),(33,16295),(34,31706),(35,24881),(36,24080),(37,32068),(39,25044),(40,1865),(41,10985),(44,26759),(45,22224),(46,27880),(48,3335),(49,9761),(50,9115),(51,17879),(52,29933),(54,7029),(56,29305),(59,6914),(61,11),(65,3330),(67,22916),(70,21369),(71,3240),(73,23221),(76,24295),(77,17230),(78,4596),(80,9279),(82,15130),(87,12741),(89,1533),(90,6267),(92,19735)]	111.361430
708	[(1,32718),(4,30017),(5,3136),(7,27117),(10,31331),(11,22522),(12,33605),(15,2087),(18,4292),(21,18715),(24,17479),(25,7008),(28,1309),(29,2352),(31,9362),(34,18894),(35,9643),(36,18646),(38,32373),(40,23157),(42,18033),(43,31398),(49,16089),(50,13701),(53,15115),(54,18972),(55,28694),(59,7123),(60,4886),(61,466),(64,24638),(65,10837),(66,22759),(68,30793),(69,396),(70,14375),(72,32701),(73,33008),(76,15879),(78,10170),(79,15768),(80,6131),(84,17622),(88,22706),(89,28966),(90,4957),(91,8889),(92,301)]	109.426004
709	[(0,20593),(1,19609),(2,30813),(3,25920),(6,27275),(8,31622),(9,27548),(10,9473),(11,21966),(12,6993),(17,22749),(18,13627),(20,14078),(21,27118),(22,1702),(27,31965),(28,16824),(30,14029),(32,2033),(34,9001),(38,13370),(39,31047),(41,2358),(45,29264),(46,10171),(48,25253),(49,26120),(51,11908),(52,32257),(54,13639),(55,15993),(56,20010),(57,23735),(58,22817),(60,2323),(64,29343),(68,28925),(69,5642),(74,15711),(77,32099),(82,15879),(84,10170),(85,1499),(88,27349),(92,4934)]	101.154381
710	[(0,1823),(5,11143),(6,11290),(9,22096),(10,17892),(11,27363),(13,31663),(14,27600),(15,16553),(18,20449),(19,7540),(21,7380),(23,14069),(25,19615),(28,12704),(29,30709),(30,21663),(31,10885),(32,17336),(33,1275),(34,25239),(36,28262),(38,10788),(40,18343),(48,13122),(50,21108),(52,32041),(56,6120),(57,29423),(61,3202),(62,24956),(63,29193),(65,1830),(66,18113),(68,21883),(69,29046),(72,15257),(73,11738),(74,30347),(77,9568),(78,3433),(83,12290),(85,6293),(86,20298),(87,14870),(90,13799),(92,5485)]	105.322210
711	[(0,12951),(3,17598),(5,10791),(6,3714),(7,30012),(8,19208),(9,6419),(10,5210),(14,12986),(15,27849),(17,30479),(18,13106),(19,3170),(23,22738),(24,8304),(25,33917),(26,25379),(28,18694),(29,6956),(31,1258),(33,20310),(35,27955),(36,28865),(37,2882),(38,9608),(40,24016),(41,8844),(42,31822),(45,13490),(46,427),(47,18355),(48,11707),(50,24821),(51,381),(53,4895),(54,29339),(61,9017),(62,27480),(64,25037),(65,9025),(66,18864),(67,1883),(68,19829),(72,8688),(75,18327),(76,33174),(78,1386),(80,20720),(81,10670),(82,19937),(84,31053),(87,17591),(91,29436),(92,16247)]	130.775359
712	[(0,2132),(1,502),(6,9792),(7,25632),(10,12643),(11,31548),(12,5377),(14,14466),(15,6678),(16,8201),(19,9443),(20,8776),(21,2576),(23,32040),(24,29940),(25,20609),(26,10497),(27,11598),(28,19730),(29,29710),(31,1978),(32,6188),(34,22656),(38,8516),(41,8921),(42,9030),(45,19569),(46,19417),(47,3163),(48,24890),(49,11628),(50,31849),(51,15253),(52,9244),(53,8496),(54,23746),(57,2421),(59,33131),(61,24899),(62,14645),(63,29279),(65,17876),(67,4295),(68,3097),(69,11490),(70,29910),(71,12737),(72,3607),(73,1557),(74,10811),(75,11362),(76,23366),(77,21735),(78,3206),(79,33481),(80,3165),(82,31497),(86,13398)]	112.515896
713	[(2,28538),(3,32295),(4,14868),(7,255),(8,1707),(9,21917),(11,14270),(13,6071),(15,31280),(17,12774),(18,16185),(19,25425),(20,30840),(21,18524),(22,1458),(24,33899),(29,12165),(30,19976),(32,8313),(34,4422),(35,23581),(37,33690),(38,22038),(43,23815),(48,23596),(49,17109),(51,3140),(52,33183),(54,27755),(55,5408),(56,16697),(57,30985),(58,681),(59,32869),(60,27805),(62,1119),(63,5092),(71,27959),(72,95),(74,13084),(75,5929),(78,1809),(79,21151),(81,28523),(87,12585),(88,16855),(89,27029),(90,32774),(92,31805)]	108.128739
714	[(2,7408),(4,12442),(8,29137),(9,20489),(14,26284),(17,25022),(21,23795),(23,32402),(24,18757),(26,13092),(27,3912),(28,27760),(29,21467),(33,9573),(35,6882),(36,648),(39,21493),(41,3004),(44,15867),(47,5004),(50,7043),(51,2066),(54,2845),(57,8213),(59,7478),(63,25219),(64,31598),(67,17780),(70,22641),(71,23518),(72,4151),(75,26028),(76,7133),(78,23580),(79,570),(80,29772),(81,24606),(86,13350),(87,14686),(88,15178),(90,25614),(91,32557)]	108.267622
715	[(0,14521),(1,23161),(2,12295),(3,6297),(4,29662),(8,1851),(10,26375),(11,30878),(15,5450),(16,12500),(17,1446),(18,28863),(19,6234),(21,31071),(24,25269),(28,2969),(30,29618),(32,22548),(34,27899),(37,10026),(39,22070),(40,15940),(42,17697),(44,7102),(46,2893),(48,6498),(49,13669),(50,13923),(51,15834),(52,23683),(54,23234),(55,10454),(57,4985),(58,19399),(62,19394),(64,12466),(68,14886),(70,27615),(71,31226),(72,7750),(73,8739),(74,15523),(76,18024),(77,3486),(80,6228),(85,4150),(86,582),(87,31578),(88,24959),(89,10797),(90,33185)]	248.690453
716	[(1,19582),(3,29816),(4,27136),(6,29291),(10,7447),(14,2249),(16,15117),(19,786),(21,22943),(22,31883),(23,678),(25,31035),(26,12586),(27,31848),(28,6574),(30,2681),(32,25906),(33,31639),(34,16796),(36,3721),(37,33069),(43,5362),(44,18814),(46,5645),(48,12003),(49,9013),(51,12930),(52,3235),(55,6394),(58,8973),(59,29684),(61,30296),(62,7179),(64,16935),(65,29135),(67,17511),(68,5945),(70,25609),(72,17899),(75,11855),(76,22011),(77,5486),(79,8789),(80,23687),(81,10019),(86,10005),(90,25297),(91,31865)]	228.449289
717	[(0,22738),(1,8304),(2,33917),(6,24889),(7,28861),(9,24795),(10,15009),(12,18700),(13,6393),(14,10365),(16,10278),(17,23880),(18,23167),(20,4343),(21,6227),(24,5535),(27,32140),(31,14956),(33,21685),(36,27444),(42,30127),(43,25872),(48,21239),(49,22968),(51,26979),(52,5546),(55,26915),(56,26493),(57,3051),(58,219),(60,21551),(61,16436),(62,11593),(63,7927),(65,30959),(66,4077),(69,12267),(70,11363),(71,7939),(74,30653),(75,19671),(77,26921),(78,22527),(81,22345),(83,27189),(84,28201),(85,3752),(88,19312),(89,32627),(92,18488)]	244.593387
718	[(0,16955),(3,13394),(8,22877),(9,8222),(11,3559),(12,16464),(15,19798),(16,12239),(17,10256),(18,16355),(19,13865),(20,19527),(22,8932),(24,26308),(26,28607),(28,21480),(30,6356),(31,5288),(32,4743),(34,22024),(35,30903),(36,14181),(37,24318),(39,10181),(40,14598),(41,15646),(43,2066),(45,21956),(46,25326),(49,20906),(53,31966),(56,20446),(57,27729),(61,9537),(63,249),(64,24195),(66,31503),(67,15571),(68,30504),(70,9099),(72,12054),(73,2886),(74,2208),(77,4778),(79,11073),(81,30121),(83,22810),(84,30876),(87,23626),(89,24030),(90,25180)]	228.166272
719	[(0,11027),(1,32338),(3,18401),(11,4759),(13,6510),(16,26746),(18,20755),(19,22574),(21,18495),(22,30125),(24,27753),(25,229),(26,13706),(28,22032),(34,26331),(35,3106),(37,27069),(42,14593),(43,18637),(52,1171),(53,3046),(54,9014),(55,29272),(59,31871),(61,11466),(63,9921),(66,24884),(68,2726),(69,24832),(70,2349),(71,28853),(73,21738),(74,2251),(75,29931),(79,31205),(84,25497),(86,5820),(88,33521),(89,24884),(91,33280),(92,33910)]	209.963341
720	[(1,4210),(2,600),(5,7905),(6,10598),(7,20039),(8,4263),(9,9778),(10,5123),(12,11724),(13,30796),(14,28139),(15,16381),(16,445),(19,12327),(20,5588),(24,29584),(26,20582),(27,31377),(29,32791),(31,19065),(35,1015),(37,27127),(39,27806),(40,1725),(41,966),(43,3124),(44,25961),(46,33919),(47,29537),(48,28991),(56,3994),(58,8219),(59,7058),(61,23918),(62,24131),(63,23890),(74,17588),(75,15751),(77,32840),(79,22346),(80,18968),(81,25915),(84,6803),(85,15502),(86,6853),(88,4019),(89,20972),(92,28559)]	240.323575
721	[(0,15521),(2,25922),(7,17822),(8,13577),(13,13070),(15,17273),(17,14683),(20,30723),(21,30566),(22,26876),(24,21670),(28,15756),(29,14574),(30,7375),(31,4364),(32,27748),(34,5950),(40,7621),(41,5947),(43,29647),(47,28979),(49,6265),(52,23134),(55,1011),(56,29176),(57,15623),(60,29873),(62,15636),(66,14603),(67,30245),(68,16592),(72,18288),(74,28454),(78,16173),(81,14518),(82,28223),(84,13941),(86,13063),(87,24256),(90,28011),(91,18091)]	229.156904
722	[(1,13624),(2,8486),(3,24598),(9,7003),(11,1729),(13,27037),(14,27141),(15,31090),(16,25995),(19,6697),(20,33014),(22,26657),(23,2374),(24,20136),(28,33646),(32,6915),(33,14352),(36,26381),(37,8616),(38,32520),(41,32933),(42,6743),(46,6974),(48,9046),(49,8023),(51,15128),(55,29011),(57,19021),(60,2947),(62,18865),(63,24990),(65,13193),(67,19935),(68,29855),(71,2289),(75,11899),(77,33152),(78,27440),(79,19404),(82,19339),(83,31415),(85,31376),(86,6853),(87,4064),(88,6041),(89,32401),(90,10466),(92,1336)]	232.150301
723	[(0,19973),(2,15858),(3,26634),(5,29709),(8,26226),(9,3459),(11,7363),(13,7906),(14,28185),(15,20652),(16,31028),(17,26040),(18,33643),(21,25961),(22,16192),(24,7355),(27,28253),(31,21245),(32,31001),(33,18839),(34,20631),(37,20110),(39,24133),(44,14611),(50,32168),(52,11466),(53,14381),(55,25551),(56,8883),(60,8169),(62,32828),(63,5250),(64,13800),(65,18009),(66,13002),(68,19880),(70,23325),(71,28894),(74,33611),(75,23312),(80,32929),(82,1925),(84,4659),(85,3708),(86,8519),(87,33330),(88,4266),(91,31573)]	214.518353
724	[(0,15642),(1,28946),(3,10417),(5,29225),(6,27312),(7,17153),(8,6618),(10,28471),(14,17633),(15,26766),(18,11916),(19,29847),(20,12516),(21,24809),(22,28605),(24,25264),(26,28024),(28,32935),(30,1395),(32,15507),(33,19333),(34,15397),(35,27088),(36,18393),(37,27383),(39,18504),(42,942),(44,18368),(46,14055),(47,21141),(48,25089),(49,6599),(50,5692),(51,30985),(55,26077),(56,18624),(58,33413),(60,12729),(62,10288),(63,18203),(65,18644),(66,9703),(70,1247),(72,7686),(74,21692),(77,22479),(78,3895),(79,33317),(81,32603),(84,23151),(85,16044),(86,2289),(87,17273),(88,3630),(89,30212),(91,24841),(92,25358)]	223.481327
725	[(0,32641),(2,14507),(4,5295),(5,4332),(6,3100),(7,27117),(13,14786),(15,28861),(17,24795),(20,22710),(21,5409),(22,26932),(24,19600),(26,19852),(27,29169),(29,1252),(30,11011),(32,17094),(33,26558),(35,1714),(41,30520),(42,16291),(43,982),(44,30948),(45,13854),(48,26271),(53,2977),(54,6924),(55,7525),(56,1396),(58,3278),(59,9722),(61,20112),(62,27218),(63,16493),(64,12396),(66,14504),(67,25704),(68,19301),(71,21283),(73,7683),(77,16522),(78,29381),(80,14026),(81,29812),(83,14736),(84,16345),(86,20653),(87,11091),(89,3805),(91,23097),(92,32648)]	239.026185
726	[(0,28912),(1,21282),(2,19137),(4,30077),(7,28628),(9,6116),(10,6664),(18,30329),(24,30921),(25,12797),(26,6823),(29,12425),(30,19456),(31,21647),(32,27485),(33,12463),(36,14141),(39,22301),(40,26136),(42,4672),(44,16356),(48,11953),(49,18006),(51,15374),(53,17582),(56,30654),(57,9642),(58,18726),(59,31605),(61,25613),(69,24779),(71,25168),(72,17171),(73,28235),(75,24360),(79,31540),(80,22778),(81,17225),(82,32300),(84,21710),(87,32631),(88,28843),(90,7803),(91,14647)]	249.535161
727	[(0,24737),(2,30018),(7,14905),(8,26161),(11,18431),(13,14627),(20,7081),(22,22396),(25,18700),(26,6393),(27,7895),(28,30546),(29,9784),(31,31538),(32,10875),(33,3606),(36,21130),(38,8647),(39,12178),(40,29683),(44,18379),(46,16152),(48,27933),(49,33207),(50,32330),(51,8143),(54,514),(55,8528),(59,32687),(61,17041),(63,10155),(65,4889),(71,31886),(72,13690),(75,28437),(80,19320),(81,32720),(82,12799),(83,20786),(86,24454),(90,25733)]	245.071655
728	[(0,28100),(1,1912),(7,24157),(8,21947),(10,23085),(11,24138),(12,20802),(14,33756),(15,27717),(16,26924),(19,14738),(20,27462),(21,30141),(22,21219),(23,22267),(24,883),(26,28561),(28,27210),(29,31762),(30,28724),(31,11190),(33,1500),(36,21296),(37,23573),(38,33196),(40,18170),(41,26118),(42,3622),(44,19992),(45,30902),(46,11988),(48,13018),(49,11072),(51,1027),(52,10950),(53,5894),(58,20007),(59,5829),(60,28903),(64,9520),(65,18657),(66,14855),(67,16105),(68,19838),(70,5971),(73,18936),(75,31731),(76,25768),(77,33890),(79,1835),(81,18009),(82,13002),(84,12177),(85,25281),(87,20291),(88,18949),(90,22752),(91,3308)]	252.909070
729	[(0,8952),(1,32049),(2,104),(4,9258),(5,24473),(6,14382),(7,17886),(9,32071),(12,1348),(13,27712),(14,2158),(16,11337),(18,25564),(19,6901),(20,23881),(21,4640),(24,12972),(27,20055),(29,30203),(30,16504),(34,8571),(42,22282),(45,11226),(48,27933),(55,20900),(58,3630),(60,17286),(63,16133),(64,32154),(65,7917),(67,2910),(68,15461),(69,29900),(70,24461),(71,871),(72,1403),(73,28998),(76,24552),(78,17511),(79,25544),(80,2014),(84,7454),(86,12248),(91,4489),(92,9520)]	242.643137
730	[(0,19189),(4,18420),(5,665),(6,11972),(10,17677),(11,28047),(13,25172),(15,22595),(16,6464),(23,10093),(25,17087),(27,27343),(28,12864),(29,31933),(31,32736),(33,21676),(35,11773),(41,842),(43,30176),(44,10720),(46,28181),(47,15486),(48,33027),(50,32810),(51,17617),(55,21679),(56,8443),(58,7466),(59,3768),(61,10978),(62,33450),(63,1782),(64,30450),(66,15826),(68,23474),(69,19445),(71,8288),(73,31004),(74,1623),(76,15374),(78,9941),(81,3588),(84,18086),(85,24624),(87,15020),(88,25203)]	118.246706
731	[(0,7852),(2,21624),(3,11212),(6,15394),(7,19489),(8,21664),(10,20517),(13,6744),(14,2843),(17,23899),(19,8550),(20,386),(21,5288),(26,25201),(27,19760),(29,2306),(31,30230),(32,14539),(36,22352),(37,16683),(38,6683),(39,10460),(40,5820),(43,2193),(44,32521),(45,14005),(46,22352),(49,7914),(50,22082),(53,18287),(58,27872),(60,30654),(61,29402),(62,9317),(63,12544),(65,27217),(66,18275),(69,23993),(70,12280),(71,5405),(72,17531),(73,24981),(74,22347),(78,767),(79,26473),(81,18549),(82,23833),(83,15312),(84,13368),(90,28207),(92,21021)]	117.753239
732	[(1,26932),(3,17770),(7,33168),(9,29464),(11,9076),(13,24953),(15,2587),(16,8075),(17,14258),(19,4124),(26,7643),(27,15230),(28,17982),(29,1532),(31,2924),(34,23077),(35,19864),(36,25278),(38,11245),(39,12369),(41,7117),(42,18686),(43,18651),(44,23310),(48,2140),(49,29940),(50,20609),(51,10497),(52,11598),(53,21534),(55,21927),(56,30718),(59,3731),(60,15316),(74,24750),(76,10692),(79,15060),(81,11072),(82,1530),(84,9246),(86,4901),(87,4037),(88,30529),(89,13254)]	107.926800
733	[(0,26526),(1,23041),(2,5094),(4,25316),(6,20062),(10,14723),(12,8676),(13,18011),(15,33639),(20,14377),(24,11962),(25,1480),(26,22953),(28,6584),(30,5546),(33,10030),(35,10920),(36,13265),(38,32103),(39,26085),(41,13520),(43,33729),(44,13936),(46,4743),(49,1771),(56,20202),(58,12104),(59,22693),(61,30048),(64,28964),(65,14117),(68,13213),(71,26433),(72,2874),(73,19880),(75,24374),(76,29368),(81,18420),(82,665),(83,5593),(84,24518),(85,25328),(86,20345),(89,20420),(90,6081),(91,16505)]	132.292174
734	[(0,1129),(1,1679),(2,27979),(5,11720),(9,2290),(10,1933),(13,10859),(15,29010),(18,28530),(19,27055),(20,1982),(21,30221),(22,5580),(24,17453),(26,14787),(27,6866),(28,14193),(29,16684),(31,7005),(32,4207),(33,26736),(34,8191),(39,1601),(40,32095),(43,27446),(44,26545),(48,25194),(49,16177),(51,3769),(57,21543),(59,20296),(60,21625),(61,24374),(62,25676),(64,29129),(65,24437),(67,7277),(70,3536),(71,23092),(74,3505),(76,28723),(77,3923),(78,1304),(79,33461),(80,9443),(82,28454),(84,20666),(85,21958),(86,16511),(87,18364),(88,26432),(89,15104),(90,26189),(91,25698)]	114.042879
735	[(0,27718),(1,15118),(2,19814),(4,12448),(9,9640),(13,11109),(14,13995),(16,28226),(18,14617),(19,24844),(22,12727),(29,4894),(30,7979),(31,24196),(32,26211),(37,21749),(41,30726),(44,18769),(45,8886),(46,31695),(48,15471),(50,20468),(51,4877),(53,19985),(54,21374),(56,4541),(57,11258),(58,33909),(60,17500),(61,3729),(64,25055),(66,2120),(67,29236),(71,2504),(73,29588),(74,23879),(76,33587),(80,14430),(82,13583),(83,17213),(84,17591),(85,15505),(86,20898),(87,30792),(89,2244),(90,15595)]	109.636591
736	[(1,12494),(2,6111),(7,18498),(8,2921),(10,9275),(14,31705),(15,5401),(16,25072),(17,33566),(18,27518),(19,25469),(21,10848),(24,28942),(27,24768),(30,31028),(31,28912),(32,21282),(33,3324),(34,14123),(35,31991),(36,32921),(39,18574),(41,3752),(42,13203),(45,18199),(46,32238),(48,17367),(49,25609),(51,12419),(52,28211),(54,10025),(56,9064),(57,32273),(58,12872),(60,29129),(61,14267),(62,17461),(64,13271),(65,28887),(66,2200),(68,33077),(70,17408),(71,19892),(72,8116),(73,7107),(74,25137),(75,28583),(78,23447),(79,17106),(80,17229),(84,29156),(88,7626),(90,12442),(91,31361),(92,32852)]	106.436478
737	[(1,5029),(4,1511),(7,1809),(8,8077),(11,25686),(12,25867),(13,22110),(14,24855),(15,13930),(17,2317),(19,25701),(24,22931),(25,25259),(26,31490),(27,11400),(29,24224),(30,23437),(31,18737),(32,24957),(33,9390),(35,6359),(36,3636),(37,7843),(42,17327),(43,25762),(44,18757),(45,26323),(49,14875),(50,9995),(51,32205),(54,2653),(55,9877),(59,5538),(61,19113),(62,5332),(64,12678),(65,14554),(68,22652),(70,1510),(71,5410),(72,24933),(73,25428),(75,18018),(78,125),(79,24069),(80,3680),(89,33632),(90,29213)]	116.239149
738	[(1,1809),(2,8077),(3,4031),(6,33034),(9,27591),(10,13597),(14,28262),(16,12200),(18,29094),(21,15360),(24,27792),(26,3159),(28,13269),(30,9242),(31,19994),(32,15151),(36,22925),(38,2640),(39,7487),(40,545),(41,17403),(42,7623),(43,18615),(44,11469),(45,27746),(46,1987),(47,9722),(48,19127),(50,9683),(51,18168),(52,23342),(53,6448),(54,29416),(55,9016),(56,18036),(58,5361),(63,7453),(65,15798),(68,16409),(71,10728),(74,27985),(75,5799),(76,18985),(81,15672),(83,24569),(85,15759),(91,5662),(92,8140)]	114.748437
739	[(0,25320),(1,7787),(2,2178),(3,10156),(4,30723),(5,30566),(12,19400),(15,32173),(16,21117),(17,31001),(18,13153),(19,19827),(21,26076),(22,7882),(23,21311),(26,27377),(28,6900),(29,22781),(30,19058),(31,13974),(32,8458),(34,23093),(37,14411),(38,21847),(39,3171),(40,12123),(41,14435),(44,32316),(45,9775),(46,31208),(47,4508),(49,30486),(50,10251),(52,21887),(56,13593),(57,15113),(60,5777),(61,8379),(63,7356),(65,27901),(67,15158),(69,24786),(70,17478),(73,19155),(74,23493),(78,27445),(80,31353),(81,29983),(82,24238),(83,5699),(87,12408),(89,7973),(91,27764),(92,5466)]	117.307820
740	[(0,28165),(3,19632),(5,12900),(6,14095),(8,16359),(9,9872),(10,7733),(11,32601),(12,5374),(15,23670),(17,28683),(19,9393),(21,17261),(22,12565),(23,12597),(24,14157),(27,2318),(28,13687),(32,6030),(33,7300),(35,16175),(38,6746),(43,30586),(44,31652),(45,6556),(46,260),(47,11286),(48,6750),(49,17866),(51,9983),(52,907),(53,22398),(54,28130),(56,33765),(58,27101),(60,29490),(62,7245),(63,123),(67,25387),(69,14439),(70,13179),(76,18934),(80,31560),(81,20556),(85,22198),(86,18296),(87,20562),(91,2776)]	113.788256
741	[(0,3767),(2,28140),(3,12892),(6,21684),(8,28409),(9,24958),(12,3263),(13,17448),(16,19171),(18,21424),(19,2879),(20,1318),(33,3851),(35,30661),(37,28336),(39,14026),(40,27903),(47,2716),(48,9994),(51,8202),(52,25657),(53,9029),(54,27047),(56,13340),(57,23089),(60,31030),(64,9959),(68,24155),(69,16290),(72,10859),(73,13018),(75,24811),(80,33083),(82,30033),(86,29206),(87,8315),(88,3562),(90,27211)]	109.361473
742	[(3,8894),(11,1338),(12,9177),(13,9476),(14,14261),(15,5556),(16,24599),(18,16382),(22,9995),(24,23421),(28,18811),(30,28370),(32,8381),(38,31400),(39,6068),(41,27393),(42,17868),(43,19300),(45,15591),(46,28413),(48,4942),(49,3223),(50,6541),(52,31386),(55,15370),(57,5465),(59,26481),(60,1872),(62,19722),(70,16926),(71,175),(72,2988),(73,33031),(74,19924),(76,27110),(77,4243),(79,25512),(80,25036),(81,1887),(83,3094),(86,16863),(89,4069),(91,3133)]	127.241236
743	[(0,31865),(1,9737),(6,29535),(7,3539),(8,14837),(10,16161),(12,12448),(13,9489),(14,10176),(15,17209),(16,1546),(17,10810),(18,33392),(21,426),(23,19955),(24,12638),(25,32455),(26,17658),(31,11555),(36,23975),(38,1413),(39,10434),(40,22221),(42,30897),(44,19302),(45,25541),(47,9404),(48,32618),(51,7110),(54,8308),(55,29431),(58,25521),(59,22990),(60,8024),(62,22226),(63,5091),(66,25572),(67,13805),(75,17192),(77,19265),(78,13755),(79,32405),(82,10684),(84,6039),(88,13978),(89,6550),(90,29039),(91,29119)]	120.704718
744	[(0,31648),(1,2938),(2,20590),(4,25798),(5,26766),(8,32842),(11,7901),(12,16311),(13,15333),(14,29576),(15,1198),(16,14343),(22,25284),(23,12533),(24,10065),(26,2219),(28,10377),(29,24160),(32,7289),(36,17291),(37,24449),(39,1585),(40,910),(41,21619),(42,15553),(48,670),(49,17316),(51,29881),(52,2241),(53,13100),(54,5821),(57,27114),(59,16339),(61,6281),(64,7456),(65,15358),(66,20772),(67,2509),(72,2046),(73,7333),(74,9844),(78,5089),(79,5866),(81,12080),(82,25474),(85,32105),(87,11142),(88,1387),(90,17690)]	113.325141
745	[(1,26649),(2,30546),(3,9784),(5,5984),(6,3165),(7,17247),(12,5795),(15,19942),(17,32314),(18,20381),(24,32075),(28,31041),(29,5881),(31,27604),(32,28661),(35,3269),(41,29531),(42,21260),(45,33300),(46,30029),(49,25298),(55,13235),(56,12760),(60,9857),(61,33734),(64,18961),(65,26554),(69,28561),(71,2290),(72,26732),(73,4831),(75,14239),(76,20728),(77,27199),(78,6651),(80,2565),(83,1840),(85,9838),(87,29154),(91,22329)]	108.488472
746	[(2,13595),(3,25666),(5,8517),(6,22897),(7,3836),(8,30596),(9,12116),(10,27551),(11,13337),(12,28526),(14,31525),(16,32479),(18,29160),(20,9029),(21,27047),(22,14956),(23,8461),(25,11128),(26,15316),(27,18481),(28,26465),(29,13835),(33,31203),(34,21263),(39,10285),(41,9334),(42,31153),(44,29690),(45,33029),(46,930),(47,17603),(49,23188),(50,6455),(52,4574),(54,5116),(55,4129),(57,17846),(58,17023),(59,19585),(60,17898),(62,7319),(64,30594),(67,17260),(69,21501),(71,7360),(73,27753),(74,1339),(76,2358),(80,13476),(82,1116),(83,28353),(84,25436),(86,17612),(87,13712),(88,19816),(89,33405),(91,17567),(92,11643)]	108.770378
747	[(1,25451),(2,21056),(3,9064),(4,23797),(5,25514),(8,23790),(9,24644),(11,18020),(12,81),(17,29165),(19,6315),(21,16844),(23,11264),(24,19466),(27,21758),(28,1881),(29,21314),(30,30050),(31,8831),(32,7125),(36,12708),(38,17731),(42,32409),(44,2015),(45,7772),(48,26739),(49,5571),(51,5084),(52,19978),(54,6121),(57,8233),(60,10145),(61,9372),(64,31863),(68,4719),(70,26252),(71,32346),(72,16655),(73,249),(74,24195),(77,16541),(78,9600),(80,23734),(82,1943),(84,18638),(85,22015),(86,16121),(87,9711),(88,4481),(89,21382),(90,21764)]	111.923379
748	[(1,13928),(5,19277),(6,3710),(9,25884),(13,18176),(17,29419),(19,4371),(20,29748),(21,30825),(22,26723),(23,28898),(24,1045),(25,28771),(27,27862),(29,1072),(31,10277),(33,4614),(34,32081),(36,7492),(38,33467),(39,25952),(40,3866),(47,9116),(48,28036),(49,33581),(50,424),(52,30232),(53,9295),(55,33881),(56,29954),(57,640),(58,26829),(59,25272),(62,4461),(64,13761),(66,31071),(67,22081),(69,15294),(70,18367),(71,30844),(72,7265),(74,30445),(75,5239),(77,18944),(80,4784),(82,16870),(84,11301),(86,10969),(87,13757),(88,9406),(89,8641),(90,17253),(91,792),(92,27421)]	107.889767
749	[(1,1511),(3,25104),(4,23251),(5,23279),(7,9764),(11,10463),(12,15092),(13,32656),(14,13075),(17,6041),(18,9702),(19,11983),(20,24154),(21,24082),(22,26151),(23,26730),(24,24428),(26,9927),(27,12921),(29,2547),(30,16028),(33,17512),(34,1172),(36,23049),(37,16977),(38,1454),(39,7128),(40,22514),(41,12455),(42,33419),(44,2873),(46,23067),(49,22338),(55,27169),(57,4129),(59,25737),(61,21320),(63,15773),(64,11398),(69,19311),(71,16652),(73,21399),(77,17358),(80,1807),(81,24282),(83,24071),(86,13909),(88,21637),(89,8563),(90,22004),(91,5833)]	106.165808
750	[(1,31772),(2,25373),(3,24591),(5,6653),(6,5573),(8,24791),(10,3247),(13,17165),(16,8525),(17,784),(19,22027),(21,12313),(23,28031),(24,22524),(25,9257),(26,33109),(27,13482),(30,11447),(35,29694),(37,12969),(38,20530),(41,5749),(42,7010),(46,21804),(48,28208),(49,4074),(50,22036),(54,16295),(55,31706),(57,24114),(58,18927),(59,1379),(60,26195),(62,11189),(63,894),(64,19421),(65,24438),(66,22375),(75,5342),(81,16209),(82,30567),(84,18616),(87,13816),(88,26837),(89,2060),(91,18004),(92,16490)]	105.028175
751	[(0,14026),(3,4979),(4,7214),(6,7601),(9,9278),(10,12957),(11,10479),(12,8412),(15,7088),(16,705),(17,2929),(19,26333),(21,27855),(23,23037),(27,19074),(29,7690),(30,14776),(32,12462),(33,7599),(36,24399),(38,29903),(40,28217),(42,25730),(43,19968),(45,33571),(48,28138),(49,17795),(50,22437),(52,21427),(54,6576),(55,21660),(60,22204),(61,2602),(63,33111),(66,2751),(68,15988),(69,19769),(70,7756),(73,13999),(76,15330),(77,11977),(78,8314),(80,639),(82,21158),(83,26382),(84,12078),(87,28835),(89,16913),(90,8683),(92,17285)]	126.625116
752	[(1,9929),(3,1464),(5,10),(8,20423),(10,20939),(11,33846),(12,1731),(14,17847),(15,26000),(17,19026),(18,27805),(20,27819),(22,17498),(23,10736),(27,13484),(34,15034),(36,22596),(37,22341),(39,27019),(40,28223),(41,5161),(43,7634),(45,22544),(48,32524),(49,21553),(50,20021),(53,20202),(55,1747),(56,7203),(59,16870),(60,26689),(61,29657),(62,2940),(64,21169),(67,15565),(71,24039),(76,28382),(80,31752),(81,33752),(82,1633),(83,7093),(86,21790),(87,31009),(89,24724),(92,28217)]	112.266887
753	[(2,11304),(3,27053),(4,7258),(7,20866),(8,33211),(9,28508),(10,11658),(12,32721),(13,4372),(15,21763),(17,23069),(20,6550),(23,13610),(26,1105),(27,14995),(30,15348),(32,9206),(33,5407),(35,11011),(37,17094),(38,16914),(39,15116),(41,2021),(42,17157),(43,15043),(44,16227),(45,29754),(46,17626),(53,33622),(54,24060),(56,13479),(57,22649),(58,21554),(59,12160),(60,8413),(62,1099),(64,33521),(65,15391),(67,14236),(68,1062),(69,20731),(70,30006),(71,193),(72,961),(74,3241),(77,16547),(80,29051),(81,19526),(83,10297),(84,21732),(85,25879),(90,15631),(92,33413)]	104.970874
754	[(1,7952),(3,1925),(4,23613),(5,4572),(6,16883),(9,11340),(10,29181),(14,15898),(18,29217),(21,21250),(22,12945),(25,24705),(28,5988),(29,32631),(30,24697),(31,23464),(32,23164),(33,19438),(36,22244),(39,25136),(47,3055),(48,22239),(51,23212),(52,21834),(54,4362),(55,21981),(56,23589),(57,18253),(59,31400),(60,21418),(61,25569),(63,20470),(68,19138),(69,29802),(70,5258),(71,15111),(72,10986),(73,30682),(74,17268),(77,4006),(79,20519),(82,1610),(83,30607),(85,13794),(86,25572),(88,1443),(89,18759),(92,32771)]	103.789147
755	[(0,30408),(1,30376),(3,2457),(5,7632),(7,21878),(8,28458),(11,12912),(12,21893),(15,25688),(17,31553),(19,9102),(22,4317),(23,32660),(24,33515),(27,33252),(28,3240),(29,16753),(32,16289),(34,12796),(35,16055),(36,21018),(37,8542),(38,7048),(40,5121),(43,26589),(44,7747),(45,17784),(46,32058),(47,22438),(50,26063),(56,21914),(58,32874),(59,22190),(61,24212),(62,11853),(63,33589),(64,30834),(65,24471),(66,2584),(69,9744),(70,7588),(72,29674),(74,4931),(76,31161),(79,23885),(81,5589),(83,14288),(84,18229),(85,3414),(86,12771),(88,24096),(91,624)]	109.571870
756	[(1,4387),(5,12408),(6,9226),(7,19535),(8,18850),(9,26338),(10,3646),(12,28665),(14,21476),(18,4021),(20,30759),(22,18169),(23,8520),(27,16176),(28,8538),(32,26865),(33,14605),(35,17120),(36,33549),(41,26241),(42,23680),(43,17362),(45,14212),(48,12041),(49,18549),(50,23833),(51,15312),(52,33798),(53,32797),(54,19611),(56,9798),(59,1611),(61,31218),(62,32758),(64,24173),(67,22722),(70,18076),(72,17253),(73,9012),(74,15881),(77,9059),(78,25384),(79,30673),(80,1049),(81,17802),(83,19922),(87,17608),(88,8530),(89,18557),(90,23430),(92,3271)]	107.189332
757	[(1,29164),(3,5072),(6,26232),(7,8009),(8,2228),(9,10429),(10,9552),(11,33224),(12,21589),(13,1091),(15,8039),(16,27781),(18,6753),(23,27218),(26,12812),(27,27698),(29,5100),(30,3839),(40,23380),(41,10071),(45,24291),(47,8169),(49,20468),(51,32659),(53,15670),(55,16),(58,7553),(60,6069),(61,19604),(62,13871),(64,30572),(65,14644),(66,10735),(69,19449),(71,15665),(75,22003),(77,25481),(79,6973),(81,19285),(82,4853),(83,7280),(85,15965),(89,28621),(90,33590),(91,7159)]	110.384882
758	[(0,27839),(1,18104),(4,8905),(6,30105),(8,23828),(10,11691),(11,11840),(13,26947),(14,33465),(17,3404),(18,32612),(19,15084),(21,25091),(22,22236),(23,26617),(24,16026),(25,2645),(26,1147),(27,23694),(28,26563),(29,22703),(30,1472),(32,18494),(34,17894),(35,11391),(38,23228),(40,8736),(42,1794),(43,27195),(45,10853),(46,13770),(49,3138),(51,22404),(52,5649),(54,31662),(57,12592),(58,7576),(60,19936),(64,15526),(65,15402),(66,17427),(69,17316),(71,2773),(72,23245),(76,1098),(77,33856),(78,11243),(79,22471),(81,31445),(82,19705),(83,22514),(86,6373),(90,5885)]	104.670953
759	[(0,8328),(2,18236),(5,18923),(6,10385),(8,21865),(11,2844),(12,5908),(13,10009),(14,25437),(15,5129),(16,21959),(17,8162),(21,4892),(22,25367),(28,9143),(34,4855),(36,7217),(37,30925),(38,22646),(42,5997),(43,2366),(45,31419),(46,17087),(47,28425),(49,32611),(51,18371),(54,19349),(55,28255),(56,11466),(59,18982),(60,3387),(61,4457),(62,32311),(64,17262),(65,29803),(66,3316),(69,12731),(71,24398),(73,1051),(74,20011),(76,30560),(77,924),(79,14512),(83,29728),(90,12674),(91,17847)]	103.658495
760	[(1,15663),(2,8608),(3,20182),(5,1116),(6,28353),(7,14327),(10,6095),(11,5505),(13,7722),(14,32661),(15,15145),(16,33759),(20,33093),(21,30837),(23,31357),(27,18654),(28,6299),(29,32622),(32,6150),(36,16165),(37,14849),(38,14267),(39,17461),(42,6916),(43,7172),(44,23659),(45,32702),(48,13075),(55,3151),(56,68),(59,27550),(61,26769),(62,18741),(63,7996),(67,22538),(69,16529),(73,29013),(74,26505),(77,16362),(78,32991),(79,33584),(81,11858),(82,19302),(83,18933),(86,14209),(88,5195),(90,26832)]	103.375088
761	[(1,18789),(2,23835),(3,22980),(4,16374),(6,9787),(7,2825),(9,3021),(14,3710),(18,2934),(21,32004),(22,12417),(24,11201),(25,19135),(26,31819),(28,1707),(29,32360),(31,23358),(33,11236),(36,7142),(38,3802),(39,1474),(42,29149),(43,11919),(44,2853),(45,8033),(46,11973),(49,29276),(50,14627),(54,6421),(56,20038),(58,26712),(59,25685),(60,28840),(63,8995),(65,29996),(66,30883),(67,2756),(68,20751),(72,8805),(74,10541),(75,31625),(77,33407),(78,16857),(79,29148),(80,15960),(83,24083),(84,16830),(86,31496),(87,4964),(89,3766),(91,3813),(92,21921)]	135.210377
762	[(0,7522),(1,21421),(3,16415),(6,13455),(9,31962),(10,29270),(11,16437),(12,5582),(13,19785),(15,17414),(16,4273),(18,7725),(19,32996),(20,32753),(21,27398),(22,2639),(25,7248),(26,14546),(27,28860),(32,16844),(33,15282),(34,5690),(37,29241),(38,11881),(41,26381),(42,12152),(43,28229),(49,24346),(51,2466),(52,15264),(53,27653),(54,33658),(55,18124),(56,3609),(57,18725),(59,33386),(60,4803),(61,32901),(62,30362),(69,29901),(72,2370),(74,10973),(75,9605),(80,25633),(82,32321),(83,1968),(84,5144),(85,11124),(90,6341)]	107.456044
763	[(0,18772),(1,1496),(9,30943),(10,32916),(11,3534),(12,8847),(14,26997),(18,25490),(20,787),(21,25289),(26,29167),(28,9207),(29,22409),(32,13103),(33,11833),(34,29579),(36,19960),(37,4055),(40,10397),(41,28051),(43,11917),(44,7592),(45,28347),(46,23058),(49,24552),(50,26254),(52,27413),(53,21891),(56,33910),(57,5952),(59,18301),(61,214),(62,9224),(64,19200),(66,14954),(72,24187),(73,9627),(81,16252),(84,31017),(90,28669),(92,33582)]	106.077967
764	[(2,2186),(4,16462),(7,10449),(10,11788),(11,3453),(12,6799),(14,25979),(19,16869),(20,4028),(22,30919),(23,20798),(24,8727),(27,729),(29,28461),(30,29784),(31,4894),(32,13303),(33,16074),(36,2422),(38,7584),(39,5401),(40,4731),(41,21624),(42,30965),(43,21116),(45,8869),(46,19895),(53,29418),(55,11549),(56,11397),(57,22650),(58,24880),(64,2908),(68,13280),(71,24529),(72,2220),(76,25109),(78,15504),(80,19683),(82,26322),(83,22728),(85,33566),(86,9471),(90,19582),(91,2390)]	107.309531
765	[(0,9510),(1,22633),(2,26068),(4,4020),(12,31532),(14,5467),(16,25616),(18,33538),(19,7840),(20,28550),(21,12425),(22,19456),(23,21647),(25,25578),(28,2818),(29,31203),(30,8096),(31,21566),(35,25221),(36,12528),(37,21058),(38,18965),(39,4737),(41,6363),(42,948),(43,32899),(44,10454),(50,25366),(51,4208),(52,28021),(54,33766),(55,27923),(56,9605),(61,6921),(62,2268),(64,9806),(66,27019),(68,7665),(69,33778),(72,30310),(73,30669),(74,32351),(76,20512),(78,1109),(79,26420),(84,10633),(85,16877),(87,19071),(88,21345),(89,11432),(91,17932),(92,28591)]	113.408298
766	[(2,24813),(3,24879),(4,15899),(5,24384),(8,79),(9,120),(10,7430),(11,33599),(14,24516),(20,3394),(21,22766),(23,17117),(26,7077),(27,295),(31,1833),(32,23668),(33,33191),(34,8460),(40,622),(41,14351),(42,19592),(47,29322),(48,15656),(49,1830),(50,18113),(52,24491),(54,12773),(57,31479),(58,19675),(62,3426),(65,8276),(68,18672),(71,28995),(72,9011),(74,24579),(75,14530),(78,29481),(79,22954),(80,18077),(83,9980),(84,24748),(86,13254),(88,29798)]	110.554366
767	[(2,31070),(5,9808),(11,15808),(13,2357),(14,33329),(15,23006),(18,17003),(19,27087),(20,7968),(21,26049),(23,5773),(25,13224),(28,20541),(30,5398),(31,21010),(32,3122),(35,23726),(36,8009),(37,23578),(39,10987),(40,17379),(46,1449),(47,316),(48,27095),(49,12575),(51,22833),(53,24979),(54,18942),(59,12772),(60,6490),(61,21580),(62,23351),(63,27352),(65,30281),(66,13350),(67,14686),(68,31509),(70,10155),(74,14724),(77,9513),(80,6508),(81,31031),(84,1523),(85,9234),(86,22300),(88,29897),(89,16934),(90,17586),(91,28273)]	107.597602
768	[(0,26619),(2,8200),(5,10078),(6,12370),(10,29893),(11,11309),(13,25689),(14,22740),(18,22834),(19,19714),(20,26230),(22,16109),(23,1974),(25,3782),(26,7018),(27,13852),(29,8818),(32,25210),(34,18930),(35,14014),(37,22896),(38,2461),(40,15255),(45,12725),(47,22713),(48,6421),(49,22783),(50,1200),(53,31860),(54,32120),(56,8055),(57,5238),(58,11016),(60,8485),(61,20157),(63,3157),(64,24634),(65,16108),(68,17428),(71,9624),(73,21885),(74,9928),(75,4382),(76,17564),(77,32899),(78,15612),(79,19778),(80,17996),(82,11815),(83,10984),(84,11503),(85,10531),(87,4333),(92,20240)]	98.416720
769	[(3,5135),(6,30350),(8,26745),(9,1781),(13,12337),(15,7704),(16,29015),(17,14156),(18,10639),(19,13850),(21,27124),(23,20601),(27,33757),(28,30337),(32,33772),(33,3885),(34,22275),(38,29956),(39,1575),(42,24429),(43,22769),(44,16831),(45,12781),(46,28841),(52,32837),(53,2914),(55,18896),(56,20105),(59,5531),(61,11082),(62,17712),(65,7627),(66,4261),(67,3443),(68,11096),(69,12817),(71,10874),(73,106),(75,2525),(80,96),(82,27617),(83,61),(84,23360),(85,32788),(87,27228),(91,7117),(92,18686)]	100.620714
770	[(1,7247),(3,1729),(6,6875),(9,33222),(14,18297),(15,33065),(19,528),(20,8764),(28,1991),(31,21055),(32,20485),(35,11657),(39,4616),(41,12392),(49,2735),(50,14803),(51,30855),(52,31241),(53,30483),(54,23883),(57,5317),(59,24990),(60,22934),(62,16870),(64,11301),(66,14132),(67,26783),(68,27267),(69,16261),(70,3631),(75,6056),(76,32066),(77,25279),(80,5900),(82,29959),(83,13740),(87,32500),(89,22162)]	136.080323
771	[(1,11974),(2,27205),(3,8142),(6,32984),(7,6412),(10,9273),(12,21614),(13,11708),(14,14845),(15,1111),(16,33798),(20,19169),(21,398),(24,3641),(29,17568),(30,3641),(32,7509),(35,17596),(36,4920),(37,31175),(38,32734),(39,5415),(43,32615),(45,29587),(47,30062),(48,15954),(50,4009),(51,7547),(52,11941),(53,17417),(54,18456),(55,9943),(57,15870),(58,22363),(59,25756),(60,4917),(62,8617),(65,18720),(71,17579),(72,5473),(73,31308),(74,30865),(76,10694),(77,21823),(78,7185),(79,17465),(81,29274),(82,30470),(86,18313),(89,26739),(90,21302),(92,33729)]	112.359341
772	[(0,9954),(1,27356),(2,4187),(3,26247),(4,28395),(6,23765),(7,33718),(8,12007),(10,27357),(13,29328),(15,18136),(16,9990),(17,29146),(18,12960),(22,28651),(24,13453),(25,20527),(26,2006),(29,4904),(30,12907),(32,12284),(35,3986),(36,26124),(37,30413),(38,2705),(39,4403),(40,30063),(44,1592),(45,16478),(47,1278),(49,261),(50,11756),(51,2593),(52,15006),(55,24596),(57,4244),(59,29537),(61,33704),(62,22194),(63,2666),(65,17462),(69,19290),(70,33744),(71,24893),(72,23531),(73,20721),(74,23703),(75,17090),(77,23320),(78,12253),(79,24540),(81,23053),(83,31091),(85,21493),(86,2915),(87,14446),(88,5660),(89,9591),(90,7059)]	115.292034
773	[(2,4525),(4,30333),(5,4354),(7,14150),(8,19482),(10,185),(11,8435),(13,27576),(14,13329),(15,28833),(16,17836),(18,18245),(19,31640),(20,3052),(21,21718),(22,21211),(25,9419),(26,21258),(30,9142),(33,22725),(37,30432),(38,13040),(39,26488),(40,18679),(42,604),(43,31297),(45,31608),(46,31651),(48,29506),(55,32768),(57,32878),(59,1381),(60,12802),(62,18531),(63,9809),(65,32965),(66,21482),(67,19130),(70,27294),(80,8098),(81,12051),(85,15181),(87,20650),(88,13325),(90,20887),(91,16144),(92,19750)]	106.463196
774	[(2,9323),(6,9103),(8,19219),(10,28318),(11,10284),(12,18983),(13,28767),(15,24872),(16,30271),(17,30447),(18,24547),(19,6124),(24,13334),(25,15414),(27,23113),(28,30121),(29,27030),(30,10540),(31,31213),(32,15967),(33,16073),(36,8224),(37,8883),(38,11373),(40,32655),(41,19537),(42,6052),(44,6485),(48,25884),(49,22414),(50,3276),(52,20555),(56,29183),(58,10524),(59,21791),(60,33422),(61,25889),(69,2027),(70,18698),(71,9076),(73,5234),(76,15000),(77,17846),(78,17023),(83,2569),(84,7067),(90,6355)]	109.826810
775	[(1,15029),(3,25827),(7,21341),(8,30268),(10,24567),(13,33371),(16,20279),(18,6228),(19,15855),(23,29224),(24,5368),(25,33897),(29,14213),(33,5587),(34,18168),(37,6664),(38,22486),(39,9174),(40,788),(42,17375),(43,9122),(49,32254),(51,7116),(52,6308),(55,27567),(58,10764),(59,15958),(61,2927),(62,22495),(65,12604),(67,19132),(69,11118),(70,19990),(76,25688),(79,5235),(83,8297),(87,9498),(88,2085),(89,8805),(90,26369),(92,19278)]	111.418643
776	[(1,20046),(3,8422),(4,30539),(5,32170),(6,16460),(7,22192),(8,2973),(10,15742),(11,1307),(13,21258),(16,15494),(20,25300),(23,6762),(25,7046),(30,12078),(33,11881),(39,5860),(40,28425),(44,24891),(45,30937),(47,21831),(49,27070),(54,7030),(59,2858),(60,1210),(61,10807),(63,5561),(64,23762),(67,28479),(68,18100),(69,2356),(70,28183),(72,20169),(73,20080),(75,8454),(76,31275),(77,11471),(79,15985),(80,5991),(81,25850),(83,19178),(84,3270),(86,15507),(87,6174),(88,3026),(89,26565),(90,10926),(91,32666),(92,4468)]	109.331046
777	[(0,22124),(2,16009),(3,7973),(5,23980),(6,4164),(7,25277),(10,9569),(13,15142),(14,32681),(17,14457),(21,16615),(25,23706),(26,12551),(28,8186),(31,27891),(33,13118),(34,29014),(37,7280),(39,13259),(40,10769),(41,6807),(42,13588),(44,7132),(45,15722),(50,31903),(54,5447),(56,30357),(58,758),(59,13172),(61,3406),(66,16449),(67,17034),(68,27661),(75,33090),(76,33042),(78,32478),(79,19913),(81,26097),(85,1869),(88,24343),(89,21107),(90,9065)]	102.225698
778	[(7,28974),(8,3552),(9,18199),(13,28208),(15,32815),(16,23585),(19,198),(20,31856),(21,7992),(22,19842),(25,11110),(28,33363),(30,24365),(32,10627),(34,14593),(35,18637),(37,7085),(39,5188),(40,10679),(41,10977),(45,22488),(47,18447),(48,12163),(50,31707),(51,9040),(53,612),(55,12092),(56,31182),(57,9930),(59,13916),(60,33633),(63,5209),(66,17485),(69,5220),(70,10998),(72,28186),(73,26928),(74,9168),(80,25010),(82,30696),(83,12557),(88,16899),(89,8578),(91,10871),(92,4793)]	105.041040
779	[(1,19277),(3,26080),(4,18740),(6,3455),(8,7982),(10,9080),(11,17812),(13,29364),(14,31506),(15,17805),(18,23579),(19,7295),(21,16255),(22,30815),(27,7289),(30,3107),(31,14260),(32,33405),(36,14072),(37,28644),(38,1528),(41,16518),(44,32849),(45,12099),(47,14884),(49,8902),(50,7586),(51,6720),(52,33906),(53,15853),(54,6844),(59,15288),(62,27780),(63,4182),(64,20674),(66,17222),(68,23105),(69,6744),(71,13542),(72,6596),(74,20531),(78,26914),(79,6825),(82,21249),(83,20799),(84,20360),(85,11622),(88,33370),(90,21667),(91,23973)]	106.882447
780	[(0,785),(1,18783),(2,17834),(5,27337),(8,32611),(9,31757),(11,24590),(13,33656),(14,28378),(15,31730),(18,3527),(19,30752),(20,19707),(21,8747),(22,9939),(23,32724),(24,30639),(26,24462),(30,13640),(31,24612),(34,20277),(35,31188),(37,13239),(38,4200),(40,15177),(41,21534),(42,250),(44,18934),(46,7316),(47,32646),(52,12361),(54,31223),(56,22940),(58,20893),(59,9610),(60,5691),(64,25991),(65,7750),(66,8739),(68,10081),(71,13601),(73,9066),(74,15930),(76,18890),(78,11362),(82,8848),(84,27855),(87,12982),(88,3922)]	127.392934
781	[(0,25491),(1,19213),(3,20497),(4,28136),(5,30593),(7,10445),(8,6185),(10,13715),(11,2312),(14,22091),(22,504),(23,28462),(24,30240),(30,25457),(40,22290),(41,32315),(43,1920),(44,15127),(47,1658),(48,10711),(49,20865),(51,26743),(52,1001),(53,11383),(55,11720),(59,17000),(60,26911),(65,6843),(67,21802),(69,8101),(70,75),(71,26694),(77,987),(79,5975),(80,32494),(83,16681),(87,8262),(88,33074)]	105.070318
782	[(0,14312),(1,7664),(3,2499),(4,26538),(7,6107),(10,29100),(11,33784),(12,23630),(15,9543),(16,170),(19,12780),(22,18287),(23,24122),(24,33019),(26,7849),(27,31282),(30,8315),(31,31364),(32,5256),(34,4340),(35,11137),(36,31969),(37,29238),(38,7647),(40,18705),(42,19872),(43,16670),(49,10958),(50,20183),(54,2269),(55,10821),(56,33686),(57,256),(58,24959),(59,22505),(62,25594),(64,21633),(65,8119),(66,7712),(69,19238),(71,30966),(73,32075),(76,6994),(78,21655),(79,23208),(80,3456),(81,6342),(86,11102),(89,9053),(91,22051)]	118.398178
783	[(2,22852),(3,2358),(5,23776),(6,24365),(8,15976),(12,15704),(17,802),(18,11085),(19,5081),(21,25015),(24,4612),(25,8255),(26,12121),(27,13151),(28,7036),(29,19869),(31,8034),(32,6077),(33,15071),(34,11198),(36,25321),(39,19199),(40,22470),(49,3062),(50,3652),(52,21163),(55,32849),(58,6666),(60,16015),(61,19497),(62,26129),(65,15381),(66,7009),(67,15537),(71,14449),(73,26592),(75,29011),(77,3954),(78,19720),(82,6554),(83,30503),(84,4815),(85,30825),(89,20866),(90,33211),(92,11128)]	104.596353
784	[(0,33373),(6,12629),(8,8463),(10,10914),(11,26524),(15,2909),(16,24745),(17,32500),(22,28158),(23,20059),(26,15469),(31,23708),(32,17326),(33,31590),(34,3818),(37,9266),(39,16550),(41,4874),(42,9870),(44,18261),(45,11193),(46,25598),(47,32107),(48,5965),(49,29428),(50,7632),(51,5925),(52,26956),(54,12804),(56,3658),(57,14384),(60,31421),(61,4922),(62,24018),(63,21334),(67,13707),(72,28083),(74,8141),(75,32166),(76,21144),(78,23429),(83,19586),(85,29667),(87,3216),(88,7313),(90,13815),(91,6407)]	113.218021
785	[(1,21636),(2,24691),(4,6619),(6,28224),(7,32656),(8,2550),(10,2590),(11,27787),(14,24872),(19,12522),(23,18155),(25,26964),(26,20490),(28,14025),(30,7546),(31,27080),(33,5206),(35,4920),(36,24025),(38,15886),(41,9048),(42,17624),(45,32703),(46,20469),(47,5806),(48,7282),(49,19053),(50,29297),(51,12617),(52,18073),(54,23053),(55,5601),(60,16164),(61,14269),(62,14223),(63,31312),(64,7575),(65,33243),(67,19650),(68,31740),(71,19159),(73,24731),(77,3222),(79,27471),(80,11592),(83,14597),(86,14193),(87,15192),(88,27000),(91,19683),(92,25106)]	113.726283
786	[(3,22383),(4,29709),(6,9296),(7,8254),(10,23560),(14,12635),(15,29542),(16,30497),(19,25600),(27,25254),(28,30278),(29,20333),(32,31356),(33,5390),(36,4712),(37,27504),(38,26302),(39,8009),(48,14800),(49,1601),(50,32095),(53,12761),(54,675),(57,29563),(58,28428),(59,6135),(62,24250),(63,14317),(65,25312),(72,31306),(73,10429),(74,26699),(75,10661),(76,27036),(77,14768),(79,13587),(81,16325),(82,645),(83,23110),(87,7877),(89,15732),(90,24315),(91,3600),(92,16748)]	106.381284
787	[(4,4726),(5,6957),(6,25140),(8,19177),(9,25553),(10,19753),(13,4551),(14,9438),(17,32461),(19,20382),(20,16130),(21,20103),(23,12796),(26,5389),(28,29784),(29,20308),(30,19956),(31,31410),(32,12362),(38,18281),(39,6638),(40,19193),(41,27025),(43,14182),(44,10482),(45,33406),(47,32000),(49,33622),(50,24060),(51,9266),(52,8238),(53,28438),(54,13001),(55,3055),(56,22239),(60,4002),(67,23078),(71,25908),(74,26923),(77,33346),(79,25275),(80,25780),(81,27000),(82,29130),(83,23520),(84,997),(86,30970),(88,28017),(89,33155),(92,1787)]	104.359358
788	[(1,22892),(2,8924),(4,7324),(6,8957),(8,12089),(10,10478),(11,33048),(12,25903),(13,1401),(14,30348),(15,14796),(18,31913),(19,19944),(21,9304),(22,7393),(27,24223),(28,33162),(29,23163),(31,5576),(34,26678),(36,15007),(39,1983),(42,24010),(43,31706),(46,14108),(47,10269),(48,3743),(49,27348),(50,31654),(51,22899),(53,3615),(55,32856),(56,3297),(58,6519),(59,14930),(61,32525),(65,22136),(67,266),(68,18447),(70,30901),(71,2096),(73,19696),(74,29281),(76,21649),(77,13235),(78,12760),(79,19240),(81,28658),(83,29594),(84,6307),(86,4556),(88,21389),(89,14614),(91,3285),(92,3285)]	105.466405
789	[(1,26023),(3,7315),(4,4240),(6,7334),(7,21226),(10,2988),(11,33031),(12,23825),(13,2409),(14,28673),(15,5781),(18,313),(24,4129),(26,2965),(29,16150),(32,26370),(35,1150),(36,12465),(38,10689),(39,6899),(40,29122),(42,30494),(43,15244),(44,19925),(45,14766),(46,14890),(55,16180),(56,23613),(57,4572),(58,25918),(60,7963),(62,30420),(63,25621),(68,6654),(71,27149),(72,31644),(73,7703),(74,8074),(76,8780),(78,7829),(79,14277),(82,12915),(84,4638),(85,6859),(87,26063),(90,4110)]	139.940430
790	[(1,21328),(3,7780),(4,16868),(9,2117),(10,1943),(12,21952),(16,2454),(17,2180),(18,14128),(20,1765),(22,20367),(23,13911),(24,12449),(25,3942),(29,6530),(34,30049),(35,33163),(36,9584),(39,1592),(40,16478),(42,23256),(49,18387),(50,19492),(51,387),(52,32367),(54,22257),(55,12408),(58,30323),(61,19873),(62,6792),(63,13409),(64,7234),(65,695),(66,31610),(67,6647),(68,18907),(73,19857),(74,31049),(75,30550),(80,18822),(82,17637),(84,12452),(85,22307),(87,5778)]	102.218447
791	[(0,31970),(2,27393),(5,6091),(7,30802),(18,8390),(21,17623),(22,26221),(23,1580),(24,12829),(28,20816),(29,23427),(32,6671),(34,25464),(35,13137),(36,15516),(40,21895),(41,15812),(42,24188),(45,22651),(46,6898),(48,18917),(50,1286),(51,8938),(53,23876),(57,9868),(59,32721),(60,4372),(61,8928),(62,356),(63,21868),(65,2563),(66,9693),(69,27070),(71,31597),(72,32510),(80,25641),(81,6087),(86,6839),(87,32389),(88,15742),(91,24067),(92,9586)]	106.278569
792	[(0,1636),(1,13179),(4,6015),(5,16272),(6,28059),(7,10115),(8,23578),(10,2532),(11,24406),(13,8128),(14,21796),(15,1942),(16,462),(17,30243),(20,13277),(21,17694),(27,13071),(33,23856),(34,8264),(35,6934),(36,33291),(39,8),(41,3646),(44,25560),(45,679),(47,14180),(48,8501),(49,9779),(52,31331),(53,859),(54,31757),(56,17295),(57,1979),(58,21410),(59,20848),(60,15392),(61,14638),(63,6002),(65,23969),(66,15447),(67,12964),(70,165),(71,9129),(73,288),(74,2952),(77,15324),(78,2440),(81,1868),(83,13611),(86,32804),(87,14460),(89,29005),(90,28842),(92,25856)]	108.587794
793	[(1,31597),(2,22773),(3,32180),(4,6059),(5,15547),(6,4872),(7,30200),(8,6127),(10,13349),(12,31221),(13,1065),(14,18606),(17,30486),(20,5365),(25,16337),(30,13393),(32,5077),(35,14472),(37,15862),(39,3177),(40,24028),(41,9310),(42,5940),(47,359),(48,22267),(49,32647),(55,24128),(56,10912),(58,24849),(60,7287),(61,19561),(62,15158),(63,16885),(65,26403),(68,21091),(70,1133),(71,26878),(80,12462),(81,21526),(83,8029),(86,28445),(87,33393),(88,12367),(90,12414)]	114.037816
794	[(0,29939),(1,16525),(2,33529),(3,32998),(4,27831),(5,4585),(6,19724),(10,19966),(14,24178),(17,22038),(18,26981),(20,20145),(23,8106),(26,6672),(27,12117),(28,9765),(30,22193),(32,11538),(41,19903),(42,29750),(45,12117),(48,16577),(49,32923),(50,27562),(53,9821),(56,14132),(57,26783),(58,14981),(62,1695),(65,7743),(66,18710),(67,7000),(68,7276),(69,26261),(71,16039),(73,33625),(74,4998),(77,14105),(79,898),(80,13702),(82,20215),(83,9374),(84,13975),(87,14973),(88,23207),(90,6447)]	116.374889
795	[(2,27803),(5,24567),(12,12963),(13,4861),(17,26297),(18,16840),(21,11177),(22,16738),(23,23226),(26,21650),(28,987),(34,6888),(35,23313),(36,32096),(37,20786),(38,30518),(39,32109),(41,13163),(43,20371),(45,18360),(47,32413),(49,13092),(50,24823),(51,711),(52,29985),(54,26552),(55,6691),(58,15163),(60,22721),(65,14848),(66,14191),(69,5101),(70,23346),(71,19216),(72,8002),(73,30638),(76,10282),(78,3470),(79,4165),(81,17821),(83,28821),(84,32869),(85,27805),(87,7931),(88,10028),(90,12424),(91,15494)]	106.380242
796	[(4,21876),(5,17454),(6,31242),(7,27694),(10,32766),(13,8455),(16,29075),(18,12065),(21,32019),(22,16469),(23,27307),(26,18362),(27,14251),(29,17721),(30,25388),(31,25845),(33,32634),(36,33004),(39,26400),(40,302),(41,1625),(42,29635),(43,6961),(45,21885),(47,14421),(48,13566),(50,8053),(51,24790),(52,13648),(53,31787),(54,27905),(55,12624),(58,30303),(59,1478),(61,2215),(63,25488),(66,11587),(67,29722),(72,13405),(73,3909),(74,24630),(78,4903),(81,643),(82,15638),(84,9862),(88,33389),(89,5591),(90,11074),(92,6190)]	103.275652
797	[(2,22608),(5,7823),(6,18819),(7,15341),(9,25543),(13,21491),(14,6689),(15,10593),(18,23086),(19,7678),(20,2429),(22,13630),(27,12492),(28,2423),(29,31319),(32,5141),(34,27158),(35,7004),(36,29340),(38,27993),(39,24719),(42,5807),(43,19781),(44,8932),(45,19999),(46,17155),(49,8202),(51,14476),(54,15534),(56,23868),(59,2335),(63,14670),(64,5011),(65,16174),(66,30534),(68,4825),(69,29613),(71,20296),(74,32254),(75,6757),(77,32095),(81,21114),(83,10063),(84,22411),(85,8942),(86,7313),(87,15162),(88,16956),(89,11440),(90,8993)]	108.084385
798	[(0,939),(1,11752),(4,4143),(7,13390),(11,22298),(12,716),(13,15892),(14,26518),(15,3850),(17,20874),(19,25266),(23,11040),(24,20882),(25,23450),(30,3725),(32,10911),(34,7737),(36,21979),(39,30055),(40,29627),(41,4404),(42,2925),(46,20712),(47,16888),(48,15616),(50,8559),(52,12453),(53,25123),(54,23642),(55,11758),(58,8277),(60,12829),(61,3790),(66,24894),(68,26487),(71,22991),(72,3428),(74,14397),(75,9947),(77,21442),(78,28852),(79,21783),(80,3199),(82,10516),(83,364),(84,12799),(85,20786),(86,30518),(90,31770),(91,30331)]	130.076664
799	[(2,30717),(4,18475),(7,9646),(10,21649),(11,13235),(12,2268),(13,18967),(14,15352),(15,31778),(18,22071),(19,28776),(23,8058),(25,6076),(27,21822),(28,14293),(29,16264),(30,12920),(31,16085),(33,26265),(34,4378),(37,6188),(39,30199),(41,23850),(43,28025),(44,121),(45,6531),(46,23197),(50,11154),(51,18876),(54,11422),(58,23861),(59,21736),(61,19086),(62,21321),(69,21065),(70,20315),(71,14647),(74,17960),(76,3568),(78,8758),(80,32750),(81,3519),(84,25237),(85,161),(90,21288)]	110.321352
800	[(2,6725),(3,13034),(5,5297),(6,5193),(7,2961),(8,31168),(10,12572),(11,26421),(12,16451),(13,32563),(14,12887),(17,9628),(18,2927),(19,807),(20,29401),(23,28515),(24,17949),(26,16267),(27,4617),(28,25010),(33,21783),(34,3199),(35,19965),(37,25336),(41,11473),(49,25020),(50,32668),(51,33252),(54,32179),(55,5498),(57,28026),(58,11618),(59,7564),(60,9112),(62,11827),(63,32027),(64,28945),(67,30480),(73,27536),(74,13942),(76,13084),(77,5929),(80,23251),(86,22139),(88,24725),(90,23982),(91,7877),(92,3618)]	112.723102
801	[(6,31978),(10,11626),(12,28755),(20,8682),(21,22150),(22,32707),(23,1715),(25,12425),(26,19441),(27,24002),(28,19923),(31,26622),(32,759),(33,8298),(34,10741),(35,15737),(36,33221),(39,11900),(41,22849),(42,26937),(46,29231),(48,1940),(49,4284),(51,7147),(52,6734),(55,25851),(56,22691),(63,23154),(64,20688),(68,27198),(69,25764),(70,23601),(71,17473),(72,16811),(73,7165),(75,26012),(76,12072),(77,33056),(78,3281),(80,13988),(82,33212),(87,6987),(91,24961)]	112.843963
802	[(0,24977),(1,31776),(2,13435),(3,32096),(12,26092),(13,32934),(14,18778),(15,987),(20,33594),(30,27165),(32,2965),(35,4941),(36,11497),(38,2245),(39,17112),(52,25832),(53,16569),(54,5116),(57,7327),(59,2421),(60,1595),(64,15711),(65,3720),(66,4633),(67,22426),(68,2681),(69,11837),(71,23290),(73,18151),(74,16937),(75,33040),(76,18067),(77,32913),(78,14102),(80,18683),(81,3414),(82,12771),(84,7527),(85,33817),(87,4289),(92,14066)]	113.737962
803	[(2,25784),(3,8422),(4,26608),(5,21730),(6,13617),(7,29054),(9,9979),(11,19623),(12,31462),(13,11732),(19,20421),(20,33643),(21,19725),(23,23247),(26,31359),(27,14372),(29,21296),(30,23573),(31,20273),(32,29314),(33,17247),(35,4836),(38,15412),(43,6261),(46,29179),(47,4184),(49,1343),(50,1690),(51,31941),(53,32323),(57,7748),(58,26042),(60,29298),(61,21045),(66,717),(68,29042),(70,4749),(72,15135),(74,3975),(75,15763),(77,14852),(81,15330),(82,11977),(83,8314),(84,26461),(89,18769),(90,8886),(91,31695)]	107.230555
804	[(1,23893),(3,11216),(4,29268),(5,24384),(8,10452),(13,17793),(14,31416),(20,27402),(22,13407),(24,20572),(25,14583),(26,2919),(30,29951),(31,18852),(34,12128),(35,3921),(37,32115),(38,26637),(40,11928),(41,32439),(42,13632),(43,6852),(44,13001),(45,33011),(46,2471),(49,20689),(50,25921),(53,12960),(55,21177),(60,13113),(61,4923),(66,4861),(67,13802),(70,17988),(71,15147),(72,23617),(74,3935),(76,14746),(77,1406),(78,26664),(80,4565),(81,1998),(83,5986),(85,3026),(88,17098),(89,14731),(91,21233)]	99.937399
805	[(4,8399),(6,1940),(7,29461),(9,8046),(11,28708),(12,8383),(13,30588),(14,28902),(15,9616),(17,24208),(21,27496),(23,26008),(25,26089),(28,5815),(29,18220),(30,5201),(31,8018),(32,9870),(37,19454),(39,10840),(40,22155),(41,19787),(43,12966),(44,9759),(47,21445),(50,7604),(53,22348),(54,4284),(57,29900),(58,16092),(63,24201),(65,30992),(67,25635),(68,1446),(71,20112),(72,27218),(74,9032),(79,7723),(81,25353),(84,23130),(86,14626),(89,31382),(91,787)]	111.615275
806	[(3,7415),(4,26279),(5,4880),(10,27724),(11,24263),(12,19005),(14,32032),(15,11712),(16,1222),(19,25502),(20,13608),(21,23124),(22,778),(23,21435),(25,30401),(26,15400),(31,27333),(32,15670),(34,6686),(38,25292),(39,32847),(40,7211),(44,19358),(47,2561),(48,17745),(57,4914),(60,29398),(62,32261),(63,29238),(64,7647),(66,13902),(67,17529),(69,3405),(70,871),(76,14406),(78,1793),(81,4301),(82,22923),(83,25689),(84,22740),(85,718),(86,22054),(87,13152),(90,27664)]	110.486988
807	[(2,19247),(4,7015),(6,19196),(7,4772),(8,22664),(9,24406),(11,19736),(12,33640),(13,12086),(15,7102),(17,30629),(19,19328),(21,25219),(22,32092),(26,6920),(28,22053),(29,21792),(31,10371),(33,5658),(34,14258),(35,32587),(36,6771),(37,33185),(38,15947),(40,6458),(41,3466),(42,13314),(43,9852),(44,17451),(45,10326),(47,13854),(48,13867),(54,12432),(55,15044),(56,6011),(59,6617),(64,2410),(65,2483),(67,31095),(69,6142),(70,27002),(72,24924),(74,27214),(76,19989),(78,33069),(79,33317),(80,3330),(82,22916),(83,2288),(85,24643),(87,10412),(88,17439),(89,5240),(91,20370)]	102.782262
808	[(0,28942),(4,33025),(5,26919),(10,7484),(13,5429),(14,14806),(15,31342),(17,11687),(18,29668),(20,9941),(22,11213),(23,33169),(26,23986),(29,17790),(30,2746),(32,7283),(34,5399),(35,17207),(37,19012),(38,26251),(40,9951),(41,16002),(44,26900),(46,7901),(49,26835),(53,118),(56,5958),(58,17006),(60,4768),(62,2883),(63,6520),(64,10013),(65,21358),(66,3922),(67,33885),(69,13829),(70,30876),(73,17669),(74,8509),(76,14856),(78,14577),(80,9618)]	125.204051
809	[(2,10199),(3,12922),(4,17714),(8,22394),(10,14162),(11,13651),(15,18957),(16,32844),(20,15006),(22,33340),(24,4010),(25,7229),(27,20705),(29,30438),(31,24666),(32,9514),(33,2652),(35,22564),(36,18969),(39,19099),(41,23439),(45,14171),(46,29642),(48,26523),(49,3500),(50,24314),(51,23178),(53,11980),(58,6900),(59,9913),(61,18234),(62,4131),(64,19038),(65,16682),(66,27500),(69,2041),(71,25735),(73,10337),(74,15246),(76,25875),(77,22862),(82,19593),(84,25290),(88,11749),(89,25194),(90,5700),(91,13871)]	102.145793
810	[(0,31993),(1,14967),(2,3896),(3,6336),(4,17951),(5,32858),(6,24541),(7,18753),(8,13779),(11,30124),(13,21607),(14,20387),(16,12898),(18,15991),(19,31996),(21,32167),(22,8013),(26,33275),(27,24026),(31,2158),(32,16046),(33,8558),(36,17111),(37,1871),(40,126),(43,23520),(45,16491),(49,14854),(51,17599),(52,9539),(53,16323),(55,29579),(60,11623),(62,25375),(66,32524),(67,15578),(69,31195),(72,33065),(73,24994),(75,15339),(82,5391),(86,25314),(88,9840),(92,14640)]	103.353428
811	[(2,29993),(3,26832),(5,6166),(7,16599),(8,20695),(11,11170),(12,4503),(13,24479),(16,30843),(17,9425),(18,25888),(19,29744),(24,22696),(25,27549),(26,1776),(27,9015),(31,21220),(32,25423),(38,24666),(39,33562),(41,11380),(42,27280),(45,33203),(46,25886),(47,30152),(48,9328),(49,12796),(50,16055),(51,15768),(52,8128),(53,14232),(54,20152),(55,16385),(56,5741),(60,28288),(64,15076),(65,24419),(66,12074),(67,12044),(69,11191),(70,22970),(71,9534),(73,23960),(75,13991),(76,4882),(78,5341),(81,117),(86,11287),(88,8940),(90,15903),(91,30838),(92,9181)]	116.455369
812	[(2,15141),(7,32564),(10,21214),(11,7813),(13,10539),(16,20499),(17,11417),(20,4591),(22,26764),(23,12375),(24,5333),(28,13019),(29,17571),(31,27916),(33,18912),(34,17951),(35,21720),(37,31508),(38,24298),(39,22621),(40,12335),(41,3954),(42,31733),(45,9183),(47,659),(48,14303),(50,32035),(51,11611),(53,27952),(54,2029),(55,23724),(56,33166),(59,25810),(60,18671),(61,32732),(63,26590),(65,23749),(66,28519),(67,23538),(68,30742),(70,14165),(73,7000),(74,29830),(77,27182),(78,10356),(79,33325),(80,9678),(81,2929),(82,3837),(84,28675),(85,22928),(86,26957),(88,21526)]	102.966583
813	[(0,19521),(2,17300),(5,4507),(8,18149),(9,33883),(11,32882),(15,27180),(16,3158),(18,11841),(19,25038),(20,21139),(31,4435),(32,20668),(33,24942),(38,33120),(41,17944),(42,26502),(44,19776),(46,24151),(47,9287),(51,4509),(55,14854),(57,17599),(60,2166),(61,10347),(63,16283),(69,28848),(70,17595),(76,28112),(77,11082),(79,9864),(80,4321),(82,18289),(84,17710),(89,29360)]	100.444274
814	[(0,17750),(1,29892),(2,3224),(4,1451),(6,12164),(7,27436),(9,3720),(12,2414),(15,15173),(17,7716),(18,32427),(22,17828),(24,8960),(27,29447),(28,25868),(30,21930),(31,12549),(32,19151),(34,2877),(36,14347),(37,21741),(38,10478),(39,26117),(40,19012),(41,28643),(42,7027),(45,6824),(46,20850),(47,4415),(48,17545),(49,6557),(51,12669),(52,33192),(54,3009),(55,6215),(56,17243),(63,33617),(65,22272),(66,30051),(67,1465),(69,4690),(70,12399),(72,18655),(74,22418),(76,16314),(77,25273),(79,1810),(80,27449),(81,8569),(82,13047),(83,785),(85,3302),(86,15400),(91,6418),(92,28534)]	101.573743
815	[(0,19623),(1,20991),(2,30136),(5,22086),(6,14076),(9,16841),(10,11835),(12,14050),(13,5760),(14,11481),(15,12208),(16,23411),(17,18776),(19,18661),(20,4631),(21,30118),(22,15898),(23,26897),(27,10373),(32,6469),(33,1589),(36,9408),(37,24279),(40,12817),(42,27135),(43,2050),(47,8743),(48,29162),(55,17493),(56,22107),(57,2793),(58,12508),(59,15972),(60,2730),(63,10289),(64,17913),(66,4317),(67,28937),(69,29496),(70,11086),(71,10833),(76,17767),(79,6346),(80,16712),(82,9880),(83,13214),(86,9589),(87,30928),(88,30606),(91,8287),(92,27275)]	99.964340
816	[(0,2020),(2,4120),(5,19954),(7,25836),(11,15645),(13,33174),(14,24012),(15,22705),(18,8431),(19,21604),(20,4802),(21,7039),(22,33485),(23,21712),(26,11656),(27,17285),(32,18634),(34,8806),(35,20683),(36,6679),(39,13768),(40,7612),(41,27271),(42,6091),(43,18517),(44,5571),(45,3395),(46,19607),(47,23697),(51,17390),(52,12851),(53,5722),(54,30703),(57,3803),(58,24061),(60,25979),(62,23736),(63,10646),(65,14570),(67,13359),(68,5257),(70,17785),(71,18939),(79,7905),(80,4368),(84,33048),(85,32576),(88,30637),(91,22558),(92,11877)]	105.650725
817	[(1,22554),(3,11461),(5,21384),(8,4207),(12,30854),(14,15126),(16,1305),(19,23506),(21,27616),(22,2772),(23,14141),(25,31859),(26,15204),(27,16282),(29,9673),(30,18310),(34,17622),(36,30088),(38,19138),(39,29802),(40,5258),(41,30392),(42,27875),(43,3519),(44,21023),(45,26407),(46,23915),(49,1765),(50,14603),(51,30245),(52,25650),(53,18156),(54,11146),(56,21635),(59,20371),(61,24487),(62,5382),(64,16398),(66,30160),(68,29028),(70,2734),(71,9577),(74,3781),(76,16148),(77,23749),(80,14702),(83,32933),(84,4703),(85,20406),(90,2436),(91,16425)]	123.862050
818	[(1,10482),(2,14274),(5,16902),(6,2632),(7,21032),(8,30967),(10,12162),(12,27138),(13,20026),(14,5757),(15,26879),(16,27160),(17,32661),(18,8754),(22,19437),(28,26813),(33,14470),(34,25485),(35,2390),(36,13710),(37,33369),(40,31123),(43,9727),(44,7497),(47,12661),(50,13761),(56,8916),(61,6046),(62,28506),(66,13402),(69,21584),(73,24032),(75,26097),(78,33281),(79,11745),(80,4442),(82,28820),(85,3997),(87,33532),(91,6213)]	104.293733
819	[(0,5004),(4,28004),(5,1365),(7,20927),(10,2521),(12,14097),(16,17550),(19,18911),(20,9330),(24,1321),(25,15727),(27,28057),(28,4375),(31,14263),(33,14718),(34,12784),(37,31629),(38,4011),(39,2875),(40,7963),(45,5574),(46,9970),(48,8378),(51,24636),(56,23904),(57,5209),(60,24899),(61,16172),(63,30131),(66,16554),(67,30771),(69,26336),(72,991),(73,24993),(74,33700),(75,11249),(78,17680),(79,32783),(83,6723),(84,31557),(85,24352),(88,31326),(89,13184),(91,4927)]	105.629411
820	[(0,1480),(3,18495),(4,30125),(6,25255),(7,20321),(8,16541),(12,8429),(13,26810),(15,11912),(18,6981),(19,25313),(21,16589),(22,3883),(24,521),(25,17030),(26,1792),(27,26129),(30,8702),(32,21222),(34,4363),(35,26783),(36,27267),(37,15738),(38,31472),(40,12749),(41,7555),(45,24276),(46,28984),(48,19388),(50,13539),(51,21342),(52,14937),(54,7729),(55,19831),(57,897),(59,245),(60,28175),(66,4694),(67,22555),(71,5142),(72,1795),(75,29649),(76,31683),(77,24847),(79,10841),(82,12431),(85,10922),(86,6519),(87,31472),(88,340),(89,911),(90,11510)]	213.919883
821	[(1,1414),(2,2879),(3,1318),(4,17350),(5,1405),(8,18616),(9,7748),(10,22793),(11,11840),(12,6828),(13,7490),(14,1447),(15,26402),(19,6052),(20,13487),(21,7587),(22,33534),(23,25966),(25,29390),(26,31018),(30,11619),(35,13610),(38,29026),(41,16278),(43,10844),(45,514),(48,28684),(52,12025),(55,30051),(56,1465),(58,8577),(59,31317),(60,9757),(63,13817),(64,11064),(65,28310),(66,23825),(68,8263),(71,13503),(72,31829),(73,11018),(77,5352),(78,1336),(80,20895),(83,32573),(87,2420),(88,22367),(89,33488)]	226.543485
822	[(0,13726),(1,21397),(3,12030),(6,14516),(8,28527),(10,28519),(13,8337),(15,4447),(16,30383),(19,198),(20,31856),(22,29428),(23,1264),(24,17432),(25,29768),(26,30138),(27,18693),(29,1794),(30,14585),(31,28451),(32,12919),(33,12176),(35,11688),(37,24884),(38,16322),(43,19040),(47,23393),(49,33371),(53,13851),(55,25829),(57,20705),(59,7473),(60,30191),(61,19482),(62,9097),(63,4847),(65,23905),(66,4906),(67,2404),(68,20290),(69,16492),(70,14044),(71,21481),(73,16940),(74,31018),(75,28200),(77,10736),(79,27292),(81,2772),(84,20813),(85,25925),(87,5623),(89,5899)]	221.554161
823	[(0,5267),(7,21840),(8,9292),(10,14593),(11,19238),(15,1494),(16,1593),(19,16246),(21,10059),(22,22208),(25,4116),(28,3015),(29,19466),(35,9469),(37,8180),(38,18800),(39,15314),(41,26463),(43,14107),(46,32257),(47,23736),(48,2126),(50,12973),(52,64),(55,2548),(56,26397),(57,14498),(58,2152),(60,11695),(62,2170),(64,20971),(69,3518),(71,7964),(72,1337),(73,26668),(74,10680),(75,12368),(77,20522),(79,22591),(82,28681),(83,28334),(84,17932),(85,28591),(87,11205),(90,25237),(91,161),(92,11676)]	224.317214
824	[(3,22050),(4,32043),(5,18998),(8,29377),(9,10889),(14,8076),(15,30249),(17,17715),(21,23778),(24,14722),(26,2810),(27,14085),(29,7791),(30,28704),(33,31222),(35,30899),(37,5569),(38,22216),(39,6008),(40,3032),(41,7971),(43,12498),(45,24484),(47,8986),(51,29122),(52,2512),(53,10984),(54,11503),(56,33575),(57,32557),(58,30682),(59,17268),(60,29016),(61,5703),(62,17347),(64,28266),(65,16421),(66,32433),(67,20038),(70,14364),(71,30525),(72,3719),(73,17189),(74,12138),(75,22275),(76,17539),(77,5648),(79,18074),(81,20912),(82,29489),(83,31971),(84,14650),(85,28739),(89,32854)]	208.943453
825	[(1,12350),(5,10924),(6,19626),(8,19421),(13,26027),(14,19535),(15,15345),(19,10858),(20,15946),(21,24204),(23,1869),(25,3464),(26,33048),(27,25903),(28,14684),(31,18480),(33,14380),(34,10380),(36,11394),(37,14617),(40,7012),(44,17335),(46,16686),(47,8468),(49,7148),(50,4876),(52,16308),(55,33698),(57,11068),(58,12376),(59,1025),(61,6671),(62,19119),(69,22591),(72,5088),(73,17418),(75,23146),(78,21217),(79,15761),(80,6308),(85,20219),(87,12246),(88,31910),(90,14590),(92,27964)]	207.595103
826	[(0,29847),(1,12516),(2,24809),(3,28605),(6,9163),(8,5050),(9,485),(10,29480),(11,5767),(12,26872),(13,10523),(14,21139),(16,16589),(17,3883),(18,11635),(19,28470),(21,14058),(22,22103),(25,6987),(26,700),(29,17938),(30,28072),(32,11742),(39,31952),(40,25317),(41,21841),(47,249),(49,6720),(51,2768),(52,20577),(55,32412),(57,30709),(58,16877),(59,24270),(60,19367),(61,3165),(63,31497),(69,15693),(70,4161),(73,18930),(74,5654),(75,20276),(76,30088),(78,27825),(81,31111),(82,6779),(85,28269),(86,33796),(90,9228),(92,19150)]	221.714906
827	[(1,273),(4,17654),(7,23909),(8,32866),(9,10851),(11,11629),(12,31052),(13,15190),(14,27611),(15,6064),(16,19292),(17,4598),(18,20581),(21,47),(22,31727),(25,3943),(26,6648),(27,23684),(29,21137),(32,3745),(33,6733),(35,15017),(39,32406),(43,24010),(44,11197),(46,30336),(47,3866),(48,6014),(50,1739),(51,3942),(54,14497),(56,11862),(57,15034),(58,10997),(59,2565),(61,467),(65,5666),(66,1214),(67,6589),(68,20597),(69,25919),(71,26589),(72,19671),(77,1799),(79,27016),(80,8172),(84,12130),(87,27718),(89,20415),(91,32765),(92,25453)]	222.555121
828	[(0,21969),(1,2833),(2,30169),(3,9404),(7,21172),(9,12598),(17,18368),(18,8167),(19,32214),(20,23691),(23,11368),(24,22353),(25,16435),(26,32839),(27,29323),(30,32117),(32,228),(33,27373),(34,9592),(36,18029),(37,10861),(38,23971),(39,16917),(41,16881),(42,12609),(43,30804),(50,22574),(51,17812),(57,31335),(58,27448),(59,3147),(65,23543),(69,6542),(70,17383),(72,20257),(75,6017),(76,27966),(77,28290),(82,25264),(84,13587),(85,25581),(88,5607),(89,17783),(92,15831)]	217.534250
829	[(0,23428),(2,26569),(5,7660),(6,17523),(7,20371),(9,6565),(11,12627),(14,990),(15,24078),(16,10594),(19,20145),(20,25799),(22,11922),(31,17400),(32,23185),(34,25650),(35,1483),(41,30626),(44,33535),(46,33034),(48,11396),(49,12139),(50,24018),(51,382),(56,5199),(58,18261),(59,31045),(60,11736),(61,29234),(62,15926),(69,2265),(72,27332),(73,16170),(74,15604),(75,30193),(76,32272),(79,19015),(80,13649),(81,22701),(82,19659),(83,15780),(84,32913),(85,14102),(86,26298),(87,8874),(88,29372),(89,21337),(90,6116),(91,32469)]	212.839092
830	[(1,9965),(2,22604),(3,31816),(4,25592),(5,98),(7,24924),(9,27214),(10,17177),(13,33901),(16,29338),(17,27927),(19,21919),(21,33833),(22,21799),(23,21864),(24,15408),(25,19099),(29,12077),(30,11444),(32,9740),(33,31337),(35,23575),(36,20858),(39,25247),(40,3823),(45,13245),(46,4352),(47,16043),(48,31023),(49,17512),(50,33906),(51,30121),(53,14766),(54,5709),(56,10368),(58,14745),(60,14702),(62,24015),(63,3552),(65,13027),(66,3848),(67,21123),(69,8710),(70,20878),(75,12924),(76,24321),(77,29614),(79,31636),(82,24002),(83,19923),(84,17812),(87,18917),(88,4197),(89,27060),(90,17450),(92,29743)]	203.590104
831	[(2,18680),(3,15029),(5,12266),(6,3094),(10,26959),(11,30519),(12,22094),(13,12390),(14,1702),(15,5033),(17,12908),(18,28083),(22,27602),(23,23123),(24,20642),(28,18648),(33,8680),(35,16436),(37,25021),(38,20553),(41,6889),(42,13801),(44,29359),(46,7336),(47,16659),(49,17346),(51,7754),(52,16387),(53,21409),(54,13818),(56,30258),(57,14596),(63,1745),(65,13731),(70,27391),(72,2055),(73,28216),(74,21043),(76,22534),(77,22760),(80,20059),(82,25671),(84,27368),(85,5230),(86,13711),(87,4014),(88,21872),(90,28957)]	207.136743
832	[(1,23574),(2,25474),(4,24239),(5,33034),(8,30930),(13,10626),(15,5098),(16,12441),(19,2065),(20,32161),(21,4260),(24,17826),(27,3379),(28,17248),(30,21933),(32,26702),(33,33210),(35,6581),(39,25268),(40,5015),(41,11407),(42,9879),(44,26874),(48,31594),(49,9418),(53,31422),(54,2387),(55,12227),(57,2110),(58,742),(63,1216),(64,20050),(65,5868),(66,30191),(67,19482),(68,6788),(70,9369),(71,8283),(72,22668),(73,31877),(74,5155),(78,3473),(79,14613),(80,1367),(83,30814),(85,23599),(87,17409),(89,4390),(92,14569)]	228.139197
833	[(0,21438),(1,15018),(4,26664),(7,32946),(9,26318),(13,17705),(15,10459),(16,5899),(17,33247),(18,13011),(20,3412),(23,4728),(24,29584),(25,13818),(27,16438),(28,26256),(29,31168),(31,28760),(34,12860),(35,9018),(37,19778),(38,17996),(40,3622),(44,6720),(45,8687),(47,30048),(49,28549),(50,4107),(51,10462),(53,2146),(54,2301),(58,12045),(59,8699),(62,4368),(64,32468),(65,23106),(67,8000),(70,4593),(71,6472),(72,12711),(73,15012),(74,21855),(75,31383),(76,2008),(78,21099),(81,17112),(82,13967),(83,20379),(86,27167),(87,29044)]	246.230733
834	[(0,2337),(1,30659),(2,30410),(3,2106),(4,3225),(6,15490),(10,6279),(12,22462),(15,4603),(17,18299),(18,17125),(20,14723),(21,10214),(25,9044),(27,17311),(28,32086),(31,29838),(32,16936),(34,11715),(37,21797),(38,32677),(43,10432),(46,32879),(48,14097),(49,25207),(50,28616),(54,21504),(55,7095),(57,15419),(58,32593),(59,24763),(61,1796),(62,8444),(63,12653),(68,316),(71,19108),(74,32658),(75,6134),(78,2908),(81,23072),(82,2305),(83,13342),(84,1732),(89,10124),(90,25019),(91,4762)]	237.015450
835	[(1,19041),(4,25679),(5,1556),(6,6973),(7,28888),(9,11759),(14,4248),(15,31431),(18,15813),(20,5200),(21,32359),(22,15162),(23,20806),(26,3222),(30,18483),(33,6715),(34,8262),(35,33074),(37,19371),(38,16193),(39,29670),(40,27717),(42,22563),(45,33087),(47,10884),(51,33893),(55,14516),(56,21417),(58,16132),(60,656),(61,16732),(62,31335),(63,31602),(68,33530),(69,11426),(70,12339),(72,12224),(73,20416),(74,8135),(75,11979),(80,29731),(81,8417),(84,11517),(85,2192),(86,21810),(90,8872),(92,4807)]	209.470360
836	[(2,12050),(3,23826),(5,29692),(7,24712),(8,5144),(11,12777),(12,15368),(13,23383),(17,1653),(18,3793),(19,10203),(20,9185),(22,11541),(25,18798),(26,22522),(27,33605),(29,7610),(30,26109),(32,6606),(35,30634),(36,16117),(39,13830),(40,16812),(41,24815),(42,31021),(46,4473),(48,33908),(49,15523),(51,2176),(52,28293),(54,5575),(55,5028),(62,18980),(64,11401),(66,18419),(67,5095),(71,10653),(72,28650),(73,24967),(77,19072),(78,26911),(81,19478),(84,30775),(85,18741),(86,7996),(90,14894),(92,19446)]	145.179684
837	[(0,7837),(2,23321),(4,6098),(5,33003),(7,3312),(9,25655),(11,2526),(15,2579),(16,17911),(17,1569),(18,10483),(20,33249),(21,15004),(22,23119),(23,8612),(24,13554),(30,15154),(31,21129),(33,21733),(36,24021),(37,15965),(44,26299),(45,788),(46,19266),(47,12458),(48,21773),(49,20493),(51,1110),(52,26470),(54,8055),(55,5238),(56,11016),(58,8485),(60,20036),(61,16354),(62,2760),(65,16746),(66,19403),(67,24014),(69,30300),(70,28546),(75,12113),(76,28763),(77,24226),(79,31734),(80,12957),(84,20659),(85,12579),(86,327),(87,23662),(90,5276),(91,16091),(92,24504)]	95.198228
838	[(0,23757),(1,30000),(2,6412),(3,31839),(4,31338),(5,31773),(6,24767),(8,29071),(9,31476),(11,10404),(12,17490),(15,29987),(19,22232),(20,23215),(21,15822),(22,5451),(24,16548),(26,20665),(27,4419),(29,27884),(31,22751),(32,4274),(34,28653),(35,30743),(36,29684),(39,5837),(41,31959),(42,30395),(44,10169),(45,13679),(47,899),(49,3759),(50,24615),(51,18432),(55,21561),(56,26051),(57,3988),(58,32888),(61,12200),(63,29094),(64,24896),(65,7319),(67,30594),(69,26197),(72,33666),(73,20056),(74,24456),(80,28071),(81,19281),(83,15893),(85,33229),(86,20097),(87,15160),(88,32819),(89,26152),(91,20425)]	99.425965
839	[(1,16638),(2,6196),(3,7418),(4,8652),(7,2787),(11,21896),(12,31599),(14,8337),(15,12189),(16,22356),(17,27653),(18,33658),(19,18124),(20,3609),(22,12027),(24,4002),(26,30310),(28,12004),(30,31679),(31,30937),(33,19857),(34,400),(35,2227),(37,13695),(38,4709),(40,29612),(41,15435),(42,28113),(43,21172),(46,24041),(48,12367),(49,20944),(50,16669),(53,27132),(54,4815),(55,11917),(56,7592),(57,26317),(58,29373),(59,1685),(64,7624),(65,20963),(67,6678),(72,6740),(74,26505),(75,24326),(78,33881),(79,29954),(80,12336),(81,9370),(82,2954),(83,20265),(86,17326),(87,15404),(92,10682)]	97.702670
840	[(1,21756),(6,24930),(8,23219),(9,1930),(12,12894),(14,6584),(15,10199),(16,33727),(18,18563),(19,4676),(20,12250),(24,14460),(26,758),(30,28346),(32,22639),(34,19700),(35,17761),(36,27179),(37,7908),(39,22004),(40,18311),(42,21831),(45,2916),(48,5259),(49,2095),(51,29454),(52,25411),(53,9555),(55,18950),(58,24323),(60,28652),(61,7440),(62,22075),(63,22207),(65,16230),(67,29981),(69,27701),(70,17366),(71,21546),(73,10477),(76,32855),(78,21559),(80,24787),(83,31761),(84,20385),(85,12875),(87,5995),(89,1452),(90,31900),(91,32892),(92,29994)]	109.742968
841	[(2,1743),(4,10467),(11,18073),(12,15183),(14,6456),(17,22586),(20,27147),(21,23412),(23,32972),(25,20479),(27,24148),(29,16155),(31,6550),(32,29039),(35,19056),(36,16025),(37,16121),(38,9711),(39,4481),(40,31511),(42,6584),(44,5546),(45,16313),(51,14595),(52,3160),(53,30538),(54,33631),(55,24190),(57,11784),(58,30963),(60,14259),(62,13117),(63,3823),(67,25242),(69,27157),(70,31216),(71,19665),(73,28817),(74,27326),(76,8076),(77,23899),(78,1254),(79,27625),(83,32356),(84,162),(85,19340),(87,6568),(88,25810),(89,18671),(90,19553),(91,33101)]	138.432231
842	[(6,9920),(7,8623),(8,28503),(11,1135),(14,8520),(15,26397),(17,3437),(19,31735),(21,11043),(24,12941),(29,869),(34,19060),(35,7837),(36,18146),(37,29201),(39,26394),(43,24436),(44,25955),(45,27570),(46,13450),(47,28977),(49,2692),(50,29360),(51,19322),(52,12853),(53,33665),(55,20187),(58,7223),(59,24841),(60,2153),(61,21762),(62,16029),(63,29814),(64,13559),(67,5120),(71,8766),(73,13505),(75,4409),(77,29182),(78,30530),(80,16256),(81,25475),(83,30909),(84,19950),(89,9144),(90,29202),(92,25993)]	106.032021
843	[(1,18043),(2,26803),(3,2830),(5,31563),(6,8275),(8,33016),(11,27564),(16,3109),(18,6969),(19,27610),(20,18998),(23,286),(25,11148),(27,21314),(28,30050),(32,26544),(34,27694),(35,1375),(36,7311),(39,13515),(40,13905),(42,3979),(45,4933),(50,8995),(51,13253),(52,7800),(58,19069),(59,24142),(60,25647),(64,5747),(68,33075),(71,32369),(72,8490),(77,30071),(79,22387),(80,28876),(81,20148),(83,5547),(84,4392),(87,3715),(88,13046),(89,1489),(90,22206),(92,9237)]	99.021904
844	[(0,26228),(3,20469),(4,19480),(6,16813),(7,27624),(8,23275),(10,22590),(15,1315),(16,24453),(18,8814),(19,1401),(20,13143),(21,10565),(24,10191),(26,24354),(28,12771),(32,29103),(33,24057),(34,18060),(35,26531),(36,21702),(38,10774),(41,6627),(42,22092),(43,7314),(45,22895),(46,18978),(48,15423),(51,33413),(52,23488),(54,15415),(55,27949),(56,2058),(61,4171),(62,30304),(67,11951),(70,18017),(71,8919),(73,24562),(77,12204),(78,2687),(83,17801),(86,31012),(87,1542),(90,30806)]	101.487575
845	[(0,7613),(1,11285),(3,9793),(5,1445),(7,13032),(8,7075),(10,26060),(11,3938),(15,30504),(17,7913),(18,15359),(20,23793),(21,1232),(22,22226),(23,2950),(25,30626),(30,29492),(36,1299),(37,8043),(38,30427),(40,26967),(43,15372),(44,240),(48,3704),(49,27742),(51,24675),(52,20178),(54,31369),(57,27143),(58,17398),(61,15126),(62,2638),(63,20225),(66,30263),(67,26100),(71,23263),(72,16961),(73,27600),(74,16553),(78,7507),(82,16984),(84,24534),(85,18053),(86,16770),(88,11581),(90,26625),(91,33748),(92,29564)]	110.451558
846	[(0,32189),(3,14374),(7,14367),(8,7845),(10,321),(12,1550),(13,17502),(14,6684),(15,10750),(17,18116),(18,21245),(20,5915),(21,32746),(22,9475),(23,8476),(26,21705),(27,33813),(28,28315),(29,13147),(32,8148),(35,11967),(36,13906),(37,4582),(38,14623),(41,26771),(43,21571),(46,7185),(47,26693),(51,13982),(52,511),(53,8665),(54,26449),(59,16877),(60,9891),(62,4137),(66,4799),(73,3037),(75,18908),(77,21833),(79,578),(80,12998),(81,15023),(83,18677),(85,27578),(86,3418),(87,14743),(89,11955),(90,15620),(91,11761),(92,8932)]	105.864628
847	[(0,12809),(4,13863),(5,30791),(6,23462),(7,1237),(12,24148),(15,32127),(17,10058),(18,12000),(19,16005),(23,4422),(25,30695),(29,5508),(30,14580),(31,22644),(34,7204),(37,29705),(38,13494),(39,23513),(41,2642),(42,2795),(48,10558),(51,2223),(52,19250),(53,265),(54,9434),(55,3090),(57,11131),(58,22771),(60,16378),(62,14666),(63,26871),(64,18016),(65,21630),(68,15001),(69,8172),(71,23177),(72,28628),(73,21884),(74,4433),(78,17665),(80,28397),(81,32067),(82,14914),(83,7396),(84,1600),(85,456),(87,1479),(88,18215),(89,31184),(90,32234),(92,12280)]	96.220665
848	[(0,9512),(2,20565),(3,23560),(5,18931),(6,17534),(7,20757),(8,4700),(11,32409),(14,25369),(16,9726),(17,15786),(19,29206),(21,28262),(22,11242),(23,33463),(25,16265),(27,6723),(33,13127),(35,15805),(36,9938),(38,7592),(39,33800),(41,4894),(42,18064),(43,21726),(48,24695),(49,24630),(50,22763),(51,16067),(52,16383),(53,4651),(54,4480),(57,19060),(58,31041),(59,28469),(60,370),(63,33359),(66,6664),(67,22486),(69,28927),(70,27330),(71,25671),(74,12350),(76,10036),(78,6346),(80,8682),(81,22150),(82,9688),(83,26946),(86,14945),(90,30661)]	98.853210
849	[(0,26416),(1,19887),(2,20475),(3,407),(4,30334),(7,10200),(9,28947),(10,24476),(19,9700),(21,22082),(22,24814),(23,27239),(25,29530),(26,25697),(27,26207),(28,18059),(30,10476),(32,33028),(33,6048),(35,20508),(37,27940),(38,29049),(39,27715),(41,32950),(43,12822),(44,5894),(47,25703),(48,10843),(50,31369),(52,7420),(53,4902),(55,2854),(57,6557),(60,18716),(62,17380),(66,10023),(67,4712),(71,165),(72,6325),(73,16567),(75,18114),(76,6905),(77,26235),(80,23122),(81,31759),(83,11123),(84,5732),(89,14631),(90,20233)]	103.177533
850	[(0,25007),(1,10138),(2,13219),(3,22878),(4,29866),(5,17238),(6,29115),(7,33706),(8,32882),(10,5992),(13,30930),(17,27198),(18,10470),(19,22745),(21,217),(22,22599),(24,5051),(26,24535),(28,30291),(32,15692),(35,24004),(36,6657),(37,31884),(38,17293),(40,9978),(43,18230),(44,25956),(48,3668),(49,12459),(50,2407),(51,23811),(53,14156),(56,21351),(57,26769),(58,24635),(62,22971),(65,30414),(66,11227),(70,22202),(72,19748),(73,21881),(80,24407),(81,18782),(82,18605),(84,2354),(87,973),(88,27737),(92,32613)]	102.998362
851	[(0,16697),(1,30985),(2,8127),(3,33806),(6,4715),(7,25836),(9,21845),(13,24173),(15,3444),(17,1321),(22,18988),(24,18468),(25,33620),(26,2732),(29,1946),(30,22092),(32,32632),(33,20914),(35,10015),(36,17697),(37,20327),(41,21493),(42,2915),(43,14446),(44,5660),(46,2902),(47,22619),(49,24633),(50,16265),(54,1479),(55,20353),(56,11140),(57,19373),(58,16499),(60,25983),(62,16863),(64,33483),(66,11297),(67,19784),(68,21827),(75,28382),(80,3549),(81,33791),(82,29434),(85,32602),(86,4309),(89,26727)]	122.674453
852	[(3,1665),(4,14061),(5,20337),(6,11040),(7,20882),(8,18491),(9,606),(10,27366),(11,8845),(12,5813),(13,12871),(14,9803),(15,17923),(16,29392),(17,18270),(21,27339),(23,5265),(25,9300),(26,2596),(27,30475),(28,25293),(30,20083),(31,23997),(32,13420),(34,28450),(37,16099),(39,1277),(41,2026),(43,26519),(45,25248),(51,8269),(52,2119),(53,29822),(57,16407),(58,30575),(59,29835),(61,31498),(64,27423),(65,27414),(66,15345),(68,11565),(69,33896),(71,24248),(72,10004),(75,12928),(78,364),(80,10333),(81,3523),(82,28106),(84,3008),(85,17963),(86,22353),(87,16435),(88,277),(89,20465)]	99.875071
853	[(2,2989),(3,23623),(4,29819),(9,4556),(11,21389),(12,14614),(13,17086),(15,11076),(19,19256),(22,29938),(24,30901),(25,8242),(27,33097),(28,8853),(29,19953),(31,30101),(34,12680),(37,12042),(38,9113),(43,6681),(44,13969),(45,17017),(52,29722),(53,12679),(54,9027),(56,1462),(58,21678),(62,13385),(63,24165),(64,33490),(65,11078),(66,26826),(67,27059),(74,9908),(79,9271),(81,30096),(82,30363),(83,26110),(85,330),(87,24440),(88,2835),(90,29501),(91,9545),(92,7061)]	98.824609
854	[(0,28021),(3,20289),(6,3619),(8,2384),(9,9737),(11,32903),(15,15590),(19,6307),(20,25588),(22,14704),(24,13921),(27,168),(30,33198),(31,32669),(33,27020),(38,28651),(46,17635),(47,13256),(48,23829),(49,18850),(51,23965),(52,2857),(54,7990),(57,2164),(58,11503),(59,33068),(62,13984),(63,31210),(64,33189),(67,10592),(69,19355),(70,10681),(71,29610),(72,2532),(73,21168),(76,26306),(77,5024),(80,12631),(81,10422),(82,13940),(83,9456),(84,17038)]	101.135019
855	[(0,30406),(1,19894),(2,32630),(4,30792),(8,19858),(12,7104),(13,26756),(14,20130),(15,17679),(16,8550),(17,33669),(25,24927),(27,1120),(28,19800),(29,10200),(31,30788),(32,19228),(34,20525),(36,11959),(37,31140),(38,25548),(40,20918),(41,16751),(42,5967),(43,16200),(44,415),(49,19550),(50,30235),(51,5386),(55,14340),(57,25695),(58,21964),(59,25591),(63,2006),(68,31459),(69,30647),(70,28751),(72,26987),(73,22155),(74,7278),(77,22873),(79,29118),(80,8352),(84,3635),(87,29356),(88,14836),(89,31739),(90,4776),(91,32385)]	115.576259
856	[(2,11547),(5,29693),(6,3576),(8,11689),(10,21285),(12,15921),(13,13077),(16,140),(18,9080),(19,17812),(24,7432),(26,14653),(27,16513),(28,7434),(34,22437),(35,17522),(36,3002),(37,7734),(47,10463),(48,8409),(50,15980),(51,1728),(52,26670),(53,690),(55,25157),(56,4088),(57,14489),(60,18389),(61,21807),(63,11089),(67,11195),(72,1333),(73,25780),(74,8607),(75,23921),(76,8131),(77,23523),(79,23304),(80,20510),(81,8693),(83,9813),(85,9411),(86,21879),(87,7515),(90,33090)]	97.556885
857	[(1,18319),(5,24422),(7,14627),(10,10730),(13,20454),(14,490),(16,13695),(19,26561),(21,26047),(23,32434),(25,4160),(28,31241),(30,13277),(32,33473),(33,30388),(34,22914),(35,24325),(36,14415),(43,24366),(44,26203),(45,24551),(46,33154),(48,857),(49,18561),(50,7029),(52,12291),(55,22348),(58,14262),(59,32142),(60,18006),(61,7938),(62,29616),(64,5574),(65,9970),(69,15389),(70,33472),(74,2811),(78,7566),(79,28289),(80,11008),(81,27119),(82,8316),(84,2134),(86,4802),(88,21470),(89,24226),(91,14047),(92,15599)]	98.498053
858	[(1,10402),(2,7170),(10,18853),(11,15169),(14,13893),(16,23502),(19,6292),(22,27777),(25,7568),(28,24848),(30,2363),(31,15715),(32,24533),(34,13469),(35,9851),(39,8410),(40,13333),(42,18776),(43,10712),(44,2651),(45,13603),(46,1941),(49,31811),(50,20771),(52,33627),(54,25032),(57,3487),(58,28240),(60,267),(61,22331),(62,32143),(64,25667),(65,20727),(67,4594),(68,25932),(69,25963),(70,19494),(72,3081),(73,29089),(75,7380),(76,26836),(80,33193),(81,29482),(88,29786),(92,23242)]	97.867031
859	[(2,25454),(4,3379),(7,14832),(8,20599),(11,26635),(12,5134),(13,6086),(16,19736),(17,33640),(18,12086),(20,9588),(23,20229),(27,8900),(29,4975),(30,29619),(32,7945),(34,25351),(36,29980),(39,24114),(43,6152),(45,14755),(46,11406),(47,11799),(49,12063),(51,33161),(53,33661),(54,18116),(55,9664),(58,15519),(66,14485),(68,20),(69,6136),(70,13007),(72,12028),(73,2450),(74,27226),(75,12257),(76,12306),(81,6038),(85,30521),(86,26384),(87,21628),(88,6024),(91,6559),(92,15693)]	107.133731
860	[(0,8426),(1,33740),(2,10583),(3,31878),(6,2825),(8,20641),(12,19780),(15,131),(16,3304),(17,28544),(18,16340),(19,3553),(20,25656),(24,14707),(25,10863),(26,32349),(27,21095),(29,10659),(32,23729),(33,29902),(34,28749),(36,23826),(38,29692),(45,5605),(46,11599),(47,28016),(48,13062),(49,16129),(51,12956),(52,10799),(54,25085),(57,2673),(59,11529),(61,26674),(62,15813),(63,16666),(67,2526),(72,22922),(73,3154),(74,5026),(75,580),(77,4855),(78,5567),(80,30219),(81,9750),(82,1460),(84,3086),(85,11475),(87,30794),(88,29534),(89,15146),(90,22468),(91,32352),(92,419)]	114.684915
861	[(1,26690),(3,32142),(7,14972),(10,18562),(11,500),(12,6906),(13,24739),(20,4037),(21,11993),(22,7735),(24,17730),(26,22349),(27,12671),(29,26443),(31,5310),(32,6149),(34,15094),(37,18330),(39,20784),(43,3553),(48,24602),(50,21013),(53,27319),(55,22647),(56,16253),(57,12361),(58,11290),(59,24364),(60,12092),(66,29374),(68,4347),(70,13696),(72,11258),(77,15274),(78,1731),(79,24712),(80,24176),(81,11155),(82,19704),(84,20062),(85,26018),(88,4676),(89,6226),(90,11990),(91,33295)]	117.145895
862	[(0,13463),(3,15707),(4,28284),(5,26348),(6,17951),(7,32858),(8,1269),(10,16966),(11,26094),(12,25653),(13,29793),(15,6716),(19,21818),(26,8957),(27,28750),(28,15085),(30,11388),(31,7336),(32,12713),(34,9236),(35,31497),(38,25164),(39,2281),(41,8541),(42,8528),(43,3462),(44,17371),(45,9003),(47,754),(48,11662),(49,16369),(51,31030),(52,8148),(57,10801),(58,28502),(59,24766),(60,21889),(62,8349),(63,9873),(66,29304),(68,17308),(71,11823),(73,18738),(74,1028),(75,12998),(76,15023),(78,30677),(79,30404),(82,12283),(85,5647),(86,4293),(89,20610),(90,4642)]	100.326440
863	[(0,32564),(1,33316),(2,2972),(4,9267),(5,33463),(6,8307),(10,28261),(12,1319),(13,23343),(15,12126),(17,30292),(19,12463),(22,7600),(25,24961),(28,4411),(29,19140),(30,33374),(31,28344),(34,5252),(36,6180),(37,10279),(38,33487),(42,28094),(43,24527),(45,21480),(47,5579),(50,20808),(52,16582),(62,23318),(63,32940),(65,6243),(66,21588),(67,25858),(68,2),(69,2379),(70,14365),(72,4985),(73,183),(74,4836),(82,11406),(83,20207),(85,6445),(86,6958),(88,247),(91,5790)]	99.404346
864	[(1,7250),(2,6845),(5,20519),(7,27878),(8,864),(10,21575),(11,10149),(17,2898),(18,33387),(20,33013),(22,6589),(24,21510),(29,26908),(31,7049),(33,7373),(35,15452),(36,14592),(43,30017),(48,29437),(50,26461),(51,4237),(52,9935),(53,9347),(54,18154),(56,9358),(57,10475),(59,3549),(60,33791),(61,8671),(63,32004),(66,26326),(69,23455),(71,32269),(73,19961),(74,20441),(77,11560),(81,19605),(82,4052),(84,10542),(87,28259),(88,3506),(89,7374),(90,23756),(92,28926)]	100.887242
865	[(0,32565),(1,21008),(2,15750),(7,7172),(8,27497),(9,2396),(10,15938),(11,22798),(17,21749),(18,12766),(21,8880),(26,11737),(28,22901),(30,26390),(32,25485),(37,11114),(38,29077),(39,2733),(40,25909),(42,4942),(45,26268),(49,6625),(50,29358),(51,24001),(54,24529),(55,2220),(62,26536),(67,9348),(68,24854),(73,22307),(74,33699),(77,33430),(79,32332),(81,15851),(82,250),(83,13039),(86,6399),(89,25911),(90,1296),(91,5067),(92,8909)]	106.887206
866	[(0,17356),(2,23881),(6,14770),(7,1940),(18,6384),(19,24467),(20,1349),(21,28626),(24,26903),(26,122),(28,9318),(29,4704),(30,30212),(32,24841),(33,2153),(34,21762),(35,16029),(37,28155),(39,9843),(40,11460),(41,26300),(43,7079),(44,26656),(46,4429),(47,24868),(56,2269),(61,9624),(65,2776),(67,8080),(68,9478),(70,30988),(71,18648),(73,20947),(75,28807),(76,11996),(77,4690),(78,3986),(81,1119),(82,5092),(83,24963),(84,25155),(85,16902),(86,17003),(89,18468)]	104.034652
867	[(1,22828),(3,29691),(7,27895),(8,14086),(9,23810),(10,24192),(11,22669),(12,18211),(19,2307),(20,13699),(23,10400),(25,31440),(26,32650),(31,17225),(33,24937),(34,11284),(35,10575),(37,633),(38,20240),(39,13466),(40,3697),(42,17352),(43,10524),(44,12157),(48,5854),(50,19095),(55,31104),(56,10505),(57,8339),(59,19202),(62,3622),(70,6066),(71,7501),(77,6609),(78,33433),(79,23872),(80,14479),(81,24330),(85,2139),(86,1748),(87,9082),(89,1174),(90,19591),(92,30447)]	95.106901
868	[(1,30627),(5,2602),(8,15045),(9,8001),(12,27517),(13,1653),(15,5963),(17,14666),(18,26871),(19,10354),(20,9542),(21,19578),(31,23020),(32,3936),(33,22064),(34,24146),(35,30609),(38,4794),(41,29456),(42,13989),(43,27112),(45,30510),(46,9998),(49,1145),(52,18456),(53,30676),(55,27528),(56,2138),(58,17372),(59,27434),(60,10374),(61,2581),(64,6210),(66,30175),(67,21069),(68,10335),(70,15991),(71,2207),(72,23034),(73,15232),(75,6208),(77,17091),(81,23808),(86,28569),(87,15615),(88,12815)]	106.984855
869	[(0,29274),(4,26080),(5,18740),(7,10029),(8,14912),(11,32468),(12,23106),(14,17025),(15,9918),(17,18682),(19,27039),(20,28304),(21,18135),(24,2908),(26,1211),(27,12948),(28,12682),(30,5584),(32,15856),(34,27294),(36,571),(37,18168),(39,10941),(41,33879),(43,28599),(44,33201),(45,7702),(46,25364),(47,13016),(48,5730),(49,8763),(50,19160),(54,30961),(56,24573),(57,33637),(63,6660),(64,29112),(67,2639),(68,26934),(69,16984),(71,7189),(72,12112),(75,28359),(79,5780),(80,3075),(82,20681),(83,19511),(84,32503),(87,18893),(89,25016),(91,19100),(92,21331)]	114.890891
870	[(0,12140),(1,8890),(3,12661),(7,29541),(14,7332),(15,11624),(17,12089),(20,4840),(23,15096),(24,28308),(28,32360),(30,1059),(31,1020),(34,28043),(36,5724),(39,4612),(41,14539),(42,12246),(43,31910),(45,26572),(47,15504),(54,17376),(55,27309),(57,23058),(62,22556),(63,13575),(65,7617),(66,30738),(67,14479),(69,3494),(70,688),(74,20066),(77,28973),(78,30576),(79,13327),(82,30996),(85,4533),(86,19387),(87,10099),(88,22307),(89,33699),(90,24369),(91,29699)]	131.403091
871	[(2,15054),(3,10780),(5,13953),(7,10400),(8,10080),(13,26400),(15,25142),(16,21859),(17,18007),(18,26978),(20,29822),(22,10589),(23,12004),(27,11202),(28,30622),(30,24059),(31,1976),(33,24488),(34,25023),(36,30762),(38,14057),(39,10253),(40,18871),(41,13026),(42,1198),(45,5252),(47,6981),(49,9060),(53,16715),(55,29507),(56,2783),(57,8692),(58,19421),(60,21318),(62,5407),(63,31240),(64,2104),(65,21761),(70,11341),(71,21218),(72,29619),(75,7146),(77,23189),(81,16166),(82,20814),(83,31384),(85,30239),(86,18158),(87,32975),(91,7920),(92,24736)]	104.311392
872	[(1,12342),(3,12600),(4,23523),(6,28145),(8,3043),(11,18715),(14,29698),(15,16722),(17,33109),(18,33499),(19,27462),(20,31945),(21,15949),(22,3274),(26,7268),(29,2358),(31,29264),(32,10171),(33,30856),(34,18461),(36,31339),(37,1937),(39,32841),(41,18354),(43,1582),(44,10641),(45,33074),(46,6177),(47,1967),(48,25890),(49,13573),(51,19495),(54,18994),(55,6606),(57,4000),(61,14035),(66,12113),(67,28763),(68,22647),(69,5329),(70,8707),(72,28732),(73,28006),(74,27290),(75,17996),(77,11815),(78,15083),(79,5189),(80,23084),(82,20892),(85,27823),(86,5613),(87,27436),(89,21683)]	102.177203
873	[(1,28482),(2,21251),(3,23515),(6,10013),(8,12744),(9,11876),(10,30791),(11,23462),(12,14270),(13,28194),(15,23021),(16,20497),(17,28136),(18,18601),(19,20986),(20,17327),(24,8156),(27,21912),(28,13514),(32,9090),(33,3023),(35,2452),(38,1632),(42,11044),(43,32533),(47,3688),(48,17233),(51,1480),(52,2533),(59,6095),(60,5505),(62,7722),(65,22129),(66,5517),(69,4441),(70,23712),(71,12741),(73,10116),(74,7695),(75,19027),(76,4355),(77,26239),(78,15019),(79,12569),(81,9775),(82,14329),(84,32734),(85,5415),(88,12822),(91,6432),(92,8955)]	102.748816
874	[(0,9894),(2,11836),(6,10148),(7,9121),(9,31138),(10,6866),(11,1797),(12,25329),(14,17912),(15,19805),(17,3919),(18,2679),(19,3494),(21,33656),(22,12634),(26,19589),(28,1190),(30,8436),(31,11191),(34,20702),(35,26149),(36,33690),(38,22329),(41,33031),(42,16339),(43,9501),(44,2),(48,24750),(50,17375),(51,9122),(52,19932),(53,6583),(54,13061),(55,8553),(56,31773),(58,29000),(59,28333),(63,12476),(65,7912),(67,15216),(73,2811),(77,28322),(80,250),(82,22888),(83,6499),(84,19311),(86,23860),(89,8082),(90,17078)]	111.705088
875	[(0,22362),(2,9835),(4,29398),(6,23205),(8,17820),(9,19262),(10,5574),(12,3301),(14,28215),(16,17844),(19,33318),(21,30783),(23,18720),(24,19500),(25,29754),(26,7480),(27,10417),(29,7079),(32,9002),(34,12940),(35,10436),(36,12041),(37,236),(43,4648),(44,7921),(45,27217),(48,8939),(50,6207),(51,5476),(52,21601),(55,10400),(56,10080),(61,24104),(63,13323),(64,5365),(66,7099),(67,13673),(68,31059),(71,2617),(73,4148),(74,25405),(75,3512),(76,31430),(77,6138),(78,293),(79,357),(81,22914),(82,5787),(83,8889),(85,27546),(86,782),(88,31336),(89,5732),(92,19417)]	101.853457
876	[(0,29689),(1,20930),(2,6997),(3,17235),(4,15318),(6,27348),(7,32160),(9,9546),(10,172),(11,19052),(12,1230),(15,22966),(18,27122),(19,30895),(20,20094),(22,30368),(28,9880),(29,26667),(31,16555),(32,3683),(34,10036),(35,29387),(37,12624),(42,16921),(44,33277),(45,15380),(47,3715),(48,13046),(49,3574),(50,18026),(51,23891),(54,29340),(59,25970),(60,18869),(61,665),(64,9947),(66,9107),(67,16799),(69,4740),(70,12094),(71,1620),(73,32349),(74,19258),(75,1359),(76,30124),(78,7394),(79,28064),(82,4244),(83,7149),(84,11150),(86,25074),(87,31847),(88,12983),(92,18122)]	102.082900
877	[(0,5202),(1,6384),(3,2842),(4,4740),(5,12094),(6,13680),(8,24567),(9,10697),(10,31874),(15,11330),(18,7714),(19,15563),(26,20541),(29,12988),(30,5100),(31,22311),(32,24352),(35,32285),(36,30173),(38,6392),(40,23789),(43,33337),(44,33780),(45,4834),(47,14951),(49,17186),(50,20195),(53,15317),(54,20500),(55,15378),(62,19583),(66,27564),(73,7068),(75,32066),(79,29244),(80,21038),(82,6311),(85,28918),(90,30860)]	102.222208
878	[(0,24215),(1,12674),(2,17847),(4,16797),(5,26498),(7,30183),(8,25673),(14,24633),(16,12349),(17,28758),(20,32420),(21,31676),(23,9123),(25,22498),(27,21328),(29,24718),(30,23962),(32,26774),(35,28376),(37,5036),(43,364),(45,12840),(50,32780),(51,18859),(53,15889),(54,14862),(56,711),(57,29985),(60,9308),(62,15595),(63,27252),(66,27866),(67,11834),(68,28676),(69,6123),(71,29024),(75,33706),(77,31925),(78,7643),(80,22793),(81,17241),(84,16707),(85,7649),(86,5149),(87,33122),(88,22053),(91,16917)]	114.559700
879	[(3,1966),(4,26291),(5,23117),(8,32194),(9,31415),(11,18871),(12,9835),(13,31978),(14,28413),(22,21202),(23,2174),(24,14006),(29,8803),(34,25668),(35,19319),(36,27815),(37,4848),(40,6232),(43,719),(46,7264),(50,28531),(51,25783),(52,23093),(53,21581),(55,10586),(57,4933),(59,16717),(61,14702),(62,15311),(63,13835),(64,8980),(67,30481),(68,20519),(69,27105),(70,18256),(73,18122),(75,192),(76,29912),(77,27405),(78,31134),(79,17336),(80,31686),(81,10855),(82,23193),(83,23165),(91,24384)]	109.176532
880	[(0,619),(4,18519),(5,5511),(6,24559),(9,16464),(11,31494),(14,76),(15,12064),(19,13368),(22,8478),(23,3678),(24,2742),(27,30451),(28,19824),(29,2088),(30,16475),(31,7910),(32,7915),(33,19084),(36,20710),(38,11936),(39,13423),(40,17784),(41,4262),(42,28794),(43,31611),(44,33545),(45,33560),(46,9328),(47,32256),(50,2943),(51,16317),(52,18688),(53,9804),(54,6153),(56,25618),(60,31943),(68,19743),(69,19024),(70,21481),(72,28344),(80,30908),(82,10047),(83,8038),(84,13792),(85,4935),(86,22645),(91,16568)]	121.633476
881	[(1,4340),(2,15667),(3,11664),(4,17515),(6,29601),(8,2777),(10,3091),(11,30084),(12,12007),(14,27357),(17,16555),(18,9630),(19,24836),(22,25429),(24,11075),(25,22330),(26,31178),(29,31877),(31,120),(32,21093),(33,179),(35,8660),(38,4481),(39,21382),(47,1089),(48,1382),(50,20393),(51,11927),(53,18891),(55,26954),(58,1387),(59,27396),(60,27907),(64,17861),(66,24645),(69,28716),(74,22750),(75,14758),(78,24445),(81,19632),(83,12900),(85,19161),(86,9942),(87,27108),(88,7328)]	99.937711
882	[(2,3950),(5,19123),(8,15642),(9,17523),(11,8217),(14,25015),(16,19288),(18,20856),(19,23987),(23,19594),(24,21280),(27,16142),(31,25238),(35,13082),(36,29738),(45,12379),(46,959),(47,13302),(48,4963),(49,15244),(50,17346),(52,7754),(54,26676),(62,4279),(64,13586),(65,31911),(66,25338),(67,1223),(71,5202),(75,29247),(77,31029),(78,25689),(79,29281),(81,11129),(82,18474),(84,26839),(86,548),(90,12740),(92,12070)]	98.736241
883	[(0,10880),(1,6928),(2,22570),(4,19453),(6,32462),(7,8842),(11,16289),(12,18964),(13,10943),(27,18802),(30,18413),(32,4151),(38,11056),(39,13190),(40,16650),(42,26666),(45,20180),(46,12176),(49,5883),(55,28383),(57,32468),(59,20201),(60,25232),(62,28877),(63,29121),(64,1773),(66,2215),(67,3309),(69,17562),(71,168),(72,2642),(73,695),(74,10381),(77,26613),(79,32377),(81,8957),(82,21571),(83,22959),(84,30183),(91,17259),(92,28655)]	105.926915
884	[(0,11237),(2,4997),(3,25489),(4,27534),(8,6174),(9,20794),(13,10197),(14,31777),(15,2050),(19,22367),(21,13443),(22,26310),(23,15441),(24,12129),(25,5267),(30,28943),(31,4608),(35,8477),(38,3623),(40,16090),(41,19946),(45,25196),(46,18562),(47,6893),(48,27047),(52,2930),(57,25057),(61,1262),(62,16619),(65,9569),(66,10609),(67,591),(69,16302),(72,910),(74,18647),(78,17562),(79,7237),(80,14810),(81,27875),(84,27474),(87,11275),(88,21035),(91,9219)]	100.086291
885	[(2,5397),(3,30983),(4,267),(5,31692),(9,19402),(10,19491),(11,21770),(12,18075),(13,8139),(15,10422),(17,15976),(18,2132),(19,502),(21,3054),(22,24559),(24,33510),(25,1164),(28,6174),(29,20794),(30,28439),(31,203),(32,26529),(33,14901),(36,28013),(38,20373),(39,5102),(42,14003),(43,4352),(45,33672),(46,13268),(47,22537),(48,16619),(51,5060),(53,20619),(55,26522),(56,831),(61,12903),(66,15610),(74,2883),(75,7366),(76,8939),(78,23981),(79,12858),(80,13889),(84,3628),(85,17539),(86,22220),(88,4975),(89,19149),(92,30601)]	102.298248
886	[(1,16694),(2,21438),(3,17008),(5,15870),(11,19287),(12,16045),(14,27289),(15,19036),(17,18783),(19,11720),(21,18702),(22,89),(23,30941),(27,18904),(28,23906),(29,4091),(30,11142),(31,29571),(32,20004),(34,16323),(36,20715),(37,17434),(38,1338),(39,25181),(40,23612),(45,2291),(46,13523),(49,8701),(53,15058),(55,33397),(56,32198),(57,2810),(58,14085),(59,22455),(62,3675),(63,18172),(65,1939),(66,28892),(69,29084),(70,19280),(71,13335),(72,30557),(76,17613),(79,31173),(81,29484),(82,22470),(87,11973),(88,23500),(90,5310)]	110.360043
887	[(0,12826),(3,24635),(5,26898),(6,25530),(7,23122),(9,29258),(12,12518),(13,10733),(14,3160),(16,4620),(17,7288),(19,14399),(20,31353),(21,29983),(22,33568),(23,26198),(25,23934),(29,30560),(30,11425),(31,23678),(32,6617),(33,17480),(35,30842),(36,19832),(37,31438),(39,8060),(40,5336),(41,29483),(42,9828),(45,16526),(49,3309),(52,11344),(53,13164),(56,21611),(57,20859),(58,15850),(59,21407),(60,15664),(61,19684),(63,10311),(64,32824),(66,26704),(69,8190),(70,3676),(72,1983),(77,27085),(81,28821),(82,21615),(83,15966),(84,28772),(90,19216),(91,29278),(92,1803)]	107.860415
888	[(0,32300),(2,3962),(4,33511),(5,28936),(7,7560),(9,17869),(12,17631),(13,22323),(15,20107),(21,4398),(22,26187),(23,29315),(24,14332),(25,31785),(27,6126),(30,5033),(32,9772),(36,184),(38,21641),(39,24554),(41,2056),(43,11692),(45,1009),(46,25852),(47,17035),(48,20885),(50,33493),(52,16775),(53,2703),(57,15863),(59,14252),(60,8824),(61,32198),(62,29097),(63,25757),(65,11867),(67,18738),(73,125),(74,24069),(75,5270),(76,1570),(78,26917),(79,17163),(80,17842),(81,8521),(83,32513),(87,10745),(89,15718),(90,25057),(92,27880)]	110.167567
889	[(1,28193),(2,28622),(5,768),(7,7191),(14,9606),(15,25003),(19,15336),(21,31286),(23,9235),(24,4625),(25,238),(33,6255),(34,11131),(37,5955),(38,28999),(39,8210),(40,27508),(41,20954),(42,13803),(44,4018),(48,23642),(50,20405),(51,22866),(53,15619),(55,5232),(57,30657),(59,8134),(60,24062),(63,27887),(66,24564),(67,30672),(69,31914),(70,13487),(71,7587),(72,22606),(73,3615),(74,32463),(75,5175),(77,32138),(78,5237),(79,17873),(81,16175),(82,641),(84,22233),(85,32927),(86,866),(87,30452),(88,13759),(90,419),(92,5045)]	112.444321
890	[(0,17369),(1,14537),(2,17860),(3,4095),(4,15494),(7,28158),(8,27818),(9,24973),(10,221),(11,28358),(13,10357),(15,6464),(17,23572),(20,27057),(23,6659),(25,4822),(26,25847),(28,31613),(29,19250),(30,15124),(35,22198),(37,18911),(38,30123),(40,7124),(44,8419),(45,33446),(46,8328),(47,26345),(51,5011),(52,16174),(56,21287),(57,33502),(58,8308),(61,1656),(62,31181),(63,28533),(64,2553),(65,13904),(66,26545),(68,16908),(70,32398),(75,4175),(76,10451),(78,12489),(79,15543),(81,31186),(82,10879),(83,18163),(84,7014),(86,9510),(88,8946),(89,11543)]	114.811204
891	[(4,21826),(5,33749),(7,15774),(9,26157),(11,1511),(15,28252),(17,21794),(21,28895),(24,15996),(26,3629),(30,20274),(34,27904),(36,4483),(38,15355),(42,26402),(44,8509),(45,24832),(47,31605),(50,13076),(52,21320),(54,2741),(55,3724),(57,18065),(58,16809),(59,7385),(64,28237),(69,21889),(72,22030),(74,10305),(76,13555),(77,21040),(81,5893),(82,15906),(83,25944),(85,23124),(86,15546),(87,6093),(88,8568),(89,24219),(90,25576),(92,15084)]	110.511699
892	[(4,19721),(6,11464),(7,14484),(8,28976),(10,33622),(12,32203),(13,8487),(16,27478),(17,2337),(19,25348),(24,22045),(28,29939),(32,16554),(35,619),(36,25924),(37,31174),(39,18605),(40,27135),(42,29023),(43,8956),(44,16957),(45,26270),(48,33552),(49,4245),(50,20838),(51,27186),(54,567),(56,22679),(59,33409),(60,26376),(61,13572),(62,9247),(64,33290),(65,15674),(69,29784),(70,14949),(71,17447),(72,31571),(73,24120),(75,13958),(81,25669),(88,20037),(90,27569)]	116.241192
893	[(0,14763),(4,13861),(6,5954),(9,19028),(12,24390),(14,20541),(15,6754),(17,21290),(23,12216),(25,16456),(26,33104),(27,30722),(28,10094),(29,5497),(30,31366),(33,9412),(34,20210),(35,568),(38,9041),(41,28723),(43,8507),(44,5233),(45,19879),(46,10413),(48,12569),(50,7223),(51,17107),(52,14321),(53,6340),(54,26456),(58,25846),(60,26680),(61,2740),(62,33495),(64,20220),(65,12967),(66,24514),(68,31298),(71,26630),(72,18004),(73,16490),(74,28784),(75,28529),(78,9332),(79,26978),(82,12353),(89,7378),(90,17257),(91,23166),(92,32098)]	113.056270
894	[(0,33492),(1,32913),(2,14102),(6,2464),(11,9552),(12,1523),(13,6804),(14,27970),(15,6086),(16,7025),(17,19408),(18,1776),(19,7131),(20,9613),(21,2464),(22,21940),(23,31962),(24,3703),(25,30376),(26,4905),(28,18446),(32,32041),(34,3544),(40,21272),(43,32603),(44,30690),(45,32199),(46,22773),(47,2359),(50,5178),(51,11297),(52,2010),(53,4678),(54,11992),(55,13960),(56,4378),(60,29264),(64,2710),(65,26374),(66,1981),(68,15170),(72,3368),(76,11145),(79,15177),(80,26606),(84,7069),(86,18718),(88,28448),(90,22775)]	111.186158
895	[(0,31989),(1,1962),(3,31416),(5,20430),(6,13337),(7,28526),(9,27254),(10,994),(12,4161),(14,32358),(15,21802),(16,10703),(18,5819),(20,5341),(21,282),(23,13489),(27,1218),(28,26724),(31,19380),(32,2755),(35,4788),(36,31187),(37,24725),(39,7831),(41,29068),(42,29349),(48,18907),(51,29928),(53,28016),(54,13363),(55,27555),(56,29144),(61,5252),(62,25051),(63,29430),(64,7028),(65,30795),(66,13361),(67,25534),(69,28050),(75,27271),(80,4762),(81,6486),(82,9809),(83,24587),(85,25516),(87,32421),(88,7826),(89,23282),(92,27325)]	107.087608
896	[(0,2150),(2,19444),(3,21398),(4,10946),(5,30769),(6,15521),(7,5746),(9,21834),(11,297),(13,14286),(15,9724),(17,25753),(21,20819),(22,2960),(25,3231),(26,26557),(29,22950),(31,15592),(32,11479),(34,12657),(35,27191),(38,17406),(39,19865),(41,21068),(47,5662),(49,16394),(50,9504),(52,3441),(53,4818),(56,13499),(57,3851),(62,19600),(63,29256),(64,31774),(67,30439),(70,2663),(72,27422),(73,22784),(74,25231),(75,506),(76,6383),(78,11070),(85,30091),(86,30703),(88,21498),(91,18823),(92,1669)]	115.304671
897	[(0,5052),(2,1184),(5,2035),(6,8827),(7,33532),(8,4968),(10,16545),(11,23363),(12,15824),(13,6581),(14,9723),(16,10066),(17,68),(18,22008),(21,33587),(22,14609),(23,3349),(24,13925),(25,12372),(26,27127),(27,10449),(28,33001),(29,1475),(31,31973),(34,2338),(35,25810),(36,17986),(38,13575),(39,2766),(40,24562),(42,18979),(43,15932),(44,14373),(47,11003),(49,18605),(50,27135),(51,10833),(54,8257),(55,460),(57,30406),(58,19894),(59,32630),(60,9312),(61,14334),(62,18023),(63,17173),(64,30073),(65,5146),(66,25973),(67,9161),(68,28656),(70,12901),(71,8792),(73,12501),(80,21415),(81,3282),(83,12492),(86,27380),(88,33781),(91,28366),(92,2622)]	117.686274
898	[(0,7894),(2,13111),(3,32657),(4,5338),(10,30096),(11,30363),(12,8473),(13,18207),(16,5931),(17,5243),(20,6583),(21,26920),(22,12942),(23,9273),(24,24116),(28,22038),(30,26075),(33,12414),(35,16929),(38,7372),(40,8913),(42,32502),(43,8243),(44,7240),(47,23255),(48,10160),(49,2659),(52,13908),(57,28190),(58,18213),(59,23029),(61,12593),(62,18686),(63,25719),(67,28019),(69,23387),(70,810),(75,33270),(77,30385),(78,20611),(80,6994),(81,21329),(82,22085),(85,15912),(86,25737),(89,19155),(91,1430)]	114.491803
899	[(0,21260),(3,27084),(4,22225),(5,14763),(6,7053),(11,11373),(12,13061),(13,8553),(14,28576),(15,23550),(16,9401),(17,30976),(19,26423),(20,18032),(21,26209),(22,17451),(23,10326),(24,25370),(27,8680),(28,22739),(29,16981),(31,2686),(35,15607),(40,32354),(41,33279),(43,38),(46,30607),(47,16704),(49,15342),(51,3257),(56,29170),(59,17777),(60,26748),(61,25473),(67,20078),(68,4630),(70,4787),(71,13546),(74,6940),(77,15865),(78,26957),(80,17840),(81,27049),(82,5182),(84,15374),(85,14955),(86,21595),(89,29564),(90,20718)]	119.807943
900	[(3,18292),(5,33610),(8,33375),(12,5543),(17,12674),(18,17847),(20,11971),(23,21639),(24,3185),(25,24572),(27,30403),(32,24303),(33,10719),(35,26377),(36,25428),(37,1846),(39,15011),(40,23046),(42,27612),(44,18454),(46,27081),(49,28680),(51,20453),(54,827),(57,33126),(60,32946),(61,97),(63,8872),(65,1461),(68,29681),(69,4421),(70,24708),(71,5381),(72,9581),(73,10123),(75,31058),(76,4154),(77,696),(78,6149),(79,4485),(81,29819),(86,4556),(88,21389),(89,14614),(90,17086),(91,19548)]	104.893673
901	[(1,15098),(2,13306),(4,9599),(5,32008),(6,14555),(10,31583),(11,1565),(12,381),(13,8745),(18,26747),(21,21798),(25,22364),(28,21641),(29,2036),(35,14823),(36,18920),(40,2607),(42,19529),(44,4568),(46,20554),(47,15881),(48,33320),(49,23088),(50,22243),(51,11599),(52,7976),(55,8008),(57,19197),(58,6460),(59,24033),(63,26034),(65,21748),(66,10732),(67,18901),(69,31890),(70,14250),(73,33170),(76,11508),(77,22236),(78,27341),(83,1935),(85,15367),(88,7346),(92,12043)]	112.749634
902	[(0,660),(4,6165),(13,4929),(15,8076),(16,15950),(17,26164),(18,11090),(19,28036),(20,33581),(22,4310),(23,21616),(24,11235),(30,21556),(32,16762),(33,20571),(36,12762),(37,5720),(38,28038),(39,10569),(40,7275),(41,21162),(42,11887),(44,21910),(45,27360),(49,3976),(50,4670),(52,10313),(54,6434),(55,31904),(58,4597),(59,9989),(63,32802),(64,22469),(67,2929),(68,10130),(69,90),(70,32294),(72,13),(73,9709),(74,25416),(75,22864),(77,25624),(80,128),(81,26308),(83,28607),(85,11605),(86,15350),(87,21412),(88,16376),(89,31031),(90,12023),(91,8147)]	113.900809
903	[(2,960),(4,5513),(5,4441),(7,1982),(11,27009),(12,9637),(13,14273),(16,28878),(17,22980),(18,17573),(20,5630),(22,33496),(23,12522),(25,29125),(30,13771),(31,18610),(32,2490),(33,21242),(34,25956),(36,22502),(38,18585),(39,8809),(42,31848),(44,10615),(48,12720),(50,11093),(55,8390),(56,28490),(59,7601),(63,6109),(66,18929),(67,22508),(68,14077),(69,12660),(74,8742),(75,10644),(78,3010),(79,4497),(80,13704),(82,8220),(84,22218),(85,12788),(88,2688),(89,13269),(90,12870),(92,25077)]	99.678804
904	[(0,22930),(1,4919),(2,6891),(4,14016),(5,14108),(6,10269),(7,3743),(8,25331),(9,14749),(10,22078),(11,6168),(12,27075),(13,12040),(15,32842),(16,24390),(17,10671),(18,9702),(20,2743),(23,25661),(24,3233),(27,20159),(28,7523),(29,19381),(31,30309),(32,3711),(34,18785),(35,16702),(40,29338),(43,31519),(45,20595),(47,32449),(53,9413),(56,18182),(59,24832),(60,27506),(62,5600),(64,32958),(65,19399),(67,22456),(68,18725),(75,22710),(76,5409),(77,26932),(79,29680),(80,31151),(82,16522),(85,20434),(86,1267),(87,23937),(89,5738),(92,22669)]	106.045352
905	[(0,4791),(5,25490),(7,19312),(13,29244),(14,28288),(16,15364),(17,6784),(18,26643),(20,1576),(24,24761),(25,17642),(29,10896),(31,7537),(32,7014),(36,17392),(39,15694),(40,30152),(41,9328),(42,12796),(45,5389),(46,3007),(47,656),(48,16732),(49,6533),(50,31832),(51,21081),(55,26116),(56,26977),(57,940),(58,7259),(59,24777),(60,23439),(61,27917),(62,25527),(64,22195),(65,12841),(66,30473),(68,1002),(69,6367),(71,9408),(73,31229),(74,5123),(75,25313),(76,14386),(79,6232),(82,32741),(83,25611),(85,599),(87,17345),(89,2891),(92,14187)]	117.368097
906	[(0,23905),(1,4906),(2,2404),(3,2437),(5,19828),(6,25674),(7,8302),(8,14945),(12,18825),(13,20488),(14,24316),(16,14159),(19,24517),(22,20678),(24,12296),(27,2066),(30,32134),(31,17442),(32,22336),(40,25207),(44,168),(45,2642),(47,15061),(48,2518),(50,4720),(52,22840),(55,18423),(56,22758),(59,31928),(60,30150),(63,12731),(66,23315),(70,15931),(75,29124),(76,19625),(78,28559),(80,23923),(81,10204),(82,4812),(83,12442),(85,18820),(87,9585),(88,9466),(89,20477),(91,26625)]	110.008427
907	[(3,58),(4,2944),(6,11836),(8,3551),(9,26558),(10,33085),(13,2257),(15,20886),(16,11559),(17,12436),(19,27935),(20,23914),(23,24303),(24,3176),(26,24170),(27,24395),(29,27844),(30,13034),(37,934),(39,10435),(40,2133),(41,5709),(42,6917),(46,18446),(48,8609),(50,25724),(53,12228),(54,29129),(55,14267),(56,24526),(57,10344),(58,30236),(59,19714),(60,24766),(61,21889),(63,8349),(64,9873),(66,29088),(68,27366),(69,15175),(72,31516),(73,18505),(74,6631),(76,7979),(77,8562),(78,11355),(79,32036),(81,16858),(82,17695),(84,23440),(85,33361),(86,15510),(87,31670)]	106.730709
908	[(3,9162),(6,30907),(7,20879),(9,16312),(11,15536),(12,2404),(13,28788),(15,8271),(16,26286),(17,15299),(18,7447),(21,21731),(22,29131),(23,8268),(25,18930),(26,5654),(28,23483),(30,21208),(31,25679),(35,1933),(36,2454),(38,29064),(39,12675),(42,21981),(43,7189),(45,4212),(48,19616),(49,1345),(50,22177),(54,2099),(56,28685),(58,29091),(60,22321),(62,25843),(63,7394),(66,30350),(68,26745),(69,11705),(70,18224),(72,18676),(75,1888),(76,2376),(78,16204),(79,33644),(82,30270),(83,7279),(84,17640),(86,24283),(87,1693),(89,16247),(91,7086),(92,31418)]	122.163345
909	[(1,8110),(2,23948),(4,25990),(9,6517),(10,31984),(13,19683),(14,25106),(15,21476),(18,30328),(21,31305),(22,21738),(23,2251),(25,14276),(30,11937),(31,14337),(32,28950),(36,2317),(37,11167),(39,20901),(40,33416),(41,8207),(42,16208),(43,7999),(45,25743),(46,7115),(47,30274),(48,27078),(49,11004),(50,23190),(51,188),(52,1453),(53,6857),(55,19628),(62,13380),(63,5806),(67,12551),(68,6798),(69,25921),(71,7804),(72,25195),(75,12811),(77,27921),(78,13812),(79,13783),(80,29706),(81,16096),(83,7566),(86,10617),(87,4760),(91,11394),(92,25150)]	101.016474
910	[(1,17011),(2,30602),(4,32655),(5,249),(11,23113),(12,19640),(13,27557),(14,23992),(15,4491),(16,5045),(17,1283),(18,9042),(19,15640),(20,2347),(22,11013),(23,16475),(24,8682),(28,31370),(29,19473),(30,22757),(31,7933),(33,13240),(36,19770),(37,16323),(39,19702),(40,18954),(43,21665),(46,20895),(50,3085),(51,22804),(53,29605),(54,20957),(55,3637),(56,12020),(57,12495),(58,1352),(59,26226),(64,18959),(65,7959),(66,25297),(67,4830),(68,32950),(70,12822),(72,22687),(73,27369),(77,31835),(78,7155),(80,10529),(81,3012),(82,10866),(83,10334),(84,2525),(89,6176),(90,12959),(91,3078)]	110.167585
911	[(0,1783),(1,30545),(5,6322),(6,5095),(12,32583),(16,31876),(17,33154),(21,6958),(23,247),(25,11686),(27,27968),(28,25030),(29,29075),(34,18804),(35,33293),(39,7272),(45,3864),(47,14658),(49,18444),(50,2293),(52,16006),(54,12501),(56,31732),(57,16726),(62,14429),(63,23504),(64,24732),(66,20145),(68,20576),(69,28723),(70,3923),(72,12153),(73,32926),(74,9821),(76,21906),(77,30525),(79,23487),(83,12418),(88,18721),(89,27560)]	150.797914
912	[(0,3124),(1,26041),(3,3945),(5,21273),(7,9837),(8,18277),(9,13651),(10,21158),(14,1674),(16,25395),(19,11165),(20,25473),(21,275),(22,10735),(23,12821),(24,20273),(25,16027),(28,19954),(29,28499),(30,8460),(32,33367),(35,7445),(38,26390),(44,19992),(45,30902),(46,11988),(50,27235),(53,16802),(54,8563),(59,15141),(62,1919),(64,12222),(66,2504),(67,22274),(70,33316),(71,33850),(78,22058),(80,1985),(81,13413),(82,10289),(87,2840),(88,25123),(89,31091),(91,27669)]	112.163205
913	[(2,30123),(4,22846),(5,30579),(7,32706),(9,14973),(10,23207),(13,16637),(14,9251),(15,3038),(18,4601),(20,24746),(22,22497),(25,2100),(26,22383),(27,15615),(29,3572),(30,6932),(31,4911),(32,18115),(33,31691),(36,30839),(39,14129),(40,13492),(42,17375),(43,9122),(45,6009),(49,16806),(51,30609),(52,4551),(53,5327),(54,15547),(56,11893),(58,31072),(62,12636),(63,10024),(64,2139),(65,11481),(66,14601),(67,16215),(68,839),(70,11109),(71,13995),(72,15501),(74,12021),(77,29361),(78,12545),(79,2499),(80,26538),(84,8627),(85,33768),(86,10244),(88,12823),(91,19411)]	110.539235
914	[(3,21989),(6,17762),(7,18848),(12,17069),(14,14623),(17,9349),(20,8832),(26,7143),(27,3313),(28,23843),(29,2412),(30,8027),(32,12334),(34,12085),(35,26453),(36,11034),(37,9058),(40,12393),(41,17177),(44,19121),(46,10127),(48,27932),(51,33050),(52,29315),(53,4087),(54,7166),(55,775),(63,2777),(64,2636),(65,28027),(66,15702),(69,24160),(75,1000),(76,11747),(77,27954),(78,21410),(82,3505),(83,10924),(84,8106),(85,26064),(86,26595),(88,8363),(90,11071),(92,19107)]	118.968119
915	[(0,15032),(1,30767),(3,9186),(4,22342),(6,19127),(7,9252),(8,18045),(9,28875),(10,10457),(12,33199),(13,713),(14,20585),(15,24677),(17,13567),(20,23054),(21,20711),(22,7050),(23,1851),(26,12807),(30,11797),(31,32278),(33,3935),(34,31894),(35,17317),(36,26330),(38,1395),(39,3088),(40,22535),(42,24788),(43,28756),(46,3427),(47,17934),(48,26992),(49,18632),(50,20120),(51,30648),(54,2188),(55,994),(57,926),(62,4343),(63,15515),(64,18744),(66,1251),(68,28315),(69,22122),(70,7826),(71,23282),(72,20395),(74,548),(75,7284),(77,8208),(78,6875),(80,24899),(81,16172),(86,20689),(87,18252),(90,9848),(91,15223),(92,21418)]	109.877476
916	[(1,5012),(2,22960),(3,1461),(4,25349),(9,20626),(12,25775),(13,22967),(15,15606),(16,16137),(17,23844),(19,18596),(20,17396),(22,4361),(24,18336),(25,2569),(26,7067),(28,16676),(30,33483),(33,13649),(34,25529),(35,31143),(37,2816),(39,8348),(42,26118),(43,3622),(49,30137),(50,18942),(52,28823),(53,32120),(55,17404),(58,21380),(59,9904),(61,12680),(62,13527),(64,20082),(66,10985),(68,4377),(69,32806),(70,16292),(72,22946),(73,20771),(76,23855),(77,3139),(79,28245),(80,31533),(81,33411),(84,32426),(86,12110),(87,15868),(89,23842),(92,32682)]	104.168336
917	[(0,17359),(1,28391),(2,33660),(3,6145),(5,736),(6,29059),(7,14037),(11,16808),(12,17813),(13,1868),(19,3681),(22,30227),(25,9073),(27,21555),(28,24274),(36,3931),(38,10867),(40,25896),(42,29241),(44,19119),(45,32018),(46,22214),(49,5606),(51,22678),(52,6085),(57,27305),(58,10127),(60,6159),(61,7021),(62,16390),(63,27125),(68,1117),(69,23925),(70,9744),(71,3758),(72,26346),(74,28346),(75,17398),(77,11525),(79,6146),(83,31839),(85,10396),(87,14214),(89,13381),(90,10095)]	125.873175
918	[(0,21577),(2,8998),(3,31140),(4,25548),(8,21820),(9,8575),(10,8152),(12,5177),(13,906),(19,14409),(24,1182),(25,7246),(26,21503),(29,25989),(30,23080),(33,25042),(34,15493),(36,27154),(37,986),(40,27267),(41,33189),(43,12614),(44,25568),(45,15140),(49,8566),(51,845),(52,16013),(54,10612),(56,8958),(60,23415),(62,11646),(65,13953),(66,32875),(67,24488),(68,33591),(70,19302),(71,33769),(73,22922),(74,3154),(77,24849),(82,20669),(83,33093),(84,20319),(87,29137),(88,13587),(90,1593),(92,3196)]	103.196721
919	[(2,4411),(3,30203),(6,18466),(10,29288),(14,2350),(16,28847),(17,33889),(18,6712),(19,30983),(22,12156),(23,3983),(29,11595),(32,22844),(34,28906),(37,18164),(39,29946),(42,16084),(43,13256),(44,23829),(45,15345),(47,14735),(48,20077),(50,29677),(52,18205),(53,2468),(56,562),(58,3675),(59,18172),(60,31218),(61,21933),(63,29093),(65,11740),(66,16598),(67,6922),(68,5460),(69,16420),(70,9048),(72,28838),(74,24784),(78,25655),(80,28500),(81,21449),(82,22836),(83,16779),(84,13918),(87,27350),(88,5382),(89,29520),(90,23107)]	116.929908
920	[(1,6943),(4,4256),(6,19872),(7,14517),(10,17654),(13,31330),(15,15442),(16,6459),(17,11780),(18,5634),(19,16213),(21,21180),(22,18897),(24,32691),(25,16466),(26,920),(27,21835),(29,31730),(30,683),(32,12758),(33,23007),(34,30978),(35,33488),(36,33028),(38,9916),(39,21831),(40,10208),(44,29468),(45,29946),(46,9265),(48,4032),(50,12283),(51,11399),(52,29836),(53,9890),(55,2670),(57,4364),(58,19286),(59,20340),(60,789),(62,16516),(63,29614),(65,33484),(67,33667),(68,27983),(70,21836),(71,32316),(72,26034),(75,11587),(76,475),(77,28591),(78,12640),(79,5583),(80,8846),(86,12122),(87,3727),(90,23056),(91,14044),(92,10864)]	116.065526
921	[(1,4955),(5,14971),(6,11612),(8,33316),(9,2972),(10,32077),(11,8066),(13,20650),(15,33188),(17,10944),(19,19566),(21,2995),(22,18020),(23,81),(25,22213),(31,17204),(32,15429),(33,5890),(35,27835),(36,26375),(38,15313),(40,10353),(41,8231),(43,25175),(44,14540),(45,10265),(46,24623),(47,22660),(48,33848),(49,10842),(51,25094),(53,25935),(54,5203),(55,25272),(56,27216),(57,1260),(58,17479),(59,7008),(60,29592),(64,20021),(68,22280),(73,30993),(74,30962),(75,9237),(78,29728),(81,23987),(83,755),(84,4694),(85,33508),(86,6344),(87,27299),(89,30843),(91,14725)]	103.313305
922	[(2,24579),(3,14530),(6,6707),(8,8086),(10,17289),(11,12371),(13,13093),(15,4591),(16,29544),(18,21336),(20,6588),(22,23848),(24,4885),(25,14314),(26,17225),(29,21737),(30,31562),(32,4748),(34,4513),(38,24533),(39,29562),(41,12715),(42,27468),(43,29088),(46,3784),(48,11683),(51,26581),(53,21387),(54,15607),(56,18813),(57,19431),(58,29578),(59,8414),(60,25360),(61,30068),(62,13520),(64,5637),(69,29943),(71,14174),(72,20248),(74,33682),(76,5553),(79,14977),(81,2039),(84,22222),(86,33831),(89,25753),(92,33050)]	102.237384
923	[(7,9826),(10,27849),(14,32640),(16,11504),(17,31191),(19,20652),(20,19228),(21,14490),(23,4102),(28,15907),(31,27454),(32,1722),(33,11637),(34,3186),(35,26353),(36,1611),(38,5476),(40,19485),(43,9174),(47,12347),(49,1085),(51,12762),(52,30774),(53,25082),(54,8132),(56,9570),(61,27319),(63,22647),(64,5329),(66,26895),(67,29209),(68,18136),(69,29301),(72,11918),(74,31869),(75,4638),(76,27467),(81,7096),(82,29665),(83,29108),(85,32864),(86,15744),(87,24919),(88,29636),(89,10495),(91,32476),(92,19004)]	118.683674
924	[(0,23213),(3,29720),(8,33401),(10,16321),(11,23198),(12,4882),(16,21927),(19,30961),(20,13565),(22,26868),(23,24488),(24,33891),(25,14105),(27,7343),(28,14590),(29,18114),(30,19265),(31,13755),(32,32405),(33,21909),(37,22439),(39,11213),(40,15236),(41,12912),(42,24396),(44,3086),(46,31207),(47,22631),(49,29933),(57,10777),(59,11969),(63,6288),(64,847),(65,16367),(67,22562),(70,14556),(71,19211),(72,29219),(73,7739),(74,6313),(75,29414),(80,9351),(85,31412),(86,7985),(89,10551),(91,12033)]	115.912056
925	[(5,23805),(6,26016),(8,14063),(10,32644),(12,33761),(13,24184),(15,5454),(16,30573),(17,26790),(18,302),(19,20898),(20,30792),(21,33245),(22,27067),(23,4907),(25,31721),(27,20684),(29,24294),(30,10779),(31,16836),(32,31104),(33,10505),(34,8443),(37,32992),(41,25502),(42,9708),(43,26296),(44,10537),(47,393),(49,11231),(50,30933),(53,33749),(55,14163),(56,22565),(57,22110),(58,24855),(59,27514),(60,14086),(61,23633),(62,1768),(63,18862),(64,29036),(65,12540),(66,31405),(68,29913),(71,33880),(72,4498),(74,12135),(75,11158),(76,19449),(78,27823),(83,29181),(86,33282),(88,24215),(89,1538),(90,24319)]	103.775451
926	[(0,24288),(3,8511),(4,12434),(6,412),(7,3656),(8,26648),(9,8862),(12,11802),(13,3634),(14,12286),(15,16661),(16,3364),(19,23627),(21,8395),(23,11148),(25,11845),(27,32641),(30,5664),(31,14061),(33,28189),(34,31500),(35,32725),(36,20499),(37,11417),(42,29157),(44,20439),(52,20750),(55,5290),(56,29828),(61,21673),(63,33521),(64,2173),(67,33526),(69,19655),(74,14275),(76,8755),(79,13056),(81,4757),(82,28107),(83,22689),(84,24571),(86,26413),(87,10834),(88,17109),(90,3726),(91,21333),(92,6565)]	123.458634
927	[(0,20537),(1,20710),(5,26204),(6,31050),(8,30765),(13,32505),(15,1439),(18,20150),(23,29899),(24,19648),(27,10672),(28,32342),(29,31754),(30,15838),(31,14214),(32,23197),(33,15253),(35,12063),(36,24351),(37,32680),(38,30428),(39,14222),(40,6311),(41,294),(42,8361),(44,8293),(45,6573),(46,9440),(49,29939),(50,29259),(51,4222),(52,10640),(56,19454),(57,30106),(58,21289),(62,14582),(64,28507),(67,20761),(70,19910),(72,29843),(74,1336),(76,20895),(77,16391),(78,12360),(79,32090),(83,14440),(85,3921),(88,20364),(90,3452),(91,5344),(92,32258)]	106.580767
928	[(0,17667),(1,6908),(2,4567),(4,33071),(5,2781),(6,15057),(8,21833),(9,15766),(10,11950),(11,21275),(12,19529),(15,15174),(17,28801),(18,14928),(20,768),(21,3790),(24,1042),(25,25469),(26,13040),(27,26176),(29,5830),(32,31931),(33,10630),(34,320),(35,12198),(37,6623),(40,19249),(42,23981),(45,28889),(51,32309),(53,2267),(55,25522),(56,25677),(58,15340),(59,32301),(62,623),(68,26342),(70,15087),(72,4509),(74,6756),(76,3563),(77,12649),(82,7650),(85,28730),(86,20480),(88,33575),(89,32557),(90,26684),(91,13502),(92,20637)]	210.893317
929	[(0,27774),(1,17081),(2,10338),(3,33808),(4,32158),(5,6373),(7,28749),(9,4154),(10,3858),(11,18920),(13,17070),(14,10391),(15,28214),(18,32460),(19,29770),(20,22030),(22,22127),(27,3135),(31,6127),(32,8950),(33,10933),(34,28346),(35,17398),(37,20146),(38,22318),(39,26629),(40,19585),(41,24010),(42,31706),(47,19655),(48,13039),(49,24662),(51,28045),(52,30110),(54,28903),(55,23073),(61,31148),(62,26653),(64,6854),(66,33697),(67,15335),(68,13587),(70,16325),(71,16736),(73,12631),(74,11607),(75,27248),(76,19621),(80,28500),(81,17769),(82,12046),(83,13972),(85,25740),(86,20893),(89,23031),(90,15411),(92,710)]	217.804529
930	[(2,18413),(4,32581),(5,29098),(6,28793),(7,17170),(10,8538),(12,19440),(14,32978),(15,5223),(16,24649),(23,19960),(24,31404),(26,28677),(27,17027),(31,2174),(35,17852),(36,3243),(37,18535),(38,9947),(39,19173),(41,24320),(42,28421),(43,12867),(45,20613),(46,20430),(47,22456),(50,30731),(51,12024),(53,28928),(54,9906),(58,5210),(60,17615),(61,27276),(62,27851),(65,32253),(73,767),(75,13927),(77,3439),(81,24940),(82,16102),(83,15864),(84,10294),(85,5270),(86,2657),(89,3926),(90,32857),(91,19501),(92,5609)]	259.356272
931	[(0,24513),(2,20819),(3,2960),(4,17030),(5,2644),(6,18810),(8,10832),(9,22856),(11,32305),(13,4394),(14,26594),(15,24889),(16,33227),(18,26021),(20,1956),(24,25990),(25,2953),(26,29132),(28,8122),(30,12591),(31,17563),(36,24527),(39,32759),(41,17026),(42,11585),(43,7524),(46,17919),(48,11734),(49,20245),(50,6718),(51,10846),(53,9769),(54,9512),(56,13783),(59,27635),(60,7516),(61,33731),(63,22115),(67,31339),(68,23413),(69,10923),(70,21903),(71,4596),(74,17780),(79,6895),(80,18714),(81,19970),(84,11918),(85,19031),(87,23574),(88,25474),(89,17893),(90,15053),(92,18868)]	242.588487
932	[(0,12579),(1,327),(2,11309),(3,14580),(4,32347),(5,9272),(6,16403),(7,279),(9,15657),(10,24112),(12,25106),(17,19608),(19,33762),(20,11416),(22,4357),(24,17892),(25,4859),(26,13021),(28,26946),(30,25621),(32,22673),(34,4800),(36,32906),(39,16461),(41,8524),(42,6677),(43,33807),(46,17349),(48,25030),(50,29511),(51,5842),(52,28457),(57,13279),(58,24577),(59,14221),(60,27451),(61,16901),(62,27148),(68,2505),(69,971),(71,29842),(72,16772),(73,15257),(74,15551),(76,10054),(79,8579),(81,7545),(82,15930),(84,13431),(85,5845),(87,20909),(89,3824),(92,26514)]	252.386627
933	[(1,20416),(4,14093),(5,31880),(8,5612),(10,2423),(12,6936),(14,5154),(18,8209),(19,10839),(21,6879),(22,22557),(23,1390),(25,8122),(27,24913),(28,1032),(29,16332),(30,19552),(31,33877),(34,7025),(35,3604),(36,5299),(38,12292),(39,15439),(40,23568),(41,15736),(43,7197),(44,17066),(45,18278),(46,6970),(47,11691),(48,11840),(49,30500),(50,29940),(52,17548),(53,31166),(54,17700),(58,3245),(59,20788),(61,13136),(62,3030),(64,541),(67,26786),(69,8611),(70,15558),(73,11030),(74,21062),(75,6286),(77,28813),(78,4253),(79,8388),(80,7530),(82,6909),(84,22211),(85,31971),(86,11259),(91,17184)]	235.080339
934	[(4,2230),(5,32217),(7,24989),(13,2351),(14,14052),(15,29702),(16,10621),(18,365),(20,30216),(21,28467),(23,7578),(25,32119),(26,22292),(31,20537),(32,27359),(33,17571),(35,27916),(37,3093),(41,17767),(42,10767),(43,20915),(44,9808),(47,3025),(48,23483),(52,12412),(53,30349),(54,10809),(55,21441),(56,29019),(60,23084),(61,12369),(65,22008),(66,18707),(68,31520),(71,30926),(74,32125),(84,6151),(85,2302),(87,21299),(92,19722)]	257.688717
935	[(0,20848),(2,33831),(3,18403),(10,142),(12,2042),(17,13863),(18,30791),(19,33630),(22,24416),(25,3600),(26,8515),(27,8184),(28,21733),(29,17804),(31,31644),(33,13836),(34,19106),(35,9794),(36,22355),(41,24553),(42,27660),(49,14199),(51,4744),(52,11549),(53,11397),(54,2513),(56,26304),(57,13148),(58,24080),(61,12852),(62,32915),(63,3246),(64,4109),(66,14499),(69,15878),(73,11150),(75,25074),(76,234),(79,1698),(81,9091),(83,8302),(85,25216),(88,25039),(89,7784)]	234.805358
936	[(2,18017),(3,8919),(6,20017),(7,1916),(8,26901),(10,25239),(11,8940),(12,3562),(14,17736),(16,28194),(21,27591),(22,10021),(24,10018),(27,10775),(28,23972),(29,731),(35,6569),(37,1083),(38,2083),(39,14402),(40,6586),(41,6468),(42,19332),(44,32316),(45,26034),(47,9145),(48,2416),(50,14657),(54,26925),(55,18514),(56,11786),(58,21222),(59,19125),(60,13372),(62,21438),(63,15018),(64,23720),(65,4509),(67,23027),(69,3483),(71,15726),(72,30239),(74,18672),(75,30111),(76,2484),(78,29779),(79,12783),(81,25162),(82,8223),(84,22067),(85,21016),(86,15417),(87,33870),(90,31072)]	245.213304
937	[(1,33572),(4,16018),(5,25431),(7,5514),(15,32603),(18,19748),(20,23004),(22,19099),(24,19611),(25,15552),(27,5506),(29,9369),(30,13269),(32,14349),(33,23860),(39,2246),(41,9111),(42,31206),(43,6093),(44,28696),(46,32154),(47,7611),(48,2543),(50,15297),(52,27297),(54,14678),(56,1983),(58,9912),(59,6830),(60,1371),(62,26196),(66,15274),(68,16467),(69,33265),(71,22547),(72,3558),(74,24283),(77,11238),(79,26457),(80,6898),(81,31270),(83,30790),(84,28707),(86,11174),(88,1430),(90,1999),(92,7987)]	227.618831
938	[(1,7609),(3,27876),(7,10690),(8,17326),(10,7955),(11,28573),(13,19558),(14,3517),(16,9571),(17,22891),(20,16821),(23,14358),(24,13026),(25,15894),(28,7052),(32,14486),(33,26284),(34,18508),(35,23324),(37,21505),(39,8536),(41,32998),(42,27831),(44,32783),(45,33483),(49,33278),(52,33904),(53,14979),(56,31812),(57,21844),(58,10384),(59,21357),(61,2237),(63,7699),(64,30197),(66,2073),(68,18954),(69,15117),(72,3277),(73,29478),(76,7433),(78,3241),(82,4889),(84,10563),(86,29992),(89,22554),(90,21165)]	237.714009
939	[(0,14897),(2,13245),(5,12283),(6,11399),(7,2774),(12,16562),(13,20275),(20,33394),(21,6486),(22,9809),(23,24587),(25,25516),(26,11706),(27,8132),(28,11353),(32,30055),(33,29556),(35,24305),(37,8138),(41,7531),(43,22240),(44,27530),(45,26445),(46,32059),(50,2611),(53,5204),(54,7788),(56,24490),(58,20207),(59,12847),(62,4860),(67,7122),(68,33684),(70,23397),(71,14657),(76,11263),(77,31283),(78,25327),(79,15316),(83,31299),(84,21773),(85,24182),(86,27780),(90,6014),(91,32330),(92,8143)]	223.707486
940	[(1,31577),(3,6100),(9,25753),(10,9547),(13,8724),(14,13381),(15,10095),(16,17884),(18,9570),(22,23159),(24,16464),(25,30611),(26,32594),(28,28641),(30,16893),(32,20414),(34,29759),(38,17581),(39,7867),(41,22981),(45,28327),(47,2292),(49,6909),(50,23013),(51,29140),(54,31542),(56,19264),(58,8501),(64,30472),(65,9029),(67,24039),(68,23656),(70,12448),(72,31925),(73,26001),(78,18049),(81,25564),(82,27156),(84,21977),(89,5343),(90,26887)]	227.482679
941	[(0,10702),(1,14833),(3,20550),(13,23729),(14,4118),(15,25187),(16,19044),(18,4718),(26,13927),(29,2507),(30,21215),(31,7656),(33,30932),(36,368),(39,19710),(40,7993),(41,10413),(42,28049),(45,17103),(49,27050),(52,548),(53,7284),(54,21818),(55,5770),(57,31589),(59,5979),(60,8090),(62,1066),(68,8042),(69,8830),(72,19307),(73,15627),(75,11140),(78,10574),(79,22332),(80,33295),(81,1108),(82,2157),(83,17762),(84,9113),(87,22261),(91,19220)]	249.273292
942	[(2,12702),(3,19059),(4,188),(5,26976),(8,25562),(9,14563),(10,10524),(11,21791),(14,23888),(16,33329),(18,33680),(21,3734),(23,29580),(24,28208),(25,4178),(26,4131),(27,19893),(28,24433),(29,14581),(30,33840),(31,953),(33,14770),(39,6241),(43,5481),(45,28002),(47,781),(49,30220),(51,20384),(52,17164),(54,26708),(55,23361),(56,28832),(59,24916),(63,14959),(64,6475),(69,14784),(70,8202),(71,25856),(72,991),(73,9599),(74,32008),(76,14982),(79,15421),(80,2904),(83,8929),(86,25215),(87,30344),(88,30558),(89,17323),(90,22895)]	247.512899
943	[(1,31180),(3,28053),(5,9505),(6,12158),(7,9993),(9,4012),(10,1892),(11,31237),(13,31309),(14,19379),(15,31349),(16,16951),(17,28023),(20,12626),(21,5387),(22,21116),(28,23217),(29,44),(31,32686),(33,2477),(34,25000),(36,18734),(37,15443),(39,15458),(42,1583),(44,6680),(46,20941),(47,2980),(48,20296),(51,32254),(52,24397),(54,19629),(55,30935),(57,14015),(58,29762),(59,20168),(60,11750),(61,1795),(62,1359),(63,30124),(65,9131),(66,27158),(67,7004),(70,22924),(71,18579),(74,19376),(77,31725),(82,27002),(84,27873),(85,17176),(89,17067),(90,1563),(92,13405)]	128.945847
944	[(4,14067),(5,33825),(8,22300),(9,28859),(11,25391),(15,33141),(17,819),(22,8594),(23,13049),(24,7257),(26,8052),(27,10136),(29,31065),(30,30931),(36,14813),(39,30017),(40,1426),(41,18205),(43,16601),(47,32414),(53,24443),(59,23962),(61,26774),(62,31690),(66,8436),(68,4972),(70,20953),(71,17868),(74,3965),(75,8067),(78,8639),(79,27603),(81,17131),(83,3138),(88,29527),(91,24920)]	106.482761
945	[(0,13491),(1,14258),(5,14985),(7,13811),(10,28055),(11,22027),(12,29153),(16,2788),(17,19049),(18,29352),(21,21692),(22,19750),(23,23295),(24,2339),(25,8333),(26,14617),(27,24844),(28,31421),(31,27405),(32,31134),(33,17336),(34,1275),(35,1457),(36,13179),(41,18793),(44,33610),(48,2188),(50,275),(51,10735),(52,12821),(54,22334),(59,23280),(60,33586),(61,24171),(62,12567),(64,13809),(68,2699),(69,3712),(71,14714),(72,10927),(74,19967),(75,18704),(77,21191),(78,21639),(80,29923),(81,17854),(82,18529),(84,27095),(85,1608),(87,1072),(91,3704),(92,27742)]	102.827321
946	[(1,29756),(3,32443),(4,19511),(5,20374),(10,11304),(12,6775),(13,21167),(15,27932),(18,25673),(22,16299),(24,7970),(26,15445),(30,28587),(31,27301),(34,6858),(40,6288),(41,5367),(45,33579),(46,3090),(48,30140),(53,24412),(54,6472),(59,14947),(61,31803),(63,27982),(66,23292),(67,20413),(68,18135),(69,21731),(72,32796),(74,15253),(76,20410),(77,1651),(78,19800),(79,11775),(80,2636),(81,28027),(82,15702),(86,26898),(87,30387),(88,18163),(89,7014),(91,17766),(92,4453)]	104.846941
947	[(0,11110),(1,7424),(2,33551),(3,19771),(5,10728),(6,25388),(7,25845),(10,1891),(12,8668),(14,30523),(15,30784),(17,4730),(22,30793),(23,11676),(24,26770),(26,25826),(27,12901),(28,8792),(30,33581),(32,13734),(33,29960),(35,4335),(36,11292),(39,19311),(41,16652),(43,4946),(44,32749),(45,12849),(47,11166),(49,5242),(52,4383),(53,7903),(59,8638),(63,7082),(64,27589),(66,6609),(67,33433),(70,31396),(73,4519),(76,13700),(77,2835),(78,15957),(80,11670),(81,18960),(82,30268),(83,26018),(84,8291),(86,14713),(87,383),(92,10779)]	114.951393
948	[(0,7810),(1,23600),(3,20159),(4,30542),(6,21648),(10,1141),(12,25478),(13,16303),(15,8209),(16,23381),(20,14042),(21,6657),(22,31884),(23,17465),(24,21617),(26,20370),(28,10135),(29,31807),(30,20996),(34,18993),(36,29690),(37,33029),(39,28418),(45,22596),(46,21841),(50,26532),(52,16986),(56,20169),(57,20080),(59,33561),(61,24106),(65,16707),(66,29513),(68,1695),(70,21195),(79,29185),(81,23230),(83,30324),(84,20646),(85,25359),(87,31890),(88,18316),(91,14998)]	130.812002
949	[(0,27018),(1,18883),(2,16627),(3,13163),(4,7217),(5,24102),(6,9425),(7,25888),(8,27839),(9,18104),(10,27298),(13,227),(15,29462),(16,28686),(17,21066),(20,598),(21,31216),(22,30351),(23,5377),(24,4582),(25,26569),(27,30561),(28,22557),(29,762),(30,450),(33,22941),(35,22583),(36,27339),(37,19777),(38,27299),(40,20213),(41,17504),(43,446),(44,19052),(45,24905),(48,2080),(50,10673),(53,17651),(55,10041),(60,10278),(62,19967),(65,18438),(67,33043),(68,15386),(69,8387),(70,33518),(71,12105),(74,25083),(75,20610),(76,4642),(79,4153),(81,13246),(82,26371),(85,9905),(88,4934),(89,18954),(91,20834),(92,8011)]	99.057791
950	[(1,4013),(2,32617),(5,12250),(9,1818),(10,10188),(12,14623),(13,28571),(14,25830),(15,11092),(18,15063),(19,6683),(22,4214),(24,7095),(25,13889),(26,29949),(27,27423),(28,30871),(29,26135),(30,28393),(35,6747),(36,2878),(38,17041),(40,16686),(41,395),(42,25622),(44,29145),(48,18642),(50,22729),(51,13625),(52,27506),(53,4150),(55,9350),(56,23328),(59,7378),(60,23207),(61,23688),(63,6425),(66,13250),(68,29252),(70,22629),(77,2806),(78,19299),(79,11585),(80,25294),(81,1023),(83,26038),(85,8767),(86,10210),(88,30705),(89,33741),(90,32771)]	105.766479
951	[(0,22876),(2,10384),(3,21357),(6,13154),(12,8725),(13,25535),(14,18767),(17,17463),(18,1221),(21,23188),(22,6455),(23,11887),(27,16981),(30,4057),(32,13995),(33,15501),(35,2089),(37,20345),(38,22532),(39,23393),(45,31962),(46,26815),(47,33910),(49,194),(50,17072),(52,26926),(58,30664),(59,30670),(65,13023),(66,4643),(68,24382),(69,23615),(70,28869),(75,10978),(76,23221),(77,31214),(78,11805),(79,30693),(80,31702),(83,9826),(86,28890),(87,20189),(88,33025),(89,13212),(90,16841),(92,3365)]	119.063644
952	[(0,30822),(3,32851),(4,19252),(10,6460),(11,33012),(14,24221),(15,27639),(16,7972),(19,13622),(20,25773),(22,29126),(24,17031),(26,1244),(33,30080),(34,18148),(41,11705),(42,29442),(43,30213),(44,10995),(47,12191),(48,27724),(49,24263),(50,19005),(55,31394),(56,3929),(61,30187),(65,14577),(67,15011),(68,9506),(71,25892),(72,24471),(73,2584),(74,1745),(75,24301),(77,28102),(78,10424),(82,29962),(83,2057),(84,23504),(85,7693),(91,11136),(92,28004)]	110.785363
953	[(0,8213),(2,7478),(6,278),(8,6650),(9,29588),(11,11593),(14,13850),(15,19775),(16,8489),(17,32023),(19,19186),(21,5198),(26,26246),(31,22912),(32,3463),(36,2209),(37,380),(40,2594),(44,22214),(45,27860),(47,4503),(49,28537),(51,31042),(52,12694),(53,11643),(57,21604),(58,4802),(59,7039),(60,8931),(61,16635),(62,26618),(63,16794),(64,462),(67,31001),(71,8619),(73,12701),(74,2031),(76,6592),(78,8933),(80,27569),(81,25364),(82,13016),(83,29638),(85,2791),(86,3580),(90,16675),(91,30378)]	99.559525
954	[(0,19802),(3,5193),(4,3878),(5,33388),(9,1928),(10,9203),(14,29008),(15,7121),(17,33454),(19,25042),(23,28661),(26,905),(27,13259),(28,8300),(29,28132),(30,10157),(31,4041),(33,26922),(35,16024),(37,4256),(44,19132),(45,29523),(47,13197),(49,26221),(50,1580),(52,12837),(53,30920),(54,9587),(56,33243),(59,5659),(60,18478),(61,7817),(63,16476),(67,17527),(73,16825),(74,15182),(75,18586),(76,28351),(78,19178),(80,15896),(83,22819),(84,18212),(85,348),(87,739),(88,1354),(89,26833),(90,17955),(92,7519)]	98.738489
955	[(5,3562),(13,27817),(15,14780),(18,26356),(19,26767),(21,32461),(22,1266),(25,25211),(26,27091),(28,26140),(30,11773),(32,33477),(33,8371),(34,14762),(35,16003),(37,21767),(42,13262),(44,12733),(45,5672),(46,7207),(47,15992),(49,21610),(50,30754),(51,14777),(53,9662),(54,17200),(55,2662),(56,18290),(57,2954),(59,30473),(61,182),(62,27010),(64,3512),(68,27590),(69,30074),(70,25599),(72,10363),(74,13553),(75,11660),(76,4471),(79,18923),(83,24114),(84,16395),(85,16330),(87,25906),(88,31639)]	101.668807
956	[(0,5855),(1,3656),(2,26648),(3,7730),(5,15241),(6,1002),(7,6367),(9,14895),(11,18051),(15,30523),(16,9974),(17,32004),(18,12417),(20,1301),(21,12254),(22,7395),(23,11618),(24,7564),(25,30773),(27,11736),(28,29234),(37,25454),(39,30772),(40,12115),(43,26027),(44,19535),(48,9139),(51,7050),(52,23926),(54,8300),(56,21979),(57,16950),(59,5820),(62,28358),(64,10357),(65,1486),(66,8684),(67,15925),(70,19051),(71,22045),(73,28804),(74,29037),(76,8147),(78,15434),(84,23252),(86,16866),(88,25453),(89,26798),(91,4367)]	109.719036
957	[(0,27110),(2,25751),(3,6834),(5,31499),(6,24692),(8,12192),(12,15111),(13,27453),(22,24287),(23,12155),(26,1537),(29,24740),(30,22966),(33,27122),(34,5819),(36,5341),(38,14660),(41,10458),(44,27743),(46,3825),(50,32316),(51,9775),(52,4067),(54,24741),(55,20568),(56,5995),(57,18436),(58,23667),(61,9419),(63,7944),(65,1639),(66,24435),(69,10631),(70,14333),(74,13787),(75,8321),(77,17276),(81,12547),(82,32691),(83,16466),(84,920),(88,3108),(89,22943),(90,7785),(92,25541)]	102.096348
958	[(0,15461),(1,18160),(2,6642),(3,22158),(5,1991),(6,16510),(12,7714),(13,15563),(14,6741),(15,9973),(17,17026),(20,11248),(23,19039),(26,9780),(27,15631),(37,8512),(38,20369),(42,20617),(44,23183),(45,23868),(46,453),(49,28530),(52,23309),(55,9122),(56,19932),(57,2124),(59,30486),(60,10251),(62,5384),(63,2203),(64,6001),(65,29726),(67,21428),(68,21576),(70,2648),(71,22256),(72,5893),(76,9211),(78,23067),(79,7674),(82,7189),(83,7046),(85,10359),(86,12865),(87,20316),(88,20987),(91,3569)]	120.740383
959	[(3,6848),(7,7255),(9,19477),(14,8180),(15,18800),(16,135),(19,7354),(21,29905),(23,901),(24,15399),(25,22778),(27,23124),(28,778),(30,23272),(31,23719),(33,18741),(34,7725),(36,12322),(38,2790),(39,21440),(40,24536),(41,19380),(44,6735),(46,12115),(47,25839),(48,31501),(51,5193),(55,2271),(57,712),(58,23730),(59,853),(68,15908),(69,24092),(70,5212),(72,18736),(73,6386),(74,3538),(75,204),(76,21567),(79,27953),(82,14655),(84,21357),(87,7480),(88,10417),(90,31636),(92,13152)]	99.749376
960	[(2,12387),(3,24207),(5,32964),(6,26159),(7,4190),(8,25061),(9,4698),(10,15568),(11,6897),(16,19631),(17,12935),(20,22883),(21,1567),(23,22349),(26,2804),(27,6451),(32,12354),(34,347),(36,30342),(38,4216),(41,1102),(42,29462),(44,74),(45,18694),(46,26132),(50,21301),(51,6265),(53,26701),(54,24996),(58,18149),(59,18534),(60,3722),(62,22685),(63,9867),(64,23474),(65,19445),(67,12906),(68,18273),(70,13101),(75,12240),(76,26891),(77,6171),(78,3314),(79,8514),(80,25227),(81,328),(83,19730),(84,29710),(86,12720),(90,27217),(91,27024),(92,19575)]	105.706258
961	[(0,20878),(3,28001),(4,16293),(5,33817),(7,21241),(9,33167),(10,9414),(11,21054),(13,8828),(14,33827),(17,15088),(21,19682),(22,12994),(23,23723),(25,18410),(26,1293),(27,30914),(28,20178),(30,6543),(35,6341),(44,97),(45,33842),(53,1011),(55,29438),(56,17988),(57,26530),(59,20638),(65,11788),(69,9615),(70,14531),(71,32136),(74,12587),(75,10716),(76,12500),(81,15482),(82,29515),(83,28965),(84,21887),(85,10032),(87,21770),(88,23773),(90,24896),(91,16922)]	106.474900
962	[(0,33675),(8,32132),(9,18715),(13,33261),(14,16405),(17,27768),(18,833),(20,27644),(21,19662),(22,9494),(24,13805),(26,30450),(27,30433),(28,8083),(36,8050),(37,21690),(39,19249),(40,8768),(42,23616),(43,30800),(45,1987),(46,9722),(48,20112),(50,27008),(51,12239),(52,10256),(55,12370),(56,448),(57,21952),(59,14629),(61,24360),(63,23266),(66,23666),(67,33306),(68,25129),(69,12574),(70,18636),(71,32432),(76,613),(79,14567),(80,18041),(81,30967),(82,16547),(84,18309),(86,5611),(87,27259),(90,6764)]	104.597451
963	[(1,10638),(2,22921),(3,8523),(4,33884),(5,10438),(7,10385),(8,3532),(9,15763),(10,30180),(11,8876),(13,31749),(14,14148),(16,18311),(20,12345),(24,21613),(25,3609),(27,9476),(28,14261),(29,28795),(31,11279),(34,23922),(37,11914),(38,8235),(43,29406),(44,26768),(46,13926),(49,3407),(50,10128),(51,26230),(53,17256),(54,8167),(58,14180),(59,14865),(60,30286),(61,1712),(62,13791),(63,17667),(64,31252),(65,16412),(66,25494),(69,25761),(70,2172),(71,19456),(72,20658),(77,18262),(79,7531),(81,934),(84,31549),(85,4686),(88,24560),(89,2567),(90,23172)]	103.622342
964	[(2,22805),(3,28951),(4,15475),(5,3344),(6,21459),(11,16922),(14,23012),(18,18685),(19,30320),(20,33657),(22,18511),(23,31347),(24,33418),(25,26906),(27,7123),(28,4886),(29,466),(31,28124),(33,19081),(34,7518),(38,19063),(39,31153),(42,2595),(45,10361),(46,17610),(48,24690),(50,1584),(51,29782),(53,24057),(54,4542),(56,22642),(59,11374),(60,32169),(62,2600),(64,28692),(65,16388),(67,21563),(68,29605),(70,7909),(72,17789),(73,2243),(74,24670),(76,23329),(80,8315),(82,1528),(83,8118),(85,32626),(86,13880),(88,3676)]	97.119047
965	[(2,14222),(5,25713),(7,26819),(11,7790),(14,28753),(19,745),(20,8044),(23,27239),(26,8244),(27,2323),(31,22362),(33,13026),(34,15894),(37,21762),(38,29221),(39,25815),(42,20974),(45,3026),(46,32558),(50,29596),(56,29118),(57,8352),(58,29521),(59,32613),(60,4120),(63,8311),(70,17133),(72,18043),(73,3668),(74,26695),(76,19542),(77,26477),(79,29745),(80,12113),(81,28763),(82,22647),(83,5329),(85,23203),(86,21613),(87,18623),(90,11259),(92,3122)]	111.973231
966	[(0,2214),(4,20289),(5,21537),(6,33730),(9,19865),(11,21068),(12,5211),(13,24871),(15,793),(17,29769),(19,9119),(20,29556),(24,31632),(25,25859),(26,16476),(27,26386),(28,19053),(29,6244),(30,19930),(31,16919),(32,21272),(33,16629),(34,3326),(37,9332),(40,11615),(41,25226),(43,27686),(44,186),(45,21622),(47,6990),(48,28405),(51,27215),(52,28813),(53,4253),(54,3891),(55,9789),(56,1234),(57,7350),(58,854),(60,21220),(63,5666),(64,15061),(66,16710),(68,19507),(69,22024),(72,6972),(74,5414),(75,25756),(76,19700),(77,13654),(79,20149),(80,7173),(81,4547),(82,29357),(84,31679),(85,3267),(87,11291),(88,25998)]	102.121712
967	[(0,21613),(1,18623),(2,22950),(5,33609),(6,28748),(7,3155),(8,29904),(10,6350),(11,25265),(12,25414),(13,18697),(15,2258),(17,11275),(21,20567),(22,16083),(28,4218),(29,20330),(30,15082),(32,25753),(35,30906),(36,33537),(38,28363),(39,7220),(43,13842),(44,401),(46,12995),(47,23173),(49,28116),(50,13218),(51,31264),(52,9855),(53,12189),(54,22356),(55,28036),(56,2799),(57,23277),(58,13352),(59,25060),(60,18057),(62,15471),(65,22073),(67,2895),(69,8551),(71,30345),(72,24510),(74,5359),(77,2201),(79,23451),(80,5980),(81,29216),(87,17462),(90,24970),(91,32433),(92,32271)]	122.410460
968	[(0,10659),(1,16531),(2,1311),(5,8386),(7,15730),(9,18151),(14,15659),(15,25025),(17,31313),(19,25992),(20,28333),(21,3664),(22,29410),(24,23228),(26,33668),(27,28021),(30,2318),(31,978),(32,24498),(35,6926),(36,27336),(38,15857),(42,26835),(43,25495),(44,16069),(45,14723),(47,18527),(49,19792),(50,10902),(52,27450),(53,15108),(54,5225),(56,16875),(58,11353),(63,27690),(64,14825),(66,32138),(67,5237),(68,9773),(69,22102),(71,19243),(72,26948),(73,8696),(74,2097),(76,11809),(80,14922),(82,18184),(84,13272),(85,15777),(87,33687),(89,4832),(90,13223)]	100.255338
969	[(0,21036),(2,19964),(3,2311),(7,14429),(9,6835),(10,28700),(12,22842),(13,18369),(15,2403),(16,16825),(17,6189),(18,4257),(19,21807),(20,8248),(21,17180),(22,12493),(23,10257),(25,12034),(26,12480),(28,13249),(29,8226),(30,3873),(34,30660),(36,2372),(37,32709),(39,2614),(40,30572),(42,20241),(44,31814),(45,16473),(48,19522),(51,11238),(52,13753),(54,12570),(55,33123),(56,12536),(58,24432),(59,2909),(60,16212),(61,28845),(63,30963),(64,1531),(65,31033),(66,13246),(67,26986),(69,21765),(70,12178),(73,12250),(78,14184),(80,31873),(85,3322),(86,28770),(91,13316),(92,17194)]	101.067152
970	[(0,4171),(3,18387),(4,2362),(5,10881),(6,2420),(7,3565),(9,3833),(12,19204),(14,11338),(15,24923),(17,965),(18,33690),(21,4833),(22,19096),(23,5214),(27,22431),(30,21507),(34,32375),(36,5112),(38,18180),(40,30740),(41,31852),(45,30611),(50,31746),(52,2980),(54,18257),(56,23577),(57,599),(58,16242),(61,24696),(62,5580),(63,20640),(65,31375),(67,13576),(68,15576),(69,7875),(72,11996),(74,20401),(78,6597),(80,9835),(83,7763),(84,29998),(85,15849),(89,28336),(90,6759)]	111.491683
971	[(0,30425),(2,26554),(3,23175),(4,17649),(6,30794),(7,29534),(8,31239),(10,27444),(11,208),(12,23542),(14,24909),(15,22309),(17,18151),(19,30980),(20,7118),(21,19808),(22,431),(28,741),(31,29905),(33,6150),(35,14796),(36,26038),(39,17563),(40,29894),(45,21961),(46,42),(47,6563),(54,29324),(55,17468),(56,5626),(57,31365),(59,27700),(60,13914),(61,20596),(62,15335),(63,20489),(65,32293),(66,26664),(69,25833),(71,14692),(72,30157),(74,24593),(77,20117),(79,7451),(81,2168),(82,32035),(83,11611),(85,32136),(86,15613),(90,29317),(91,23861),(92,21736)]	108.828112
972	[(0,27029),(1,32774),(4,15951),(6,33046),(7,28471),(8,15784),(9,9777),(10,22312),(17,8798),(18,194),(21,5271),(22,33613),(23,10881),(24,2420),(25,21039),(26,6035),(29,14454),(31,17266),(32,27736),(36,12610),(37,18191),(38,15654),(39,7053),(44,12659),(47,32557),(48,26684),(52,9794),(54,23905),(55,30987),(56,11303),(57,12818),(59,17220),(60,32271),(61,22173),(63,23586),(67,5592),(68,18861),(70,20040),(73,2201),(74,14972),(76,17047),(77,2756),(78,20751),(79,14423),(81,4320),(84,33142),(85,30414),(87,11401),(89,24173),(90,1834),(92,4403)]	106.578782
973	[(1,17576),(2,26571),(3,8162),(4,4925),(7,32689),(9,13978),(11,12102),(12,15630),(16,24615),(18,29143),(19,5510),(21,12622),(23,13903),(24,29815),(25,9878),(29,27461),(30,8901),(32,6138),(33,19428),(34,28891),(37,8207),(39,27248),(40,19621),(42,17683),(45,1870),(46,30426),(47,31699),(48,14089),(52,24443),(53,10126),(58,702),(59,7001),(60,27483),(62,16058),(65,19364),(70,409),(71,8016),(72,30067),(74,33619),(77,22394),(80,4733),(83,22991),(84,16768),(85,6083),(86,5523),(90,31815),(91,30948)]	105.074738
974	[(1,20546),(2,19868),(3,20881),(4,5250),(8,6625),(9,8848),(11,5311),(13,4377),(19,26092),(20,32934),(21,24553),(26,13516),(27,13466),(28,31638),(29,20713),(32,15568),(33,6897),(35,29915),(36,12182),(37,21128),(38,8386),(41,32376),(42,13042),(43,2444),(45,24710),(48,13289),(50,30493),(51,30884),(53,5136),(56,278),(58,15605),(60,13393),(65,20442),(66,329),(68,9231),(71,16484),(73,19791),(77,12769),(78,4624),(80,18865),(81,4742),(83,24879),(84,15899),(87,13438),(88,27645),(89,22283),(91,8464),(92,14294)]	102.950038
975	[(1,27924),(5,32798),(7,10519),(9,19508),(11,13745),(12,33654),(14,22497),(15,2063),(18,29714),(21,28636),(24,29938),(26,5875),(28,8630),(29,10256),(31,18838),(34,31495),(35,9401),(36,17890),(37,13674),(38,24494),(40,32502),(41,28628),(43,13977),(45,33879),(51,25990),(52,2953),(53,33263),(54,4408),(56,3824),(63,17486),(65,8093),(70,5564),(77,30650),(78,16741),(79,14489),(80,21496),(81,29269),(82,20035),(84,29723),(85,10507),(87,611),(88,9490),(90,17830),(91,20473),(92,10229)]	117.578113
976	[(0,23812),(3,33669),(5,28253),(9,19012),(10,26251),(12,2043),(13,24143),(15,13847),(16,29120),(19,10700),(20,19199),(21,22470),(26,2744),(30,23921),(42,10203),(43,9185),(44,10121),(46,12890),(52,11338),(53,22265),(54,19574),(55,1741),(56,25758),(58,11285),(62,11434),(66,9669),(68,19877),(69,19803),(72,24756),(74,3319),(75,20042),(78,8316),(80,17824),(83,13618),(87,16194),(90,14058),(91,27408)]	105.825105
977	[(1,5758),(3,26451),(4,28387),(5,9246),(7,4901),(10,28420),(11,9721),(12,18900),(14,13092),(15,3912),(16,20760),(18,10228),(20,16326),(27,5527),(31,15611),(32,5379),(33,30918),(34,19775),(35,8489),(36,32023),(38,29315),(40,26926),(42,16726),(43,6521),(44,15097),(45,23936),(47,15270),(51,27321),(52,3760),(55,7413),(56,14662),(57,12354),(58,123),(59,13200),(60,16890),(64,15627),(67,15909),(68,14297),(70,18424),(72,31111),(73,6779),(74,15499),(75,11621),(76,32503),(79,18893),(81,18288),(83,27707),(84,23385),(86,22068),(87,11633),(89,11926),(90,20051),(92,14098)]	123.281513
978	[(5,22395),(6,22390),(7,5285),(8,21160),(12,32741),(17,21070),(18,31432),(19,10201),(20,18431),(22,30650),(23,16741),(24,14489),(25,28809),(27,28551),(30,19382),(32,21437),(35,2293),(38,1482),(39,15943),(40,25837),(41,14368),(42,17905),(51,27175),(54,21347),(55,9125),(57,23593),(60,6587),(61,10722),(62,14551),(63,4482),(64,32388),(66,2604),(70,8582),(71,2966),(72,33585),(74,10753),(78,11461),(80,6428),(81,27315),(84,22498),(85,6913),(87,9515),(88,31172),(89,11288),(91,6795),(92,13517)]	111.421286
979	[(0,25716),(1,23821),(5,24409),(6,23139),(7,7696),(12,19360),(13,4671),(15,21734),(18,7818),(24,19023),(26,30851),(27,3900),(28,7625),(31,25237),(32,161),(34,14171),(36,19004),(39,25708),(40,22448),(41,33210),(44,11039),(47,1473),(50,2224),(52,4521),(57,17665),(59,11104),(61,28139),(62,6326),(65,28028),(66,8368),(68,18134),(70,9142),(71,2242),(72,26449),(74,23779),(75,9258),(77,32992),(78,16156),(83,14348),(85,14910),(87,77),(88,24085),(90,4171)]	123.353375
980	[(0,8438),(2,8461),(5,21419),(6,1125),(8,11043),(10,25639),(11,19204),(12,3644),(13,12170),(17,2641),(18,21009),(21,3399),(24,12531),(27,25467),(28,12710),(32,31468),(33,36),(34,13824),(38,3884),(39,22309),(40,30095),(42,26355),(45,32578),(46,29560),(47,8560),(51,6030),(52,7300),(55,2475),(57,16568),(59,26034),(61,32964),(65,19601),(67,10903),(68,12088),(69,5853),(70,11027),(71,32362),(73,30605),(74,1413),(75,4381),(78,28741),(79,26025),(81,29947),(82,13419),(84,23949),(86,1457),(87,21751),(90,1991),(91,7249)]	106.791155
981	[(1,31015),(2,7198),(3,23137),(5,13133),(8,32270),(9,10430),(13,13321),(14,31050),(16,16745),(17,17413),(18,14497),(21,3373),(22,26433),(23,2874),(24,2042),(27,3307),(28,27258),(30,17063),(31,27637),(34,3366),(35,13353),(42,9784),(43,17501),(45,7957),(49,8353),(51,16570),(52,7011),(53,26303),(55,12960),(56,11345),(61,11572),(62,29075),(64,26968),(65,33424),(66,29981),(67,20547),(70,25851),(71,18883),(72,7774),(73,23634),(74,23757),(75,29943),(77,33434),(82,32874),(83,22190),(84,8181),(87,3031),(89,33090),(90,33099),(91,24324)]	100.763842
982	[(0,7482),(3,6529),(5,23571),(7,4280),(8,4493),(10,15752),(13,26027),(14,19535),(19,26675),(22,4581),(24,1415),(25,17407),(26,25678),(27,20534),(29,11066),(32,4422),(33,14879),(34,5667),(35,28028),(36,1283),(38,6732),(40,21072),(41,14743),(43,33276),(45,7846),(47,285),(49,19983),(50,4035),(51,616),(55,14284),(57,24127),(58,9585),(59,9466),(61,17987),(62,8668),(64,30523),(65,30784),(66,5316),(71,3936),(73,4828),(74,7680),(76,26815),(79,9394),(80,6094),(82,1158),(85,10075),(86,16560),(87,8849),(88,29502),(91,33475),(92,6265)]	99.861824
983	[(0,22106),(1,32865),(2,30214),(5,32373),(6,22599),(9,3411),(11,19721),(12,5810),(13,20092),(15,12761),(17,30678),(18,17712),(19,23091),(23,14784),(24,22752),(25,20481),(30,29685),(31,5521),(32,28275),(34,22914),(35,5787),(38,676),(40,10354),(41,9542),(42,19647),(44,8568),(45,26191),(46,18134),(47,2300),(49,7061),(50,1051),(51,20011),(52,4530),(53,13626),(54,7332),(55,2239),(56,14607),(60,27452),(61,16754),(64,1582),(66,4669),(67,9524),(68,14564),(69,16337),(72,30636),(73,32067),(74,25233),(75,8712),(78,33290),(80,19767),(81,19988),(82,632),(84,18737),(85,20028),(86,647),(87,25449),(89,27074),(90,30864),(91,19754),(92,9170)]	101.059876
984	[(1,9906),(5,8138),(6,11504),(10,7454),(11,2447),(12,27472),(13,21966),(14,33159),(16,17203),(17,32979),(18,2523),(19,23307),(20,24693),(22,299),(24,2070),(25,32571),(27,16474),(30,22251),(31,23786),(32,27023),(34,30279),(36,149),(38,12542),(43,20849),(44,16419),(46,22273),(47,20140),(48,23208),(49,3456),(50,6342),(51,3748),(52,25518),(55,7148),(56,18492),(57,20004),(58,388),(60,25439),(64,23329),(73,2351),(75,15249),(76,28688),(77,23352),(79,30481),(80,20519),(82,5204),(83,31811),(85,5403),(88,7781)]	111.588076
985	[(0,29795),(2,28937),(6,7655),(8,18989),(10,20278),(11,28285),(12,27660),(14,30435),(15,30915),(16,30415),(19,18915),(20,23398),(22,8606),(23,9494),(26,6620),(29,20161),(30,20373),(32,14259),(33,16267),(34,18951),(35,1725),(36,966),(37,26155),(38,18568),(40,30895),(43,7746),(44,33753),(49,19875),(51,5143),(52,26459),(54,26452),(55,27762),(58,24700),(59,10905),(63,10861),(64,23971),(66,18987),(69,22052),(72,3193),(74,8619),(77,23178),(78,9041),(81,578),(84,23980),(85,4164),(86,25277),(87,10077),(88,31744),(89,10142),(91,13113)]	106.635555
986	[(1,11739),(2,1069),(5,16808),(9,31004),(10,25746),(12,26630),(13,18004),(14,31266),(18,3272),(20,6886),(22,26915),(23,9587),(26,22938),(29,23688),(30,3790),(33,1744),(35,25512),(36,3217),(37,29744),(38,11287),(41,15696),(42,15719),(43,6203),(46,18285),(47,13211),(48,21033),(51,1766),(53,12988),(54,31976),(55,13910),(57,33350),(58,4362),(59,28039),(60,5972),(63,26996),(66,31035),(68,12319),(70,13111),(71,31381),(76,6802),(77,9266),(79,8820),(80,7166),(81,6198),(84,32372),(85,33352),(87,10453),(89,23410),(90,14634)]	128.739468
987	[(0,30222),(1,14237),(6,13890),(7,17181),(8,23526),(9,25371),(11,12725),(13,17325),(14,5267),(15,794),(16,22855),(17,19388),(18,7138),(20,12875),(21,28280),(23,15901),(24,13509),(28,20827),(29,19359),(32,21293),(37,12979),(38,901),(42,8557),(45,10943),(48,2340),(49,29505),(52,22824),(54,19489),(61,2021),(62,17157),(63,4588),(65,6350),(67,14331),(68,15760),(72,23929),(73,32569),(76,6677),(78,9832),(79,10608),(84,28817),(85,16890),(89,13343),(92,18379)]	110.359728
988	[(0,1872),(2,3719),(3,17189),(4,6460),(5,33012),(6,20194),(7,3647),(8,16849),(10,27953),(11,27077),(14,5925),(16,7514),(19,26957),(20,26458),(21,10033),(22,24081),(24,21756),(25,27151),(28,18999),(30,20827),(31,32846),(32,27508),(33,8222),(35,7795),(37,31236),(38,10870),(39,14748),(47,4594),(49,18643),(50,12286),(54,20454),(56,26305),(59,8936),(61,8110),(67,21614),(68,11708),(71,25049),(72,2243),(73,31127),(75,9578),(77,30536),(78,31383),(79,20775),(80,12718),(82,26146),(84,26748),(85,5650),(90,19215),(91,28671)]	116.587597
989	[(2,2117),(3,30626),(4,7379),(5,17944),(6,8092),(7,16686),(8,395),(9,4007),(10,4471),(11,30188),(14,17058),(15,31467),(16,17723),(18,26563),(20,28961),(24,28637),(25,5883),(30,16210),(31,19547),(33,5594),(36,12912),(39,23443),(41,7634),(44,910),(45,15351),(48,32557),(49,30682),(50,17268),(51,17646),(54,30631),(55,7254),(56,6143),(57,11891),(58,27253),(59,19485),(61,25407),(65,20257),(66,5593),(67,6548),(68,32089),(69,8384),(70,10459),(73,13386),(75,14691),(78,9004),(85,31863),(86,18585),(88,26424),(89,2165),(91,12091),(92,31469)]	106.090160
990	[(0,4423),(3,27670),(4,4507),(5,17557),(8,12900),(10,10373),(15,1577),(17,31515),(18,33314),(19,2264),(25,31420),(26,20234),(27,3047),(31,28736),(32,5806),(33,7282),(34,19053),(35,6244),(36,19930),(37,17227),(40,26475),(43,10480),(46,8076),(47,30249),(50,33572),(53,30387),(56,17380),(61,10152),(62,12866),(63,28212),(66,21499),(67,31700),(71,18233),(72,22152),(73,9217),(76,2069),(77,33858),(78,20645),(79,27687),(81,11765),(82,11269),(85,10662),(86,11022),(87,10835),(90,24168),(91,25021)]	102.454364
991	[(0,25638),(1,17365),(3,10604),(7,13511),(8,13112),(9,7153),(11,10598),(13,23014),(16,27722),(17,31738),(20,11534),(21,16556),(24,5228),(26,7910),(29,30132),(30,19974),(31,12781),(32,4624),(33,20329),(35,27636),(38,2731),(39,28754),(40,13383),(41,21234),(42,27310),(43,6595),(45,15645),(46,12315),(48,29970),(52,30153),(54,12163),(56,7808),(59,4312),(61,5533),(62,26828),(63,15034),(64,10997),(65,27021),(66,15685),(67,4771),(71,12524),(72,13981),(73,21490),(76,16127),(81,20636),(83,4302),(86,5768),(87,20199),(89,15025),(91,12443)]	101.917486
992	[(0,12896),(1,14398),(2,27477),(5,26666),(10,2385),(12,16968),(13,4677),(15,32397),(16,15002),(18,14068),(19,18023),(20,9453),(23,8539),(25,27292),(27,24169),(28,4958),(29,25879),(34,8977),(37,17593),(38,1931),(40,19748),(41,25384),(44,24704),(46,31052),(48,28723),(52,19545),(53,6284),(54,435),(55,5199),(56,14280),(57,28434),(58,11746),(59,27624),(60,23275),(61,7672),(67,22584),(68,30113),(69,6808),(70,9313),(73,18086),(74,18804),(75,33293),(76,3079),(77,20590),(84,18739),(85,9865),(86,20379),(87,28063),(90,29787),(91,13568),(92,24774)]	103.165354
993	[(0,3083),(1,28762),(4,22424),(6,29531),(8,23220),(11,1711),(13,6901),(14,23881),(19,6259),(21,21081),(29,21316),(31,15324),(32,1909),(35,14707),(36,30662),(38,33399),(39,24014),(40,23164),(41,425),(42,3183),(43,16709),(49,11900),(56,9551),(60,3107),(61,4722),(65,9951),(66,16002),(69,30163),(71,27595),(72,2528),(73,13407),(74,2325),(76,28396),(78,3468),(79,30908),(80,23116),(81,3498),(83,24596),(86,12240),(87,8097),(88,14578),(89,7042),(90,33622),(92,6017)]	108.463821
994	[(4,14593),(8,12182),(10,32264),(11,21190),(12,8812),(16,5471),(17,14470),(18,1105),(20,6510),(24,30502),(25,13732),(27,22337),(28,15111),(29,23769),(33,16288),(34,9240),(36,15587),(37,29015),(38,22953),(39,20232),(41,15212),(42,14688),(43,8776),(44,2576),(45,27270),(47,19818),(49,4005),(51,21677),(53,26097),(54,5161),(56,15450),(58,30429),(59,30233),(62,17002),(63,12480),(65,28996),(68,29991),(70,21615),(71,15966),(72,18655),(75,27709),(78,23744),(80,20211),(81,9342),(83,32125),(84,9781),(87,25790),(89,20297),(90,11840),(92,26947)]	103.397604
995	[(0,24128),(5,9133),(6,27210),(7,25390),(8,21976),(10,4570),(15,19075),(17,24641),(18,9638),(19,14996),(21,19227),(22,7019),(30,22290),(31,32315),(33,2702),(34,30),(35,16299),(36,6101),(37,10897),(38,24877),(41,18312),(45,33778),(48,29473),(51,28459),(56,26243),(58,19335),(61,26194),(62,24347),(65,30735),(66,16360),(67,10117),(68,27638),(70,20755),(76,17650),(77,28637),(80,7478),(82,33315),(83,28929),(84,19115),(86,22217),(87,25510),(89,29459),(92,26613)]	97.567622
996	[(0,10790),(3,28263),(5,12220),(8,10924),(9,24514),(11,27908),(13,30402),(14,1211),(15,12948),(17,14848),(18,32621),(21,16145),(29,10241),(30,1542),(32,29238),(35,22788),(36,1471),(37,6988),(39,27443),(40,33541),(41,5775),(42,4018),(45,31075),(49,11316),(50,6749),(55,693),(57,13233),(58,7009),(59,15537),(60,4217),(62,17312),(64,18782),(65,15741),(67,21727),(68,8966),(71,15355),(74,11696),(76,27900),(77,31214),(81,9268),(86,20925),(87,16232),(88,31089),(89,13390),(91,32854)]	121.683823
997	[(2,32154),(3,8158),(4,16309),(8,3984),(9,27243),(11,20349),(12,19519),(14,32869),(15,17815),(17,18053),(18,1227),(20,2962),(21,22308),(22,11624),(23,21571),(24,2954),(26,30473),(28,9293),(30,17019),(31,18615),(34,31887),(35,7134),(39,3774),(40,5711),(41,14986),(42,3694),(44,20368),(46,26468),(48,31459),(49,30647),(51,1473),(54,21743),(56,2021),(57,17296),(60,1126),(61,203),(63,19608),(64,2674),(65,14541),(66,26849),(67,27884),(68,5442),(70,4108),(73,22480),(77,24904),(78,18334),(82,5447),(84,16966),(86,2565),(92,4206)]	106.366744
998	[(0,22734),(3,5269),(5,4845),(6,15897),(8,32922),(9,21332),(10,21316),(11,21842),(13,7390),(15,2609),(18,28986),(20,28278),(23,27143),(25,31291),(26,21953),(28,23553),(30,19755),(31,6509),(34,15639),(36,24431),(37,391),(38,9871),(42,8655),(43,33173),(45,27622),(47,23189),(49,4512),(52,5075),(53,820),(54,30415),(56,6035),(57,357),(58,6920),(59,31587),(60,13905),(61,30420),(63,21316),(66,4674),(67,12129),(68,29932),(69,28092),(70,28089),(71,30765),(72,20612),(75,21827),(76,9704),(80,30017),(83,14456),(85,10652),(87,28065),(91,23086),(92,7678)]	108.623746
999	[(0,26492),(1,26053),(11,14671),(12,20072),(13,10520),(14,33830),(15,19830),(18,33903),(20,14265),(21,10030),(25,21561),(26,1374),(27,23275),(29,14315),(31,31120),(32,32286),(33,21399),(37,20069),(38,10473),(39,23709),(41,3381),(44,4904),(45,4153),(47,8926),(48,4783),(49,26864),(51,3355),(53,29087),(55,26755),(56,18441),(57,20920),(58,19726),(61,25243),(62,24394),(63,3457),(64,7973),(65,16818),(69,31650),(70,270),(71,31904),(73,29931),(75,2077),(76,30433),(79,16588),(81,8590),(82,8736),(86,23844),(87,29619),(91,3278),(92,9722)]	100.672854
