ruleset_index	matches	time_ms
0	[(0,2947),(1,16916),(2,23015),(3,1468),(6,7812),(7,36705),(8,36321),(9,23834),(10,4442),(11,35397),(13,14884),(14,16349),(15,19179),(16,24106),(17,22108),(20,15914),(23,29312),(24,31500),(25,14839),(27,12737),(28,6675),(30,29909),(32,1689),(33,8036),(34,7459),(36,18618),(37,31763),(39,35819),(40,11392),(41,8155),(44,846),(45,32502),(46,22330),(47,16675),(48,25718),(49,31020),(50,27956),(51,4484),(52,34174),(53,33225),(58,8303),(60,6210),(61,18374),(63,33124),(64,22933),(66,12271),(68,23967),(69,17885),(72,9763),(73,17790),(76,17292),(77,9069),(78,20426),(80,3372),(81,4290),(85,1540),(87,15859),(89,35404),(91,19214)]	255.507482
1	[(0,37154),(2,19209),(3,4996),(4,14936),(5,36172),(6,22033),(7,8369),(8,34913),(9,17689),(14,10643),(15,4031),(17,24698),(18,12972),(19,26638),(20,1123),(22,36600),(24,9203),(25,23186),(27,32181),(29,19728),(30,30280),(31,11293),(32,35989),(36,34747),(37,29938),(42,28901),(43,278),(47,28488),(48,25809),(49,13224),(51,29873),(52,34212),(54,18199),(55,29472),(56,20559),(58,21262),(60,13796),(61,7670),(63,5578),(65,800),(67,34521),(70,15787),(72,2335),(73,4165),(75,25712),(76,36645),(79,3967),(81,4862),(84,12037),(85,23634),(86,37348),(89,8357),(91,13027)]	237.960151
2	[(1,11591),(3,19976),(4,16697),(5,36625),(8,7659),(9,20126),(10,8480),(11,36913),(13,6716),(16,28484),(18,25097),(20,36174),(21,26498),(23,18051),(25,8773),(26,17210),(27,1089),(28,20199),(31,29082),(34,2468),(36,104),(38,2947),(39,31965),(40,15927),(41,628),(43,29871),(46,27155),(47,16134),(48,1800),(49,10848),(50,10145),(52,11188),(53,4106),(54,15001),(55,24116),(58,23283),(59,2871),(61,17017),(62,10123),(63,36956),(65,3372),(66,4290),(67,23198),(71,36807),(72,5095),(73,25973),(74,10560),(77,18204),(78,30247),(80,30223),(81,7427),(82,1201),(83,37226),(84,16448),(85,13067),(86,2594),(87,23660),(88,34525),(89,36386),(90,2003),(91,18295),(92,32357)]	255.150945
3	[(0,34165),(1,10506),(3,17050),(8,10132),(9,6465),(11,24411),(14,18247),(17,19283),(18,18027),(19,1697),(22,187),(24,1837),(25,23257),(26,18753),(27,28937),(28,11847),(31,4902),(32,35935),(34,32114),(38,21139),(40,9589),(41,8569),(42,3967),(47,30892),(48,718),(60,11255),(61,29031),(62,7429),(64,4857),(65,24859),(66,31420),(67,32397),(68,488),(72,7343),(73,16278),(74,26511),(75,21219),(77,31770),(79,22095),(80,24897),(81,10631),(82,15098),(83,36748),(84,1743),(85,2995),(88,33874),(89,17118),(90,10617),(91,3261),(92,25296)]	252.886197
4	[(0,23910),(1,403),(2,33852),(3,27412),(4,31485),(6,18325),(7,28304),(11,3479),(12,36490),(13,27816),(14,21682),(15,19484),(18,26043),(24,31201),(25,11514),(26,16677),(30,27157),(31,8506),(32,21818),(35,29268),(36,8441),(39,10823),(40,16844),(41,33552),(46,25358),(47,5401),(48,20980),(49,4971),(50,11984),(51,27705),(53,16952),(54,25708),(57,28587),(58,16506),(61,18951),(62,5124),(63,31417),(64,35173),(65,33084),(66,32786),(67,13660),(68,18670),(69,21512),(70,26250),(73,23542),(74,36069),(76,31731),(77,36723),(78,31512),(80,27455),(81,20934),(84,27219),(85,13511),(87,18035),(88,7958),(89,13542),(90,24000),(91,1735),(92,25827)]	269.010554
5	[(0,29097),(2,26033),(4,3562),(5,22584),(7,28645),(10,32476),(12,15846),(15,27515),(16,17413),(17,4677),(19,4405),(21,31853),(22,19),(23,14080),(25,25011),(30,10409),(31,23335),(32,19495),(33,18021),(35,19428),(36,34841),(37,37185),(38,15038),(39,18350),(42,24141),(43,16688),(44,33159),(50,16751),(52,9075),(53,34988),(55,22970),(56,15996),(59,5667),(60,1583),(62,1512),(66,27081),(67,34093),(68,4087),(69,26553),(70,12504),(71,22065),(72,25329),(73,18915),(75,26180),(76,32458),(77,24519),(81,2290),(82,35708),(83,16744),(84,18020),(86,33374),(87,34312),(88,15712),(89,35877)]	243.332030
6	[(0,12161),(1,31163),(2,28286),(3,6538),(4,17163),(5,26259),(8,19945),(9,9597),(12,19057),(13,2895),(15,4303),(16,20242),(17,31597),(19,10126),(20,27680),(21,7806),(24,9751),(25,14814),(26,24871),(30,31140),(33,28065),(35,37214),(38,129),(39,26764),(44,3655),(45,2658),(47,35094),(48,8114),(49,20852),(50,35342),(54,19603),(55,11328),(57,9658),(59,29960),(61,10568),(62,21119),(63,22305),(64,9367),(67,35855),(68,33858),(70,10751),(72,17123),(74,8340),(75,25932),(76,25038),(77,8809),(78,30429),(79,4243),(81,33265),(82,13280),(83,32556),(88,29417)]	265.788021
7	[(0,3232),(1,29500),(4,24991),(5,13185),(8,31236),(9,2817),(13,27430),(15,22996),(16,717),(24,1194),(25,7844),(26,35362),(28,32632),(30,31421),(32,37114),(35,8084),(36,20056),(37,17889),(38,11137),(39,14981),(40,26102),(41,5297),(42,20197),(43,34047),(44,34),(50,29389),(52,30963),(57,20393),(58,8299),(60,35431),(61,11531),(64,6641),(68,32008),(69,15120),(70,33276),(71,29185),(72,17612),(73,21846),(74,31927),(75,31761),(77,3999),(79,27683),(80,11588),(81,27390),(84,25291),(86,27722),(87,32670),(88,28663),(89,5171)]	237.048452
8	[(0,20626),(1,29887),(2,29202),(5,18834),(6,14628),(7,36900),(8,32290),(10,1433),(14,1686),(16,17556),(17,12799),(18,20731),(19,3435),(20,31833),(25,30810),(28,20358),(30,8923),(31,4759),(32,5740),(34,20610),(35,8689),(36,23780),(37,13192),(38,35812),(39,3488),(41,20039),(44,6466),(51,3978),(52,8976),(54,18247),(55,12221),(57,25788),(59,13975),(60,10861),(61,18154),(62,7544),(63,8475),(64,1490),(65,4958),(66,32586),(67,25407),(68,22285),(70,30391),(71,22024),(72,22028),(73,2651),(75,20850),(77,11200),(78,33192),(80,20953),(81,10491),(82,17768),(83,34176),(84,15539),(88,22872),(90,26244),(91,7430),(92,1835)]	246.728861
9	[(2,17369),(3,1405),(5,29881),(7,30899),(8,29489),(9,4911),(10,8400),(12,29511),(13,25552),(15,17762),(20,18358),(23,1384),(24,27906),(25,7345),(27,28652),(28,12171),(29,32451),(31,18512),(33,34193),(35,28684),(36,25506),(40,33349),(41,29860),(42,35257),(44,18624),(45,11375),(46,20467),(48,6983),(49,25146),(50,16818),(52,33879),(57,18031),(66,8273),(67,6237),(68,9769),(69,1869),(72,14251),(73,2127),(75,35835),(76,23439),(77,6892),(78,21402),(79,23697),(83,35714),(87,6908),(88,37483),(90,34588),(91,14113),(92,26381)]	249.585455
10	[(0,6900),(3,9838),(9,34454),(11,2455),(13,13733),(14,11087),(15,16433),(18,16669),(19,11544),(22,20135),(23,3073),(24,26841),(25,11891),(26,11050),(27,8145),(28,10878),(30,14245),(32,8231),(33,33284),(34,37132),(35,28447),(36,16645),(37,18878),(41,5866),(44,25937),(45,125),(46,33087),(48,12437),(50,8262),(53,629),(54,21601),(55,20820),(56,25211),(58,25368),(59,3055),(61,36629),(62,15265),(63,29668),(64,22895),(65,17489),(66,23242),(69,26742),(71,20105),(72,13062),(75,9813),(76,15868),(77,29948),(78,34990),(80,1732),(82,20936),(84,9228),(85,1724),(86,3628),(87,25700),(88,28343),(89,6533),(90,28897),(92,3580)]	262.558409
11	[(4,24476),(7,16646),(10,1548),(16,31189),(17,11710),(22,24964),(23,16426),(25,22650),(30,26105),(32,19080),(33,19387),(34,25279),(35,587),(36,36461),(37,29965),(38,36954),(40,33165),(42,30364),(44,33463),(45,25835),(46,6368),(48,24117),(49,18153),(50,28131),(51,12244),(53,17573),(55,14339),(57,10810),(58,7615),(60,30167),(61,1180),(62,37278),(63,4169),(64,34944),(65,6149),(66,10003),(68,2133),(69,37014),(70,17347),(72,17148),(74,34866),(78,12449),(79,21262),(80,8531),(81,22118),(82,10373),(84,35609),(86,15342),(87,31093),(90,28680),(91,33009)]	208.716176
12	[(0,21580),(1,1703),(2,20642),(4,8810),(12,11602),(14,26391),(16,20427),(17,1545),(20,35460),(21,22632),(23,37503),(24,24663),(31,28612),(32,30345),(33,27295),(34,30563),(36,36239),(37,25291),(40,17514),(41,3855),(42,24628),(44,30974),(45,17235),(48,37578),(51,27390),(52,9244),(55,2335),(56,4165),(57,6130),(61,10476),(63,13741),(65,1726),(67,9537),(69,15932),(71,14809),(72,2870),(74,4626),(76,24587),(78,35966),(79,23505),(81,17762),(84,14689),(85,8477),(88,7096),(90,15393)]	116.579388
13	[(0,20289),(3,32242),(5,12305),(7,12203),(8,19347),(10,26444),(11,19529),(12,6953),(13,36416),(15,25189),(16,901),(17,36784),(18,17910),(20,1262),(22,30489),(23,27657),(29,28992),(31,8862),(32,2052),(34,37165),(35,1562),(36,704),(38,30769),(41,20894),(42,3869),(43,4621),(44,12575),(45,32813),(47,35778),(48,30447),(51,24434),(53,19695),(54,26279),(59,8526),(61,19290),(62,15708),(63,15391),(65,17431),(67,4011),(68,14714),(70,30355),(74,20166),(76,1620),(81,18586),(83,11355),(84,36450),(85,23487),(86,23519),(87,19372),(89,20071),(91,22292),(92,18452)]	123.909629
14	[(0,25437),(1,36040),(2,26518),(3,22286),(4,21174),(9,21583),(10,8845),(11,30367),(12,25538),(13,1144),(15,31632),(16,22503),(17,27826),(19,34960),(21,33853),(23,11866),(24,18804),(25,32757),(27,35592),(28,31235),(30,26842),(32,23841),(33,5765),(34,8354),(35,21638),(39,17136),(40,21118),(41,35548),(44,13791),(45,24616),(47,18720),(49,22204),(50,36208),(52,16141),(53,23553),(54,20720),(55,17162),(57,6150),(59,23761),(61,19625),(62,1847),(63,4529),(64,32822),(66,15879),(67,9156),(68,28911),(70,17364),(73,10432),(75,4821),(76,20958),(77,1511),(79,35922),(81,5899),(83,13540),(84,33608),(85,25796),(86,32412),(87,34417),(89,14302),(90,26078)]	128.067022
15	[(6,14417),(8,13143),(12,14065),(13,15868),(15,36811),(16,23496),(18,32055),(19,1279),(24,1209),(25,2463),(27,20652),(28,19918),(29,22096),(31,17904),(36,25540),(38,29771),(43,31584),(44,1666),(46,19431),(47,16177),(48,12747),(51,24634),(53,289),(55,28336),(57,31539),(59,36785),(61,31251),(62,9341),(63,29369),(66,29999),(67,23358),(69,16914),(71,6139),(72,30019),(73,33299),(75,7871),(80,9547),(81,9509),(83,13016),(84,11627),(86,31772),(89,3686),(92,29762)]	117.114036
16	[(1,9460),(2,23093),(3,32655),(4,11296),(5,5722),(6,33440),(8,27046),(10,2107),(12,15003),(14,24306),(15,4723),(18,2645),(19,30348),(21,5220),(23,27447),(24,4866),(26,29249),(27,33858),(28,1601),(30,16350),(31,25660),(32,1619),(33,29168),(35,15474),(37,23470),(38,3388),(39,14187),(43,29119),(44,3060),(45,27148),(46,2110),(47,36715),(48,11675),(49,29494),(51,7124),(52,12486),(53,2010),(54,1213),(55,10921),(56,15184),(60,17330),(61,33876),(64,25662),(65,11509),(67,35777),(68,24658),(70,8743),(73,29533),(74,22415),(75,26567),(77,12699),(78,20528),(79,19718),(80,6144),(82,6350),(86,5497),(88,17527),(89,34784),(91,3633)]	114.632571
17	[(1,1568),(5,6173),(6,16479),(11,28705),(13,2925),(14,16482),(15,18502),(17,5483),(20,2912),(21,2412),(22,1845),(23,35880),(24,32021),(25,286),(26,18112),(28,4197),(29,229),(30,29206),(32,28694),(34,27445),(35,328),(38,35746),(39,993),(40,29742),(41,22098),(42,18566),(43,10650),(44,4555),(48,32337),(52,10814),(54,2618),(55,25312),(56,4694),(57,11331),(58,19818),(59,35897),(65,6767),(67,25191),(68,20678),(69,31155),(70,34215),(72,12984),(73,8709),(75,25322),(76,9353),(77,6774),(79,10968),(80,22304),(81,20321),(82,9457),(85,35789),(86,4745),(87,22163),(88,32289),(90,9874)]	118.011592
18	[(0,32900),(1,34621),(2,21798),(10,2126),(11,27860),(13,18591),(14,32724),(15,15997),(17,8203),(18,29137),(19,33059),(20,9984),(23,4808),(27,138),(29,36675),(30,24335),(32,16980),(33,25296),(35,26471),(36,5232),(37,31535),(38,3931),(43,5692),(44,2953),(45,5774),(46,35430),(47,13247),(51,13740),(52,36849),(53,2354),(58,26824),(59,29510),(60,13710),(63,28106),(64,35484),(65,13662),(66,20533),(68,26187),(71,7678),(73,8286),(74,35151),(75,33067),(76,25022),(77,28534),(78,6723),(82,8797),(83,32457),(85,11343),(86,4631),(92,2475)]	151.677473
19	[(0,15611),(2,26686),(3,21725),(5,23591),(7,25348),(9,1913),(10,285),(11,3142),(12,22462),(13,3856),(15,13296),(16,21665),(18,31653),(20,34370),(23,35416),(25,10120),(26,30701),(29,11100),(30,9464),(31,658),(33,9750),(35,27789),(36,13676),(37,13874),(39,30444),(40,6542),(41,8228),(42,9739),(43,31587),(44,36524),(45,7011),(46,27669),(47,14023),(48,23199),(49,5618),(50,16224),(51,19016),(52,27292),(57,4813),(59,22508),(62,34529),(65,21126),(67,13653),(68,6526),(70,35639),(71,3924),(72,28347),(73,609),(74,32119),(76,26487),(77,36741),(79,17049),(81,20774),(83,30058),(84,7126),(87,30356),(89,11869),(90,24750),(91,28206),(92,782)]	114.670590
20	[(0,35615),(1,13267),(3,9316),(4,23649),(6,13845),(8,33340),(9,8729),(11,3837),(12,6829),(13,28542),(14,6519),(15,16501),(17,16520),(18,36410),(23,3140),(24,13424),(25,30862),(26,29842),(27,36384),(28,21046),(29,29993),(32,32902),(33,26869),(34,34561),(35,23516),(38,13062),(41,29891),(42,21791),(43,28664),(44,32992),(46,17752),(48,20327),(49,10906),(50,23270),(53,12479),(56,3848),(58,6353),(59,6975),(60,20761),(61,23263),(62,11593),(64,11056),(65,21686),(66,9703),(67,24066),(68,11429),(70,27919),(71,15287),(72,5651),(73,2993),(75,2046),(76,21074),(77,23679),(78,30688),(80,23946),(81,3608),(82,27726),(83,21628),(84,35594),(85,22128),(87,8890),(89,14985),(90,35607),(92,16861)]	113.572068
21	[(1,3126),(5,18201),(6,23561),(7,5304),(12,12648),(13,32934),(19,10071),(22,24253),(25,22454),(27,2062),(28,35263),(31,36990),(34,36593),(37,7464),(38,7699),(42,20503),(45,17216),(47,33197),(50,14036),(53,30079),(55,15462),(56,2952),(57,35885),(58,7466),(60,35568),(62,29484),(65,33784),(66,30830),(67,28756),(68,25415),(70,14425),(72,21700),(73,9762),(74,25215),(76,4220),(77,2321),(80,22483),(82,15788),(83,719),(84,25535),(85,10304),(86,5584),(88,14910),(89,30338),(91,4559),(92,20180)]	115.854360
22	[(0,29412),(2,37275),(4,8780),(5,23136),(6,30155),(8,8379),(9,35557),(10,10937),(12,34913),(13,17689),(14,1492),(16,22411),(17,25531),(18,1668),(19,848),(23,16087),(24,25160),(26,24739),(27,9405),(28,32566),(29,18481),(32,33307),(34,15437),(36,22996),(37,717),(39,14459),(40,19809),(42,17606),(43,31593),(45,4728),(46,24037),(47,23171),(49,15858),(50,14350),(52,9776),(54,29027),(55,28335),(56,25905),(59,24880),(60,22949),(62,26171),(64,25180),(66,12174),(69,12131),(70,29966),(71,29727),(78,3773),(82,4836),(83,37299),(85,13287),(86,34260),(87,32836),(88,4459),(92,16340)]	128.187187
23	[(0,6328),(1,17225),(2,35367),(7,32905),(8,4860),(9,2019),(10,36055),(11,8602),(13,11811),(14,31626),(16,7871),(17,23089),(20,4357),(21,11918),(23,36841),(25,12890),(26,29632),(28,23613),(31,27818),(32,23559),(35,29843),(36,21063),(41,12915),(45,11924),(47,19293),(48,11892),(49,29301),(50,432),(53,4803),(54,25209),(56,28059),(58,16088),(59,31036),(60,14866),(64,29376),(65,37033),(66,5655),(67,35886),(68,32654),(72,35914),(73,37211),(74,34076),(79,26134),(80,647),(81,25157),(82,22252),(84,19977),(88,14359),(89,6376),(90,8077),(92,19774)]	120.433940
24	[(0,15578),(1,33985),(3,9014),(4,9007),(6,23587),(8,34261),(10,18351),(12,11049),(15,18837),(16,15080),(17,4371),(19,7787),(20,8751),(21,22057),(22,9128),(23,22740),(25,22781),(28,12835),(30,27203),(32,23649),(33,25076),(35,8115),(37,8726),(38,7636),(39,1416),(40,32243),(45,33476),(46,1728),(47,1261),(48,11906),(49,19672),(50,28127),(54,11028),(57,23191),(58,17715),(59,17598),(60,31367),(62,25552),(63,19023),(64,15128),(66,31679),(67,12880),(68,13239),(69,25156),(72,20475),(73,18334),(74,16095),(75,25919),(77,13677),(78,11105),(79,4125),(81,4004),(82,27765),(88,2817),(90,30145)]	107.762562
25	[(5,12722),(6,21040),(7,23631),(8,30612),(9,35610),(13,35880),(15,32988),(16,34891),(20,11155),(21,34826),(22,5452),(23,32875),(27,28764),(28,19205),(29,10809),(31,8730),(32,18972),(33,18131),(34,27653),(35,33330),(36,757),(37,29627),(38,1718),(39,37348),(41,16249),(42,2786),(43,22895),(44,17489),(45,668),(46,24566),(47,27819),(48,17427),(51,12706),(53,32247),(54,35744),(56,6254),(57,826),(59,15613),(61,8038),(62,27290),(63,21319),(65,11240),(67,18051),(69,1103),(70,25981),(74,23329),(76,179),(78,8231),(79,33284),(81,3603),(82,20303),(86,25435),(90,28735),(91,2685),(92,75)]	120.232454
26	[(0,8452),(2,32165),(3,26907),(5,12277),(6,25717),(7,27900),(8,1816),(11,19592),(14,35664),(17,27369),(21,20947),(24,20000),(25,4400),(27,15690),(28,4835),(29,10444),(32,5140),(36,6323),(37,797),(38,22408),(39,16063),(41,36425),(42,6903),(45,19714),(47,16893),(50,36684),(51,36702),(53,22519),(54,965),(55,20145),(56,13697),(58,634),(59,10143),(60,21263),(62,1862),(63,11359),(65,21398),(68,19457),(69,5790),(72,21528),(73,25289),(74,35411),(75,11685),(76,6878),(77,33099),(78,12547),(80,12471),(85,13064),(86,22394),(88,35460),(90,30009),(91,17)]	120.296260
27	[(1,6955),(3,14480),(4,10529),(6,21549),(8,18499),(10,4486),(11,17175),(12,711),(15,34888),(17,32991),(21,1750),(22,30276),(23,5449),(26,33515),(27,22732),(30,31697),(31,2915),(36,1092),(37,19096),(39,37596),(42,27737),(44,37532),(47,1442),(48,33451),(52,1962),(54,11106),(58,12276),(60,9619),(61,15845),(62,30733),(63,25916),(64,260),(65,35183),(67,26924),(68,21915),(70,12620),(72,20874),(73,6482),(74,26254),(78,20790),(79,4054),(80,3407),(85,35740),(86,11158),(87,15117),(89,11499),(91,7970)]	130.131424
28	[(0,9179),(1,8260),(2,2460),(3,4006),(5,7955),(9,19505),(10,13098),(11,13422),(13,24079),(14,36488),(16,12566),(18,16613),(19,19344),(21,10050),(22,29184),(23,22940),(27,10623),(28,15095),(30,2340),(31,4992),(32,36235),(33,26277),(36,16752),(38,8380),(40,6446),(41,34861),(43,30705),(44,5999),(45,34351),(48,34487),(49,14353),(50,14192),(51,622),(52,9146),(55,36771),(57,33027),(58,21395),(59,21447),(62,14433),(63,33756),(65,3291),(66,18392),(67,3954),(69,27686),(70,9967),(71,13002),(72,2479),(73,28258),(74,6169),(79,7442),(80,14132),(82,8357),(83,35099),(84,21031),(92,28940)]	110.419806
29	[(0,5694),(1,7319),(2,18382),(3,6565),(4,6678),(5,31797),(6,33599),(7,19484),(8,20276),(9,20404),(10,35991),(11,27708),(12,12867),(13,32729),(16,6060),(17,1889),(19,15208),(24,23162),(27,21851),(29,23031),(32,26732),(35,34847),(37,31048),(39,19425),(40,19696),(42,22394),(43,4876),(44,17046),(46,15347),(48,18514),(49,8062),(50,10335),(51,18304),(52,17176),(53,673),(55,23847),(59,2115),(61,32090),(62,22491),(63,17579),(64,451),(65,15821),(68,23150),(69,21183),(72,4817),(73,15416),(77,10835),(78,10884),(81,12043),(84,19237),(85,31171),(86,15573),(89,23396),(91,8347),(92,16761)]	108.527500
30	[(0,20766),(1,16392),(3,13064),(4,28384),(5,6257),(7,6545),(10,36545),(12,20400),(13,17856),(14,4749),(15,33760),(16,25641),(17,469),(18,162),(20,32667),(21,30742),(23,33023),(26,10369),(27,35658),(28,18143),(30,25784),(34,24087),(35,29019),(36,35340),(37,27435),(40,33315),(41,26549),(44,1929),(46,7968),(47,14188),(49,13181),(51,12394),(52,34266),(53,20001),(56,36511),(58,11745),(61,8726),(62,9719),(66,29672),(67,18859),(70,16849),(71,16773),(72,15230),(77,20516),(81,28710),(83,27843),(85,696),(86,6583),(87,2554),(88,29040),(91,28760)]	116.212401
31	[(0,6959),(1,15709),(5,12789),(6,12629),(7,29655),(9,11558),(10,35067),(11,5252),(12,37595),(13,35598),(14,5713),(15,26087),(16,30319),(17,22705),(19,37150),(20,35060),(23,24547),(24,8502),(27,523),(31,12197),(32,22102),(33,33132),(35,23174),(37,32082),(38,11353),(40,16311),(41,27479),(43,26143),(44,27121),(45,19936),(47,37164),(48,24908),(49,23631),(51,854),(52,32039),(54,6987),(58,35061),(59,9264),(60,3386),(62,16147),(63,20068),(64,13197),(65,25042),(66,28892),(67,21689),(68,3351),(69,4133),(72,30302),(73,9206),(76,23575),(77,33940),(78,14254),(80,30871),(81,30790),(86,11794),(88,34751),(89,26326),(90,35810),(91,3712),(92,12468)]	118.883646
32	[(0,23830),(1,8031),(2,17706),(8,7799),(10,16330),(11,27666),(12,21902),(16,20695),(17,29008),(21,17605),(22,24920),(23,3026),(24,13719),(28,6542),(29,8228),(30,9739),(31,27724),(33,32450),(35,31488),(37,3245),(38,27673),(42,7164),(43,5602),(44,6865),(45,37265),(47,13464),(48,4747),(54,7921),(57,13908),(58,9242),(63,8123),(64,23449),(65,31724),(67,18441),(68,13299),(69,5113),(71,27019),(72,36114),(74,10411),(75,13104),(76,1780),(80,29169),(82,5223),(83,34691),(84,28059),(86,15681),(88,3976),(89,23205),(90,10462)]	113.601180
33	[(1,34807),(2,31953),(3,31072),(4,3322),(5,25588),(7,26273),(8,12179),(9,16846),(15,19629),(16,23274),(19,13168),(22,28983),(23,20413),(24,3301),(26,36649),(28,17313),(29,13895),(30,14048),(31,23440),(33,25130),(34,9170),(35,35631),(36,22979),(40,37079),(41,19736),(42,19353),(43,23418),(46,24897),(47,10631),(51,11284),(52,32388),(54,9682),(58,3158),(60,21115),(61,30284),(62,6463),(63,2029),(64,15632),(65,11479),(66,29890),(67,10463),(68,27598),(71,2067),(73,35268),(75,736),(76,9269),(78,3630),(81,34628),(82,8652),(83,20927),(84,6638),(86,9971),(87,34467),(89,17281)]	112.582253
34	[(0,16878),(3,37303),(4,20700),(6,6880),(7,7290),(12,14395),(14,10052),(16,34824),(17,19578),(18,13419),(20,4805),(21,36972),(22,22598),(23,21443),(24,33584),(25,8046),(27,22963),(30,21365),(32,16391),(34,33835),(35,15647),(36,30540),(37,368),(38,12377),(43,28169),(45,23319),(47,27620),(50,17351),(51,15631),(53,19848),(54,1207),(55,9407),(58,32024),(61,34694),(63,35853),(64,29549),(67,26776),(69,21347),(70,32981),(71,4070),(72,35389),(73,19444),(77,25393),(79,36976),(80,29179),(81,23279),(82,30255),(83,31299),(84,16934),(85,22676),(86,7659),(89,23035),(90,36288),(91,23999)]	117.984313
35	[(0,4569),(1,33918),(2,266),(3,25967),(5,34312),(6,15712),(8,22777),(9,18232),(12,1352),(13,36980),(14,3278),(15,2491),(17,28948),(18,22075),(19,5283),(20,35638),(22,19023),(24,28114),(27,5221),(28,31427),(29,29968),(30,28386),(32,33244),(33,33847),(36,37344),(37,30405),(39,26280),(40,32485),(44,6235),(46,25251),(48,3286),(50,21555),(51,7571),(54,11034),(55,7393),(56,18709),(57,4195),(58,4438),(62,5121),(66,13069),(67,13252),(68,26009),(69,7161),(70,36602),(73,18022),(75,22409),(76,5250),(77,11408),(80,34880),(83,17129),(85,13864),(86,20989),(87,3935),(88,21043),(89,19277),(92,9666)]	121.698569
36	[(1,10457),(2,29115),(3,14647),(4,3420),(7,31097),(8,16658),(9,37581),(12,8772),(13,7761),(15,19452),(20,33299),(22,7871),(23,23089),(25,12697),(27,22306),(28,527),(30,1756),(32,15101),(34,27158),(36,28233),(37,32683),(38,30554),(39,28650),(45,5709),(46,32823),(48,17175),(51,25611),(52,1033),(54,36557),(57,12114),(59,10228),(61,15477),(62,36015),(65,25564),(66,34867),(69,5968),(71,33306),(72,28541),(75,25894),(77,29293),(79,21421),(80,8372),(82,17387),(84,429),(86,28265),(87,29354),(88,1338)]	132.405882
37	[(0,27481),(5,14439),(6,31416),(7,9538),(8,31668),(10,25079),(11,5271),(13,4715),(14,18586),(20,31416),(22,17734),(23,34836),(25,4301),(27,27838),(32,37540),(33,1324),(34,13621),(35,15817),(36,11546),(39,18642),(40,2559),(47,36997),(50,6571),(55,465),(57,35133),(58,34197),(59,30829),(60,37381),(61,35724),(62,23522),(66,7497),(67,29363),(68,35174),(70,5221),(73,26017),(74,4238),(75,18538),(76,30281),(80,4980),(81,33858),(82,681),(85,29592),(86,3229),(88,10430),(89,15925),(90,12390),(91,34880)]	108.330755
38	[(5,12745),(8,1936),(9,8620),(11,6995),(13,14156),(16,16214),(17,17491),(18,20241),(19,36624),(22,11325),(23,1349),(24,16052),(26,35784),(27,24093),(32,34232),(33,3408),(34,24452),(37,18399),(41,10037),(43,31309),(44,11975),(46,26687),(47,10892),(48,7785),(49,8671),(51,37607),(53,7076),(55,14676),(56,25588),(57,34266),(58,15173),(59,19698),(64,33535),(67,18722),(68,17743),(69,24235),(70,29074),(71,10365),(72,16802),(73,5018),(74,36101),(76,30229),(77,4967),(81,28778),(85,17581),(86,16779),(88,7080),(89,26172),(90,35554),(91,36647)]	118.635587
39	[(0,32822),(1,37360),(2,34294),(3,28244),(7,3114),(9,11492),(10,9093),(11,12806),(14,27422),(15,11949),(16,20325),(17,22365),(19,33884),(20,27655),(21,9496),(22,17410),(23,33431),(24,29001),(25,22452),(28,10064),(30,16464),(31,18252),(32,30612),(36,24080),(38,34498),(39,886),(40,36645),(42,4472),(43,9211),(44,9173),(46,11559),(47,32786),(49,845),(54,33916),(55,14619),(58,37023),(59,37604),(60,5923),(61,22696),(62,23600),(68,21949),(70,30004),(71,35816),(72,10196),(73,12593),(75,9250),(78,9824),(80,10137),(85,2533),(86,15674),(87,7344),(88,8652),(89,3265),(90,10542),(92,9670)]	134.741594
40	[(1,15311),(4,24849),(5,12618),(7,6089),(9,9374),(10,3236),(12,18394),(13,26321),(14,30247),(15,19262),(16,3306),(17,2829),(18,5887),(22,10123),(23,36956),(25,198),(26,34241),(28,3194),(29,15916),(31,21625),(37,10623),(38,15095),(40,1853),(41,24108),(42,6080),(43,29885),(44,10567),(45,36815),(46,8458),(48,5132),(51,18388),(53,20040),(54,25590),(55,32570),(57,10038),(59,15298),(61,2160),(62,32655),(63,1797),(66,18035),(68,8215),(69,32084),(70,3931),(73,35892),(76,1094),(77,34250),(80,26263),(81,15017),(83,34966),(85,32637),(87,18221),(89,5748),(90,12897),(91,10398)]	116.285952
41	[(3,4482),(4,32594),(6,14461),(8,24693),(9,23575),(10,22544),(11,11988),(12,4294),(14,26435),(16,7758),(18,5540),(19,36775),(21,7071),(23,27541),(24,28238),(25,26411),(26,27576),(27,10566),(28,19917),(31,1110),(32,18253),(36,16096),(40,11398),(41,4574),(44,2204),(47,28900),(48,7672),(49,36017),(51,20876),(55,19826),(56,34596),(57,2761),(59,6274),(64,14189),(65,4439),(66,18612),(68,17256),(70,19233),(71,33114),(74,3919),(75,36267),(76,35703),(79,13714),(80,18634),(81,32829),(83,24297),(84,24331),(87,524),(88,30118),(89,7837),(90,3998),(91,15571)]	114.912145
42	[(2,29684),(6,30921),(7,28068),(9,12275),(11,24117),(12,29577),(13,30843),(14,35862),(16,10555),(18,1668),(19,848),(21,9836),(22,10227),(24,18389),(26,26260),(27,12377),(28,37183),(29,31649),(30,27278),(32,37471),(34,35554),(35,4506),(37,27968),(41,15868),(42,29948),(43,34990),(45,7410),(46,33344),(47,19941),(48,16634),(49,20096),(50,33181),(53,35984),(54,5665),(55,25692),(56,21614),(60,206),(61,14858),(62,10179),(63,9193),(64,23576),(66,23731),(67,27680),(68,20349),(69,18640),(70,34031),(71,37155),(74,28480),(75,16338),(76,34946),(77,1038),(78,35820),(79,23243),(81,20027),(82,2631),(83,20112),(85,18399),(87,22449),(88,15026),(90,29607),(91,33352)]	123.196808
43	[(1,32066),(5,6403),(6,7770),(8,29473),(9,1012),(10,2044),(11,768),(12,8098),(13,28965),(14,21592),(16,4953),(21,20146),(22,36115),(23,7761),(26,26253),(27,33591),(29,24239),(30,34455),(31,37209),(35,30685),(36,4284),(38,27273),(39,17686),(40,19864),(42,2278),(43,26890),(46,28565),(47,8042),(49,1651),(53,21281),(54,22163),(55,32289),(56,6525),(57,15723),(58,29825),(60,27678),(61,17943),(62,25681),(63,246),(64,21380),(65,35745),(67,5054),(68,33528),(69,10606),(71,10082),(72,21249),(74,6371),(76,32011),(79,37456),(80,23906),(82,29641),(83,14821),(84,5189),(85,32518),(86,28214),(87,35500),(88,2649),(89,30291),(91,12113),(92,24841)]	121.426625
44	[(3,18532),(4,7272),(5,25860),(10,16370),(12,23304),(14,26528),(16,10335),(20,2987),(22,3627),(23,8401),(24,16142),(26,18422),(28,33301),(29,37191),(31,31911),(34,5864),(35,24429),(36,25526),(37,27047),(38,8367),(43,36371),(44,9780),(50,23555),(52,26113),(54,14651),(55,9874),(61,23721),(63,8717),(64,36129),(65,3337),(66,7360),(67,35455),(68,35692),(73,18316),(75,17822),(76,1459),(79,15621),(80,30095),(82,26564),(83,22965),(84,19092),(87,19680),(88,220),(90,13808),(91,7577),(92,9431)]	137.172466
45	[(0,2829),(4,21485),(5,5206),(12,23121),(14,4847),(17,34663),(18,1238),(20,35681),(21,19256),(22,4385),(24,24774),(26,23939),(27,10959),(28,13363),(31,6307),(34,12029),(35,22839),(36,5319),(37,17293),(38,13166),(40,31126),(42,4007),(45,31782),(46,1920),(48,14995),(49,4247),(50,28023),(52,27185),(53,24449),(55,12052),(57,20397),(58,31208),(59,22300),(60,32537),(61,13217),(62,36789),(66,35817),(68,32539),(69,22388),(72,30314),(74,3887),(79,8419),(81,37431),(82,4931),(85,22536),(86,24657),(87,13653),(88,6526),(90,4918)]	109.692490
46	[(0,13283),(2,23742),(3,34654),(4,14763),(7,6727),(8,8947),(10,25946),(11,25768),(12,25066),(13,14753),(15,1687),(17,36134),(18,273),(19,14083),(20,19933),(21,13316),(22,33317),(25,36543),(26,2753),(30,14226),(31,23076),(34,35003),(35,22197),(38,15528),(40,7796),(41,19225),(43,13575),(47,8862),(48,2052),(51,11200),(54,22980),(56,10028),(59,19557),(60,11),(63,8619),(65,1225),(66,27898),(68,11336),(69,8214),(70,3287),(76,3609),(77,31596),(80,31985),(81,27570),(82,24671),(83,1229),(84,17537),(85,28193),(86,22560),(88,20123),(89,16022),(90,21748),(91,29859)]	113.192688
47	[(0,11776),(1,18552),(3,11572),(5,31442),(6,7603),(7,5288),(8,9567),(9,20063),(10,26235),(12,13906),(15,26220),(16,18748),(17,13092),(19,16932),(21,37550),(22,33519),(23,34630),(26,32349),(27,114),(29,17822),(30,2015),(31,16455),(33,17733),(35,26900),(36,22869),(37,1061),(39,4501),(42,12560),(43,37082),(44,15278),(47,26793),(48,18716),(49,22109),(50,28259),(51,35360),(52,13531),(53,1885),(54,12610),(55,25211),(56,30338),(57,30166),(60,10718),(63,2461),(64,36668),(65,4740),(66,9356),(67,2464),(69,12367),(72,16719),(75,5258),(76,15556),(77,4440),(78,24928),(81,14650),(83,22869),(84,1061),(85,28808),(86,18760),(87,16118),(89,36726),(90,3342),(92,8475)]	129.626409
48	[(0,18669),(1,7135),(2,16875),(3,23748),(6,21214),(7,16177),(8,369),(9,20315),(10,390),(12,8232),(14,31168),(15,8149),(17,34481),(18,20025),(19,37344),(22,19962),(24,36118),(25,35999),(26,1322),(27,30740),(29,36315),(32,23983),(34,17816),(37,22110),(38,37252),(41,18976),(43,35838),(44,20641),(45,13605),(46,8212),(50,19680),(51,220),(55,31763),(57,21559),(60,13070),(61,20259),(62,31514),(63,22921),(64,22119),(65,24543),(66,37440),(68,18053),(69,32418),(71,36005),(75,34345),(78,10946),(80,9552),(81,24218),(84,6458),(87,9763),(88,10809),(90,8730),(91,15875)]	113.402391
49	[(0,35358),(7,22260),(8,33283),(11,2685),(13,980),(14,33722),(15,25895),(16,2676),(19,13936),(20,31780),(23,5041),(24,35994),(25,8515),(26,11026),(27,7244),(28,26541),(30,33870),(34,35230),(35,12361),(36,32242),(37,4867),(39,20767),(40,2634),(41,1245),(42,4437),(45,26287),(46,203),(47,1733),(48,19908),(49,30841),(51,29456),(52,24274),(53,2966),(54,27347),(56,25375),(57,4624),(58,12772),(59,6134),(60,7024),(61,24336),(62,24451),(64,14080),(70,35766),(71,29835),(72,11762),(75,36660),(76,10289),(77,7),(81,26259),(83,5644),(85,34350),(86,23519),(88,18255),(92,36874)]	117.321998
50	[(1,299),(2,13861),(3,7848),(6,12968),(8,25407),(13,31805),(14,33106),(15,14336),(16,30941),(19,3665),(20,24079),(21,36488),(23,5968),(24,8694),(25,32451),(27,3761),(28,26708),(31,35195),(33,9432),(34,14663),(36,37525),(37,17753),(38,21898),(40,24350),(41,26586),(42,1637),(43,11448),(44,2111),(46,25744),(47,11825),(52,24398),(54,25095),(55,31216),(57,32141),(58,30287),(59,12395),(61,30531),(62,6914),(65,26241),(67,19814),(69,3374),(70,36759),(71,19350),(73,25911),(75,30271),(76,22858),(79,8582),(81,29773),(82,35059),(83,5278),(85,17559),(86,14168),(87,22992),(90,35657),(91,6183)]	118.717287
51	[(0,10485),(2,24052),(3,35471),(4,22166),(7,3685),(8,31013),(9,32657),(11,21820),(13,1839),(15,34617),(17,4209),(18,3105),(22,30403),(23,9633),(24,28795),(27,12421),(28,8528),(30,26395),(31,10762),(32,2236),(34,35845),(39,12428),(40,35910),(42,22156),(44,4677),(46,21619),(48,21215),(49,21402),(50,29206),(51,27839),(52,9480),(54,7503),(56,7944),(59,25035),(60,6659),(61,19822),(66,20164),(68,23162),(70,20739),(72,6529),(74,27397),(75,7148),(77,29114),(78,28074),(81,15262),(84,8258),(86,9135),(88,18692),(90,14581),(92,33308)]	124.842097
52	[(1,22693),(3,15329),(5,6297),(6,31047),(9,3695),(10,3661),(12,21489),(13,27349),(15,1225),(16,31129),(17,15450),(18,4278),(19,5352),(20,32856),(21,12606),(22,4432),(24,25977),(26,6073),(28,34360),(29,22578),(30,13211),(36,2604),(37,3396),(39,15888),(43,16430),(44,10293),(51,10292),(55,20435),(57,32918),(58,32367),(60,19921),(61,22),(64,23424),(66,29095),(67,37436),(68,33147),(70,25156),(73,21457),(78,5495),(81,17414),(82,8904),(84,3816),(86,33090),(88,19469),(89,30853),(90,24949),(91,4256),(92,30617)]	116.457411
53	[(2,5469),(3,18584),(6,1874),(7,10632),(8,11747),(10,6603),(12,4090),(14,15330),(15,18395),(16,32906),(17,25964),(19,35294),(20,30680),(23,13474),(26,17476),(30,22668),(31,29952),(32,13689),(34,8508),(35,10056),(36,5779),(39,11941),(40,4763),(42,6936),(46,4725),(50,35755),(52,2990),(55,12297),(56,18017),(57,33436),(58,31786),(61,33480),(64,3757),(67,18097),(68,14259),(70,29330),(71,29526),(72,2478),(73,12870),(74,17583),(78,31463),(79,668),(80,27681),(83,12010),(84,6735),(85,24579),(88,8634),(89,2334),(91,27700),(92,10932)]	137.170096
54	[(0,10019),(2,14599),(3,6457),(5,24256),(7,2779),(8,17954),(10,4586),(14,15244),(15,5941),(16,23760),(17,31962),(19,5484),(20,15471),(21,9522),(22,21734),(25,15713),(26,23725),(28,5518),(29,247),(30,35813),(31,14036),(32,4434),(33,20219),(37,22866),(38,7867),(41,17470),(44,35064),(50,30553),(53,21962),(55,25535),(58,19764),(60,16833),(62,33549),(63,36923),(64,27920),(65,26168),(67,27557),(69,15117),(71,20837),(72,35838),(73,20641),(76,8954),(80,26490),(81,1079),(82,20971),(89,19462),(92,22719)]	107.366081
55	[(0,6569),(1,28063),(3,30043),(4,13806),(5,6546),(6,36974),(7,19941),(8,16634),(9,11791),(10,2248),(11,34605),(12,9505),(15,1323),(16,4119),(18,14597),(19,32108),(21,19646),(26,18035),(27,17253),(28,25944),(31,2864),(35,2148),(36,25761),(37,19684),(39,12507),(45,25187),(46,12551),(47,13198),(48,23576),(49,10626),(50,999),(52,18296),(53,12147),(54,34638),(56,12400),(57,18888),(58,13286),(61,21403),(62,3749),(65,5866),(66,25918),(67,12505),(68,15382),(69,19990),(70,8507),(73,12875),(77,7366),(83,15501),(85,34825),(87,7871),(91,14229),(92,17737)]	114.808062
56	[(0,8400),(4,1775),(5,27527),(6,2082),(9,26358),(10,7911),(12,540),(13,33754),(14,22769),(16,5747),(17,4175),(18,33391),(19,18030),(21,29769),(22,12721),(23,12909),(25,23254),(26,14619),(27,22650),(28,5086),(30,34662),(34,31003),(38,27687),(39,21940),(40,33577),(41,12605),(42,23847),(49,10364),(51,10452),(53,28855),(54,22859),(55,23776),(56,23010),(57,12291),(58,21405),(59,23137),(60,31720),(61,8650),(62,31032),(63,7826),(64,22967),(65,24638),(66,27971),(68,26687),(69,24275),(70,1291),(73,738),(75,24219),(76,7575),(77,10219),(79,3368),(80,25930),(81,12068),(83,912),(87,2859),(88,37127),(91,24833)]	126.529426
57	[(1,33768),(3,36273),(6,22842),(7,18201),(8,23561),(9,8101),(10,37269),(12,20095),(16,25275),(18,24574),(20,17773),(21,30683),(22,28234),(23,36608),(25,21644),(26,25596),(27,13883),(28,34857),(29,10072),(34,12851),(35,23021),(37,32344),(38,34413),(42,14437),(43,26904),(44,7960),(45,27791),(52,12403),(55,11501),(56,5883),(58,21796),(59,28056),(62,30316),(63,30296),(64,11961),(66,12941),(70,59),(72,33839),(75,28873),(77,35805),(79,31115),(81,15602),(84,3423),(85,11647),(86,4788),(88,21381),(89,33732),(90,30515),(92,20110)]	119.426739
58	[(0,20955),(4,3890),(5,33209),(8,21479),(9,3254),(12,32231),(13,97),(14,35014),(15,33504),(16,25868),(17,16895),(18,15756),(19,32523),(20,24229),(21,4111),(22,2628),(23,31337),(24,24390),(25,15732),(29,10501),(31,8834),(33,31028),(34,12941),(40,25215),(42,4220),(44,23018),(46,22356),(47,13544),(48,19917),(49,35780),(50,9948),(51,11451),(53,10589),(55,20558),(58,15784),(59,4772),(61,34989),(62,35867),(63,33736),(66,37587),(67,16737),(68,19429),(70,4360),(71,3056),(72,1736),(73,15490),(74,11961),(76,4654),(77,21216),(78,2712),(80,37033),(82,21236),(83,4506),(85,33503),(86,7073),(91,963)]	123.697011
59	[(1,23317),(3,19200),(4,7397),(6,27387),(7,13055),(10,19087),(11,13982),(13,33359),(17,16042),(18,16037),(19,6372),(20,12376),(22,7943),(23,3351),(24,4133),(28,12182),(29,21054),(31,27192),(33,6480),(35,130),(36,21594),(38,30173),(39,36239),(40,14072),(42,37502),(45,14854),(46,27352),(47,10164),(48,37481),(50,2028),(51,30842),(52,36500),(53,29109),(55,35663),(56,25346),(57,11370),(58,8487),(59,32059),(60,11953),(62,6684),(63,18758),(64,12961),(67,1836),(68,32799),(70,183),(71,16673),(72,26805),(74,18124),(75,16504),(76,8866),(77,13585),(78,30966),(81,14997),(82,37105),(83,30626),(87,29650),(88,2338),(92,20427)]	131.039116
60	[(0,450),(1,33539),(3,19638),(4,18421),(5,6392),(8,5221),(11,33313),(12,11720),(15,27173),(16,10537),(17,23579),(18,8960),(19,27442),(20,16999),(21,30993),(22,21125),(23,25300),(25,33524),(26,3701),(27,32857),(28,37511),(30,27999),(31,18),(32,22034),(34,16843),(35,19217),(36,9612),(38,1497),(39,7972),(40,29901),(41,20519),(42,3021),(43,27986),(44,21279),(45,2342),(46,3353),(47,27522),(48,21658),(54,28735),(55,26558),(56,22257),(58,20715),(59,48),(61,28308),(62,33972),(64,27697),(66,32226),(67,18928),(69,33120),(70,12721),(71,12909),(75,35061),(76,9264),(78,5784),(81,10823),(84,36934),(85,21350),(86,34432),(87,11417),(88,11199),(90,14489)]	117.264805
61	[(0,14309),(1,2776),(3,27081),(5,29757),(7,28723),(11,21144),(12,23020),(13,24736),(16,34454),(17,15667),(19,21733),(20,27688),(21,21401),(24,29342),(25,31118),(28,27588),(30,28654),(31,30998),(32,29745),(34,21243),(35,1280),(41,3383),(43,35784),(44,24093),(46,8002),(47,20271),(48,15570),(50,27157),(51,8506),(53,34113),(54,14528),(55,32963),(56,24394),(61,6267),(62,17131),(63,5863),(64,19842),(66,29271),(67,3745),(68,13255),(72,10042),(73,2998),(75,2451),(76,24969),(78,31958),(80,36197),(81,34060),(82,26529),(83,26356),(85,32644),(86,10484),(89,27532),(91,10026)]	121.729269
62	[(0,22503),(1,27826),(3,31412),(6,8569),(8,7127),(9,1371),(10,10796),(12,26998),(14,26496),(15,19650),(16,32476),(19,18169),(25,20388),(26,14889),(27,10699),(28,24393),(31,23690),(32,34762),(33,8508),(34,7277),(35,33514),(37,18688),(38,8751),(41,2707),(42,5693),(44,5997),(45,36172),(47,24810),(48,3064),(49,13424),(50,26506),(51,35122),(52,24705),(53,14012),(54,20329),(55,3399),(56,25836),(57,22836),(60,11208),(61,12793),(62,12184),(65,30901),(66,14016),(67,3241),(69,8852),(70,25471),(71,12765),(75,13330),(76,12074),(77,19189),(78,10927),(83,14079),(87,7980),(88,25976),(89,10730)]	122.133686
63	[(2,35069),(3,35329),(6,10810),(7,5907),(8,34528),(10,7429),(11,25337),(13,36365),(17,3931),(20,1117),(21,5121),(25,36891),(27,16891),(32,22800),(33,36777),(34,11350),(35,35523),(36,740),(38,23947),(41,31937),(43,20822),(44,1825),(45,13378),(47,16346),(50,30168),(52,28858),(54,31214),(55,25954),(57,22213),(58,29128),(59,3277),(60,15562),(61,9855),(62,33461),(67,5376),(71,10452),(72,17110),(75,6939),(76,16035),(79,3072),(80,31132),(81,9863),(83,1251),(84,28964),(85,22912),(86,3468),(87,35194),(88,2606),(89,27690),(91,12015)]	116.639157
64	[(0,31573),(1,34708),(2,3834),(7,32925),(12,22800),(13,22136),(15,19783),(17,27848),(19,31518),(21,36590),(22,36741),(24,17049),(26,3752),(27,823),(28,25563),(29,11522),(31,32161),(32,6382),(34,13204),(35,19417),(38,13289),(39,27046),(40,336),(42,7845),(45,26573),(46,33388),(48,30226),(49,15459),(50,32070),(52,32285),(54,28582),(55,3015),(56,22862),(57,7432),(58,5718),(59,19479),(60,14390),(66,10159),(69,13532),(71,1554),(72,30146),(74,9692),(75,656),(77,13046),(78,16345),(79,26479),(81,8136),(84,32535),(85,28621),(86,4967),(87,12115),(88,32519),(91,10909),(92,23588)]	129.065918
65	[(0,36316),(1,32685),(4,835),(5,13882),(6,28259),(10,34510),(11,23027),(13,35656),(15,36942),(18,29967),(19,21465),(20,12730),(21,24603),(22,10674),(23,360),(24,5675),(26,17926),(27,7317),(28,9948),(29,29364),(30,22751),(31,34159),(34,24561),(35,15411),(36,8653),(37,19384),(38,18642),(39,354),(41,8177),(43,12308),(44,4244),(46,25633),(48,8582),(50,11347),(51,185),(52,24854),(53,8200),(55,17748),(56,23552),(57,36020),(58,7005),(59,27167),(61,35035),(62,30894),(65,15115),(68,36901),(69,18529),(71,5025),(72,9230),(80,25494),(83,11237),(85,19906),(86,27566),(88,35223),(89,1106),(90,4326),(91,8143),(92,7162)]	126.182670
66	[(0,2603),(1,23638),(2,15820),(3,5468),(9,19903),(10,14887),(12,21923),(13,20926),(14,8463),(16,10827),(19,29165),(21,36900),(22,32290),(26,23936),(29,32210),(30,18191),(31,19351),(33,20755),(34,5238),(36,741),(37,21508),(40,14158),(42,9439),(44,33371),(45,28430),(46,3409),(47,1737),(48,24616),(50,25361),(54,26289),(57,19080),(59,24905),(60,30389),(61,6947),(64,33085),(65,26280),(68,16323),(69,36550),(73,7812),(74,19282),(75,13087),(76,29729),(77,33355),(79,27648),(84,2183),(85,12267),(86,19390),(87,3805),(88,9149),(91,30723),(92,15318)]	115.639546
67	[(0,37035),(3,25326),(4,1358),(5,18935),(8,27705),(9,13682),(10,12066),(11,27395),(13,7194),(14,25398),(15,7213),(19,28792),(21,15493),(22,1291),(23,35365),(24,14050),(25,9225),(27,27952),(28,2660),(31,15682),(34,21582),(35,29447),(36,2932),(39,3558),(41,34353),(43,20777),(44,32144),(46,17747),(52,10386),(53,22273),(57,17260),(61,17614),(62,21069),(63,1487),(64,25382),(65,6136),(66,28956),(69,28314),(71,20269),(72,21118),(74,14932),(75,33492),(76,1056),(77,15791),(78,14644),(79,35209),(80,2619),(81,16492),(83,27267),(84,30127),(85,21805),(87,18922),(89,1486),(90,20170),(91,30988)]	113.695947
68	[(3,15375),(5,4711),(6,3606),(8,5228),(9,9545),(10,21162),(14,2893),(15,34821),(17,250),(19,26873),(20,30747),(21,27072),(22,21149),(24,29839),(25,6386),(26,18355),(27,9551),(28,23428),(30,18068),(31,16704),(33,29417),(34,17521),(35,11809),(37,22021),(38,15304),(41,6398),(43,7068),(44,20430),(45,19088),(48,5551),(53,29311),(55,37293),(56,22188),(57,27979),(60,6777),(65,3597),(68,35513),(70,36120),(71,5766),(74,32508),(76,8915),(80,27928),(81,17034),(83,9661),(84,27395),(88,12483),(89,15433),(91,13059)]	117.874233
69	[(0,25866),(3,33353),(5,2916),(7,18089),(9,28033),(10,16443),(12,24409),(13,24462),(15,9973),(16,16575),(17,13294),(18,11849),(21,400),(22,7650),(23,24580),(27,12028),(28,32169),(29,9848),(30,14434),(31,13700),(33,4007),(34,18562),(36,12986),(39,36426),(40,6342),(41,21253),(42,28692),(43,33010),(44,23986),(47,2174),(49,37389),(50,3404),(51,7265),(52,11857),(53,36497),(54,32326),(55,27035),(59,18775),(62,22045),(65,23518),(67,36017),(68,36492),(69,36676),(70,18445),(71,23053),(75,6623),(76,34171),(77,19316),(80,16316),(85,1649),(88,28352),(89,9872),(92,25028)]	115.753502
70	[(1,6216),(5,33002),(6,35141),(9,36468),(10,26909),(11,27839),(14,34465),(16,13156),(17,28161),(18,7274),(19,8890),(20,36343),(21,27500),(22,33572),(24,34407),(28,5335),(30,35511),(33,17558),(35,30684),(36,11958),(40,17074),(42,5257),(43,9189),(45,33635),(47,5778),(51,22047),(53,28096),(54,20109),(56,30581),(58,4700),(59,20118),(60,1925),(61,11606),(63,1510),(65,9921),(67,10403),(68,23915),(69,8366),(70,22114),(71,22895),(72,17489),(73,29808),(74,19932),(75,19415),(76,28608),(78,13957),(79,30864),(80,19933),(81,25933),(82,25735),(85,24961),(86,32775),(87,24405),(89,19292),(90,9564),(92,5693)]	138.063121
71	[(3,33633),(4,20959),(5,15598),(7,9394),(10,5073),(12,33357),(13,34248),(14,2905),(19,17489),(20,668),(21,24566),(23,13170),(25,24313),(26,27354),(32,2768),(33,10487),(35,27242),(36,8787),(38,22751),(39,34159),(43,4910),(47,20395),(51,5036),(52,19210),(53,18731),(54,36559),(55,24612),(57,23769),(59,36057),(60,37045),(61,23258),(63,30759),(64,14692),(65,35658),(66,37352),(67,21946),(68,2929),(70,16490),(71,3882),(72,22931),(73,36957),(75,16409),(76,33284),(78,17080),(79,30971),(82,11486),(83,4341),(85,3442),(87,30750),(88,22448),(90,6603)]	110.066173
72	[(1,3232),(2,29500),(3,33513),(5,12351),(6,32722),(7,26704),(8,22115),(10,5447),(13,21495),(14,13479),(15,26868),(18,12886),(21,5856),(22,30626),(23,5247),(24,27464),(25,14373),(26,37091),(27,18195),(31,676),(34,27947),(35,26317),(37,3185),(38,21213),(44,797),(45,27581),(46,33229),(47,23214),(48,30718),(49,9082),(55,15416),(57,24967),(58,14860),(62,17933),(63,27582),(64,1610),(67,28390),(68,21088),(69,32641),(70,5577),(71,33150),(74,11255),(80,17169),(82,6405),(83,36211),(85,11726),(86,1288),(87,14096),(88,21094),(89,24902),(90,9800)]	120.741058
73	[(0,3650),(2,10451),(3,9177),(5,34526),(6,7767),(8,26542),(10,9161),(11,23325),(14,5403),(15,962),(16,13609),(18,22499),(20,31060),(21,6483),(22,21825),(23,11799),(25,25030),(27,31861),(28,36216),(30,36672),(32,9890),(33,4609),(37,16222),(40,14891),(45,18463),(48,28517),(51,30755),(52,4159),(53,21481),(54,14840),(55,870),(56,31230),(57,11734),(58,11189),(59,30185),(63,29967),(64,15854),(65,9987),(66,1211),(67,33454),(68,30509),(70,18342),(73,21364),(74,35491),(75,29375),(76,24022),(77,15308),(78,31404),(79,25277),(80,21017),(81,34207),(83,24407),(85,7643),(86,18413),(87,22381),(88,23941),(89,976),(90,21635)]	114.106526
74	[(1,4751),(3,10637),(4,16031),(5,14209),(13,8366),(16,36058),(18,35113),(21,6284),(22,11906),(24,36341),(26,22730),(27,10554),(30,12864),(31,25755),(34,2253),(35,34023),(38,19784),(39,34397),(40,16085),(41,8922),(42,4801),(43,19906),(44,5280),(45,12891),(46,25344),(48,30540),(49,16801),(52,2768),(53,10487),(60,24150),(62,35617),(65,6890),(67,15887),(68,7697),(71,5463),(73,37302),(74,25610),(75,34400),(76,29930),(78,16179),(79,27729),(80,26398),(82,32521),(83,25219),(85,18558),(86,32745),(87,18438),(89,4157),(90,2162)]	111.532152
75	[(0,22833),(1,1778),(2,37603),(4,8009),(6,13033),(7,2600),(8,17039),(11,4883),(13,3702),(14,24738),(16,7221),(19,19959),(20,23085),(22,36962),(23,31532),(26,37535),(27,16689),(28,3859),(29,27627),(30,29038),(32,28408),(33,15035),(38,27561),(42,3998),(43,25834),(44,20484),(45,26616),(47,18586),(49,11355),(50,14371),(53,27584),(59,3951),(60,36393),(61,2625),(63,26686),(65,5309),(66,7676),(69,22253),(71,25403),(73,17270),(77,28691),(79,34077),(80,19221),(82,36157),(83,14905),(84,1909),(88,33208),(89,10373),(92,16941)]	112.253404
76	[(2,17703),(6,15214),(7,20007),(9,10466),(10,24100),(12,6623),(15,36230),(16,654),(17,7254),(20,7452),(22,14388),(23,27644),(27,653),(28,22213),(29,20601),(31,19538),(35,34503),(37,20327),(38,15505),(39,33370),(40,384),(45,11802),(46,19543),(47,12788),(49,34683),(52,13777),(53,18288),(54,22123),(56,24359),(60,8142),(62,28346),(63,33591),(67,7341),(69,36092),(70,5819),(72,34655),(74,8970),(75,33271),(77,30912),(79,27040),(84,24364),(86,8456),(87,16986),(88,2400),(89,30106)]	115.222727
77	[(0,31936),(3,379),(4,2101),(6,27259),(9,36423),(10,29274),(11,34039),(13,37338),(14,13621),(15,25725),(16,8483),(17,20571),(18,27183),(19,28160),(20,2295),(21,13151),(22,24869),(29,12002),(30,9675),(31,27448),(33,4025),(35,11916),(36,29364),(42,11686),(43,26075),(44,9358),(45,35317),(46,14461),(47,3242),(48,15953),(49,5200),(55,4775),(56,6917),(58,30362),(59,23541),(61,14390),(63,29253),(68,29981),(69,17569),(70,15557),(71,15478),(73,13828),(74,25727),(77,4687),(79,22630),(82,26283),(83,15898),(84,15149),(85,3478),(86,29125),(87,20658),(88,27586),(89,673),(90,11383),(91,21379)]	125.368556
78	[(0,8256),(1,36898),(4,3867),(7,23385),(8,28909),(9,13190),(12,17284),(13,32265),(14,16407),(15,18018),(16,26656),(18,12719),(19,554),(21,37307),(22,3963),(29,27869),(30,16242),(32,37466),(33,25528),(35,28465),(37,24646),(38,23038),(39,36920),(41,28444),(43,21726),(44,28090),(46,5635),(49,11964),(51,27182),(52,12874),(53,35383),(54,36602),(55,1514),(57,19326),(59,20253),(61,30268),(62,16050),(65,30183),(66,8286),(67,35151),(68,26431),(69,11203),(71,20707),(73,5969),(77,10109),(78,24421),(80,30557),(81,22248),(84,34657),(85,23635),(86,13986),(89,14207),(91,36377),(92,3317)]	117.997543
79	[(0,20952),(2,5061),(3,36649),(6,6603),(7,16610),(8,34652),(9,24471),(10,36809),(13,29161),(15,7456),(16,27833),(18,17036),(20,34369),(21,7869),(22,12022),(27,32112),(29,15905),(32,13560),(34,37062),(37,36103),(38,9551),(41,6364),(43,13135),(45,32544),(47,32110),(48,22418),(50,27136),(52,11615),(53,29362),(54,28853),(55,17640),(56,485),(57,9707),(59,5813),(61,34244),(64,34317),(66,32625),(67,32473),(68,12956),(72,6785),(74,33382),(75,17019),(76,35619),(79,7987),(80,5640),(86,4844),(92,10386)]	135.048425
80	[(2,28393),(3,20781),(4,12722),(5,32216),(6,9503),(7,25150),(10,84),(11,24239),(12,34455),(13,37209),(16,19997),(23,32289),(25,23012),(26,34098),(27,36798),(28,15664),(30,10696),(31,36439),(33,15377),(39,670),(41,27548),(43,2807),(45,6030),(46,29292),(47,4879),(48,35589),(49,35552),(51,26298),(52,31231),(53,2969),(54,17178),(55,32208),(56,19633),(57,6644),(58,22452),(59,30538),(61,3774),(62,29071),(63,34392),(64,29681),(65,28967),(66,14589),(68,16312),(70,12984),(71,18232),(73,9398),(74,32158),(76,33117),(78,3163),(80,18319),(82,22151),(83,6819),(84,22719),(85,37039),(87,26678),(88,801),(89,21119),(91,28076)]	123.531185
81	[(0,6922),(1,2921),(2,15338),(3,14699),(4,31637),(6,7142),(8,16541),(9,14159),(11,915),(13,20721),(14,9711),(15,5622),(16,18223),(18,24096),(19,25270),(21,12904),(26,20827),(28,34837),(29,18738),(30,23836),(32,36430),(33,13017),(36,709),(37,26295),(39,22786),(42,30943),(43,9277),(47,7075),(48,1326),(49,36959),(50,25235),(51,13590),(52,9030),(53,13977),(54,32065),(56,5184),(60,35782),(61,19123),(64,13385),(65,35606),(67,28885),(68,35641),(70,16271),(72,35708),(73,14266),(75,33790),(76,21561),(79,11715),(82,10434),(84,31936),(86,2269),(87,4736),(88,15373),(89,29302),(90,23655),(92,6684)]	120.868694
82	[(0,5135),(1,23021),(3,6902),(4,23782),(6,32210),(7,6576),(10,15413),(11,7580),(12,13136),(15,15411),(16,8653),(17,28145),(18,24704),(20,16659),(21,10701),(22,16979),(23,16980),(25,30247),(26,36779),(28,2251),(29,27657),(30,36067),(31,34016),(32,32752),(33,28502),(35,30268),(36,1304),(37,13010),(38,4951),(40,13513),(42,6323),(43,26403),(44,34059),(48,26582),(49,37527),(50,2971),(51,3013),(52,18069),(54,36755),(56,26180),(58,328),(60,21082),(64,30024),(65,22952),(66,31834),(67,14126),(69,22458),(73,9475),(79,36342),(80,28337),(84,28052),(86,6994),(89,20125),(90,2663),(91,5129),(92,31837)]	117.049965
83	[(0,896),(2,20243),(3,18780),(4,21210),(7,26401),(9,501),(11,21326),(12,25860),(13,28668),(14,23686),(15,28204),(18,6368),(26,5281),(27,33216),(28,29910),(29,2704),(31,33077),(32,33100),(34,542),(35,7283),(36,14944),(41,33307),(42,15405),(43,8371),(46,8279),(48,20425),(49,16775),(50,31464),(51,380),(52,34806),(53,30451),(55,7987),(58,35171),(59,25229),(61,23265),(62,32503),(63,21912),(65,26543),(66,4348),(67,22345),(69,10678),(70,32696),(71,2695),(74,2042),(75,17293),(78,29543),(79,1718),(80,37348),(82,16249),(86,25083),(87,20703)]	122.790980
84	[(0,9192),(1,14444),(5,17953),(6,11227),(7,25151),(8,25104),(11,17308),(12,6756),(16,20606),(17,28686),(20,13164),(21,33795),(22,2991),(23,32043),(25,27671),(27,29251),(28,36328),(30,7909),(31,10306),(32,98),(33,29778),(34,17818),(35,34219),(36,32258),(37,14796),(39,11832),(45,19629),(46,2203),(47,5631),(49,13638),(52,10570),(55,936),(56,5284),(57,4440),(60,29813),(63,17793),(64,22531),(65,26214),(68,24277),(69,11686),(70,24902),(71,9800),(72,1667),(74,4446),(75,17905),(76,4219),(77,25811),(79,13727),(83,13222),(84,33312),(86,17466),(89,4340),(90,21214),(91,3784),(92,4679)]	131.659688
85	[(1,6120),(5,855),(6,19652),(8,34932),(10,22),(13,34919),(14,1121),(16,29180),(17,5998),(18,5431),(20,28827),(21,3670),(23,4159),(24,21481),(25,32639),(26,29738),(30,4511),(34,12898),(35,35272),(36,30362),(37,12732),(38,17174),(39,10998),(41,24156),(42,12608),(44,13471),(45,14494),(47,6295),(50,23340),(51,9576),(54,5519),(56,21700),(57,8367),(58,7916),(59,27000),(61,33850),(63,33079),(65,13606),(66,26304),(67,30310),(68,37184),(71,32131),(72,1627),(74,36741),(76,37025),(77,28642),(81,10623),(82,15095),(84,2660),(85,10259),(86,20139),(89,2344),(90,32356),(91,2570)]	124.857274
86	[(1,15660),(3,22073),(4,35507),(5,20055),(6,28728),(8,6696),(14,26705),(15,14824),(16,14546),(17,25186),(18,23027),(20,35656),(21,1816),(22,17230),(23,5012),(25,1128),(28,25540),(29,34108),(33,1345),(34,30149),(36,19769),(39,1945),(41,1133),(42,34228),(44,30939),(45,14094),(46,15627),(48,30118),(49,11208),(50,12793),(51,12184),(53,31273),(55,806),(56,19438),(58,35723),(59,28423),(62,15723),(63,28941),(64,4515),(65,29742),(66,22098),(72,30448),(73,14576),(75,29221),(76,5757),(77,20671),(80,30648),(81,27338),(84,35060),(85,20483),(86,16717),(87,1755),(88,19264),(91,19033),(92,314)]	127.931319
87	[(0,13317),(1,1664),(2,1068),(3,31801),(5,37171),(6,2633),(7,12515),(8,3626),(9,25446),(10,7904),(11,30178),(13,18758),(14,6834),(15,30519),(16,36707),(17,27819),(18,32530),(22,24223),(23,15032),(25,374),(27,5514),(28,1353),(30,11114),(31,6031),(32,11863),(34,36651),(35,12322),(39,30298),(41,23035),(42,18967),(44,14895),(46,36597),(47,1244),(48,16544),(49,34763),(51,18388),(53,19694),(54,26109),(55,10819),(58,19648),(59,14987),(60,18036),(61,37144),(62,9596),(63,2803),(64,24239),(69,33700),(71,32651),(72,7323),(73,24668),(74,8818),(76,13191),(78,2282),(79,645),(80,13450),(81,26093),(82,6387),(83,30906),(84,25320),(85,15988),(86,37459),(87,15129),(91,22239)]	132.289587
88	[(1,24530),(2,6620),(3,13032),(4,30482),(5,36295),(8,35468),(10,9322),(12,4182),(13,21821),(15,37297),(16,37121),(19,27020),(20,27735),(23,17812),(24,16378),(25,27438),(26,25197),(28,25055),(29,14018),(30,12053),(34,15167),(35,13996),(37,29193),(38,304),(39,8459),(40,29614),(42,4241),(43,30507),(44,17576),(46,20795),(47,36028),(49,12264),(50,21212),(51,10049),(56,10091),(58,720),(60,32185),(61,23724),(63,34098),(65,19238),(66,21473),(67,16456),(68,9855),(71,15777),(75,4284),(77,32379),(78,13065),(81,1790),(82,35599),(84,14401),(85,5186),(86,29790),(87,8265),(91,25871),(92,5165)]	118.581669
89	[(0,31432),(1,31608),(2,3340),(3,8362),(4,2105),(6,16839),(8,16414),(9,7578),(10,36966),(12,15486),(14,14979),(15,26277),(18,18937),(19,30363),(20,8776),(21,19735),(22,22517),(24,32106),(25,11219),(27,6351),(28,14745),(29,18048),(30,35767),(31,7567),(32,9830),(33,28625),(35,23648),(36,7038),(37,19569),(40,36093),(42,2986),(43,5323),(47,709),(50,23995),(51,28116),(53,28362),(54,3326),(55,503),(56,28332),(57,17567),(58,6817),(59,17550),(60,5387),(62,26554),(63,13304),(65,35955),(70,25551),(71,1159),(72,6405),(73,26216),(75,5447),(76,5890),(78,4056),(79,36221),(84,3636),(85,12231),(86,23948),(88,6358),(92,9)]	120.339372
90	[(0,11367),(2,23429),(3,24619),(5,1702),(6,10757),(7,36824),(9,34213),(12,36595),(13,32211),(15,10756),(17,4711),(18,29642),(19,23580),(20,36739),(21,3829),(25,3140),(26,8243),(27,30955),(28,4339),(29,5454),(32,23544),(34,1929),(39,1630),(40,19467),(42,16480),(44,843),(49,14575),(50,2252),(51,23111),(52,7395),(55,29922),(64,36642),(66,6241),(69,33523),(70,34582),(71,26933),(73,11413),(75,11188),(77,1265),(79,31246),(80,17908),(81,30133),(82,11675),(83,28803),(84,25113),(86,826),(87,25030),(88,27381),(90,16176)]	118.586725
91	[(2,27170),(3,4491),(4,14450),(5,3418),(7,12921),(8,17613),(10,32535),(11,28621),(12,4967),(13,29030),(14,16421),(15,5566),(17,21251),(19,33842),(21,10475),(24,11035),(25,16152),(26,28386),(28,10151),(29,26003),(30,27950),(32,36471),(35,2326),(36,35561),(37,29264),(39,22867),(41,4623),(42,16374),(43,20750),(44,33473),(45,25102),(46,16134),(49,5109),(51,33444),(53,29713),(54,4441),(56,12848),(57,6612),(58,31889),(60,762),(62,9098),(65,33550),(66,26277),(67,34764),(68,20552),(69,5381),(71,23610),(76,11669),(78,21168),(79,17725),(81,33893),(82,1037),(84,33240),(85,13006),(86,5406),(87,30106),(88,37050),(89,39),(91,13024),(92,9577)]	108.430249
92	[(0,22755),(1,25187),(2,12551),(3,13198),(4,15113),(5,10853),(6,32035),(7,2844),(8,8499),(9,37156),(10,34495),(12,27100),(14,22359),(15,27082),(16,17245),(18,15066),(19,21841),(20,5718),(22,19505),(25,23739),(27,3012),(28,15320),(35,11183),(36,23136),(37,991),(38,5283),(39,35638),(40,9915),(42,5951),(44,16703),(45,11319),(48,12267),(53,17487),(54,2083),(55,21440),(60,27052),(62,9722),(67,35765),(68,14367),(69,35439),(73,861),(74,33384),(75,7135),(76,8785),(77,5826),(79,18872),(84,7055),(85,6991),(86,14875),(88,18043),(90,27034)]	117.214874
93	[(1,11591),(3,19976),(5,14459),(6,19809),(8,31053),(9,27068),(10,19956),(12,4130),(14,12060),(15,17227),(17,1673),(19,23671),(21,1025),(22,15554),(23,1992),(26,210),(28,3418),(29,33644),(33,22718),(34,679),(35,35377),(36,2775),(39,5833),(40,6858),(43,11000),(45,35502),(46,19976),(47,17618),(50,21583),(53,5222),(56,34180),(58,117),(59,22965),(60,14154),(61,11616),(62,3331),(63,1010),(64,29348),(65,11300),(66,14692),(67,35481),(68,6125),(69,9646),(70,9757),(71,28798),(72,37173),(73,29664),(74,16652),(75,35748),(77,10149),(78,1688),(79,7306),(81,15605),(82,32039),(85,36610),(86,28591),(88,3490),(90,34916),(92,25584)]	120.126116
94	[(0,23283),(1,9357),(2,4464),(5,12351),(6,18658),(7,30082),(9,38),(11,9883),(12,33342),(16,22570),(18,25038),(19,26028),(20,37247),(21,7339),(22,18578),(23,22141),(24,1278),(25,19259),(27,34429),(29,518),(31,27943),(34,28881),(35,9752),(36,25803),(37,9517),(40,318),(42,32787),(43,1912),(44,8000),(45,5112),(50,27356),(51,8263),(53,19164),(54,25090),(55,18052),(57,1504),(59,26618),(61,28098),(62,10987),(68,11369),(70,33238),(71,28817),(73,26876),(76,12409),(77,36237),(79,18544),(80,6551),(84,25516),(85,32993),(87,9930),(88,9872),(90,20131),(91,19000),(92,23782)]	156.895318
95	[(0,26534),(9,7981),(10,3432),(14,4859),(15,13165),(17,14060),(18,16441),(20,24298),(21,22552),(23,18227),(24,14953),(26,27961),(28,19637),(29,5344),(31,35631),(32,12128),(36,13967),(37,21089),(40,7052),(42,6516),(43,21663),(44,24076),(45,6893),(46,13178),(47,6513),(49,16151),(50,19356),(57,19087),(58,1298),(60,10514),(65,10391),(66,16438),(68,11241),(69,5102),(70,20121),(71,29142),(72,2763),(73,20480),(76,7163),(78,26657),(79,11404),(82,32409),(84,20871),(85,18891),(86,29718),(87,170),(89,23191),(92,18777)]	264.470001
96	[(2,7667),(3,939),(4,2807),(5,23264),(7,11296),(9,32285),(11,35750),(13,17270),(17,22322),(18,14041),(19,10395),(20,363),(21,30865),(22,13292),(24,926),(25,17173),(26,25190),(27,15684),(28,14611),(32,18978),(34,11934),(36,21736),(38,7371),(39,7107),(40,18545),(41,30838),(42,36375),(45,23478),(46,8283),(48,6503),(49,16559),(55,14037),(56,29800),(57,19439),(59,31364),(60,21344),(65,474),(66,2912),(70,30484),(71,21317),(72,37335),(75,22985),(76,28345),(78,3976),(79,23205),(80,31556),(81,15148),(83,9677),(85,30396),(86,25339),(91,26836),(92,10113)]	246.024727
97	[(0,245),(1,11313),(6,8854),(7,27694),(8,18807),(10,3947),(11,14583),(12,26264),(13,34672),(14,8337),(15,36245),(19,9895),(21,16150),(22,29412),(25,12631),(26,24112),(28,8982),(29,27559),(30,7344),(32,15181),(33,29288),(36,12423),(37,21512),(39,9397),(40,9846),(44,8297),(45,6873),(47,3364),(50,30600),(54,34090),(59,22855),(60,34709),(62,35734),(64,15462),(67,3378),(69,29807),(70,20115),(71,23344),(72,1715),(73,15468),(74,20167),(75,15013),(76,28976),(77,9415),(78,9794),(82,14781),(84,14032),(87,27556),(88,26499),(92,8529)]	250.938557
98	[(2,2872),(3,15043),(8,17914),(9,8971),(11,22536),(13,1153),(14,7098),(18,633),(19,29557),(20,14978),(23,34994),(24,19761),(26,2271),(27,23250),(28,28264),(32,20939),(34,37005),(35,14574),(36,4872),(38,13351),(39,1808),(42,5781),(43,23415),(47,24008),(48,22403),(50,37119),(51,34934),(53,29432),(56,34809),(59,36847),(60,20455),(61,20040),(62,8453),(65,16187),(68,16617),(70,26590),(72,11828),(73,5016),(75,18308),(76,8723),(77,1583),(78,24054),(80,18786),(81,19951),(82,27214),(83,9361),(84,29158),(85,36291),(87,15600),(89,5325),(90,31615),(91,35907),(92,34669)]	244.354350
99	[(0,36665),(1,17047),(2,454),(3,11948),(6,25026),(7,5546),(9,21698),(11,17797),(12,15463),(13,22405),(15,320),(16,9797),(17,24048),(19,14293),(20,24741),(22,8051),(23,31853),(25,4244),(26,33159),(29,31777),(30,23872),(31,3683),(33,13919),(36,24352),(37,842),(38,34283),(39,34713),(40,2548),(44,6844),(49,26836),(50,10772),(52,19088),(54,16129),(55,12430),(58,29318),(60,617),(61,14179),(62,33891),(63,35999),(66,22705),(68,3817),(69,1001),(73,7967),(74,11898),(77,7845),(79,17301),(80,34401),(81,2835),(83,30752),(88,34194),(90,5376)]	235.607746
100	[(0,22045),(2,5304),(4,3058),(5,23677),(6,2643),(8,33080),(9,33119),(10,36081),(11,4815),(15,7190),(16,16500),(17,18366),(18,36072),(19,14654),(20,22400),(21,1156),(22,5914),(24,328),(28,23353),(29,25757),(32,12289),(33,22480),(34,8433),(35,30247),(36,36779),(38,668),(39,27681),(43,24700),(47,30166),(49,13470),(50,36844),(55,16182),(56,27115),(58,35011),(60,6056),(64,32421),(65,18123),(67,16392),(70,3935),(73,24010),(77,36627),(78,31342),(80,8816),(87,9628),(92,4869)]	263.750646
101	[(3,10557),(4,7894),(6,4417),(7,24706),(9,16475),(11,22196),(12,11114),(14,33055),(16,22269),(17,7769),(18,18967),(23,25773),(24,15137),(25,34495),(26,13265),(27,31382),(29,20523),(31,19743),(32,23244),(37,21196),(38,12359),(39,19109),(41,20845),(43,6489),(44,33313),(45,4032),(48,12086),(50,8596),(51,33422),(52,23109),(53,35959),(54,4670),(55,10466),(56,1634),(57,28008),(58,29019),(59,35340),(60,28033),(61,16443),(63,4140),(65,26653),(69,2898),(72,4999),(73,36397),(74,28931),(75,9687),(76,11724),(77,17452),(79,261),(80,33264),(81,28669),(83,13670),(88,499),(89,21538),(90,34830),(91,17369)]	232.075414
102	[(0,20252),(1,27616),(2,4992),(3,6450),(4,6965),(6,9640),(7,3706),(11,25470),(12,29771),(13,31511),(14,28175),(15,19084),(16,10030),(18,3628),(19,25700),(20,25140),(22,25472),(24,31731),(25,31332),(26,15408),(27,13493),(29,24899),(30,20088),(32,4033),(33,26615),(34,36194),(35,13623),(36,23702),(37,14751),(38,32769),(40,8232),(43,21436),(44,12067),(48,20671),(50,36753),(51,7507),(52,9553),(53,5196),(56,26908),(60,35673),(63,14168),(64,23764),(65,2694),(66,4769),(67,30882),(68,955),(72,8178),(73,6706),(77,25786),(78,27324),(82,4678),(84,2253),(85,36106),(86,3359),(87,20586),(88,11724)]	237.237509
103	[(1,15431),(2,37522),(5,36534),(6,28017),(7,35834),(9,4619),(11,29497),(13,20242),(14,16964),(15,33916),(16,6668),(18,22170),(20,5184),(23,10340),(24,24959),(26,32567),(27,12959),(29,3061),(30,18875),(31,18111),(33,24867),(34,14073),(35,29023),(36,17868),(37,17931),(38,28263),(41,21305),(44,25829),(45,6214),(46,25855),(48,32758),(51,191),(53,3125),(54,7828),(57,24645),(59,23562),(60,1775),(61,34666),(62,2127),(65,24282),(66,950),(67,15278),(69,18370),(70,36600),(72,7238),(73,14314),(74,3987),(76,34590),(79,22092),(80,32),(82,34938),(85,15936),(86,7173),(87,1466),(89,22019)]	225.355610
104	[(0,22829),(3,7475),(4,19424),(5,31987),(6,31114),(8,22824),(9,15707),(12,24712),(15,15553),(16,4876),(17,17046),(18,17844),(19,19100),(20,13385),(22,23790),(23,1483),(27,9198),(29,13408),(31,8995),(36,597),(37,28013),(38,9022),(41,13349),(42,18214),(43,3707),(44,9986),(45,9707),(51,36521),(52,8327),(54,31779),(59,29496),(60,7299),(61,21124),(63,26116),(65,33952),(68,22568),(69,16302),(71,36320),(72,21538),(73,25556),(74,26212),(75,25793),(76,4474),(78,19287),(79,7537),(83,36755),(84,31902),(85,30357),(86,27406),(87,9282),(88,20167),(90,3653),(91,19212)]	235.784746
105	[(1,33950),(4,1705),(6,16483),(8,24513),(9,3103),(11,6034),(12,14805),(13,10817),(14,14341),(16,36767),(20,12920),(22,33720),(23,16112),(24,8663),(25,22191),(26,1143),(28,30372),(31,13916),(32,25627),(33,26182),(36,15621),(39,27480),(40,9964),(41,34985),(45,33924),(46,18448),(49,32997),(50,24497),(51,8262),(52,17390),(58,37430),(59,36558),(60,27177),(61,10340),(64,19929),(65,21674),(66,16410),(67,36619),(70,33180),(71,23599),(72,25830),(75,10562),(76,14076),(78,37605),(79,30618),(80,25405),(83,36178),(86,35464),(87,6525),(88,35697),(89,19058),(91,2071)]	223.114641
106	[(0,3935),(2,33673),(3,33088),(5,34768),(6,16938),(7,30723),(12,18184),(13,29507),(14,73),(15,22842),(16,18201),(21,5163),(28,25667),(29,22695),(30,8471),(33,33032),(34,2634),(37,10441),(39,34624),(40,32991),(43,5964),(44,12985),(45,25258),(47,8304),(48,15939),(50,27334),(51,31847),(52,29828),(53,9386),(54,33443),(55,37107),(56,14777),(58,32146),(59,5757),(60,1),(62,5053),(63,14811),(64,12854),(66,8730),(67,15875),(69,8405),(71,37122),(73,28498),(74,15515),(75,2800),(76,4929),(80,31361),(81,19478),(82,21921),(83,16774),(89,18646),(90,14088),(92,25520)]	255.677155
107	[(5,24385),(6,15345),(7,5461),(9,19023),(11,30949),(12,29719),(14,8137),(15,20057),(17,14107),(18,26385),(21,12757),(22,35982),(23,17172),(24,1394),(28,981),(29,3373),(30,4010),(33,30394),(34,20719),(35,3465),(38,14553),(39,6796),(40,14783),(41,35166),(42,36539),(43,11947),(44,26530),(45,14215),(48,37002),(49,34878),(51,27091),(52,4312),(53,23176),(54,18560),(55,5639),(57,28410),(58,5965),(59,17217),(60,30537),(62,31105),(63,35376),(64,36388),(66,8582),(69,29505),(71,32382),(73,18341),(74,34141),(76,32665),(77,31844),(80,33242),(83,28218),(87,32755),(88,33888),(89,10369),(92,23011)]	225.745798
108	[(0,2343),(1,156),(3,18202),(9,20444),(10,4999),(11,8003),(12,24099),(14,18221),(15,7495),(16,24726),(22,25779),(23,30822),(24,1335),(25,9507),(27,31207),(30,24132),(31,430),(36,15720),(37,14145),(38,2021),(39,20826),(40,20997),(43,23165),(45,3051),(50,22389),(51,21674),(52,16410),(53,36619),(54,16244),(56,6683),(58,16478),(59,13796),(62,6108),(65,34619),(66,14317),(71,4011),(74,33749),(75,9380),(76,3678),(78,36725),(80,23304),(82,33391),(83,18030),(87,29301),(88,10057),(91,6440),(92,7112)]	243.427399
109	[(5,31100),(8,13307),(10,26248),(11,24126),(13,36855),(14,15506),(15,36127),(16,14996),(17,36332),(18,14694),(22,9720),(25,13071),(26,25041),(27,14556),(28,7689),(30,25464),(31,15090),(33,17052),(34,28479),(35,19989),(36,36544),(37,30679),(40,37410),(41,34015),(43,25386),(44,23235),(46,29903),(49,31810),(50,7542),(53,20103),(54,2709),(55,33046),(56,24647),(59,21008),(60,2028),(61,29887),(64,35306),(66,26653),(70,1454),(74,15791),(75,14644),(76,35209),(78,5335),(83,25283),(84,21655),(85,32842),(86,10912),(87,6348),(89,18149),(90,22160),(91,34600)]	209.070819
110	[(1,6695),(3,3617),(6,36942),(8,20445),(9,20160),(17,995),(18,34748),(21,7557),(22,10678),(23,29041),(26,32678),(27,5643),(29,33995),(31,14359),(32,6376),(33,31160),(34,33553),(36,14066),(37,18631),(38,37054),(39,32428),(40,15999),(42,36344),(43,19064),(44,9748),(45,32863),(46,34619),(47,14317),(49,5630),(50,22811),(51,1081),(53,3942),(54,21444),(55,25484),(57,14046),(58,911),(59,32872),(61,12275),(64,12404),(66,1745),(67,13040),(68,10909),(70,459),(72,24063),(73,19195),(74,14701),(76,11174),(77,33997),(78,14163),(79,35253),(80,3547),(83,27634),(84,20984),(86,30519),(87,36707),(88,7136),(89,36573),(90,22456),(91,6783),(92,35456)]	114.177152
111	[(0,9868),(2,17707),(3,22032),(4,1380),(5,37479),(6,11051),(8,18959),(10,1923),(13,29346),(14,30515),(16,25039),(18,15721),(19,25599),(21,13484),(22,26478),(24,19851),(25,19805),(26,35428),(29,27091),(30,11454),(36,12379),(37,16251),(39,19244),(40,17473),(41,4207),(43,23167),(44,33385),(45,6720),(47,37183),(48,31649),(50,3261),(51,25296),(53,13388),(54,17234),(55,17296),(56,17672),(58,11781),(59,30435),(60,37296),(61,6649),(62,35289),(63,17985),(65,32739),(66,14113),(67,23072),(70,17776),(71,11390),(72,32763),(73,33532),(74,30769),(77,20080),(78,13853),(79,15637),(81,23738),(83,2325),(84,35640),(85,12072),(86,21419),(87,19310),(88,14043),(91,13611)]	123.090730
112	[(0,27098),(3,4546),(4,31989),(5,302),(9,22841),(10,10622),(11,27473),(15,12474),(16,22146),(19,30884),(20,19303),(21,22061),(24,14058),(25,27899),(26,26883),(27,19833),(29,37136),(30,31958),(31,8815),(33,4208),(34,12034),(35,4449),(37,13346),(38,22588),(39,19141),(40,32410),(42,10689),(44,25585),(45,20770),(46,11582),(48,686),(49,28086),(52,21805),(57,17240),(58,24459),(59,10036),(60,14228),(61,10586),(62,11999),(63,19570),(64,27961),(65,8690),(66,13075),(67,18073),(68,16405),(72,27481),(73,1449),(75,34016),(76,18428),(77,37574),(80,22976),(84,36324),(85,35606),(88,22406),(92,21753)]	113.472371
113	[(2,1416),(4,34609),(5,26887),(7,17993),(9,28449),(10,34437),(11,24511),(12,3698),(13,29145),(14,11129),(18,6370),(22,34526),(24,24045),(25,23633),(26,35132),(29,276),(32,27868),(36,36875),(37,27234),(43,25045),(44,26829),(45,8740),(47,17436),(48,28341),(49,34506),(50,4287),(52,23923),(53,17577),(54,19943),(55,32945),(57,17733),(59,24994),(61,2154),(62,30133),(63,11675),(64,7837),(65,36605),(66,35254),(67,6428),(70,29741),(71,30150),(72,27730),(73,1274),(75,26321),(76,22945),(77,32155),(78,9924),(79,5424),(81,11816),(84,12400),(85,9914),(89,2006)]	110.855508
114	[(1,811),(2,374),(4,32199),(7,26478),(10,28569),(11,5014),(13,7182),(15,32089),(18,26110),(19,5382),(20,34963),(21,5549),(25,17256),(26,27426),(29,967),(30,34171),(32,29927),(33,14622),(34,13316),(37,33073),(38,7798),(41,32553),(42,15046),(43,32951),(44,6288),(46,32223),(47,36270),(48,28406),(50,15403),(51,12651),(55,35992),(57,18369),(58,1140),(60,4489),(62,28788),(64,33014),(65,3823),(66,4895),(67,12637),(68,1644),(70,28508),(75,37294),(76,3586),(77,26670),(78,11911),(80,4640),(82,7692),(84,10841),(88,5377),(90,11822),(91,29),(92,20709)]	112.871029
115	[(0,7157),(1,26743),(2,3036),(3,20449),(4,4415),(5,6093),(6,17030),(8,30572),(10,17988),(12,33391),(13,1473),(15,33727),(17,5932),(19,17304),(20,7268),(22,21945),(23,5738),(25,2866),(26,35103),(27,3321),(28,23251),(29,18987),(30,22641),(32,15120),(35,30678),(37,16446),(39,32982),(40,13545),(41,34746),(43,4494),(45,1809),(47,15092),(49,28000),(50,28077),(51,21283),(52,18654),(53,17481),(54,27828),(56,12696),(61,27764),(63,15159),(64,6737),(66,23936),(67,24090),(68,19560),(69,14903),(71,35228),(72,6496),(73,855),(74,15416),(76,4908),(77,32754),(79,31362),(81,31570),(83,31576),(84,19575),(86,312),(88,13290),(89,27354),(90,28356),(92,28824)]	122.410672
116	[(1,16487),(2,11818),(3,2961),(4,3625),(6,10527),(7,14290),(8,2661),(10,10552),(11,7102),(12,1206),(13,35349),(14,17076),(15,11982),(20,31094),(21,26800),(22,35334),(26,645),(27,26761),(28,37119),(29,9783),(31,25285),(32,7582),(34,20441),(35,9064),(36,6454),(37,9959),(38,15974),(41,13249),(44,6735),(46,26318),(48,26432),(49,15631),(50,21191),(54,205),(55,20627),(57,25974),(58,26986),(64,6482),(65,22767),(69,16962),(72,12096),(75,8266),(76,30738),(77,11399),(78,7112),(79,28124),(80,14823),(81,23295),(82,1616),(83,6948),(84,35489),(85,9615),(86,23524),(87,2068),(89,20278),(90,27852),(91,11000)]	119.528294
117	[(1,114),(3,30458),(4,36145),(5,6762),(8,34615),(9,15515),(10,2800),(11,25282),(14,27091),(15,21285),(18,15405),(20,32164),(22,23036),(23,10079),(25,14077),(26,16805),(27,3885),(28,33983),(29,12485),(33,29297),(34,18279),(36,28773),(37,2585),(41,27779),(42,35955),(44,36154),(45,20395),(47,13176),(48,37604),(49,17693),(52,29496),(56,34621),(58,21245),(61,31360),(62,22443),(63,16400),(65,11289),(70,6823),(73,21579),(74,21339),(77,9978),(81,31297),(82,25092),(83,22737),(84,15661),(85,742),(87,4361),(88,23673),(89,1684),(90,11723),(91,11668)]	131.866489
118	[(0,20197),(1,10744),(2,12641),(4,17113),(5,5027),(6,35451),(7,8800),(9,18136),(11,24258),(12,8377),(13,4708),(15,23763),(16,20418),(17,13351),(20,36620),(22,36726),(24,30180),(28,24743),(29,27306),(30,13423),(31,14754),(32,26063),(33,6799),(35,12937),(37,7736),(39,34207),(40,14945),(41,31143),(42,23722),(44,33894),(45,4768),(48,154),(49,2286),(51,134),(52,15696),(54,22344),(55,17434),(56,2841),(57,33352),(59,37563),(62,4301),(63,30810),(65,32566),(66,36729),(68,29234),(72,93),(73,9729),(74,8869),(75,13253),(77,28235),(78,5981),(79,17845),(81,3944),(82,25635),(84,23304),(86,33391),(87,18030),(90,5924)]	117.120801
119	[(0,3286),(1,14531),(2,22344),(4,14490),(7,770),(10,23738),(12,25607),(13,37295),(14,9856),(15,6412),(21,15379),(22,35501),(24,37126),(27,23238),(28,2428),(30,5160),(31,9485),(33,35650),(34,32329),(35,35214),(37,17755),(39,10056),(42,27397),(43,10847),(45,30777),(46,35067),(47,27362),(49,30401),(50,4240),(51,6972),(52,5028),(53,25401),(54,10039),(55,34396),(56,4231),(59,25559),(61,9526),(62,11383),(63,21379),(64,9139),(66,11851),(67,32399),(69,4255),(70,36996),(74,2968),(75,34393),(76,14075),(80,35097),(81,26310),(83,28073),(84,4997),(85,31323),(86,30027),(91,20701)]	116.515181
120	[(2,25404),(3,4395),(6,94),(10,6836),(11,1942),(12,699),(13,27489),(17,22032),(18,22954),(19,26908),(24,20684),(25,25422),(28,29997),(31,9001),(33,14892),(34,37064),(37,30853),(38,24949),(39,4256),(41,5276),(42,2707),(43,5827),(44,30696),(45,7972),(48,24414),(50,10267),(51,18731),(52,6240),(53,11900),(54,3335),(56,33079),(58,13606),(59,26304),(60,30310),(61,17975),(63,17718),(65,30918),(66,16366),(67,19596),(68,19077),(70,22033),(71,1086),(74,16618),(75,5027),(76,35451),(77,8800),(79,2698),(82,30517),(84,36275),(86,20793),(87,1625),(90,33424)]	121.552319
121	[(2,3835),(3,30871),(4,24801),(6,9600),(8,3141),(10,10701),(11,16979),(12,16277),(14,15701),(20,9982),(22,32721),(23,29330),(24,24132),(25,28854),(26,25917),(28,11498),(29,31604),(32,12278),(33,2972),(34,22206),(36,29229),(38,11034),(39,4404),(40,19331),(43,4313),(47,7483),(48,28805),(49,16759),(50,11623),(53,19333),(54,11229),(57,23913),(58,33695),(59,21057),(60,36687),(61,32553),(63,16324),(67,15753),(68,13337),(69,33523),(70,34582),(77,32011),(78,6864),(79,24922),(83,20051),(85,15229),(92,26473)]	112.176389
122	[(2,26121),(3,5436),(4,20878),(5,20070),(6,27060),(7,27820),(8,11784),(10,34514),(11,22054),(12,7749),(14,18700),(16,32623),(17,21272),(19,4000),(20,25154),(21,21269),(22,18724),(23,25122),(26,22574),(27,15626),(32,23911),(34,5902),(37,24067),(38,7836),(40,3339),(42,16016),(43,34516),(44,4127),(47,14400),(48,6709),(51,2027),(52,23859),(53,16800),(54,17375),(56,13854),(58,37159),(59,24042),(60,18748),(61,1517),(63,16983),(65,1997),(67,3557),(68,2099),(70,9465),(71,20727),(72,6966),(75,6046),(78,3426),(80,22245),(81,33516),(85,3255),(86,23417),(87,23060),(89,10075),(91,18159),(92,28738)]	114.320534
123	[(0,30081),(1,14098),(2,1054),(3,30188),(4,1446),(7,1672),(9,36998),(10,15652),(11,13937),(15,18770),(17,4771),(19,7901),(20,21692),(21,15933),(23,15959),(25,24763),(26,20097),(27,22531),(29,34660),(30,7916),(32,6670),(33,30047),(35,29417),(36,17521),(37,11809),(39,9601),(42,1065),(44,8459),(46,10534),(47,3986),(49,11232),(51,13994),(52,28389),(53,31808),(54,16829),(55,25793),(57,2463),(63,20615),(64,21843),(65,36708),(66,18955),(67,28241),(68,22377),(72,31897),(76,19555),(77,6753),(78,6225),(79,9975),(85,6902),(86,27976),(87,31322),(88,24536),(89,8990),(91,33653)]	114.402769
124	[(0,35255),(2,20688),(3,18708),(4,12036),(5,11688),(6,972),(7,19733),(12,19500),(13,30046),(15,13792),(16,23466),(19,2331),(20,6625),(28,24554),(29,22171),(30,30564),(31,26069),(32,9652),(36,8280),(39,6945),(40,21346),(41,12850),(43,19948),(44,25027),(45,2105),(51,8660),(52,34671),(55,6537),(56,1017),(57,5091),(58,30026),(59,16280),(60,2806),(63,9140),(64,20926),(66,8984),(67,33078),(68,2603),(71,20134),(74,16413),(75,30441),(76,560),(79,36335),(80,30950),(81,267),(82,19243),(84,20346),(85,10624),(88,17822),(89,1459),(90,24323),(91,12708)]	120.286632
125	[(0,7169),(1,28177),(3,15595),(4,26100),(5,3173),(6,2835),(8,13933),(9,5418),(10,560),(14,18957),(15,1585),(16,16595),(17,27504),(18,27144),(20,21149),(21,23088),(22,8430),(23,15860),(24,33037),(25,3207),(27,30246),(31,32235),(34,19850),(36,33258),(38,25995),(39,26122),(44,15014),(46,21589),(47,9334),(48,11918),(49,4933),(50,33874),(51,4336),(52,12003),(53,2276),(55,30726),(56,5263),(57,9726),(58,27387),(59,13055),(62,36500),(67,14293),(68,24741),(70,11161),(71,27648),(73,4756),(74,30374),(77,6379),(78,13328),(79,32533),(81,34442),(82,22591),(83,1298),(85,26479),(88,37010),(91,32140),(92,24240)]	131.826085
126	[(0,9640),(1,3706),(5,27849),(6,6159),(7,3608),(9,34873),(11,19960),(14,2760),(16,11224),(17,28831),(19,29948),(20,22073),(21,35507),(24,33402),(25,9942),(26,28034),(27,30165),(28,13226),(29,6373),(31,25712),(32,36645),(34,9805),(36,13010),(37,4951),(38,326),(39,23119),(41,2710),(42,24148),(43,33499),(46,26956),(48,15721),(50,10441),(53,29456),(55,32838),(56,27291),(57,7351),(58,12761),(59,33593),(60,21122),(61,33181),(63,14573),(64,24609),(65,23695),(67,9155),(68,9481),(70,17552),(71,6880),(72,7813),(73,2946),(75,17013),(76,5489),(79,13625),(80,8843),(82,6697),(84,8674),(87,18487),(88,1006),(89,25405),(90,6948),(91,14518),(92,28752)]	116.717465
127	[(0,18197),(1,13303),(2,20698),(3,3826),(4,23041),(5,36507),(6,27302),(7,13486),(10,29282),(11,25507),(13,14319),(15,9587),(20,15275),(21,12824),(22,12314),(26,23796),(27,3502),(28,3727),(30,6572),(31,30469),(32,33435),(33,11294),(35,27661),(36,8294),(37,26327),(38,29450),(41,13938),(42,20953),(43,25878),(45,35193),(46,17005),(47,23103),(51,11787),(53,3217),(55,37179),(56,34665),(57,14991),(59,11009),(60,21412),(61,10647),(62,20899),(63,29737),(64,6074),(68,5976),(69,2839),(72,20558),(74,29580),(79,24383),(80,31119),(83,3414),(84,11870),(87,21930),(88,14648),(89,7535),(90,4504),(91,16214),(92,36110)]	121.879741
128	[(0,22942),(1,19302),(2,36897),(3,1132),(4,21513),(6,34926),(9,23022),(11,5373),(12,37597),(14,6664),(16,12837),(18,21176),(20,2426),(23,572),(26,13515),(27,14189),(28,12207),(29,11120),(32,31473),(35,27665),(37,3044),(39,11898),(41,10012),(42,27160),(43,18475),(44,36492),(45,36676),(47,15677),(49,19964),(51,30461),(52,33656),(55,6346),(58,29703),(59,30827),(61,35680),(62,13324),(63,941),(64,14213),(65,30869),(66,32088),(67,11123),(68,7780),(69,13873),(70,36050),(72,35801),(73,30965),(76,16380),(78,10964),(79,2703),(80,12647),(82,10892),(83,7785),(85,22406),(88,3259),(89,27456),(90,30064),(91,4610)]	119.416321
129	[(0,28504),(1,36612),(4,33063),(5,20202),(7,13766),(10,6186),(11,3165),(12,34736),(13,34792),(15,32886),(16,13527),(18,13802),(19,31485),(20,14801),(22,14925),(23,11357),(24,22880),(28,21662),(29,19309),(32,22509),(33,25653),(34,25945),(35,7509),(36,33776),(38,13542),(40,26891),(41,25515),(44,22366),(47,40),(48,8536),(49,16197),(50,30668),(53,8744),(54,27070),(56,26275),(58,4376),(60,36670),(61,32484),(63,35633),(65,30740),(66,32917),(67,20924),(72,23396),(73,15689),(76,11000),(77,12703),(80,30878),(82,27126),(83,8827),(84,16528),(86,26942),(87,892),(88,36876),(89,27450),(90,24585)]	112.353098
130	[(0,18636),(1,36170),(4,24584),(5,3800),(7,11680),(9,21666),(10,13640),(12,26919),(13,9109),(14,407),(15,5416),(18,17617),(19,21604),(22,3702),(23,314),(24,35759),(27,8853),(28,18402),(29,6045),(32,23459),(35,18723),(36,26123),(39,22971),(44,8266),(45,29962),(46,10214),(48,31135),(50,21026),(51,10520),(52,34692),(53,31036),(54,19458),(58,36229),(60,20265),(61,25298),(62,17817),(63,33538),(65,27010),(66,34976),(67,1919),(68,31478),(70,20664),(71,10765),(74,16017),(75,4631),(77,30558),(78,16870),(79,26048),(80,3371),(81,6257),(82,11377),(84,30278),(85,2888),(87,1474),(89,14341),(90,23725),(92,15629)]	112.429478
131	[(0,6879),(1,32891),(2,22555),(3,2817),(6,19392),(7,4450),(9,9279),(10,8557),(11,35697),(13,14937),(14,2885),(15,24337),(16,36776),(18,35270),(19,30681),(20,27225),(21,24582),(22,16631),(23,1938),(24,35782),(25,24402),(26,1005),(27,14557),(28,36567),(30,27487),(31,22587),(32,17588),(34,6058),(35,16216),(38,15616),(39,17310),(40,13163),(43,1243),(46,6684),(47,2754),(50,19066),(51,11676),(52,13171),(54,12685),(55,35870),(56,22856),(60,17168),(62,7972),(64,20813),(65,24457),(66,9683),(67,20060),(73,36837),(74,7484),(76,27467),(77,31947),(79,18953),(80,12369),(81,18235),(82,1596),(84,15578),(85,33985),(87,34348),(89,13785)]	110.964873
132	[(2,19405),(4,26139),(5,35078),(9,29969),(14,29185),(16,4864),(17,7017),(19,12306),(21,19443),(22,14272),(23,6067),(24,18315),(25,22473),(27,36078),(28,28962),(29,31245),(30,13735),(31,31668),(37,7493),(43,306),(46,6751),(49,6430),(51,3193),(52,10186),(54,31947),(56,37027),(58,24716),(59,20499),(62,35344),(63,7124),(64,20872),(66,15476),(68,19342),(69,31830),(70,15739),(71,31230),(72,35125),(73,7133),(74,31388),(75,34095),(76,35289),(78,17269),(79,7652),(81,28122),(84,2083),(85,21440),(86,7928),(88,5388),(89,30587),(90,15408),(91,27272),(92,13021)]	123.658640
133	[(0,17754),(1,13398),(2,25814),(5,30620),(6,32751),(12,21158),(16,30459),(17,28753),(18,31014),(19,19913),(20,21004),(21,34306),(23,36332),(24,9984),(26,15956),(29,29460),(35,21023),(39,1609),(40,33908),(43,9979),(44,11119),(48,36992),(49,20294),(51,30385),(54,26049),(55,838),(57,18517),(58,2660),(59,10259),(60,20139),(61,4339),(64,36955),(67,27594),(68,35137),(73,32475),(75,1178),(76,19512),(79,30461),(80,25115),(81,30911),(82,25890),(83,9300),(89,15812),(92,8196)]	116.528248
134	[(3,4423),(6,19035),(9,10000),(10,30665),(11,12141),(12,491),(14,4944),(16,35193),(17,20913),(23,12888),(24,30712),(27,10509),(31,14080),(34,1857),(37,27056),(41,23509),(42,30977),(44,3743),(45,20616),(48,28126),(50,7957),(53,4294),(56,18290),(57,32385),(59,28412),(61,17648),(63,11857),(64,24568),(66,24864),(67,4429),(68,35285),(69,17641),(70,13713),(73,2069),(74,27400),(75,17116),(76,29807),(78,17200),(79,922),(80,18434),(81,22422),(82,2538),(83,36529),(86,4294),(88,17502),(89,2199),(90,21310),(92,34091)]	138.384676
135	[(3,17522),(4,35567),(6,28132),(8,35211),(9,353),(10,3751),(14,21726),(17,735),(21,7825),(24,34618),(25,34092),(27,6472),(28,22817),(30,29528),(31,23377),(34,30384),(36,32079),(37,28070),(38,18266),(39,23633),(40,35132),(44,10056),(45,35000),(46,3220),(47,23608),(48,5575),(49,26247),(52,26259),(54,465),(56,26121),(57,2295),(59,29807),(60,20115),(61,23344),(62,33472),(63,6326),(64,3858),(67,16099),(68,33278),(69,24253),(72,18013),(74,34746),(79,24166),(82,23755),(84,18986),(85,3745),(89,12590),(90,21246),(91,23582)]	116.065541
136	[(0,35113),(1,25655),(2,30985),(4,12927),(5,17073),(6,18474),(7,33572),(10,21404),(11,10241),(13,18383),(17,18946),(18,5946),(20,6983),(23,1995),(24,9441),(25,10486),(28,17925),(29,7630),(30,4780),(32,4160),(34,3549),(35,33356),(36,17735),(37,37040),(38,29029),(40,16804),(41,6572),(42,33336),(43,6133),(45,19078),(50,32050),(52,15541),(53,20718),(54,1752),(56,14778),(59,5057),(62,36309),(65,28040),(66,15827),(67,17024),(68,12725),(70,11792),(71,33862),(72,31243),(73,4523),(74,30729),(75,17514),(79,35124),(81,14319),(85,37582),(86,21096),(90,28848)]	120.532514
137	[(1,8457),(4,4167),(5,36604),(7,20222),(10,33587),(11,2228),(13,16208),(16,19854),(17,13132),(18,27812),(19,26749),(21,23170),(23,26502),(24,33041),(25,7629),(26,5296),(29,36046),(31,26030),(33,22534),(34,36083),(35,10500),(36,8640),(37,19894),(39,23073),(40,19704),(46,11056),(47,7043),(48,6524),(49,30654),(50,21638),(59,16598),(62,27649),(64,19105),(65,22007),(69,24668),(72,28217),(73,8736),(74,17710),(75,21025),(77,20051),(78,27386),(81,17467),(83,2246),(84,11956),(87,31344),(88,29786),(90,14797),(92,10112)]	126.107494
138	[(3,4611),(4,5158),(5,733),(6,16443),(9,35985),(10,6431),(12,36565),(13,5029),(14,21352),(17,27252),(22,33086),(23,281),(24,5810),(26,1289),(29,12020),(36,23347),(37,20928),(40,32599),(42,16963),(43,11354),(44,12727),(45,12615),(46,26115),(49,23429),(50,24619),(51,1655),(52,21741),(54,16766),(55,25102),(56,29783),(57,36025),(58,4430),(59,18220),(61,3113),(62,11986),(63,36868),(64,35978),(65,11515),(68,11295),(69,28825),(71,16040),(74,7349),(76,20525),(78,4406),(79,34884),(81,26562),(83,2221),(84,31223),(85,5219),(89,30130),(90,9168),(92,11642)]	114.128680
139	[(0,17425),(1,24163),(3,35837),(5,21068),(6,7367),(7,9157),(8,11760),(10,28280),(11,5779),(13,36011),(14,27599),(15,36001),(16,15391),(18,12470),(21,5859),(23,14554),(24,19024),(25,33892),(26,8284),(27,24935),(28,24457),(30,19408),(33,17955),(34,11462),(35,35031),(36,13911),(38,25765),(39,27028),(41,6811),(45,3449),(46,22113),(47,19584),(48,15636),(49,33689),(50,13641),(51,12114),(53,33831),(54,31405),(57,7937),(58,36021),(59,6297),(61,32183),(62,34408),(64,24469),(67,27940),(68,13131),(69,25654),(70,13278),(72,21341),(73,28297),(77,24547),(78,4891),(80,8472),(82,29122),(84,11982),(86,23746),(88,31949),(90,3092),(91,29345)]	108.713863
140	[(0,13431),(3,23890),(4,7851),(7,32213),(8,32550),(10,13941),(11,16639),(12,17688),(13,9821),(14,10746),(16,9403),(19,33875),(21,24572),(22,16982),(23,36413),(25,9222),(26,32680),(27,15799),(28,1612),(30,27102),(31,26797),(33,35596),(34,31527),(35,33449),(38,26889),(39,24801),(41,9600),(43,1778),(46,18146),(48,8143),(50,37466),(51,18242),(52,26409),(54,4943),(56,31411),(57,18712),(58,21720),(59,8255),(66,32409),(67,11931),(69,31741),(70,14708),(71,32719),(72,26357),(73,15614),(74,28640),(76,28185),(77,3855),(80,4593),(81,21032),(82,28347),(83,27350),(86,23357),(87,35308),(89,36860),(90,1463)]	120.544501
141	[(0,24007),(2,10697),(3,10028),(6,19313),(8,35295),(10,21533),(11,2833),(14,17012),(19,23405),(20,17815),(22,23751),(27,18835),(28,22691),(29,14497),(31,7405),(32,9079),(33,27543),(35,37139),(36,16933),(38,8437),(39,20268),(40,15686),(42,19335),(43,36432),(47,16794),(48,2659),(49,24189),(50,20197),(51,11558),(52,23949),(54,31563),(55,23789),(56,13634),(57,18410),(61,3318),(62,15484),(63,7242),(64,2339),(67,12999),(70,26017),(71,21503),(73,22516),(74,33000),(75,10439),(76,9109),(78,25307),(79,401),(82,27844),(83,14916),(84,26021),(85,25930),(88,12907),(91,24589),(92,9761)]	110.395422
142	[(0,1338),(1,16354),(2,8403),(4,6566),(6,20286),(7,15897),(8,15797),(10,22097),(11,34530),(13,35376),(14,6431),(17,9681),(18,26617),(21,32163),(22,32653),(24,5684),(25,2089),(27,35392),(28,28520),(30,17968),(32,31584),(33,1666),(35,11035),(38,31876),(40,29059),(41,16720),(43,35864),(45,12828),(47,18279),(48,18611),(50,15170),(51,43),(52,23025),(58,8481),(59,21396),(60,10375),(61,18033),(62,6990),(63,6261),(64,37216),(66,8403),(67,25524),(68,35757),(71,13898),(73,21856),(74,34538),(75,8648),(78,8710),(80,4707),(82,14139),(83,12455),(85,16160),(86,3831),(87,33752),(89,29151),(91,22356)]	114.141893
143	[(1,1831),(2,14527),(3,2270),(4,4962),(6,31818),(7,3960),(8,8921),(10,32723),(11,30640),(13,35222),(15,32411),(16,31128),(17,8599),(20,23216),(24,24161),(25,27799),(27,7897),(29,8725),(30,1671),(31,7765),(33,7550),(34,3206),(35,20363),(37,3111),(39,29272),(40,25106),(41,27190),(42,12185),(43,2167),(46,15479),(47,15098),(48,6257),(50,6545),(52,14995),(55,9404),(56,18417),(57,2710),(59,7086),(60,19597),(61,24199),(62,8019),(64,23861),(66,24870),(67,35727),(70,13583),(71,34437),(73,7022),(74,23119),(75,22748),(76,6359),(78,9523),(80,14766),(82,526),(83,32002),(85,17425),(86,8734),(87,32186),(88,24690),(89,10748),(92,23740)]	128.249740
144	[(0,10154),(1,4366),(3,35530),(5,16203),(8,32382),(9,21958),(10,17021),(11,20561),(12,26681),(14,22637),(15,27114),(18,21742),(20,7359),(22,15976),(23,20875),(24,28311),(25,35384),(28,25472),(30,29721),(31,29695),(32,27392),(34,6693),(35,21494),(37,10718),(38,28504),(39,36612),(43,14140),(46,25345),(48,7847),(49,23099),(50,4996),(51,5817),(52,29689),(53,9333),(54,18507),(57,30044),(58,9426),(59,4400),(61,21754),(62,31396),(65,23383),(66,13640),(67,14506),(68,10250),(69,19032),(70,26273),(72,16493),(73,4844),(75,27594),(78,27787),(79,3283),(81,19428),(82,3451),(84,7291),(85,20725),(86,3733),(88,28295),(89,6206)]	114.764613
145	[(0,6889),(2,14393),(3,26850),(4,12716),(5,37276),(6,9561),(7,12889),(8,2233),(9,27517),(11,15437),(13,13203),(14,20404),(15,22364),(16,6522),(17,16822),(19,11494),(20,20442),(21,37563),(23,8144),(25,6931),(27,26513),(28,35950),(29,34341),(33,6556),(35,2639),(36,17722),(38,9583),(40,25573),(41,31269),(43,16892),(44,22457),(50,22121),(51,24129),(53,7993),(55,28742),(57,20776),(59,30239),(61,26639),(62,20074),(63,31375),(64,21077),(67,34267),(69,2822),(70,30542),(71,2610),(72,34957),(74,13599),(76,16339),(78,11244),(80,16550),(81,37169),(82,32424),(83,31538),(84,2297),(85,29679),(91,31777)]	126.421292
146	[(0,23819),(2,32442),(4,16730),(6,28550),(9,86),(10,151),(11,33722),(12,25895),(13,1754),(14,14501),(15,28196),(16,24701),(18,16757),(19,16788),(21,33053),(22,12853),(23,26872),(26,30321),(27,1572),(29,2467),(30,31315),(31,411),(32,22656),(35,5777),(36,31129),(37,22182),(43,11877),(44,63),(45,7245),(48,2317),(50,5204),(51,37396),(52,10274),(54,18669),(55,12364),(56,14996),(57,36332),(58,12714),(59,6877),(64,28568),(65,37158),(67,20730),(68,27353),(70,5442),(72,16996),(73,13486),(76,9642),(77,26348),(80,27279),(81,1158),(83,4623),(85,3364),(90,32407),(91,30455)]	116.674266
147	[(1,26712),(2,9755),(4,10883),(5,583),(7,30089),(8,15158),(9,27703),(10,33887),(12,21373),(17,32931),(23,5777),(24,31129),(27,23263),(30,20375),(32,29981),(34,32390),(35,26623),(36,13882),(37,28259),(39,2939),(40,11239),(43,7551),(44,18873),(45,9418),(47,36179),(49,10230),(52,7337),(54,31233),(55,14972),(56,14517),(58,33415),(59,31345),(60,31817),(62,4217),(63,17477),(64,783),(65,24775),(67,20659),(68,10432),(69,35967),(71,27851),(72,11849),(75,17516),(78,5098),(79,17447),(80,9953),(81,13160),(82,13515),(86,33685),(87,25203),(90,1895)]	111.700665
148	[(1,10128),(3,21130),(5,9194),(6,33747),(7,13506),(9,12277),(10,1985),(11,4895),(13,24606),(17,25624),(18,15596),(21,1236),(22,19347),(23,21962),(28,21474),(29,36994),(30,13660),(33,23390),(34,5444),(35,3443),(36,36378),(37,32028),(38,36367),(40,13379),(41,5384),(43,18830),(44,88),(45,11280),(47,20489),(51,13871),(54,15555),(55,19546),(56,25297),(61,25292),(62,25989),(67,8615),(68,18630),(69,2357),(70,1743),(71,2995),(72,1635),(73,7170),(75,4775),(76,24441),(77,35068),(78,706),(80,17851),(81,29320),(82,16546),(83,5419),(85,36444),(86,37463),(89,34722),(91,12855),(92,31168)]	115.116112
149	[(1,18697),(3,27507),(6,6398),(7,1404),(10,17091),(11,31424),(12,30725),(14,7052),(24,11868),(26,20750),(27,17701),(28,25442),(29,8213),(31,22153),(33,11169),(36,22185),(39,12750),(40,10299),(42,8648),(44,14605),(45,19372),(47,31020),(48,1730),(50,20139),(52,8876),(53,34762),(54,19298),(55,23632),(56,11308),(57,28782),(62,18306),(67,16699),(68,32330),(71,19620),(74,35013),(75,34002),(76,22152),(77,10762),(78,33616),(81,5247),(82,27464),(83,10123),(84,36956),(86,10694),(89,9873),(90,17877)]	132.540452
150	[(0,20409),(1,30251),(2,24951),(4,21636),(5,24537),(6,3144),(7,30272),(10,27045),(11,36851),(13,26280),(14,7466),(15,10505),(16,12951),(17,4090),(19,3908),(20,30719),(21,11266),(22,21134),(23,14775),(24,4092),(25,18953),(26,6023),(27,32128),(29,22740),(30,28542),(31,6519),(35,36602),(40,24527),(42,9070),(43,260),(46,37157),(50,13393),(51,18989),(52,6898),(54,28312),(55,29232),(58,19487),(59,27658),(60,4906),(62,18672),(66,9228),(67,151),(68,16175),(69,27324),(72,19576),(73,3777),(74,6604),(75,17689),(76,1492),(79,4654),(81,9062),(83,11901),(84,24475),(85,35240),(86,10531),(88,7353),(89,25119),(92,34317)]	122.932595
151	[(1,6307),(2,36007),(3,27663),(4,16252),(7,11873),(9,18988),(11,9217),(13,25654),(15,32389),(16,34154),(17,36636),(18,6293),(19,10402),(24,20379),(25,34057),(26,37573),(27,10639),(29,23958),(30,19508),(31,17495),(32,20141),(36,22658),(37,25340),(38,3439),(39,17593),(41,20684),(42,25422),(43,4288),(47,5108),(48,9768),(49,12512),(52,17649),(53,240),(55,975),(57,13724),(58,7913),(65,15396),(66,3113),(67,27382),(69,399),(70,30434),(72,23044),(74,18765),(76,6084),(77,774),(79,20986),(80,754),(81,28401),(83,14836),(85,14012),(86,5212),(87,32013),(88,28234),(90,15686),(91,4800),(92,19057)]	140.093176
152	[(2,23884),(3,22186),(4,36131),(6,31872),(7,24612),(8,152),(9,13015),(10,3088),(11,19467),(13,28599),(14,18113),(18,17685),(19,15987),(20,25804),(21,30090),(25,26551),(27,32458),(28,13743),(29,7635),(30,29343),(31,24909),(32,1473),(33,16415),(34,1409),(35,8160),(36,13479),(39,8621),(40,17322),(46,9204),(48,24241),(51,17510),(52,18437),(53,23048),(56,21983),(57,6048),(58,5508),(61,29703),(63,1084),(64,33790),(66,33059),(67,12714),(68,6877),(70,261),(72,5249),(74,30971),(76,4478),(79,20128),(80,19453),(82,29327),(83,3075),(84,37044),(85,14520),(86,26326),(87,20589),(88,34420),(89,35383),(90,36602)]	120.128916
153	[(3,11937),(5,16568),(8,37154),(10,2466),(11,32872),(13,29516),(15,14367),(16,35439),(17,35889),(18,9417),(19,31046),(21,8513),(23,19962),(25,967),(26,34171),(28,31851),(29,34702),(30,8768),(32,7504),(34,17054),(35,4490),(38,26415),(39,15073),(40,33252),(41,16322),(42,6457),(43,22921),(47,457),(48,37563),(52,20150),(54,12378),(55,5270),(56,3810),(57,104),(61,10676),(63,31857),(65,11537),(66,33879),(67,7201),(69,32059),(70,11953),(73,37237),(80,9817),(83,12818),(84,1351),(85,31477),(87,28795),(88,10337),(89,13634),(92,15213)]	127.418073
154	[(0,19670),(1,20426),(6,19794),(9,3303),(10,34768),(12,23676),(13,30740),(14,12782),(15,12078),(17,18754),(18,3707),(21,23349),(22,37467),(25,1576),(26,31336),(28,3045),(29,4039),(30,14523),(32,1649),(34,17716),(35,10384),(37,2378),(39,1326),(40,36959),(41,25235),(42,13590),(43,15645),(46,3190),(48,13874),(53,5762),(54,35873),(56,27414),(58,7726),(59,2311),(60,1333),(62,31921),(63,22774),(64,14593),(67,33075),(70,17561),(72,16497),(73,30148),(77,18975),(78,32954),(79,32796),(81,33920),(82,676),(84,18893),(88,9262),(89,15018),(90,6378),(91,19133),(92,12765)]	114.527666
155	[(3,11453),(4,13391),(5,6770),(7,24726),(8,34131),(9,12253),(11,32787),(15,11067),(16,19805),(18,4652),(19,10926),(21,28850),(25,18775),(28,11652),(30,2774),(32,23457),(35,2639),(39,36166),(40,16526),(41,15150),(43,1007),(44,16101),(45,33938),(46,6717),(48,24874),(50,26535),(51,7525),(53,5344),(56,28755),(57,33400),(58,15615),(59,11838),(60,29047),(62,16029),(63,25189),(64,437),(65,1706),(70,32026),(75,21204),(79,2292),(80,13435),(81,24019),(82,25914),(84,18670),(86,26279),(90,17829),(91,30831),(92,32571)]	114.433516
156	[(1,21121),(3,18218),(4,10660),(5,22878),(7,24277),(8,5503),(9,34330),(11,36670),(12,3516),(13,26090),(14,25331),(15,35702),(16,36230),(18,17556),(20,13375),(21,11482),(22,4445),(23,19503),(25,3791),(26,36133),(27,16019),(31,20993),(32,11942),(33,24254),(35,16836),(37,7673),(38,15040),(40,14004),(42,5943),(43,27194),(44,33567),(46,24056),(47,29005),(49,3671),(50,8587),(52,20103),(53,2709),(54,4146),(56,22270),(59,34221),(60,28461),(61,9235),(62,30855),(63,12048),(64,11340),(66,36092),(67,7166),(68,32561),(69,24173),(71,14898),(72,28663),(73,19057),(74,31808),(75,33049),(76,28302),(77,15177),(79,27622),(83,36858),(84,8678),(85,8750),(88,6280),(90,8006),(92,15396)]	111.882590
157	[(1,21326),(2,25348),(4,33934),(7,11056),(9,17602),(10,34899),(11,18841),(12,32463),(13,28041),(14,27848),(15,12859),(18,24289),(19,11579),(22,3369),(23,21995),(27,21864),(28,33914),(29,3639),(30,2061),(31,28368),(32,12441),(33,2603),(36,30553),(39,16816),(41,36159),(42,15794),(45,31854),(47,34544),(49,4547),(50,7593),(51,1113),(53,36643),(54,8188),(55,26265),(57,139),(58,15085),(59,4426),(61,11806),(62,28224),(65,10319),(66,14328),(67,7789),(68,10122),(70,32338),(71,35187),(72,23528),(75,19682),(76,19311),(77,5421),(79,7628),(82,3137),(85,20730),(86,36149),(89,4914),(90,21906),(91,30585)]	121.189286
158	[(0,24724),(2,26139),(5,19883),(7,12552),(9,32847),(10,6808),(11,13984),(13,16905),(14,1522),(17,25663),(20,19157),(21,28832),(22,6055),(25,14042),(26,32295),(29,24691),(30,16842),(31,19498),(33,2196),(35,4405),(37,8501),(38,10605),(39,24851),(40,9924),(42,34626),(46,23044),(47,3920),(48,13079),(49,29818),(53,30061),(54,1538),(55,15856),(56,29707),(57,30888),(58,15269),(60,32623),(61,30240),(62,35082),(63,37278),(66,11235),(67,7543),(68,30195),(69,17960),(70,9638),(71,19832),(73,479),(75,28937),(76,11847),(78,1905),(79,24757),(80,29189),(83,4521),(84,19957),(86,7638),(87,29723),(88,16946),(90,36607),(92,11314)]	111.770877
159	[(0,21900),(2,35556),(4,8865),(5,32715),(6,29214),(7,35077),(9,24089),(10,11113),(11,20389),(15,9105),(16,30400),(19,4046),(20,30219),(22,7124),(23,20872),(24,24442),(25,3607),(26,4303),(30,36824),(32,34213),(33,18344),(36,24451),(39,11089),(40,17620),(41,34349),(44,16011),(45,2154),(47,6589),(49,25948),(50,26929),(54,29392),(55,19785),(56,30571),(57,13360),(60,7988),(67,20444),(68,13653),(69,26044),(71,36690),(72,10289),(74,19101),(77,22483),(78,15702),(79,20530),(81,6983),(89,25397),(90,37137)]	117.230423
160	[(0,23309),(1,23884),(3,22393),(5,21576),(6,33628),(7,13170),(10,1212),(12,17950),(13,36133),(14,4644),(19,23292),(20,34342),(22,12975),(23,1951),(24,18227),(25,14953),(28,9998),(29,9786),(30,12324),(31,27333),(32,27277),(33,31767),(37,2372),(38,22224),(39,13188),(40,9897),(42,23908),(43,18501),(44,4109),(45,33194),(48,4619),(51,13612),(52,4703),(53,16997),(54,19736),(55,8693),(56,7519),(57,25197),(58,23660),(59,2036),(60,26422),(61,34852),(62,10304),(65,11019),(67,28448),(68,6566),(71,1118),(72,4757),(74,10370),(75,12579),(76,32139),(78,13189),(79,8084),(80,35476),(82,8816),(85,26939),(87,32538),(88,6296),(90,15451),(91,14102),(92,26293)]	140.479373
161	[(1,10625),(2,30491),(8,17803),(9,17924),(10,24989),(12,31541),(13,34792),(16,23941),(18,19710),(20,5243),(22,23951),(23,3954),(24,6506),(25,10723),(26,15477),(27,36015),(29,32828),(30,17035),(31,3427),(32,15817),(33,35304),(35,13593),(37,8537),(38,1874),(39,1999),(40,26251),(43,30445),(46,11254),(48,1105),(55,21913),(58,23769),(59,29417),(61,24109),(62,33950),(67,19195),(70,4389),(73,23031),(74,29464),(75,7024),(76,34588),(80,6895),(81,4501),(83,12409),(84,132),(85,30270),(88,17731),(89,14336),(90,3152),(92,30196)]	121.981896
162	[(0,12865),(1,6659),(2,33180),(3,1463),(4,30193),(9,14823),(10,26513),(11,17259),(12,21366),(15,21575),(16,31382),(18,20523),(19,18418),(20,13018),(21,27798),(23,3170),(24,24881),(25,36152),(26,31164),(30,12464),(32,29436),(33,3011),(34,36953),(35,4942),(36,22046),(41,29305),(42,1251),(45,17629),(46,2017),(48,9600),(49,12632),(52,13434),(54,29544),(55,21284),(56,9402),(57,36240),(58,1059),(59,3126),(61,23560),(63,2397),(64,26308),(66,26377),(68,32323),(70,27110),(71,35796),(73,28004),(74,25201),(75,21120),(77,25130),(82,6525),(83,4208),(84,12034),(85,17061),(87,6793),(88,2441),(89,35204),(90,33487),(91,10089)]	128.249503
163	[(1,15473),(2,13091),(3,15087),(4,14061),(6,37559),(7,2765),(8,8592),(11,17292),(12,18966),(13,22161),(14,23528),(16,6314),(17,33923),(21,30773),(22,11341),(23,35876),(24,26722),(25,25373),(26,2560),(30,23160),(31,5428),(32,33696),(33,12800),(35,17878),(36,10115),(37,27326),(38,25362),(39,31387),(40,12332),(42,360),(44,6980),(45,8869),(49,5379),(51,23031),(55,34427),(56,31519),(57,15237),(58,12221),(59,3158),(61,15868),(62,29948),(65,2330),(66,32474),(68,18124),(69,19897),(70,29496),(71,29288),(73,36204),(77,30617),(78,10245),(79,10199),(81,13872),(82,24741),(83,14068),(85,31801),(86,15958),(87,31180),(88,36829),(89,32660),(92,28139)]	113.077410
164	[(0,2341),(1,34319),(2,34540),(3,17574),(4,37202),(5,2262),(11,19192),(12,2934),(15,5810),(17,12061),(18,18045),(19,14455),(22,34845),(23,13149),(26,31303),(27,18883),(29,6512),(31,37583),(32,28180),(33,23212),(36,33384),(37,18974),(40,9900),(41,30540),(42,368),(44,11209),(46,8466),(47,32557),(49,34338),(50,19076),(51,13057),(52,14157),(53,7473),(54,24402),(55,37268),(58,2681),(59,31675),(61,12583),(62,32967),(63,9768),(67,4833),(68,29952),(69,13689),(70,25284),(71,14224),(72,6627),(73,36398),(74,3222),(80,6439),(81,8061),(82,29237),(83,3036),(86,20699),(87,20083),(89,4541),(90,2638),(91,20385),(92,35519)]	116.826302
165	[(2,37269),(3,32092),(4,29215),(6,36200),(7,27156),(8,22986),(10,30492),(12,19681),(15,19224),(16,15370),(17,32587),(20,13394),(22,27705),(24,941),(25,23984),(26,31813),(28,35181),(30,29841),(32,27583),(35,24114),(38,4054),(39,29999),(40,17928),(42,33221),(43,10648),(44,8558),(45,24369),(47,25081),(49,31953),(54,26734),(55,14082),(58,12153),(63,36060),(65,19279),(66,19231),(68,25041),(69,14556),(73,32162),(75,27539),(82,30522),(86,36788),(89,6213),(90,31286),(92,19776)]	137.748897
166	[(0,28183),(2,35564),(3,9822),(4,14901),(6,14715),(8,9021),(12,13349),(13,27747),(14,29506),(17,10008),(21,13023),(23,8056),(24,26416),(25,36063),(27,8606),(28,18603),(29,3502),(31,11099),(32,30510),(33,19653),(35,21577),(38,9943),(39,36914),(43,20451),(45,20261),(46,18537),(47,2049),(48,25344),(50,30540),(53,14545),(54,28031),(55,35660),(58,22281),(60,3793),(61,25627),(63,23118),(64,33180),(65,1463),(67,14366),(68,24845),(69,21334),(72,20832),(73,32450),(75,15560),(77,3900),(78,23687),(79,26194),(80,9675),(81,31549),(84,3642),(86,34513),(88,28283),(90,1129)]	155.654938
167	[(0,34006),(1,6397),(5,30917),(6,20418),(7,13351),(8,1808),(12,28221),(14,6139),(17,23981),(18,24260),(19,10093),(21,28669),(23,13670),(24,22164),(25,32002),(31,13914),(33,23475),(35,19984),(36,10392),(38,482),(39,2272),(44,16437),(45,30395),(47,20029),(48,4130),(49,3),(52,13468),(55,3291),(56,29626),(58,11712),(61,24119),(62,224),(63,26281),(65,4037),(66,6095),(67,28408),(69,25769),(70,19116),(71,24300),(72,20858),(74,31411),(75,11806),(77,27622),(80,286),(81,18112),(82,2366),(83,9170),(86,24203),(87,28757),(88,20477),(89,27182),(90,28716),(92,11220)]	127.668928
168	[(0,13848),(1,18990),(3,16326),(4,5625),(6,7132),(9,36782),(11,13147),(12,8019),(14,23861),(16,32922),(18,25380),(19,31278),(21,2093),(23,7956),(31,7644),(35,26730),(37,22054),(38,7749),(39,25383),(40,18583),(41,26656),(44,26370),(48,9075),(51,17699),(53,29731),(54,367),(57,15507),(58,18838),(60,35012),(62,20736),(63,13677),(64,35126),(71,33258),(74,11663),(76,32734),(77,35386),(78,5066),(79,5464),(87,20406),(91,26311),(92,22604)]	154.172430
169	[(3,26734),(6,7911),(9,10800),(10,22809),(12,555),(14,21202),(15,31529),(16,18628),(17,29851),(22,28588),(25,23556),(26,22663),(27,32700),(28,8020),(31,7989),(32,11380),(33,25638),(34,7398),(36,18352),(37,33329),(38,13210),(39,29715),(43,30430),(44,5632),(45,2059),(46,14562),(47,14033),(48,37073),(50,16090),(53,18210),(55,32174),(56,3916),(57,9705),(58,8815),(59,14651),(60,15457),(62,29500),(66,5084),(69,20912),(70,22487),(71,27128),(73,10349),(75,18540),(77,30908),(79,20403),(80,19030),(82,5606),(83,3032),(84,17776),(85,11390),(86,32763),(90,35576),(92,26759)]	127.317179
170	[(1,24379),(2,1700),(5,11478),(6,23336),(10,16256),(11,23281),(12,18051),(15,8632),(16,34450),(17,35211),(19,2131),(20,31924),(21,2904),(23,22385),(26,15235),(28,13285),(30,21631),(34,10724),(35,4143),(36,33789),(39,27376),(40,28024),(41,21097),(44,25740),(46,18731),(50,17700),(51,9203),(52,20833),(53,8059),(55,29894),(56,4947),(57,7652),(59,3190),(60,13387),(62,17648),(63,17990),(64,36905),(65,10609),(68,1844),(71,17718),(74,7381),(76,14812),(77,7195),(81,21147),(82,6423),(84,34780),(85,36090),(90,19441),(91,10142),(92,13669)]	118.289038
171	[(0,11226),(4,29009),(5,20926),(6,8463),(7,36038),(9,25652),(15,19036),(17,13808),(18,20604),(19,4116),(21,19046),(23,26972),(24,20893),(27,22145),(29,26139),(33,32466),(35,21785),(36,11001),(38,16079),(40,9078),(41,23219),(43,27905),(48,1367),(49,30878),(50,3669),(51,28160),(54,27243),(55,26833),(56,31793),(57,22392),(60,9053),(63,1118),(64,4757),(65,20285),(67,6173),(68,16479),(71,29226),(72,17941),(73,22639),(74,16741),(76,34272),(77,35876),(78,33834),(80,32390),(81,26623),(83,6738),(84,14140),(85,14596),(88,6573),(90,1781),(91,10618),(92,11837)]	111.676125
172	[(1,22373),(2,32743),(3,35782),(4,13918),(5,7100),(9,15365),(11,18991),(14,2708),(15,5960),(17,6199),(19,35044),(20,10508),(21,11544),(22,4569),(23,33918),(27,662),(29,22567),(30,33419),(31,26065),(33,22779),(35,32835),(37,37441),(38,5857),(40,8117),(42,29118),(44,1821),(45,24885),(46,4455),(48,20757),(49,37148),(51,11777),(54,1391),(55,4592),(56,7144),(59,24088),(62,36811),(65,27719),(66,29441),(68,28707),(70,29687),(72,19982),(74,8323),(75,19051),(77,18864),(78,26752),(81,9423),(82,26478),(83,23809),(84,12788),(85,21767),(86,13981),(87,2094),(89,31371),(90,35485),(91,35283)]	116.091046
173	[(3,984),(5,37160),(6,27566),(9,30652),(10,4506),(11,4401),(14,30554),(15,31898),(16,25506),(19,25929),(20,8722),(21,1137),(22,30128),(23,11307),(24,35526),(25,27063),(28,7886),(32,36964),(33,3536),(37,24835),(38,15876),(39,12600),(40,13693),(44,13627),(46,9224),(47,34775),(48,22982),(49,20243),(51,8504),(52,11977),(53,12414),(55,3257),(56,8318),(58,36230),(59,36440),(60,2799),(62,29298),(63,29730),(64,15691),(65,2134),(66,9276),(67,33409),(68,34543),(71,1713),(72,19673),(73,17636),(77,27308),(78,12708),(80,7034),(82,33305),(83,5599),(85,29592),(89,7861),(92,21711)]	134.357281
174	[(0,3918),(1,3128),(2,12117),(5,15214),(6,23313),(7,28134),(9,30282),(11,10162),(12,22190),(14,13310),(17,5110),(21,36195),(22,31944),(23,33826),(25,5672),(26,20169),(30,1351),(31,30410),(35,14455),(38,12733),(39,28925),(41,7901),(42,3888),(43,15534),(46,21391),(52,29002),(53,12471),(55,37267),(57,37438),(59,15498),(60,14492),(62,22184),(64,15470),(65,31353),(66,32220),(71,31393),(73,16190),(74,23508),(76,23841),(77,31589),(78,23531),(80,19888),(83,19429),(84,34086),(85,31333),(87,24325),(89,3991),(90,12917),(91,17761),(92,33663)]	117.360326
175	[(1,678),(2,26402),(4,15207),(5,36079),(6,21917),(7,35989),(9,12337),(10,20903),(11,6064),(14,5130),(16,1027),(17,4622),(21,32459),(23,22270),(25,2379),(26,1742),(29,27721),(35,20909),(37,7810),(38,18628),(40,3997),(41,27214),(42,9361),(43,2329),(44,13272),(46,14545),(47,28031),(48,35660),(55,32572),(56,567),(59,21393),(63,34460),(64,27467),(65,17249),(66,5114),(67,24943),(69,16706),(77,8497),(80,10066),(81,31219),(82,15435),(83,6619),(84,23897),(86,12243),(91,24165),(92,8012)]	125.299415
176	[(0,7598),(2,34675),(3,30353),(4,1772),(5,20196),(7,9900),(8,33505),(11,14447),(12,11728),(14,23223),(20,24462),(23,13015),(24,15223),(26,7804),(27,13435),(29,13156),(32,21571),(35,3127),(41,11464),(45,26950),(46,16282),(48,11410),(49,9630),(51,31657),(52,35885),(53,7466),(59,18069),(60,3982),(61,31899),(63,2216),(65,9870),(68,4680),(70,31702),(71,25689),(73,36817),(74,765),(75,1690),(76,3544),(77,18180),(78,31963),(80,29898),(81,13268),(82,28820),(83,9692),(84,15984),(85,12564),(86,2962),(87,6576),(90,15413),(91,21440)]	143.134042
177	[(0,6786),(1,5978),(3,355),(4,10431),(7,18015),(9,9188),(12,36561),(15,37100),(16,25893),(22,31781),(27,33315),(28,26549),(31,30933),(32,27722),(33,22389),(36,22052),(37,30360),(38,4756),(39,10987),(40,7222),(41,27340),(44,28749),(45,13792),(47,18454),(49,19304),(50,28077),(52,4503),(53,30474),(56,11321),(57,29850),(58,14743),(60,36563),(62,7874),(63,28822),(64,34289),(66,35303),(68,8916),(69,29107),(70,14295),(71,8830),(73,15628),(74,4547),(76,36202),(77,9573),(80,32830),(81,30962),(82,4901),(83,27718),(86,35308),(87,17833),(90,13520),(92,23663)]	120.808530
178	[(1,5023),(3,28125),(4,24261),(5,37601),(6,14846),(8,11015),(9,31005),(10,21104),(11,1682),(13,13681),(14,35689),(15,19504),(16,11384),(17,36886),(19,26814),(20,34703),(22,35398),(25,7498),(27,6259),(35,33897),(36,8823),(38,10759),(39,34137),(40,18446),(41,4385),(42,19136),(43,10985),(44,10321),(45,31275),(51,31637),(53,7142),(55,19340),(56,26690),(62,31393),(63,9044),(64,36584),(65,36488),(66,8552),(68,14139),(69,12455),(71,22387),(72,29067),(73,18682),(74,3388),(75,31315),(77,25535),(78,20010),(79,9141),(82,10895),(83,30845),(85,31174),(87,3564),(92,15871)]	110.015074
179	[(1,14975),(2,7323),(3,24668),(6,33395),(9,28605),(10,5558),(11,14625),(12,28839),(13,1686),(15,17633),(16,16140),(17,836),(19,12224),(20,13047),(23,24571),(24,24399),(25,8406),(28,13270),(31,2437),(32,16623),(33,12435),(34,468),(35,8158),(36,25923),(37,28282),(39,29436),(40,12841),(41,22095),(44,30656),(47,27880),(48,13241),(52,25903),(53,22811),(54,8169),(56,13951),(59,34273),(60,14620),(61,36909),(63,3518),(64,15254),(65,28870),(66,9851),(67,8855),(70,29221),(71,7308),(74,16866),(77,10978),(79,31527),(80,30462),(81,11631),(83,35387),(87,4874),(88,30059),(90,19217),(91,22202),(92,24868)]	107.413873
180	[(2,6578),(3,6294),(4,19937),(6,34601),(7,23687),(10,19814),(11,30518),(12,14995),(15,433),(16,20740),(17,34394),(19,19840),(20,20284),(21,25864),(22,23719),(23,25237),(24,19523),(26,10894),(29,31388),(30,19363),(32,691),(33,32909),(35,31232),(37,34852),(38,10304),(40,1901),(41,10882),(42,3534),(43,19456),(44,21899),(47,30127),(48,21805),(51,16889),(52,12994),(53,21066),(55,6267),(57,33452),(58,6051),(60,3343),(61,32321),(62,20834),(63,7865),(64,36245),(65,25219),(68,18849),(70,31160),(71,6523),(72,210),(73,3559),(74,25771),(76,24335),(80,33361),(81,8115),(84,13255),(87,23028),(88,7430),(89,14199),(90,36399),(92,36164)]	109.587252
181	[(0,21898),(2,8232),(3,26304),(7,4045),(9,30900),(10,3392),(16,34998),(17,20617),(19,24900),(20,34209),(22,37376),(23,11147),(24,8259),(28,6324),(29,23725),(34,32678),(37,25370),(40,4283),(41,16779),(42,23814),(43,30241),(44,17095),(45,1680),(46,356),(47,8154),(49,16417),(52,16838),(54,17974),(59,5411),(60,21142),(61,6437),(62,25892),(65,6409),(66,35960),(67,13919),(68,25467),(69,14456),(70,4539),(71,22295),(72,8978),(73,37067),(74,24295),(75,12678),(77,25882),(79,26565),(80,23094),(82,28477),(83,7048),(84,21074),(85,25886),(86,11634),(87,6042),(89,3935),(90,30122),(91,3571),(92,14885)]	114.979680
182	[(0,36550),(3,6203),(9,3231),(10,32311),(12,30904),(14,18023),(21,12333),(23,110),(25,17207),(27,16411),(28,1936),(29,617),(31,32471),(32,33374),(35,37154),(38,23965),(39,168),(40,19782),(43,22423),(49,13703),(50,30153),(52,36340),(54,18398),(55,22082),(58,20106),(60,29870),(61,16128),(62,33725),(63,31274),(64,3122),(65,33486),(68,34874),(70,27007),(71,16959),(72,36129),(76,10949),(77,29104),(78,20212),(80,22423),(82,12489),(83,21660),(84,20165),(88,1729),(89,13702),(90,13389)]	113.147718
183	[(2,12396),(3,5846),(4,19657),(5,13325),(6,18582),(7,29974),(10,12522),(11,4812),(12,24062),(13,32565),(14,14597),(16,1846),(18,9621),(20,37117),(22,14156),(23,12450),(24,16343),(27,31181),(28,18780),(29,4981),(31,7261),(33,10447),(38,9881),(41,35914),(43,1082),(44,9553),(48,3838),(50,21589),(51,6181),(57,32088),(60,33650),(61,31146),(62,12013),(63,6649),(64,35289),(65,20197),(66,11506),(67,31243),(68,6891),(69,3569),(72,19728),(75,2394),(76,12310),(77,11163),(80,17463),(81,32613),(82,7203),(84,37202),(85,9475),(88,14904),(89,13216),(90,26127)]	113.681061
184	[(1,2533),(2,23590),(6,33185),(7,13700),(11,12423),(15,1973),(20,25917),(22,11498),(23,33544),(24,27537),(26,37243),(27,2938),(30,36836),(31,1640),(32,23408),(33,6602),(34,23976),(36,17961),(38,17910),(40,20394),(43,34678),(44,11032),(50,34601),(51,24836),(53,35512),(54,11374),(58,33232),(59,30214),(60,21552),(61,7943),(62,17691),(65,9337),(70,13685),(71,27709),(72,7084),(73,15506),(74,22728),(75,37362),(80,33372),(81,24197),(82,24161),(83,20435),(85,32918),(87,7679),(89,20937),(90,29693),(91,19483)]	126.857868
185	[(0,14492),(1,10668),(2,8207),(3,13772),(6,17404),(7,2296),(9,24583),(10,4476),(15,6935),(17,25342),(18,4471),(19,5397),(21,30857),(22,7631),(23,2594),(26,36027),(27,22234),(28,619),(29,3594),(32,22483),(33,15154),(35,31046),(37,32918),(39,27237),(40,29163),(41,13096),(45,37235),(46,26179),(47,28183),(48,751),(52,25577),(53,37462),(54,2116),(55,18884),(56,35639),(57,4958),(58,32586),(59,25407),(60,23895),(61,28863),(62,1969),(63,25247),(64,3422),(65,2168),(66,13045),(67,20650),(68,36414),(72,23632),(74,27916),(76,29316),(78,3915),(79,16113),(80,6559),(81,24041),(82,16260),(83,5997),(84,18352),(85,6337),(90,18828),(91,20887)]	142.571748
186	[(1,21164),(3,13203),(4,20404),(6,2085),(7,30272),(9,32313),(10,37546),(14,26983),(17,24278),(18,12828),(20,34690),(22,4719),(23,12),(25,30526),(28,23521),(29,20345),(33,4479),(36,15623),(37,26249),(38,32878),(39,22729),(40,3359),(41,16312),(44,1491),(45,12205),(46,31709),(47,35848),(48,12505),(50,6979),(51,36406),(52,28694),(53,25295),(54,34876),(56,15711),(57,34152),(58,16300),(61,11183),(66,5293),(69,21558),(70,33981),(72,6588),(73,14858),(74,26095),(76,18138),(79,13841),(81,34953),(82,37375),(83,26865),(84,26595),(85,23500),(87,23338),(89,3335),(90,10250),(91,19032),(92,26273)]	125.614761
187	[(0,9265),(1,24710),(3,3938),(4,20945),(6,35506),(9,26913),(11,8379),(14,400),(15,11950),(16,23944),(17,3517),(20,660),(21,24168),(22,32186),(23,28034),(24,36272),(26,28247),(27,20308),(29,622),(30,9146),(32,2045),(39,2749),(43,8731),(45,13427),(46,19121),(47,31676),(48,33196),(49,17032),(51,1649),(52,2788),(53,23298),(54,14408),(55,2577),(57,2450),(58,7623),(59,7421),(60,35556),(61,7059),(63,28671),(64,32809),(67,19145),(68,12832),(70,34115),(72,652),(73,30808),(76,6748),(78,23173),(79,22244),(80,22291),(81,29645),(85,9359),(87,25944),(88,29885),(89,10567),(90,21965)]	110.590058
188	[(0,7526),(1,2850),(2,18258),(3,5468),(5,5459),(7,16712),(8,655),(9,7166),(10,15752),(11,29087),(12,15623),(13,26249),(14,32878),(15,16324),(21,14126),(23,22458),(24,5950),(26,21856),(28,13297),(29,1192),(30,14772),(31,12193),(33,28149),(34,9344),(38,36779),(40,22506),(42,30174),(43,4121),(46,31637),(51,30295),(54,11635),(55,3254),(56,11886),(57,10763),(60,30171),(61,26253),(62,31704),(63,15570),(65,27157),(66,13471),(68,25595),(70,11531),(71,1302),(73,3378),(74,2617),(76,32016),(77,27670),(82,4255),(86,1596),(88,17643),(89,13321),(91,18511)]	107.626577
189	[(0,4971),(2,23877),(4,7226),(6,14782),(7,25789),(10,4292),(11,113),(12,8469),(13,26957),(14,25896),(15,12354),(17,19238),(18,34026),(19,12177),(20,29870),(21,16128),(22,33725),(23,31274),(24,3119),(25,11696),(26,15261),(27,6180),(28,21217),(29,2678),(30,6848),(31,10450),(33,14326),(35,15497),(41,24574),(43,5000),(45,25123),(47,18726),(49,4856),(50,8209),(51,4855),(54,10320),(55,12335),(56,16470),(59,17829),(60,20749),(61,153),(63,1070),(65,27083),(66,37049),(67,3948),(68,33890),(71,11486),(72,30098),(74,36411),(75,23762),(77,23023),(78,21316),(81,35094),(82,23756),(85,24697),(86,5101),(87,25407),(88,22285),(89,23708),(90,15463),(91,10076)]	115.191956
190	[(0,6837),(3,8862),(6,30849),(7,10200),(8,22033),(9,8369),(10,13957),(12,24849),(15,16932),(18,36207),(19,32310),(20,5373),(21,10220),(22,36318),(26,31927),(27,31761),(28,5476),(30,33053),(31,37114),(32,13016),(33,28533),(35,17326),(37,17764),(38,18669),(39,7135),(40,8785),(42,15859),(44,22661),(45,31509),(50,34853),(57,7356),(58,25267),(60,20564),(63,29232),(65,28072),(66,17890),(67,8076),(69,29630),(71,16882),(72,33722),(74,4376),(77,23287),(78,30711),(80,28075),(86,16066),(87,27458),(88,9369),(89,13007),(90,18434),(92,14650)]	112.978983
191	[(4,35107),(5,5241),(6,1214),(8,12667),(9,22014),(11,14521),(13,36103),(14,5812),(15,36576),(17,27946),(18,4990),(19,18454),(21,7879),(23,11829),(25,31771),(26,18301),(28,3540),(32,35719),(33,32945),(34,24254),(36,12425),(41,32109),(42,36079),(43,20928),(45,494),(46,7386),(48,1871),(49,2764),(50,16663),(51,14925),(53,27103),(54,14311),(58,613),(60,12915),(61,24911),(63,29182),(65,14675),(66,32999),(69,32879),(71,247),(72,22174),(74,25787),(77,6740),(78,1171),(79,29081),(81,306),(82,25749),(83,35061),(88,35290),(89,21509),(90,35900),(91,31035),(92,14852)]	111.406973
192	[(0,20418),(1,22302),(2,264),(3,5630),(4,15614),(5,22461),(7,23632),(8,34371),(11,5783),(12,18716),(14,7602),(16,4970),(17,21300),(18,29923),(19,19329),(20,10253),(22,13407),(25,6091),(27,6509),(28,8941),(29,7944),(31,2818),(32,31795),(35,30470),(38,35741),(41,16013),(42,6297),(44,9843),(45,13344),(47,9677),(48,11620),(50,33550),(51,28649),(54,15145),(55,32814),(57,8166),(58,16967),(59,5815),(62,34227),(63,25602),(64,7020),(66,18069),(67,3982),(70,509),(71,31030),(72,27392),(75,457),(76,21349),(77,22795),(78,37053),(79,13964),(82,28270),(84,7236),(86,10292),(87,17105),(89,3024),(90,22307),(91,3762)]	168.863636
193	[(0,15423),(2,19994),(3,37148),(6,15767),(7,9414),(8,15431),(9,29383),(10,36768),(11,27151),(12,32780),(13,7532),(14,10088),(17,24397),(18,7408),(20,24200),(21,14072),(22,21166),(24,20421),(27,25199),(28,15511),(30,17603),(31,30238),(33,21333),(34,1539),(35,345),(36,34532),(38,29111),(39,31101),(40,30950),(42,19319),(44,37498),(45,35024),(46,27014),(47,18384),(48,16500),(49,18366),(50,36072),(53,940),(55,29173),(56,32227),(57,25940),(58,33113),(59,31273),(62,32050),(64,15541),(66,13917),(67,25888),(68,12800),(70,10056),(71,5779),(73,6879),(75,21206),(78,16284),(82,37227),(83,18585),(84,5312),(85,2606),(86,27690),(87,24160),(88,32482),(89,11640),(90,27779)]	276.577205
194	[(3,7998),(4,10691),(7,16913),(8,33840),(9,34982),(11,17169),(14,2913),(15,24138),(16,26383),(23,30805),(24,10991),(25,24525),(26,7059),(28,28671),(29,18407),(31,13898),(32,9045),(35,18296),(37,35237),(40,9939),(44,25698),(46,15062),(47,22400),(48,2267),(50,16543),(51,10057),(53,10399),(56,11240),(57,12410),(58,33808),(60,30511),(61,34526),(64,9077),(65,147),(66,12142),(71,12381),(73,4526),(74,925),(76,32118),(78,3998),(82,32648),(83,14332),(85,7427),(86,29925),(88,5360),(89,12412)]	250.065651
195	[(1,26881),(3,2148),(5,37164),(6,24908),(7,2149),(8,32177),(9,18372),(11,4905),(12,15688),(13,32765),(15,20104),(16,33128),(17,2484),(18,32779),(19,1723),(20,29901),(21,8941),(22,1882),(23,19905),(25,3857),(26,27621),(28,10388),(29,24146),(30,31279),(32,16291),(33,20785),(34,30557),(35,2159),(38,13575),(40,34760),(41,8406),(43,20980),(46,7899),(49,25761),(50,25702),(52,11424),(53,7290),(54,18634),(55,23905),(56,5875),(57,25807),(58,31716),(60,25163),(61,30675),(63,13550),(65,20460),(68,12611),(70,8765),(71,7713),(72,13978),(74,23678),(75,27388),(76,3699),(77,3756),(78,9686),(82,33048),(85,16476),(86,34395),(88,6752),(89,34213),(90,18344),(92,36481)]	251.586342
196	[(2,16550),(3,37169),(4,26190),(9,23976),(11,22759),(12,16716),(13,5579),(14,15769),(17,4907),(19,33035),(20,30849),(21,4813),(24,25592),(25,31728),(27,36661),(28,15993),(30,6840),(32,14967),(34,1676),(37,37009),(39,19241),(41,19750),(42,7929),(43,10157),(44,21553),(45,28882),(46,1451),(47,9567),(48,13618),(50,26637),(53,14666),(55,27018),(56,20960),(57,15163),(59,6027),(60,3289),(62,35331),(63,10136),(65,21260),(67,25095),(68,31216),(72,28190),(73,11252),(77,19585),(78,27876),(82,3840),(83,23919),(84,28947),(85,20054),(87,33155),(91,2950)]	235.203754
197	[(0,27519),(1,9162),(2,20992),(3,12780),(4,36242),(5,12060),(6,17227),(7,10291),(8,15317),(11,8200),(15,2866),(16,7880),(17,35164),(21,18181),(23,37426),(25,14605),(27,11642),(28,11818),(29,33657),(30,11153),(31,16769),(32,15793),(35,1162),(38,12991),(39,6631),(41,35603),(42,7809),(43,24332),(45,12392),(46,21797),(51,12674),(53,24223),(54,15808),(56,17393),(58,4602),(60,30767),(62,13868),(64,10667),(65,6933),(69,1456),(70,8891),(72,4102),(74,21558),(75,13827),(76,5213),(78,36031),(79,35754),(80,15299),(81,77),(82,8099),(84,7445),(85,10168),(87,7025),(89,23607),(90,10757)]	252.999016
198	[(0,1024),(2,5081),(6,14918),(7,34404),(9,13123),(10,24081),(11,34052),(15,28048),(16,31999),(18,25673),(19,30130),(21,15564),(22,30488),(24,17521),(25,7960),(26,2025),(27,7316),(28,12198),(29,4642),(34,9885),(35,21444),(36,28702),(37,16133),(38,6274),(39,23471),(40,20751),(42,17369),(46,33153),(50,21040),(51,16802),(53,20318),(54,3308),(55,6021),(56,18678),(57,2776),(58,22844),(59,139),(60,29430),(61,6458),(64,24253),(68,13236),(70,9061),(71,3497),(76,24721),(77,9023),(78,8008),(82,15579),(87,30133),(89,22732),(90,23061),(91,5899)]	235.646083
199	[(2,25052),(5,2209),(6,32481),(8,16055),(9,28431),(10,4369),(11,6814),(12,21441),(14,30339),(16,7905),(18,23271),(19,25390),(20,19948),(22,7203),(24,1406),(27,10966),(28,1427),(29,10893),(31,34205),(34,8231),(37,23133),(39,23815),(40,37473),(41,27337),(42,31331),(43,36189),(44,12735),(46,7373),(48,11101),(49,20385),(50,27972),(51,34256),(53,29196),(57,32183),(60,30534),(63,1456),(64,11841),(65,25550),(67,16568),(69,30248),(70,2821),(74,10571),(75,276),(77,1212),(78,359),(79,18947),(83,13168),(85,28963),(88,2602),(91,33125)]	231.811796
200	[(0,22801),(1,14263),(2,20918),(4,21954),(5,24264),(6,31421),(7,10784),(8,4403),(9,13308),(10,19077),(11,31458),(15,7216),(16,35827),(17,26367),(19,5985),(20,12563),(22,4350),(23,10896),(24,30428),(25,20979),(26,35346),(29,2031),(30,35679),(31,37493),(34,19725),(35,28070),(36,23787),(37,9801),(38,14813),(39,18036),(40,1954),(41,10669),(44,18129),(45,3471),(47,12511),(50,15342),(51,31093),(52,29174),(53,5128),(54,37282),(56,7874),(57,22003),(62,16740),(64,22218),(66,33715),(71,27519),(72,33818),(73,29269),(75,2857),(77,33053),(78,12853),(79,5745),(80,6756),(83,29832),(89,17078),(91,9678),(92,4419)]	241.873544
201	[(0,32273),(1,2489),(3,7389),(4,24115),(6,22468),(13,25230),(14,3440),(15,4519),(18,17542),(21,7129),(23,13487),(27,13070),(28,20259),(29,33071),(32,17012),(33,9762),(34,4187),(35,21707),(36,23704),(38,3),(39,25028),(41,6199),(44,23124),(45,14013),(46,27929),(47,11112),(49,9813),(53,27118),(55,32715),(56,3725),(63,29682),(65,29420),(66,8757),(67,25488),(68,13008),(69,27575),(71,23416),(76,14106),(77,7032),(78,29438),(79,17847),(82,14969),(83,2217),(92,12228)]	254.367293
202	[(2,8973),(3,20534),(5,9436),(7,35290),(12,10149),(14,28869),(15,33383),(19,3383),(21,35784),(23,35402),(24,19196),(26,28104),(28,22128),(30,8470),(31,21804),(32,29951),(33,16890),(37,24384),(38,5660),(40,21172),(41,34542),(42,15173),(43,5314),(44,19307),(47,6278),(48,8297),(49,32612),(51,17574),(52,11436),(54,29821),(55,30191),(56,5479),(59,2421),(60,2861),(61,31991),(63,27165),(65,18931),(67,33510),(69,12311),(71,36389),(72,6552),(73,25675),(78,32160),(81,561),(82,34224),(83,21556),(84,36829),(85,12730),(86,24183),(87,35156),(88,7910),(90,7036),(91,21233)]	257.429370
203	[(0,27164),(1,24359),(2,1569),(3,36828),(6,15119),(7,3904),(10,3107),(13,252),(15,25539),(16,19418),(18,17922),(19,5478),(20,1126),(21,23841),(23,7887),(25,14504),(26,15814),(27,22387),(28,28783),(29,17282),(30,12801),(31,13193),(32,32555),(34,32531),(37,32514),(38,26895),(40,15364),(41,36097),(42,5634),(43,4084),(46,11605),(47,28986),(48,36150),(49,24296),(50,2008),(52,6099),(54,4975),(55,23009),(56,16862),(57,3279),(58,13543),(59,9670),(60,31315),(61,411),(62,22656),(63,16378),(64,37549),(65,9616),(66,36855),(69,23187),(71,10959),(72,10860),(73,1037),(74,4609),(78,33788),(79,19152),(82,36740),(87,21040),(88,2149),(89,25398),(90,19606)]	229.751082
204	[(5,13174),(6,12373),(8,1458),(9,33502),(11,28804),(15,19980),(21,15077),(22,30680),(24,2279),(25,18059),(26,33017),(27,36693),(29,32680),(30,15799),(31,1612),(32,15341),(33,8180),(34,12111),(35,16272),(36,21190),(37,19727),(39,30405),(46,18258),(47,29428),(48,36111),(49,20219),(50,5328),(54,7738),(56,26000),(57,8193),(59,4489),(60,8350),(61,32467),(63,13310),(66,13805),(67,32943),(68,11614),(70,18853),(71,14716),(73,21696),(77,17869),(78,31873),(79,17490),(80,19237),(81,37508),(84,29857),(85,1300),(86,7611),(89,4216),(92,13823)]	247.758748
205	[(0,27060),(1,32127),(4,1189),(5,12680),(6,25503),(13,35227),(15,21235),(16,13253),(18,28235),(19,5981),(20,17845),(22,33836),(23,34162),(24,28781),(29,33711),(31,1043),(33,14451),(34,29699),(35,27135),(36,30498),(38,24992),(39,1879),(41,26803),(43,7860),(44,11553),(45,20540),(46,11463),(49,6651),(50,22231),(51,578),(53,19345),(54,9236),(55,37233),(56,35710),(57,6141),(59,1772),(60,30241),(63,4309),(64,30838),(65,27158),(67,28233),(68,32683),(69,21287),(71,34618),(72,30551),(73,7461),(77,25326),(78,12536),(79,2883),(80,19807),(82,18132),(83,14963),(85,20518),(87,27022),(88,12282),(89,23386),(90,9594),(91,33457)]	246.788296
206	[(4,8705),(5,25423),(6,1226),(7,25763),(8,26138),(11,4272),(15,19192),(16,35751),(17,32857),(19,9615),(21,31932),(23,12760),(24,32887),(25,4679),(26,14219),(27,6633),(30,17802),(31,28444),(32,22698),(33,3934),(34,35272),(35,1663),(36,7852),(41,1428),(43,21495),(44,1616),(46,5713),(47,26087),(48,18396),(49,4155),(50,21120),(55,23664),(57,4191),(63,19710),(68,18759),(69,13981),(70,2094),(72,31371),(73,35485),(75,27645),(78,25137),(79,14337),(80,11271),(81,36832),(82,11441),(83,2296),(84,26036),(85,13908),(87,24524),(89,17128)]	250.209870
207	[(0,4267),(3,24786),(4,33535),(6,7132),(7,7072),(8,28256),(10,12500),(12,36028),(13,20860),(14,35170),(15,6012),(16,8475),(17,24382),(20,7784),(21,9867),(23,23835),(25,21495),(26,13479),(27,32554),(28,4709),(29,19251),(31,27105),(32,8345),(33,14027),(34,9786),(35,7410),(37,36937),(38,27125),(41,35417),(43,27814),(45,16761),(46,18879),(49,10984),(50,12823),(56,32670),(57,2312),(58,33100),(59,4334),(60,17308),(63,18881),(66,17796),(67,10942),(68,34987),(71,19850),(73,12525),(75,33880),(76,14094),(77,15627),(78,24030),(79,21872),(80,20275),(81,27579),(85,5906),(87,17539),(89,8911)]	121.379882
208	[(0,10571),(3,37507),(5,36198),(7,7871),(8,26733),(9,31177),(11,34107),(12,33157),(15,23965),(16,1484),(17,187),(19,18952),(22,4855),(23,19700),(24,17982),(25,31503),(26,26251),(27,22410),(28,19427),(29,25022),(30,12076),(31,15771),(35,28568),(36,37158),(39,19227),(41,6382),(42,7078),(43,8094),(44,19399),(45,24412),(46,7779),(47,36288),(48,23999),(50,32206),(52,4215),(56,7459),(57,7185),(58,6385),(59,14087),(60,5076),(61,579),(62,9250),(63,29835),(64,10448),(65,13747),(66,13421),(67,26341),(69,16757),(71,12200),(74,4208),(78,30438),(79,27063),(81,13428),(86,33210),(87,28602),(90,21213),(92,1385)]	114.326515
209	[(0,5258),(1,10928),(3,32275),(6,35686),(10,31754),(11,29971),(12,36508),(13,21158),(14,25129),(16,6048),(17,19916),(20,1146),(24,31893),(25,18510),(26,32067),(31,24289),(32,22075),(34,30438),(36,21990),(37,27439),(38,23717),(39,25204),(40,30094),(43,3309),(44,185),(45,32301),(46,30312),(47,29120),(50,13886),(52,6545),(54,14995),(55,6993),(56,26242),(57,12420),(60,36580),(62,31563),(63,24654),(64,6588),(65,7297),(66,27104),(67,26548),(69,33784),(70,26988),(71,16234),(72,15608),(75,16270),(76,12101),(77,16319),(78,13357),(79,9765),(80,36622),(81,9193),(84,36564),(88,12373),(89,19229)]	106.014925
210	[(0,35713),(1,26736),(3,4570),(4,5796),(5,12200),(9,24044),(13,10601),(14,30897),(15,18353),(16,16392),(17,34218),(20,14134),(21,24708),(23,20315),(25,25523),(26,15082),(27,11837),(28,30927),(32,29947),(33,22540),(34,25034),(35,15589),(36,34066),(37,8893),(39,19764),(40,311),(42,13542),(44,1204),(45,17909),(46,8415),(50,3923),(52,4670),(54,16505),(56,22910),(58,2641),(60,36679),(61,14909),(62,145),(63,33679),(64,31920),(66,29351),(69,11117),(71,11772),(73,25697),(74,11648),(75,21031),(76,17301),(77,797),(78,22408),(79,36921),(80,12919),(81,3525),(83,23664),(87,28382),(88,34309),(89,29576),(91,23007)]	111.615150
211	[(0,30460),(1,1867),(3,32137),(4,20069),(5,10944),(8,719),(9,33484),(11,10722),(12,10519),(16,28786),(17,21657),(18,24277),(19,10735),(20,29057),(23,9061),(25,13411),(28,35196),(29,35783),(31,30708),(33,20471),(34,10177),(38,30862),(40,20210),(44,28821),(45,1428),(46,29707),(47,30888),(49,832),(50,15922),(51,27822),(52,2099),(55,30381),(56,17231),(57,29725),(60,8681),(63,9372),(64,6548),(65,31964),(67,9135),(69,8667),(73,12241),(74,4939),(75,22640),(77,6305),(79,10724),(80,4521),(81,19957),(82,10794),(83,6280),(84,29171),(85,139),(86,3030),(91,6453)]	114.057659
212	[(0,3759),(1,35605),(2,1779),(3,19143),(4,6270),(5,5645),(8,33405),(14,21277),(15,12104),(19,33246),(21,2873),(22,23042),(23,34270),(27,32897),(29,20939),(30,28706),(32,15402),(34,19501),(38,30582),(43,26020),(44,11793),(47,29316),(48,2183),(49,12267),(50,2326),(51,36941),(52,11977),(57,2412),(58,1845),(59,35880),(61,32988),(62,4668),(63,30670),(64,28485),(65,12675),(66,33810),(67,11319),(68,12506),(69,8850),(73,23185),(75,12818),(78,5949),(79,27732),(80,348),(81,18331),(82,13443),(85,12451),(87,11424),(88,7813),(89,2946),(90,3513),(91,32564)]	115.675160
213	[(1,11887),(2,17675),(3,30470),(4,23250),(5,6095),(6,227),(9,10040),(11,28132),(13,33853),(15,24715),(16,5085),(19,20957),(20,23435),(22,16690),(23,24322),(26,12263),(27,29224),(28,7973),(30,22410),(31,8857),(32,28562),(33,29964),(34,34040),(35,8901),(36,9067),(40,35160),(41,32284),(43,22858),(44,26263),(47,25272),(48,24815),(50,35632),(51,13236),(52,5384),(55,36719),(56,24485),(57,10144),(58,15684),(59,3470),(63,19745),(64,9413),(66,15495),(68,26482),(69,720),(70,33089),(71,1841),(72,29248),(73,28923),(75,27850),(77,29064),(79,24820),(80,9486),(81,14668),(82,36712),(83,31784),(84,33640),(85,1821),(86,6333),(87,36353),(88,393),(90,21871)]	125.734209
214	[(0,2149),(1,25398),(2,19606),(4,236),(6,4856),(7,29607),(8,7620),(9,18398),(10,10061),(14,4172),(17,27647),(18,21261),(19,12538),(22,7596),(23,33705),(24,27331),(25,28765),(28,3549),(29,33356),(30,23700),(32,17533),(35,36834),(36,35436),(37,6354),(39,1641),(41,30682),(43,20220),(44,4019),(45,3177),(46,25966),(47,14981),(49,28817),(52,32983),(53,7436),(55,31070),(56,35542),(57,281),(65,21557),(66,9083),(67,2546),(68,4138),(69,19777),(70,21105),(72,12217),(75,33518),(76,16962),(77,28546),(78,19178),(80,12949),(81,34780),(83,28643),(87,27812),(88,17638),(89,18522),(91,10356),(92,3557)]	111.505621
215	[(2,25986),(3,33441),(5,8766),(10,21165),(12,31316),(13,4648),(16,28569),(17,5014),(19,8359),(20,12366),(22,36350),(23,29083),(25,24584),(26,18270),(28,1497),(29,30863),(30,25707),(31,31620),(39,19228),(42,22189),(43,10378),(44,24384),(45,36645),(47,9805),(48,5504),(50,20735),(51,16266),(52,5576),(54,5975),(55,3181),(60,22857),(61,37172),(62,7485),(64,21094),(65,26075),(66,14501),(67,33676),(69,14357),(72,3682),(73,35245),(74,30423),(75,14253),(76,6925),(81,1226),(82,25763),(83,35936),(85,34667),(86,2018),(89,20560),(91,33728),(92,27057)]	132.251735
216	[(0,15553),(3,15026),(5,8209),(6,6777),(8,6918),(9,5326),(10,20577),(12,22632),(15,9078),(16,23219),(19,30171),(20,32469),(24,4168),(26,28039),(27,33830),(31,11701),(32,9504),(33,6711),(34,7690),(36,13727),(38,21969),(40,30795),(44,21981),(46,29453),(47,7620),(48,28806),(60,7195),(62,34969),(63,2371),(65,13527),(66,33129),(67,21867),(71,25647),(72,9029),(74,25797),(77,27992),(78,34012),(79,13294),(80,11849),(82,34314),(83,8638),(84,9892),(87,24588),(90,8060),(91,11812)]	124.485169
217	[(3,12373),(4,2226),(8,1314),(9,23251),(12,36929),(14,19009),(16,28670),(17,25745),(20,16980),(22,22308),(23,8076),(24,11759),(25,8737),(26,5532),(27,21306),(28,26064),(29,12194),(31,6433),(33,19858),(34,7660),(36,1876),(38,7572),(40,23581),(41,18124),(43,25836),(45,5534),(46,31053),(50,4187),(51,17901),(52,7802),(53,9379),(54,16501),(56,13035),(58,12863),(60,3035),(63,7914),(64,36014),(65,11260),(67,33897),(68,8823),(72,32718),(75,20126),(76,3983),(77,9584),(80,27277),(81,37439),(82,37473),(83,5069),(84,15990),(85,15420),(86,17838),(89,17286),(91,30053),(92,24192)]	110.032008
218	[(2,34038),(5,9280),(6,14182),(7,10771),(11,34520),(12,24881),(13,36451),(14,17260),(15,29285),(18,34741),(20,30150),(22,10754),(24,37380),(26,581),(30,3540),(32,31627),(35,37026),(36,9698),(38,21553),(39,20576),(40,10535),(42,23945),(43,16979),(45,15016),(47,8560),(48,10012),(50,30546),(51,29639),(52,21210),(54,27695),(55,8835),(57,20709),(58,35101),(60,18294),(61,7366),(62,6649),(67,8415),(71,13480),(73,28027),(76,19572),(77,34555),(78,35115),(79,8971),(81,3828),(83,10409),(84,35300),(87,22535),(89,13120),(90,15862),(91,4164),(92,34753)]	108.935802
219	[(0,10161),(5,8375),(6,21769),(7,9536),(9,24576),(11,24587),(12,35555),(13,23971),(14,15382),(15,19181),(16,10964),(17,32747),(18,25028),(20,6199),(22,26406),(23,12142),(25,18625),(26,8390),(28,15767),(30,20311),(31,23782),(34,193),(36,13501),(37,25399),(40,31413),(42,13424),(43,26506),(46,2045),(49,23790),(50,1483),(53,10916),(54,34763),(55,3217),(57,35137),(58,18908),(60,8276),(67,12154),(71,35673),(75,12430),(76,36950),(77,36521),(78,27084),(80,31693),(81,33731),(82,15968),(85,18538),(86,16538),(87,33136),(89,2456),(90,32832),(92,3409)]	120.194188
220	[(1,30688),(2,16984),(5,2572),(9,31855),(11,10686),(13,4471),(16,29358),(17,15368),(22,1809),(26,4977),(27,15080),(29,3326),(30,503),(31,13857),(32,6075),(34,1387),(35,28207),(37,29932),(38,20274),(39,24692),(40,25286),(41,3343),(42,14803),(43,12489),(44,6932),(46,16009),(48,17341),(50,31189),(51,1355),(52,3759),(53,16242),(56,23323),(59,33363),(60,36132),(61,37417),(62,21006),(66,11683),(67,21306),(68,26064),(74,15680),(77,3863),(78,31978),(80,14775),(81,16614),(83,5765),(84,18008),(87,5689),(88,4263),(89,24783),(90,7891),(91,8392),(92,14400)]	116.215672
221	[(2,6429),(3,31724),(5,18514),(6,8062),(7,6136),(8,28975),(9,27206),(11,24569),(12,3971),(13,31264),(14,31669),(15,34980),(16,16185),(18,19759),(19,24095),(23,15791),(24,14644),(25,11594),(26,16395),(29,11712),(30,25814),(31,22752),(32,28736),(34,36278),(35,27610),(36,2405),(39,13108),(43,2568),(44,26311),(45,27431),(46,6163),(48,22294),(49,2887),(51,22641),(53,24263),(54,29424),(55,982),(56,26905),(57,34147),(58,23538),(60,2931),(61,4209),(62,3105),(64,13666),(65,1858),(66,12446),(70,36205),(71,24304),(73,29097),(75,3858),(76,12259),(82,23988),(83,21366),(85,29503),(86,18509),(87,9107),(89,28658),(90,8369),(91,30916)]	116.756669
222	[(0,12153),(3,6201),(5,28416),(6,14476),(7,20174),(8,21124),(10,27238),(11,17847),(15,24825),(17,10825),(18,6243),(22,5933),(23,23056),(25,22606),(26,29066),(27,28268),(28,7512),(29,36190),(30,35201),(32,20922),(34,8881),(35,13638),(39,14901),(40,4499),(41,2595),(49,35726),(50,19539),(54,35206),(56,33321),(57,232),(58,33101),(59,19589),(60,6201),(62,497),(63,16431),(64,1312),(67,24651),(68,10670),(69,19773),(70,9366),(71,25616),(73,15200),(74,28416),(75,14476),(76,2673),(79,2879),(83,28176),(84,21909),(86,35664),(87,14089),(88,26486),(89,31356),(92,15027)]	115.999080
223	[(2,30018),(6,15980),(8,3556),(9,26905),(10,34147),(11,8275),(13,23450),(14,22693),(16,35942),(17,35299),(18,31658),(19,21987),(20,35407),(21,28737),(25,943),(27,12737),(28,5350),(30,18406),(31,579),(32,1530),(33,37352),(35,18025),(36,34505),(38,12352),(39,31013),(40,19033),(41,24738),(42,29664),(43,19084),(44,16710),(45,30471),(49,3496),(51,15976),(52,8904),(54,6697),(56,35378),(59,15543),(60,12840),(61,26511),(62,21219),(64,37476),(65,4773),(66,310),(67,27687),(68,562),(82,9703),(84,30363),(85,8776),(86,11062),(88,24489),(89,14807),(90,1979),(91,25977)]	113.238379
224	[(0,28136),(1,5179),(2,35891),(5,28471),(7,37159),(8,10774),(9,17256),(10,27426),(13,15647),(14,20768),(17,15600),(22,21468),(28,33349),(30,21137),(31,25617),(32,34099),(33,16620),(35,32742),(40,30162),(41,14457),(42,26057),(43,24755),(44,6094),(45,2238),(46,8599),(49,21448),(50,29912),(52,5898),(53,21304),(56,30752),(57,7606),(59,8622),(60,14993),(61,24696),(62,11020),(65,34038),(69,27817),(70,29094),(71,7469),(73,9343),(74,30303),(75,5606),(77,2470),(78,15794),(79,19291),(81,29602),(82,13974),(83,31163),(85,36273),(89,22351),(91,19314),(92,35542)]	131.171896
225	[(0,6824),(1,37180),(3,14814),(4,24871),(8,17335),(10,17917),(11,5957),(12,7045),(13,12540),(16,11290),(20,1495),(21,37442),(23,9665),(25,14829),(26,27519),(29,21327),(30,20148),(39,20832),(40,32450),(41,10209),(46,33207),(48,36537),(52,7303),(54,31637),(60,22336),(61,35562),(63,24665),(64,16564),(65,20140),(67,7451),(68,37445),(70,24051),(72,23740),(74,25985),(77,21223),(79,14385),(82,484),(83,23670),(88,1973),(89,20050),(90,25210),(92,24002)]	123.915714
226	[(0,10824),(3,6597),(7,34808),(8,9854),(9,4022),(10,27217),(11,32201),(12,35519),(17,803),(18,14742),(19,36233),(20,3714),(26,5389),(27,29184),(28,13291),(30,7000),(33,18913),(34,14524),(35,31260),(37,9663),(38,7572),(39,13173),(40,26127),(41,31786),(43,32092),(44,20637),(45,24326),(46,34264),(47,4220),(55,12678),(57,12197),(61,28844),(62,3634),(63,1427),(65,17459),(66,5502),(67,18005),(69,6671),(71,34558),(75,14542),(76,10895),(77,336),(85,6729),(86,33529),(89,16797),(92,37567)]	107.015752
227	[(1,28543),(2,29449),(4,36847),(5,3958),(6,10125),(7,1636),(9,34621),(10,21798),(11,34243),(12,5808),(14,1528),(15,14013),(16,27929),(17,11112),(18,36491),(23,14267),(27,28433),(28,19586),(29,15533),(30,14638),(33,10627),(34,16988),(37,12752),(39,19908),(40,13076),(42,13338),(43,23789),(44,37524),(47,761),(48,25454),(49,31639),(51,19113),(53,20355),(54,518),(55,37233),(60,36314),(62,33720),(67,27132),(68,4982),(70,28986),(71,27614),(72,2343),(73,12587),(77,4514),(78,17736),(79,25335),(81,5477),(82,6148),(84,18538),(85,30281),(87,36287),(88,25427),(89,19961),(90,11312),(92,13852)]	112.067364
228	[(1,25155),(3,3125),(4,21252),(5,15745),(6,8298),(7,32266),(8,36233),(12,7886),(14,19052),(15,36735),(17,11319),(18,24155),(20,5293),(22,22609),(23,20859),(29,9793),(30,25353),(31,18372),(32,1172),(33,4936),(34,6578),(39,9819),(41,17770),(44,31627),(45,20297),(46,14736),(48,21452),(50,36093),(51,14811),(52,12854),(55,29116),(56,25214),(58,9897),(60,23908),(61,496),(65,16092),(66,4237),(67,8799),(68,33469),(69,31841),(70,32321),(71,26814),(72,10071),(73,14212),(74,7956),(75,5622),(76,13568),(77,35633),(78,19740),(80,1953),(86,30979),(87,4768),(89,20435),(90,324),(92,20847)]	111.101618
229	[(0,1069),(1,27855),(7,16680),(8,17939),(9,35922),(10,31415),(11,36715),(13,34581),(14,12193),(15,23206),(16,35244),(17,22450),(18,22385),(19,34826),(20,5452),(23,11664),(24,25061),(25,16264),(28,25010),(36,28066),(37,33836),(38,28787),(40,30127),(42,5748),(43,15080),(44,24842),(46,22791),(48,20714),(51,15774),(53,25322),(54,30707),(55,27192),(56,19752),(57,14823),(58,26513),(59,17259),(62,35259),(64,30459),(65,30449),(66,20202),(68,9877),(69,10185),(72,25721),(73,19466),(74,11497),(77,32843),(79,15163),(81,2111),(83,14193),(84,33237),(85,7592),(87,10415),(88,5348),(89,4464),(91,25305),(92,18796)]	118.565961
230	[(2,464),(5,32445),(6,30520),(7,4337),(8,16368),(9,28527),(10,5302),(11,5896),(12,27506),(14,13422),(15,20094),(16,12481),(20,32898),(21,1170),(25,31003),(27,34319),(28,5591),(32,12767),(34,35273),(38,15521),(39,11547),(40,30684),(41,15767),(42,9414),(43,15431),(44,29383),(45,17964),(47,13524),(48,32848),(50,31104),(51,8325),(52,16150),(53,26451),(55,28570),(56,31342),(60,22306),(61,26252),(62,5761),(63,32217),(64,13365),(65,20684),(66,29443),(67,4588),(68,25516),(71,33873),(73,10515),(74,4040),(75,4887),(76,11493),(78,35402),(79,27825),(83,37264),(84,23816),(85,6852),(86,24340),(87,35522),(89,25106)]	116.095325
231	[(0,21213),(2,1385),(4,24042),(5,33773),(6,6207),(7,25333),(8,7514),(9,34128),(10,32551),(11,18909),(14,34947),(15,27206),(16,31821),(17,4119),(18,3292),(19,32615),(20,22028),(21,13451),(22,31950),(23,8703),(26,7542),(28,34077),(29,25722),(30,4668),(31,17176),(36,30350),(40,19977),(41,11204),(42,9710),(44,1406),(47,21711),(48,24965),(49,19800),(50,6322),(53,36048),(56,15519),(58,12362),(59,4817),(64,30973),(65,29303),(68,28483),(69,25229),(70,30676),(71,16167),(72,15921),(73,24360),(74,2757),(75,30201),(77,35097),(80,23177),(81,13886),(83,7027),(87,14418),(89,32359),(91,32816),(92,35011)]	116.015784
232	[(1,18041),(4,1833),(5,29742),(6,20374),(10,9374),(11,3236),(13,21567),(15,25672),(16,6623),(17,34171),(19,28777),(20,10578),(21,23184),(22,15653),(23,9367),(24,28518),(25,15599),(27,29839),(29,1753),(30,30912),(31,20231),(33,8023),(34,22802),(35,27823),(39,7381),(40,5893),(41,30577),(42,25410),(45,8381),(46,3473),(47,19859),(48,17656),(50,28456),(51,475),(53,23292),(54,34342),(56,19788),(58,23321),(59,3940),(60,503),(64,16294),(65,14865),(66,25647),(68,5938),(70,34967),(72,1224),(73,21986),(74,16363),(75,2175),(76,4614),(77,9386),(83,12869),(85,36549),(87,3192),(89,14329),(90,14242)]	110.483768
233	[(0,26620),(2,27308),(3,10970),(5,19186),(7,34055),(8,16161),(10,16521),(13,28244),(15,18899),(16,28502),(17,28276),(23,12447),(26,18792),(29,15198),(30,25418),(31,7454),(32,557),(33,36471),(34,24935),(37,15920),(43,18189),(44,14241),(45,27278),(50,4225),(51,23024),(53,22673),(55,31545),(56,31266),(59,21467),(62,3566),(64,18808),(65,35999),(66,1322),(67,30740),(68,32917),(69,20924),(70,22521),(71,18142),(74,27471),(75,9999),(76,35284),(78,4262),(79,9455),(80,14478),(82,13008),(83,4077),(86,8778),(87,4254),(90,27271),(91,32130),(92,5406)]	143.675606
234	[(0,22274),(1,18004),(3,11476),(4,10673),(5,32844),(12,3357),(15,35614),(16,10997),(20,11046),(26,18441),(27,34068),(28,33939),(30,1221),(31,10207),(33,29228),(34,20386),(36,6713),(38,33915),(39,11887),(40,24017),(42,12035),(43,3725),(45,15692),(47,10218),(48,24377),(52,11736),(54,12440),(58,27835),(59,10871),(60,36071),(63,28444),(64,25311),(65,28833),(66,14463),(68,15996),(74,20710),(76,9988),(78,10619),(79,11926),(80,35084),(82,11866),(84,8695),(85,23623),(87,3264),(88,10379),(89,7919),(91,22267),(92,30723)]	113.867708
235	[(0,14048),(1,33944),(3,21014),(5,21950),(6,9059),(10,893),(13,10528),(14,13786),(16,31122),(17,24073),(21,2383),(22,17117),(24,27300),(25,5690),(26,34450),(27,35211),(29,2131),(34,19672),(37,36656),(39,36212),(41,6405),(42,26216),(43,25724),(44,18377),(45,22144),(46,26047),(48,37306),(49,14421),(50,25169),(51,28018),(52,5591),(54,19501),(56,26378),(57,3454),(58,25161),(60,20897),(62,1206),(64,21263),(67,20651),(68,12259),(70,7117),(72,9543),(73,831),(74,29470),(75,6856),(77,8938),(78,10877),(79,27269),(80,27583),(81,36694),(82,7147),(84,24070),(85,18109),(86,7680),(87,21504),(88,11372)]	108.973994
236	[(0,3293),(3,6821),(4,9193),(6,30968),(7,2608),(10,33521),(14,1349),(15,2510),(17,14455),(19,34970),(20,12708),(24,37478),(27,13937),(28,14577),(30,1365),(31,29308),(33,8270),(34,15818),(36,8505),(37,14484),(38,18776),(40,8942),(41,36390),(44,36049),(48,272),(49,1510),(51,1625),(52,24920),(53,29261),(54,9011),(55,20426),(57,198),(58,4036),(59,9668),(61,5453),(62,18158),(63,14094),(64,15627),(67,3793),(68,25627),(70,23118),(71,19822),(72,35711),(73,2461),(74,36668),(75,4740),(76,9356),(77,18042),(78,28941),(79,3239),(81,2902),(83,17903),(84,33952),(86,28993),(87,4598),(88,165),(90,34599),(91,14258)]	114.484483
237	[(0,1659),(1,370),(2,23688),(4,3634),(7,30403),(8,8293),(9,26196),(11,35163),(12,14078),(13,11400),(17,13504),(18,2046),(20,31316),(23,271),(24,6837),(25,10951),(26,37336),(27,23228),(29,34067),(31,7335),(33,16821),(35,23867),(36,11730),(37,11582),(39,686),(41,17870),(42,805),(44,1434),(46,29740),(48,11702),(50,21533),(52,13458),(53,24169),(54,36275),(57,29109),(58,30274),(60,8999),(62,34434),(63,20291),(64,15981),(68,10232),(69,10867),(70,10849),(71,4767),(75,31647),(76,25025),(79,6066),(81,208),(84,11588),(86,34635),(87,7076),(89,442),(90,17833)]	123.620379
238	[(3,8911),(9,6525),(10,35697),(12,5389),(13,26024),(14,8961),(16,12491),(18,13334),(20,28158),(21,37081),(22,26420),(23,16160),(24,14175),(26,15754),(27,10784),(29,21776),(30,4653),(32,11226),(37,13674),(38,7605),(39,12168),(41,27059),(42,27449),(43,12158),(44,32978),(47,6742),(48,27965),(49,2345),(50,25574),(51,3475),(54,15848),(56,20289),(57,36812),(58,3507),(59,28586),(60,3691),(62,4966),(65,37398),(67,22826),(73,33112),(74,2502),(75,28362),(80,24306),(81,4723),(84,36455),(87,19534),(89,3491),(90,30934),(91,5918),(92,9190)]	115.731088
239	[(2,3421),(5,14397),(6,17728),(7,2736),(8,25109),(9,30463),(10,8512),(11,21379),(12,27607),(13,22363),(16,5542),(17,1764),(19,2424),(20,5911),(21,30636),(22,30972),(23,27816),(24,21682),(25,19484),(28,1727),(31,27237),(34,3526),(36,13550),(37,7612),(38,30183),(39,8286),(40,35151),(41,33067),(42,16654),(43,26931),(46,14582),(48,28680),(51,10109),(53,33513),(54,4921),(55,1088),(57,9034),(60,20628),(61,30499),(67,3112),(68,36104),(69,13935),(70,31442),(71,30837),(75,30189),(76,23220),(77,9027),(78,9146),(79,11677),(82,26139),(85,6831),(86,6101),(88,21685),(90,26641),(91,19294),(92,1408)]	114.592292
240	[(1,35714),(2,36063),(3,19411),(4,26782),(5,17029),(6,26028),(7,37247),(8,34487),(9,9415),(16,32307),(17,32631),(20,9268),(21,7486),(22,19236),(23,30531),(24,135),(25,2488),(28,36898),(30,19365),(34,16708),(38,30224),(41,6974),(43,14597),(44,24107),(45,6702),(47,25007),(48,22401),(49,14312),(50,30252),(53,3600),(54,11116),(55,1486),(56,5467),(57,24308),(59,4761),(60,9018),(62,36786),(65,18490),(67,8410),(69,2971),(72,10703),(74,762),(76,11317),(77,5802),(78,25262),(79,5736),(80,8300),(83,5335),(86,16557),(87,14165),(88,34180)]	110.504539
241	[(0,7286),(3,22544),(6,10033),(8,12620),(11,15019),(12,1596),(14,1273),(15,7393),(16,18709),(17,4195),(18,4438),(22,19572),(23,34555),(24,34403),(27,21201),(29,22857),(30,37172),(31,7485),(32,2255),(33,31478),(35,27736),(37,14366),(39,31638),(40,16537),(41,28916),(42,35461),(45,30461),(46,25115),(47,18592),(50,21643),(51,22865),(57,21357),(61,4943),(63,22924),(64,22924),(65,21723),(66,4250),(68,26938),(69,33929),(71,26174),(73,15432),(75,4361),(76,23673),(77,14146),(80,35990),(81,22504),(83,5094),(86,36214),(88,16216),(90,15337)]	114.582167
242	[(0,15915),(1,32560),(3,22575),(4,31685),(5,31334),(6,25692),(8,1373),(9,34794),(10,34775),(11,8467),(17,30274),(18,31083),(19,18645),(20,12297),(21,15904),(23,28111),(27,21599),(30,36814),(35,11766),(37,12846),(39,12464),(41,29436),(42,12841),(43,23244),(47,20807),(48,36074),(49,11413),(55,2817),(58,22703),(59,34463),(61,8805),(63,29354),(64,1338),(65,16354),(66,27201),(67,33640),(68,25475),(70,5358),(71,16680),(72,30782),(74,22192),(75,5926),(81,7254),(83,29622),(87,7890),(89,6348),(91,36964)]	138.812089
243	[(2,3326),(4,28692),(5,29699),(6,23741),(7,19936),(9,33727),(11,20396),(12,16171),(13,28818),(14,21436),(17,19602),(18,18195),(19,8179),(20,31356),(21,36176),(23,5705),(24,784),(25,3830),(26,14600),(29,29342),(30,31118),(32,33760),(33,17224),(34,8501),(35,4882),(36,14548),(37,32067),(41,17371),(43,21770),(47,20836),(48,18771),(49,25327),(50,12363),(51,22862),(52,7432),(53,5718),(59,31112),(61,22099),(63,9661),(64,649),(65,6378),(66,23376),(68,37403),(69,34328),(70,33159),(71,18311),(73,8524),(74,6673),(77,5734),(78,35929),(80,6546),(81,36974),(84,35270),(86,24634),(88,13684),(89,17297),(90,12352)]	111.139997
244	[(4,29525),(5,31301),(8,14818),(9,23567),(10,14631),(11,7673),(12,24602),(14,14437),(16,22841),(17,10622),(18,8351),(20,3800),(22,36874),(23,9975),(24,14024),(26,29917),(29,28445),(31,8578),(32,23124),(33,14444),(38,15257),(42,35933),(44,26233),(45,473),(46,26553),(47,3704),(49,19730),(50,26190),(53,15007),(56,8119),(57,28256),(58,9665),(60,14829),(61,27519),(62,9162),(64,30808),(65,8004),(66,3927),(71,14397),(72,17728),(73,32689),(74,5963),(75,15601),(76,11353),(79,18297),(82,33294),(83,450),(84,4640),(85,24940),(87,26279)]	110.833272
245	[(0,23855),(1,18263),(2,2441),(3,35204),(4,2583),(5,3656),(6,8200),(10,19132),(12,11861),(16,559),(17,27141),(20,2111),(23,27042),(24,20498),(25,9657),(26,34472),(28,32969),(29,14283),(31,26415),(32,15073),(33,19167),(34,14276),(35,32933),(38,14656),(39,28925),(41,8979),(45,26616),(46,30595),(49,26985),(50,1359),(53,23476),(58,13509),(59,36854),(60,36697),(61,30891),(66,19180),(68,7982),(69,23571),(72,12167),(74,13770),(76,25493),(80,1738),(81,5146),(83,32413),(86,19075),(89,5765),(90,8441),(91,8076)]	113.018177
246	[(0,8917),(1,32296),(2,21393),(5,35657),(6,6183),(7,5043),(8,31119),(10,20525),(11,8451),(13,9272),(14,3488),(16,32913),(17,33322),(19,28983),(20,18897),(21,25375),(23,21709),(26,12358),(27,2746),(28,8586),(29,31109),(30,26745),(31,23373),(33,8194),(34,2054),(36,22340),(37,17725),(38,15361),(40,9900),(41,20768),(43,9733),(45,10712),(46,14874),(47,11167),(48,26771),(49,9121),(50,1570),(53,21462),(54,9015),(56,14681),(57,35126),(58,36678),(59,7143),(60,6503),(61,26506),(63,5836),(64,27781),(72,34158),(74,12615),(75,26115),(78,22389),(80,17065),(81,33985),(83,16318),(85,28270),(88,34777),(89,8886),(91,25581),(92,4327)]	112.733038
247	[(4,33924),(5,18448),(7,17796),(8,25368),(9,3055),(11,36629),(12,1266),(13,22199),(15,29829),(16,2791),(17,31945),(18,23918),(21,25668),(22,13609),(24,33919),(25,4927),(27,18414),(31,25246),(33,24971),(34,11089),(39,21343),(40,31960),(42,31539),(44,22633),(46,17326),(47,8943),(48,27246),(49,36713),(53,23880),(55,23192),(56,26188),(57,19498),(62,16414),(63,20683),(65,5659),(66,27355),(68,9422),(78,31173),(79,31399),(80,19411),(88,15501),(89,22139),(91,23981)]	110.329776
248	[(1,340),(2,731),(4,28216),(5,1317),(6,6541),(8,16411),(11,29958),(12,16220),(13,29242),(16,36204),(17,36877),(21,7099),(23,21606),(25,17130),(26,1421),(27,5909),(29,13125),(30,8610),(31,37297),(32,30977),(33,15669),(34,36623),(35,22727),(36,8000),(37,5112),(39,20716),(40,2635),(42,24409),(44,34620),(46,31790),(47,37234),(48,21001),(50,13802),(51,14182),(52,34027),(53,29309),(56,19227),(57,25125),(58,17505),(59,4765),(60,16031),(61,33836),(62,35499),(63,18693),(66,6804),(67,33350),(70,16155),(74,17904),(76,25949),(77,30654),(78,4078),(82,1198),(83,8291),(85,11115),(87,15413),(88,21440),(89,13740),(90,14477),(91,31688)]	113.200250
249	[(0,28616),(1,29844),(2,1239),(4,27254),(7,24952),(8,30763),(9,20236),(10,16552),(11,22283),(14,12220),(16,7252),(21,13582),(22,28404),(27,19241),(30,12543),(31,9188),(38,34338),(39,19076),(46,16963),(47,22314),(50,25851),(51,32510),(52,20383),(54,5985),(55,12632),(57,25109),(58,36351),(59,14196),(62,7172),(63,37168),(67,14685),(70,10165),(71,2266),(72,26847),(73,15835),(75,29827),(76,17869),(79,2431),(80,37567),(82,4585),(83,11302),(86,829),(87,3412),(88,10931),(90,33247)]	107.056546
250	[(0,11846),(1,11164),(2,185),(3,13959),(5,9002),(7,27727),(8,26287),(9,10429),(10,14637),(11,7501),(13,11235),(14,7560),(15,21165),(18,9977),(19,9167),(20,12174),(21,13598),(22,4253),(23,24312),(24,26156),(25,36994),(27,833),(28,2462),(29,17608),(31,15224),(32,26227),(33,37316),(34,31501),(35,12719),(37,5665),(38,1731),(42,7987),(43,18766),(44,21471),(48,1384),(49,28766),(50,24834),(52,18929),(55,21950),(59,11321),(62,30198),(63,14354),(67,24711),(70,4345),(71,19382),(74,18538),(76,30093),(77,32762),(78,32207),(80,35835),(81,3874),(82,30628),(83,15835),(84,12686),(88,34133),(91,6832)]	108.256386
251	[(0,19063),(3,36986),(4,5614),(10,34409),(12,8356),(13,11209),(14,35543),(15,25992),(19,15543),(20,34102),(22,4389),(26,28217),(27,11352),(28,30005),(29,34841),(30,37185),(31,20505),(33,24233),(34,30184),(35,1951),(36,32394),(39,25565),(40,6096),(42,27625),(43,7814),(45,5153),(47,7493),(48,28541),(51,8246),(55,48),(56,19121),(57,31676),(58,5803),(60,3040),(62,29008),(64,36797),(66,3248),(68,21456),(69,4158),(70,17900),(72,3650),(73,13141),(76,5273),(78,34685),(79,36659),(80,16953),(81,12000),(82,33486),(83,35197),(85,12910),(88,24749),(89,588),(90,30576),(91,31684)]	142.889782
252	[(0,7409),(2,1983),(3,31756),(4,35800),(6,23255),(7,34034),(8,16003),(9,8902),(11,30558),(15,16201),(16,7626),(18,36961),(21,16187),(22,3393),(23,19183),(24,15079),(26,4520),(27,3649),(29,11868),(33,30762),(34,16533),(36,4211),(39,22283),(41,35682),(42,15401),(46,11921),(50,11356),(53,27365),(54,19278),(55,28278),(56,30462),(58,5987),(59,24304),(60,3012),(61,15320),(62,17532),(66,33194),(67,7767),(71,8686),(72,4923),(73,9308),(74,10988),(76,11622),(77,20441),(78,32846),(79,35794),(80,10566),(81,19917),(84,15421),(87,5672),(92,18189)]	109.575264
253	[(1,12832),(4,1108),(6,4580),(8,15521),(9,11547),(10,14280),(11,37111),(12,4345),(13,17211),(18,36873),(20,22202),(21,10553),(22,30289),(24,33956),(25,21515),(28,11831),(30,35122),(32,4163),(34,18823),(35,23362),(38,25347),(39,18491),(40,31492),(41,18670),(43,29411),(44,7717),(45,37545),(47,9760),(48,4168),(49,33024),(50,24974),(51,14349),(52,25780),(54,20547),(56,11072),(57,16283),(58,21068),(59,7367),(60,17324),(62,34568),(64,888),(65,11785),(66,2731),(67,4660),(68,22157),(71,15168),(72,18856),(76,19895),(79,2853),(80,23778),(83,10790),(85,21875),(87,17476),(88,26309),(90,11317)]	112.920641
254	[(0,14734),(2,3566),(3,25672),(5,15130),(6,25732),(9,4712),(13,18935),(14,11875),(15,22340),(16,17725),(18,33893),(19,1037),(21,33240),(22,28019),(24,30814),(25,13044),(28,28355),(31,35421),(32,5167),(34,24291),(38,11972),(39,35973),(40,22931),(41,37077),(43,26715),(46,8694),(47,32451),(48,15174),(50,14169),(51,32255),(55,24163),(56,32281),(58,37292),(60,36571),(62,34421),(67,16362),(74,10581),(75,18299),(76,10510),(84,25793),(86,22183),(87,36015),(88,10937),(90,27967),(91,19044)]	109.602890
255	[(0,26887),(1,25923),(2,28282),(3,6156),(6,21265),(7,22754),(9,32606),(10,2237),(12,33100),(13,8208),(19,33833),(20,34546),(21,13246),(24,23750),(26,10178),(27,34288),(28,3993),(30,11732),(31,20553),(32,22832),(33,3064),(34,18923),(35,27441),(37,34583),(42,36894),(43,13656),(46,26646),(47,21240),(49,9126),(51,3750),(52,785),(53,13821),(54,747),(57,19134),(58,34608),(59,27266),(60,32240),(62,18704),(64,4020),(68,35324),(69,35463),(73,24445),(74,9766),(77,33270),(80,36720),(81,19899),(82,26345),(84,1552),(85,11126),(86,1809),(88,21204),(89,5066),(90,20665),(91,22753),(92,35914)]	120.413473
256	[(0,28333),(3,3065),(5,17354),(7,35407),(8,4629),(9,34470),(10,14860),(12,24054),(13,2779),(16,11086),(19,6234),(20,30112),(22,19145),(23,12832),(29,24645),(30,19664),(32,3868),(33,16227),(39,2235),(40,28152),(43,31616),(44,26646),(45,36549),(46,23357),(47,35308),(49,5160),(50,33976),(51,23355),(52,12088),(54,11423),(55,6437),(58,1491),(60,3218),(61,32936),(62,28129),(64,9105),(66,33488),(67,906),(68,11946),(70,35145),(71,18663),(74,21452),(75,7223),(76,1805),(77,18850),(78,16060),(79,30829),(80,27494),(82,34870),(83,18457),(85,2172),(87,17216),(88,19836),(89,18858),(91,20971)]	118.484381
257	[(0,20829),(1,31500),(3,26331),(4,32208),(5,19633),(9,35395),(11,31215),(12,25952),(13,13690),(14,37094),(17,4690),(18,35946),(19,35728),(22,31466),(23,1422),(26,16724),(27,274),(28,25080),(29,6516),(30,21663),(33,24899),(34,20088),(36,9587),(40,16910),(41,29900),(42,24058),(45,6009),(46,26146),(48,9110),(49,6271),(52,15528),(54,37271),(56,20538),(58,1172),(59,4936),(63,11592),(64,15198),(65,10084),(66,14202),(67,19565),(69,33104),(70,30028),(71,31286),(72,30317),(73,31420),(74,32397),(75,488),(77,20043),(78,77),(79,5410),(81,33959),(82,34119),(83,21507),(84,7284),(85,10400),(87,34132),(88,21337),(89,32404),(92,15575)]	116.353700
258	[(0,3272),(1,848),(3,29711),(4,34142),(5,16923),(6,17399),(7,3338),(11,19981),(14,35600),(15,30815),(16,5234),(17,6701),(19,1987),(21,22477),(22,17128),(24,2457),(25,31941),(27,12905),(28,22103),(29,37228),(30,33453),(32,35252),(33,28507),(34,27777),(35,27288),(37,14207),(39,26063),(40,6799),(41,21612),(42,9182),(43,27978),(45,30190),(46,4914),(47,5245),(50,629),(52,7915),(55,35745),(56,29943),(58,35785),(60,11943),(61,9667),(62,29658),(66,8190),(67,35232),(68,2744),(71,6056),(73,24563),(76,26230),(78,10400),(85,32695),(89,8124),(92,15457)]	110.178936
259	[(2,11574),(3,333),(6,1794),(8,33829),(13,20932),(14,817),(16,35029),(18,4433),(20,21954),(21,26109),(24,11991),(25,32541),(27,27047),(29,35636),(31,23569),(32,8493),(33,32906),(34,25964),(36,7669),(37,27817),(38,29163),(39,13096),(40,31435),(42,34615),(43,15515),(44,14270),(45,15160),(46,3458),(47,8026),(48,18076),(51,14010),(52,9650),(53,9506),(55,16490),(56,3882),(57,3463),(58,33586),(60,3742),(61,18902),(62,30399),(63,18457),(64,12253),(66,32787),(67,6345),(70,21560),(71,8250),(73,2903),(75,9815),(76,11433),(77,21248),(79,3780),(83,37224),(84,29101),(85,37059),(86,20195),(87,23012),(88,34098),(89,36798),(90,15664),(92,21432)]	143.093707
260	[(2,28306),(3,34876),(5,36600),(7,19810),(8,31109),(9,209),(11,13634),(13,6980),(14,7074),(16,5094),(17,31528),(18,3487),(19,5091),(20,25826),(22,2484),(23,32779),(24,7615),(25,22225),(26,37328),(27,5540),(29,11402),(30,2094),(31,4464),(34,2220),(35,28800),(36,1163),(37,19403),(38,13130),(39,27173),(41,19586),(42,20609),(46,7660),(48,1876),(49,13386),(52,25462),(53,26131),(54,7476),(55,23345),(56,24757),(58,18171),(60,3319),(61,1621),(63,34274),(65,6365),(66,35616),(67,16839),(69,16414),(70,20683),(73,36044),(74,4782),(75,2798),(76,25752),(77,7428),(78,19839),(81,14062),(82,21665),(84,7567),(86,36462),(87,16461),(89,29424),(90,17108),(92,32768)]	120.140647
261	[(0,11800),(2,3961),(4,17269),(5,21125),(7,9813),(9,13734),(10,4962),(11,1998),(15,23340),(16,5096),(17,12142),(19,18246),(20,29079),(23,5287),(24,30365),(25,27500),(26,33572),(27,10332),(28,11702),(29,32691),(30,7878),(31,6008),(33,25253),(34,29225),(35,23615),(37,5376),(40,4024),(41,6988),(42,7226),(44,14300),(47,6837),(50,14189),(51,4439),(53,27269),(54,1131),(55,31598),(58,14560),(60,34348),(61,9207),(62,1543),(64,4407),(65,1779),(66,26239),(69,33871),(70,28412),(72,17648),(73,17990),(74,36889),(75,35884),(77,30744),(79,5963),(80,18526),(81,23713),(84,15110),(85,1016),(86,22391),(87,31935),(91,19241)]	114.223561
262	[(1,29491),(4,34517),(6,14419),(7,15891),(9,32078),(10,1014),(11,18132),(12,20024),(13,36057),(14,37045),(15,23258),(16,13992),(17,26676),(18,12178),(20,524),(21,30118),(22,28803),(23,22249),(24,26489),(25,24848),(29,33955),(32,22309),(33,15429),(34,21613),(35,5145),(36,36814),(37,19784),(38,34397),(39,17019),(40,21124),(43,5436),(44,24441),(45,10960),(46,18127),(48,25855),(49,10843),(50,3413),(51,1070),(54,33731),(55,1629),(56,24464),(59,36558),(60,27177),(62,36021),(64,17312),(65,13676),(66,13874),(69,27258),(74,22569),(75,19729),(76,27345),(77,5295),(78,31645),(80,13124),(81,2292),(83,28029),(87,32827),(89,16733),(90,13413),(91,25397),(92,37137)]	121.096244
263	[(1,33632),(2,16085),(6,35950),(7,34341),(9,8072),(11,12579),(12,18577),(14,10238),(16,1713),(17,1997),(18,28896),(21,35174),(22,23886),(23,6727),(25,20995),(30,28048),(31,31999),(33,19134),(34,4266),(36,33032),(38,15926),(39,4958),(40,32586),(41,35941),(42,10157),(43,21553),(44,28882),(45,24750),(46,28206),(47,22003),(48,1272),(51,15751),(52,13804),(53,20064),(54,15632),(55,28426),(56,5775),(57,688),(59,27720),(60,22912),(61,3468),(63,18169),(64,30541),(65,11581),(66,30146),(67,34123),(68,24207),(69,6754),(71,16527),(72,2230),(76,16210),(77,36784),(78,17910),(80,13087),(81,23430),(82,25223),(83,5412),(86,5903),(89,12048),(90,11340),(91,11775),(92,15639)]	128.913816
264	[(2,15859),(4,22661),(6,17144),(8,24305),(10,10750),(12,4986),(15,25131),(16,16966),(17,17862),(18,25511),(22,16080),(23,29942),(25,27481),(29,2091),(30,6426),(31,9042),(33,2821),(34,16687),(35,17222),(36,17627),(37,2110),(38,36715),(40,36297),(42,1093),(46,2038),(48,22424),(49,16200),(51,19849),(52,37418),(53,34330),(55,24403),(56,3941),(58,30730),(61,35757),(62,28057),(68,2189),(69,31635),(71,19689),(73,35441),(75,10164),(78,26920),(79,10824),(80,6886),(81,31376),(82,7875),(83,2508),(84,19030),(86,23503),(88,5553),(92,12718)]	113.813564
265	[(1,4938),(2,15052),(3,24136),(5,15154),(6,15587),(7,17456),(9,29700),(10,31946),(12,20083),(13,20125),(15,16613),(16,19344),(18,34797),(19,10429),(20,4161),(21,11032),(25,24726),(26,12827),(28,20149),(30,27076),(34,19843),(35,29462),(36,30208),(38,9077),(39,147),(40,12142),(42,1083),(43,6218),(44,16083),(45,21729),(47,14254),(48,27991),(49,21814),(50,30231),(51,12900),(52,533),(53,23794),(55,4819),(57,17486),(59,10380),(63,22888),(64,4851),(65,30235),(68,26222),(69,31077),(70,12262),(72,24072),(73,29448),(74,33516),(78,22870),(80,29753),(81,22916),(82,17930),(83,2779),(88,27897),(89,23817),(90,3403),(91,7465),(92,8017)]	114.614768
266	[(0,11954),(3,7757),(4,23763),(5,23686),(6,37320),(8,32701),(9,32536),(12,19098),(13,30303),(14,5606),(15,23220),(16,33501),(21,25431),(22,15256),(23,5753),(27,7628),(30,36512),(34,25545),(36,33080),(37,21224),(38,36173),(39,21415),(41,14965),(42,11670),(44,25125),(45,17505),(46,25265),(47,20452),(50,801),(51,5363),(58,11941),(61,1354),(62,17779),(63,17780),(65,12151),(68,28748),(70,2779),(71,17954),(72,36335),(74,7105),(75,7239),(79,3922),(81,14302),(82,33399),(83,11485),(84,442),(86,6864),(87,35959),(89,15334),(90,6761),(92,27555)]	111.061681
267	[(0,6846),(2,23368),(3,2221),(5,20344),(6,22402),(8,24610),(10,17584),(11,30454),(13,31353),(14,32220),(15,3570),(17,522),(20,2072),(21,30505),(22,34336),(26,7109),(28,14431),(30,13708),(31,4850),(34,7347),(35,25430),(37,11597),(38,30667),(41,22211),(42,4860),(43,3692),(45,36478),(46,32331),(48,20369),(49,19735),(51,3298),(53,31697),(54,2915),(56,34975),(57,31413),(58,36407),(60,6927),(61,30627),(62,22688),(63,13310),(68,289),(69,33769),(73,11975),(75,26687),(76,10892),(77,7785),(78,8671),(79,24071),(82,18594),(83,26380),(86,32042),(88,32866),(89,35318)]	113.134812
268	[(0,35576),(2,21736),(5,4604),(8,4938),(9,12905),(10,36668),(11,4740),(13,18726),(15,34439),(18,29574),(19,8616),(21,3672),(23,29669),(24,13242),(29,27217),(30,26690),(31,21174),(33,35979),(34,19408),(35,2773),(36,34113),(37,7329),(38,14351),(39,35979),(40,32392),(42,3563),(46,13789),(47,19277),(48,35084),(50,24715),(52,18179),(53,36423),(54,29274),(55,34039),(58,25263),(61,8442),(64,19984),(65,16934),(66,22676),(68,11754),(69,20258),(70,34049),(72,18061),(74,4552),(75,4271),(76,23669),(78,19073),(79,16918),(81,20526),(82,10112),(84,28326),(86,16597),(88,23678),(89,7401)]	146.759108
269	[(0,7761),(1,32038),(5,32203),(6,9701),(8,13412),(9,10794),(10,6280),(14,34303),(15,24595),(16,17356),(19,11536),(20,20951),(23,23025),(27,29711),(28,30728),(29,2123),(31,30820),(32,24178),(34,4050),(36,34991),(37,10484),(38,3552),(40,25262),(41,5736),(43,59),(47,32766),(49,9211),(50,19099),(52,12309),(55,10389),(57,10679),(59,10779),(62,20504),(63,19207),(64,14833),(66,26076),(67,22747),(69,7382),(71,3087),(73,33207),(77,8665),(80,5458),(81,8586),(82,31109),(83,5027),(86,8996),(87,18529),(88,18127),(92,11335)]	110.832827
270	[(0,31488),(2,28935),(6,3342),(10,37589),(11,15621),(12,32956),(15,16463),(16,7259),(17,9510),(19,37506),(20,30702),(21,29791),(22,29360),(26,861),(30,4393),(31,19631),(32,3839),(33,32381),(35,17415),(36,6224),(37,13862),(38,24238),(39,6655),(40,24598),(42,29645),(44,21090),(45,34950),(47,27957),(49,2655),(52,36008),(53,4167),(56,28765),(59,16109),(60,27464),(61,14373),(62,2472),(66,32616),(68,34589),(69,2599),(70,9397),(71,9846),(72,7807),(73,35979),(74,32392),(75,20818),(77,6295),(82,13173),(85,21786),(87,204),(88,16237)]	113.549500
271	[(0,3641),(1,9867),(3,31313),(4,9270),(5,949),(8,5554),(10,7000),(13,7430),(14,14199),(16,23803),(19,37063),(20,727),(21,19956),(23,20785),(25,18951),(26,18449),(27,35221),(28,36971),(29,18650),(30,9634),(31,35247),(32,4127),(34,12591),(35,36928),(36,30719),(37,34463),(38,26832),(41,25054),(42,15336),(43,14391),(44,19348),(46,24857),(48,12266),(52,16122),(53,10333),(54,32545),(57,26817),(58,5204),(61,23806),(62,34862),(63,7725),(65,36844),(66,33745),(68,21090),(71,13843),(73,10140),(75,29703),(77,14003),(79,29738),(80,11928),(81,23788),(83,13203),(84,20404),(85,22364),(86,6522),(87,1529),(88,23153),(89,10511),(90,11334),(91,27279),(92,30167)]	118.137676
272	[(0,2426),(2,14676),(3,17864),(7,19597),(8,32811),(9,36780),(11,14749),(12,25103),(13,23221),(14,12798),(15,35921),(16,469),(17,5531),(18,16196),(20,34388),(21,8586),(22,12208),(23,26060),(24,20056),(25,28506),(27,28830),(29,29916),(33,11534),(37,29086),(38,32457),(39,36610),(40,28591),(41,32417),(43,21280),(44,27384),(48,7653),(51,17689),(52,13746),(53,37035),(56,31790),(57,37234),(58,34007),(60,2381),(62,19501),(63,11563),(64,28001),(65,15535),(66,29647),(67,22922),(70,12931),(71,23741),(72,2056),(73,7687),(75,16931),(77,3203),(78,12285),(79,4056),(83,2778),(85,21371),(89,26459),(91,35700),(92,19852)]	116.760312
273	[(0,35231),(1,3782),(2,964),(3,28229),(4,23901),(5,23003),(12,20342),(13,17238),(14,23606),(18,7173),(19,1466),(20,749),(23,23317),(25,19843),(26,25574),(28,8797),(29,15236),(30,1565),(31,1297),(34,35262),(35,9035),(40,34484),(46,13222),(47,33312),(52,1195),(53,9768),(54,12512),(56,33362),(58,5292),(59,32228),(60,17940),(65,18321),(66,34370),(71,1399),(76,27295),(77,31257),(78,26380),(79,18473),(81,13071),(82,25041),(83,24903),(85,8464),(86,25940),(87,33113)]	110.013525
274	[(0,14925),(1,31163),(2,5111),(5,8088),(8,13270),(9,32861),(10,15049),(14,31449),(15,19257),(16,8852),(17,25471),(19,23651),(20,32150),(22,29609),(23,26946),(25,3348),(26,33351),(27,10857),(28,30383),(30,22702),(31,33248),(33,8356),(34,11209),(35,35543),(36,25992),(39,17811),(43,9643),(44,23982),(46,35011),(49,6892),(52,35325),(53,35346),(56,21388),(57,16905),(58,1522),(61,25663),(63,30878),(64,31284),(66,34069),(70,20030),(73,36578),(74,33214),(75,1136),(76,15930),(77,23809),(78,22404),(79,23434),(82,32770),(89,19883),(91,32994)]	108.837218
275	[(1,21434),(3,23122),(5,10006),(7,3029),(9,23189),(10,12112),(14,16565),(15,6011),(16,37295),(17,9856),(18,21073),(19,4263),(20,2820),(23,32725),(24,19667),(25,29167),(27,28932),(30,26160),(35,30752),(38,22739),(39,31726),(45,30580),(46,18367),(47,35511),(48,25541),(49,26236),(52,6845),(55,7049),(56,30756),(57,9693),(58,30573),(65,33269),(66,21883),(69,31448),(70,9534),(71,28834),(75,992),(76,17996),(77,26438),(78,18190),(79,12901),(80,15446),(81,30487),(82,31006),(84,9747),(87,8153),(90,27138),(92,14871)]	107.732955
276	[(2,28101),(4,35621),(5,1109),(6,31141),(7,18651),(8,35717),(10,2285),(11,16404),(13,14742),(14,800),(16,30534),(19,8655),(20,2581),(25,33825),(27,4821),(28,6143),(29,15142),(30,37212),(31,23067),(33,25817),(34,17836),(35,428),(37,24148),(39,29787),(42,22613),(43,4213),(47,27526),(50,10788),(51,21890),(52,11363),(58,25436),(60,1727),(62,7255),(63,1192),(65,17044),(66,9161),(73,36995),(75,22874),(76,9991),(77,35824),(78,4379),(79,12303),(80,2877),(82,6181),(83,31536),(87,12044),(89,20393),(90,8299),(92,2543)]	117.817786
277	[(1,19530),(3,17423),(5,20571),(6,27183),(9,36837),(10,29932),(11,20274),(12,24692),(15,21041),(16,7885),(17,13667),(18,9657),(19,35177),(20,16644),(21,10066),(22,28742),(23,20823),(25,13445),(28,1143),(33,17385),(35,2078),(38,6005),(39,11957),(40,10333),(41,16719),(43,10363),(44,2649),(46,7871),(47,26733),(50,9918),(51,6676),(52,33394),(53,6798),(54,33179),(56,12224),(57,28290),(60,12197),(61,15659),(62,20012),(63,2432),(64,9756),(69,24498),(70,33012),(71,35012),(72,15977),(73,14717),(74,26290),(76,6375),(80,31188),(81,37222),(82,25771),(85,6065),(89,36907)]	132.723955
278	[(2,22197),(3,3323),(6,32882),(7,30562),(8,1789),(10,28741),(14,23262),(15,36008),(18,28481),(20,24050),(23,29009),(25,36061),(26,34867),(28,20034),(30,30531),(31,135),(32,2488),(34,19023),(35,15128),(36,32758),(38,18980),(39,1822),(40,35176),(42,5500),(43,11733),(44,8054),(47,14177),(49,8686),(50,36869),(51,37286),(52,31113),(53,19351),(56,13558),(57,23010),(58,12291),(59,21405),(60,34946),(61,1038),(63,26461),(65,19540),(68,16476),(69,34395),(75,6830),(76,9014),(78,13034),(79,82),(81,30005),(82,34841),(83,1764),(86,31099),(88,16765),(89,26519),(90,7223),(91,11979)]	113.937660
279	[(1,34508),(3,11123),(4,16997),(5,17819),(6,28153),(7,11915),(8,37166),(10,21453),(13,2916),(16,15016),(18,1132),(23,7692),(26,29208),(27,5131),(28,11695),(29,29383),(30,17964),(31,18824),(34,29028),(35,8819),(37,36906),(38,3014),(39,31043),(40,17582),(42,32935),(47,35634),(48,25423),(49,1226),(50,25763),(51,29962),(52,28819),(58,26850),(60,2112),(61,8624),(62,2974),(63,10249),(64,25107),(66,12933),(67,18197),(68,13303),(69,31735),(70,9568),(75,35132),(77,4513),(80,1945),(81,14832),(82,15088),(83,13894),(85,22903),(86,163),(89,25075),(92,14922)]	114.133122
280	[(2,31754),(4,16149),(7,23880),(9,1255),(10,18606),(13,31513),(15,15926),(16,4958),(17,11963),(18,23658),(19,31907),(20,24227),(23,32161),(24,29629),(25,12432),(26,15527),(27,35597),(28,6770),(30,5748),(31,12897),(32,8460),(33,25242),(34,34061),(37,20250),(38,21139),(39,8751),(40,22057),(41,9128),(44,9255),(48,2462),(49,14819),(51,13238),(52,30477),(53,19701),(54,36229),(55,14731),(56,8199),(59,3274),(61,20433),(63,2161),(65,26854),(68,13222),(71,14579),(74,11103),(75,23175),(76,22677),(78,13253),(80,28235),(83,28035),(84,3331),(85,31327),(87,18316),(88,37399),(89,26702),(90,11225),(91,1475),(92,33907)]	114.738593
281	[(0,4441),(2,35217),(3,1033),(7,5529),(8,10138),(12,15110),(13,27834),(14,18273),(17,4679),(18,16227),(19,10116),(20,33930),(21,3763),(22,35866),(23,438),(25,12382),(26,29360),(28,12168),(29,2822),(30,31772),(31,18657),(32,760),(34,8098),(35,29819),(36,24915),(37,1871),(39,13785),(43,36463),(45,8991),(46,841),(47,18614),(50,27772),(52,2444),(53,21209),(54,23682),(55,12560),(58,394),(60,11485),(61,442),(65,36894),(67,36748),(68,1743),(69,8205),(71,36884),(72,15766),(73,10308),(74,2597),(75,22291),(77,12424),(78,26366),(80,29131),(82,14665),(83,7199),(84,22172),(85,19973),(89,25873),(90,7377),(91,33170)]	115.734615
282	[(0,14747),(1,33763),(3,35512),(4,12259),(7,5865),(9,842),(10,13277),(13,20405),(14,19388),(15,13402),(16,15640),(17,15906),(18,946),(20,18534),(22,4179),(24,8203),(25,29137),(27,20991),(28,20915),(29,22334),(31,36940),(32,33555),(37,18953),(39,848),(42,36936),(43,24297),(44,1787),(46,31563),(47,17438),(48,5808),(52,18554),(54,30390),(56,13064),(57,22394),(58,4876),(59,17046),(61,15347),(62,8664),(65,11212),(66,9209),(67,36974),(70,18736),(71,8267),(73,33431),(76,5074),(79,34001),(80,2309),(81,27216),(82,1891),(85,25307),(86,401),(87,28689),(90,17749),(91,21028),(92,21288)]	112.449040
283	[(4,16884),(5,3756),(8,25267),(9,30913),(11,5940),(14,37550),(15,24753),(16,25009),(21,33187),(22,6307),(23,36007),(24,21670),(25,9378),(28,19096),(30,7431),(32,34900),(33,35338),(34,29059),(35,16720),(38,23239),(40,14351),(41,16183),(42,8945),(43,415),(44,4887),(45,11493),(46,1939),(47,21081),(48,35997),(49,6078),(50,26358),(51,3501),(52,8605),(53,20354),(55,21790),(56,19708),(58,21739),(62,12439),(64,32864),(65,4161),(70,10607),(73,35668),(74,13180),(75,22894),(77,16574),(78,447),(80,12999),(83,19019),(84,21129),(85,24386),(88,11608),(89,7535),(90,7970)]	108.326984
284	[(1,15721),(5,21778),(6,29878),(7,19308),(9,10222),(14,6557),(15,14879),(19,8692),(21,12762),(22,6031),(23,11863),(25,35700),(26,33238),(28,12001),(29,36120),(30,10747),(34,287),(35,24737),(36,5966),(37,1312),(38,27136),(39,36854),(41,32057),(42,37057),(44,20337),(47,25183),(49,1587),(52,31162),(53,15185),(54,33331),(55,35389),(56,20977),(58,18247),(59,12221),(60,3158),(62,17291),(65,27555),(66,14698),(67,11340),(69,650),(70,26532),(74,9007),(76,21121),(77,13554),(81,19790),(82,16971),(86,1530),(87,18143),(89,36412),(90,21596),(92,22652)]	108.093963
285	[(1,35467),(2,32132),(3,22388),(4,36820),(7,31688),(10,3912),(11,37599),(13,11397),(14,19043),(15,3671),(16,4069),(17,25068),(18,11069),(19,17311),(20,34577),(21,18656),(22,32900),(25,3964),(26,28201),(27,33614),(28,558),(29,36885),(30,23771),(31,21773),(34,3700),(35,24912),(36,8193),(40,20572),(43,17775),(45,33829),(47,299),(48,19392),(49,4450),(50,33274),(53,23245),(54,2933),(58,25864),(60,1801),(61,1824),(63,23111),(64,7395),(67,36988),(68,34840),(71,21747),(72,34068),(80,34357),(81,30102),(82,19794),(83,35225),(84,32305),(87,6930),(88,14844),(89,21862),(90,12065)]	112.692656
286	[(1,10647),(6,26938),(7,33929),(9,26174),(11,7878),(12,6008),(14,25253),(18,5477),(20,6726),(23,12873),(24,36220),(28,33097),(29,27377),(30,27810),(31,33339),(32,11723),(33,5161),(34,8814),(36,31124),(37,32277),(40,30878),(41,31284),(42,28301),(43,7355),(44,773),(46,27951),(49,4972),(50,17491),(51,2487),(53,26303),(54,13457),(56,15814),(57,28866),(58,14104),(59,17711),(62,5324),(63,14268),(66,12283),(69,16699),(72,11469),(73,20543),(75,36219),(77,22217),(78,6493),(81,26330),(82,31338),(83,14566),(84,8397),(85,4129),(86,903),(87,9732),(88,15536),(89,28175),(90,8024),(92,6713)]	130.180127
287	[(1,2641),(6,698),(8,3122),(9,461),(10,4622),(13,7184),(14,12129),(16,20480),(18,35811),(19,14496),(20,21044),(21,22221),(22,9110),(23,23456),(24,8181),(25,4568),(26,12044),(30,37118),(31,36984),(32,7536),(35,8505),(36,14484),(37,29785),(38,15987),(39,29346),(40,30515),(41,11400),(42,36151),(43,2071),(44,20927),(45,4241),(47,10386),(48,36028),(50,33642),(51,141),(52,34018),(53,10992),(54,34470),(56,31840),(58,29767),(60,795),(61,12389),(65,20334),(66,10945),(67,25047),(68,16924),(69,14112),(70,30090),(71,17192),(72,20539),(73,26577),(74,29787),(77,8892),(78,35985),(79,21895),(81,23399),(82,24270),(83,37225),(85,19682),(86,20732),(87,25594),(89,31824),(92,1643)]	110.371730
288	[(0,18139),(1,344),(2,18588),(3,36261),(5,2036),(6,26422),(7,14194),(10,1040),(11,30616),(13,18339),(15,19933),(16,13316),(17,5760),(18,8387),(20,31235),(25,33362),(26,18480),(27,36765),(28,28389),(29,31808),(31,21884),(33,22627),(34,28120),(36,12720),(37,28456),(38,27125),(40,18642),(41,8439),(42,3961),(44,33229),(45,1348),(46,27728),(49,11852),(50,9078),(53,21288),(55,35054),(59,14163),(63,34694),(64,37206),(65,36654),(66,24166),(68,26347),(70,12738),(72,6103),(77,11725),(78,22318),(79,26993),(84,26394),(85,23757),(88,5458),(89,8450),(91,31046),(92,324)]	108.768886
289	[(0,13153),(3,33001),(5,30385),(6,16764),(7,5385),(8,35773),(9,23744),(10,15716),(11,31776),(12,19190),(13,16991),(17,5972),(18,1254),(19,30083),(20,22032),(21,1380),(22,7557),(23,27320),(24,33601),(25,26290),(26,26232),(27,25792),(31,16641),(34,24984),(39,1295),(40,32990),(41,19663),(42,1934),(44,13488),(45,5040),(49,31965),(50,15927),(52,1460),(54,30452),(55,13354),(57,25873),(58,36153),(59,1859),(60,29481),(61,20213),(64,27259),(66,10207),(67,16083),(68,21729),(69,9602),(71,9198),(72,25178),(73,7693),(77,5512),(79,37159),(80,24042),(81,33773),(82,896),(86,21479),(87,3254),(88,11886),(89,13208),(90,21707),(91,31436),(92,13617)]	107.820288
290	[(0,8800),(1,18305),(3,17330),(4,36659),(5,16953),(7,11696),(11,30229),(13,366),(15,4967),(16,27100),(18,25131),(19,2579),(23,16550),(28,14478),(32,14918),(34,11606),(38,27184),(39,417),(42,12917),(43,34450),(44,35211),(45,37101),(47,31029),(50,37116),(51,32274),(52,4796),(54,33249),(55,20679),(57,23411),(58,26410),(61,1055),(63,17733),(64,14730),(65,17609),(67,18405),(68,26842),(71,4676),(72,9720),(76,33521),(78,6212),(83,16118),(85,34478),(86,32179),(88,14254),(91,27022)]	109.589162
291	[(0,31307),(1,7266),(3,36247),(4,35659),(5,12661),(6,25775),(10,34082),(11,16823),(14,15284),(15,9172),(17,17379),(19,37001),(21,13924),(23,18016),(24,20774),(25,17968),(27,17421),(29,4218),(32,8687),(33,32614),(35,23448),(36,35298),(37,28167),(38,20195),(40,8535),(41,1910),(44,28711),(45,32140),(46,31196),(48,32437),(49,13506),(51,4672),(52,3675),(53,1350),(55,24265),(57,16888),(58,2419),(59,31368),(60,20811),(61,29016),(63,15355),(64,22785),(66,6705),(69,18702),(71,20525),(72,8451),(73,6790),(74,26375),(75,12437),(77,4711),(78,29642),(81,2503),(83,5840),(88,35022),(92,11896)]	110.525754
292	[(0,13640),(3,20950),(4,25230),(6,11266),(9,34615),(11,2400),(12,16803),(14,10028),(18,6744),(19,32998),(20,30038),(25,32195),(26,13756),(28,31765),(30,1753),(32,35747),(34,22068),(35,11299),(36,11263),(38,2601),(41,17489),(42,23242),(45,32276),(46,9217),(47,9393),(48,18911),(50,2223),(53,27518),(54,18783),(55,27035),(57,11399),(58,3865),(61,22964),(65,12798),(66,35921),(67,25703),(68,14253),(69,4195),(70,4011),(71,28526),(73,33796),(74,19630),(76,32952),(77,13357),(78,6922),(82,24166),(85,32542),(87,21003),(90,645),(91,13450),(92,24627)]	108.047601
293	[(0,9695),(2,31137),(4,12370),(6,14234),(7,3160),(8,8008),(12,14899),(13,31345),(19,12958),(20,5570),(21,30710),(22,27155),(23,16134),(27,29131),(28,27102),(29,20295),(31,15454),(32,3852),(35,29936),(37,27717),(38,22577),(39,30846),(40,27850),(42,34351),(43,28560),(44,10905),(47,21940),(48,23495),(52,14045),(55,37035),(59,1598),(60,37419),(61,11559),(62,14564),(63,15380),(64,17364),(70,19598),(71,14128),(72,21406),(74,35921),(76,32692),(77,36414),(78,34800),(81,5487),(82,36951),(83,27697),(84,2418),(86,35974),(87,34659),(88,16973),(92,26057)]	221.605207
294	[(2,15541),(3,36089),(4,30587),(5,3731),(6,27020),(7,20202),(9,32701),(10,29656),(13,24377),(15,3745),(18,30007),(19,24520),(20,29435),(21,21934),(22,28694),(24,10664),(26,24064),(27,12503),(29,6815),(31,14992),(32,30502),(33,24728),(36,9326),(39,5852),(42,21988),(45,8846),(46,20292),(48,23133),(49,24707),(51,27825),(52,15822),(54,23003),(55,37363),(56,13020),(57,28280),(58,438),(59,13726),(61,35186),(62,31580),(64,9805),(65,5504),(69,17677),(70,33609),(72,16652),(73,9637),(76,25103),(77,17863),(78,11923),(79,25326),(80,1358),(81,17798),(82,18182),(83,7548),(84,6085),(85,32905),(87,22247),(88,3848),(89,35993),(91,15519)]	245.682405
295	[(0,4184),(2,20377),(3,3172),(5,22435),(9,920),(11,14559),(12,30491),(13,26042),(15,9403),(16,8179),(17,28129),(19,22553),(20,26333),(22,27775),(26,1607),(28,30844),(30,21203),(31,1108),(34,5377),(35,23572),(36,32424),(38,2639),(39,3452),(41,29652),(43,20586),(44,12332),(45,2422),(46,31102),(47,20534),(49,9436),(50,29949),(52,28318),(54,1769),(55,34351),(56,2382),(57,6020),(58,4428),(59,35811),(60,2358),(61,33367),(65,26018),(67,14136),(69,31196),(70,25030),(71,27381),(74,27785),(75,28982),(76,28745),(79,1485),(80,6075),(82,36306),(85,14176),(89,3935),(90,21043),(91,19277),(92,4649)]	229.724132
296	[(2,33566),(7,35226),(11,14549),(13,5014),(15,7182),(17,19816),(19,7479),(23,34883),(25,20555),(26,21883),(28,15097),(29,1877),(30,18533),(36,16280),(37,14851),(38,34550),(39,28841),(42,10746),(43,14418),(45,24734),(46,28522),(47,34357),(48,11989),(49,23819),(51,32442),(52,30624),(53,430),(55,6006),(58,33688),(59,9043),(60,4974),(62,32636),(65,6454),(66,15295),(67,8177),(68,23859),(72,21118),(73,35548),(74,17973),(75,14138),(77,11264),(82,23666),(85,2394),(86,27441),(88,31734),(89,6663),(91,36190),(92,21131)]	238.628946
297	[(0,5859),(2,14535),(4,24406),(6,32155),(12,32866),(15,20011),(17,11664),(18,32343),(19,6883),(21,5941),(22,23760),(23,26992),(29,13861),(31,17927),(32,4425),(33,100),(36,36551),(38,15117),(40,17999),(41,35080),(43,19496),(44,14345),(47,15065),(48,17230),(49,5012),(50,2549),(52,33815),(53,3523),(54,15263),(55,15099),(57,18750),(58,15306),(59,17130),(61,11742),(62,22863),(64,24064),(66,21890),(68,2797),(70,34191),(71,14671),(72,19999),(75,11499),(78,20353),(80,3434),(81,31606),(82,27089),(88,35588),(91,27342),(92,19506)]	235.627710
298	[(0,8575),(1,24990),(4,5336),(8,7285),(9,3002),(13,7558),(14,35791),(15,16204),(16,14935),(18,24937),(19,36891),(20,5615),(22,29502),(23,17796),(27,35298),(28,37232),(29,300),(30,5267),(35,15051),(37,34091),(39,5768),(40,10004),(41,36620),(43,2132),(44,37433),(45,28453),(46,5889),(47,30015),(48,18393),(49,18569),(50,16402),(52,14690),(56,23738),(58,7633),(59,25624),(60,15596),(63,20848),(66,11925),(67,603),(68,6775),(71,26217),(73,17511),(76,20453),(77,391),(79,12502),(80,8595),(81,23537),(82,21279),(83,2342),(85,5825),(87,19143),(88,36456),(89,27435),(90,24535),(91,28883),(92,7306)]	248.841499
299	[(0,13648),(2,8416),(3,16746),(4,26607),(9,20936),(11,11008),(12,29802),(13,21497),(14,25100),(15,9230),(17,32529),(20,21485),(22,1556),(23,10991),(24,24525),(25,7059),(27,21309),(28,24879),(30,11622),(31,20441),(35,32703),(36,2730),(37,4308),(38,19487),(41,17446),(43,22672),(44,31527),(45,33449),(47,19034),(50,7774),(51,5306),(52,2194),(53,24498),(54,29039),(57,25796),(58,32412),(59,18208),(61,23354),(63,25498),(65,27888),(67,5151),(68,21514),(69,22645),(72,35992),(75,13289),(76,2215),(77,16361),(78,6120),(79,392),(81,18674),(82,30034),(86,11297),(87,37409),(89,6218),(90,16083),(91,21729)]	250.572198
300	[(0,21866),(1,1209),(4,33218),(5,37345),(6,36977),(7,19965),(8,7077),(9,27828),(10,21342),(13,33623),(14,33035),(15,8424),(16,15164),(19,30443),(20,16301),(21,15610),(23,202),(24,18708),(26,34070),(27,22473),(28,7445),(29,10168),(30,26569),(31,14869),(32,28299),(33,13073),(34,28139),(35,6769),(36,32890),(40,8813),(42,24082),(43,16637),(44,25420),(45,279),(46,12529),(47,16847),(49,29544),(50,21284),(51,29147),(55,35143),(56,23661),(57,36787),(58,6028),(59,29813),(61,13970),(65,29960),(67,17207),(68,19974),(69,6577),(71,34636),(72,30605),(76,12131),(78,448),(81,33011),(82,11442),(84,23793),(89,11089),(91,11870),(92,2699)]	242.171121
301	[(0,12271),(2,16285),(8,16424),(9,21618),(12,34244),(14,19137),(15,36761),(16,36284),(18,14584),(21,16350),(22,29024),(25,37128),(26,14673),(27,35498),(31,24662),(32,10787),(33,33058),(34,16655),(35,35147),(36,36364),(37,28732),(39,27587),(40,6082),(41,7746),(42,24495),(43,17133),(48,36968),(50,3747),(51,32628),(52,4660),(53,22157),(54,37592),(55,30196),(57,6928),(60,1037),(61,15728),(62,6086),(63,8737),(65,35725),(67,21491),(69,8380),(71,9658),(73,24488),(75,601),(76,30986),(77,22194),(78,856),(79,13768),(81,30220),(84,28594),(89,30656),(90,9237),(92,37517)]	245.307047
302	[(1,22488),(3,21888),(5,13009),(6,8571),(8,19786),(11,7471),(12,30180),(13,8018),(16,26413),(18,202),(19,30295),(20,19444),(21,27551),(22,28715),(26,36519),(29,21693),(30,14321),(31,6912),(32,29099),(33,7914),(34,19304),(35,28620),(38,24488),(39,25377),(43,30706),(44,13797),(46,5154),(47,11344),(49,32802),(50,27375),(51,12619),(52,27037),(54,12961),(56,12663),(57,13263),(58,19931),(59,8933),(61,35747),(62,25063),(65,19285),(66,13399),(67,22521),(70,4275),(72,14167),(73,5714),(74,31125),(76,6084),(77,35894),(79,36904),(80,15356),(82,19578),(83,32357),(84,1088),(86,17186),(87,11362),(88,22778),(89,4409)]	256.770846
303	[(1,6653),(2,2480),(3,14761),(8,9140),(9,20926),(10,8463),(13,3140),(14,18923),(15,27441),(16,8704),(17,20314),(18,15201),(20,19065),(22,16722),(23,7225),(24,5120),(28,443),(30,8014),(32,22858),(35,10113),(36,4532),(37,19044),(38,24950),(40,13892),(41,6616),(42,7079),(43,34469),(44,29532),(45,33470),(46,12534),(47,4889),(48,8340),(49,25932),(50,34460),(51,32967),(53,5490),(55,34438),(57,18558),(58,32745),(59,18438),(61,23323),(63,36258),(64,15433),(67,20737),(68,34133),(71,16691),(72,20281),(73,5481),(75,22314),(77,32427),(78,21186),(82,36264),(83,194),(84,5269),(85,4376),(92,23088)]	264.366014
304	[(0,8055),(1,24697),(2,3264),(4,19802),(5,27171),(8,31361),(9,19478),(10,21921),(11,19910),(14,11446),(15,32584),(17,25474),(18,27875),(19,19194),(20,17504),(21,14690),(25,18177),(29,7250),(30,2819),(32,27444),(33,30681),(35,3250),(39,20311),(40,27976),(43,5821),(44,11206),(47,15636),(50,33302),(51,3343),(54,35324),(62,25782),(64,2420),(69,6857),(70,28682),(71,3779),(72,37066),(73,26380),(74,18473),(76,33888),(77,10369),(80,23011),(81,22536),(84,29953),(88,8820),(89,6787),(91,27787)]	239.622976
305	[(0,10177),(1,27769),(3,32915),(4,22337),(6,18974),(7,36752),(8,8284),(13,887),(18,22672),(19,6473),(25,35675),(28,37036),(29,6265),(30,34698),(31,33369),(34,29240),(35,5426),(38,446),(39,31733),(40,24979),(41,13758),(42,33044),(43,32659),(44,5365),(49,18247),(51,3990),(52,17822),(53,6705),(54,22214),(56,4080),(58,21223),(59,34699),(60,30839),(62,15721),(63,25599),(65,27051),(66,454),(68,2896),(70,36696),(73,17593),(74,15041),(75,28922),(76,28546),(77,19178),(78,36955),(80,10517),(83,8456),(84,24662),(85,279),(86,29706),(88,21424),(89,36010),(90,19008)]	249.148463
306	[(2,23501),(4,15806),(5,30613),(9,36284),(13,13454),(15,13890),(17,22788),(18,29956),(19,14968),(21,24059),(22,25435),(24,24548),(25,19329),(26,10253),(27,23331),(30,24404),(31,238),(33,17483),(34,25067),(36,14684),(37,24061),(39,29224),(40,2087),(41,35505),(43,12715),(49,4041),(50,31187),(51,27549),(52,3024),(53,33003),(54,19514),(55,16005),(56,6228),(58,24975),(59,16269),(60,13468),(66,31892),(67,24214),(69,35732),(73,18257),(75,662),(77,29484),(78,36967),(79,16892),(80,1229),(83,36359),(84,26515),(85,32393),(86,6134),(87,7024),(91,28658),(92,32097)]	248.499056
307	[(1,3349),(2,8172),(4,15507),(5,18838),(6,10803),(7,35860),(8,22479),(9,35575),(10,39),(13,29043),(14,18881),(17,33098),(18,20476),(19,17435),(20,30179),(21,33656),(22,20931),(23,23264),(25,611),(26,869),(27,5939),(35,2138),(36,3616),(37,29818),(38,27573),(39,21092),(40,27262),(41,25352),(42,4363),(44,1219),(46,21853),(47,2459),(48,9441),(51,1241),(52,13927),(53,7631),(54,21859),(56,5349),(57,30381),(58,8402),(61,28107),(63,35630),(64,2948),(65,4825),(66,22523),(70,17610),(71,33343),(74,33119),(75,4066),(77,10280),(79,3413),(80,33253),(81,6606),(82,6690),(83,32376),(84,17860),(85,22253),(87,29064),(91,36556)]	237.777524
308	[(3,20776),(4,12689),(5,32886),(8,2381),(9,19590),(10,28366),(11,6129),(12,8333),(13,17654),(15,33357),(18,3913),(19,35465),(20,24374),(22,34275),(25,16155),(26,19305),(28,16354),(29,8403),(30,7071),(31,31707),(32,1989),(34,10352),(37,34716),(38,22316),(41,32718),(42,17804),(43,31350),(44,9815),(45,23120),(47,9491),(48,24283),(49,3647),(54,1018),(55,4820),(56,18964),(59,13890),(61,22788),(62,29956),(63,14968),(65,24059),(67,3594),(70,3874),(71,30628),(72,15197),(73,28755),(74,27708),(75,33380),(77,8305),(81,34507),(82,35077),(86,26824),(87,35307),(89,18457)]	113.961382
309	[(0,7609),(2,14320),(5,27205),(7,23095),(8,9392),(9,24450),(11,27207),(12,36819),(14,26794),(15,20752),(16,14582),(17,17590),(18,32438),(19,14611),(22,30988),(23,7774),(24,5306),(25,2194),(26,37337),(27,5345),(29,36750),(30,26067),(31,32714),(32,7329),(34,301),(35,1136),(39,37259),(41,32929),(42,29644),(44,31709),(45,35848),(46,14134),(47,24708),(48,11659),(50,32785),(51,19626),(52,14030),(56,32785),(58,11458),(60,21097),(64,15867),(65,21807),(67,21627),(68,34891),(69,12969),(70,24846),(75,19069),(76,4762),(77,34030),(79,812),(83,24571),(85,21410),(88,29769),(89,25000),(91,24688)]	108.820238
310	[(0,4522),(2,26050),(3,13179),(4,25479),(5,26840),(8,36674),(9,11227),(10,8555),(11,27849),(12,4315),(14,11757),(15,31785),(17,7529),(19,17022),(20,25457),(21,4610),(23,24986),(24,37398),(25,26232),(26,25792),(27,2989),(29,2820),(31,11204),(34,21472),(35,1720),(40,23501),(42,34263),(43,25805),(45,34095),(47,11109),(48,8008),(49,18347),(50,21754),(55,5934),(56,1271),(58,7746),(61,31808),(64,31513),(65,3104),(66,20570),(70,31277),(71,25212),(72,21493),(75,7336),(76,7129),(78,25873),(79,36153),(80,9061),(82,13411),(83,10423),(84,28583),(86,10679),(87,19282),(88,13087),(89,23430),(92,9203)]	109.298806
311	[(4,36731),(5,21072),(6,2321),(7,4518),(9,19984),(10,16934),(11,19636),(17,17576),(20,14608),(23,35756),(24,9371),(26,34637),(27,36471),(29,35957),(30,27773),(31,23096),(32,2728),(33,11838),(35,4553),(36,19254),(37,11848),(39,22959),(40,11854),(43,23037),(45,1011),(48,16833),(49,35375),(50,28378),(51,8188),(53,33945),(56,16414),(57,24173),(59,28096),(60,21674),(64,9420),(68,22727),(69,8000),(70,31000),(74,377),(75,12480),(76,17852),(77,33730),(81,28914),(82,3321),(83,23251),(86,37172),(87,1036),(88,7994),(89,1966),(90,36078),(91,28962)]	104.906515
312	[(0,30452),(1,28539),(6,36325),(8,25211),(9,30338),(10,34758),(11,19096),(12,13352),(13,21875),(17,26625),(18,36328),(19,32499),(20,9671),(22,26625),(23,13742),(24,5716),(25,11760),(26,25586),(28,17022),(29,3063),(31,37603),(34,31296),(35,4741),(36,21549),(40,7810),(41,18628),(42,3478),(45,17161),(46,17415),(47,6224),(48,25525),(49,507),(51,26663),(52,27793),(53,21472),(55,9559),(56,12108),(57,29446),(59,24714),(60,13523),(61,28434),(63,8942),(64,6104),(66,34703),(68,13551),(70,6153),(71,34831),(72,7861),(74,33326),(76,18720),(77,13691),(78,33430),(80,18820),(81,6137),(83,28516),(86,11197),(87,14054),(88,9587),(89,30121),(90,7081),(91,11)]	117.336319
313	[(1,3509),(3,8092),(4,22972),(5,11144),(6,21018),(7,1502),(11,36185),(14,17270),(15,1959),(16,11405),(17,1630),(18,3095),(19,20130),(21,17167),(23,9194),(25,4188),(27,12801),(31,5860),(32,25249),(34,15338),(35,27542),(36,12894),(37,2343),(38,12587),(39,11902),(40,22312),(42,35182),(43,30609),(46,4383),(47,10595),(48,35148),(49,30966),(50,26830),(51,3767),(52,10738),(53,22762),(54,298),(56,16767),(57,21195),(58,33941),(59,18802),(62,8033),(63,32743),(64,14759),(67,1962),(69,32072),(70,13655),(71,28658),(72,32097),(73,26650),(74,35854),(75,33049),(76,4196),(78,23604),(79,9945),(81,32265),(82,30146),(84,31208),(85,37518),(88,14183),(90,27749)]	107.622265
314	[(1,3286),(2,25887),(4,4738),(5,3467),(8,21940),(9,33577),(10,9362),(15,33102),(16,17153),(17,12360),(18,31765),(19,6386),(20,18355),(21,5812),(24,34925),(25,23703),(26,23250),(32,4517),(33,3519),(35,21799),(36,29090),(38,14902),(40,5130),(45,20837),(46,35838),(47,36335),(50,5134),(51,13306),(52,4413),(53,30035),(54,26168),(55,22900),(56,27134),(57,4633),(58,24659),(59,10990),(61,5886),(63,15403),(66,23768),(69,37437),(70,25632),(72,32222),(73,18915),(75,23289),(76,26773),(77,8472),(78,32512),(80,2309),(81,11968),(82,1978),(84,22718),(86,26234),(87,26614),(91,27269)]	111.475982
315	[(1,17344),(3,2584),(4,31414),(5,6491),(6,11493),(8,611),(9,869),(10,32780),(12,17978),(16,16570),(17,8069),(20,6254),(22,2979),(28,12285),(30,16276),(31,25094),(32,20429),(34,27154),(36,30014),(37,23248),(40,34047),(41,34),(43,839),(48,27181),(54,13255),(56,24263),(57,28376),(58,6444),(59,8433),(60,22945),(65,37357),(66,24048),(67,29585),(68,21574),(69,6104),(73,26394),(74,34164),(77,14037),(78,5179),(79,35891),(82,12434),(84,26937),(85,13767),(87,15890),(88,9064),(89,6454),(90,9959),(91,10675)]	110.832994
316	[(0,22686),(3,37584),(4,20497),(5,17527),(6,31194),(7,11760),(9,28280),(15,5975),(16,18321),(17,2686),(18,29954),(23,35927),(25,35098),(26,20141),(27,27067),(28,20961),(29,5495),(34,15956),(35,5846),(37,6665),(40,28714),(41,4795),(45,9522),(46,21734),(47,16920),(51,25054),(53,10746),(58,17175),(61,28342),(64,2616),(65,4227),(67,12539),(68,3641),(69,28360),(70,27434),(71,182),(72,12792),(79,8216),(80,2220),(81,28800),(82,1163),(83,19403),(84,13130),(85,15879),(90,19764),(91,9257),(92,21971)]	134.125795
317	[(0,785),(1,13821),(2,12841),(3,27492),(4,12130),(6,21228),(7,6345),(8,8640),(12,17556),(13,8428),(16,22014),(20,11428),(21,33403),(25,25445),(26,2676),(29,17076),(31,33971),(32,31638),(33,16537),(34,6008),(36,12323),(37,22628),(38,1417),(42,19957),(44,28573),(46,8871),(47,13322),(49,35764),(54,31266),(56,8504),(63,34172),(66,678),(68,1714),(69,3405),(71,1550),(72,10938),(75,17770),(77,11046),(80,23324),(82,26307),(83,24060),(85,32175),(86,16642),(90,32315),(91,7144)]	112.590847
318	[(1,3587),(3,31367),(4,17638),(8,16172),(9,25733),(11,16930),(12,1319),(13,22900),(14,27134),(15,8218),(17,32489),(19,22134),(20,515),(21,20372),(22,24628),(24,30974),(26,8729),(29,31995),(30,24035),(31,424),(33,17044),(34,27693),(37,7756),(39,16435),(41,27901),(42,18326),(43,27966),(45,11992),(46,17698),(49,36670),(50,3516),(51,30610),(52,5859),(53,917),(54,23659),(56,20974),(57,25789),(58,33386),(59,18826),(61,21011),(62,35369),(63,7718),(64,27978),(66,3103),(67,37588),(69,31723),(70,7400),(71,20569),(72,21209),(73,29596),(74,14859),(75,8656),(76,8406),(77,7269),(78,3480),(79,1701),(80,18014),(82,24170),(83,29750),(84,29244),(85,6773),(87,36622),(88,17363),(90,34847),(91,11727),(92,32900)]	119.959445
319	[(0,1746),(2,35719),(3,13291),(4,9034),(5,25391),(6,15423),(7,26626),(8,28321),(10,30631),(13,26860),(15,11928),(16,18350),(17,36670),(18,32484),(21,31789),(23,28458),(24,103),(25,36436),(26,30665),(27,8684),(28,1265),(32,7906),(34,549),(35,32282),(37,22242),(40,23833),(41,21706),(44,28845),(47,22255),(48,25228),(49,10581),(50,18299),(51,10510),(53,35807),(54,26487),(55,27630),(56,29330),(57,29526),(58,23593),(59,9799),(61,29120),(63,16326),(64,2311),(65,14074),(66,3124),(68,15093),(69,16929),(72,21047),(73,20890),(74,2786),(77,9452),(78,12937),(79,35746),(80,993),(82,5209),(83,35540),(86,20003),(87,22819),(88,25208),(89,5403)]	109.508840
320	[(2,7021),(4,32081),(5,19543),(6,33193),(7,10612),(9,3266),(10,4012),(11,30121),(13,1466),(18,24191),(19,1796),(20,10182),(22,25726),(23,14591),(25,26983),(26,2240),(30,18199),(31,29472),(33,7119),(34,23918),(36,30862),(37,29842),(38,36384),(39,17612),(40,792),(41,27810),(42,6126),(46,36649),(49,30840),(51,6401),(52,12687),(53,2423),(59,30570),(60,29736),(61,16359),(62,28478),(63,10536),(66,27782),(67,17517),(68,27219),(69,23502),(70,34335),(71,27924),(73,1399),(77,6108),(78,36370),(80,11199),(81,36723),(82,15166),(83,16745),(84,16956),(86,36612),(88,32164),(89,29806)]	112.723104
321	[(0,29110),(1,36847),(2,20455),(3,20040),(4,25590),(5,25254),(8,18818),(10,27145),(11,24785),(14,1139),(17,9452),(18,14078),(20,13036),(21,34447),(22,29025),(23,21380),(24,20270),(25,3320),(27,16217),(29,4861),(30,30447),(31,22320),(34,18022),(35,3804),(39,26948),(40,27149),(41,8150),(42,30347),(44,11801),(48,13385),(51,9317),(53,9390),(54,18357),(55,17438),(56,33563),(57,30312),(58,19997),(60,4689),(61,36087),(63,36015),(64,10937),(66,34913),(73,24860),(74,5659),(76,5975),(77,3181),(79,24729),(81,35524),(83,11499),(87,9563),(88,21699),(89,13091),(90,15087)]	125.040513
322	[(0,14803),(2,35526),(4,5175),(5,35098),(10,29633),(11,25605),(12,3606),(14,5373),(17,19600),(18,24345),(21,35116),(22,11998),(24,16963),(25,11354),(27,36146),(28,23587),(29,29030),(30,16421),(33,37534),(34,17480),(37,34706),(38,20508),(39,30627),(40,11560),(41,2091),(42,7962),(43,19696),(44,36597),(45,1244),(46,12531),(47,9198),(48,34606),(49,10775),(50,28789),(52,3535),(53,1158),(54,17361),(56,14720),(60,18560),(61,5639),(62,24131),(63,23384),(65,18719),(67,16978),(69,2931),(70,15116),(72,24404),(73,238),(78,21392),(79,23746),(81,4223),(82,23854),(84,11671),(85,28674),(86,3546),(88,36569),(89,20057),(91,37564)]	106.884168
323	[(0,19852),(1,10824),(4,31272),(5,7641),(6,27418),(13,31448),(14,4286),(15,21830),(16,2127),(19,21230),(24,34071),(25,22071),(26,25071),(27,33008),(28,5156),(31,32673),(32,7401),(33,10194),(34,35079),(36,13347),(38,7837),(39,3998),(40,9573),(42,6814),(43,21441),(45,15436),(48,13791),(49,24616),(51,11004),(52,12170),(53,15961),(54,27872),(55,28560),(56,18190),(57,12901),(58,21832),(59,31621),(63,7963),(66,20214),(67,24382),(69,34767),(70,3004),(71,26743),(72,12736),(74,28412),(80,6805),(81,27350),(82,8314),(83,12280),(84,4355),(85,15725),(86,18293),(87,2385),(89,19155)]	112.430450
324	[(0,12578),(2,15593),(4,30239),(6,6806),(7,14850),(9,15420),(10,28793),(11,15649),(12,35578),(14,6187),(15,19789),(18,5816),(19,22870),(20,8246),(22,1795),(24,37051),(27,23532),(30,24087),(32,28051),(34,18127),(36,12984),(37,8709),(39,25322),(40,30707),(41,27192),(43,27877),(44,35965),(46,14241),(48,1602),(50,28539),(52,11705),(53,10532),(54,25164),(55,18493),(59,37181),(61,9620),(62,8540),(64,6203),(67,16794),(68,2659),(69,1669),(72,25365),(73,5944),(74,31728),(78,32581),(79,30518),(80,35733),(81,34743),(86,7465),(87,4663),(88,1326),(90,21388),(91,16970)]	110.161406
325	[(1,12064),(2,14328),(3,7729),(5,35615),(6,13267),(8,19510),(10,28458),(11,23409),(12,4877),(14,22853),(15,14493),(18,25054),(24,9440),(25,14284),(26,11744),(28,29654),(31,29167),(33,30729),(36,36604),(39,10447),(42,10490),(43,27271),(44,29732),(47,26674),(48,24076),(49,914),(51,30647),(52,26099),(54,30292),(57,1342),(58,23032),(59,35602),(60,3600),(61,11116),(65,30762),(66,16533),(67,4871),(68,33184),(71,3201),(72,35393),(73,30164),(74,4279),(76,21282),(77,20406),(78,19564),(81,33730),(82,26195),(83,6231),(84,668),(85,24566),(87,13170),(89,22828),(90,10646),(91,21017),(92,11801)]	133.322663
326	[(0,10866),(1,25899),(2,13953),(3,26638),(5,12912),(6,5742),(8,13294),(9,11849),(12,11928),(13,23788),(19,5892),(21,9564),(23,5827),(25,34116),(26,2227),(27,13943),(30,26587),(31,17594),(33,20321),(34,9457),(36,30381),(37,8402),(38,21751),(40,14688),(43,3910),(44,11365),(46,12796),(47,740),(49,835),(50,11743),(51,2695),(52,21920),(55,12505),(57,6979),(58,21735),(60,17523),(63,32399),(64,4169),(65,14832),(66,15088),(67,13894),(68,8677),(70,29042),(71,35078),(72,27477),(74,10613),(79,8087),(80,16376),(81,345),(82,2129),(85,25854),(86,21695),(87,10650),(88,4555),(89,30937),(91,37511)]	107.134933
327	[(0,20316),(1,12581),(2,22739),(5,33342),(12,33706),(14,3008),(15,35520),(16,13462),(17,13516),(18,2938),(19,16717),(21,35616),(22,25323),(23,20949),(24,36944),(25,11498),(26,33866),(27,8089),(28,25085),(29,30956),(33,30751),(35,6824),(36,32899),(38,22539),(39,2139),(41,23912),(44,4428),(47,25384),(48,16942),(55,34226),(56,13826),(57,14806),(60,7918),(61,21496),(63,24832),(64,19971),(66,29834),(70,37561),(71,17334),(75,29042),(78,34695),(80,2890),(81,36568),(82,36421),(86,10791),(88,22788),(89,31413)]	110.716900
328	[(1,23324),(2,19663),(4,19457),(6,13489),(7,1563),(8,9757),(9,28798),(10,6868),(11,6870),(13,827),(16,19380),(17,27635),(21,36076),(22,14264),(23,9457),(24,29972),(28,30540),(30,189),(31,9207),(32,1543),(33,31101),(35,10740),(39,10222),(41,6036),(43,33413),(44,14626),(47,20796),(48,532),(49,32430),(51,5065),(56,18388),(58,14755),(60,30703),(62,6719),(64,32415),(67,17036),(68,7796),(69,19225),(71,23730),(72,11178),(73,26067),(74,31680),(75,25060),(78,19091),(81,29568),(82,4544),(83,13581),(86,21166),(88,20421),(90,22754),(91,23151),(92,29053)]	108.683867
329	[(7,23509),(8,18605),(11,29948),(13,26231),(17,1056),(18,9940),(22,28542),(25,21874),(27,6052),(28,20266),(29,18835),(30,4905),(31,15688),(32,8628),(33,30774),(35,24781),(36,37561),(37,2794),(38,3831),(43,31061),(47,16965),(48,37001),(50,24444),(51,17923),(53,37138),(56,14011),(57,17565),(63,11876),(69,13580),(71,13829),(72,37340),(74,36398),(75,3222),(82,33231),(84,29381),(85,2559),(88,4334),(89,17308),(90,6756),(92,3535)]	118.087405
330	[(0,12937),(6,2082),(7,29056),(8,15118),(9,6825),(11,11535),(13,8726),(14,16736),(15,20387),(17,9343),(19,25730),(23,33261),(31,18673),(32,17489),(33,23242),(34,9397),(36,19689),(38,32665),(39,34469),(40,29532),(41,31634),(43,4278),(44,35275),(46,10430),(48,30791),(49,18829),(50,33814),(52,23582),(53,29467),(57,35575),(59,32552),(60,27593),(62,18536),(63,884),(67,4064),(69,196),(71,7032),(73,20041),(74,37362),(76,29342),(79,15924),(80,10439),(85,10170),(87,19750),(88,7929),(89,6233)]	116.980930
331	[(1,11873),(2,23864),(3,26303),(4,2088),(5,13897),(7,23913),(9,11365),(14,31027),(15,9649),(16,31287),(18,12672),(19,36211),(22,16890),(23,27917),(24,18432),(26,20549),(27,36181),(29,36897),(30,26980),(32,36779),(34,16975),(35,7717),(38,21122),(39,31586),(41,14392),(42,25456),(43,36929),(44,16385),(45,23050),(47,36937),(48,31872),(49,7282),(50,22120),(52,25623),(53,23592),(55,1111),(56,14918),(59,9378),(60,27826),(62,25509),(63,35225),(65,26169),(66,29862),(67,20550),(68,10492),(70,15025),(73,36087),(74,23463),(75,26935),(76,4360),(77,4623),(78,16374),(79,20750),(80,33473),(81,25102),(84,6443),(85,5771),(86,14784),(87,15188),(88,25710),(89,10864),(90,17275),(91,17971),(92,3510)]	109.165501
332	[(0,4373),(1,29675),(3,25097),(5,36174),(6,33414),(7,3550),(8,11335),(10,18463),(11,15117),(12,28275),(14,33234),(19,13334),(22,16430),(23,10293),(24,18755),(26,12292),(27,26949),(28,31849),(29,25641),(30,25703),(31,31123),(32,13537),(35,9373),(36,28660),(37,31389),(39,12043),(43,7155),(44,35123),(53,24599),(58,9528),(60,35965),(61,4295),(63,704),(64,2234),(66,24015),(68,6571),(69,8100),(70,17830),(71,20190),(72,12649),(73,21659),(74,5159),(75,12795),(76,29707),(80,21837),(81,14672),(82,12939),(83,27054),(84,20058),(85,5465),(89,19416),(91,4492),(92,9322)]	114.250447
333	[(0,15304),(4,35172),(6,20372),(7,24628),(11,24005),(13,14485),(16,9009),(17,31533),(21,31521),(22,9315),(23,14877),(24,1822),(30,29138),(31,27501),(32,18319),(33,9532),(35,28358),(36,29391),(40,34256),(42,22609),(45,3436),(47,33724),(48,13477),(49,9272),(52,26421),(53,5353),(54,16366),(55,36282),(56,30657),(58,9970),(61,10850),(62,14232),(63,9497),(64,19297),(66,36628),(69,27064),(70,22512),(71,23914),(77,34341),(80,13311),(81,15130),(82,24749),(83,4584),(84,31128),(85,18277),(89,10086),(90,24747),(91,5877)]	116.761356
334	[(0,731),(2,8991),(3,31893),(4,17044),(5,21307),(10,11527),(11,6556),(13,12614),(14,27460),(15,17374),(16,6373),(18,18010),(21,27597),(23,769),(24,17015),(27,20387),(29,6311),(30,32629),(31,14702),(32,13433),(33,21729),(34,9602),(36,26056),(38,25812),(42,16320),(43,3920),(45,28248),(46,524),(48,1325),(50,24508),(52,14641),(53,7942),(55,11289),(57,23425),(58,17334),(60,34806),(65,25617),(66,13277),(67,35907),(68,34669),(69,31466),(70,1422),(72,37513),(73,23697),(75,21783),(77,15917),(80,34342),(82,2384),(83,13433),(84,21729),(85,31069),(87,1793),(88,10918),(91,23638),(92,8167)]	135.966834
335	[(0,2832),(1,21300),(2,25334),(3,30303),(4,21690),(6,14690),(8,8595),(9,37211),(10,12936),(11,37043),(12,30787),(14,27025),(15,25152),(18,34956),(19,19396),(20,1722),(22,36055),(23,8602),(25,2311),(26,19244),(27,17473),(28,4207),(30,35348),(38,23889),(40,25844),(41,18431),(42,17036),(46,3187),(47,35132),(49,7845),(50,18059),(51,33017),(52,36693),(54,27674),(55,14011),(57,11081),(58,30643),(59,2590),(60,10913),(61,30837),(65,29003),(67,36041),(69,17303),(76,12224),(77,28290),(81,9223),(82,21296),(83,27430),(84,22175),(87,14714),(88,36248),(89,32566),(90,6325),(91,1661)]	112.550354
336	[(1,18301),(3,7813),(5,12723),(7,30752),(8,9944),(10,20159),(11,7294),(12,14990),(13,26250),(16,6167),(17,9996),(22,12138),(23,17126),(25,34207),(26,641),(27,5237),(28,4960),(30,23403),(31,4323),(32,30608),(33,32447),(34,26982),(35,418),(36,896),(38,20243),(40,3723),(43,11533),(44,32426),(46,24520),(48,27428),(49,28153),(51,26726),(52,8492),(53,4782),(56,20427),(59,2261),(63,24679),(69,997),(70,20049),(72,540),(74,14650),(75,19098),(77,25730),(78,1267),(79,33411),(80,22801),(81,33357),(82,34248),(83,6180),(84,17199),(85,5696),(86,24132),(88,30104),(89,2630),(91,9311)]	118.653126
337	[(0,18174),(1,12570),(2,25555),(4,24005),(5,33345),(6,877),(10,31215),(14,17711),(16,15625),(17,7934),(19,23191),(21,26641),(22,26324),(24,20307),(27,30452),(28,28539),(29,28136),(32,8701),(33,13497),(34,24409),(36,34620),(37,6790),(38,15851),(39,7238),(40,14314),(43,20838),(44,36073),(45,22571),(47,20766),(48,10173),(51,34462),(52,24339),(53,9798),(55,6068),(56,10399),(59,18775),(62,31091),(65,29002),(66,30599),(68,24546),(69,25669),(70,29259),(73,8064),(75,26180),(77,31916),(80,20166),(82,24387),(83,25299),(85,8352),(87,29167),(89,18506),(90,22389),(92,16262)]	107.142888
338	[(2,15838),(3,33439),(4,3615),(7,33242),(9,15883),(11,21260),(12,12287),(13,7917),(14,13292),(16,27214),(17,9361),(18,29158),(19,13503),(21,35037),(23,37232),(26,31154),(27,26310),(32,23330),(33,35843),(36,4002),(37,7348),(38,29915),(39,31868),(42,3030),(44,16462),(45,17592),(46,37260),(47,5077),(51,12862),(52,23247),(53,32392),(57,5554),(59,5646),(61,4890),(62,16365),(63,20433),(65,19189),(66,1103),(70,3754),(71,22498),(72,20457),(73,462),(74,6599),(75,3582),(78,28210),(79,33629),(80,700),(84,9764),(85,27716),(88,13071),(90,24439),(91,18540),(92,13243)]	121.397712
339	[(1,1830),(2,11602),(4,28677),(5,20535),(8,15031),(9,29197),(11,37511),(13,25242),(14,13671),(16,6244),(18,35461),(19,13682),(20,34545),(22,31399),(23,19411),(24,35351),(26,117),(27,22965),(28,14154),(29,11616),(30,9039),(31,9324),(32,29918),(33,4516),(34,8950),(37,9466),(38,27104),(39,28974),(40,29914),(41,22457),(42,1701),(43,18014),(46,31227),(47,33426),(49,8570),(50,19646),(51,231),(54,31711),(55,6707),(59,1571),(61,9521),(62,23312),(64,9451),(65,12292),(66,27860),(67,20445),(69,16419),(70,11050),(73,26121),(76,31842),(77,8660),(78,19795),(80,32246),(82,13496),(85,29162),(86,7001),(87,32906),(88,30159),(89,4773),(90,7531),(91,10316)]	116.081709
340	[(1,35663),(3,23080),(5,5),(7,6797),(9,23073),(11,8466),(12,32557),(15,6677),(16,32658),(18,27153),(20,3001),(21,36167),(23,19882),(24,23339),(25,22828),(27,33136),(29,8432),(32,17266),(33,89),(34,3845),(36,31939),(37,19765),(40,32986),(41,26921),(43,36720),(44,19899),(47,3874),(48,30628),(49,15835),(53,5392),(54,24074),(55,29027),(56,16359),(58,3054),(60,36352),(63,15132),(66,36048),(67,31728),(68,32688),(70,13903),(72,18014),(75,15962),(78,6439),(79,37536),(81,34813),(84,4815),(85,11711),(87,30476),(88,22542),(89,16114),(91,18794)]	111.615660
341	[(0,9944),(2,5157),(5,8684),(6,36853),(7,23049),(10,3944),(12,19787),(13,5508),(16,22486),(17,29992),(18,13435),(20,37021),(22,15911),(23,7503),(25,29197),(27,14246),(28,35170),(29,6012),(30,9816),(31,21600),(32,26209),(34,31867),(35,8622),(38,311),(39,19866),(40,10969),(41,28828),(42,25064),(44,25682),(45,4087),(47,24287),(49,22857),(50,37172),(53,8609),(54,17653),(55,9858),(56,3317),(57,3346),(58,11393),(59,30623),(62,16765),(63,26519),(64,7223),(67,7837),(70,21504),(71,11372),(73,35054),(74,1901),(76,35875),(77,26140),(78,34178),(79,13534),(80,24572),(81,16982),(82,16455),(85,3886),(87,27887),(88,22311),(89,12506),(90,8850)]	116.698717
342	[(0,2887),(2,22641),(4,9666),(5,21873),(6,23884),(10,7062),(12,10134),(13,35909),(14,17980),(16,29085),(18,6381),(19,5703),(22,11714),(24,26819),(25,28600),(26,35358),(27,28705),(31,14009),(32,31007),(33,10130),(34,19806),(35,15856),(36,29707),(38,34123),(39,1073),(40,8221),(42,16828),(43,17555),(44,26790),(48,36409),(49,1411),(52,22047),(56,7632),(57,9937),(58,5302),(59,5896),(62,19660),(64,23097),(66,5797),(70,7836),(72,6012),(76,19065),(78,12865),(82,12001),(83,30361),(84,30254),(85,18519),(90,6846),(91,21199),(92,29411)]	116.059007
343	[(1,31214),(3,523),(4,6202),(7,22567),(15,19656),(16,8841),(17,23129),(18,15045),(20,24527),(21,37360),(24,23522),(26,4969),(28,32643),(29,11629),(30,25813),(34,30210),(35,16145),(38,13090),(42,28151),(43,23937),(44,19989),(45,23485),(47,28176),(48,21909),(50,7277),(51,31212),(52,12069),(53,1652),(56,9215),(58,32199),(59,10348),(60,7597),(61,2626),(65,22987),(68,10427),(71,36788),(73,14739),(74,18285),(76,21793),(77,10913),(78,30837),(80,34078),(81,5195),(82,4511),(84,24248),(85,17336),(87,29631),(89,4955),(90,7339),(91,11680)]	143.462360
344	[(0,32297),(1,33598),(3,9429),(5,29604),(6,8186),(7,6733),(8,11687),(10,30213),(11,6412),(15,35264),(18,10941),(19,14538),(21,484),(22,24409),(24,11763),(26,26919),(28,20407),(29,11732),(33,34509),(34,29404),(36,17642),(38,31161),(40,24645),(42,15047),(43,35425),(44,14903),(46,9119),(49,2280),(51,25777),(52,18655),(55,6466),(57,1490),(59,18723),(60,23401),(61,33298),(62,24796),(63,23712),(64,31993),(71,31556),(72,27054),(73,31566),(76,31507),(77,1786),(78,9715),(80,20638),(82,33829),(83,16522),(86,4414),(87,33748),(88,34384),(89,33193),(90,1179),(92,5676)]	127.011962
345	[(0,20885),(1,32730),(2,14146),(3,25633),(5,8582),(8,18063),(9,12928),(10,30873),(13,4096),(15,6598),(16,723),(22,16877),(24,37338),(25,13621),(26,15817),(30,29476),(34,13970),(35,27221),(36,8546),(38,27580),(40,509),(41,31030),(42,27392),(43,25931),(45,34945),(47,19516),(48,30820),(49,6640),(51,28010),(52,11427),(54,31905),(55,2909),(56,15745),(58,32641),(62,28308),(63,32579),(69,8085),(71,2531),(74,18981),(75,24662),(77,7770),(82,10667),(83,15490),(84,11961),(86,34772),(87,33015),(89,28576),(90,20481),(92,31805)]	114.749388
346	[(2,34858),(5,6458),(8,24253),(11,30402),(12,423),(13,20514),(15,14510),(18,28590),(20,21426),(22,713),(25,6917),(26,15522),(28,30459),(29,26861),(32,3569),(33,18354),(35,36543),(36,2753),(37,5952),(38,37454),(39,20800),(40,6922),(43,25492),(46,34746),(47,9603),(48,32308),(49,32632),(52,34961),(56,27578),(57,20976),(58,35271),(61,24394),(63,29697),(64,11613),(65,9901),(66,36621),(68,23827),(70,6412),(71,15432),(72,4628),(76,18066),(77,5169),(78,30984),(79,15069),(80,17389),(82,420),(83,2006),(84,14736),(85,25258),(86,34951),(87,24078)]	120.033523
347	[(0,3825),(1,10117),(3,7184),(4,1811),(5,23987),(6,29180),(7,12040),(9,19027),(10,10575),(14,21727),(15,26121),(16,8897),(17,13809),(19,36929),(20,16385),(22,18844),(25,29446),(26,7672),(27,36102),(28,767),(31,36557),(33,34828),(37,10029),(39,23892),(40,2490),(41,20390),(42,378),(45,22611),(46,5411),(47,4068),(48,35309),(49,1120),(51,7997),(53,23245),(56,21394),(57,5390),(59,3923),(62,15334),(63,5502),(64,18005),(66,25598),(67,28383),(68,5663),(69,31244),(72,16260),(73,10481),(74,1242),(76,2231),(77,27550),(79,13875),(80,24515),(82,8781),(86,32253),(89,24559),(91,12018),(92,3857)]	125.023453
348	[(0,6284),(4,14663),(5,2020),(6,23084),(8,32163),(10,9240),(14,28246),(16,13088),(17,9407),(18,33536),(19,23595),(20,19735),(21,5318),(23,20213),(26,3391),(27,26779),(31,8556),(33,27175),(34,5522),(36,5319),(37,1834),(38,28226),(39,27018),(40,15973),(41,36482),(43,12539),(44,3641),(45,15364),(46,8814),(50,36632),(51,30445),(52,6627),(53,36398),(54,3222),(55,11623),(56,10364),(57,7927),(58,22463),(60,17319),(64,3366),(66,25333),(68,25519),(69,11401),(70,37181),(71,25579),(76,10068),(83,27694),(84,23095),(85,9392),(88,9571),(90,14570),(91,32029)]	119.062648
349	[(3,4675),(4,13009),(5,8571),(6,4163),(7,9647),(8,6926),(9,21383),(12,35736),(13,10728),(14,13828),(16,31286),(17,32049),(18,3388),(19,13907),(20,22852),(22,12238),(23,7046),(25,16726),(26,10307),(27,16296),(34,1830),(35,11602),(37,31106),(39,24241),(40,7174),(41,18748),(42,31173),(43,31399),(44,15229),(46,1106),(47,21888),(48,10239),(50,14999),(52,26034),(53,19066),(54,15726),(55,14602),(58,8309),(60,23793),(61,29466),(62,23659),(63,34381),(65,19665),(66,3123),(69,12746),(73,11576),(77,36187),(79,6618),(80,8629),(81,3061),(84,21075),(85,17042),(86,29877),(87,18470),(88,36485),(90,25130),(91,18280)]	128.290937
350	[(0,21498),(1,35314),(2,28194),(3,36989),(4,30917),(5,20418),(6,15605),(7,13243),(10,22005),(14,22204),(15,36208),(18,961),(21,32329),(22,19967),(23,11426),(25,31015),(27,23273),(33,9025),(34,28170),(36,10088),(39,26073),(40,31600),(42,22232),(45,7913),(47,8280),(49,35350),(50,428),(52,6025),(53,8611),(54,5930),(56,37014),(58,12534),(59,14802),(61,23519),(64,37517),(65,6606),(66,19632),(68,27541),(69,28238),(70,8295),(71,21100),(72,7713),(73,13978),(74,4004),(75,9166),(76,1770),(77,15329),(79,18107),(80,16171),(87,33360),(89,23876),(92,28919)]	115.627641
351	[(0,7964),(2,17851),(3,2481),(4,12832),(6,15281),(7,30969),(9,16905),(10,37039),(12,24446),(16,8936),(20,20971),(23,22502),(24,18251),(25,11771),(26,1967),(27,29089),(29,16528),(31,10712),(32,14874),(33,11167),(35,28122),(36,728),(38,30574),(39,6676),(40,5004),(45,22802),(47,34485),(50,3402),(51,9158),(52,19336),(53,20312),(54,171),(56,19208),(58,27967),(59,3164),(60,35354),(61,22332),(63,36502),(64,30124),(65,22541),(67,31000),(68,1709),(69,8264),(70,28746),(71,10257),(73,23007),(74,22049),(75,35962),(76,17896),(81,24159),(83,19048),(85,18064),(88,3003),(89,16137),(91,4746)]	132.846246
352	[(1,18591),(2,314),(3,35759),(5,16007),(12,35649),(13,23091),(15,29750),(16,11462),(18,27181),(19,26929),(20,32678),(21,5643),(23,33995),(25,21808),(27,3556),(29,1407),(30,32404),(31,8538),(33,16680),(34,17939),(36,24927),(37,3336),(39,18033),(40,6990),(41,24549),(42,11427),(43,29918),(45,6264),(50,8154),(52,36019),(53,4685),(55,6061),(56,30041),(58,978),(59,14108),(60,11338),(62,6168),(63,5479),(64,3450),(65,8384),(66,21929),(67,32974),(68,15424),(70,16787),(71,21295),(72,6688),(73,29007),(75,12184),(77,34816),(78,32153),(79,9422),(80,35721),(83,28609),(84,16721),(85,4657),(87,8428),(88,27494),(90,6447),(91,25525)]	115.011583
353	[(2,11319),(5,3915),(7,8597),(8,32367),(11,9257),(12,21971),(13,18726),(14,20690),(15,17739),(19,7401),(20,37075),(21,28828),(22,35716),(24,27213),(26,5108),(27,19086),(31,29939),(33,12420),(34,488),(36,7213),(37,14943),(38,12716),(40,32580),(43,15877),(45,3267),(48,26740),(50,3186),(52,8642),(53,5237),(54,29026),(55,15500),(56,25673),(59,15611),(61,37207),(62,21347),(63,37199),(65,26653),(68,955),(69,12456),(70,34472),(71,30162),(72,5064),(73,36594),(74,9606),(75,12088),(78,35875),(79,26140),(80,36260),(82,12076),(83,13180),(85,19349),(88,6146),(89,20401),(91,22121)]	121.784975
354	[(0,33971),(2,20050),(3,13670),(4,22164),(5,32002),(6,10486),(8,13745),(9,23203),(10,2112),(11,8624),(12,23026),(13,35888),(15,23645),(16,21232),(17,36699),(18,34740),(20,14427),(21,7184),(22,1811),(23,23987),(24,15196),(25,1833),(27,5209),(29,25471),(30,12765),(34,19311),(36,25926),(38,5310),(39,761),(41,14343),(42,12240),(44,36047),(45,15072),(46,1272),(47,10422),(49,21215),(50,37106),(52,8717),(54,12784),(55,6434),(56,4576),(58,8049),(60,506),(61,5389),(62,3177),(63,25966),(64,36357),(68,15648),(70,16733),(71,13413),(73,31405),(74,24767),(77,10327),(78,23397),(79,14968),(80,17091),(82,14923),(83,17450),(86,23380),(87,2315),(90,23632),(91,34371)]	122.373766
355	[(2,11672),(4,1223),(7,28839),(8,25541),(9,26236),(10,16129),(11,26621),(14,855),(15,18896),(16,30709),(17,5916),(18,24789),(19,15866),(20,6845),(21,30160),(22,4995),(24,15985),(27,10066),(28,28742),(30,3938),(31,674),(34,28990),(35,34102),(36,8720),(38,15295),(39,17643),(40,30897),(42,28658),(43,8369),(44,13957),(45,30864),(47,18622),(48,14773),(49,28357),(50,12645),(52,5286),(53,28254),(54,29758),(57,30812),(60,4577),(62,14172),(63,34273),(69,28951),(70,21472),(73,22840),(74,26679),(77,2290),(78,16194),(80,34254),(82,7780),(83,28964),(84,21783),(85,31879),(87,30856),(88,33837),(89,1624),(90,17482)]	113.722707
356	[(2,22532),(4,24085),(5,837),(6,8504),(9,7883),(10,24169),(11,36275),(14,26658),(15,36310),(16,14572),(18,12325),(19,25029),(22,9486),(23,14668),(26,6618),(27,6909),(28,35969),(29,36290),(32,3962),(34,3623),(36,24875),(37,21981),(38,5793),(39,11615),(40,15378),(41,35412),(45,32908),(46,15797),(47,20360),(48,7970),(50,5821),(55,28521),(58,7760),(60,19091),(63,10532),(67,7307),(68,13688),(69,18974),(73,1540),(75,26818),(76,10693),(77,9581),(79,15133),(80,20755),(82,10598),(86,33116),(88,33618),(89,15850),(90,27781),(92,2442)]	111.486434
357	[(0,29885),(2,22679),(3,2746),(7,34192),(8,17511),(13,13814),(14,37276),(15,15607),(16,2616),(17,4227),(18,20699),(20,24411),(22,25749),(26,26709),(27,29321),(28,37473),(29,5069),(30,6085),(31,32905),(32,4860),(33,2019),(34,15403),(35,12651),(36,7752),(38,27307),(39,30069),(40,21954),(41,26109),(43,35742),(44,33024),(45,34848),(46,36433),(48,25559),(50,5939),(51,12833),(52,11119),(53,7000),(56,7430),(57,1835),(60,7831),(61,37594),(65,13118),(66,15177),(67,10186),(68,1195),(69,9768),(70,37528),(72,10523),(75,26565),(78,16403),(79,28556),(82,4177),(83,1253),(84,27781),(87,30958),(88,37579),(92,32077)]	116.316526
358	[(1,332),(2,15820),(3,35332),(4,32354),(5,35066),(6,5175),(11,36821),(12,17048),(13,31763),(14,36489),(15,35883),(16,470),(17,33230),(18,27474),(19,15943),(22,35240),(24,33943),(26,15542),(30,18379),(33,36034),(35,16218),(36,12436),(37,37411),(38,15993),(40,6840),(42,20588),(43,9030),(44,7204),(45,16059),(48,9965),(50,14873),(53,29380),(56,15415),(60,13012),(63,24142),(65,3364),(66,23816),(70,22959),(71,11854),(72,27601),(75,28977),(76,19724),(77,17470),(81,15095),(82,31826),(83,14459),(89,16312),(92,25876)]	113.595290
359	[(2,35774),(3,35529),(4,6092),(6,31375),(7,21077),(9,32160),(10,818),(12,173),(15,12963),(16,8511),(17,18403),(19,27007),(20,16959),(22,541),(23,371),(29,822),(32,29078),(34,31937),(36,23222),(37,6524),(38,30654),(39,4078),(40,24460),(41,20249),(42,28553),(43,32174),(44,3916),(45,9705),(46,24039),(47,7450),(49,21551),(50,1646),(51,14437),(53,3717),(54,939),(57,297),(58,13905),(63,26705),(64,14824),(66,11268),(68,17263),(71,13478),(73,13412),(75,7638),(77,12072),(78,21419),(79,21546),(80,25223),(81,28507),(82,25090),(83,26603),(85,24940),(90,7964),(91,558)]	114.768216
360	[(1,13492),(4,21532),(6,2568),(7,25087),(8,30641),(9,2665),(10,16012),(11,28359),(13,26092),(15,4200),(16,20972),(19,22235),(20,3685),(22,35109),(23,16419),(24,11050),(26,12417),(28,27148),(33,5987),(36,23469),(37,830),(38,28637),(39,6812),(41,11802),(42,28269),(43,19851),(44,577),(47,811),(48,36579),(52,30047),(54,15955),(55,24520),(56,7850),(59,5262),(60,33415),(61,19755),(62,35883),(67,11040),(68,180),(69,20735),(70,14483),(71,22508),(73,31543),(77,25544),(79,2708),(83,30883),(86,32285),(88,12927),(91,24172),(92,14392)]	140.051275
361	[(0,7366),(1,6649),(3,11109),(4,35931),(5,32679),(7,33499),(9,8959),(10,6814),(13,34314),(16,4526),(17,925),(19,28216),(20,14304),(23,32121),(24,2396),(25,18550),(27,11255),(29,12579),(31,16509),(32,6261),(33,13813),(35,30802),(39,13520),(40,26781),(42,12604),(44,31516),(45,25099),(46,19630),(47,27183),(49,7412),(50,29432),(52,7415),(53,22236),(54,24140),(57,5641),(59,13089),(62,2088),(63,14768),(67,6786),(68,5978),(69,35536),(70,21773),(72,25356),(73,7540),(74,9386),(75,33443),(76,6452),(83,25781),(84,19456),(85,17760),(87,29609),(88,26946),(90,28427),(91,11154),(92,32776)]	114.641590
362	[(0,20421),(2,27359),(4,6018),(8,35445),(9,26573),(10,33388),(13,1711),(14,30162),(15,14457),(21,7198),(22,17316),(23,27925),(24,29115),(28,14380),(30,20595),(32,20812),(33,14684),(34,24061),(36,29224),(39,11248),(41,15),(42,13077),(44,4233),(46,9721),(47,10705),(48,7085),(51,34623),(53,19114),(58,16316),(60,17303),(62,6318),(63,32163),(66,13528),(67,26027),(69,30540),(71,189),(73,33904),(74,20155),(75,10211),(81,33422),(82,23109),(83,35959),(84,4670),(85,26031),(86,30564),(88,1107),(89,3225),(91,33037)]	116.744870
363	[(0,9214),(1,2003),(3,8216),(4,24991),(6,15854),(7,9987),(8,21636),(11,37520),(13,24504),(16,4295),(17,9450),(19,35893),(20,6194),(22,33035),(23,8424),(24,15164),(27,7256),(29,31595),(31,33014),(32,4673),(36,31434),(37,34178),(40,32433),(41,22797),(42,31226),(43,21422),(44,36022),(45,12712),(47,5814),(48,29924),(49,29409),(50,19915),(51,8738),(52,36211),(55,21966),(57,24456),(58,30738),(59,27704),(60,2378),(62,583),(65,28249),(66,3006),(68,2587),(69,10393),(70,1797),(72,18298),(73,29754),(74,4478),(75,26357),(76,31073),(80,1049),(81,7709),(82,29347),(89,1227),(90,36907),(91,33772),(92,29713)]	124.171973
364	[(4,5216),(7,4638),(8,22042),(9,8075),(11,26052),(13,13239),(14,13680),(15,30798),(16,4024),(17,28679),(20,22881),(21,8619),(22,21279),(23,16533),(24,4871),(25,10695),(28,4357),(29,6320),(30,34513),(31,24366),(34,17914),(35,8971),(38,10870),(44,15537),(47,1830),(49,10123),(51,634),(53,19346),(54,27561),(55,18533),(56,4387),(57,7322),(61,6230),(62,9584),(64,25067),(67,18190),(68,7409),(70,18676),(74,17883),(78,21500),(79,11788),(80,17279),(81,6877),(83,26742),(84,16972),(87,9360),(88,7498),(90,11222),(91,20061),(92,34391)]	114.205215
365	[(0,34127),(1,35219),(6,11712),(7,25814),(8,22752),(9,28736),(10,22246),(11,27218),(12,29383),(13,36768),(14,18741),(15,31792),(17,13059),(18,25892),(20,15556),(22,25065),(25,31068),(26,1603),(27,35859),(28,29771),(29,31511),(30,18832),(32,10049),(33,36879),(35,4044),(36,14722),(37,23180),(38,11179),(39,6622),(40,35793),(42,4096),(44,24698),(46,21215),(47,21402),(48,32713),(49,14294),(51,16931),(52,35786),(54,32278),(55,20420),(56,10032),(57,13251),(59,27806),(61,35856),(64,5501),(65,17200),(66,24563),(67,29651),(68,9844),(69,37385),(72,4507),(73,2880),(74,37262),(75,16873),(77,33571),(79,26967),(80,27545),(81,2435),(83,28625),(84,4774),(89,4515),(91,2353)]	108.835596
366	[(2,11060),(4,19461),(6,5418),(8,13847),(9,32877),(11,28192),(12,12901),(13,6052),(15,33402),(17,33216),(19,35178),(21,632),(22,30664),(23,9633),(27,23754),(30,29745),(31,21714),(34,28752),(36,12143),(39,29256),(40,26537),(42,35865),(43,25282),(47,36358),(48,37328),(49,13373),(50,9008),(51,10721),(52,16410),(53,12088),(55,28761),(57,21401),(63,11753),(64,18446),(65,36),(68,6019),(70,5076),(72,36732),(73,7750),(74,8715),(77,23218),(79,9697),(82,483),(83,28035),(86,13258),(87,36693),(88,2408),(89,30434),(90,9709),(91,11923)]	117.908075
367	[(0,22963),(3,30139),(4,23589),(5,30739),(6,1019),(8,708),(9,36354),(10,23318),(12,19044),(13,24950),(18,34124),(19,29224),(20,2087),(21,26003),(22,27950),(28,20461),(30,32820),(31,6657),(32,12779),(33,15535),(34,29647),(35,21867),(37,15358),(39,14898),(40,2312),(41,16922),(42,11494),(46,22423),(47,15518),(49,35324),(53,21547),(54,10186),(56,16418),(57,30586),(59,36241),(60,13287),(61,9689),(62,13227),(64,24870),(66,22558),(67,16862),(69,31642),(70,34085),(71,25405),(78,10455),(80,13172),(82,19396),(83,7388),(85,10905),(87,16683),(88,23838),(90,2395)]	123.421874
368	[(0,20514),(3,25158),(5,17668),(7,22287),(8,8578),(9,9560),(10,28092),(13,35205),(14,21451),(15,8348),(16,585),(17,28228),(19,5530),(20,1978),(23,11985),(26,24827),(27,11806),(28,28224),(32,30496),(33,6641),(34,33909),(36,34162),(37,28781),(40,29801),(42,23249),(43,23302),(44,24152),(45,7182),(47,32330),(49,4840),(50,37201),(52,24036),(53,31064),(54,36005),(56,31053),(57,27068),(58,19956),(59,21880),(60,10295),(61,1431),(64,24341),(67,29639),(68,21210),(70,5718),(71,25669),(74,22410),(75,8857),(77,29989),(79,33964),(80,16258),(81,7274),(82,30991),(84,17461),(85,8349),(86,31608),(87,3340),(88,8362),(89,2105),(90,14547),(91,7665)]	111.397568
369	[(0,11984),(1,27705),(3,22368),(4,26942),(5,892),(6,2303),(8,25557),(9,20458),(13,2887),(14,21661),(16,22089),(17,1781),(18,10618),(19,11837),(20,15046),(23,12560),(25,4924),(26,4904),(27,14484),(28,18776),(30,27678),(31,899),(35,24986),(37,165),(38,18306),(39,23361),(40,20061),(41,4299),(43,14720),(45,30906),(47,25002),(50,14141),(52,22400),(53,2267),(56,4702),(57,5344),(62,29122),(63,11118),(64,35192),(69,29609),(70,33045),(74,24609),(76,846),(78,10912),(79,6348),(82,23634),(83,6597),(85,9373),(86,26984),(87,10108),(89,5007),(90,5330)]	130.210059
370	[(0,21455),(1,6849),(2,36272),(4,19381),(8,14925),(10,2082),(12,33518),(13,16962),(17,2785),(18,16554),(23,19026),(24,25802),(25,24816),(27,24819),(28,29655),(29,18071),(34,8735),(35,21091),(36,407),(37,5416),(38,25577),(39,11150),(42,8744),(43,27070),(45,20523),(47,19743),(48,23244),(49,7556),(53,1012),(54,2044),(55,26531),(56,19582),(57,34833),(58,16737),(59,19429),(62,28977),(63,32350),(64,12297),(65,14537),(66,3353),(67,27522),(69,14959),(72,3555),(74,19915),(75,2160),(76,33268),(77,11617),(78,18828),(79,20887),(80,19624),(81,33875),(82,19874),(87,30449),(89,21919),(91,30401)]	110.242678
371	[(0,18983),(2,10620),(4,12357),(7,16066),(14,3803),(15,15853),(22,9261),(23,35869),(25,5400),(26,24727),(27,10593),(28,21697),(29,34457),(31,23049),(32,8488),(35,34657),(36,3698),(37,28769),(38,16622),(39,14119),(41,10178),(43,20996),(46,14907),(47,18248),(49,28236),(52,21453),(54,20439),(64,31917),(68,15231),(70,32239),(71,16615),(73,12793),(74,8813),(76,28071),(79,23171),(80,6310),(82,35853),(85,21711),(88,13937),(89,14577),(92,34067)]	128.951982
372	[(2,4919),(3,31691),(4,9527),(5,1522),(6,24056),(8,9970),(9,26897),(10,10338),(13,26143),(16,4570),(18,21153),(21,19499),(22,12172),(23,37568),(25,497),(26,16431),(27,16519),(28,19743),(29,27492),(30,36342),(31,28337),(32,30850),(33,26737),(37,26283),(38,4375),(39,27497),(46,19205),(47,18326),(50,21892),(51,2813),(52,31377),(53,16709),(55,9434),(58,23535),(60,35942),(61,35299),(62,15229),(63,18898),(65,13156),(68,25546),(70,7410),(71,33344),(74,18097),(77,13088),(80,30006),(81,6747),(84,30132),(85,5545),(86,30674),(87,3165),(88,14538),(90,484),(91,23670)]	116.623691
373	[(0,35231),(1,8832),(3,3046),(4,3878),(6,3784),(7,4679),(8,14219),(11,32991),(12,3411),(13,2286),(15,32331),(16,1116),(19,20441),(21,35600),(22,30815),(23,27814),(25,16761),(26,8960),(28,2236),(29,13578),(30,35910),(31,25499),(35,20027),(36,24419),(37,35951),(38,25281),(40,14264),(43,33578),(44,12225),(45,18618),(46,31763),(50,12521),(51,14938),(52,13178),(53,14704),(54,17353),(55,27272),(56,13021),(57,4963),(61,20423),(64,4510),(66,23520),(67,35238),(68,31123),(69,13537),(71,1480),(72,14568),(73,6932),(75,16009),(78,35035),(79,21138),(80,37146),(81,15444),(85,37508),(87,1874),(88,10632),(89,15848),(91,33226),(92,23817)]	110.462643
374	[(1,31773),(5,12593),(6,20207),(7,21781),(9,6380),(13,4652),(14,32614),(17,15481),(18,860),(19,24711),(21,37035),(28,27433),(29,10589),(30,27190),(31,12185),(32,25717),(34,30830),(35,25763),(36,29962),(37,28819),(39,33097),(40,27377),(41,8532),(42,5957),(43,28052),(44,15205),(47,20302),(48,29370),(50,5049),(51,3112),(53,22371),(55,2221),(57,35556),(58,25839),(60,512),(61,24360),(64,8043),(70,12684),(72,28108),(74,35677),(76,3858),(81,15016),(83,26980),(86,17575),(90,13353),(91,27493)]	115.894332
375	[(1,22097),(2,34530),(4,4417),(5,30663),(9,5968),(10,8694),(11,32451),(12,32125),(15,12448),(17,2909),(18,15745),(19,8779),(20,26301),(21,32609),(22,12939),(23,27054),(24,31566),(27,23777),(29,17870),(31,49),(35,8846),(39,3640),(40,33933),(44,36146),(45,34316),(48,28746),(50,28288),(53,11409),(55,11609),(56,7383),(58,12256),(59,20799),(61,20486),(62,29827),(67,24140),(68,4267),(69,1003),(72,12611),(74,6454),(76,35745),(77,29943),(82,387),(83,19269),(85,18349),(88,25281),(90,20773),(92,32886)]	113.497630
376	[(0,35356),(1,23832),(4,20385),(5,35519),(6,3058),(7,23677),(9,21084),(10,14819),(12,24866),(13,36498),(14,10903),(16,5871),(17,32874),(18,34733),(20,27961),(21,8690),(22,13075),(25,3607),(26,4303),(27,20242),(28,31597),(29,25243),(30,21856),(35,21645),(37,30589),(39,22294),(40,33969),(41,612),(42,4318),(43,20259),(44,25687),(45,26963),(46,5906),(51,11590),(55,15096),(56,36124),(58,3312),(59,19727),(60,5432),(61,6559),(62,7536),(65,16834),(66,12335),(67,23202),(68,22120),(71,13215),(73,19021),(77,19445),(80,34953),(81,3196),(85,26003),(86,27950),(88,1023),(89,36888),(90,16091),(91,15019),(92,35772)]	116.033035
377	[(0,15815),(2,12754),(3,26055),(6,23308),(7,17997),(8,3461),(9,548),(10,28423),(13,36654),(14,24166),(16,28331),(17,4366),(18,13081),(19,22972),(20,4872),(23,5140),(25,20462),(27,26906),(29,12130),(31,21228),(33,26932),(35,34665),(36,7526),(37,21416),(39,28616),(40,18654),(41,17481),(48,24908),(49,31769),(50,26192),(51,31316),(53,26050),(55,11730),(56,17771),(58,10570),(59,31467),(60,36992),(64,5172),(65,32579),(66,34721),(67,31957),(68,918),(69,5140),(71,15509),(72,18563),(74,32817),(75,3137),(77,10746),(78,14418),(85,10983),(86,30935),(87,33570),(88,35040),(91,12334),(92,35555)]	116.889350
378	[(1,19616),(2,16060),(3,30829),(6,9340),(9,22),(10,27443),(11,16740),(13,21319),(15,37186),(16,33041),(17,7629),(21,18185),(24,36658),(25,36867),(26,25312),(28,35152),(29,35007),(31,22165),(32,29207),(33,18830),(36,1735),(39,2300),(41,6973),(43,22098),(45,10306),(48,13375),(49,11482),(50,24660),(51,17849),(53,26987),(55,2801),(57,13149),(58,7404),(59,2072),(60,30505),(61,34382),(62,26752),(64,16248),(65,7965),(66,22282),(71,31691),(75,8505),(76,14484),(77,29785),(78,27782),(80,20187),(83,4620),(85,7505),(86,22056),(88,26474),(90,26068)]	134.087852
379	[(0,31454),(1,31710),(2,24490),(3,21897),(5,34712),(6,10204),(7,3258),(11,7049),(12,30756),(14,33495),(15,31571),(16,15841),(19,26436),(20,26482),(21,22594),(22,1529),(23,23153),(24,26876),(27,23176),(28,9265),(29,24710),(34,15665),(36,14132),(38,31661),(40,36955),(50,8425),(51,3133),(52,21313),(53,6828),(54,30796),(55,7610),(56,13657),(57,2568),(58,36970),(63,539),(70,13653),(72,29929),(74,5292),(76,26579),(79,1214),(81,32749),(84,28728),(85,5033),(86,12754),(87,1443),(89,16268),(90,173)]	113.059546
380	[(0,3286),(1,14531),(2,22344),(6,8590),(11,14948),(12,31517),(13,31086),(14,4653),(16,30512),(19,3024),(20,33003),(21,29335),(24,13382),(25,10410),(26,10706),(27,24526),(29,1910),(30,26058),(31,22751),(35,32984),(36,11773),(37,11903),(39,8230),(40,15123),(41,21227),(42,28495),(45,15781),(46,9693),(47,30573),(51,8775),(53,36862),(54,27633),(55,31858),(56,6480),(57,15818),(58,31553),(60,20884),(61,22454),(62,31383),(63,33748),(67,25956),(68,22629),(69,19570),(70,27961),(73,1853),(74,24108),(77,10018),(78,24974),(79,14920),(81,34679),(83,28788),(86,31229),(90,33115),(91,219)]	125.431687
381	[(0,15986),(1,17403),(2,24247),(5,23234),(8,34163),(10,19082),(11,15869),(12,34877),(15,24230),(16,34265),(17,7844),(18,29460),(21,13542),(28,35143),(29,6518),(30,25005),(32,18539),(34,8783),(36,35180),(37,19020),(39,37304),(42,2582),(44,4562),(45,20363),(46,15823),(47,20672),(48,4025),(49,21760),(54,32761),(55,10499),(56,20158),(58,10754),(59,15063),(60,28570),(62,21404),(63,10241),(65,35653),(66,21065),(67,19738),(68,17050),(70,302),(73,26198),(75,4003),(76,21055),(77,7753),(79,13625),(81,2212),(84,8599),(87,33234),(89,22079),(92,30189)]	126.685076
382	[(2,708),(4,12381),(5,12233),(7,11091),(9,21370),(10,2109),(12,825),(17,32640),(18,12423),(19,21512),(22,5819),(24,31319),(27,4439),(29,34114),(30,3152),(31,9043),(32,22139),(33,37324),(36,7189),(37,12353),(39,25619),(40,23330),(41,22393),(43,21576),(44,66),(45,36573),(46,22456),(47,6783),(48,37360),(50,4994),(51,18996),(53,16295),(56,13698),(57,24855),(58,30333),(60,7663),(61,21035),(63,3668),(64,13946),(68,20018),(69,5989),(71,11397),(75,21356),(76,32845),(77,18827),(79,27138),(82,14509),(83,33366),(84,37253),(85,4611),(86,5107),(87,16307),(88,21555),(89,12495),(92,34050)]	128.841845
383	[(1,31344),(3,95),(4,764),(6,20181),(7,19406),(9,5480),(11,35622),(13,30362),(14,23541),(15,2270),(16,4962),(18,14478),(20,29355),(23,11079),(24,31257),(25,32914),(27,23208),(28,26327),(29,26246),(30,1175),(33,14688),(34,1462),(35,17999),(36,33896),(40,32641),(41,5577),(42,33150),(43,26325),(44,5621),(45,33668),(48,23249),(51,10827),(54,2072),(56,33709),(58,29638),(62,24329),(63,16798),(64,25968),(65,32515),(67,18414),(69,12121),(71,16299),(73,9282),(74,5409),(75,28009),(76,27086),(77,26393),(79,16415),(80,1409),(81,8160),(82,13479),(85,8621),(86,6131),(90,17011),(91,27731),(92,33446)]	118.584502
384	[(0,17076),(1,25024),(2,12984),(3,8709),(5,36972),(7,29475),(9,34443),(10,24477),(12,34781),(16,3079),(17,4079),(18,16267),(20,33727),(21,3235),(22,5905),(25,12782),(32,31566),(34,16429),(36,30430),(37,19164),(39,34773),(41,12270),(44,5649),(45,35048),(46,14234),(47,27837),(49,32348),(52,21042),(54,33929),(58,27231),(59,6492),(63,16282),(65,26411),(67,27120),(69,26781),(70,10512),(72,35296),(74,35728),(75,3904),(78,26421),(79,5353),(80,31517),(81,31086),(82,19979),(83,34670),(86,3833),(87,19345),(89,4964),(90,20482),(91,13874)]	117.879269
385	[(1,2908),(3,34754),(4,31098),(5,9723),(10,7785),(13,1817),(16,24387),(17,25299),(22,2861),(23,30913),(25,13472),(26,32815),(27,33617),(28,7663),(29,25068),(30,11069),(33,17072),(34,3234),(37,21277),(40,33310),(43,26692),(44,9096),(48,7403),(49,16343),(51,23295),(52,13479),(53,8868),(57,11854),(60,21457),(62,12387),(63,33457),(66,7499),(67,8443),(68,21445),(69,28790),(70,23494),(71,16938),(72,12674),(74,3683),(76,13919),(77,25467),(78,14847),(79,16964),(80,33916),(81,6029),(87,26086),(88,33190),(89,34152),(90,14081)]	113.916197
386	[(1,36528),(2,35004),(5,17855),(6,10899),(8,23799),(11,26437),(12,3358),(15,19952),(21,30005),(24,36712),(25,31784),(26,33640),(27,25475),(29,5358),(32,11110),(33,30594),(36,23618),(37,29049),(39,2690),(40,29233),(42,3579),(44,4252),(48,30583),(49,25379),(50,5259),(51,5707),(52,9),(53,25371),(54,27446),(55,31262),(56,20085),(59,22372),(60,23529),(63,28931),(64,9231),(65,25100),(66,9230),(70,4701),(71,4524),(72,32151),(74,24100),(77,34823),(79,36459),(81,22684),(82,32331),(86,2518),(87,9763),(88,10809),(89,3151),(90,23233),(91,28654),(92,22605)]	134.739432
387	[(1,15917),(2,803),(3,36346),(4,30326),(5,35248),(6,33971),(7,24110),(8,12452),(15,28665),(18,5604),(22,2049),(23,26901),(26,33720),(27,35507),(29,12237),(33,15681),(34,23790),(35,1483),(41,12218),(42,17673),(43,3209),(44,13525),(46,13469),(48,2534),(49,23195),(50,12967),(51,2644),(52,25481),(53,33033),(54,812),(56,24572),(58,22214),(60,15974),(61,27746),(62,18122),(63,1592),(64,12898),(65,35272),(66,1663),(67,7852),(70,30742),(72,24893),(75,27325),(76,20982),(77,13231),(80,27435),(81,24535),(83,28869),(84,33383),(88,8481),(89,378),(91,31971)]	110.698109
388	[(0,37031),(1,33065),(6,8500),(8,26614),(10,32274),(13,7436),(15,31070),(16,21243),(17,1280),(18,37140),(19,16059),(20,18145),(21,3923),(22,36612),(24,37267),(25,4433),(26,2667),(28,5992),(31,22148),(32,5744),(33,1004),(34,8888),(35,16172),(39,19140),(40,6349),(41,10437),(42,14340),(43,25724),(44,29813),(46,36730),(47,22391),(49,7115),(51,6076),(54,20405),(55,25166),(58,8911),(60,21532),(62,12912),(63,14069),(64,1586),(66,20597),(67,25872),(68,6469),(69,11653),(76,8496),(77,5516),(80,21159),(81,13155),(82,7973),(86,5144),(89,27629),(90,15132)]	123.290467
389	[(1,5663),(3,4055),(5,28588),(7,5079),(11,33572),(12,21717),(14,4405),(17,34168),(18,29586),(19,1093),(20,20378),(24,10590),(26,23407),(27,23432),(28,18663),(30,31858),(31,27877),(32,35965),(34,14241),(37,15016),(39,7579),(43,22828),(44,10646),(45,21017),(46,34207),(47,14945),(48,10192),(49,16520),(50,36410),(51,32800),(54,2152),(56,5968),(57,21968),(58,7177),(61,16916),(65,35020),(68,11209),(69,35543),(70,6614),(73,20530),(75,26831),(77,24970),(78,36690),(80,23594),(81,28282),(83,29436),(84,3011),(86,22703),(87,34463),(89,8805),(90,34277),(91,20017)]	126.838753
390	[(2,13322),(3,29219),(4,10396),(5,28155),(6,23907),(7,26662),(8,14981),(10,28817),(12,2895),(17,7893),(20,4795),(21,604),(24,34166),(26,11715),(27,4661),(28,29966),(30,12918),(31,28364),(33,12976),(34,17983),(37,1294),(38,10701),(40,4492),(41,37444),(44,31845),(48,31763),(49,36489),(50,35883),(51,10780),(54,15604),(56,7643),(57,18413),(58,22381),(59,23941),(60,976),(61,21635),(63,717),(64,16697),(65,1853),(67,4398),(68,32928),(69,14370),(70,9868),(71,35837),(72,17586),(74,36778),(75,30591),(77,13570),(78,14002),(80,21971),(82,28749),(83,31883),(86,26008),(87,37052),(88,16564),(89,27322)]	148.472278
391	[(2,15770),(6,4451),(10,8681),(11,20873),(14,31330),(16,24695),(17,29265),(18,20430),(20,12156),(22,28113),(23,25853),(26,26555),(28,27768),(30,22902),(32,35135),(33,32052),(38,21730),(39,598),(40,543),(44,25007),(46,12380),(50,16210),(51,34650),(52,12974),(53,2726),(54,10436),(55,29548),(57,33807),(58,17815),(62,26789),(63,25772),(64,26266),(66,19485),(73,30928),(75,3500),(76,11463),(78,2850),(79,26845),(83,26394),(84,34222),(85,6795),(86,8091),(87,33608),(88,25796),(90,28519),(92,25783)]	129.247191
392	[(0,11483),(2,11999),(3,19889),(4,16250),(5,229),(6,29206),(7,27839),(8,4367),(9,25795),(10,12948),(11,25648),(12,15952),(14,26588),(16,17834),(17,12226),(18,24775),(19,15104),(21,33114),(22,10434),(23,4637),(24,31762),(27,18650),(28,9634),(29,3951),(32,34416),(33,930),(35,19063),(36,19187),(39,10247),(42,13951),(43,34115),(44,24905),(45,2709),(46,33046),(47,24647),(48,12013),(49,24024),(53,14610),(54,27597),(59,27813),(60,7970),(61,17495),(65,31384),(66,30693),(68,21470),(69,29011),(70,10785),(71,378),(73,28495),(74,28324),(75,27867),(76,6380),(77,25445),(79,4027),(80,19728),(85,6820),(87,29209),(89,19370),(90,7228),(91,37577),(92,35141)]	254.708552
393	[(0,20796),(1,532),(3,24073),(5,26347),(6,6491),(8,13266),(10,34232),(14,36365),(17,37059),(18,20195),(20,20690),(23,2990),(27,14776),(28,23193),(29,13142),(30,27535),(31,9290),(32,18262),(33,19252),(34,37081),(35,26420),(36,24711),(38,21766),(39,26884),(42,9793),(43,11532),(44,7213),(47,21359),(48,26844),(49,7263),(51,33466),(52,37127),(55,24833),(56,22148),(57,5744),(59,24444),(60,17923),(62,29554),(64,14339),(66,10810),(67,1723),(68,29412),(70,6114),(71,3162),(72,29193),(73,13473),(74,8986),(75,12351),(78,10977),(81,28286),(83,23509),(84,30977),(86,26797),(88,13506),(90,4672)]	250.629241
394	[(0,18475),(3,21564),(4,17348),(8,1627),(10,2827),(11,23043),(12,8714),(13,3879),(16,20833),(17,8059),(20,3069),(21,6272),(22,32483),(23,25012),(24,4972),(25,17491),(26,2487),(32,37205),(33,8119),(35,24180),(36,1093),(37,20378),(39,20935),(40,35129),(42,5322),(43,6785),(44,27635),(47,9886),(48,22223),(49,11704),(50,25058),(51,2744),(54,6056),(55,30628),(56,15835),(59,12999),(60,31427),(61,29147),(62,20864),(63,21552),(66,29145),(67,11129),(68,16908),(69,29327),(75,21384),(76,20813),(77,19252),(78,27474),(79,12486),(81,10296),(82,11169),(83,35847),(85,6377),(86,1006),(87,25405),(90,36178),(91,17011),(92,3802)]	244.688458
395	[(0,18378),(1,7309),(3,31569),(4,27209),(5,6678),(7,30943),(8,9277),(9,616),(10,11656),(11,581),(13,10840),(14,11447),(15,13043),(16,4392),(17,15931),(18,37042),(20,10273),(24,30047),(27,7925),(28,34301),(31,36556),(33,33944),(35,33913),(38,4762),(39,34030),(40,28601),(41,16369),(44,33250),(46,22359),(47,11290),(48,11963),(49,1918),(50,6630),(53,35750),(55,27825),(56,15822),(58,2680),(60,25709),(61,6990),(62,20002),(63,24157),(64,6943),(66,25181),(67,6419),(69,29846),(70,31443),(74,10687),(77,23030),(79,26385),(80,18868),(81,16282),(83,25777),(84,9530),(85,2769),(87,7614),(88,17993),(89,21590),(90,20631),(91,29574)]	237.370597
396	[(0,30831),(1,31002),(2,24534),(4,10910),(5,28790),(7,3627),(8,22252),(10,34220),(11,6944),(12,20005),(14,10481),(16,8361),(18,10261),(19,24769),(22,4244),(23,17500),(24,6961),(25,34498),(26,886),(27,15807),(32,21248),(33,36728),(35,23573),(37,16594),(38,10925),(40,27276),(41,15883),(42,33208),(43,3902),(44,6011),(45,37295),(48,20757),(49,24341),(52,4917),(54,3573),(55,32729),(56,6364),(58,563),(59,31360),(60,6577),(61,21371),(62,27039),(64,12390),(68,27779),(72,26470),(73,31780),(75,22938),(77,27279),(78,1158),(79,23744),(80,15716),(81,12030),(82,8106),(84,14054),(88,13060),(90,13941),(91,33719)]	236.050067
397	[(3,35792),(4,23947),(6,15832),(8,6906),(9,31339),(12,10477),(13,24226),(17,32798),(20,7385),(22,21684),(23,23653),(24,4033),(25,27188),(26,4801),(27,1971),(31,14050),(35,36710),(36,5785),(40,37242),(41,31681),(43,35517),(45,3423),(46,11647),(50,27992),(51,4792),(52,33962),(53,16441),(55,5185),(56,25485),(57,16479),(59,24300),(60,20858),(62,19475),(66,2369),(68,15792),(69,13443),(70,5872),(72,30033),(73,3229),(79,30768),(80,5799),(81,12994),(82,21066),(83,12432),(84,15527),(85,35597),(86,6770),(88,1793),(90,17341),(92,20326)]	254.027498
398	[(0,35580),(1,10217),(3,9582),(4,6797),(5,26863),(7,36620),(8,16073),(9,21673),(11,22722),(13,33441),(15,6561),(16,19226),(19,25745),(21,21978),(25,3493),(26,1697),(28,13408),(30,8995),(31,22690),(37,13037),(38,12172),(39,25092),(40,27745),(41,26908),(43,2802),(45,31437),(46,18713),(47,34973),(48,33863),(49,37254),(54,9297),(55,11406),(56,16750),(58,22736),(63,10032),(67,14080),(70,31778),(71,36186),(73,25723),(74,25555),(76,4567),(79,33256),(81,3133),(82,21313),(83,2194),(84,37337),(87,1356),(88,31456),(90,23365),(91,27676),(92,5600)]	245.485173
399	[(0,23834),(1,15590),(2,17585),(3,15514),(5,17502),(12,35035),(13,30894),(16,24090),(17,31066),(20,17723),(21,23992),(24,29474),(25,16016),(26,34516),(27,29192),(28,26647),(29,3810),(30,9710),(32,17873),(33,18247),(36,23108),(39,37287),(40,35556),(42,30429),(43,4243),(44,28464),(46,6745),(47,22287),(49,32826),(50,11437),(55,10913),(56,7603),(57,5288),(58,4063),(61,18440),(63,21893),(65,26802),(66,37594),(69,11209),(71,9098),(73,30396),(74,25339),(75,26295),(76,20992),(77,31161),(80,28340),(81,35557),(83,31351),(84,13257),(85,17091),(86,31424),(87,27723),(89,7776)]	232.957708
400	[(0,22218),(1,22477),(2,17128),(3,21151),(5,21684),(6,23617),(7,333),(8,5281),(12,18793),(14,8078),(15,6839),(16,3153),(17,177),(20,8951),(21,28382),(22,34309),(23,28992),(24,29456),(25,29216),(26,6743),(27,14370),(28,34824),(29,35604),(30,7219),(31,3590),(33,11981),(34,17314),(39,2445),(40,27085),(41,7113),(44,4715),(45,14784),(46,10654),(47,27023),(49,25606),(52,32567),(53,4516),(54,8950),(55,15799),(56,22812),(57,33993),(58,8005),(59,11479),(60,33620),(61,15298),(63,6684),(64,4231),(65,6066),(66,6768),(67,36239),(69,25466),(70,33685),(71,9993),(73,21576),(75,17427),(76,19754),(80,17096),(81,8427),(82,34375),(83,12160),(86,31398),(87,34668),(88,8222),(90,28157),(92,31138)]	247.883066
401	[(0,20164),(1,36030),(2,24564),(4,13674),(5,7605),(6,15812),(7,18748),(8,22985),(9,36238),(11,15309),(12,22518),(14,20407),(15,5109),(16,22435),(17,5338),(18,21314),(19,23638),(20,11985),(21,13239),(22,33831),(23,32247),(24,33555),(29,24137),(31,10541),(33,2287),(34,8278),(35,6074),(37,3298),(39,36641),(42,21626),(43,34084),(44,615),(45,430),(47,20261),(49,16619),(51,7873),(53,26964),(54,28734),(55,24257),(56,28901),(57,16377),(62,1544),(63,37226),(64,2012),(65,30768),(68,33460),(69,29068),(70,28888),(73,17588),(75,30924),(76,37364),(78,28470),(79,2393),(80,17086),(81,23786),(82,26778),(84,16771),(85,341),(87,20824),(88,6278),(89,8297),(90,2135),(91,15582),(92,36321)]	228.946831
402	[(2,18233),(4,29426),(5,4387),(6,14326),(7,1594),(12,24694),(15,6037),(17,8994),(18,22048),(20,8609),(21,30086),(23,15274),(24,30120),(25,32040),(26,34013),(29,1204),(30,17909),(31,8415),(33,27600),(34,4129),(36,22408),(37,36921),(39,6533),(41,5059),(44,35513),(45,27472),(47,23160),(48,5428),(52,11843),(53,5140),(54,31384),(57,25886),(58,17203),(59,32685),(63,11651),(68,35578),(69,22847),(71,37564),(75,7023),(79,30469),(80,33435),(81,11294),(82,11487),(85,17382),(89,32049),(90,3388),(91,4317)]	246.001649
403	[(0,37562),(4,6502),(8,24498),(10,12823),(11,29386),(13,20395),(14,3652),(18,23224),(19,17787),(20,863),(21,30494),(22,15238),(23,17679),(24,14312),(26,6667),(28,5466),(29,28044),(35,18336),(36,6081),(38,3910),(41,14673),(43,14606),(44,4773),(45,34160),(48,33401),(51,1407),(54,22021),(55,32598),(56,34714),(58,17341),(61,16713),(63,24343),(64,22144),(65,12278),(66,2972),(69,33433),(70,19550),(75,31451),(79,2232),(81,10424),(83,8644),(84,30910),(85,12710),(86,28807),(88,23822),(89,33822),(90,29163),(92,4738)]	237.476240
404	[(1,28619),(4,1290),(6,20877),(9,12812),(10,37315),(11,34697),(12,3515),(13,34742),(14,35497),(19,28575),(20,16779),(22,34952),(23,18328),(24,10982),(26,14152),(27,10033),(29,33401),(30,6515),(31,5909),(32,30883),(35,32285),(37,12927),(38,17073),(40,13896),(41,4306),(43,5933),(46,19290),(50,12450),(52,7757),(54,5402),(55,29174),(56,31721),(58,23862),(59,29222),(61,14825),(62,1141),(63,18631),(64,37054),(65,34498),(66,22647),(67,771),(68,9961),(69,3730),(73,24821),(74,29837),(81,14383),(82,4183),(83,33762),(85,7979),(88,16430),(89,37556),(91,21373),(92,13476)]	255.889706
405	[(0,33601),(1,7156),(2,19222),(7,8605),(9,9964),(10,10351),(16,15580),(19,15156),(22,34249),(24,19587),(25,3473),(27,18371),(28,34136),(29,21025),(30,3769),(31,8413),(32,4462),(33,37446),(34,32236),(36,22780),(38,27765),(40,3738),(42,26619),(43,13739),(46,695),(47,1792),(52,24787),(53,14446),(54,24080),(55,27223),(56,2879),(58,26063),(61,11261),(62,5673),(63,32056),(65,32596),(66,70),(69,1589),(71,27518),(72,33660),(74,15034),(76,4518),(79,9356),(80,18042),(82,29573),(83,9511),(86,21037),(87,5362),(88,28845),(89,8990),(90,10540),(91,17322),(92,3733)]	258.747528
406	[(0,6588),(1,7297),(2,27104),(3,21954),(5,33303),(6,24960),(7,8750),(8,31310),(9,18131),(10,34714),(11,2956),(13,11994),(18,34660),(22,25804),(24,29236),(25,21309),(26,5273),(29,3879),(31,11980),(32,11524),(34,25647),(35,13432),(37,30340),(38,1386),(39,3380),(41,25071),(42,6019),(45,29011),(46,701),(49,32325),(50,18333),(52,36136),(53,7188),(54,25479),(55,16826),(56,4607),(62,290),(63,8888),(64,7799),(67,3537),(69,30231),(71,8043),(73,33686),(74,1215),(75,32324),(76,20491),(77,449),(79,11112),(81,9571),(83,14570),(84,32029),(85,1037),(86,4609),(88,10823),(89,16844),(90,33552),(92,984)]	219.179816
407	[(2,2776),(3,24638),(4,32315),(5,7144),(7,14010),(8,33179),(11,33683),(12,28855),(13,32941),(15,12365),(16,20343),(19,36626),(23,32092),(24,20637),(26,32888),(27,6840),(32,22544),(34,8260),(35,6279),(36,12807),(38,12782),(39,3172),(41,24510),(42,9360),(47,36690),(48,10127),(49,24174),(50,14713),(53,25027),(54,2105),(57,12198),(59,29299),(60,13265),(61,366),(63,3984),(66,1592),(67,12898),(68,33088),(70,20736),(73,33975),(77,13592),(78,25216),(79,31057),(82,35083),(83,35931),(84,24676),(85,4268),(86,136),(88,24311),(89,17062),(91,10246),(92,36525)]	111.303323
408	[(0,30060),(1,9340),(4,23101),(6,4077),(9,11978),(12,22752),(13,24149),(16,20901),(17,21931),(20,15904),(23,12798),(24,22571),(26,32196),(28,26727),(29,8058),(33,30098),(34,18582),(36,22320),(38,5840),(39,20333),(41,12931),(45,697),(46,14929),(48,13201),(53,21566),(55,33327),(56,31721),(57,15775),(58,31632),(60,23153),(61,26876),(63,17112),(68,22103),(70,11126),(72,34672),(73,8337),(75,32007),(77,24973),(78,9541),(80,17731),(81,14336),(85,32651),(86,7323),(87,24668),(90,28310),(91,29028),(92,92)]	111.597171
409	[(1,31815),(2,8635),(3,36666),(4,4022),(6,14159),(9,14100),(11,5978),(13,355),(16,12024),(17,36826),(18,11877),(19,63),(24,33394),(25,30545),(26,24088),(27,15884),(28,10546),(30,28526),(34,23422),(38,29574),(40,34316),(41,366),(54,16668),(55,9026),(56,919),(57,26969),(59,8402),(61,25619),(64,7946),(67,28757),(68,20477),(69,27182),(70,12874),(71,19364),(73,9682),(76,36177),(77,26754),(78,34960),(81,24003),(82,31954),(85,23785),(90,20384),(91,28771),(92,33808)]	117.201832
410	[(0,31605),(1,15115),(3,7132),(4,7072),(5,28256),(6,9665),(8,24969),(9,23102),(10,24362),(11,16033),(12,19165),(13,6395),(14,31562),(16,35664),(21,34147),(26,33757),(27,2204),(30,2653),(32,10656),(33,12125),(35,15168),(36,30019),(40,32476),(43,196),(45,35313),(46,26319),(50,20655),(52,22019),(53,23124),(54,14444),(57,33402),(62,5702),(63,35351),(65,9460),(66,23093),(67,33268),(68,11617),(72,4219),(77,1691),(82,5839),(83,5036),(85,29308),(87,8270),(88,6699),(89,35798)]	114.142462
411	[(2,4157),(3,6567),(4,27117),(5,23726),(6,32990),(8,34374),(9,35343),(12,2768),(13,10487),(17,34944),(18,26234),(19,36578),(21,32592),(22,26891),(23,6178),(24,765),(26,17125),(27,8397),(30,16410),(31,12088),(33,15874),(35,17779),(36,21360),(38,36316),(39,32685),(42,13936),(43,31780),(45,16231),(46,2037),(50,27784),(51,30348),(55,34560),(57,19112),(58,7018),(61,33039),(62,30380),(64,24788),(65,31069),(67,8260),(70,21709),(72,1672),(77,22080),(79,21833),(80,29475),(82,20620),(83,36400),(85,17588),(87,15495),(88,19031),(90,13414),(92,14774)]	110.732100
412	[(0,33844),(2,9452),(3,14078),(4,11400),(5,16748),(6,16263),(7,20160),(12,15215),(13,31129),(15,17148),(17,8814),(19,21107),(20,23346),(21,557),(22,18557),(24,7944),(26,2818),(27,1276),(28,7469),(29,30800),(31,15660),(33,21337),(34,15642),(35,22074),(36,20448),(38,20246),(43,30617),(45,34088),(46,13245),(47,20628),(48,15910),(49,28744),(52,34836),(54,24585),(57,18823),(60,24798),(61,21036),(62,23828),(63,24348),(64,16230),(65,32202),(67,20093),(70,228),(71,7820),(72,8536),(73,10363),(75,543),(76,5186),(78,28414),(79,16806),(81,35644),(83,2991),(84,32043),(86,17454),(87,30420),(88,1615),(90,12182),(91,21054)]	108.027707
413	[(0,3771),(1,21029),(3,27671),(5,4303),(7,3835),(8,30871),(9,780),(11,4731),(12,12620),(16,4020),(17,23529),(19,17302),(21,16694),(23,33955),(24,8509),(25,19052),(30,33937),(31,2064),(32,2155),(33,20193),(35,2189),(37,15730),(38,22610),(41,2021),(42,2965),(43,32586),(44,35941),(45,10157),(47,35806),(48,31139),(49,27026),(53,35387),(54,7962),(55,16848),(56,14089),(57,26486),(59,27538),(60,37345),(62,31620),(63,8880),(65,30614),(67,25077),(69,34814),(71,6461),(75,32499),(76,9671),(78,7146),(81,32604),(84,10067),(86,514),(88,27314),(90,8859)]	113.470876
414	[(0,14712),(3,5213),(5,20861),(10,5428),(11,33696),(12,26427),(13,1641),(14,1662),(15,8121),(17,14016),(18,3241),(19,9421),(20,7064),(21,36378),(22,22420),(23,26071),(24,11046),(29,12523),(31,33163),(35,9368),(38,25102),(41,22981),(43,36390),(44,32636),(46,22367),(49,5818),(52,7500),(53,3183),(54,6732),(55,10951),(56,12061),(57,18045),(58,17225),(59,35367),(60,12896),(61,30574),(62,21490),(63,3925),(64,18791),(65,3304),(66,17218),(70,37069),(73,8376),(77,215),(78,36450),(79,7886),(81,22927),(83,24614),(84,17245),(86,24124),(87,30207),(88,10980),(89,14118),(90,20651),(91,11374)]	121.300901
415	[(1,9056),(4,23488),(7,1788),(8,30700),(9,25611),(10,31406),(13,4781),(14,29263),(15,32791),(16,24780),(17,31934),(19,28459),(20,5756),(22,21149),(23,23088),(24,9364),(25,23893),(27,17927),(28,31388),(31,6886),(32,31376),(33,34527),(34,13400),(36,3417),(38,3792),(39,17863),(40,19897),(41,29496),(42,7299),(43,35297),(49,16623),(51,28715),(52,35426),(54,29010),(55,7604),(57,28712),(58,8261),(59,13360),(60,14693),(61,16388),(63,10799),(64,1373),(65,34794),(66,34775),(68,8951),(70,29449),(76,18555),(80,7788),(81,19386),(84,36864),(85,5833),(86,6858),(87,3545),(90,17660),(91,14624),(92,12037)]	137.396548
416	[(1,8854),(3,17830),(5,35482),(7,8856),(8,17133),(10,10583),(11,32670),(12,2312),(14,9489),(15,33592),(17,19756),(19,27342),(20,6158),(21,23553),(22,17597),(23,31461),(25,7748),(26,28396),(27,332),(28,8167),(29,8348),(30,35689),(31,15241),(32,13307),(34,19045),(35,16190),(37,27996),(39,37265),(42,1869),(44,31569),(45,27209),(46,11378),(48,4772),(50,34989),(51,31978),(52,27712),(55,6192),(59,21385),(63,8060),(68,28377),(69,12997),(70,6152),(71,6695),(73,36265),(75,21803),(76,15118),(77,6825),(78,31506),(79,24653),(81,1017),(82,5091),(83,25826),(84,17247),(87,168),(88,18995),(89,28874),(91,33811),(92,30874)]	105.459783
417	[(1,18903),(2,29678),(3,33166),(6,35252),(7,14500),(10,32536),(12,29697),(13,35717),(14,18659),(15,352),(19,15672),(21,36666),(22,16110),(26,21454),(27,18256),(30,12776),(32,21927),(33,19534),(36,6534),(37,3088),(38,3095),(39,12369),(40,18235),(41,8381),(42,24721),(43,9023),(45,34104),(47,13254),(49,2637),(50,9632),(52,10325),(54,28347),(55,4873),(59,26314),(60,19600),(62,17688),(64,30616),(68,642),(69,6823),(70,12209),(71,19650),(73,1957),(74,23566),(75,5138),(79,8440),(80,24199),(84,8283),(88,15682),(89,25615),(90,5543),(91,22612),(92,5714)]	115.476445
418	[(0,3889),(1,20855),(4,1565),(9,1437),(12,10636),(14,29181),(19,16574),(20,447),(21,33031),(29,721),(30,24931),(32,10707),(33,32125),(34,11700),(37,9681),(38,34839),(39,23143),(40,31877),(43,36831),(44,36483),(45,7120),(52,32081),(53,16897),(54,31684),(55,2690),(56,14609),(61,14331),(62,35715),(64,31055),(66,3498),(67,29698),(70,10995),(71,20964),(72,30911),(73,31783),(74,34549),(75,376),(76,31822),(77,31712),(82,19299),(83,18392),(84,21866),(85,31911),(88,8782),(91,32853),(92,1478)]	113.574086
419	[(0,13612),(1,15892),(2,11043),(3,36949),(4,17373),(6,21454),(7,18256),(9,13354),(12,15554),(13,1992),(14,20524),(16,28626),(18,13515),(21,20472),(22,19737),(23,27170),(24,4491),(25,19817),(26,30566),(28,24420),(30,103),(31,6239),(34,13693),(36,496),(39,3600),(40,37043),(41,30787),(45,17215),(46,15492),(47,28349),(48,5280),(49,12891),(50,2399),(51,16976),(53,33059),(54,22652),(55,23593),(56,9799),(57,33226),(61,28594),(63,18023),(65,8844),(66,24208),(67,31707),(69,19639),(71,23415),(72,33466),(73,34909),(75,30460),(76,1867),(78,32137),(79,20069),(83,25349),(84,14142),(85,4993),(90,10886),(92,6847)]	114.008075
420	[(0,24214),(1,18836),(2,29069),(3,7759),(4,2609),(5,26122),(6,34305),(7,21937),(8,10400),(11,20404),(14,30535),(16,32475),(18,1062),(20,7304),(21,17193),(22,2939),(23,11239),(24,34419),(25,37236),(26,12787),(27,36202),(29,7164),(31,8657),(32,16540),(33,27104),(34,26548),(35,29440),(40,10747),(42,4993),(44,31302),(45,2363),(46,11389),(47,37390),(48,37239),(50,31557),(51,1319),(53,36250),(54,22620),(55,32757),(56,36376),(57,18350),(59,4308),(62,14545),(63,10632),(64,25825),(65,3946),(66,23020),(68,17199),(71,20516),(75,1673),(76,8484),(77,2298),(78,16512),(79,16703),(80,14368),(81,21933),(83,22572),(84,31351),(85,761),(87,17925),(88,9204),(89,16023),(91,34983),(92,6918)]	107.170848
421	[(0,35319),(2,13545),(5,32908),(6,15797),(9,17722),(10,1248),(11,5505),(12,14919),(14,1052),(15,20555),(16,34474),(17,575),(18,28447),(23,22276),(24,24914),(25,1220),(26,25411),(28,28187),(30,26673),(33,19206),(34,12755),(35,36703),(37,16334),(38,13355),(39,24966),(45,30885),(47,27416),(48,23437),(50,499),(51,21538),(52,25556),(53,37165),(54,4196),(57,3833),(58,34811),(59,5388),(60,30587),(61,3731),(62,27020),(63,20202),(67,1803),(68,13318),(69,14581),(71,2017),(72,22027),(73,25693),(74,23872),(75,6284),(76,36938),(77,33323),(78,23226),(79,37144),(80,7575),(81,10219),(83,29416),(86,9458),(87,23946),(88,16995),(89,16736),(90,20387)]	107.385222
422	[(0,26303),(1,13457),(2,18465),(5,34114),(6,3152),(8,9881),(9,9397),(10,16664),(12,21341),(14,26956),(15,4497),(16,35453),(17,28821),(20,3991),(23,37467),(24,26115),(28,12083),(29,11793),(30,31391),(31,45),(32,26814),(33,34703),(34,23463),(35,10426),(37,12530),(39,27178),(40,32231),(41,13302),(44,19344),(45,19362),(46,8708),(47,16263),(49,24338),(51,13636),(52,22037),(58,15480),(59,11762),(60,24713),(61,17623),(62,35209),(65,29055),(66,25562),(68,11630),(72,3682),(73,35245),(74,30423),(75,31497),(76,19893),(77,11090),(79,32199),(84,22820),(86,8583),(87,3262),(88,20338),(89,19922),(91,22134)]	107.905654
423	[(1,4645),(2,31932),(4,12760),(5,32887),(6,12002),(8,10022),(10,13246),(13,8862),(16,28181),(17,8645),(18,9128),(19,5120),(21,10035),(22,30543),(23,6410),(24,26369),(27,32452),(29,28801),(31,19372),(33,30480),(34,31401),(38,19044),(39,12868),(40,23737),(41,9262),(42,24837),(46,34753),(49,1612),(50,15341),(51,15679),(52,15884),(53,14778),(57,23516),(59,206),(60,7297),(61,27104),(62,28974),(63,8453),(66,31622),(68,23356),(69,6803),(72,983),(75,9003),(76,28079),(77,24300),(78,5889),(81,9854),(82,4022),(83,27321),(84,5332),(85,4654),(86,5260),(87,21304),(88,13466),(89,16911),(92,4554)]	116.965886
424	[(1,20883),(3,28787),(8,9929),(9,12651),(10,7752),(11,21812),(12,30767),(13,8623),(14,37105),(17,27608),(19,18807),(20,14184),(21,10179),(22,21114),(24,17576),(26,19443),(28,19692),(30,14362),(32,35797),(34,34033),(36,2349),(37,523),(39,10168),(41,7025),(45,10159),(49,23424),(53,23264),(54,1939),(57,30134),(59,30142),(60,34130),(63,18123),(64,13655),(66,24810),(67,3064),(68,18923),(71,22107),(74,34883),(76,16669),(77,11544),(78,4569),(80,8895),(81,6769),(83,26085),(85,21704),(86,31439),(92,32371)]	128.274050
425	[(0,28970),(1,17646),(2,14299),(3,15999),(4,25758),(5,35465),(7,9861),(8,32276),(9,4823),(11,2650),(13,32040),(16,19408),(17,2773),(18,16352),(19,20911),(20,22648),(22,2359),(23,7646),(27,3797),(28,33339),(29,10582),(30,8983),(33,20375),(36,33007),(37,16593),(38,13421),(39,26341),(42,13177),(44,11915),(45,27912),(50,2232),(51,23873),(52,180),(53,18353),(54,10173),(55,22643),(56,29991),(57,25457),(58,15719),(59,33482),(60,29740),(66,6035),(67,12240),(68,28084),(70,22998),(71,30399),(73,32843),(75,35317),(80,2239),(81,8421),(83,32238),(87,11572),(89,25108)]	105.885944
426	[(3,8362),(4,31806),(6,30213),(11,20451),(14,31417),(15,927),(19,1623),(20,16003),(21,8902),(24,19183),(26,20777),(27,32144),(33,4491),(34,14450),(35,3418),(36,33644),(37,28611),(38,25588),(39,37552),(40,17306),(41,15307),(42,10716),(44,12299),(45,19622),(46,23972),(48,34131),(53,32071),(54,12710),(55,28771),(56,33808),(57,23747),(60,32233),(61,34632),(63,26308),(65,973),(66,20968),(68,19948),(70,2173),(72,13502),(74,28430),(75,25900),(76,11220),(80,27252),(81,19517),(82,24159),(84,18174),(86,24923),(88,13345),(90,28597)]	108.674678
427	[(3,24244),(5,22636),(6,1715),(8,19011),(9,27375),(13,1410),(14,11791),(16,19610),(18,20068),(19,23745),(20,8665),(21,21308),(23,22946),(27,2131),(33,26965),(34,9983),(35,31572),(36,1526),(37,27213),(40,22632),(41,37554),(42,23405),(43,6050),(45,6360),(46,4726),(48,25576),(49,20555),(50,25792),(53,17466),(56,33376),(57,4271),(58,7810),(59,18628),(61,20778),(62,36739),(65,30159),(66,4773),(67,7531),(72,7660),(75,11898),(76,35693),(77,26260),(79,11209),(80,35543),(81,12409),(82,36237),(83,5991),(85,7968),(86,14188),(87,26867),(89,254),(90,9491),(91,24283)]	109.083049
428	[(0,1517),(1,32572),(2,567),(4,37311),(5,35640),(6,12072),(7,21419),(8,19310),(9,14043),(10,7829),(11,3986),(12,27668),(13,338),(16,1247),(19,26784),(20,9429),(22,12701),(23,25526),(27,18724),(29,8133),(31,28531),(32,7895),(33,24109),(34,33950),(35,14748),(36,6852),(37,85),(39,30653),(40,16911),(42,23272),(43,23080),(45,12145),(50,6465),(51,12571),(58,14378),(59,28302),(60,22041),(61,20454),(63,2882),(65,12889),(66,2233),(67,27517),(68,25674),(69,8371),(70,358),(71,4945),(75,17342),(76,25520),(77,29302),(81,9526),(82,11383),(84,31108),(86,17769),(88,12979),(89,35518),(90,10357)]	110.543729
429	[(3,24990),(5,24942),(6,26835),(7,35536),(8,21773),(9,13282),(10,35687),(12,3095),(13,20130),(14,24712),(16,1294),(17,32823),(18,13334),(20,31054),(21,37220),(24,22679),(25,2746),(26,8450),(27,15587),(29,17379),(31,37001),(32,598),(33,37046),(34,18263),(37,9856),(39,21533),(40,17466),(41,18587),(42,3785),(43,6166),(44,13939),(45,32954),(46,11376),(47,36147),(51,30724),(53,161),(54,32976),(56,28176),(58,36354),(59,23318),(61,19044),(62,12868),(63,23737),(65,13092),(67,30119),(68,12225),(71,1915),(74,15061),(75,33104),(77,12169),(80,34467),(81,29455),(83,16962),(84,34433),(88,22139),(89,3459),(91,474)]	118.949319
430	[(2,33296),(3,15073),(4,33252),(5,5450),(6,32973),(7,5371),(8,5396),(9,13890),(13,7990),(14,6907),(15,33634),(17,35576),(19,26759),(21,33708),(26,16370),(27,22479),(30,26969),(32,8402),(33,8197),(34,30409),(35,19321),(36,16549),(39,25141),(42,8107),(43,35997),(45,13680),(47,10264),(48,22552),(49,6567),(50,26282),(51,16483),(54,1327),(56,34249),(58,19587),(59,3473),(60,114),(61,32238),(63,34928),(64,36988),(65,16085),(66,16111),(67,17146),(69,4136),(71,26462),(73,5901),(75,6222),(76,11162),(77,5117),(78,17151),(80,8270),(81,6699),(82,3841),(83,35712),(84,37468),(86,2393),(87,14180),(88,12281),(89,28351),(91,2256)]	113.029790
431	[(1,25591),(2,30050),(5,15315),(6,24005),(10,16940),(13,37095),(14,36310),(18,10485),(19,6392),(21,29846),(22,34910),(26,30561),(27,7088),(31,24154),(32,15825),(33,24569),(34,3971),(35,37449),(36,19337),(38,20367),(39,11354),(40,33910),(41,25062),(45,15363),(46,31624),(47,24246),(48,2622),(51,10529),(53,14474),(54,198),(56,34041),(57,18052),(61,1203),(63,8688),(64,25042),(66,13808),(67,27423),(68,30203),(72,20497),(73,27401),(74,16137),(75,25178),(76,7693),(78,8084),(79,35476),(83,30486),(86,32728),(87,26798),(88,9194),(90,14621)]	115.513380
432	[(0,34963),(1,19908),(2,20328),(3,20186),(4,11477),(6,21771),(7,36200),(8,21522),(9,8473),(10,4443),(11,37529),(14,34874),(15,32062),(16,1675),(18,2442),(19,12362),(20,27273),(21,15225),(22,25308),(23,2025),(26,24301),(28,2416),(30,34037),(31,23650),(35,18980),(39,14319),(40,33072),(41,33262),(43,8845),(44,30367),(46,16055),(47,12186),(49,12020),(50,10851),(52,5375),(53,18763),(54,26107),(56,17425),(57,8734),(59,1415),(60,37164),(62,9503),(65,21447),(66,35156),(67,7910),(72,1501),(74,36790),(77,2237),(79,16922),(82,10558),(83,34394),(84,32585),(86,21778),(87,28163),(89,11802),(90,5500),(92,7472)]	118.491601
433	[(1,29860),(5,18997),(6,19944),(10,16350),(15,20448),(16,3776),(17,30659),(18,29790),(19,16333),(20,14465),(21,26593),(23,21670),(27,642),(29,1843),(30,23130),(31,18581),(33,20698),(34,27171),(38,25439),(39,1230),(41,16290),(42,17925),(44,23182),(45,8531),(47,21519),(49,18984),(51,33447),(52,7123),(55,23555),(56,32987),(57,8905),(58,33986),(59,13583),(60,34437),(63,5463),(65,854),(67,8565),(68,32263),(69,12482),(70,22771),(71,27335),(73,17560),(74,24586),(76,11657),(79,843),(83,13861),(84,7848),(90,26966),(91,4193),(92,33917)]	135.168339
434	[(0,24442),(6,208),(7,2960),(8,19139),(11,496),(14,23584),(15,30706),(16,34202),(18,7153),(19,24774),(20,35070),(21,25440),(22,24777),(25,8636),(26,35991),(27,27708),(28,33380),(31,35719),(32,22940),(35,35757),(37,28392),(38,9618),(39,35609),(40,8978),(41,37067),(42,24295),(44,14889),(46,36866),(47,8159),(49,20845),(50,3640),(52,14141),(54,22400),(55,2267),(57,36616),(58,978),(59,8898),(60,559),(62,31508),(65,4715),(66,18586),(68,11355),(69,22527),(71,19060),(77,9696),(78,20279),(81,31484),(82,11320),(83,16367),(84,13449),(85,31619),(86,18232),(87,9564),(89,5827),(90,25217)]	111.750619
435	[(0,8894),(1,31543),(2,19824),(3,15979),(5,590),(6,30541),(7,14318),(8,4305),(9,1606),(11,34103),(13,10403),(17,26905),(18,34105),(19,5333),(20,16957),(21,25471),(22,15773),(25,15057),(26,9968),(28,30523),(30,19414),(31,26993),(32,26543),(33,4348),(34,6253),(36,25354),(37,13800),(38,1955),(39,19503),(40,7105),(41,7239),(45,32277),(48,14714),(49,36248),(50,32566),(51,6325),(52,1661),(53,12314),(54,5340),(55,29626),(56,12444),(57,3567),(58,28237),(63,28463),(64,5291),(65,33421),(67,34730),(68,18900),(72,20852),(76,26781),(77,19186),(79,5969),(85,15446),(86,5355),(88,26645),(89,8535),(90,1910),(92,7834)]	118.497366
436	[(1,12405),(6,31266),(9,29264),(10,33998),(11,24205),(13,13561),(17,6047),(19,21551),(20,31627),(21,20297),(22,27192),(23,19752),(24,12451),(27,10201),(28,4466),(29,34698),(32,16967),(33,10793),(34,23416),(36,23298),(37,6827),(40,20287),(41,37108),(42,6256),(43,34293),(44,161),(46,6564),(49,4859),(50,13165),(55,36940),(60,228),(66,5607),(67,32262),(68,4632),(69,21473),(70,10109),(74,24991),(76,32724),(78,30736),(79,12549),(81,4245),(85,34129),(87,6195),(90,4202),(91,8178),(92,20649)]	121.695004
437	[(0,10125),(1,5592),(2,2514),(3,10590),(5,32847),(11,8655),(12,2581),(14,33441),(15,18292),(17,21785),(20,14561),(21,15678),(22,7029),(24,37267),(25,4433),(27,21954),(28,13143),(31,32441),(32,16762),(37,24444),(38,17923),(40,34573),(41,27027),(43,17017),(44,14373),(45,2472),(46,36835),(49,35089),(52,37242),(53,10923),(54,3093),(56,34323),(57,18091),(60,28499),(61,31591),(62,24921),(63,28953),(65,15231),(67,5071),(68,17486),(69,24125),(71,18984),(73,16812),(74,6185),(77,28644),(78,6255),(79,27991),(81,29217),(82,20948),(86,16680),(87,29268),(88,8441),(91,17617)]	114.910339
438	[(0,15590),(1,11525),(2,18837),(3,12897),(4,28831),(7,11180),(10,14474),(11,198),(12,28410),(13,111),(14,2447),(19,30858),(21,31965),(22,35716),(23,18462),(24,29842),(25,33535),(27,20602),(28,29294),(29,7923),(30,9101),(31,23844),(32,32403),(33,6212),(34,2747),(36,15862),(37,4164),(38,24722),(40,894),(42,12244),(43,11295),(45,11461),(46,4989),(47,25345),(48,17198),(51,15911),(52,7503),(54,20102),(56,10345),(57,10262),(59,28544),(60,33342),(61,2983),(62,669),(69,26619),(73,13659),(74,28409),(78,24554),(80,16505),(82,22910),(85,2326),(86,36941),(89,1992)]	112.161345
439	[(0,25731),(2,422),(3,12089),(4,34299),(5,7915),(7,6683),(8,32168),(11,971),(12,801),(14,30676),(16,13302),(17,22879),(18,24004),(19,7677),(20,13234),(21,16521),(24,32749),(28,9891),(30,26597),(33,30580),(35,16684),(36,4892),(37,34773),(38,27895),(39,9341),(40,7963),(42,34911),(43,3715),(44,18422),(46,24336),(48,21870),(49,21901),(51,10293),(53,34362),(54,21196),(55,12359),(60,20644),(62,14870),(64,20435),(66,721),(67,24931),(68,20107),(70,25701),(75,6813),(76,2388),(77,10385),(79,33066),(80,27923),(82,21758),(83,27743),(87,1887),(88,25474),(89,13503),(90,19846),(91,30546)]	113.166621
440	[(1,20994),(2,18291),(4,13191),(10,13187),(11,8253),(13,31798),(14,29413),(16,22476),(19,19363),(20,6033),(22,15321),(24,36076),(25,14264),(26,9457),(29,19112),(30,20028),(31,4396),(33,853),(34,2239),(36,17985),(37,16063),(39,37110),(40,5696),(41,31671),(44,12715),(46,37172),(47,1036),(48,12914),(49,10609),(50,9125),(51,37494),(53,21758),(54,9293),(55,34585),(56,20893),(60,32122),(61,26635),(62,565),(64,31360),(65,14994),(66,8815),(69,25435),(71,18917),(73,26259),(74,6422),(76,33641),(79,21044),(80,9182),(81,17713),(83,3041),(84,30938),(87,4147),(89,18089),(90,11926),(91,35084),(92,12133)]	124.771072
441	[(0,31125),(2,14189),(3,12207),(5,29270),(6,7283),(7,18536),(9,21011),(11,30819),(13,21759),(14,10786),(16,16056),(17,7985),(18,28631),(22,12433),(25,5454),(27,2924),(31,14350),(33,9776),(37,17173),(38,14651),(39,31444),(40,17156),(41,5395),(45,27526),(46,37592),(47,9881),(49,2906),(52,34704),(53,27453),(55,17277),(58,24486),(59,27111),(60,32404),(61,8538),(62,14008),(64,25705),(66,2349),(67,523),(69,10417),(70,17771),(72,10570),(73,33276),(74,29185),(78,32977),(80,31593),(82,30007),(83,17188),(85,3313),(86,5372),(87,12609),(90,3929),(92,7127)]	117.998816
442	[(0,21189),(1,1332),(2,7763),(3,2229),(4,15000),(6,28660),(9,5266),(10,37551),(11,18785),(14,8997),(15,10799),(16,14581),(18,25195),(19,30768),(22,20375),(23,30550),(24,15990),(29,8871),(30,1076),(31,5255),(32,32958),(34,3281),(35,23702),(37,16898),(39,3079),(40,1053),(42,31766),(43,20591),(44,5050),(46,8424),(47,9752),(48,19053),(50,26208),(51,12372),(52,8616),(53,8471),(54,23951),(55,29018),(58,17669),(59,15297),(60,19993),(61,8107),(62,18539),(63,32410),(64,5103),(68,12208),(69,26060),(70,20056),(71,17889),(72,7592),(74,22441),(75,29887),(76,19172),(77,36452),(80,33814),(81,11088),(85,22798),(86,33539),(88,32095),(90,22232),(91,24928)]	129.231750
443	[(4,27684),(5,10939),(9,37284),(10,5319),(12,23262),(13,3794),(14,33898),(15,33148),(16,17996),(21,33473),(23,16092),(24,4237),(28,26265),(30,8614),(31,7827),(33,36117),(35,3269),(36,37509),(37,32614),(41,16554),(43,36767),(44,16269),(46,37178),(49,12575),(51,29068),(52,27220),(53,36315),(54,26413),(56,20181),(57,19406),(58,11643),(59,3532),(64,21374),(65,15475),(66,13128),(68,29377),(70,29081),(71,3262),(73,25252),(76,3674),(81,9265),(83,19439),(84,30978),(85,3373),(87,9855),(88,24898)]	115.906024
444	[(4,20850),(10,36526),(13,32031),(14,17888),(15,4687),(17,22630),(20,21454),(22,19532),(24,33684),(26,31029),(27,23458),(30,34557),(34,3022),(35,26589),(38,13335),(39,26237),(40,34012),(41,20920),(43,23778),(45,18577),(53,29442),(55,31330),(56,26609),(57,17013),(59,20372),(60,31807),(62,17487),(63,2083),(64,7580),(65,13136),(66,1311),(67,28306),(69,16256),(71,8748),(72,22167),(73,22001),(75,8463),(78,33199),(80,18063),(81,20911),(82,9529),(85,27694),(86,23095),(87,24997),(91,15183),(92,29191)]	117.019942
445	[(0,12023),(2,36043),(3,29928),(4,4323),(5,21019),(7,31971),(8,32380),(10,11226),(16,6048),(17,5508),(19,11000),(20,696),(21,28912),(22,11694),(24,5742),(25,32190),(26,13579),(27,13410),(28,17950),(29,31390),(30,34516),(31,4127),(35,24289),(36,18698),(38,35016),(39,15703),(40,25144),(41,30822),(42,21318),(43,16217),(45,4861),(46,3908),(47,7333),(48,28058),(49,11018),(50,25170),(51,24616),(53,28910),(55,519),(60,3087),(62,36711),(63,24051),(66,5833),(68,13618),(69,19201),(70,58),(71,10745),(75,3023),(78,26613),(81,31611),(82,33007),(83,13552),(84,16878),(87,29286),(91,10975)]	115.029776
446	[(0,2502),(1,19290),(3,7787),(5,21831),(6,20079),(7,18083),(8,3347),(10,30371),(13,30094),(14,7044),(17,3897),(20,26279),(23,3895),(25,32381),(26,22285),(30,3126),(33,20047),(34,17107),(36,6002),(37,34215),(39,12984),(40,18232),(45,5053),(46,14811),(47,12854),(53,15811),(54,10807),(56,3361),(57,28143),(61,27061),(62,10849),(63,27977),(64,16001),(66,8646),(69,36591),(71,20451),(72,23148),(73,33573),(74,4953),(76,24722),(77,23975),(78,37239),(80,9364),(83,29902),(84,3181),(87,5003),(90,17898),(92,23453)]	113.726527
447	[(2,17903),(3,20551),(4,31789),(5,26442),(6,27177),(8,10563),(10,27370),(12,28908),(13,30142),(15,21098),(16,33623),(17,33035),(18,4264),(19,17328),(21,2231),(22,15379),(25,886),(26,5660),(29,10199),(31,5771),(32,14784),(34,35576),(36,28717),(37,16283),(39,9519),(40,32476),(43,33939),(44,17604),(45,18210),(47,37405),(49,880),(50,6425),(51,18165),(52,2885),(53,24337),(56,30435),(60,20391),(63,22665),(68,18768),(69,34559),(72,16000),(73,16656),(75,24744),(77,29754),(78,26011),(80,33666),(82,13363),(84,37275),(85,33396),(86,13230),(89,18407)]	118.360679
448	[(1,37553),(2,33171),(4,33971),(5,24110),(6,35928),(8,21976),(9,11569),(10,21799),(12,12574),(13,6634),(15,466),(16,4398),(18,54),(19,19144),(20,18562),(21,29581),(22,25025),(23,1720),(24,30313),(26,10090),(27,32347),(28,11117),(29,8817),(30,16676),(31,11788),(32,30624),(33,28854),(35,19035),(36,9304),(41,36416),(43,24559),(44,10454),(45,26693),(46,35274),(51,32721),(52,35074),(53,4756),(54,10987),(55,14181),(58,15280),(60,16983),(65,36210),(67,6822),(69,26645),(70,16034),(71,1488),(73,12298),(74,2891),(75,14893),(76,13177),(78,11915),(79,27912),(80,20046),(82,26904),(83,36592),(85,1893),(86,5910),(87,22698),(88,7705),(89,25059)]	113.210316
449	[(0,24889),(1,3947),(2,2390),(3,15274),(4,30120),(5,17994),(6,15033),(8,13760),(10,36962),(11,18707),(14,21317),(15,24197),(16,31319),(18,28543),(19,29449),(21,35412),(25,2492),(27,30923),(29,33086),(30,28739),(31,26210),(33,28556),(36,4602),(38,28479),(39,30788),(41,24760),(43,27453),(44,34955),(47,10767),(48,15076),(51,10352),(52,31616),(53,33754),(54,6349),(55,32036),(56,9735),(57,611),(58,14211),(59,5785),(62,37018),(64,6188),(65,19074),(67,20440),(68,18141),(69,31897),(70,954),(72,21998),(73,29702),(74,9751),(75,14814),(76,17112),(77,20955),(78,21100),(79,16617),(80,19859),(81,19719),(82,15037),(84,4987),(89,482),(91,25964)]	123.450859
450	[(4,31596),(5,4408),(8,9678),(9,4419),(10,28666),(13,16007),(15,16148),(18,28421),(20,19703),(23,7616),(24,26336),(25,12243),(27,4733),(29,15182),(32,31274),(33,3119),(34,15270),(35,4433),(37,26548),(38,29440),(39,8845),(41,29928),(42,4323),(43,21019),(46,9577),(47,3606),(49,14458),(50,18901),(51,35844),(52,19705),(55,2460),(56,11738),(57,12858),(58,20425),(59,16775),(60,33332),(61,26211),(63,21771),(64,10067),(66,8175),(67,7037),(69,21086),(70,24003),(71,12071),(73,2681),(75,27740),(76,1580),(77,16964),(79,9453),(80,37339),(82,19803),(83,7289),(84,12977),(86,26463),(91,1176)]	110.374513
451	[(0,34349),(1,2018),(4,23277),(6,19217),(7,8092),(9,29354),(10,23290),(12,28663),(13,5171),(14,32490),(15,37384),(16,22909),(19,30468),(23,34139),(24,9248),(25,21880),(26,37150),(27,35060),(29,20321),(30,9457),(33,26782),(34,17029),(35,8809),(38,21912),(40,21385),(43,19183),(45,18472),(47,10154),(51,23973),(53,28764),(55,6175),(56,25091),(57,11231),(59,17144),(60,35683),(61,31849),(62,17224),(63,8501),(64,27417),(66,36158),(67,15962),(70,6439),(71,18094),(73,35980),(75,32784),(76,17460),(77,29913),(81,13037),(82,18183),(83,27713),(86,14839),(87,15123),(88,18825),(89,27274),(90,12891),(91,26901)]	134.472632
452	[(1,24498),(2,16492),(3,11328),(5,18464),(6,23705),(7,425),(10,23917),(11,31032),(13,9537),(16,14626),(19,137),(22,12097),(26,20118),(27,31146),(28,20657),(29,30169),(32,14042),(33,36284),(35,23493),(36,9213),(39,24653),(41,13558),(42,29419),(44,27178),(45,32895),(46,15921),(47,24360),(49,3994),(50,13918),(51,20680),(52,12584),(54,36290),(57,15020),(58,14595),(59,21791),(62,29997),(63,2788),(65,4707),(68,29101),(69,37339),(70,24443),(71,35853),(72,15485),(74,16835),(77,6311),(78,32629),(79,11093),(83,28066),(84,3944),(85,25635),(86,3755),(88,15136),(89,13268),(91,21793),(92,10913)]	133.549151
453	[(0,10685),(2,20671),(4,27540),(5,30768),(6,16756),(7,12922),(8,664),(9,9735),(10,611),(12,14676),(13,14815),(14,14023),(15,23199),(16,17860),(22,26125),(25,27760),(27,24554),(29,6314),(30,14551),(31,18133),(32,23856),(33,24724),(35,23516),(36,3532),(38,6340),(39,13902),(42,17342),(43,19739),(44,21199),(45,29411),(46,12345),(48,31283),(51,22571),(53,32196),(56,4125),(57,27581),(58,33229),(59,23214),(60,754),(65,28081),(66,16080),(67,284),(70,18517),(72,21343),(73,31960),(75,31539),(77,34587),(78,8303),(80,32595),(83,26385),(87,10617),(88,3261),(91,24927),(92,3336)]	115.972144
454	[(0,9891),(2,36333),(4,9791),(5,6158),(6,14623),(7,21834),(8,1655),(11,12072),(12,33258),(14,33080),(15,21224),(16,29828),(18,22386),(20,32952),(23,10246),(24,6686),(29,16146),(30,9865),(31,37074),(32,15757),(33,26863),(34,5141),(35,14543),(36,24689),(38,36955),(39,4053),(40,28529),(41,8555),(43,28575),(44,11239),(45,24500),(46,29072),(51,6380),(52,25445),(53,2676),(55,34462),(56,13305),(58,23815),(60,26936),(61,24822),(62,22198),(63,33997),(64,35848),(67,29687),(69,15345),(72,9400),(75,1485),(76,6075),(81,11089),(82,8210),(83,35369),(84,24636),(86,28671),(89,12145),(90,27711),(92,18981)]	107.119304
455	[(0,13318),(1,14581),(3,79),(5,10117),(6,26256),(7,84),(10,10172),(13,26165),(17,11094),(18,30653),(20,24676),(22,12576),(23,16451),(25,18607),(29,16476),(30,34395),(32,19912),(33,14367),(34,35439),(37,16785),(38,4736),(39,15373),(40,5652),(41,21044),(42,9182),(43,17713),(46,25667),(47,22695),(48,8471),(49,11045),(54,23249),(56,13696),(58,2621),(61,25709),(62,7176),(63,23802),(66,12724),(68,14211),(69,9526),(74,18313),(75,57),(76,13823),(77,8764),(78,2264),(80,36447),(81,14041),(82,6372),(83,12376),(89,2880),(90,34530)]	110.680132
456	[(2,18451),(5,30417),(7,28684),(11,12399),(13,16569),(14,21305),(16,21970),(17,30442),(18,18664),(19,33540),(20,10076),(22,9819),(26,32838),(29,13069),(30,28867),(31,12354),(32,21722),(33,27010),(34,11517),(36,7998),(37,11250),(40,26232),(41,34474),(43,17080),(44,27478),(45,35917),(48,561),(49,27867),(50,6380),(52,7566),(55,23243),(57,11758),(59,11358),(60,17319),(61,895),(63,29320),(67,1308),(68,34233),(70,5261),(71,9003),(72,11028),(73,12299),(74,19622),(75,7995),(77,18922),(81,7425),(82,28171),(83,31850),(84,7999),(88,24627),(91,31609)]	110.748352
457	[(0,23566),(1,7564),(4,23584),(6,19480),(8,34038),(12,2036),(20,26604),(22,34421),(26,34448),(29,26766),(30,35648),(32,6190),(34,11836),(35,17595),(36,30996),(37,32064),(39,6653),(42,19888),(46,4759),(47,33218),(50,2191),(51,3483),(52,25394),(53,20732),(55,12274),(56,14243),(59,15480),(60,11762),(61,24713),(62,17623),(63,35209),(66,15354),(67,8126),(69,2701),(70,3718),(71,15052),(72,24136),(73,3425),(75,32903),(77,33820),(79,28285),(80,22240),(81,19743),(82,22095),(84,6811),(85,32359),(86,22043),(87,16870),(88,2506),(90,32234),(91,2967),(92,17123)]	119.275023
458	[(0,23319),(2,6722),(6,23805),(7,14130),(8,21746),(10,10681),(11,7030),(13,32291),(14,12998),(15,5800),(18,12220),(19,1189),(20,10666),(21,28918),(22,14433),(23,33756),(25,2823),(26,11182),(27,27862),(28,1420),(29,22163),(32,19021),(33,31303),(34,7855),(36,715),(37,8798),(39,21973),(41,18481),(43,10552),(46,27413),(48,23283),(51,10035),(52,3668),(54,12507),(57,28227),(58,9481),(59,23804),(61,12169),(63,7116),(66,17672),(67,10980),(69,26654),(73,14466),(78,30148),(79,25129),(82,35575),(85,19377),(87,32480),(88,23766)]	112.006882
459	[(0,23324),(2,12350),(8,1968),(9,13790),(12,9827),(13,32086),(14,2633),(15,34464),(16,25499),(18,1968),(19,13790),(22,26897),(24,9211),(25,19099),(27,12309),(28,18890),(29,36402),(32,22672),(33,32051),(36,17086),(37,14069),(38,4214),(39,7576),(40,395),(41,25966),(42,6266),(45,37456),(48,30810),(50,4980),(52,18925),(53,1151),(54,30178),(55,25286),(56,3343),(57,14803),(61,29736),(65,33239),(66,19434),(69,12056),(70,19990),(71,6282),(72,29108),(74,10250),(75,19032),(76,23636),(77,19326),(78,35932),(79,3964),(80,28201),(81,18130),(82,19731),(83,10727),(85,12807),(88,10570),(89,10556),(90,23087),(91,5855)]	114.738315
460	[(0,30360),(1,23796),(4,32190),(5,3824),(6,36393),(8,10097),(9,26209),(13,9415),(15,24550),(18,24353),(19,2512),(24,2794),(25,14175),(28,31213),(29,29491),(30,22126),(31,29522),(35,22020),(36,11682),(37,23071),(38,5442),(39,8842),(40,24492),(45,29373),(46,969),(47,34454),(48,15667),(50,1165),(51,31729),(55,13172),(57,21395),(60,33062),(61,33573),(63,22748),(64,37596),(70,5967),(71,9538),(73,21541),(74,29175),(79,17697),(80,5949),(81,27732),(82,11360),(83,30652),(84,36647),(88,29507),(89,73),(90,9508),(92,26458)]	136.546891
461	[(4,17852),(5,15730),(6,954),(7,28255),(8,21886),(12,28152),(14,12774),(19,28128),(20,33189),(21,15170),(22,43),(24,3764),(27,9658),(28,11210),(29,26769),(30,244),(31,5859),(34,1689),(37,14168),(38,22992),(40,21863),(41,8072),(43,12989),(44,9293),(46,25739),(48,8455),(49,30949),(50,17232),(51,36590),(52,36741),(53,29017),(55,9999),(56,35284),(60,2623),(61,2781),(62,16811),(63,13073),(64,28139),(65,5498),(66,25528),(68,1509),(69,27461),(71,2207),(72,24764),(73,27146),(76,4564),(78,6433),(80,26631),(81,2618),(82,5993),(83,33681),(84,28550),(87,15667),(88,36006),(89,10021),(90,14308),(91,35177)]	118.274907
462	[(4,35607),(5,14573),(6,27744),(7,25639),(8,19436),(9,15131),(10,20552),(11,24716),(14,17446),(16,3307),(17,17362),(18,11864),(19,2594),(20,23660),(21,2036),(24,22671),(25,25963),(26,13755),(31,33762),(33,6315),(34,25422),(35,4288),(42,30816),(43,15061),(44,33104),(45,30028),(46,31286),(47,30317),(48,11932),(50,30263),(52,34633),(55,20086),(57,36447),(58,9352),(64,31221),(68,14336),(69,3152),(71,12794),(72,27657),(73,36067),(75,20335),(76,4333),(77,5794),(78,1739),(79,11077),(80,2133),(81,37014),(82,32366),(83,7818),(84,24947),(86,15940),(87,34620)]	113.293976
463	[(0,677),(2,25050),(4,11397),(5,19043),(6,29479),(11,22299),(14,30906),(18,7966),(21,6708),(24,1820),(25,31014),(26,19913),(30,26828),(34,34785),(35,8461),(36,22277),(38,27818),(39,11138),(42,19209),(43,4996),(44,26323),(46,12799),(48,10831),(49,29868),(50,14785),(51,13564),(55,5037),(56,13327),(57,34499),(62,36316),(63,22662),(64,36445),(65,3063),(67,14664),(68,22303),(70,16327),(71,13932),(73,744),(74,1769),(77,18377),(80,26466),(81,21694),(85,23771),(86,14886),(87,988),(88,4293),(89,15331),(90,3577),(92,2848)]	113.960460
464	[(2,20981),(4,19886),(5,20394),(6,5832),(8,32058),(9,31167),(10,37249),(11,31348),(15,14619),(18,24423),(19,31282),(20,8453),(24,6628),(25,35089),(26,33574),(27,34799),(29,28435),(30,37351),(31,32464),(33,34825),(38,25561),(39,16925),(40,28010),(41,11427),(42,8055),(43,24697),(44,15034),(45,23658),(46,23018),(47,5208),(51,24168),(54,23417),(55,23060),(58,25851),(60,4725),(61,31951),(62,2927),(64,12791),(65,9054),(68,32212),(69,6479),(71,30191),(73,8104),(76,36491),(78,17708),(81,1979),(82,17332),(83,23534),(84,35385),(85,22023),(86,31594),(90,13381),(91,6908),(92,23057)]	110.925480
465	[(2,25585),(4,34300),(5,37294),(6,3873),(7,12722),(8,21040),(9,16802),(10,5018),(15,5025),(16,23614),(17,6151),(18,33126),(19,17325),(20,20787),(22,26089),(23,30330),(25,27823),(26,28738),(27,17385),(28,18001),(29,24594),(30,20413),(31,32075),(32,36139),(33,4939),(34,29340),(35,23564),(39,26914),(40,9966),(43,35872),(44,60),(45,665),(48,199),(50,32973),(51,8134),(52,20009),(53,25552),(55,25643),(56,17229),(57,20104),(59,3668),(63,32352),(64,16033),(65,19165),(66,27788),(68,30203),(70,34259),(72,35028),(73,11026),(75,22967),(76,22844),(77,8614),(79,15200),(80,28416),(81,31269),(82,20330),(83,2282),(84,16115),(87,4641),(90,22485)]	121.228894
466	[(1,19672),(2,36116),(6,13102),(7,30351),(8,1521),(13,11473),(15,8294),(16,8928),(18,10381),(19,28522),(24,32633),(27,8128),(28,15669),(29,36623),(33,32925),(34,28026),(35,9993),(36,21447),(38,4131),(39,28550),(40,32124),(43,16046),(44,1052),(45,20555),(46,21883),(47,11862),(49,16811),(50,31369),(51,24596),(53,7189),(56,1602),(58,28539),(60,11705),(62,835),(63,13882),(66,16130),(67,1092),(68,19096),(69,13352),(70,20411),(71,3466),(73,22141),(74,1278),(75,31179),(76,18309),(77,27840),(78,12139),(79,14892),(80,37064),(81,11894),(82,30086),(83,34729),(85,35122),(87,4469),(88,22342),(90,5134),(91,13306)]	127.951847
467	[(0,28293),(1,6194),(2,18905),(3,36975),(5,27248),(7,3936),(9,26959),(11,15124),(12,6772),(14,25267),(15,30777),(16,14045),(17,513),(18,35800),(20,6953),(23,13338),(24,23789),(25,37524),(28,29543),(31,19064),(32,13422),(33,35857),(35,23508),(38,18340),(39,23572),(40,17948),(41,5919),(42,25639),(44,29703),(45,30827),(47,29031),(48,20585),(50,4521),(53,11560),(54,2091),(56,28280),(57,35000),(58,31235),(62,359),(63,19166),(65,10949),(66,30239),(67,37208),(68,27370),(70,28908),(71,31696),(72,12188),(74,29556),(75,16057),(77,37373),(78,6783),(79,37360),(80,34294),(81,12667),(83,34877),(85,2697),(86,4267),(87,1557),(88,11520),(90,20325),(91,22365),(92,24735)]	114.521843
468	[(0,2752),(1,34640),(3,8235),(5,24151),(6,18822),(7,12518),(8,16983),(11,32879),(13,7756),(14,17962),(15,1607),(18,16714),(19,13464),(21,24236),(22,34552),(24,12741),(25,32072),(26,13655),(28,5653),(29,29543),(30,1718),(31,37348),(35,23323),(38,25460),(39,28159),(41,11699),(42,25806),(43,26429),(46,20302),(47,1103),(48,31663),(51,20507),(52,33262),(54,20624),(56,36993),(57,26155),(58,9497),(60,20233),(62,25816),(63,18537),(64,2049),(65,25344),(66,25632),(67,26321),(68,30247),(70,26035),(71,581),(72,34504),(74,4189),(76,610),(77,20392),(78,20761),(81,29834),(82,50),(83,24496),(84,31843)]	131.201795
469	[(0,2185),(1,27472),(2,5261),(5,7565),(7,6306),(8,1888),(12,8216),(15,18160),(20,12006),(24,12878),(25,13704),(27,17276),(28,14411),(29,20814),(30,18495),(32,10918),(36,25050),(38,19242),(39,2884),(40,32646),(41,3151),(43,11943),(44,1710),(45,20757),(46,22099),(47,34094),(48,13622),(49,6287),(51,13066),(54,3905),(55,32080),(58,23961),(59,20670),(60,25834),(61,24718),(62,14347),(63,6192),(67,20149),(68,4073),(69,14949),(71,18869),(72,26261),(73,20159),(74,35811),(75,14496),(77,13252),(79,23476),(83,11558),(84,23949),(86,5495),(88,9146),(90,10798),(91,34811),(92,32116)]	120.386436
470	[(0,32376),(1,17860),(3,13501),(5,2749),(8,23894),(9,1216),(10,33096),(11,21213),(13,7921),(19,27981),(20,3490),(21,37413),(23,34083),(25,4991),(27,2986),(28,7500),(30,16028),(31,20324),(32,33145),(33,7154),(34,14618),(35,25055),(36,14018),(37,25740),(40,1410),(42,19070),(43,36682),(44,29547),(47,19053),(48,7285),(49,3002),(51,25793),(52,4474),(53,29591),(54,15449),(56,26412),(57,4513),(58,36640),(61,12596),(62,35884),(66,9649),(67,31287),(68,19229),(69,37330),(70,36534),(72,23771),(73,14886),(78,8832),(81,33886),(83,26963),(84,5906),(86,29181),(91,18482),(92,29127)]	115.810164
471	[(4,18249),(5,32085),(11,32341),(12,164),(14,6572),(15,30469),(18,23970),(20,19867),(21,14105),(22,484),(23,4016),(24,1678),(25,32621),(29,18873),(30,32646),(31,3151),(32,26399),(33,27668),(36,4674),(38,26857),(39,15335),(40,7164),(41,5602),(42,22587),(43,25797),(44,33269),(45,21883),(49,18738),(50,10917),(52,36077),(53,5359),(54,9371),(57,29604),(58,30330),(60,32725),(61,25261),(62,1983),(64,21105),(65,3885),(67,33091),(69,31436),(70,33740),(71,24370),(72,31378),(73,5165),(77,17161),(81,29696),(82,10677),(84,22332),(86,36502),(87,27547),(89,1227),(90,5253),(91,11682)]	114.173602
472	[(5,13218),(8,24092),(9,2549),(11,35922),(12,31415),(15,18187),(16,9765),(17,36622),(18,17363),(19,24794),(20,33161),(21,35911),(27,25631),(29,34363),(31,13564),(32,26905),(34,8570),(35,33254),(36,23934),(37,5248),(41,137),(43,16468),(44,5085),(45,2414),(46,25022),(48,25433),(51,15008),(59,32643),(62,5599),(64,27439),(65,28832),(66,32187),(68,21403),(70,1110),(71,25200),(72,35345),(75,1280),(76,37140),(77,16059),(80,9965),(81,2028),(83,12795),(84,33703),(87,29394),(89,23959),(90,30209),(91,26402)]	109.188659
473	[(1,5816),(2,19502),(3,25894),(4,12647),(6,32890),(9,22373),(12,26459),(14,31138),(15,20626),(16,30842),(17,36424),(18,20355),(19,6689),(22,12782),(23,12078),(29,35956),(34,33682),(36,5901),(37,23265),(38,10594),(39,7487),(40,34728),(41,17524),(42,28415),(43,15566),(44,26912),(45,24678),(47,12672),(50,15403),(52,10096),(54,22325),(55,29200),(58,13940),(59,17831),(60,24018),(61,18347),(67,18603),(70,7629),(73,7076),(75,17728),(78,1374),(79,31518),(80,34930),(81,11874),(83,12080),(87,18384),(88,16423),(89,37422),(90,17931),(91,33945)]	120.821097
474	[(0,26512),(1,36963),(2,21484),(3,8769),(4,11014),(9,287),(10,24737),(12,21587),(13,16097),(15,22064),(17,16419),(18,2152),(20,10410),(21,15125),(22,7215),(24,26616),(25,30595),(30,26324),(34,5498),(36,34673),(38,25994),(39,28399),(41,6455),(42,6639),(44,28070),(46,10813),(47,2642),(48,5826),(50,24054),(52,20360),(53,4504),(54,16214),(57,21241),(58,18322),(60,22919),(63,34374),(64,9459),(69,16525),(71,33688),(75,5423),(81,7709),(82,29347),(86,3786),(87,4102),(88,1442)]	128.802397
475	[(0,18291),(1,26018),(3,17253),(5,6677),(6,10559),(13,30223),(14,7427),(15,29925),(16,27827),(20,25539),(21,13969),(22,33604),(24,7777),(25,30508),(26,23826),(27,12586),(30,18969),(31,12819),(33,14855),(34,26804),(36,4296),(38,28548),(39,19238),(40,34026),(41,25757),(43,3489),(44,1219),(45,27812),(46,27373),(47,5595),(48,25569),(49,3124),(51,34705),(52,33609),(53,35364),(55,20858),(57,29610),(58,30517),(63,27205),(64,17696),(65,30144),(66,33993),(67,47),(70,1895),(72,32804),(73,21387),(75,27147),(76,3861),(77,25781),(81,29166),(83,14221),(85,28325),(86,24663),(87,2321),(90,23236)]	113.789014
476	[(0,16685),(1,26141),(2,21905),(5,9740),(6,3199),(7,20749),(10,13141),(12,5732),(13,4384),(14,15444),(16,315),(17,19025),(18,37280),(19,28050),(20,24736),(29,12919),(30,810),(31,29635),(34,19526),(36,37042),(37,35836),(38,4192),(39,9380),(40,36480),(41,21601),(42,18601),(44,3967),(46,10099),(47,13218),(48,389),(49,6781),(51,31581),(52,6737),(57,23706),(58,33533),(62,4933),(69,24294),(71,6079),(72,33184),(74,20819),(75,28830),(76,33215),(77,36307),(78,4684),(79,16773),(81,2637),(82,9632),(83,453),(85,2126),(86,26949),(87,31849),(88,25641),(89,30353)]	105.867220
477	[(1,4949),(2,3678),(4,2864),(7,33841),(8,19836),(9,21118),(11,32563),(13,25659),(14,23619),(17,15076),(19,30516),(20,18495),(22,10918),(24,2832),(26,6382),(29,12295),(30,11880),(33,30723),(34,15318),(35,15640),(36,3350),(39,6674),(40,34236),(42,20226),(44,6772),(46,3283),(47,34398),(49,36451),(50,17260),(51,11306),(52,4857),(53,15018),(54,6378),(55,23376),(56,16727),(59,37102),(62,29716),(63,2367),(65,33842),(66,31255),(68,24752),(71,24838),(72,16722),(75,18723),(76,23401),(80,9069),(81,20426),(82,8818),(83,25226),(86,23194),(87,20223),(89,28754),(91,10310),(92,9878)]	140.428560
478	[(0,13896),(3,8753),(4,8353),(5,20131),(6,11796),(9,18853),(12,15833),(13,34841),(15,10353),(16,14147),(18,35249),(19,11681),(21,11453),(22,13391),(23,4359),(25,14141),(26,15576),(27,28381),(28,16210),(29,18437),(30,3398),(32,10360),(33,17220),(35,26292),(37,16558),(38,1323),(39,4119),(40,28386),(42,5867),(44,35681),(46,7471),(48,32531),(49,6001),(50,22689),(51,33052),(53,16064),(54,30105),(55,22526),(56,25853),(58,4602),(61,25732),(64,23540),(66,2655),(67,26860),(71,5181),(73,4188),(76,856),(77,13768),(79,9082),(80,29921),(81,4714),(82,31662),(83,12404),(84,16511),(85,5327),(86,10169),(89,7660),(91,29143),(92,31893)]	120.643623
479	[(2,2904),(3,10419),(6,5447),(7,19100),(8,13385),(11,9317),(17,30933),(19,17514),(20,3855),(21,31807),(22,3634),(23,1427),(26,8835),(28,1587),(30,2142),(31,4230),(32,37549),(33,24586),(34,33220),(35,12636),(36,3354),(38,13487),(39,1190),(41,36541),(44,28737),(47,16709),(49,9434),(51,2879),(53,9118),(54,26264),(55,25517),(57,1573),(58,32063),(59,35508),(60,28414),(61,5469),(62,18584),(64,37008),(65,17751),(66,1360),(67,20128),(68,26292),(69,34005),(71,35569),(73,35070),(75,2416),(76,26260),(77,12377),(80,12845),(81,35239),(84,37303),(85,20700),(86,10840),(89,12207),(91,29270),(92,7283)]	116.299855
480	[(0,21613),(1,5145),(2,13549),(3,35788),(6,15563),(8,10805),(9,31604),(10,18456),(11,14557),(13,27000),(14,9038),(17,3119),(18,11696),(21,3913),(22,23216),(26,31319),(28,28543),(30,1929),(32,21541),(33,29175),(35,27761),(37,17822),(38,6705),(40,34845),(41,31188),(42,37222),(43,7241),(45,30686),(46,7899),(49,36521),(50,19520),(51,34571),(52,31318),(54,27541),(55,28238),(56,26411),(58,20346),(59,6488),(62,8846),(64,28899),(66,9277),(67,616),(69,34315),(72,18635),(73,26771),(74,11730),(75,16045),(77,14963),(79,3717),(81,14098),(82,15102),(84,20909),(86,23669),(88,37341),(89,8935),(90,22957),(91,13895),(92,8528)]	112.122288
481	[(0,33384),(1,7135),(2,16875),(5,29717),(9,29751),(10,9162),(13,33202),(14,565),(16,19301),(18,22016),(19,22206),(20,17927),(21,31388),(22,34095),(24,11109),(27,35294),(28,30632),(29,9468),(32,1010),(37,17256),(39,8833),(41,34096),(42,25450),(43,14514),(44,27382),(45,37520),(47,29916),(48,36457),(49,4056),(54,26171),(56,32441),(61,28066),(62,3944),(67,11791),(68,2248),(69,34605),(70,9505),(72,6552),(73,17281),(74,10243),(76,33929),(79,8547),(84,35547),(85,14223),(86,20991),(87,20915),(88,22334),(89,34703),(91,11061)]	113.539030
482	[(2,12093),(7,12646),(10,14016),(15,22695),(16,7617),(17,18861),(19,8448),(21,33625),(22,28993),(23,4598),(24,19222),(25,30975),(26,7890),(27,3558),(30,15315),(31,27364),(33,32102),(34,20309),(36,28257),(38,26571),(39,32465),(40,10106),(43,14396),(45,36953),(46,28851),(49,13777),(50,27558),(52,4250),(54,30057),(56,19327),(57,15662),(58,34151),(59,7974),(61,24200),(63,25466),(64,33685),(65,27536),(67,13163),(71,4851),(72,9466),(73,11895),(75,17267),(76,33742),(77,34933),(78,11453),(79,13391),(80,10470),(82,3292),(83,30041),(84,9821),(86,29827),(88,24070),(89,26874)]	119.323311
483	[(0,2652),(1,1187),(2,34364),(4,16837),(7,35037),(8,4085),(13,4925),(18,26018),(20,15178),(21,123),(22,19210),(24,24945),(25,945),(27,31470),(28,12998),(30,9677),(32,12122),(33,8922),(34,7622),(35,25075),(36,3381),(37,7936),(39,9262),(40,23470),(41,15824),(43,2269),(47,6412),(48,7878),(49,6008),(50,8658),(53,18468),(54,5089),(55,36108),(56,2587),(58,23019),(61,10003),(64,22269),(65,7769),(66,37277),(67,17210),(68,1089),(69,20136),(71,28627),(72,518),(74,34771),(77,17824),(80,30024),(81,18103),(82,6629),(85,4554),(87,10101),(88,25366),(90,26498)]	110.172375
484	[(1,30426),(2,16234),(3,5462),(6,25074),(7,18110),(9,28059),(10,19767),(11,14951),(14,17187),(16,19408),(17,23015),(18,3592),(21,6081),(22,29691),(23,18895),(24,16170),(26,2583),(28,35548),(29,17973),(30,14138),(33,5012),(37,9111),(38,15407),(39,22351),(42,19176),(43,25567),(44,11523),(45,19016),(46,440),(48,4771),(52,16208),(53,6622),(54,30538),(56,35369),(57,24636),(58,19339),(63,30459),(64,29791),(65,29360),(66,37194),(71,28507),(72,25090),(73,13522),(75,31891),(76,30637),(77,35389),(79,25749),(81,6338),(83,7881),(85,10627),(86,16988),(87,14494),(88,31526),(89,23217),(90,19033)]	109.457899
485	[(0,29507),(1,24484),(2,13048),(5,5535),(7,17896),(9,19314),(10,35542),(11,281),(14,18826),(17,11079),(24,13137),(25,5589),(28,26601),(29,36832),(32,20405),(33,28969),(34,27824),(36,18579),(40,25747),(41,18424),(43,6931),(45,21150),(46,33589),(47,27257),(48,21117),(50,30445),(51,28185),(52,3855),(53,24628),(55,29866),(56,36630),(57,18409),(59,2872),(60,7719),(61,14213),(62,19233),(63,1366),(64,24888),(66,6521),(68,12906),(72,11958),(73,26796),(75,18810),(76,15602),(78,10063),(83,15640),(85,7966),(87,16672),(88,33669),(89,6033),(92,28387)]	107.467503
486	[(0,29815),(5,21829),(7,22718),(8,18067),(9,4853),(12,23135),(14,2225),(16,7370),(18,2759),(19,24760),(20,35304),(22,35164),(23,22988),(24,35350),(25,428),(26,10702),(27,10377),(28,4028),(29,16839),(30,20345),(31,15152),(34,27075),(35,11914),(36,5167),(42,27378),(43,34937),(44,6712),(45,29590),(46,28703),(47,1149),(48,25223),(49,28507),(51,34773),(53,24432),(54,19791),(55,20937),(57,35713),(58,1053),(63,20879),(64,4766),(65,3965),(67,13983),(68,9548),(69,24768),(72,14074),(77,7212),(78,26529),(79,26356),(80,19499),(84,31091),(86,6219),(89,10881)]	129.393650
487	[(1,23169),(2,21400),(5,2597),(6,11803),(10,14893),(11,6975),(12,20761),(13,23418),(15,36871),(16,12130),(18,31434),(19,19601),(20,22447),(21,789),(23,6028),(24,29813),(25,5201),(26,30171),(28,6171),(30,18440),(33,12053),(36,10288),(38,26195),(39,36415),(41,2221),(42,18925),(44,36768),(47,572),(51,20738),(52,33146),(53,17739),(58,30283),(59,1770),(60,15329),(61,14662),(63,28195),(64,31069),(65,11988),(66,22755),(68,28728),(69,31006),(70,3699),(71,6836),(74,398),(76,28365),(78,27696),(81,33916),(82,6029),(85,8902),(88,15074),(89,240),(90,26735),(92,2317)]	108.435819
488	[(0,26209),(5,26549),(8,30933),(9,27722),(10,32670),(13,3511),(15,23007),(16,22049),(17,35962),(18,12810),(21,25719),(22,26627),(25,23588),(27,28441),(32,6486),(33,24314),(36,20634),(37,21819),(38,11184),(40,14990),(42,24566),(43,27819),(44,17427),(45,90),(46,2477),(47,888),(48,33002),(49,26348),(52,3768),(53,17336),(55,17401),(57,7236),(59,6065),(60,13838),(62,34972),(63,13407),(64,5110),(67,5144),(69,28663),(71,19093),(73,21184),(75,6446),(76,34861),(77,33673),(79,25645),(80,15652),(83,13815),(84,33271),(86,32605),(87,975),(89,28374),(91,129),(92,19519)]	113.479672
489	[(0,22748),(1,6359),(4,14776),(8,12676),(10,19384),(11,11585),(12,27114),(14,22441),(16,19087),(17,13982),(19,33786),(20,34518),(21,15743),(24,34327),(25,11322),(26,21024),(28,17152),(31,21847),(33,17409),(34,19096),(35,13352),(36,21875),(37,19725),(39,7563),(41,25929),(42,8722),(43,6448),(44,19673),(45,12100),(46,29234),(47,4552),(48,28085),(49,3053),(52,26917),(54,26241),(55,37274),(56,19426),(57,26448),(58,6356),(60,15488),(62,28357),(63,20291),(65,18805),(66,34319),(67,34540),(71,35700),(72,19852),(75,5224),(76,22715),(77,13148),(83,33105),(85,16056),(86,19956),(89,24370),(90,26376)]	108.893984
490	[(8,3250),(12,15374),(14,1333),(16,2316),(17,33444),(19,12791),(25,8219),(28,33481),(29,31029),(32,19318),(33,5656),(36,17801),(37,14658),(39,33146),(40,14380),(41,8944),(44,10494),(46,13653),(47,19493),(48,17572),(50,2619),(51,33012),(52,1477),(54,20250),(55,6991),(56,5494),(58,11817),(60,35831),(61,1865),(62,37485),(63,24543),(65,27932),(66,715),(67,8798),(68,34921),(69,23083),(75,6730),(76,28679),(77,20584),(78,26157),(80,7533),(83,29208),(85,11796),(88,9675),(89,31549)]	109.411482
491	[(0,29477),(1,9205),(2,34133),(4,993),(5,4549),(6,20700),(7,34751),(8,11853),(9,2527),(11,107),(12,12350),(13,7924),(15,17934),(16,7905),(18,23271),(19,26424),(21,27010),(22,11517),(23,8944),(25,8902),(27,9816),(30,15289),(31,15421),(32,35509),(33,18381),(36,6727),(37,9510),(38,26344),(39,36189),(40,10107),(42,10340),(45,30809),(46,9792),(47,20827),(48,19346),(49,27561),(51,28997),(53,13377),(54,20835),(55,10092),(56,27690),(60,14251),(63,21665),(65,37263),(66,37404),(72,18111),(73,15838),(75,15227),(76,28468),(77,26849),(78,6605),(79,14496),(81,12869),(82,19140),(83,22769),(84,9047),(85,13718),(86,34795),(87,15272),(90,25784),(91,34631),(92,30138)]	125.632839
492	[(0,8906),(1,7023),(3,36978),(4,17675),(6,13512),(7,9976),(8,10305),(10,10000),(11,10331),(12,15442),(13,11197),(14,7349),(17,31993),(19,34342),(20,9795),(21,28503),(24,12083),(26,15072),(28,8987),(31,19747),(32,9722),(33,25983),(34,146),(37,23000),(38,21174),(39,36902),(40,301),(41,15750),(42,32653),(43,24427),(44,4712),(47,27016),(48,28157),(49,23862),(50,29222),(52,691),(54,22500),(56,9904),(58,20955),(59,21100),(60,16617),(64,31236),(65,27647),(66,21261),(73,1315),(74,27987),(75,23969),(81,4065),(82,20429),(83,6302),(84,7663),(85,15212),(87,17148),(88,37251),(90,26746),(91,12543)]	217.021657
493	[(1,17700),(2,13504),(4,21226),(5,12226),(6,17562),(8,24366),(10,21575),(11,366),(12,10734),(13,32908),(14,2868),(15,37106),(16,5337),(17,21668),(18,445),(20,5706),(22,2829),(23,5246),(24,30002),(25,19100),(30,4561),(31,35254),(32,20491),(33,17981),(36,2324),(40,12327),(41,4865),(43,34948),(44,26129),(45,4345),(46,19382),(51,14797),(54,3216),(57,7256),(58,20508),(59,30701),(62,5321),(64,20608),(65,18737),(66,20839),(67,1499),(68,5329),(69,15517),(75,25001),(78,29397),(79,25551),(81,34396),(83,23565),(84,25570),(86,3891),(87,8444),(88,11566),(90,29258),(92,5428)]	238.431062
494	[(0,10827),(3,14343),(10,34696),(11,25755),(14,22512),(15,23914),(16,8578),(17,9560),(18,32350),(21,20786),(22,24905),(23,30389),(24,6947),(27,11287),(28,5155),(29,15722),(31,26598),(33,1682),(35,13681),(36,35689),(37,18803),(38,4752),(39,36448),(40,3015),(45,34700),(46,6209),(47,14015),(48,9510),(50,22528),(51,7055),(52,21139),(54,17892),(55,1708),(57,4080),(58,31956),(60,16068),(63,13761),(67,7169),(68,24594),(69,35157),(72,24021),(74,17782),(75,12979),(76,31984),(79,12796),(81,20827),(82,16830),(86,3076),(87,32146),(88,5757),(89,21624),(90,22873)]	232.606318
495	[(1,17876),(3,21016),(4,28538),(6,23952),(11,27079),(14,33481),(15,31029),(17,31011),(18,11077),(19,27752),(20,5255),(21,9019),(22,1298),(24,5905),(25,12678),(26,19832),(27,13219),(28,31653),(30,199),(31,6413),(33,11526),(36,24015),(37,5710),(38,12048),(39,10031),(41,17132),(44,3218),(46,8992),(47,3667),(52,22512),(53,23914),(56,9449),(58,12808),(59,12615),(60,5749),(64,22061),(66,8156),(67,2509),(68,25887),(69,3132),(70,3936),(71,4249),(75,10980),(76,14118),(77,20651),(79,11661),(80,585),(81,6713),(82,37083),(84,22813),(86,10063),(89,25906),(91,24471)]	220.946313
496	[(1,29513),(2,35915),(3,30947),(4,9243),(5,4353),(6,35568),(8,36988),(9,34840),(11,8199),(13,34129),(15,6195),(18,20363),(19,19849),(20,37418),(22,36396),(24,7149),(25,16754),(26,10267),(27,6346),(31,16863),(32,1028),(33,14600),(35,23748),(36,36246),(37,22668),(38,18845),(40,30474),(41,26588),(50,24342),(51,22229),(52,13301),(53,4346),(54,560),(56,31270),(57,33982),(59,21037),(61,14238),(64,37326),(67,772),(68,34830),(69,17369),(71,4703),(75,32779),(76,1723),(77,26451),(78,30792),(80,22081),(81,35361),(82,28483),(83,29215),(85,10067),(90,35664),(91,14089)]	230.815382
497	[(2,4726),(5,3056),(6,1736),(8,7841),(9,5815),(11,33320),(12,28515),(13,12735),(15,17342),(16,16792),(18,25384),(19,19870),(25,22794),(27,12534),(28,14802),(29,11876),(31,25320),(33,7267),(36,20077),(37,20958),(38,1511),(39,31589),(43,3843),(45,22978),(46,7633),(47,31110),(48,27971),(50,6585),(51,32890),(52,20584),(53,26157),(54,5551),(57,9777),(59,26778),(62,29297),(64,29860),(65,35257),(66,26242),(67,4746),(69,13813),(71,19904),(73,5348),(76,28330),(77,24483),(78,9909),(79,36742),(81,4144),(82,13313),(83,17298),(84,5037),(85,22758),(86,35286),(87,15640),(88,20673),(89,23461),(90,18476)]	227.210856
498	[(0,6968),(1,26124),(2,8891),(4,8413),(5,29196),(8,28385),(10,37010),(12,5852),(13,37012),(15,34469),(18,9255),(20,8376),(22,35078),(23,27477),(24,10054),(27,12438),(28,12196),(29,24887),(31,27064),(32,22512),(33,23914),(34,8578),(35,9560),(36,32350),(37,12297),(38,18017),(39,33436),(40,31786),(43,30700),(44,11262),(47,21749),(48,1914),(49,34988),(50,4753),(51,14358),(52,18057),(56,25873),(57,33755),(59,23673),(60,14146),(61,25633),(63,10032),(64,4283),(65,16779),(66,23814),(67,30241),(69,6623),(70,13912),(71,6169),(73,26707),(77,30869),(78,22488),(79,35704),(80,23561),(81,5304),(82,36217),(83,2192),(84,8363),(86,3481),(89,30401),(90,33384),(91,7135),(92,37362)]	263.610809
499	[(0,25150),(4,10627),(5,34235),(6,8750),(9,28573),(10,8976),(11,33533),(12,32481),(15,1940),(17,7445),(19,36819),(21,26794),(22,20752),(23,15815),(24,15338),(25,10011),(26,30505),(28,18559),(29,16068),(32,14405),(34,34299),(35,33404),(38,33215),(39,16339),(40,30749),(41,35133),(42,34197),(43,35143),(44,23661),(47,10905),(48,26230),(49,33973),(50,5200),(51,30410),(53,14577),(55,29327),(56,22529),(58,23771),(60,32427),(61,24003),(62,31954),(66,20802),(67,18751),(68,2936),(71,24131),(72,23384),(73,16231),(75,36212),(77,33545),(78,32875),(79,32620),(80,21056),(82,22927),(83,31686),(86,34833),(87,12955),(88,11683),(89,21306),(92,19726)]	233.825740
500	[(0,2791),(2,29928),(3,24684),(4,34920),(6,19608),(9,35080),(11,35335),(12,36959),(14,16628),(15,34423),(16,13648),(18,35877),(21,23030),(26,25061),(27,33531),(28,7720),(29,23808),(30,29195),(31,28602),(32,5367),(34,15888),(35,10294),(40,36667),(42,20071),(44,20595),(45,21078),(47,4907),(48,20669),(49,5768),(51,3768),(52,34793),(53,6099),(54,29851),(55,32310),(56,5373),(57,22525),(60,34889),(61,30811),(62,31459),(63,29057),(67,28418),(71,30730),(72,17115),(74,23902),(76,12154),(78,32580),(80,13439),(81,30418),(83,18051),(84,20006),(86,34167),(87,19775),(88,6587),(90,7272),(91,31975),(92,25774)]	252.344603
501	[(0,11323),(1,36404),(2,3396),(3,36330),(4,33627),(8,30544),(9,29372),(11,30032),(13,23135),(14,26552),(17,31462),(18,2719),(21,21720),(22,19051),(25,11387),(28,3015),(29,8465),(32,33747),(34,30461),(35,25115),(36,30911),(37,31783),(38,32675),(39,16602),(43,33732),(44,30876),(48,14578),(49,5881),(51,33619),(52,15694),(54,14034),(56,4258),(57,7582),(58,2397),(61,10686),(62,23801),(64,29368),(66,9957),(67,29585),(70,14719),(73,25103),(74,17863),(76,37000),(78,36155),(79,21796),(81,28960),(82,10213),(84,21258),(87,1520),(88,163),(90,20868),(92,31769)]	225.562831
502	[(0,29246),(1,7348),(2,29915),(3,2240),(6,9184),(7,20773),(8,7453),(10,19039),(11,19253),(12,34712),(15,37388),(16,13208),(18,17857),(19,35374),(22,14311),(23,27424),(24,25495),(25,5524),(26,23530),(27,12370),(28,1179),(30,4328),(33,3469),(34,36863),(35,17496),(37,13952),(41,16437),(43,7348),(46,18921),(47,34070),(48,6557),(49,14879),(50,19317),(51,32568),(52,21436),(54,19670),(56,29528),(57,15755),(58,13289),(62,30594),(63,20941),(64,35773),(65,23744),(67,14444),(68,34337),(69,29107),(70,9313),(72,27213),(74,22449),(75,15026),(76,1353),(78,34624),(80,22654),(82,4804),(83,6052),(84,20266),(86,33621),(87,11391),(89,22733),(90,25733),(92,22513)]	227.966881
503	[(1,22874),(4,32866),(6,35051),(8,15136),(9,13268),(11,21793),(12,10913),(13,447),(14,8967),(16,32359),(18,20522),(24,22276),(25,18687),(26,13021),(27,4963),(29,36850),(32,27648),(34,35886),(35,27285),(39,19294),(40,33532),(41,23170),(44,1973),(46,3640),(47,10916),(51,16171),(54,28135),(57,17386),(59,24633),(60,34155),(62,23356),(63,2545),(68,33425),(69,2907),(71,2258),(72,31734),(73,6663),(77,17381),(79,8472),(82,6563),(83,20058),(84,5465),(87,12880),(89,614),(90,32710),(91,2992)]	224.599117
504	[(0,3953),(3,27329),(4,37091),(6,4302),(8,33187),(9,24144),(11,30784),(13,9019),(17,16354),(18,27201),(19,33640),(20,25475),(22,9896),(23,20301),(24,18305),(27,13969),(28,6389),(30,34684),(32,25670),(34,26645),(35,31471),(36,22419),(41,20436),(44,8607),(45,12612),(46,3232),(47,27358),(48,13617),(49,29542),(53,21960),(54,29724),(56,21903),(57,7569),(58,2981),(59,34076),(60,12974),(61,2726),(64,12994),(65,2406),(66,9391),(67,14681),(68,23036),(69,36878),(70,19335),(71,5261),(73,34836),(75,35608),(76,25901),(79,33606),(81,33166),(83,22585),(86,12037),(87,9196),(92,28760)]	239.928996
505	[(0,36718),(6,1772),(7,33892),(9,5739),(10,20102),(12,36436),(14,17252),(15,8621),(16,17322),(17,19935),(18,21548),(19,37019),(20,7605),(22,17256),(23,27426),(25,18166),(26,32639),(27,29738),(28,11928),(29,18350),(30,36670),(31,23218),(32,32676),(34,29579),(37,1940),(38,5143),(39,31940),(41,24678),(45,12363),(47,27620),(51,3724),(52,19251),(53,14064),(54,16410),(56,28178),(57,10158),(60,5681),(62,20069),(63,2867),(65,26476),(68,21669),(69,9612),(70,7536),(72,10771),(73,9464),(74,33488),(75,31950),(76,17318),(78,1768),(81,35455),(84,29079),(89,1887),(91,7690)]	251.603610
506	[(3,35735),(4,18241),(5,4477),(6,31828),(9,19906),(10,5280),(11,12891),(12,26901),(13,35058),(14,17033),(17,27672),(18,22692),(19,28470),(26,9944),(28,20159),(29,26712),(30,15618),(31,30930),(32,26330),(33,31338),(34,31549),(35,14660),(37,36070),(39,31026),(40,11582),(42,14848),(43,395),(46,20666),(47,8829),(49,252),(52,12643),(53,27718),(55,18065),(57,7596),(59,30403),(60,9633),(61,28795),(62,10337),(63,37524),(67,7257),(68,6491),(70,13266),(73,29990),(76,4561),(77,35254),(78,20491),(79,449),(80,36617),(85,30354),(88,14387),(89,33275),(91,8248)]	250.109227
507	[(3,26507),(4,9000),(6,7438),(7,18594),(8,28730),(9,35734),(10,16021),(11,36149),(12,23293),(13,19698),(14,19834),(15,33981),(17,6588),(20,7980),(24,10015),(28,27528),(29,19022),(30,24379),(31,36486),(32,12656),(35,18842),(36,1791),(38,37292),(39,2066),(41,15145),(42,14847),(44,5077),(46,2697),(48,10332),(49,32293),(50,35244),(52,28080),(53,28292),(56,17647),(57,18047),(58,34427),(60,9204),(61,16023),(63,8870),(67,14407),(68,33600),(69,12704),(72,7862),(73,11552),(74,11903),(75,1844),(76,15105),(80,20961),(82,18183),(84,35696),(85,34086),(86,12508),(87,16714),(88,6079),(89,33184),(90,23907),(91,12273)]	145.392388
508	[(2,24345),(3,30865),(4,19970),(5,36042),(6,33675),(7,25480),(8,27487),(9,22587),(10,17588),(11,4390),(13,4423),(15,7166),(16,33573),(17,32520),(18,14415),(22,16469),(23,28651),(24,756),(25,8122),(26,7635),(31,28903),(32,1590),(36,4502),(39,10083),(41,10417),(42,12261),(46,8824),(47,27907),(48,23152),(49,57),(50,27949),(51,19371),(53,30371),(54,28452),(55,28271),(57,5159),(58,29916),(59,14271),(60,21040),(61,2149),(62,32177),(64,24506),(67,25894),(70,34255),(75,1307),(76,36043),(77,1425),(78,1241),(80,12600),(84,16226),(85,10664),(87,29794),(89,37545),(91,9760),(92,19814)]	130.569462
509	[(0,4194),(4,28080),(5,31788),(7,21836),(9,31424),(11,107),(12,17969),(13,24703),(14,12026),(16,12872),(19,27164),(21,19990),(22,14821),(23,5189),(24,32266),(25,20792),(27,25921),(28,422),(29,12089),(30,2908),(31,31224),(34,16919),(36,4899),(38,19523),(40,27076),(41,22601),(42,8988),(45,30075),(46,16674),(47,17959),(48,19338),(49,11205),(50,9273),(51,456),(52,36584),(53,36488),(54,8552),(55,15857),(59,13600),(64,18941),(65,5433),(67,28552),(68,28578),(69,33086),(70,10070),(71,15668),(73,18506),(74,32670),(75,2312),(76,35825),(78,31412),(81,19476),(82,7666),(84,30282),(85,18007),(87,11870),(91,36122)]	113.112257
510	[(0,12968),(2,31195),(4,33257),(5,33143),(6,29454),(7,3919),(8,29879),(9,12225),(11,11449),(13,28949),(16,9779),(17,14426),(18,20002),(19,4666),(21,24285),(23,25669),(27,13465),(29,1447),(32,34489),(34,24847),(36,19680),(37,14563),(41,5251),(42,24412),(43,2917),(44,19698),(45,19834),(46,13827),(47,5213),(49,20861),(53,13019),(54,3469),(55,36863),(57,19312),(59,10967),(60,36025),(61,8011),(62,9286),(65,33780),(66,14098),(68,20629),(70,10697),(72,29060),(73,33311),(74,37397),(75,35117),(79,8191),(81,6541),(82,19974),(83,22443),(86,13122),(88,5584),(89,19351),(90,19821),(91,5635),(92,10188)]	117.824430
511	[(4,9667),(5,35559),(7,8329),(8,17754),(11,27161),(13,29648),(14,460),(15,27130),(16,24028),(17,24022),(20,30975),(21,17321),(22,16365),(23,1285),(24,19987),(27,4213),(28,31837),(30,26559),(36,28265),(37,29354),(38,1338),(39,16354),(41,11813),(43,6483),(44,21825),(45,22928),(46,32283),(47,29746),(48,2013),(49,18860),(56,18612),(57,26220),(58,18748),(59,22985),(60,16117),(61,22760),(66,11281),(67,18903),(68,9677),(70,12122),(71,8922),(72,10493),(75,404),(77,21381),(79,200),(80,29080),(84,1860),(85,22278),(86,35031),(87,5735),(90,18928),(91,35963)]	110.523473
512	[(0,22861),(3,24504),(4,30824),(6,31036),(9,9797),(13,22323),(17,30189),(18,15889),(19,27422),(20,10484),(21,5587),(22,22952),(23,19489),(24,12515),(25,2391),(26,12550),(27,23204),(28,34688),(29,21814),(30,30231),(31,12900),(32,30911),(33,25890),(36,22938),(37,11772),(38,14543),(43,32918),(46,10133),(48,18351),(49,5646),(57,16697),(60,9874),(61,34953),(62,37375),(63,19236),(64,29082),(69,16702),(71,15228),(75,2531),(77,22680),(78,18648),(82,9895),(84,15229),(86,30747),(87,27072),(88,21149),(90,29839),(91,2766)]	112.630097
513	[(1,23586),(2,247),(3,37433),(4,28453),(5,20858),(7,19475),(9,13144),(11,9671),(13,7146),(15,4539),(17,630),(19,27274),(20,16514),(22,24689),(24,10268),(27,19638),(29,10766),(30,13141),(32,5732),(33,19962),(35,967),(36,13912),(37,24948),(38,5877),(40,32841),(41,2074),(42,34783),(45,7270),(47,35),(48,17783),(56,19904),(59,36865),(60,19109),(62,17593),(63,2916),(65,33508),(66,573),(71,1575),(72,201),(73,20892),(74,3011),(76,19392),(77,4450),(78,33274),(79,161),(82,5139),(84,29314),(85,23118),(86,33180),(87,1463),(89,30804),(90,34822),(92,35379)]	113.329321
514	[(0,28793),(1,19464),(2,15272),(8,14246),(9,36469),(10,33570),(11,35040),(14,12334),(15,12326),(17,7995),(18,24342),(20,3127),(24,14004),(28,29784),(29,34143),(30,33097),(32,13996),(34,20419),(36,15993),(37,18196),(38,17857),(39,35374),(40,6505),(42,27539),(44,24945),(45,10339),(46,31614),(48,6523),(49,4721),(50,37525),(51,2035),(52,3470),(54,14547),(55,36148),(57,29606),(58,4686),(59,20500),(61,22116),(62,4646),(63,5990),(65,4394),(66,37224),(67,29101),(68,6129),(69,1347),(70,22578),(76,35804),(78,30165),(79,15288),(80,21677),(85,29025),(86,21380),(87,20270),(88,19603),(90,19059),(91,34731)]	122.451986
515	[(0,26067),(1,31680),(5,34315),(7,13423),(8,5752),(9,25823),(11,24854),(13,31476),(15,15450),(16,27363),(17,15915),(18,33013),(20,5630),(22,6385),(23,14087),(24,5076),(25,579),(26,1530),(27,18143),(28,22750),(29,12732),(30,17174),(31,10998),(34,5311),(35,22002),(37,16701),(38,19969),(39,1312),(40,13018),(41,8415),(45,19228),(46,30952),(47,8829),(48,31707),(49,1989),(51,35539),(52,23549),(55,5392),(57,12002),(58,27516),(59,3500),(60,11463),(63,12223),(65,4550),(66,3906),(68,22341),(69,10783),(70,15801),(71,20741),(72,15646),(76,7115),(79,10554),(82,6891),(83,2096),(84,3010),(85,14089),(87,8584),(89,34333),(90,30141),(92,9815)]	114.762521
516	[(0,13238),(1,30477),(2,19701),(3,36229),(6,28493),(7,8062),(8,28731),(10,27928),(15,24763),(16,28848),(18,2440),(19,8187),(20,23978),(24,2174),(25,33846),(26,9550),(27,27739),(28,37366),(29,28155),(30,7354),(31,8439),(32,32349),(33,19859),(34,17656),(35,6272),(37,25844),(38,18431),(39,17036),(40,7796),(41,1757),(42,19811),(43,22057),(50,17767),(51,18028),(57,20789),(60,9449),(62,8549),(63,19676),(64,11883),(67,9663),(68,17799),(71,25290),(73,3532),(75,6340),(76,2520),(77,11159),(83,21889),(85,36660),(87,23594),(88,28282),(89,6156),(91,31038)]	117.764237
517	[(3,37487),(5,31962),(6,29013),(8,14648),(9,25043),(10,7830),(11,37536),(12,8588),(14,36631),(15,27531),(18,15630),(20,15593),(24,15630),(26,11448),(27,2111),(30,26741),(31,11393),(32,24679),(33,13615),(35,7879),(38,36578),(39,33214),(40,1136),(41,15930),(42,23809),(43,12788),(44,21767),(45,13981),(46,32098),(47,31634),(49,4739),(51,31687),(52,35498),(54,34206),(56,37093),(57,19752),(58,10216),(59,32872),(61,31208),(62,37518),(63,33593),(64,13303),(65,28701),(71,17453),(72,30625),(84,36804),(88,9943),(89,18150),(91,20887)]	121.850948
518	[(1,30374),(3,2362),(4,36608),(6,20664),(7,7632),(8,4141),(9,28242),(11,8682),(12,30598),(15,7976),(17,33160),(18,2022),(19,12381),(20,34875),(23,17405),(24,19634),(27,8654),(28,3870),(29,10530),(30,34331),(31,36090),(33,6849),(35,10274),(37,16852),(40,4112),(42,18036),(43,1954),(47,19070),(48,31889),(50,27732),(51,11360),(52,30652),(53,36861),(57,30520),(58,13214),(59,30559),(60,5472),(61,6009),(64,5031),(67,13090),(69,9753),(73,23904),(75,33933),(77,18933),(80,20155),(81,30116),(82,12884),(83,13123),(86,23367),(87,23358),(88,4260),(90,15188),(91,17846),(92,3313)]	123.525033
519	[(0,30856),(2,20495),(3,33245),(4,16712),(5,3591),(9,12705),(11,30176),(14,26653),(17,955),(19,20737),(20,13942),(22,35467),(24,18871),(25,7232),(27,27672),(28,363),(30,1318),(31,8653),(32,1316),(34,4805),(37,9286),(38,23204),(40,22295),(43,27594),(44,36293),(45,11067),(47,21984),(48,31235),(50,26842),(52,32242),(53,4867),(55,17330),(56,36659),(57,16953),(58,29194),(59,34710),(60,27397),(61,10847),(62,16597),(63,11083),(64,2918),(68,33614),(69,558),(70,36885),(73,13108),(74,14050),(75,9225),(77,9533),(78,629),(80,23758),(85,32761),(86,10499),(87,20158),(88,27730),(90,4338),(92,5367)]	119.216914
520	[(0,26114),(1,31574),(6,16049),(7,19589),(8,11856),(11,17043),(12,23267),(14,34323),(16,2456),(18,10943),(20,29716),(23,277),(24,8019),(26,13416),(31,34679),(35,6276),(37,20479),(38,16860),(42,28885),(43,29529),(47,22020),(48,11682),(50,11660),(52,24049),(53,6062),(54,19935),(56,21273),(57,18314),(58,26036),(59,26805),(61,32929),(62,29644),(65,8028),(67,23462),(68,2769),(74,9832),(75,15796),(76,27711),(77,19472),(80,35647),(81,22433),(82,16363),(83,2175),(85,12712),(86,26226),(88,29108),(91,33079)]	111.895090
521	[(2,37499),(4,31322),(5,27439),(6,23717),(7,32237),(8,30983),(9,36612),(14,17999),(15,35080),(17,31895),(18,33290),(20,26957),(21,10510),(25,17542),(26,23813),(30,35637),(33,24972),(34,35216),(37,8264),(38,16684),(39,2490),(40,21101),(41,18487),(43,450),(44,33539),(47,27042),(49,30082),(50,18366),(52,16496),(57,20592),(58,19792),(59,1922),(61,20451),(64,31319),(65,14001),(67,33188),(68,36495),(69,20035),(76,12983),(77,27163),(79,16580),(82,21602),(83,31540),(85,10316),(86,5117),(88,33964),(89,1311),(90,28306),(91,34607),(92,15834)]	106.928421
522	[(0,34041),(2,8768),(4,999),(5,18939),(6,33597),(8,37325),(9,11458),(11,27227),(12,29803),(13,13024),(15,4178),(17,25598),(18,28383),(19,5663),(22,35591),(23,33869),(24,26894),(25,12384),(26,938),(27,4677),(29,21998),(31,31395),(34,25521),(36,3111),(38,29272),(39,2078),(43,11769),(45,30591),(47,18864),(48,26752),(49,13722),(51,36590),(52,12016),(53,27528),(54,27597),(55,26194),(56,18853),(57,1623),(58,27574),(59,25747),(60,18424),(63,19345),(64,9236),(65,37233),(67,14806),(69,922),(70,18434),(73,36410),(75,376),(76,31822),(78,30425),(83,7277),(85,30664),(86,30189),(87,3032),(88,17776),(89,21584),(90,7682),(91,27832),(92,4708)]	115.235275
523	[(0,5343),(2,6924),(4,4975),(5,13860),(6,16988),(7,14494),(9,37299),(11,31490),(13,31288),(17,5971),(18,6277),(19,30679),(21,13062),(22,34705),(25,18424),(30,30720),(34,35064),(35,6882),(38,12743),(39,5467),(41,2846),(42,15643),(45,36419),(47,6923),(48,33463),(49,33647),(51,19404),(53,15337),(55,7394),(57,14654),(58,36801),(59,20293),(60,12018),(61,3857),(62,29727),(63,21821),(65,35774),(66,35529),(67,22252),(71,32725),(72,25261),(73,24368),(79,9328),(81,13714),(82,21027),(84,10873),(85,34896),(87,7022),(88,13559)]	117.889534
524	[(0,11180),(3,7432),(4,5718),(6,11708),(7,34630),(11,32160),(13,31412),(14,29792),(16,20079),(17,29478),(18,10415),(19,15218),(21,6819),(22,22719),(23,30212),(26,12524),(28,10790),(29,29538),(31,10377),(32,6901),(33,23239),(34,5794),(35,17498),(37,20656),(39,672),(40,25198),(44,29579),(48,34802),(52,11197),(53,14054),(54,9587),(60,12071),(61,30068),(64,33005),(65,3202),(66,14393),(68,13582),(70,11044),(71,32221),(73,24477),(74,34251),(75,21368),(76,10248),(79,22175),(84,21063),(85,13185),(88,31302),(89,2363),(91,23581),(92,18124)]	122.874135
525	[(0,17420),(6,8662),(8,23586),(11,35630),(12,26297),(17,26252),(18,5761),(19,32217),(20,2953),(21,21978),(23,28107),(24,1260),(27,24303),(28,24365),(31,18820),(32,6137),(35,33517),(37,9600),(38,12563),(40,7947),(41,37240),(45,13696),(47,29233),(49,30296),(50,1678),(51,10084),(52,14202),(53,13488),(54,27111),(55,10714),(57,17732),(59,3612),(61,19978),(62,20744),(63,5537),(64,11233),(65,10891),(66,17687),(67,30415),(68,21936),(70,25722),(71,15836),(73,3682),(74,14824),(76,27702),(77,14634),(78,8813),(82,18773),(83,13666),(84,1523),(85,36153),(86,1859),(89,31095)]	132.196988
526	[(0,26115),(3,16459),(4,11308),(5,28782),(6,30042),(8,6603),(10,4090),(12,14753),(13,17566),(15,33260),(16,16807),(17,5954),(18,34046),(19,12968),(21,23658),(22,31907),(23,3322),(24,14815),(25,29050),(26,17862),(27,25511),(30,11952),(31,20584),(32,26157),(33,5551),(37,21075),(40,5056),(41,4364),(44,5144),(46,33322),(47,28219),(50,14662),(52,23492),(53,12706),(54,7060),(57,20652),(59,31327),(61,13779),(65,14734),(66,26461),(70,86),(71,17241),(72,28120),(74,11504),(75,14915),(77,16690),(78,11459),(81,16614),(82,10425),(83,4655),(84,27176),(85,6436),(86,7264),(90,31519)]	112.254023
527	[(1,13370),(2,31003),(4,34106),(5,25879),(7,19413),(8,14541),(10,8890),(11,29838),(12,804),(15,16515),(17,5039),(18,20506),(20,34520),(24,10857),(25,20957),(26,23435),(27,15981),(30,18961),(32,7496),(33,25820),(35,15746),(36,24631),(39,24644),(40,37438),(42,3317),(45,22744),(46,17692),(47,10046),(48,3276),(49,2251),(50,3154),(51,14324),(52,8020),(55,7989),(57,23536),(58,6451),(61,2495),(62,17426),(63,6951),(66,15025),(68,21944),(69,2211),(71,24221),(72,32306),(73,26911),(74,7964),(75,558),(78,4724),(80,4797),(81,29124),(82,26641),(83,20880),(87,2292),(89,18801),(90,29815)]	118.561755
528	[(0,6060),(3,17367),(5,33254),(10,20748),(13,5752),(15,20233),(17,36464),(18,22896),(19,20580),(25,8635),(27,8118),(28,9434),(29,2254),(30,4912),(31,30720),(32,19160),(35,17574),(36,32000),(38,29212),(40,9179),(42,25685),(43,27973),(44,26256),(45,10236),(48,30958),(52,18937),(55,22257),(58,31554),(59,35461),(61,16952),(62,25708),(63,27449),(64,605),(67,25199),(68,15511),(69,11325),(70,1349),(71,2510),(73,20876),(78,25334),(80,25730),(81,14577),(84,35840),(86,32596),(90,13290),(91,27354)]	112.094882
529	[(0,28347),(1,609),(2,8994),(3,13343),(5,30572),(6,11216),(7,19199),(11,35988),(12,15965),(13,31774),(16,8812),(19,12316),(20,35118),(21,8603),(23,27690),(25,26302),(28,9563),(29,37436),(31,14334),(33,29801),(34,13647),(35,32755),(38,12156),(41,30053),(43,27512),(47,20286),(48,8288),(50,13342),(51,25600),(52,16957),(53,25471),(54,12765),(55,28207),(57,33335),(58,30065),(59,20685),(62,28821),(63,22591),(65,6200),(66,19425),(67,19696),(68,19478),(69,5911),(70,20416),(72,3550),(73,33173),(74,28603),(77,23742),(78,34654),(80,18968),(81,8493),(82,17179),(83,13578),(84,32348),(87,35016),(88,15703),(89,31725),(91,9873),(92,27261)]	109.457798
530	[(0,9475),(1,8388),(2,13086),(4,35126),(5,36678),(6,7143),(7,6503),(8,16559),(10,11525),(12,24732),(13,15616),(14,17310),(15,5775),(16,32432),(17,25710),(18,13031),(19,5111),(22,2775),(24,9221),(25,11739),(27,34942),(29,9355),(30,28559),(31,16909),(36,6124),(37,11221),(39,7621),(40,32639),(41,16401),(42,34175),(43,11071),(44,19924),(46,1490),(47,4958),(48,11963),(50,17793),(51,22531),(52,11821),(53,4320),(54,12440),(55,15066),(56,7092),(58,21899),(61,9658),(62,17905),(64,26412),(65,4513),(66,8073),(67,29274),(70,16971),(71,12742),(74,9031),(76,29850),(79,24059),(80,28749),(81,31883),(83,8348),(84,35689),(86,16585),(88,27714),(90,20371),(91,1060),(92,31540)]	114.586471
531	[(0,26812),(1,375),(2,36479),(3,12705),(6,3468),(8,196),(10,7032),(11,29438),(12,7412),(15,21250),(17,26997),(20,11768),(22,22708),(24,4800),(25,19057),(26,10511),(28,31001),(29,9374),(32,14534),(35,30160),(36,13348),(37,27656),(38,15902),(40,20395),(41,3652),(42,23733),(45,2380),(47,35645),(48,23971),(49,23360),(52,1254),(58,3323),(63,32427),(64,27154),(66,30014),(67,32645),(71,10583),(72,22389),(73,20109),(76,3134),(77,24649),(78,16358),(80,18680),(84,35987),(85,12518),(86,34647),(87,4382),(89,29794)]	118.085566
532	[(5,22040),(6,6301),(7,9651),(9,4420),(10,29604),(11,8186),(15,22502),(16,6265),(18,22489),(19,7727),(20,29331),(22,35135),(23,11430),(24,25364),(26,26945),(28,12673),(30,4412),(31,4643),(33,25865),(37,21265),(39,1612),(48,33030),(49,27640),(50,7540),(53,36450),(55,4910),(57,15287),(58,5651),(59,2993),(60,6693),(61,33495),(62,27169),(63,9473),(64,1538),(66,1298),(69,4316),(71,4607),(74,23773),(75,37011),(76,29359),(77,28624),(78,8643),(80,7758),(82,13373),(84,19675),(85,21752),(86,15381),(89,36404),(91,32622)]	119.286714
533	[(0,6428),(2,7487),(4,20332),(5,5676),(7,28437),(8,6368),(16,29445),(18,22251),(19,3094),(21,17084),(22,32196),(24,26727),(26,16922),(27,20247),(29,13470),(30,36844),(32,35970),(33,602),(39,26252),(42,16377),(44,15182),(47,4805),(48,29187),(50,4890),(51,14687),(52,10068),(53,19285),(54,11746),(55,14604),(57,25367),(58,6258),(59,35489),(60,9615),(61,11070),(62,1087),(64,5542),(65,37185),(66,15038),(67,23788),(69,8835),(70,28128),(71,32296),(75,27387),(77,12182),(79,32893),(83,6006),(85,34587),(86,8084),(87,35476),(89,21738),(90,4357),(91,11918)]	113.119245
534	[(1,13494),(2,5519),(8,15397),(9,35187),(10,23528),(11,22171),(12,6540),(13,22842),(15,27072),(18,37533),(23,12048),(24,10031),(26,4601),(27,11835),(30,2394),(31,12310),(32,11163),(34,32336),(35,33877),(37,15725),(41,3059),(42,3256),(44,29448),(45,27127),(46,6352),(48,20269),(49,21118),(51,17934),(52,7905),(53,13495),(54,18707),(56,27),(57,30408),(59,361),(61,28241),(62,10757),(63,36824),(68,25747),(69,18424),(74,8524),(75,7934),(77,23191),(78,17715),(79,17598),(81,23791),(83,11659),(86,25304),(88,15519),(89,6355),(90,30958),(92,13283)]	128.919493
535	[(0,17820),(1,9437),(2,15782),(3,12118),(4,31795),(8,2957),(9,37243),(10,2938),(13,27056),(14,29582),(15,22430),(18,21400),(19,20771),(20,14227),(25,3982),(26,25550),(29,12945),(30,6655),(31,14561),(33,555),(35,1802),(36,17695),(38,14330),(39,33),(40,24045),(41,2128),(42,24579),(44,4078),(46,28887),(47,29567),(49,26873),(50,30747),(51,5995),(54,1544),(55,12559),(56,21157),(57,37377),(59,36181),(60,21739),(61,23823),(62,16240),(63,1937),(64,5895),(65,35729),(66,19),(67,14080),(69,25884),(71,12875),(77,26507),(79,11515),(81,4802),(85,35618),(86,32245),(87,3842),(88,16512),(89,36972),(90,19008),(91,3948),(92,33890)]	117.133411
536	[(0,3679),(1,14153),(4,608),(6,8495),(7,26199),(8,36068),(9,25264),(10,35072),(12,27752),(13,19113),(14,15852),(15,9492),(16,35728),(18,21022),(20,29232),(22,27162),(23,26059),(26,3428),(27,17957),(28,22557),(29,11730),(30,12261),(31,32917),(32,20924),(33,3387),(34,16842),(35,17559),(36,26079),(39,27386),(41,17531),(42,3448),(47,9694),(48,23440),(49,3912),(50,30246),(51,2329),(52,30211),(55,12311),(57,2536),(60,6370),(61,37272),(62,11305),(63,22613),(64,26094),(65,29240),(66,347),(69,34591),(70,847),(73,21888),(74,10239),(75,4485),(78,20993),(79,33439),(80,2734),(81,17792),(83,34833),(84,16737),(85,29796),(86,4276),(87,21457),(90,4402),(92,10785)]	118.539835
537	[(0,22477),(3,16546),(4,35434),(8,21657),(9,17125),(10,14921),(11,23517),(12,31681),(14,21090),(15,31849),(16,7361),(18,20766),(19,19581),(21,14593),(23,45),(24,26814),(25,34703),(29,30379),(30,31454),(31,31245),(32,13735),(33,31668),(36,19497),(43,18852),(44,19521),(46,3033),(48,31567),(49,4769),(50,27372),(54,5300),(57,22966),(59,3239),(64,26271),(65,8722),(66,6448),(67,1997),(68,27079),(70,30629),(71,11897),(72,3178),(74,11371),(77,25784),(78,34631),(79,23823),(80,16240),(81,1937),(83,9708),(84,16858),(86,31156),(87,37105),(88,30626),(89,5247),(90,10596),(91,2937),(92,30450)]	113.273544
538	[(1,5751),(2,26096),(4,23584),(5,30706),(6,34202),(7,26040),(9,14268),(13,17939),(14,33815),(17,3724),(20,28219),(21,37491),(22,32738),(23,1395),(29,14500),(30,18765),(32,23750),(36,398),(37,37426),(38,2313),(39,1716),(42,10491),(43,24143),(44,33453),(47,27342),(48,19506),(53,36325),(56,28457),(58,37242),(60,8668),(62,31864),(63,15228),(65,26823),(66,32589),(67,14823),(68,2640),(70,26353),(72,5491),(73,29240),(74,7046),(75,11463),(76,12783),(77,32884),(79,29663),(83,15271),(85,12886),(86,4947),(87,30350),(90,7221),(91,4434),(92,5078)]	110.876268
539	[(0,37578),(2,17824),(3,13494),(4,359),(5,18913),(6,16694),(8,23201),(10,11622),(11,15667),(12,36006),(15,10024),(17,28398),(21,36805),(22,6619),(28,13764),(30,31011),(31,11077),(32,16340),(34,25415),(35,22155),(37,16701),(38,26841),(39,1177),(41,15135),(45,13338),(46,24654),(47,6588),(48,3767),(49,2200),(51,6799),(53,14078),(54,30269),(57,4190),(63,7295),(66,13811),(68,18944),(69,26744),(70,20393),(71,32752),(73,26741),(75,16659),(77,10364),(78,13838),(79,22552),(80,2162),(82,20168),(85,1210),(86,35864),(88,18772),(89,36091),(90,15853),(91,22548),(92,24702)]	114.060449
540	[(1,20189),(2,26655),(3,31455),(5,12582),(7,22246),(8,32344),(9,34413),(10,357),(11,36156),(12,36149),(15,8632),(16,17761),(18,36128),(20,16125),(25,21930),(26,26037),(28,17405),(30,31549),(31,19771),(34,12946),(35,9936),(36,17861),(38,5227),(40,9533),(41,35651),(43,2404),(47,8911),(49,21532),(51,19153),(54,6039),(55,6255),(56,22149),(57,7013),(59,19266),(61,14431),(62,23604),(63,6979),(64,17123),(67,33825),(68,35967),(70,8237),(72,4899),(73,3688),(74,21861),(75,4818),(76,4457),(78,20432),(79,24996),(81,719),(82,22209),(84,31551),(85,23500),(86,8249),(87,5995)]	110.147581
541	[(0,17877),(2,18980),(3,22749),(5,33907),(6,12720),(9,21463),(10,7162),(11,17227),(13,10104),(14,30872),(16,20367),(17,22314),(18,21773),(19,13282),(20,35687),(21,16261),(22,6497),(23,4655),(24,27176),(25,26624),(27,2029),(29,10831),(31,23063),(32,8357),(35,28855),(36,22859),(41,22889),(42,29994),(43,10465),(49,18710),(54,35789),(55,5039),(56,20506),(57,19437),(59,14111),(61,24660),(62,25380),(64,27097),(67,21457),(68,25732),(71,6533),(73,14544),(75,11662),(78,32401),(80,17457),(81,24185),(82,30197),(84,12631),(85,10516),(86,4957),(89,31464),(91,28194),(92,26296)]	111.402096
542	[(0,2584),(1,31414),(2,6996),(3,25429),(5,19275),(6,31942),(7,29924),(9,36080),(12,16734),(13,21620),(14,26833),(16,18949),(19,25926),(20,28259),(21,12032),(23,34509),(24,29404),(27,5311),(28,12935),(29,541),(31,28417),(32,37041),(33,36540),(34,19738),(35,22271),(36,31921),(37,13778),(39,31461),(41,16853),(43,2751),(44,3789),(45,25105),(46,29499),(49,23775),(52,14066),(59,26089),(61,26672),(62,31260),(64,7466),(66,32792),(67,11716),(68,34408),(69,5900),(71,36849),(72,32192),(73,33914),(74,22051),(76,9678),(77,16762),(78,13130),(79,15879),(80,9156),(81,28911),(87,35146),(88,22645),(90,13247),(92,37291)]	108.047159
543	[(0,26965),(1,3151),(3,11943),(4,9667),(5,35559),(7,30631),(8,421),(10,1602),(12,30995),(13,14663),(14,2020),(15,26081),(16,2072),(18,5062),(19,6462),(20,24219),(21,9596),(22,9048),(25,19412),(28,30979),(29,10789),(30,37469),(32,5213),(33,21117),(36,28855),(37,9136),(38,2942),(40,24811),(41,12929),(44,2939),(45,11239),(46,34419),(47,24406),(52,17303),(54,6318),(58,951),(60,11190),(64,183),(65,4160),(69,20185),(70,889),(71,18518),(73,31238),(74,887),(75,14824),(77,27417),(80,24790),(81,23144),(82,19150),(83,30742),(85,2881),(86,1110),(87,25200),(88,36339),(89,32909),(91,4151),(92,7352)]	127.759870
544	[(1,36084),(2,20842),(3,16611),(4,5455),(6,19148),(9,27203),(10,3713),(12,28272),(17,16561),(19,7421),(20,20344),(21,22402),(25,8745),(26,8754),(28,3039),(30,24712),(33,4956),(34,6855),(38,8215),(40,12514),(42,17146),(51,16160),(55,27663),(59,4678),(62,24910),(63,26522),(65,14287),(66,13010),(68,6212),(70,28251),(71,20235),(72,22763),(73,24549),(74,11427),(75,8055),(76,1320),(77,36761),(79,29070),(80,14210),(82,9493),(84,10705),(87,2929),(88,17726),(89,23414),(90,29712),(91,30181),(92,23513)]	120.181764
545	[(1,9956),(2,4035),(4,33650),(5,31146),(7,31925),(11,8829),(16,86),(17,17241),(18,28120),(20,342),(22,17979),(26,1085),(28,35264),(29,21637),(30,11108),(31,22981),(33,27163),(36,5197),(37,8166),(39,30856),(40,15374),(42,14074),(44,24889),(45,2200),(48,3779),(49,23451),(51,25559),(53,5939),(54,12833),(55,11119),(56,5646),(58,4671),(59,31996),(61,7053),(62,14476),(63,20174),(64,35297),(66,9012),(67,36319),(70,27070),(74,7356),(75,25267),(77,31243),(78,12864),(79,25755),(83,9168),(87,27351),(88,34878),(90,19187),(91,29275),(92,19342)]	108.587838
546	[(0,21662),(1,34716),(3,26477),(4,6098),(5,7326),(6,36017),(9,17554),(14,20877),(15,17405),(16,26),(17,11823),(20,5247),(23,7506),(26,24439),(28,8317),(29,4047),(31,27048),(32,19562),(34,18199),(35,16086),(36,32607),(37,23137),(40,13334),(45,23168),(47,29266),(48,27060),(50,19463),(53,11882),(54,362),(55,9745),(58,2162),(59,12517),(60,25666),(61,2664),(62,9389),(65,21806),(66,1648),(68,15053),(75,22856),(76,2888),(78,31374),(81,32610),(82,30901),(83,14016),(84,3241),(85,22083),(86,8861),(90,18819),(91,5356)]	107.547710
547	[(0,7788),(1,18110),(4,7489),(5,6561),(6,26479),(8,15433),(12,26575),(14,12759),(16,29322),(17,14974),(18,7080),(19,33335),(20,30065),(21,3597),(22,8948),(23,19931),(24,23109),(25,24922),(27,31117),(28,26857),(31,12367),(32,25713),(33,17080),(35,3661),(36,31314),(37,21101),(38,989),(39,9385),(40,30242),(43,27772),(44,3860),(45,7109),(48,26312),(50,28161),(51,31210),(52,35908),(53,27361),(54,14685),(56,11366),(57,15611),(62,36386),(63,28643),(64,25998),(65,12288),(66,7589),(67,14999),(71,8034),(73,16098),(74,6626),(75,9032),(77,28869),(78,2569),(79,21684),(80,15486),(81,1685),(84,35369),(86,18998),(87,7409),(89,1983)]	108.488011
548	[(1,15538),(3,36468),(4,30920),(5,36499),(7,15645),(9,26771),(10,26262),(13,32430),(14,32982),(17,27842),(20,17863),(23,4498),(24,14029),(25,19211),(29,3969),(30,35104),(32,26131),(33,7476),(36,37532),(37,2951),(39,10563),(40,13193),(43,28748),(45,9137),(46,21402),(47,29206),(48,11251),(49,17938),(52,29059),(53,737),(55,17501),(56,17873),(57,12019),(58,2272),(59,9160),(60,11873),(62,23161),(64,11188),(65,23352),(66,8315),(67,14766),(70,26826),(71,18824),(72,18298),(73,24282),(75,18719),(76,21593),(77,1252),(78,8746),(83,15847),(84,33367),(88,28170),(91,4080)]	117.515838
549	[(1,14745),(2,4415),(3,6093),(6,17542),(7,24427),(8,4712),(9,1807),(10,36750),(13,10254),(14,24756),(16,6509),(18,30861),(19,26331),(20,32208),(21,30833),(23,35025),(24,17059),(28,31523),(30,23179),(33,2007),(35,10165),(37,1512),(40,31110),(41,1893),(42,5910),(43,25311),(45,23927),(46,30584),(48,24336),(49,24451),(51,23027),(54,4224),(56,2751),(57,37576),(59,27432),(63,2017),(65,22195),(67,36988),(68,34840),(70,36204),(71,4627),(72,34182),(74,26554),(75,13304),(77,35955),(79,9299),(82,11268),(84,26243),(89,6091),(91,36358),(92,37328)]	113.154993
550	[(0,31939),(2,23797),(3,33141),(4,26447),(5,36257),(8,6108),(9,36370),(13,27450),(14,37486),(15,15182),(16,35210),(17,17660),(18,14624),(19,12037),(21,32329),(24,36243),(27,33534),(28,29888),(29,18889),(30,31318),(31,33064),(32,1989),(34,29727),(35,15024),(37,33109),(39,7373),(42,30856),(43,19473),(44,35648),(45,22490),(46,33334),(47,6528),(49,28654),(50,22605),(52,7299),(53,35297),(56,33825),(58,9134),(60,22614),(61,8520),(62,27779),(66,26470),(67,3695),(68,3661),(69,30976),(70,34773),(73,1276),(77,8348),(78,35689),(79,15241),(80,22980),(81,4373),(83,28263),(87,20095),(88,16411),(89,1936),(90,8620),(91,8742),(92,13881)]	112.374446
551	[(1,23468),(2,20787),(4,4134),(5,25526),(6,27047),(7,6985),(8,8926),(9,7988),(10,7347),(11,9976),(12,881),(14,28455),(15,21588),(16,21895),(18,30714),(21,17931),(22,3778),(26,29936),(27,14969),(28,24316),(29,1551),(30,15655),(33,34604),(34,37543),(35,19333),(36,22398),(37,26521),(39,32653),(41,23609),(43,15133),(44,20755),(45,37476),(46,4773),(47,34160),(48,32094),(50,7934),(54,24015),(56,29208),(57,5131),(59,17855),(62,19309),(65,10919),(66,13012),(67,26724),(69,33895),(70,6375),(72,22940),(73,18710),(74,34965),(76,22565),(78,13043),(79,4392),(80,15931),(81,37042),(82,3414),(83,11870),(84,2699),(87,20427),(88,25124),(89,18424),(90,20578),(92,37569)]	106.675390
552	[(1,25921),(3,18945),(6,37236),(8,22192),(10,4495),(11,28084),(12,670),(15,26528),(16,8965),(17,36848),(18,23959),(19,12882),(21,24879),(22,11218),(24,2410),(26,30079),(29,13107),(31,3086),(35,5008),(36,8592),(39,23681),(40,3305),(41,1857),(42,23068),(43,11440),(45,2947),(46,16916),(47,2773),(48,34113),(49,7329),(50,27626),(51,37116),(52,20872),(55,31001),(56,9374),(57,362),(58,11255),(59,32835),(61,19918),(62,27143),(64,19887),(65,30205),(67,8583),(68,36050),(71,16048),(72,449),(73,36617),(75,27196),(76,5588),(77,754),(81,6090),(84,17718),(86,30918),(87,12202),(89,561),(91,10487)]	123.701891
553	[(0,27545),(1,2435),(2,33460),(3,36462),(5,16084),(6,9190),(7,279),(8,12529),(9,16847),(10,13319),(17,29079),(18,31417),(19,26161),(21,30795),(22,9586),(24,9346),(25,5780),(27,3109),(28,19504),(29,11384),(30,36886),(33,31367),(34,17638),(38,22341),(39,25776),(40,19178),(41,36955),(43,16013),(44,24295),(45,12678),(47,26916),(48,17675),(53,4605),(55,7548),(56,15990),(60,20771),(63,19844),(65,35213),(67,10800),(68,18023),(70,25276),(72,30596),(73,28946),(76,10319),(77,14328),(78,7729),(80,36499),(82,15645),(85,28122),(89,10024),(91,28398)]	123.382885
554	[(0,2328),(1,23843),(2,14503),(3,35890),(6,22272),(8,6025),(11,3130),(13,16317),(14,34177),(15,15968),(22,17119),(23,15587),(25,23034),(27,26313),(29,11381),(33,28161),(34,21012),(36,29855),(37,669),(44,12611),(46,34353),(48,33976),(50,19603),(51,11328),(53,6595),(54,14522),(55,10525),(57,10488),(60,24036),(63,5346),(66,7507),(67,36435),(68,21241),(69,18322),(70,24525),(71,7059),(72,21972),(75,32214),(76,44),(82,18919),(83,5713),(84,26087),(86,21016),(87,28538),(88,2373),(91,3446)]	109.886958
555	[(2,5423),(3,19159),(6,29653),(8,33931),(11,7441),(12,6991),(14,6665),(17,2373),(18,9009),(19,32345),(20,13423),(21,5752),(22,25823),(23,30679),(24,26830),(25,3767),(26,3947),(27,2390),(28,8830),(33,9900),(34,33505),(35,26412),(36,17020),(37,36981),(43,16105),(47,32564),(48,23269),(51,34527),(53,32114),(55,18430),(56,12059),(58,2532),(59,19122),(60,20689),(62,27308),(63,10970),(65,33280),(66,32865),(67,29728),(69,18112),(71,20879),(72,21631),(73,19967),(74,33081),(78,5133),(79,35879),(80,2159),(81,14891),(85,16074),(86,33372),(88,15863),(89,11084),(91,18295),(92,13419)]	110.673053
556	[(0,37148),(3,15767),(4,9414),(6,36778),(7,30591),(10,22679),(11,29705),(13,19794),(15,1631),(18,19964),(19,22050),(20,1551),(29,8976),(33,4266),(34,5125),(35,18230),(39,6527),(40,36325),(41,34879),(42,10158),(43,24047),(44,30486),(45,24910),(46,20254),(47,5043),(49,14066),(57,385),(58,31253),(59,18187),(61,24652),(63,5992),(66,22148),(67,5226),(68,35491),(69,7335),(71,30767),(72,27783),(73,4963),(77,18591),(78,314),(79,21336),(80,28972),(81,27172),(82,24286),(83,7132),(84,110),(86,21250),(88,16560),(89,25075)]	113.779368
557	[(1,31297),(2,37568),(4,497),(6,31834),(7,27679),(9,16360),(10,17807),(12,34073),(13,27445),(14,32059),(15,17317),(17,4585),(18,24146),(19,18943),(22,22022),(23,17793),(24,22531),(25,26214),(26,29093),(27,18671),(28,31920),(29,32456),(30,7338),(32,37135),(35,31209),(36,11853),(37,12612),(38,35880),(39,35830),(40,12555),(48,7244),(49,20619),(51,23880),(53,23192),(54,26188),(55,17559),(56,14168),(57,23764),(58,5899),(59,2901),(60,87),(64,11242),(65,36454),(66,25237),(67,19523),(69,550),(70,7738),(71,19525),(73,22534),(75,2384),(76,1508),(77,36489),(80,36655),(83,28852),(85,26462),(87,16115),(88,16167),(89,12993),(91,6746),(92,9091)]	121.127018
558	[(1,13841),(3,21716),(4,12584),(6,30826),(7,15787),(10,17961),(11,2063),(12,8789),(13,8999),(15,34434),(16,12645),(19,28728),(20,36408),(22,32928),(23,26787),(28,8341),(30,6846),(34,745),(39,3445),(42,37502),(43,2302),(44,299),(45,13861),(49,25276),(50,7031),(52,20464),(54,18856),(55,13162),(56,1661),(59,30307),(60,37512),(61,11055),(63,2784),(65,7281),(69,35190),(70,13866),(71,26015),(72,21503),(79,28431),(80,10235),(81,16298),(85,2769),(88,11907),(89,33004),(91,11289)]	118.146667
559	[(0,25852),(1,10736),(2,13786),(5,10932),(6,5399),(7,499),(9,34898),(10,8424),(11,9752),(12,11228),(13,2170),(14,37194),(18,18399),(20,5108),(21,9768),(23,1750),(24,7430),(25,1835),(27,10969),(28,34024),(31,13152),(34,26734),(37,10147),(40,31570),(41,8357),(42,34762),(43,8508),(44,10056),(45,35000),(46,3220),(51,36222),(53,4692),(57,33486),(58,25157),(59,8401),(61,11785),(62,2731),(67,20498),(68,26704),(69,20737),(70,34133),(71,2789),(72,819),(74,13004),(75,32466),(77,19425),(79,1362),(80,16728),(83,10911),(84,24221),(86,30773),(87,35928),(88,19986),(89,16020),(92,22598)]	113.282004
560	[(1,30083),(2,16285),(3,26987),(5,12577),(6,37589),(7,18847),(8,26633),(9,34834),(10,3971),(11,37449),(12,17865),(13,13225),(15,24909),(16,22431),(19,15362),(20,13299),(21,5113),(23,31677),(24,18954),(25,27456),(26,30064),(28,26488),(29,2407),(30,27187),(32,17431),(36,14894),(38,29496),(42,9837),(43,34948),(46,4273),(47,19853),(48,382),(49,20094),(54,21983),(55,28641),(56,25347),(57,18491),(58,2869),(59,14629),(62,25615),(63,5543),(64,18989),(65,24543),(67,27932),(69,15650),(72,23418),(73,34376),(76,37338),(77,13621),(78,19015),(84,22576),(88,30475),(90,32256)]	112.824586
561	[(1,13102),(2,30351),(4,29356),(6,21802),(7,11351),(8,23692),(9,25148),(11,15856),(12,29707),(16,12696),(17,5887),(18,5031),(20,14172),(21,34273),(23,18593),(24,9889),(25,32036),(28,35878),(30,1617),(31,36872),(32,9545),(33,1657),(34,15664),(37,19363),(38,20582),(39,28377),(41,34974),(42,2556),(45,23013),(48,23283),(50,33470),(51,35963),(53,3060),(57,19739),(58,21199),(59,12809),(60,37066),(61,28730),(63,15860),(66,25444),(67,10527),(68,3465),(69,14803),(71,19294),(72,1408),(74,19185),(76,17600),(77,853),(78,9939),(81,32989),(83,19064),(84,13422),(85,35857),(86,35206),(88,21241),(89,18322),(91,22402),(92,25699)]	138.634317
562	[(0,5117),(1,31352),(3,14646),(5,27912),(7,32099),(8,24503),(9,36856),(13,27153),(14,9530),(15,32873),(17,1155),(18,33637),(19,34717),(21,17087),(22,655),(23,7166),(24,32561),(25,7578),(26,36966),(28,29896),(29,34282),(31,15257),(32,7725),(36,7632),(37,23134),(38,36570),(40,18364),(41,36896),(42,12137),(46,13955),(47,21752),(48,15381),(52,1157),(53,12133),(57,17213),(59,32452),(60,31422),(61,31354),(66,569),(67,17690),(68,1425),(69,1241),(72,605),(73,33436),(74,31786),(77,31761),(78,18674),(79,6602),(80,36470),(81,34636),(82,30605),(84,27921),(87,17627),(88,23061),(90,34988),(91,13962)]	123.782144
563	[(1,29687),(4,14959),(5,11652),(7,2774),(8,1779),(9,26239),(10,7705),(11,13070),(12,13741),(15,20219),(19,21643),(21,18274),(22,18276),(23,22514),(24,27438),(26,29038),(28,27796),(31,5659),(34,27795),(35,9126),(44,23110),(47,3864),(49,30323),(53,31266),(54,29639),(55,4981),(57,25393),(59,36976),(60,29179),(63,19463),(65,33957),(67,24445),(68,25440),(69,24777),(70,37169),(71,3911),(74,19634),(75,10022),(76,30832),(79,8565),(80,32263),(81,4937),(82,35335),(83,36959),(85,16628),(86,34423),(87,13648),(88,7990),(89,6907)]	109.574064
564	[(0,23880),(1,27259),(2,28179),(3,27645),(5,26285),(6,8521),(7,21067),(9,7198),(10,29131),(11,1334),(14,23339),(15,22828),(19,3753),(20,14550),(23,37326),(24,25163),(26,27034),(29,22704),(31,26241),(32,769),(33,17015),(35,18559),(36,6015),(39,24084),(41,1590),(43,5469),(45,8698),(48,6474),(50,29021),(52,26630),(53,11784),(54,22179),(56,21628),(59,31462),(60,2719),(63,11095),(65,648),(66,34235),(67,23811),(74,27732),(75,4888),(76,30624),(77,430),(80,9894),(82,6983),(85,31914),(86,6194),(88,33035),(89,30849),(90,4813),(91,30433),(92,5576)]	107.190646
565	[(0,2673),(3,19691),(4,19547),(5,18835),(6,5923),(7,22696),(8,9558),(9,6535),(10,27478),(11,35917),(13,34945),(15,21384),(17,24414),(19,10267),(20,6346),(21,2714),(23,5087),(25,33264),(28,2916),(29,11590),(32,34358),(35,35140),(36,21469),(38,9599),(40,2197),(42,2979),(43,7560),(44,21165),(45,3428),(46,17957),(47,22557),(48,26262),(56,17326),(59,31373),(61,24887),(63,28747),(66,31660),(67,20908),(69,10072),(70,5333),(71,3494),(73,16514),(79,2052),(82,17399),(83,3338),(85,12575),(86,9830),(92,34249)]	118.965533
566	[(1,37586),(3,17208),(4,26928),(6,30457),(7,21306),(11,19681),(13,18467),(14,26972),(15,22855),(16,26843),(18,33126),(20,16076),(21,37156),(22,5243),(23,32760),(24,3672),(25,27476),(26,2612),(27,35110),(28,22369),(29,2318),(30,29842),(35,8005),(37,35183),(38,7318),(39,32863),(40,3822),(41,25037),(42,10041),(43,32532),(45,5623),(46,31067),(48,14115),(50,24834),(55,35372),(56,26525),(57,1582),(58,32420),(60,5856),(61,30626),(62,446),(63,31733),(64,34891),(65,14655),(67,23412),(70,5748),(72,36723),(74,2828),(75,12032),(79,17405),(81,1623),(82,27574),(84,10494),(85,21750),(86,3906),(87,23029),(90,13042),(92,8190)]	119.286438
567	[(0,23492),(1,27770),(3,24977),(4,30716),(6,20717),(7,1903),(8,21539),(9,17742),(10,17066),(12,27607),(13,22363),(20,12342),(24,4561),(25,32682),(27,3636),(28,351),(32,33521),(35,16525),(42,1790),(44,9060),(45,16795),(47,7189),(50,15952),(52,29225),(53,23615),(55,13678),(57,27556),(58,15469),(59,28000),(61,33168),(64,34978),(65,18433),(66,10397),(67,1395),(69,8014),(70,11913),(71,25535),(72,6962),(77,32607),(78,27654),(79,6719),(80,5392),(81,24074),(82,25901),(83,441),(86,25721),(88,3977),(89,20709),(90,16594),(92,31958)]	116.078945
568	[(1,24234),(2,19880),(3,17338),(4,11283),(9,6373),(13,36344),(14,19064),(15,13422),(17,7790),(18,7138),(19,144),(21,36290),(24,22110),(26,32948),(28,30547),(29,20149),(30,11586),(31,3085),(32,20825),(36,8336),(37,18882),(38,28056),(39,19371),(44,30603),(46,36439),(48,24072),(49,30323),(52,17475),(55,21142),(56,6437),(57,4852),(58,34289),(60,18051),(62,34332),(63,19361),(64,16514),(66,19965),(70,1266),(71,1384),(72,20255),(73,1958),(76,12159),(78,2268),(80,6823),(81,12209),(82,20246),(87,19251),(88,22396),(89,16262)]	113.201722
569	[(0,13210),(1,29715),(2,33797),(3,20807),(4,36074),(5,25),(6,31823),(10,615),(11,28854),(15,27422),(17,10174),(18,26322),(19,3455),(20,13522),(21,29001),(22,22452),(23,30538),(25,3774),(26,16786),(27,37393),(30,19213),(31,25213),(35,34061),(37,5555),(38,11549),(41,1653),(42,17818),(43,31454),(44,31710),(45,24490),(46,7435),(47,32822),(48,37360),(50,18027),(51,23536),(52,31713),(53,10406),(54,26144),(56,18638),(57,3508),(58,5677),(59,932),(60,28151),(63,33474),(64,5254),(67,26467),(69,1154),(70,30064),(71,4610),(72,1354),(73,11696),(75,1878),(79,3828),(80,2436),(81,11132),(82,26911),(85,9598),(86,23127),(90,31916),(92,7096)]	107.628072
570	[(3,4077),(4,33861),(5,2500),(7,25114),(8,16010),(9,31936),(15,19611),(17,31622),(18,31279),(20,17430),(21,35995),(23,37349),(25,33855),(27,31260),(29,8556),(30,25948),(31,25256),(32,15213),(35,6168),(36,13740),(37,4972),(41,33459),(42,25938),(47,8907),(48,32801),(49,9855),(50,24898),(51,22719),(52,1522),(53,5829),(54,10813),(56,26305),(57,26918),(58,27576),(59,32479),(60,28842),(62,5153),(64,7493),(69,16931),(70,35786),(73,37355),(75,17000),(76,25279),(77,14106),(78,22036),(79,17143),(85,12037),(86,7610),(87,30834),(88,14544),(89,23800),(92,27331)]	142.430575
571	[(2,27266),(5,15016),(8,27475),(10,13727),(13,16948),(14,27057),(15,27950),(23,10189),(26,9025),(27,19679),(28,29866),(30,32703),(31,17408),(32,32484),(34,1653),(37,6141),(39,1772),(40,30241),(41,20941),(42,9626),(44,27889),(46,18625),(47,12242),(48,9835),(49,14007),(50,28813),(51,30367),(53,28331),(54,4366),(56,24868),(57,6095),(58,27796),(60,13813),(62,979),(66,15622),(67,6847),(68,33873),(69,10317),(70,33298),(72,4368),(73,37582),(74,17432),(75,31757),(76,37246),(77,25884),(78,11786),(79,37000),(80,21179),(82,2079),(83,36435),(84,21241),(87,18643),(89,19182),(92,22543)]	110.668550
572	[(5,17578),(6,11610),(7,34311),(8,32121),(9,34677),(12,20027),(16,5808),(17,11088),(18,3706),(21,37208),(22,18229),(24,16705),(25,8913),(27,10196),(29,5940),(30,13607),(31,18389),(33,30432),(34,14038),(35,7070),(36,25332),(37,5176),(38,33772),(42,11763),(44,4805),(45,36972),(46,22598),(47,26233),(48,9071),(50,25926),(52,32733),(53,34981),(54,18168),(55,10747),(56,32822),(58,15879),(60,37290),(62,2640),(64,33539),(67,5357),(68,36685),(71,2753),(75,16550),(76,5674),(77,11822),(78,14298),(80,7681),(81,2539),(82,30606),(83,22067),(88,4083),(89,1454),(90,32327)]	111.454660
573	[(0,1309),(2,33098),(3,14083),(4,19933),(5,13316),(7,16209),(8,21385),(10,27014),(11,36660),(13,21811),(15,30215),(16,33979),(18,24080),(20,28446),(23,9571),(25,9808),(26,25467),(27,14309),(29,35204),(34,33823),(35,14758),(37,27564),(38,9605),(39,16065),(40,26885),(41,4804),(43,31423),(49,9307),(50,23131),(52,27849),(53,1930),(58,16919),(61,32759),(62,1478),(63,25959),(66,17932),(67,15324),(68,1784),(69,7618),(74,13294),(75,15786),(76,20061),(77,2566),(78,30016),(82,29061),(83,29504),(84,18685),(85,4091),(87,31332),(89,35334),(90,3735),(91,3548),(92,25464)]	110.091474
574	[(0,19889),(1,16250),(5,34455),(6,12199),(7,30110),(12,21628),(16,316),(18,15300),(19,36528),(20,35004),(22,12070),(23,36224),(24,11247),(25,30366),(28,13191),(29,36967),(30,16892),(31,22457),(33,21903),(34,11937),(38,30393),(39,5101),(40,25407),(41,22285),(43,12493),(45,32123),(46,19508),(47,17495),(49,24408),(50,34897),(55,8246),(57,1795),(59,7451),(60,6601),(65,23102),(67,1936),(68,18486),(72,17489),(77,23354),(78,15465),(83,6998),(85,4658),(86,21856),(87,34538),(88,8838),(89,14790),(91,25648),(92,12203)]	122.994465
575	[(2,5680),(3,24298),(8,28971),(9,29483),(10,5262),(11,33415),(12,19755),(13,81),(14,12843),(15,6539),(16,10442),(17,1174),(18,9774),(22,35807),(23,26487),(24,12016),(25,5183),(26,30011),(27,25558),(29,445),(31,18358),(33,12764),(34,30240),(35,35082),(36,16549),(40,23236),(42,19794),(43,35225),(45,27883),(46,35392),(47,28520),(48,3416),(49,4733),(50,2745),(51,30810),(54,19853),(55,4156),(57,33330),(58,757),(59,29113),(60,34509),(62,5337),(63,21668),(64,445),(66,5706),(67,17553),(68,37567),(69,18150),(71,20887),(77,2767),(78,34563),(80,3352),(81,31833),(85,8134),(86,20009),(87,24221),(88,32306),(89,26911)]	110.409180
576	[(3,19558),(5,36773),(6,5047),(8,7923),(9,5895),(11,27702),(14,5072),(15,34234),(17,29893),(18,3511),(21,17706),(24,18447),(25,5058),(26,13369),(27,8558),(28,24369),(30,25081),(34,14905),(39,33948),(40,26661),(41,3881),(43,9947),(44,28596),(45,13886),(47,6545),(49,28469),(54,10450),(56,7322),(59,4966),(63,2910),(67,16706),(68,27303),(69,13110),(71,9082),(72,29921),(74,18742),(76,29034),(77,5124),(78,21800),(79,14539),(81,18890),(82,19350),(85,13986),(86,17440),(87,15103),(88,755),(92,6800)]	112.175168
577	[(0,28309),(2,28524),(3,14605),(4,7099),(7,18065),(8,22066),(11,20737),(14,3963),(15,18740),(21,34966),(22,23723),(24,18184),(25,29507),(26,13919),(28,15685),(30,33726),(31,32123),(32,8711),(33,6671),(34,5565),(35,20697),(36,25501),(40,7390),(42,1495),(44,30300),(45,1113),(48,31625),(50,18097),(51,35613),(52,25482),(53,7772),(57,10077),(58,13714),(60,15376),(62,35354),(63,11017),(67,7248),(70,37161),(72,14455),(74,31033),(75,29655),(76,18071),(78,13816),(80,1439),(83,35642),(84,11409),(86,13320),(87,20696),(90,9443),(91,4961),(92,17677)]	109.475519
578	[(0,34391),(2,9449),(5,3976),(7,29774),(12,36862),(13,24153),(14,17538),(15,9834),(16,29237),(17,36664),(20,15961),(21,9798),(23,26014),(24,19432),(26,6689),(28,1637),(29,6543),(32,33413),(33,14626),(34,9815),(35,11433),(36,21248),(37,36728),(38,28015),(39,35336),(41,19007),(45,27047),(48,4200),(51,19358),(53,35342),(55,8421),(58,19428),(60,29328),(61,33819),(64,13723),(65,14118),(66,8934),(68,14905),(75,24800),(76,26077),(78,7484),(80,34658),(81,17685),(82,27782),(84,19450),(86,20887),(88,20456),(92,35974)]	114.606205
579	[(0,30023),(1,4003),(2,25431),(3,15256),(6,35671),(7,35307),(9,29385),(12,13599),(14,29916),(15,14271),(19,5176),(21,26663),(24,31783),(26,35176),(30,6639),(32,31485),(36,13860),(37,16988),(42,1070),(46,13777),(47,18288),(49,11806),(52,16418),(53,30586),(54,23291),(56,36581),(60,3000),(61,33763),(69,623),(73,15331),(74,3577),(77,7502),(79,16356),(81,15297),(82,19151),(84,36652),(85,35607),(88,3997),(89,16066),(92,29278)]	141.498684
580	[(4,29338),(5,7515),(7,25920),(9,30033),(11,18973),(13,3040),(15,13914),(17,2033),(18,23775),(21,19920),(22,34125),(23,795),(25,29838),(27,14154),(28,7543),(33,13163),(36,16293),(37,23292),(40,14243),(42,3319),(44,18055),(46,5202),(47,35635),(48,6878),(49,25790),(51,22503),(53,3890),(55,7457),(56,12817),(57,28429),(59,3186),(60,15468),(61,5409),(65,34526),(66,7767),(67,36099),(69,26007),(70,19857),(71,6992),(72,32009),(73,11529),(75,2234),(77,10059),(79,9771),(80,10022),(84,23772),(87,21381),(91,1200)]	112.610960
581	[(0,11835),(5,1566),(6,22467),(10,34480),(11,35245),(12,10741),(13,162),(15,26182),(18,34071),(19,32966),(20,8992),(21,3667),(22,19918),(23,22096),(24,11412),(25,438),(27,17741),(29,7854),(30,14417),(32,24264),(34,23425),(35,17334),(37,31075),(38,27096),(42,25002),(44,33933),(45,29454),(46,3919),(52,29995),(53,29239),(54,7390),(55,4148),(58,374),(61,29780),(62,7106),(63,23310),(65,11834),(66,29249),(69,28532),(71,36843),(72,27719),(73,30003),(74,30697),(77,6229),(84,9036),(85,26343),(86,27253),(88,14306),(90,28298),(92,3115)]	107.553666
582	[(0,31728),(1,28959),(2,15002),(6,24648),(7,15354),(8,8126),(9,5649),(10,35048),(11,14234),(12,3160),(16,20188),(20,20649),(21,4384),(22,24185),(23,27750),(24,968),(25,18576),(27,35742),(28,33024),(29,34848),(30,20946),(32,17437),(33,22646),(34,24581),(35,13753),(38,22744),(39,19486),(40,34977),(42,20930),(44,20590),(45,20298),(47,28425),(49,31078),(51,19198),(52,15089),(55,32489),(56,10205),(57,10178),(58,34288),(59,3993),(63,15679),(64,28355),(65,23734),(68,12114),(73,5864),(74,16398),(76,26672),(77,713),(78,23532),(83,20067),(86,18655),(87,8311),(88,3846),(89,6666)]	112.594285
583	[(2,34975),(3,29956),(7,34802),(8,27988),(9,15513),(10,25142),(14,26954),(15,2710),(16,6025),(18,2209),(22,27908),(23,27213),(25,33788),(26,19152),(28,30823),(29,4792),(30,10834),(31,27692),(37,591),(38,9759),(39,28962),(40,31710),(41,27294),(42,12245),(43,18519),(46,18598),(48,4575),(49,17287),(50,28709),(53,14250),(54,34278),(56,22050),(60,3842),(61,389),(62,33410),(64,26336),(65,20187),(69,32616),(73,5887),(74,5031),(75,35993),(77,22920),(81,27551),(82,28715),(83,15372),(85,20807),(86,36315),(89,24351),(90,31183),(91,21096)]	114.246131
584	[(0,21209),(1,29596),(2,14859),(3,8656),(4,8406),(5,7269),(6,3480),(10,26880),(11,9124),(12,22556),(15,25060),(16,29606),(18,21460),(19,1549),(20,11440),(23,6557),(25,9331),(26,3424),(27,28239),(31,17994),(32,15033),(33,36807),(34,5095),(35,31883),(36,14826),(37,11935),(38,763),(39,17175),(40,711),(42,29203),(43,31221),(45,20336),(47,31563),(48,23789),(49,13634),(50,24410),(52,10721),(53,2306),(54,31956),(56,34873),(61,3590),(63,7501),(64,27351),(65,25265),(66,25381),(68,6735),(72,17134),(73,4374),(75,15510),(76,4706),(78,29640),(79,17750),(81,13653),(82,6526),(84,10473),(87,29109),(89,9616),(90,36855),(92,24122)]	110.959273
585	[(0,6132),(2,730),(5,16413),(8,29373),(10,1209),(11,2463),(13,8957),(17,17078),(18,9557),(20,26720),(21,22520),(30,22772),(31,5642),(35,4027),(36,15155),(37,5439),(38,18924),(39,4767),(40,33988),(41,23664),(43,26513),(44,16143),(45,1156),(46,18600),(48,8618),(49,14401),(50,28532),(51,2405),(56,9836),(57,10737),(59,11217),(61,17504),(62,13175),(64,28483),(65,25229),(66,13230),(67,26761),(69,28936),(71,36605),(72,32682),(73,22765),(76,7163),(78,8635),(79,36666),(80,16110),(82,10366),(85,30377),(87,18667),(88,34276),(89,8729),(91,26776)]	117.385635
586	[(0,8513),(1,8838),(2,28588),(5,23856),(6,3375),(7,4394),(8,37224),(12,2677),(13,30791),(14,13482),(16,6164),(19,1439),(23,11428),(25,17760),(28,25292),(29,30204),(31,24657),(32,4999),(34,2925),(36,7451),(37,37445),(40,23963),(43,9369),(44,4830),(45,19492),(46,2241),(47,23994),(48,6098),(49,30590),(50,11498),(51,33866),(52,467),(53,3196),(55,35570),(58,7757),(60,17392),(61,35137),(62,34127),(63,10612),(64,14659),(65,7143),(67,19270),(70,1870),(71,33059),(72,9984),(73,430),(78,20467),(80,28557),(81,27713),(83,2998),(91,5153),(92,6070)]	107.238790
587	[(1,36458),(3,21361),(6,26073),(8,22741),(9,5455),(11,34989),(15,12064),(16,31976),(20,8771),(22,36603),(23,6616),(24,511),(25,6874),(27,3886),(28,15675),(30,3068),(32,6104),(34,10071),(36,33210),(37,28602),(39,16131),(40,27079),(43,5511),(44,31924),(45,30951),(46,21106),(47,9381),(48,33333),(49,25525),(53,24886),(54,27796),(56,33781),(57,25434),(58,26516),(60,2672),(61,12774),(62,21821),(65,22267),(66,34087),(70,20654),(74,6804),(75,14436),(76,8603),(78,16246),(79,3646),(80,21456),(81,4591),(84,8516),(85,29867),(86,623),(88,29163),(89,31486),(91,33336),(92,22220)]	121.144710
588	[(1,26525),(2,1582),(3,32420),(5,10026),(8,12557),(9,13490),(15,33554),(17,9445),(18,27645),(19,11450),(20,7097),(21,18908),(22,29279),(25,36924),(29,30417),(31,32316),(33,14922),(34,14922),(36,23100),(38,10027),(40,36441),(47,2297),(52,4439),(55,7457),(56,8550),(57,20808),(58,23630),(59,24630),(60,8931),(63,25619),(64,28909),(65,36131),(66,20278),(67,29340),(69,37269),(71,13229),(72,36007),(73,27663),(75,24755),(76,33229),(78,32723),(79,30640),(82,29167),(83,9849),(84,2096),(88,22043),(89,14864),(90,35111),(91,32936),(92,31356)]	137.898149
589	[(0,14224),(3,14262),(5,21741),(6,7727),(7,27022),(9,32337),(10,32065),(11,19805),(13,5181),(16,25309),(17,16117),(19,37572),(21,18962),(22,17624),(23,33738),(24,16048),(25,449),(27,13839),(29,685),(31,8775),(33,11340),(34,11775),(36,21345),(38,47),(41,19407),(42,19191),(44,8362),(45,2105),(47,7425),(50,5217),(51,3689),(53,5898),(54,19642),(55,20663),(56,23343),(57,32739),(58,14113),(59,26381),(61,28075),(62,25309),(63,22990),(64,33139),(65,14866),(66,6380),(67,25445),(68,2676),(69,9800),(70,1667),(71,30323),(74,27538),(76,37437),(81,33899),(83,34394),(84,32585),(86,29488),(87,31224),(89,34088),(90,36574),(91,698)]	114.166855
590	[(0,1908),(3,9630),(10,14047),(11,30638),(12,16232),(14,445),(15,17037),(17,12465),(18,32993),(21,20282),(22,2937),(23,30450),(25,499),(27,34898),(28,8424),(29,15164),(34,36076),(35,20773),(36,7453),(38,20234),(40,9350),(43,7130),(44,37162),(50,6308),(51,29425),(53,4926),(56,22627),(57,28120),(59,11504),(60,29241),(61,31859),(65,13444),(68,9428),(70,29429),(72,9292),(73,25831),(79,31702),(80,3160),(81,5119),(82,17835),(83,24650),(84,10436),(87,248),(88,11579),(90,20042),(91,34871),(92,1052)]	108.394269
591	[(0,15596),(1,35146),(4,23330),(5,36893),(6,28426),(7,5775),(8,688),(9,27023),(12,4305),(13,6043),(14,34852),(15,10304),(17,16910),(18,781),(23,1434),(24,31729),(27,25991),(28,31697),(29,2915),(31,1297),(34,18928),(36,33478),(37,36947),(40,33783),(42,21800),(44,26859),(45,36610),(46,28591),(47,32417),(49,29069),(50,5641),(53,4181),(54,14112),(56,23441),(57,26230),(58,26032),(59,13425),(60,3731),(62,34090),(63,33827),(64,13817),(65,14426),(66,24549),(67,7490),(70,26955),(72,26854),(73,18997),(74,1713),(75,1997),(76,28896),(78,12591),(79,19703),(82,14004),(85,30422),(86,28567),(87,23966),(88,2638),(90,21174),(91,36902),(92,301)]	114.967704
592	[(0,8462),(2,25788),(4,34310),(7,7200),(8,25465),(9,8877),(10,22838),(11,3996),(12,33645),(14,26562),(15,947),(21,17630),(22,23985),(23,28477),(26,3112),(28,24760),(29,8767),(30,2493),(32,31614),(34,19766),(35,16395),(36,30794),(38,2655),(39,26860),(41,6731),(45,35184),(47,2821),(48,16687),(49,33585),(51,18632),(53,16569),(54,21305),(55,33264),(56,32691),(57,15432),(58,14579),(59,7120),(60,27664),(62,31697),(63,33777),(64,5),(67,11430),(68,11761),(69,24913),(72,30503),(74,36697),(80,12935),(85,9139),(87,15440),(89,33319),(91,33729),(92,4563)]	122.305579
593	[(0,12527),(1,13754),(4,22764),(6,823),(10,20798),(12,11218),(15,28293),(16,6194),(17,18905),(18,36975),(20,33249),(21,31233),(22,20781),(23,12722),(25,34011),(26,14895),(30,1992),(31,31506),(33,3449),(34,29425),(36,37110),(38,21236),(39,4506),(42,146),(44,30311),(45,6965),(47,21292),(48,24142),(49,16374),(53,32337),(55,6042),(56,1588),(57,19561),(58,35861),(60,6000),(61,21217),(62,34565),(65,15576),(66,5216),(70,22482),(72,18029),(75,8573),(76,32399),(83,12315),(84,6822),(85,17590),(88,10553),(89,30190),(90,26854)]	226.707320
594	[(3,2408),(6,16798),(7,25968),(8,10830),(9,12055),(12,36626),(13,7604),(14,30382),(15,24703),(16,21640),(17,12301),(18,21256),(21,2532),(22,5249),(23,14617),(25,33889),(26,4139),(27,3585),(29,7302),(30,10656),(34,681),(36,7122),(37,37569),(39,36169),(42,6291),(43,14061),(44,23358),(45,36934),(46,21350),(47,382),(49,3891),(50,13301),(51,4346),(53,27961),(55,1182),(58,119),(59,32075),(60,29837),(61,19941),(62,16634),(63,20096),(65,1495),(66,6524),(67,30654),(68,21638),(70,16569),(71,29606),(72,12465),(76,16607),(77,17584),(78,30454),(80,23957),(81,14445),(82,19272),(84,31799),(85,5055),(87,13059),(88,4852),(90,1895),(91,17229),(92,20104)]	246.372701
595	[(5,33529),(6,7007),(7,28681),(12,7805),(13,16336),(14,3397),(16,11018),(20,20377),(22,12590),(23,21246),(25,7084),(28,25436),(29,11090),(30,9261),(32,21240),(35,23026),(39,13903),(42,35826),(43,11656),(44,11654),(47,13323),(49,27578),(50,20976),(51,35271),(54,21341),(55,28297),(57,37555),(58,7496),(60,12157),(61,8247),(64,14194),(65,30451),(66,21355),(67,32408),(68,2607),(70,12592),(72,35024),(78,12733),(84,32171),(85,16457),(86,13369),(88,24351),(89,26690),(90,21174),(91,36902),(92,301)]	263.858649
596	[(2,28161),(3,7274),(4,8890),(5,36343),(6,27500),(7,33572),(10,23135),(11,26552),(12,14711),(16,14845),(18,3724),(20,21964),(21,8847),(23,6927),(24,30701),(26,18566),(27,10155),(28,20544),(31,28567),(32,16895),(34,12044),(40,35593),(41,7342),(48,20691),(49,257),(50,16112),(51,33954),(54,28968),(55,19199),(56,2409),(58,1707),(60,25594),(62,31824),(63,15935),(64,12381),(65,4354),(67,3275),(68,1182),(69,14459),(70,19809),(71,20802),(72,12120),(74,9482),(75,29317),(76,5052),(77,28119),(78,19511),(82,20961),(83,22238),(84,15543),(88,29945),(89,17596),(91,1315),(92,998)]	235.474722
597	[(3,2771),(5,27244),(6,32795),(9,27915),(11,23922),(12,49),(17,10494),(20,31115),(22,35130),(23,9882),(27,5633),(28,21775),(29,268),(30,16296),(31,18432),(32,33973),(33,25402),(34,25888),(36,33683),(37,34108),(38,13779),(39,26481),(40,9195),(41,10453),(44,33522),(45,4500),(48,34529),(50,35612),(51,13931),(52,24981),(53,26620),(55,17506),(57,26734),(60,2337),(67,27256),(68,5367),(69,1480),(70,14568),(71,6932),(74,6841),(80,33746),(82,17779),(83,21360),(85,3376),(87,33511),(88,27623),(90,25507),(91,23179),(92,961)]	222.631249
598	[(1,14371),(3,20681),(4,32041),(5,34885),(6,24575),(8,20473),(9,10646),(10,30093),(11,32762),(12,32207),(14,35835),(16,8242),(18,35448),(21,13588),(23,13112),(24,29318),(26,23447),(27,28099),(28,19618),(29,18095),(31,3864),(32,27193),(33,10284),(34,31566),(35,35565),(37,28645),(38,3023),(43,5446),(44,12990),(47,30819),(54,19061),(55,8700),(56,665),(57,35446),(58,18065),(59,22066),(61,13059),(62,4852),(63,26110),(64,5382),(65,30949),(66,17232),(67,21180),(68,2689),(69,29958),(70,16220),(73,24499),(75,14265),(76,21178),(77,18767),(79,14273),(80,15399),(81,7800),(85,33955),(88,2580),(89,37041),(91,21348),(92,15167)]	250.574530
599	[(0,7387),(1,21401),(3,4134),(5,24618),(9,4324),(12,7111),(13,25087),(14,21682),(16,31885),(17,22073),(18,35507),(20,28552),(21,28578),(22,18138),(24,36170),(26,24268),(27,18458),(28,13296),(29,31997),(30,35778),(31,5954),(32,15983),(33,19438),(35,17017),(36,14373),(37,37091),(42,32431),(44,18322),(46,33788),(47,5683),(49,8691),(51,2833),(52,34682),(54,973),(55,17371),(56,20611),(57,13639),(59,34463),(61,6725),(62,5538),(64,17171),(65,25135),(66,20409),(68,35824),(69,9462),(72,18184),(73,29507),(74,13919),(75,25467),(76,14847),(77,31597),(80,19075),(82,31575),(84,29299),(85,11910),(87,18218),(88,10660),(89,22878),(91,5475),(92,14660)]	264.791566
600	[(1,1910),(3,7834),(4,16055),(5,2632),(8,6968),(9,26124),(10,11841),(11,25550),(13,4106),(14,15001),(16,15155),(18,15491),(19,11087),(21,33891),(23,662),(26,13467),(27,17142),(29,29979),(30,26656),(32,36840),(37,22123),(40,8383),(42,31358),(43,28662),(48,23765),(55,18644),(56,1455),(58,22089),(59,14410),(61,31381),(62,19577),(63,20053),(64,971),(65,17402),(66,27882),(67,6335),(68,31800),(69,2236),(70,9160),(72,27748),(73,18625),(74,8390),(76,37111),(80,6146),(82,30856),(84,20495),(85,5855),(86,37559),(88,24698),(89,14468),(90,14379),(92,11365)]	264.205518
601	[(0,5305),(1,5001),(2,23436),(3,6610),(5,2896),(6,4284),(7,30099),(8,7363),(9,26376),(10,31257),(11,32914),(12,8496),(13,7741),(14,15615),(16,29423),(17,27051),(18,454),(20,446),(22,1759),(23,12021),(26,15972),(27,4167),(29,30889),(30,1912),(31,25582),(34,26027),(36,26321),(37,30247),(38,11571),(39,14933),(41,32537),(42,641),(44,29883),(45,15040),(46,11264),(47,27557),(48,3419),(49,26570),(50,24450),(51,23867),(52,26262),(54,12197),(55,3604),(58,24857),(61,25572),(62,33782),(64,18610),(65,31256),(66,21919),(68,33953),(69,15021),(75,35422),(76,36195),(77,19904),(78,9310),(80,9104),(81,23658),(82,23018),(88,27062),(92,8583)]	245.500865
602	[(0,36530),(1,36494),(3,4859),(4,29342),(6,33812),(8,23312),(10,30305),(13,35864),(14,16839),(15,17478),(16,30158),(17,7418),(18,13869),(19,14513),(20,20173),(22,21717),(23,10368),(24,13854),(27,19047),(29,18650),(30,9634),(32,28734),(35,37058),(38,20536),(39,11310),(40,24852),(46,36384),(47,21046),(51,31227),(52,3297),(54,19488),(55,28216),(56,1317),(57,30140),(59,35656),(60,1816),(61,25626),(69,15876),(72,388),(74,33547),(75,29907),(76,35260),(78,4095),(79,13800),(81,23288),(82,10629),(86,9239),(89,16312),(90,11327)]	238.425076
603	[(2,13417),(3,22056),(4,5482),(5,5432),(6,6954),(8,15837),(9,27275),(11,22959),(16,20152),(17,32902),(18,26869),(22,26923),(26,14519),(27,14176),(30,13064),(32,526),(35,33655),(37,12610),(38,4472),(39,9836),(41,36422),(42,17328),(43,9175),(44,15300),(45,13051),(47,37304),(50,25268),(52,25058),(53,6643),(54,13181),(56,3837),(57,6829),(58,9338),(60,17278),(62,11984),(63,29844),(64,11502),(68,11771),(69,20015),(70,17222),(71,6100),(74,36021),(75,6297),(76,30895),(78,18093),(79,27046),(82,17736),(85,35229),(86,3463),(91,30280)]	269.622053
604	[(0,25324),(1,9377),(2,4209),(3,11010),(4,33247),(7,5234),(13,27019),(18,15582),(19,32215),(20,7163),(21,35146),(24,15547),(26,28777),(28,33752),(30,1286),(32,20389),(33,31261),(36,30494),(37,29699),(38,23741),(39,2056),(40,7687),(42,23263),(45,17929),(46,28898),(49,20581),(50,26958),(51,33813),(52,11579),(53,12966),(54,4997),(55,2471),(56,25296),(58,23366),(60,10083),(62,10417),(63,17771),(64,27495),(65,35149),(66,35027),(71,13139),(72,7298),(73,32896),(74,22138),(75,30808),(78,28234),(80,16379),(82,37580),(83,5224),(85,29669),(86,3291),(87,18392),(88,21866),(91,9854)]	257.835085
605	[(1,3667),(2,19918),(3,27143),(6,27916),(7,19662),(8,29375),(9,5051),(12,11845),(13,29775),(15,24846),(17,36208),(18,29473),(20,31509),(22,18675),(24,3357),(27,30005),(28,15327),(29,6460),(32,6894),(33,26143),(35,15706),(36,19422),(37,14097),(38,24483),(39,19565),(41,36205),(42,24304),(44,14642),(51,25592),(52,7771),(53,9255),(54,10557),(55,20148),(56,21058),(57,10467),(58,25418),(59,33358),(60,6977),(61,33756),(62,25255),(63,19963),(64,14279),(65,11921),(68,5555),(69,10895),(71,11133),(73,14451),(74,33010),(75,18536),(77,671),(78,4192),(82,6494),(83,25321),(85,31206),(87,29941),(89,22256),(90,8410),(91,25713),(92,3603)]	253.849031
606	[(0,6755),(1,21049),(3,26871),(4,16888),(5,2071),(6,3265),(8,17142),(9,7462),(10,21083),(13,15092),(14,9932),(15,5328),(19,25951),(22,4663),(23,20547),(24,15258),(25,20218),(28,11434),(30,19871),(31,1264),(32,3110),(33,32017),(34,14769),(36,8949),(37,25783),(40,2843),(41,1600),(42,27465),(43,36830),(45,7363),(49,7422),(51,8923),(52,6730),(53,6988),(54,35919),(56,13835),(57,1996),(58,11880),(60,4945),(63,12847),(68,7463),(69,4398),(72,15199),(73,1814),(75,8582),(76,36407),(78,6927),(79,9303),(81,16464),(83,32177),(84,18372),(85,12077),(86,28521),(87,23000),(88,8811),(89,7524),(90,32005),(91,35329)]	265.749740
607	[(0,28165),(2,1139),(3,15228),(5,34704),(9,24636),(10,19339),(13,3703),(14,28673),(15,9211),(16,19099),(21,24723),(23,25460),(24,35009),(25,14957),(26,12580),(31,21979),(33,15020),(34,14595),(37,11702),(39,21533),(40,2833),(42,11604),(45,17984),(47,7522),(48,8405),(51,32340),(53,8232),(56,21436),(59,2277),(60,18747),(65,28632),(66,22486),(68,14100),(70,5716),(71,26118),(73,1078),(74,12982),(77,32057),(79,30179),(81,34467),(85,30482),(86,36295),(87,31354),(89,14431),(90,30638),(91,16232)]	215.768185
608	[(0,23400),(1,37227),(3,31201),(5,8469),(6,26957),(7,10510),(9,25922),(10,12474),(11,22146),(12,17323),(14,6297),(16,7864),(19,31992),(20,25319),(21,8020),(22,22738),(25,19909),(26,24999),(29,21182),(31,19837),(32,34526),(34,16932),(36,37550),(37,30910),(38,9438),(41,8793),(43,29542),(49,28992),(50,13436),(51,28405),(52,26802),(54,7684),(57,1447),(59,32433),(61,19629),(62,2203),(64,24693),(65,8912),(68,9585),(69,1232),(70,28130),(71,11421),(72,18814),(73,15850),(74,27781),(78,15993),(80,31436),(81,33740),(82,21973),(83,37076),(84,33858),(85,681),(87,3593),(88,34324),(89,492),(90,30020),(91,19443),(92,28580)]	137.399086
609	[(0,9452),(1,4854),(2,35579),(3,5114),(4,25810),(5,37250),(6,18811),(7,14416),(8,5038),(11,21410),(15,6140),(16,8890),(17,36343),(19,13896),(20,352),(22,25238),(24,32482),(27,31741),(28,28653),(29,9751),(30,14814),(31,24871),(34,19813),(35,36826),(36,11660),(38,3108),(39,31852),(42,15109),(43,24862),(44,12),(48,4056),(51,11332),(52,861),(55,2617),(57,3349),(61,797),(62,27581),(63,33229),(66,6639),(68,35661),(69,5997),(70,36172),(72,29579),(76,26994),(77,300),(78,5267),(79,9204),(80,15376),(81,30264),(82,3889),(85,7442),(86,14132),(88,5837),(89,863)]	119.340670
610	[(0,23477),(1,25803),(3,26022),(6,28829),(11,26459),(14,13054),(16,4141),(18,17455),(20,27579),(21,6854),(22,14532),(24,24708),(26,12938),(28,14574),(29,11144),(30,37115),(31,4965),(34,8233),(38,32731),(39,30630),(40,23553),(41,29477),(43,28374),(45,24610),(47,17584),(48,25523),(49,15082),(50,11837),(52,1949),(54,17055),(55,3704),(56,19302),(57,9673),(60,18024),(61,9694),(62,32987),(67,9),(69,19108),(71,16932),(73,37550),(74,24753),(75,25009),(78,14579),(79,34393),(83,21069),(84,28541),(86,22630),(88,15672),(89,32493),(92,26331)]	112.798290
611	[(0,14673),(1,36061),(3,13109),(4,8233),(5,18080),(6,30699),(7,18810),(8,15602),(13,23598),(14,32162),(17,10536),(19,13094),(20,23848),(22,2414),(24,30650),(26,9808),(28,480),(30,10281),(31,6812),(32,7500),(33,27514),(40,2339),(42,33031),(44,7179),(48,22342),(51,22542),(52,36764),(53,9925),(55,18989),(56,27984),(57,3474),(58,21615),(59,9202),(60,29894),(65,7959),(66,15925),(67,34151),(69,33367),(70,447),(73,5392),(74,34905),(75,369),(76,12938),(77,15013),(78,28976),(80,16203),(86,6340),(87,2520),(89,21436),(92,37055)]	107.533254
612	[(0,24377),(2,1875),(5,5717),(6,15896),(8,37098),(9,22898),(10,18397),(12,12255),(13,35753),(14,4829),(15,6115),(18,31830),(19,15739),(20,33919),(21,4927),(22,8799),(24,32195),(25,13756),(27,8496),(28,7741),(30,18381),(32,23792),(33,31443),(36,29137),(37,20047),(39,10987),(40,7222),(41,4983),(42,1358),(43,18935),(45,3081),(46,33108),(47,25139),(48,3524),(50,23679),(52,13940),(55,5091),(56,30026),(57,33356),(61,12809),(63,21848),(64,27598),(66,20211),(67,15684),(71,19413),(73,21355),(74,32408),(77,33439),(78,3615),(81,10763),(84,33758),(86,8525),(87,4848),(88,29046),(89,16071),(90,600),(91,22018),(92,9425)]	110.269794
613	[(0,29508),(2,10535),(4,7179),(5,32578),(7,3375),(8,32413),(10,7215),(11,28065),(12,12020),(13,10851),(16,12374),(17,1967),(18,33248),(20,27891),(21,510),(23,18668),(24,12653),(27,15171),(28,24957),(29,32231),(30,97),(32,21207),(33,19992),(34,34774),(35,23210),(36,4965),(39,35273),(41,3039),(42,1668),(45,20755),(46,31588),(53,31070),(54,35542),(55,281),(57,13478),(60,35163),(61,14078),(62,30269),(64,22315),(66,34122),(67,11131),(68,33875),(69,19874),(70,24576),(71,13402),(76,29986),(78,7894),(79,791),(80,13627),(82,9180),(83,16329),(87,25410),(89,21620),(92,24184)]	126.871947
614	[(0,10282),(4,15086),(6,33814),(8,7812),(9,36705),(10,5083),(11,26894),(12,21039),(13,9320),(14,32730),(15,1684),(16,11723),(19,3203),(20,12285),(21,4056),(22,14712),(23,27802),(25,28614),(27,18930),(28,22433),(29,16363),(30,2175),(32,35088),(34,29577),(35,20572),(36,33767),(37,29245),(39,15119),(43,36990),(45,35195),(48,8115),(49,37337),(50,5345),(55,12185),(56,2167),(57,9011),(59,12995),(61,12751),(63,26649),(67,16827),(69,6814),(70,21441),(73,36419),(75,36697),(76,34996),(79,30252),(81,17184),(82,12141),(86,29010),(90,7760),(92,20493)]	116.845251
615	[(0,31975),(2,19226),(4,27824),(6,20963),(9,36094),(12,5405),(13,29271),(15,27842),(18,24329),(20,29465),(21,16102),(23,36100),(29,4742),(30,28420),(32,4088),(34,825),(35,13023),(36,17458),(37,19615),(38,16192),(39,17683),(41,19306),(43,33893),(44,19054),(45,28570),(46,10286),(47,22378),(51,6329),(56,711),(57,26026),(58,22443),(60,4776),(62,8784),(63,1032),(65,5591),(69,8297),(70,32612),(71,27794),(72,30332),(73,15276),(74,1920),(75,23232),(76,27758),(77,26449),(78,15561),(80,328),(84,10271),(86,23512),(87,27965),(88,2345),(89,3957),(91,31658),(92,21987)]	114.713612
616	[(2,13973),(3,18543),(5,235),(7,31253),(8,17062),(10,10246),(11,36525),(12,25760),(13,22017),(17,6853),(18,28589),(19,12245),(20,18519),(21,21375),(24,16146),(25,9339),(26,4912),(27,36560),(28,27122),(30,3277),(31,17464),(33,5843),(35,32641),(36,5577),(37,35698),(38,23669),(39,11742),(40,18215),(42,17317),(43,31664),(47,23673),(48,33019),(51,1752),(53,23734),(55,34828),(58,30903),(61,6992),(62,2343),(63,156),(67,4044),(68,14722),(69,23180),(70,33306),(75,30089),(77,25025),(78,1720),(79,34067),(81,20890),(83,4015),(84,186),(86,18930),(87,22433),(88,21839),(89,26145)]	116.326511
617	[(0,4158),(2,17045),(5,31385),(6,15579),(9,36412),(10,24484),(13,3773),(14,10486),(15,28619),(16,4093),(18,2997),(19,22583),(20,13221),(22,24697),(23,5101),(24,19168),(26,23887),(27,20147),(28,2795),(32,22681),(33,17671),(37,4253),(38,24312),(39,32123),(41,18737),(42,9236),(45,31710),(47,28441),(48,17093),(50,3569),(51,18354),(52,12728),(53,36482),(54,8171),(56,22128),(58,8470),(60,14763),(61,23799),(63,13548),(64,21329),(65,3657),(67,35150),(68,16752),(70,15522),(72,22471),(73,15217),(77,19174),(78,8426),(79,22958),(81,4972),(83,22680),(84,30942),(87,34744),(88,37341),(90,16887),(91,27747)]	150.899274
618	[(1,16976),(2,21561),(3,35043),(4,14456),(5,12110),(7,2550),(9,18450),(12,35722),(14,19683),(16,1505),(18,25369),(21,33007),(22,13552),(23,35565),(24,11706),(25,14060),(26,16441),(27,15552),(28,8272),(29,20652),(30,37441),(31,28307),(32,32091),(35,10381),(36,34045),(37,2731),(40,23716),(41,10781),(42,24756),(46,20585),(49,24401),(53,23613),(55,3331),(56,1010),(57,21133),(60,3231),(61,32311),(62,1722),(64,13094),(65,23994),(66,24137),(67,24354),(68,12965),(69,15267),(70,18198),(71,18315),(72,22473),(74,5797),(75,27101),(77,1193),(78,24838),(79,35338),(80,29059),(82,21347),(88,1372),(91,36871),(92,36342)]	121.062093
619	[(2,26158),(4,32891),(5,28993),(8,21904),(10,8074),(11,17109),(12,24289),(13,11579),(15,34438),(16,11404),(23,23060),(25,13282),(27,9978),(28,14604),(30,25367),(31,26942),(33,4731),(35,24774),(36,16646),(42,12802),(43,4265),(44,12160),(45,15453),(46,25356),(47,30007),(48,12712),(49,15285),(50,29208),(52,27510),(54,35390),(55,25643),(57,20029),(58,35995),(60,26739),(63,33200),(65,31379),(66,37457),(68,13394),(69,28792),(71,17475),(72,15010),(73,25743),(78,14908),(85,9074),(88,8537),(89,17433),(90,3882),(92,12725)]	117.892494
620	[(0,11898),(2,30432),(5,1447),(8,3168),(9,3746),(11,27612),(12,35479),(16,23066),(17,10646),(18,21017),(19,4802),(23,24879),(27,24262),(29,713),(31,3378),(32,2617),(33,28927),(34,21255),(35,17998),(37,1562),(42,10769),(43,11184),(45,19695),(46,26279),(51,26995),(52,10818),(54,8764),(55,2264),(61,25317),(62,24332),(64,17822),(65,18906),(66,32011),(67,6864),(74,33234),(76,8389),(79,3837),(82,14893),(83,13177),(89,13982),(91,5402),(92,3694)]	113.538139
621	[(0,37255),(1,8113),(2,579),(3,1530),(4,25330),(6,20736),(8,16956),(10,36612),(12,37267),(13,4433),(14,3735),(15,25316),(16,17693),(22,14918),(23,34404),(24,26809),(28,37369),(29,31973),(30,18065),(31,19323),(34,35024),(36,15982),(38,24556),(42,22329),(43,26049),(44,838),(45,6963),(46,19481),(50,25499),(51,24975),(52,16269),(54,37178),(57,33877),(61,10137),(63,15345),(64,5461),(66,30967),(68,7218),(69,10776),(72,5633),(73,21775),(75,4055),(78,13965),(80,9134),(81,4614),(82,22180),(84,32104),(86,11893),(87,10041),(88,32532),(90,26249),(91,24702),(92,18627)]	117.107397
622	[(1,16872),(3,25677),(5,13684),(6,17088),(7,8484),(8,2298),(10,26821),(13,8961),(15,15621),(16,30095),(18,15680),(19,18741),(22,7387),(23,27602),(24,19721),(27,24646),(28,23038),(30,622),(31,13699),(32,5836),(33,34786),(35,33768),(37,36273),(41,25255),(42,19963),(43,14279),(44,5531),(45,5451),(46,1937),(49,7141),(50,13859),(51,7484),(53,27366),(55,35666),(56,13822),(58,12704),(59,28192),(60,7409),(67,24896),(71,16165),(72,28145),(78,20612),(79,17314),(80,4322),(81,30673),(82,32772),(84,12853),(85,4378),(86,28605),(87,5558),(88,14625),(89,18746),(90,16557),(92,36247)]	126.142039
623	[(0,23052),(1,8408),(2,32831),(3,29648),(5,6883),(6,1771),(8,3593),(9,25280),(10,35953),(11,2017),(13,22195),(14,1618),(15,22567),(17,33131),(18,13959),(20,14932),(21,17273),(22,29015),(24,33949),(25,8647),(26,10281),(27,6812),(28,7500),(29,27514),(33,11559),(34,2880),(35,37262),(36,13029),(37,10403),(38,23915),(39,21325),(41,15033),(42,29793),(43,12874),(44,1488),(49,24277),(50,5503),(52,5184),(54,27835),(56,32208),(57,450),(58,4640),(60,34880),(63,19799),(64,36758),(65,18239),(67,10779),(69,17703),(72,29551),(73,13055),(74,27319),(75,6658),(77,11399),(78,25099),(79,5552),(80,14222),(81,7274),(82,24113),(83,16206),(87,25036),(89,9294),(90,4273),(91,30475),(92,36067)]	114.072886
624	[(3,32654),(5,10251),(6,31759),(7,37229),(10,13775),(12,4048),(13,7793),(14,14375),(15,22439),(18,5028),(19,7372),(22,32285),(24,18579),(25,20363),(26,28776),(27,34985),(29,20664),(30,7632),(31,9937),(34,30112),(36,7385),(37,280),(40,30864),(41,19933),(42,5720),(43,23125),(44,17031),(45,18001),(46,12407),(47,31222),(49,10464),(50,18961),(51,31248),(53,26838),(56,30140),(61,11473),(63,2147),(64,10680),(65,10614),(66,37546),(69,27405),(70,6703),(71,10507),(74,31925),(75,15657),(80,32246),(82,21725),(84,3252),(87,3644),(90,21953)]	115.573182
625	[(0,7540),(2,17807),(5,3887),(6,35116),(7,11086),(9,15456),(13,19252),(15,1988),(17,11848),(18,27742),(19,23968),(21,24074),(22,25901),(25,21889),(26,24822),(27,16870),(28,29344),(30,17124),(32,24151),(33,26416),(34,33654),(35,17137),(36,9450),(37,22041),(38,20454),(43,3873),(44,5097),(45,3991),(46,37500),(47,36255),(48,1631),(50,16289),(51,3166),(53,33003),(54,17694),(55,18703),(56,18918),(59,34956),(60,28754),(61,28784),(65,28711),(66,30566),(68,14765),(71,31520),(72,27407),(73,34907),(74,148),(75,9590),(78,28559),(79,30284),(81,34203),(86,21347),(87,32981),(88,4070),(89,35389),(90,19444),(91,27551)]	139.424224
626	[(1,15921),(2,20107),(4,5393),(5,5657),(6,5138),(8,32342),(9,3994),(10,13918),(11,20680),(12,12584),(13,15599),(14,29558),(15,2699),(18,26155),(19,9497),(23,22944),(24,8874),(25,2251),(26,16037),(27,10767),(28,26950),(29,24967),(31,21608),(32,32883),(33,36399),(34,2793),(35,33009),(36,18296),(38,19312),(39,23692),(41,30393),(42,5101),(43,25444),(44,6424),(45,9165),(47,24752),(48,3670),(50,28524),(51,13965),(52,35967),(54,4644),(55,3038),(56,11614),(58,16227),(59,10116),(60,33930),(61,3763),(62,318),(63,33514),(65,23369),(67,12450),(71,10252),(72,988),(73,26738),(74,1036),(76,7998),(81,26442),(82,3769),(83,8413),(84,4462),(85,35828),(88,3226),(90,28027),(91,10339)]	119.023956
627	[(1,34134),(3,32593),(4,10580),(5,6513),(6,1525),(7,33111),(8,34087),(12,5202),(14,21925),(15,17782),(18,30391),(20,31216),(23,34940),(24,16101),(25,18088),(26,28337),(33,27445),(35,21370),(36,10529),(38,5806),(39,34851),(40,8171),(43,31462),(45,10835),(46,13569),(48,30716),(52,25691),(53,16584),(54,17666),(55,2534),(58,28681),(61,16473),(62,4917),(63,7079),(64,36098),(66,19087),(67,13982),(71,33250),(73,34138),(74,3356),(75,24517),(76,22873),(77,18477),(78,13910),(79,14201),(81,9377),(84,19753),(85,1864),(86,6072),(88,11493),(90,35402),(91,35241)]	142.398686
628	[(4,7292),(5,5561),(7,12499),(10,27146),(12,1343),(13,13965),(15,9134),(17,22614),(18,8520),(19,16293),(20,23292),(21,34342),(23,33351),(24,10857),(25,17319),(26,895),(27,29514),(30,3108),(32,4429),(33,17860),(35,702),(37,5258),(45,11394),(50,29260),(52,12896),(54,12446),(56,11742),(58,3740),(63,7371),(64,7107),(66,14643),(68,37532),(72,6089),(75,20768),(76,20027),(77,10802),(78,31498),(83,27470),(84,36631),(85,27531),(86,30239),(88,26639),(90,20897)]	118.916976
629	[(0,24797),(3,15765),(9,36373),(11,14034),(14,2034),(15,14309),(16,2776),(17,24638),(18,1893),(20,30040),(21,3367),(23,26917),(26,31962),(28,20535),(29,7458),(30,1178),(33,8319),(35,15508),(36,27084),(37,15065),(38,25626),(39,27557),(40,3419),(41,14667),(42,22948),(43,7854),(46,709),(50,16628),(51,11350),(54,31955),(57,27659),(59,23932),(60,23105),(61,22451),(62,17655),(63,36147),(64,25459),(66,31361),(67,23968),(69,18146),(72,23919),(74,22515),(77,3610),(78,19836),(79,18858),(82,582),(85,31691),(86,23417),(87,26221),(88,32498),(90,22217),(91,8730),(92,15875)]	121.884528
630	[(0,7568),(1,24916),(4,11999),(7,35733),(11,1078),(12,14890),(13,7265),(14,26480),(15,25640),(18,3069),(20,5647),(21,10236),(22,7545),(24,21327),(26,22407),(34,27070),(36,37171),(37,2633),(38,34464),(39,25499),(42,33277),(45,14447),(46,10755),(47,11954),(48,15617),(49,7830),(50,18094),(53,23101),(55,4077),(57,35892),(58,18155),(59,36940),(61,31054),(62,10181),(63,9555),(64,31737),(65,32877),(69,10440),(70,3900),(71,24836),(73,35781),(74,4422),(76,8088),(77,14355),(78,19097),(79,17965),(81,6707),(88,36087),(90,35398),(92,36259)]	125.407656
631	[(0,27590),(1,4642),(2,8969),(4,9072),(6,17547),(7,15984),(8,20571),(9,27123),(10,25246),(13,19888),(14,10366),(15,27729),(17,33186),(18,17765),(20,4667),(21,7013),(22,16192),(23,24133),(24,31377),(25,27750),(26,37275),(29,31403),(30,9199),(36,36976),(38,17687),(39,30415),(41,35888),(43,32937),(44,37431),(45,4931),(48,21813),(53,6981),(54,11710),(55,19177),(56,27376),(60,16772),(63,23856),(64,3375),(65,32413),(67,16583),(70,29716),(72,14350),(73,36064),(74,29273),(75,25172),(77,12537),(79,12443),(81,18419),(83,22883),(84,4411),(87,4561),(88,35254),(89,20491),(90,449),(92,29368)]	117.657694
632	[(0,33597),(1,28451),(4,1612),(7,9436),(8,33529),(11,12427),(12,18672),(14,28453),(15,25548),(17,31855),(21,26602),(23,21461),(25,10729),(27,23378),(29,3885),(31,23959),(33,33085),(37,17677),(38,33609),(39,35364),(41,25548),(44,23982),(47,27413),(48,13538),(49,7512),(51,30371),(52,28452),(56,12511),(59,37067),(63,15015),(65,24424),(68,29001),(70,21623),(71,23915),(72,21325),(74,3915),(75,16113),(76,35964),(77,27997),(78,20762),(79,7477),(87,22643),(89,33217),(90,26776),(92,32158)]	112.379939
633	[(0,7333),(1,28058),(2,16101),(3,18088),(4,10940),(12,35010),(14,36101),(19,18999),(21,4636),(22,10908),(23,6457),(31,25794),(32,37296),(35,35850),(36,28857),(37,19933),(38,25933),(39,2610),(40,15325),(41,2239),(43,20197),(44,11506),(45,35263),(47,8040),(49,32135),(51,34475),(53,8125),(54,20123),(55,32781),(56,27931),(57,27481),(58,13098),(59,9748),(60,32863),(63,13478),(67,11560),(70,11001),(73,12510),(74,16472),(76,9210),(79,12785),(81,31361),(82,19478),(83,23628),(84,2184),(85,2940),(86,37037),(88,14438),(89,14313),(91,26008)]	123.870045
634	[(0,32307),(2,2038),(4,17971),(6,37044),(8,6880),(9,7813),(10,732),(12,20427),(13,1545),(15,26297),(17,21847),(20,866),(21,10844),(22,7213),(23,20468),(25,26181),(26,26339),(29,33417),(30,29649),(31,25253),(34,36306),(38,346),(39,7392),(42,26142),(44,16007),(45,11377),(47,18123),(48,10055),(49,16266),(52,36320),(53,21538),(56,36095),(61,25176),(63,34142),(64,16923),(65,10663),(66,7876),(68,6827),(69,7157),(74,7602),(75,16302),(77,32166),(78,21258),(81,15635),(83,30256),(84,19179),(86,12705),(87,30137),(89,37040),(91,33080),(92,21224)]	126.785640
635	[(0,27742),(1,23968),(2,31099),(3,28353),(5,27255),(6,9342),(10,20507),(11,33262),(12,8670),(13,33784),(14,4224),(15,29231),(16,11886),(17,10763),(21,17584),(22,28281),(23,36617),(28,36185),(31,19196),(34,13460),(35,14517),(37,5905),(38,12678),(39,19832),(41,8977),(42,12880),(43,13239),(44,13680),(46,15803),(47,6794),(48,16952),(49,25708),(52,388),(53,31733),(54,34891),(55,12969),(56,32448),(57,18324),(58,12170),(60,10585),(61,34208),(62,5264),(64,34113),(65,24778),(66,34141),(67,17804),(68,4495),(69,6338),(70,27240),(71,2433),(73,15951),(74,27637),(75,37091),(76,18195),(77,20443),(78,8992),(79,3667),(80,37441),(82,36844),(83,22040),(84,6301),(85,36773),(86,5047),(87,35454),(88,8969),(90,9390),(91,32771),(92,8412)]	114.768076
636	[(0,24114),(2,16322),(3,4118),(4,4571),(7,36964),(8,3536),(9,26197),(12,6629),(15,12557),(16,20800),(18,2014),(20,17267),(21,25679),(23,21640),(24,27038),(26,24233),(27,28765),(28,14926),(29,5214),(30,7272),(31,25860),(33,5402),(34,29174),(35,10047),(38,12947),(41,1814),(44,10993),(46,12117),(47,18751),(48,27372),(49,25486),(50,31793),(54,20958),(57,14442),(58,19507),(59,33881),(60,27230),(61,17875),(62,9726),(64,29900),(65,24058),(67,1155),(69,30519),(70,655),(74,8429),(75,34364),(80,8286),(81,34415),(84,5804),(85,32449),(90,346),(91,7392)]	120.998922
637	[(0,37295),(4,29760),(5,15612),(6,26637),(7,32747),(8,8022),(9,18272),(14,9690),(17,1098),(18,30410),(20,12964),(21,23544),(24,33685),(25,27536),(27,24380),(28,23646),(29,19440),(32,18859),(33,9715),(35,12718),(36,1679),(38,29643),(39,21827),(40,18139),(44,13494),(45,5519),(47,19749),(48,34295),(50,32746),(51,29957),(53,18981),(54,33970),(55,24257),(56,21170),(58,23461),(59,36014),(60,20774),(61,25631),(62,4550),(63,5725),(66,15291),(67,2175),(68,4614),(71,36450),(72,23487),(73,19273),(74,31655),(75,2973),(76,5330),(77,37264),(80,7039),(81,17843),(82,2629),(84,5475),(85,14660),(87,3283),(88,34398),(92,27568)]	116.183257
638	[(0,32105),(4,13502),(6,33093),(7,19954),(9,30550),(10,15990),(15,12435),(17,22222),(18,14913),(19,13041),(20,20587),(21,2457),(25,10381),(27,32396),(30,22389),(32,17065),(34,37317),(35,19194),(36,17504),(43,9542),(45,26645),(46,16034),(47,19364),(49,11266),(52,24976),(53,37555),(54,7496),(56,37264),(59,18107),(61,11097),(62,11382),(63,7307),(65,31923),(68,11547),(69,15967),(70,8436),(73,1806),(74,29355),(75,23079),(76,32599),(77,10064),(78,29168),(79,3443),(80,35154),(82,24167),(83,37073),(84,11394),(85,16770),(87,15258),(88,34286),(89,30513),(90,1088),(91,20819),(92,2734)]	134.285905
639	[(0,2233),(1,33802),(2,15736),(5,2982),(7,17382),(9,23554),(11,21666),(16,9139),(18,15440),(19,12442),(20,5793),(22,19400),(23,3454),(24,28590),(26,8018),(28,20958),(29,6497),(30,18340),(32,26535),(34,18517),(36,5404),(37,6564),(39,34637),(40,18557),(41,5739),(43,4681),(44,14759),(47,7054),(50,8742),(52,6173),(57,10171),(58,10717),(60,7800),(61,24478),(63,11273),(66,17608),(68,20117),(69,5852),(72,21988),(74,28890),(76,22244),(78,15548),(79,13923),(80,24995),(81,4785),(83,33116),(84,12288),(86,1624),(87,36601),(88,6526),(92,28112)]	109.234802
640	[(0,31255),(1,1886),(2,10843),(3,28114),(4,7838),(5,17566),(8,7275),(9,35279),(10,2255),(11,27600),(13,31618),(14,20129),(17,36333),(20,35521),(24,36349),(25,30182),(26,24641),(27,22568),(31,14775),(32,17006),(33,32132),(35,16718),(36,27555),(37,29589),(41,35667),(42,35265),(43,15804),(45,337),(47,10313),(48,36769),(50,22954),(55,16141),(56,33133),(57,28261),(59,14118),(60,8934),(65,37274),(68,33005),(69,32115),(71,7256),(72,21197),(75,34598),(76,9810),(78,18020),(79,30677),(80,15176),(81,22499),(82,34790),(84,11877),(87,31944),(89,15328),(92,35119)]	113.633441
641	[(0,26201),(1,28410),(2,5965),(3,33378),(6,29903),(7,21896),(8,33981),(10,6588),(11,14858),(12,26095),(14,3738),(16,4638),(17,9260),(19,16859),(22,37188),(23,2075),(24,16855),(25,23699),(28,3186),(29,33605),(30,21680),(31,21585),(32,10050),(33,34447),(34,20124),(35,35495),(39,19206),(40,36770),(43,25155),(45,6829),(47,17017),(48,14373),(49,2472),(50,29136),(51,10930),(52,20114),(53,33007),(54,24620),(57,31260),(59,22807),(60,1683),(62,34474),(63,575),(64,22835),(66,34448),(69,36278),(70,7367),(71,9157),(72,7492),(73,280),(74,25104),(77,34987),(78,14247),(81,5074),(83,7822),(84,27491),(85,28888),(86,3172),(87,18804)]	116.576836
642	[(1,34511),(3,25781),(6,27689),(7,17921),(10,2856),(11,1953),(13,28981),(14,36661),(15,25207),(16,25306),(18,27685),(22,32745),(24,17752),(26,20132),(29,25624),(30,15596),(34,19532),(37,27525),(38,22246),(39,27218),(40,28947),(42,10388),(43,11302),(49,12606),(53,4580),(55,28876),(56,27160),(57,26292),(58,34005),(60,35569),(62,35070),(63,9766),(64,27757),(65,23644),(68,16927),(69,24271),(71,30067),(72,647),(73,35197),(75,1607),(76,11530),(77,24468),(79,26822),(84,33768),(86,27928),(88,25730),(89,23830),(90,8706)]	136.232987
643	[(0,35629),(2,36360),(5,4573),(6,33859),(8,3140),(9,8243),(10,19270),(11,1460),(12,25311),(14,6175),(16,25445),(18,23013),(23,17866),(24,13082),(25,15509),(27,20411),(28,33408),(29,3437),(30,26338),(33,5615),(38,37242),(39,34683),(40,8946),(41,11609),(42,26990),(44,4157),(45,22266),(46,22825),(47,5688),(50,26189),(51,15808),(52,33610),(54,16918),(56,23674),(58,14095),(59,22750),(61,10221),(62,717),(63,17618),(65,35337),(67,30043),(68,23056),(70,22606),(71,36003),(72,24792),(73,22893),(76,18068),(78,4792),(82,9932),(86,2987),(92,21597)]	110.355469
644	[(1,21184),(3,6446),(4,13789),(6,27435),(7,24535),(8,28883),(10,20234),(14,13510),(15,19916),(16,12247),(17,17849),(18,23051),(19,1380),(20,37479),(21,12043),(22,3458),(24,30056),(26,17414),(27,29869),(28,18534),(30,4179),(31,13231),(33,33673),(34,35272),(36,18975),(38,32029),(40,24839),(42,37567),(43,33996),(44,18365),(45,6078),(46,614),(47,20009),(48,3813),(51,4218),(53,18409),(54,34414),(55,30189),(58,1266),(59,21135),(62,10366),(63,35892),(64,27097),(66,2479),(67,11065),(68,13114),(74,686),(75,28086),(79,15182),(80,25778),(81,11585),(82,12273),(83,8933),(87,23367),(88,19490),(92,28532)]	113.225119
645	[(0,33549),(4,14474),(6,23588),(7,10957),(8,22735),(9,36990),(10,29322),(12,34952),(13,20810),(14,32024),(16,20414),(17,24165),(19,22576),(22,29409),(23,19915),(24,2160),(27,35878),(28,19707),(29,7028),(30,20609),(31,14448),(32,15418),(33,9770),(34,16751),(35,8064),(36,1889),(38,33706),(42,966),(43,32981),(44,33504),(45,25868),(48,11763),(49,14506),(51,11603),(52,5257),(53,6333),(54,29729),(58,15563),(60,10805),(61,1845),(62,7897),(63,36460),(64,22414),(65,17148),(69,35004),(71,27510),(74,8948),(77,17488),(79,11740),(80,32464),(81,947),(83,23981),(87,18341),(88,17498),(89,19318),(90,5656),(91,16023)]	109.079736
646	[(0,29089),(1,16349),(2,15762),(3,14280),(4,26706),(5,10652),(8,35945),(9,11815),(10,9299),(11,29281),(16,15191),(17,9089),(19,21545),(20,1232),(21,28130),(23,1146),(26,35753),(27,4829),(32,6118),(34,33565),(35,2177),(37,28926),(38,14881),(39,28295),(40,46),(41,32224),(42,36121),(43,22723),(46,10466),(47,24100),(48,22939),(50,29738),(55,3944),(60,20096),(62,1495),(64,24141),(68,11565),(69,30741),(70,5691),(71,34478),(73,1183),(74,35355),(75,17046),(76,17844),(81,25740),(84,31496),(88,8211),(90,29733),(92,25311)]	122.986456
647	[(1,24950),(3,20471),(4,31598),(7,16054),(8,29874),(9,28755),(10,19348),(11,35265),(13,12574),(14,6634),(15,35128),(17,5267),(18,9204),(19,15376),(21,35354),(22,22332),(23,24709),(25,3762),(33,15960),(34,26439),(43,26336),(44,20187),(46,27337),(47,31331),(48,6306),(52,14005),(54,5982),(55,28354),(56,7554),(58,25659),(59,13368),(62,33868),(64,12095),(65,16969),(66,12231),(67,23948),(69,34385),(70,31768),(71,30581),(72,29597),(73,29206),(74,11251),(75,30936),(76,8867),(79,9946),(82,25538),(83,1034),(84,12739),(85,23773),(87,14871),(89,18521),(91,6036),(92,7325)]	130.082436
648	[(2,3674),(5,19273),(6,34057),(10,6876),(12,33255),(13,31770),(15,22244),(16,11803),(18,24372),(20,14902),(21,22366),(25,13936),(26,3695),(27,23413),(28,111),(29,1057),(32,22637),(33,26662),(34,6266),(36,13520),(39,8701),(43,22630),(46,28340),(47,18225),(49,36259),(52,4172),(53,14954),(55,1764),(61,648),(62,34235),(63,30453),(64,31722),(65,8085),(67,30033),(68,2376),(70,22310),(71,24264),(73,27276),(74,15883),(76,21260),(77,12287),(78,7917),(84,24569),(85,3971),(86,31264),(88,5019),(89,396),(92,8046)]	123.736527
649	[(0,958),(3,28035),(4,3331),(5,36966),(7,1643),(8,24594),(9,18897),(11,2136),(13,26665),(14,25674),(16,32164),(17,29806),(18,29714),(19,5515),(20,12251),(22,17056),(25,1467),(31,18413),(33,10716),(37,24708),(39,36486),(40,17515),(43,2657),(46,19665),(47,3123),(49,17025),(50,10669),(53,27109),(54,31410),(59,26456),(61,17128),(64,32567),(65,4516),(66,746),(70,22687),(72,5463),(74,18406),(76,8227),(79,18057),(81,7750),(82,8715),(85,32484),(86,19975),(87,30336),(88,8364),(90,470),(91,33230),(92,27474)]	116.541738
650	[(1,4377),(2,88),(3,11280),(5,4179),(6,1593),(9,34147),(10,8275),(13,36077),(14,30352),(17,32382),(18,10682),(19,25083),(20,20703),(24,33788),(25,17740),(27,1970),(28,30499),(29,1208),(30,25368),(31,33592),(33,26886),(34,28201),(35,18130),(37,2749),(38,30308),(39,28509),(40,6745),(42,9576),(43,17208),(44,26928),(47,37006),(49,28422),(50,20115),(51,15797),(52,20360),(53,27830),(54,3664),(57,12645),(59,14844),(64,12990),(65,35836),(67,6073),(69,34360),(70,22578),(71,13211),(74,36364),(75,28732),(76,20277),(77,12103),(84,7670),(85,12335),(86,27198),(90,32734)]	111.024373
651	[(1,33521),(2,4951),(3,326),(4,23119),(6,3121),(10,32900),(11,9552),(12,24218),(15,18930),(16,22433),(19,9947),(21,24525),(22,7059),(25,30980),(26,13916),(29,29388),(34,31011),(38,16101),(39,18088),(40,10940),(46,934),(47,5557),(49,36453),(50,11307),(56,21446),(57,36157),(58,9764),(60,31296),(61,30366),(63,29513),(64,19203),(65,35168),(73,35564),(74,9822),(75,14901),(76,2971),(77,3013),(80,530),(82,33936),(86,24556),(87,7907),(88,21030),(92,34779)]	129.483836
652	[(1,36708),(6,19992),(7,30917),(8,23686),(9,37320),(12,24274),(13,8148),(14,33774),(16,1744),(17,3541),(24,20258),(25,34049),(26,30346),(27,6911),(29,7190),(30,16423),(31,37422),(32,28484),(33,2907),(36,20803),(37,19903),(38,24835),(40,12408),(41,32131),(42,4346),(44,4827),(46,2568),(47,36970),(50,14243),(55,23077),(56,19175),(57,34348),(58,9207),(59,27565),(61,19384),(62,11585),(63,27114),(64,19522),(65,15577),(66,27414),(68,2528),(69,11633),(73,26009),(74,7161),(75,36602),(78,6121),(79,2569),(80,13687),(81,30851),(83,27339),(84,19124),(85,18565),(86,28689),(90,9518),(91,36870)]	109.742763
653	[(0,25256),(1,16699),(3,20391),(4,20959),(5,6691),(7,29326),(8,18064),(10,1726),(11,8235),(13,31846),(14,16448),(15,3600),(16,11116),(17,1486),(18,5467),(19,35370),(23,26187),(25,37085),(26,9254),(27,25622),(30,15650),(31,22182),(32,4739),(34,10032),(35,13251),(37,22492),(39,7392),(40,34943),(41,27108),(42,14412),(43,25433),(46,17942),(47,18883),(53,2696),(56,17056),(58,29968),(59,11187),(62,11934),(64,5311),(67,25587),(71,21414),(73,26143),(74,28411),(75,24817),(78,9823),(79,36569),(83,5711),(86,21589),(87,6181),(88,31536)]	110.899476
654	[(0,24472),(1,25241),(3,13844),(4,33123),(5,16247),(6,1695),(7,23870),(8,31040),(11,28260),(12,14908),(14,1852),(16,11151),(17,5655),(18,35886),(19,27285),(23,31661),(24,10978),(25,30726),(27,12270),(30,5649),(31,34452),(33,28219),(34,37491),(35,32738),(38,36511),(40,32286),(45,25168),(49,29899),(50,24631),(55,15495),(56,19031),(57,4608),(59,22794),(61,13499),(62,19579),(63,27560),(66,32712),(68,31530),(70,17418),(71,17587),(72,17054),(73,4490),(75,13880),(76,37289),(77,12214),(78,358),(79,36011),(80,15669),(84,23321),(85,3940),(89,12813)]	110.043131
655	[(1,17989),(6,15171),(7,24957),(10,29518),(13,28361),(15,14723),(16,8974),(18,35745),(22,11802),(23,28269),(24,11156),(26,31017),(27,10080),(29,12806),(33,18880),(34,6866),(35,17639),(36,27254),(38,3070),(39,25835),(40,17547),(41,656),(42,19883),(44,33968),(46,8749),(49,2053),(50,19527),(52,24850),(54,18370),(55,4789),(56,31307),(57,36442),(58,11772),(60,788),(61,27549),(62,3024),(63,33003),(64,19514),(65,16005),(66,6228),(67,18306),(69,15629),(70,7912),(75,4899),(76,3688),(77,11195),(82,21792),(83,12762),(84,23042),(86,522),(91,34941),(92,5844)]	125.725561
656	[(0,32817),(1,20188),(3,12704),(4,21802),(5,11351),(7,12167),(9,13770),(12,10101),(13,25366),(14,16089),(15,936),(16,5284),(18,8131),(19,34208),(20,5264),(22,34113),(23,11767),(24,8194),(25,14438),(26,6552),(29,27468),(32,17626),(33,15043),(34,22577),(36,87),(38,20908),(39,9258),(40,19621),(43,8871),(45,37014),(47,10035),(48,3668),(52,28813),(53,30367),(55,16055),(57,29482),(61,13489),(62,3771),(67,32670),(68,28663),(69,19057),(70,10511),(76,29263),(77,18507),(79,11830),(81,28758),(87,2533),(90,15622),(91,4695),(92,16086)]	111.737252
657	[(0,18547),(4,26006),(5,26299),(6,32597),(9,12755),(13,10870),(15,26646),(17,9960),(19,26763),(21,408),(23,23732),(24,15661),(26,18845),(29,21050),(30,12839),(32,21867),(34,34075),(35,15986),(37,28818),(40,1923),(42,3224),(43,37535),(51,23666),(52,21136),(54,6320),(55,12117),(56,18751),(57,30882),(59,15413),(60,21440),(61,7928),(63,545),(65,23388),(66,8775),(68,7309),(69,20171),(70,33767),(71,10613),(72,8693),(73,7519),(74,36796),(75,27412),(76,14182),(77,34027),(79,20486),(80,29827),(83,32419),(84,36933),(85,18674),(86,15067),(87,19386),(91,10052),(92,17246)]	110.154421
658	[(2,13773),(3,29227),(4,24140),(5,6984),(8,31227),(9,3297),(11,30609),(12,13541),(14,11410),(15,9630),(17,24035),(18,424),(20,18510),(21,18681),(22,2116),(23,18884),(25,30530),(28,24703),(29,24164),(32,7866),(33,36728),(36,15749),(37,25498),(40,6493),(46,8130),(49,31004),(51,29546),(52,34805),(53,27142),(55,2840),(56,24866),(57,34425),(59,17144),(61,10729),(65,24080),(66,27223),(68,23535),(70,17953),(76,23122),(80,30231),(82,15758),(83,18251),(86,8146),(89,34409),(91,32250),(92,15941)]	112.434041
659	[(0,2647),(1,4851),(2,9466),(3,11895),(4,25316),(5,22691),(7,4869),(8,32722),(9,9657),(10,37240),(11,37309),(13,36012),(17,21084),(19,30268),(20,1304),(21,13010),(22,34661),(23,34543),(24,25335),(26,26859),(28,1732),(30,6673),(32,23360),(35,1254),(37,31641),(38,26398),(41,1231),(46,19427),(47,13840),(48,23321),(49,6729),(51,35290),(52,4289),(54,15146),(56,9499),(58,31649),(66,7987),(67,33847),(68,2920),(69,6040),(70,2197),(71,826),(73,23212),(74,7719),(75,23984),(76,6581),(77,10432),(78,35967),(80,26964),(81,35737),(83,29076),(85,12984),(88,26715),(89,20793),(90,1625),(92,22634)]	123.217996
660	[(0,6544),(1,25724),(2,18377),(7,2288),(8,2982),(10,30187),(11,15009),(15,27988),(16,22759),(17,16716),(18,30706),(19,1002),(20,35364),(22,25548),(25,14472),(26,6054),(28,6442),(29,3691),(33,6701),(35,21324),(36,1516),(37,16285),(38,10912),(40,29502),(41,17796),(42,10942),(43,34987),(44,16785),(45,19875),(48,29677),(50,17716),(51,10384),(56,31358),(58,22206),(59,28190),(60,34291),(61,29720),(64,20466),(65,7910),(68,27966),(70,11992),(75,13334),(77,31054),(78,37220),(80,34336),(83,11993),(86,663),(87,25004),(88,27757),(89,23644),(90,9629)]	132.179850
661	[(0,15692),(3,10696),(4,32500),(5,11433),(6,20959),(7,6691),(8,14406),(14,0),(17,8252),(18,34640),(20,11537),(21,29704),(24,2465),(26,26996),(28,5423),(30,24450),(33,11826),(34,14695),(37,3156),(38,20424),(39,33064),(43,26458),(46,12923),(49,24806),(51,18197),(52,21122),(53,31586),(55,9425),(58,2126),(59,31552),(60,23055),(61,17827),(65,30128),(66,15406),(67,26324),(71,29929),(72,18480),(74,32160),(75,24720),(76,8870),(78,15240),(79,5433),(81,34043),(82,9118),(83,24937),(84,36891),(85,12611),(91,3941)]	106.780122
662	[(0,14981),(1,15770),(2,27958),(4,7393),(5,18709),(7,27899),(8,12614),(9,29382),(10,29539),(11,35714),(12,36063),(15,30799),(17,20014),(22,11751),(24,11037),(25,20884),(28,6772),(32,10827),(34,17091),(35,31424),(39,22132),(40,18140),(45,5061),(46,22482),(49,5807),(50,23572),(51,32424),(54,25598),(55,28383),(56,5663),(57,31244),(59,455),(61,20727),(63,7876),(65,25553),(66,22439),(67,26121),(69,25627),(71,17139),(73,18211),(74,23428),(77,3188),(78,36337),(79,10761),(81,28985),(82,6583),(83,11637),(88,16408),(92,36108)]	108.838471
663	[(0,12852),(5,32208),(7,19447),(8,17614),(10,25701),(16,6090),(19,10327),(20,17031),(22,30149),(23,34920),(27,17562),(29,24366),(30,6938),(32,36369),(33,6417),(36,21799),(37,6138),(38,26710),(39,25444),(41,10038),(43,6151),(44,33126),(45,27636),(46,27033),(47,37261),(48,2107),(49,19507),(50,13986),(51,4755),(52,17510),(53,36784),(56,26892),(57,20417),(58,33818),(59,34749),(60,22138),(61,20218),(62,3646),(63,21456),(64,24534),(66,12602),(67,9493),(71,30765),(72,30796),(73,23634),(76,33310),(78,21219),(80,37018),(81,2165),(82,27390),(84,20988),(89,33688),(90,9043),(91,4974)]	120.163073
664	[(1,7560),(2,21165),(3,3428),(6,15879),(7,32483),(8,7042),(10,5388),(11,20722),(12,21860),(13,13775),(14,9842),(16,981),(19,29870),(21,15774),(22,26919),(24,27853),(31,6504),(32,12000),(37,31812),(38,6829),(40,22781),(44,29359),(45,28624),(46,24607),(48,6021),(50,10383),(51,27701),(53,36388),(55,34558),(57,16995),(58,16736),(59,20387),(60,4839),(62,19999),(68,14107),(69,29286),(70,2902),(71,1876),(74,12442),(76,23689),(79,17399),(80,2055),(81,11642),(82,9178),(84,2957),(85,3651),(86,153),(87,3273),(88,36736),(89,37406),(90,22751),(92,16337)]	114.483396
665	[(0,11453),(1,21450),(2,35630),(3,22070),(6,61),(8,2730),(9,23287),(10,30711),(12,27717),(14,32093),(15,31593),(18,21527),(20,11421),(22,33051),(25,11755),(26,15683),(27,16090),(28,28262),(30,14882),(31,21292),(32,24142),(33,16374),(35,24564),(37,35135),(38,32052),(39,13019),(40,3469),(41,16483),(44,16260),(47,9544),(48,31789),(50,12847),(53,36564),(56,16523),(61,1509),(63,13156),(64,6109),(65,5880),(69,10263),(71,25018),(72,35340),(73,27435),(75,25395),(80,4038),(81,28732),(82,20277),(83,26107),(86,9325),(88,31645),(90,15219),(91,35380),(92,8441)]	106.469359
666	[(0,14375),(2,2854),(3,34069),(6,29521),(7,20504),(10,30197),(11,28726),(13,19772),(14,29897),(15,33878),(16,32336),(17,327),(18,21634),(19,30649),(20,1868),(21,32426),(23,25729),(25,28632),(26,29703),(27,30827),(28,24135),(29,13150),(32,34139),(34,32303),(35,20282),(38,31693),(39,20747),(41,23515),(43,12759),(44,36700),(46,6268),(47,17375),(49,21619),(50,35586),(53,13400),(55,1074),(56,2974),(58,20708),(59,18840),(60,3337),(61,6900),(63,34639),(65,5008),(66,30174),(67,4121),(69,25944),(70,18846),(73,26088),(78,32180),(79,11091),(80,36433),(81,11953),(87,20289),(88,29146),(92,30445)]	112.835969
667	[(0,28627),(1,518),(3,34771),(5,18375),(8,32929),(16,8949),(18,35773),(20,20019),(22,33068),(24,22020),(26,7779),(27,36288),(28,23999),(30,20267),(31,1085),(36,2909),(37,15745),(38,1431),(39,31797),(42,22065),(44,9665),(48,19992),(49,34774),(50,23210),(51,4965),(52,10206),(56,10904),(57,28200),(58,9047),(59,13718),(60,15463),(63,8288),(64,31239),(66,26426),(74,18),(75,30711),(76,14969),(78,15813),(80,24402),(81,28763),(83,115),(84,23895),(85,28863),(86,16977),(88,3076),(89,20643),(92,10983)]	114.450680
668	[(1,21864),(3,33537),(6,15199),(7,10045),(9,21929),(10,7753),(14,683),(18,3460),(20,35751),(25,19885),(26,13787),(28,25664),(30,24938),(33,28040),(34,15827),(37,11628),(41,9702),(44,4960),(45,27864),(48,21788),(49,28176),(51,30445),(52,28185),(53,21740),(54,1301),(55,4946),(58,19667),(59,29167),(61,25755),(64,2253),(65,26252),(66,16993),(67,22668),(68,18845),(70,30474),(71,26588),(74,18372),(75,12077),(76,28521),(80,19158),(81,31082),(82,20073),(83,23781),(85,6680),(86,2746),(87,8586),(88,20530),(90,36629),(91,15265),(92,29668)]	121.866593
669	[(2,915),(3,12305),(4,32384),(5,35678),(8,6665),(14,32724),(15,6870),(18,36627),(19,537),(22,21955),(26,28323),(27,30262),(29,19804),(31,28304),(34,4726),(37,36419),(41,28181),(42,8645),(43,35278),(45,17513),(46,30066),(47,1679),(48,23467),(50,24252),(52,9453),(53,6129),(54,1347),(58,26783),(59,35092),(62,31930),(65,19744),(68,16695),(71,21341),(74,2419),(75,31368),(77,29743),(78,20624),(79,31495),(82,10827),(85,1940),(86,5143),(88,31963),(91,23836)]	137.234828
670	[(1,17633),(2,9544),(3,1096),(5,28638),(6,26203),(9,30018),(11,15193),(12,8248),(13,21546),(14,7651),(15,29702),(16,9751),(18,19389),(19,17272),(20,18934),(21,10183),(22,7891),(24,37517),(27,20671),(31,6584),(34,20292),(36,29611),(37,9381),(39,1368),(42,19088),(43,20596),(47,36731),(48,29463),(49,18686),(50,3787),(51,25239),(56,31123),(57,27931),(58,35527),(61,8496),(62,35667),(64,26688),(67,30394),(68,26177),(71,13349),(72,18214),(73,3707),(77,11745),(79,24498),(82,29638),(84,34448),(85,24393),(87,8633),(89,13468),(91,36428),(92,7125)]	118.227715
671	[(0,14138),(3,51),(6,17136),(7,18858),(8,11088),(10,32079),(11,28070),(12,18266),(15,7551),(16,18873),(17,9418),(18,30885),(21,15363),(22,31624),(24,16567),(25,5725),(26,11856),(28,7424),(29,6238),(30,28878),(31,1190),(35,13725),(37,2506),(39,32234),(40,1251),(41,13873),(42,36050),(45,23455),(46,5075),(48,31979),(49,28440),(50,18184),(53,18860),(55,22725),(56,4667),(57,7013),(58,16192),(59,2846),(60,15643),(62,586),(63,12530),(65,27178),(66,32924),(67,16969),(68,24552),(69,7939),(70,3397),(72,16101),(75,30294),(76,25157),(77,8401),(78,16142),(79,24737),(81,17922),(83,23864),(84,36931),(85,20264),(87,13147),(88,8019),(89,15586),(91,1464),(92,30463)]	111.256020
672	[(0,21101),(2,25333),(3,12181),(4,21666),(7,17386),(9,15621),(10,30095),(11,4017),(12,36014),(13,32583),(14,4733),(16,10137),(17,2748),(18,2060),(19,19429),(20,23501),(22,34263),(23,23526),(24,2664),(27,15286),(28,25965),(29,7043),(32,26471),(33,6780),(37,11684),(39,20119),(40,32953),(41,22905),(42,22338),(44,26608),(45,21407),(46,11684),(47,16134),(48,12416),(52,22961),(55,17139),(59,36350),(63,36416),(65,25189),(66,27349),(67,13314),(68,23316),(69,21849),(72,28265),(73,29088),(74,2569),(75,24590),(76,4491),(80,34355),(83,23801),(84,22227),(85,13839),(86,15769),(87,35153),(88,1211),(91,21836),(92,28331)]	126.120662
673	[(2,26220),(3,33773),(4,19250),(5,33445),(6,29979),(9,33566),(12,276),(14,32319),(15,22275),(16,10042),(20,19068),(21,4787),(24,17498),(25,19318),(26,20100),(30,28889),(31,18295),(33,18796),(35,14252),(36,32997),(38,27734),(42,8613),(44,27093),(45,11681),(47,33993),(48,47),(49,3435),(50,7561),(51,5783),(52,16626),(58,802),(59,30002),(60,18429),(61,30956),(62,32942),(64,15116),(66,27992),(67,4792),(68,10834),(69,27692),(70,36887),(71,26374),(73,10183),(76,20968),(78,16472),(81,28936),(82,12673),(83,33867),(84,21731),(85,8945),(86,415),(87,4887),(88,33549),(89,36923),(90,19477),(91,16853),(92,33037)]	114.806015
674	[(3,16271),(4,17634),(6,28113),(7,25853),(9,13669),(10,5498),(18,15120),(19,31467),(20,18596),(21,17482),(23,4454),(24,11909),(26,26174),(32,33919),(34,4104),(38,28613),(39,24438),(42,19360),(46,4589),(49,10835),(50,13569),(52,26938),(57,32651),(58,9780),(60,7957),(63,15947),(65,70),(71,24121),(72,26233),(73,2800),(75,1176),(76,34505),(77,4194),(78,5789),(79,20236),(80,4263),(84,33812),(86,10496),(88,17506),(90,15621),(92,36748)]	118.939849
675	[(0,13107),(1,14376),(3,28758),(6,25221),(8,32372),(9,34422),(10,22245),(11,33516),(15,19502),(16,8662),(17,7371),(18,18284),(19,35121),(20,23720),(21,176),(22,24863),(23,17861),(24,28429),(26,11665),(27,16724),(28,274),(29,23292),(31,22099),(32,17626),(33,7719),(35,8833),(37,14431),(38,5637),(40,13703),(41,12608),(42,12200),(43,25336),(44,23785),(45,233),(46,387),(47,31986),(51,25704),(54,31243),(55,6891),(56,2096),(57,3010),(58,14089),(61,21758),(63,26161),(65,12657),(67,22988),(68,2558),(69,19687),(70,6420),(74,26165),(76,19245),(77,30421),(78,7675),(82,12410),(83,19155),(85,17624),(86,33738),(87,32340),(88,23040),(89,7862),(90,11552)]	122.860868
676	[(4,16099),(7,34358),(8,35328),(10,22988),(11,2558),(13,2693),(14,17525),(16,28572),(22,22754),(23,5996),(25,27459),(26,36446),(27,11916),(28,29364),(30,28168),(32,22696),(33,15784),(34,32558),(36,17506),(38,17058),(45,22953),(50,36249),(51,35212),(52,10989),(53,25434),(54,26516),(55,37033),(57,21236),(58,36861),(59,10356),(60,29666),(64,13168),(67,32707),(69,35836),(70,17816),(72,2960),(74,17767),(75,9769),(76,1869),(78,29132),(79,8432),(82,17266),(83,16260),(85,28492),(86,14782),(87,25789),(89,21105)]	115.451391
677	[(0,1001),(3,34688),(4,21814),(8,972),(9,19733),(10,7821),(11,16094),(12,30690),(13,8593),(16,23077),(17,20362),(18,22655),(20,3216),(23,36544),(27,37389),(28,3404),(29,35755),(32,646),(34,30318),(35,20809),(36,4932),(38,8808),(39,35729),(40,24069),(43,25761),(44,25702),(46,26441),(47,3540),(49,1646),(50,14437),(52,36372),(54,31229),(55,4463),(58,5549),(59,2841),(60,7620),(61,2591),(63,21133),(64,35094),(65,8114),(67,20039),(68,31504),(69,22465),(70,28772),(71,35927),(74,5565),(77,30149),(80,8322),(86,10323),(87,12785),(89,7277),(90,31212),(91,483),(92,13298)]	140.670893
678	[(1,23988),(2,2482),(3,30031),(4,30882),(6,5351),(10,26039),(14,11363),(19,15215),(20,22321),(22,30543),(23,30146),(25,15243),(26,25029),(33,20381),(34,37065),(37,11937),(39,16568),(41,30248),(44,30717),(45,19927),(48,15289),(50,25276),(53,36895),(58,13845),(61,36167),(62,30889),(64,7128),(68,30698),(69,14608),(70,32136),(71,27404),(73,5913),(74,2417),(75,28816),(77,5809),(79,7982),(80,23571),(84,26134),(85,12135),(87,15064),(88,20906),(89,15981),(91,27562)]	121.376967
679	[(0,25008),(1,13346),(6,25373),(12,3424),(13,28239),(14,23220),(18,25325),(19,32289),(21,23012),(22,34098),(24,19238),(25,34026),(26,28451),(27,19663),(29,32751),(32,34554),(37,4440),(38,24928),(40,7010),(41,21240),(44,10915),(45,8977),(46,12880),(48,614),(49,32710),(50,26433),(51,22663),(52,16330),(53,15698),(54,13145),(55,4746),(57,11427),(58,29918),(59,12959),(61,28819),(63,14333),(64,28900),(65,7672),(66,18580),(68,37073),(69,26074),(71,28978),(72,13267),(74,19290),(76,25206),(78,37097),(79,17467),(83,26880),(84,22443),(85,10052),(86,35624),(88,23424),(89,16347),(90,306),(91,28088)]	114.173294
680	[(0,21266),(1,30293),(2,37049),(4,32617),(5,10074),(7,4882),(8,16390),(9,2005),(12,29939),(16,21566),(18,18372),(19,12077),(20,35326),(22,32965),(24,29299),(25,11121),(26,738),(27,24642),(28,1008),(29,9273),(30,456),(33,21849),(36,8958),(37,17911),(38,32494),(40,27549),(41,12834),(44,21581),(47,13375),(48,20278),(49,29340),(51,35140),(52,13276),(55,7297),(56,11895),(58,17267),(59,25679),(60,4654),(61,21216),(63,2939),(64,16779),(65,23814),(66,33892),(67,10860),(68,2039),(71,5380),(72,12849),(73,23954),(74,36677),(75,17527),(76,29530),(77,26104),(79,18637),(80,21076),(84,12096),(88,30364)]	124.727760
681	[(1,23129),(4,36077),(5,30352),(9,33700),(10,20461),(12,18604),(13,34235),(14,23811),(16,13069),(17,12869),(19,36549),(21,22066),(24,36540),(26,14206),(27,2834),(28,14932),(30,21451),(31,19981),(32,1842),(33,35731),(34,6238),(35,22086),(37,9627),(38,18932),(41,10883),(42,583),(44,31878),(45,32487),(46,36066),(48,26378),(50,26142),(52,7914),(53,19304),(54,28620),(56,1421),(59,35421),(60,31565),(61,15830),(66,22683),(67,16244),(70,35745),(73,29552),(76,17048),(78,12820),(79,14850),(80,24290),(84,35270),(86,35533),(87,32132),(89,29324),(91,9586)]	109.996729
682	[(2,5044),(4,28746),(5,10257),(10,10915),(12,21634),(16,32725),(19,26863),(21,35256),(22,27012),(23,7304),(26,3608),(27,27842),(30,14689),(32,6759),(33,30370),(35,21617),(37,31447),(38,33427),(39,29256),(41,10356),(42,29666),(44,34204),(48,10229),(49,24752),(50,18058),(53,8556),(56,21659),(57,18101),(58,36424),(59,15541),(60,36089),(61,30587),(62,5440),(63,9016),(66,6241),(67,33528),(68,10606),(70,10082),(71,25619),(74,35724),(75,23522),(76,26969),(77,6807),(80,11578),(81,29366),(82,22354),(83,34036),(84,3301),(85,8112),(87,15518),(88,7627),(89,8923),(90,4759),(92,18308)]	108.569863
683	[(0,12602),(1,14220),(3,31885),(4,34990),(6,28591),(8,5242),(11,20594),(12,21319),(14,7368),(17,2862),(20,22533),(22,4917),(23,511),(24,2728),(26,14657),(27,22158),(28,28298),(31,27231),(33,32435),(36,26724),(37,20289),(40,23841),(41,31589),(42,23531),(43,36910),(44,19720),(49,7964),(50,7082),(53,12420),(54,488),(55,17834),(56,12226),(57,17562),(58,15782),(59,17606),(60,15301),(61,35470),(62,9666),(63,11849),(66,400),(67,29991),(68,35155),(69,19644),(72,3425),(73,6693),(74,21494),(75,2171),(76,30021),(77,33322),(78,28963),(81,25972),(83,1846),(84,34560),(86,26625),(87,7087),(88,4637),(89,31762)]	119.507883
684	[(1,32199),(2,10348),(4,2990),(9,21461),(11,10729),(13,16300),(14,14269),(18,25996),(20,28291),(22,21990),(24,7653),(25,983),(27,6939),(28,18075),(29,29647),(32,19834),(36,3355),(37,19301),(41,14871),(42,30329),(46,30346),(47,32328),(48,2897),(50,30530),(52,24983),(55,36423),(56,12517),(57,25666),(58,11803),(60,24372),(61,20145),(65,13023),(68,14748),(69,6852),(70,25151),(73,12946),(74,22707),(75,6084),(76,35894),(81,22358),(82,26457),(83,20532),(87,8956),(90,6463),(91,29291),(92,37149)]	136.068155
685	[(0,10284),(1,20058),(2,7891),(3,36615),(4,30520),(5,13214),(7,782),(9,5679),(10,11628),(13,14485),(16,8822),(18,10622),(19,27473),(22,13343),(23,8944),(25,6810),(26,287),(27,5678),(28,33671),(29,1396),(30,9866),(31,712),(33,14485),(35,27704),(36,2378),(37,24795),(39,1254),(42,27812),(43,27373),(44,5595),(45,8540),(46,12870),(47,20534),(48,1334),(50,9549),(51,1951),(52,18227),(53,14953),(57,19064),(58,13422),(60,16477),(61,11459),(63,27727),(64,26287),(65,203),(66,1733),(67,5549),(68,2841),(70,28934),(71,21226),(72,12296),(74,18138),(76,16662),(77,9118),(80,20),(81,2213),(83,7098),(86,26641),(87,19294),(89,21545),(90,26034),(92,28632)]	122.354778
686	[(1,32712),(3,34510),(4,26186),(6,31402),(7,19841),(8,35260),(10,33171),(13,33857),(15,24210),(16,28657),(18,18366),(21,16806),(27,11186),(29,13875),(30,30987),(33,20124),(34,3961),(36,11506),(37,31243),(38,6891),(40,23429),(41,24281),(44,25525),(46,16711),(54,14958),(55,21887),(56,18347),(57,21754),(58,15253),(59,11272),(61,23930),(62,18634),(63,4780),(65,4160),(66,1075),(68,4284),(70,14929),(71,7657),(74,14327),(77,6487),(79,22791),(80,4391),(81,8940),(83,29875),(84,5206),(86,36767),(88,16764),(90,1680),(92,13190)]	139.916645
687	[(0,21459),(2,22689),(6,25184),(8,24054),(10,33472),(11,6326),(16,29027),(19,32244),(22,23292),(25,8386),(28,29975),(29,27857),(32,32358),(35,9149),(36,34942),(37,36011),(38,15669),(42,32292),(43,25822),(44,29183),(45,28387),(47,12937),(49,36094),(51,33094),(54,19322),(59,34353),(61,18472),(62,28377),(64,1940),(67,5797),(68,19247),(71,1103),(72,31663),(74,14422),(75,24924),(76,28775),(78,25517),(81,13890),(85,10367),(88,6763),(91,25007)]	112.748459
688	[(0,860),(1,21498),(4,24901),(7,17189),(8,24290),(9,4095),(10,32972),(11,30739),(14,16863),(15,12010),(16,3187),(17,35132),(18,34800),(19,8580),(22,21375),(25,5657),(28,17422),(29,22877),(30,11523),(31,17340),(32,4688),(37,7224),(39,25080),(40,20579),(41,20153),(45,6750),(46,15221),(47,9297),(48,11406),(51,5933),(54,19510),(55,27270),(57,5506),(58,490),(59,11523),(61,20496),(62,8974),(63,28613),(64,21784),(67,9455),(69,1344),(70,22836),(73,28803),(75,12963),(76,16780),(77,29273),(78,18293),(79,2385),(80,33006),(81,18058),(82,26838),(83,16615),(86,37102)]	132.404156
689	[(0,32690),(1,1437),(2,2689),(3,6494),(4,12123),(5,37483),(7,33301),(8,4926),(10,19618),(11,18095),(13,1464),(18,24523),(20,11208),(21,32716),(22,9623),(24,228),(26,16830),(27,10697),(28,10028),(29,37257),(32,32280),(33,26925),(36,6632),(37,18264),(38,27947),(39,130),(40,4382),(42,32446),(43,35776),(46,30757),(47,23523),(48,9178),(49,5265),(50,11015),(51,31005),(52,18148),(54,5694),(55,37368),(56,16770),(57,20979),(58,26594),(60,17157),(63,26441),(64,14024),(66,18553),(67,18876),(68,679),(69,35377),(70,2775),(71,12067),(73,22016),(74,1007),(75,5034),(76,23792),(77,34910),(78,8179),(80,27538),(81,37345),(83,33033),(84,6173),(85,16479),(89,23505),(90,31977),(92,1699)]	117.630639
690	[(0,7765),(3,14789),(6,12072),(7,17083),(10,21652),(11,16102),(15,17024),(16,5845),(18,29218),(21,15164),(22,9730),(24,34831),(29,24228),(30,8292),(32,27247),(33,21898),(34,23040),(35,18745),(36,11507),(37,18630),(38,16007),(41,37423),(43,19198),(46,15228),(47,33700),(48,20461),(50,18604),(51,34235),(52,31065),(53,31918),(54,105),(55,10788),(57,3960),(59,28269),(61,32685),(63,27724),(64,12751),(65,31226),(66,21422),(67,36022),(68,24520),(70,10613),(73,35230),(75,28356),(77,6773),(79,14393),(80,7980),(82,24240),(83,30344),(85,27732),(86,11360),(89,7098),(90,33860)]	117.620276
691	[(0,2857),(1,9372),(4,27722),(5,32913),(6,12805),(9,31639),(10,7289),(11,12977),(12,3533),(15,12933),(17,11669),(20,31285),(21,6539),(23,32544),(24,34742),(25,35497),(27,34735),(28,29077),(29,471),(30,17485),(32,27835),(33,24592),(35,36090),(36,17986),(37,7687),(39,16931),(43,22987),(45,3108),(47,21138),(48,37146),(49,15444),(52,25516),(54,18199),(55,29472),(59,29659),(61,8535),(62,13717),(63,26785),(64,22561),(66,6272),(67,32483),(68,9138),(70,27511),(71,22647),(73,8731),(74,33066),(75,16273),(78,20799),(80,24615),(82,5984),(83,24246),(84,12640),(86,5872),(88,17129),(90,7437),(92,25457)]	253.706269
692	[(0,17874),(1,24735),(2,922),(4,13920),(5,19309),(7,26314),(11,5298),(13,15488),(15,26619),(17,8792),(18,8294),(19,26327),(20,26246),(22,16979),(24,15016),(25,9766),(27,1911),(28,29263),(29,32791),(30,35348),(33,12890),(34,21673),(37,28664),(38,32992),(40,6),(41,18242),(42,3377),(43,31100),(46,12043),(52,25642),(53,3546),(55,36569),(59,34253),(60,30962),(61,4901),(64,11974),(65,21412),(66,32620),(68,30521),(70,29345),(73,37461),(75,26038),(77,13444),(78,6137),(79,5593),(80,30959),(82,15257),(83,35828),(86,16576),(88,25164),(89,3746),(91,26880),(92,9124)]	240.932340
693	[(0,35755),(3,29786),(5,28511),(6,7037),(7,19657),(9,18043),(10,32157),(12,29488),(13,20782),(14,22359),(15,11290),(16,32586),(17,35941),(18,37244),(21,33974),(23,24291),(24,21593),(25,30568),(26,35487),(27,11853),(28,2527),(29,27537),(31,27085),(32,31002),(33,4591),(36,11888),(37,8207),(39,2208),(40,33069),(48,17550),(50,36686),(51,3150),(52,4386),(54,34906),(55,12694),(57,29889),(58,4528),(59,21198),(60,34578),(61,34192),(62,8057),(63,16756),(64,2001),(65,29782),(66,23169),(67,36119),(70,33082),(71,30431),(72,22391),(73,31935),(74,7702),(76,29841),(77,15587),(78,29046),(79,14513),(80,20173),(83,28476),(87,21252),(90,31677),(91,18954),(92,27456)]	247.065291
694	[(0,22614),(8,2960),(9,19139),(11,33324),(13,28360),(15,7860),(17,21014),(18,30832),(20,18800),(22,15873),(23,33587),(24,2228),(25,12008),(32,33863),(34,13796),(35,29111),(36,31101),(39,31470),(40,1547),(41,35585),(42,36912),(44,26686),(45,13496),(52,34221),(53,13061),(54,1161),(58,23769),(62,28470),(63,15827),(66,11628),(68,22441),(72,16226),(73,27445),(77,15860),(80,22152),(81,20226),(82,26609),(84,24932),(85,14659),(86,8847),(88,28119),(90,3665),(91,7790),(92,28796)]	241.088470
695	[(1,15121),(3,12726),(4,14833),(5,14840),(6,32764),(11,35638),(12,9915),(14,5951),(16,33410),(19,33094),(20,22023),(21,31594),(28,28793),(29,8425),(30,3133),(31,21313),(32,2194),(33,24498),(34,16492),(35,36394),(36,31012),(38,18117),(39,9032),(40,1688),(42,20234),(43,24006),(44,1709),(45,17145),(47,36656),(48,4924),(50,20706),(52,34939),(54,29833),(55,18756),(56,21407),(57,9474),(58,12448),(59,9532),(60,31728),(61,28959),(63,20189),(65,9025),(69,4567),(70,17809),(71,33448),(73,11781),(74,30435),(75,8810),(76,30169),(78,877),(80,29673),(81,19460),(82,36273),(85,5770),(86,4204),(90,34044),(92,10935)]	243.849861
696	[(0,34416),(2,27331),(3,28765),(5,2570),(6,9812),(7,21107),(8,1531),(9,36571),(11,27613),(12,10708),(13,11263),(16,10370),(20,36306),(23,23644),(25,17545),(27,20828),(28,25266),(31,20551),(32,26544),(34,22894),(35,19281),(36,6752),(37,34213),(38,34390),(39,34150),(42,217),(44,33801),(45,15532),(46,16701),(47,26841),(48,1177),(49,6490),(52,23248),(54,8462),(56,25788),(58,20692),(59,7128),(66,24711),(69,10652),(71,36969),(73,30210),(74,16145),(76,28358),(77,29391),(78,16335),(79,17601),(80,31147),(81,21216),(82,2712),(84,37033),(85,5655),(86,36839),(91,37554)]	262.416424
697	[(0,31908),(4,21549),(5,4128),(6,8840),(8,3129),(9,32905),(13,34487),(14,9415),(15,9794),(20,22847),(24,19027),(25,20373),(26,25082),(28,34487),(29,35100),(31,15687),(33,5169),(34,30984),(36,21094),(38,4798),(39,31809),(40,21340),(42,30311),(43,6965),(51,25482),(52,7772),(54,10247),(60,18259),(62,6030),(63,35983),(64,17610),(66,31370),(67,19271),(68,28173),(69,4201),(70,519),(71,19928),(72,27379),(73,15378),(74,25133),(76,32135),(77,7758),(79,15176),(80,3907),(81,9575),(82,7206),(84,14359),(86,27394),(88,6260),(89,33023),(91,27803),(92,34153)]	245.102067
698	[(0,17336),(2,17401),(3,37329),(4,26166),(6,34365),(7,10838),(10,3359),(12,25451),(14,13924),(16,18016),(17,20076),(20,1793),(22,507),(24,12791),(30,18118),(31,37180),(33,14814),(35,35937),(36,33746),(38,17779),(39,17741),(40,4319),(41,10433),(42,31673),(45,11788),(46,30624),(48,32360),(49,20526),(50,17825),(55,18501),(56,4109),(57,19381),(59,31633),(60,18325),(61,28304),(64,35670),(65,6967),(66,11043),(67,36949),(68,23260),(71,16236),(72,25936),(73,32575),(78,25854),(79,21695),(80,10155),(82,26621),(83,16643),(84,19502),(88,28766),(92,6538)]	254.256420
699	[(0,17737),(1,3487),(3,5247),(4,27464),(6,29296),(7,970),(8,29970),(10,33248),(11,19038),(14,24978),(15,9467),(18,36209),(19,10561),(21,30060),(22,9340),(24,28460),(25,15012),(28,637),(29,11040),(30,23334),(31,27806),(33,35856),(34,11403),(36,20523),(38,27242),(43,9817),(44,5437),(46,16568),(48,25612),(49,17162),(51,30925),(52,33966),(55,18653),(63,2872),(65,4099),(67,19394),(69,31498),(70,30872),(71,28750),(76,24744),(78,23236),(82,9215),(83,9454),(85,36549),(86,23357),(88,34970),(89,17235)]	254.688732
700	[(2,15966),(4,14906),(5,21200),(7,26614),(10,24608),(12,31644),(14,12238),(16,19952),(18,1578),(20,6465),(21,12571),(22,5173),(24,33306),(26,12107),(27,17221),(29,16471),(34,32031),(35,17888),(36,4687),(37,17963),(38,33939),(39,17604),(41,22533),(42,12702),(46,21329),(48,34417),(50,27650),(52,32421),(53,3138),(54,10044),(56,8364),(58,470),(60,10181),(62,23913),(63,9832),(64,33178),(66,3127),(68,27138),(71,10983),(72,8975),(73,6704),(75,21681),(76,11182),(78,32996),(79,2426),(87,32180)]	245.742160
701	[(0,7586),(1,19488),(3,17627),(8,10139),(12,7043),(13,6524),(14,30654),(15,21638),(17,16569),(20,21404),(22,11500),(23,37284),(25,33394),(26,6798),(27,33179),(29,9549),(30,36507),(31,27302),(35,16962),(37,15801),(38,32117),(39,37087),(40,28725),(42,2914),(43,32365),(44,1437),(45,2689),(47,16008),(48,10518),(49,13948),(50,27288),(52,36299),(55,18826),(57,4347),(58,19004),(59,34757),(60,6928),(63,12920),(64,19149),(65,35182),(66,27195),(67,12953),(68,30578),(73,21031),(76,5676),(78,642),(80,1843),(81,23130),(82,18466),(84,22436),(86,19370),(88,28699),(89,28487),(90,14279),(91,5531),(92,2884)]	236.591725
702	[(0,27428),(1,16255),(4,2954),(5,30745),(6,9933),(7,9800),(8,11411),(9,16322),(10,6457),(11,22921),(12,22119),(14,19239),(15,22735),(16,36990),(18,25468),(19,6924),(20,18979),(23,2705),(24,28863),(25,12768),(26,2193),(27,20772),(28,7100),(31,25221),(37,21425),(39,20778),(43,28168),(45,14497),(48,25554),(49,16877),(50,29364),(52,2387),(53,494),(56,27315),(58,36810),(59,20081),(62,789),(64,23069),(66,26882),(70,1333),(72,2316),(73,8836),(74,14596),(77,3086),(78,25815),(81,22098),(84,17135),(85,20882),(88,4479),(90,7070)]	253.036234
703	[(0,29040),(2,22768),(3,11929),(7,36687),(8,32553),(9,30927),(10,18627),(11,30301),(14,5912),(16,35376),(17,36388),(18,14686),(19,31687),(20,35498),(22,13030),(23,3626),(25,21774),(27,29554),(28,30287),(32,19441),(34,34544),(35,30994),(39,13559),(40,1482),(41,2495),(42,17060),(44,30426),(45,31779),(49,16778),(54,343),(56,21249),(58,662),(60,36132),(61,37417),(62,21006),(65,31641),(67,22123),(69,27144),(72,7710),(74,9246),(75,3243),(76,17266),(77,89),(78,19879),(80,27048),(81,19562),(82,5015),(84,2862),(89,17878)]	248.985569
704	[(2,17018),(3,9332),(4,15067),(5,30963),(6,24796),(7,23712),(9,13922),(12,28520),(14,35701),(16,10992),(18,16189),(20,32728),(21,930),(23,4511),(25,37437),(26,865),(27,24800),(28,31903),(30,34993),(31,13398),(33,14612),(34,34295),(35,20661),(36,20588),(37,15645),(39,17090),(40,19659),(41,10997),(44,13815),(50,14818),(51,23567),(54,27864),(55,26999),(57,4862),(62,20780),(63,25351),(64,27745),(65,33588),(66,23979),(69,4771),(70,31536),(73,30538),(75,20623),(76,14729),(78,17869),(80,30567),(81,19349),(82,36554),(83,17663),(84,18428),(89,10554),(90,271),(91,6837)]	249.344233
705	[(3,24233),(4,30184),(5,6407),(6,21346),(8,11927),(9,28189),(13,11533),(15,16924),(18,35746),(19,28988),(21,17881),(23,10443),(24,26397),(25,32239),(26,13991),(28,23061),(29,2694),(30,14277),(32,5276),(33,12024),(34,17306),(35,12152),(37,36708),(38,24209),(39,24941),(41,22357),(44,19641),(45,29588),(47,11470),(48,3809),(52,36598),(53,8704),(54,20314),(56,26686),(59,26464),(61,13934),(63,33263),(64,19031),(66,1319),(67,22900),(69,25307),(71,4823),(72,28208),(76,35455),(78,33243),(80,1450),(81,12650),(82,32181),(84,24580),(87,9173),(88,13796)]	159.054874
706	[(0,29900),(5,19763),(6,2032),(8,5016),(10,26409),(11,35918),(13,22183),(14,8),(17,21256),(20,32293),(21,12415),(23,18597),(24,27298),(26,8544),(27,30465),(28,15288),(32,190),(33,21269),(34,12413),(37,23718),(38,8609),(40,4583),(42,16042),(43,3154),(44,13275),(45,27666),(47,15474),(48,418),(49,19250),(50,33445),(51,29979),(52,26656),(54,2889),(58,30132),(59,5545),(61,26030),(62,1095),(64,28809),(65,30449),(66,27735),(67,33386),(71,27985),(73,28060),(74,31536),(75,28141),(77,21588),(78,6431),(81,17564),(83,27040),(85,8956),(87,35743),(88,4781),(89,29263),(90,18507)]	137.592181
707	[(0,23158),(3,3182),(4,29255),(5,18395),(6,16650),(8,12365),(9,20343),(13,3242),(14,15953),(15,21488),(17,17260),(19,27230),(20,14988),(21,1256),(22,28284),(23,23101),(24,8332),(25,23681),(27,9973),(29,33962),(30,16441),(31,5847),(32,4254),(36,4974),(43,13876),(47,32850),(50,21695),(51,6688),(54,36389),(55,6552),(56,17281),(58,15516),(60,27070),(62,26275),(63,25445),(65,36445),(66,35155),(67,35809),(68,13181),(70,32362),(71,36010),(72,16919),(75,4918),(77,31515),(78,1629),(79,24464),(82,27270),(88,8437),(89,20268),(90,34452),(91,2476),(92,34839)]	119.752179
708	[(0,3747),(2,3616),(3,21101),(4,989),(5,33445),(6,19330),(7,34243),(9,12421),(10,13360),(14,27225),(16,19200),(17,30836),(19,27850),(20,15985),(22,30035),(27,14164),(30,27427),(32,33841),(34,37280),(35,28050),(37,17199),(39,11737),(40,20915),(41,22334),(42,24878),(43,11889),(46,32139),(47,17567),(50,13092),(53,98),(55,9220),(57,22214),(59,10675),(60,22052),(61,22112),(62,31671),(64,7132),(65,35380),(66,8441),(68,9161),(69,20930),(70,36493),(71,15637),(72,434),(77,15393),(82,25694),(83,20743),(84,5746),(85,31946),(87,20083),(88,20125),(89,19541),(90,12176),(92,28848)]	111.468753
709	[(0,34069),(1,32833),(2,3877),(3,32409),(9,11030),(10,27628),(11,27861),(12,5392),(13,24074),(14,29027),(16,14183),(18,27749),(21,36804),(22,17299),(24,9886),(26,10333),(27,29065),(28,15961),(29,20963),(30,2019),(32,29628),(35,31491),(36,36827),(37,17561),(38,9258),(39,28128),(42,29217),(43,1203),(46,14608),(47,32136),(50,15782),(51,12118),(54,32157),(56,7800),(57,24478),(60,21079),(61,22444),(63,27745),(64,24658),(66,16655),(67,1505),(69,21634),(71,19494),(74,20856),(79,36840),(83,15393),(85,2729),(86,18444),(88,8820),(89,13977),(90,32065),(91,19805)]	126.276870
710	[(1,21969),(2,20866),(3,1553),(4,24385),(7,15047),(8,3375),(9,4394),(10,37224),(11,29101),(12,6129),(13,8333),(15,26512),(17,10789),(18,8438),(20,19756),(24,34588),(25,14113),(26,30455),(28,34111),(29,8038),(31,855),(32,15416),(34,7342),(35,20966),(39,21127),(40,5499),(42,4065),(43,5048),(45,11092),(47,3412),(48,15294),(49,9737),(50,2300),(52,36173),(53,21429),(56,8267),(60,29764),(64,5536),(65,22575),(67,9454),(70,9960),(71,25141),(73,28582),(74,3015),(75,22862),(76,24554),(78,1634),(79,28008),(81,3849),(82,25059),(84,9824),(85,16641),(86,2331),(87,6625),(91,10823),(92,16844)]	121.688780
711	[(0,21212),(1,10049),(7,3007),(9,35801),(10,30965),(11,4449),(12,10991),(13,23980),(14,22449),(15,7528),(16,19395),(17,6252),(18,15220),(20,21953),(22,13455),(23,36527),(26,12223),(27,15725),(28,25172),(30,12537),(31,3960),(33,28269),(34,19851),(35,577),(38,25949),(39,17890),(41,2005),(42,26496),(43,8161),(44,2441),(45,9227),(47,214),(49,19498),(50,26157),(52,3306),(53,9452),(54,4854),(55,35579),(56,23994),(58,9114),(60,12705),(63,15158),(64,27703),(67,34970),(68,17235),(70,14770),(71,19203),(73,3363),(74,31562),(77,1362),(80,4473),(82,16869),(83,10239),(85,20495),(86,5855),(92,36718)]	114.780224
712	[(1,4598),(2,17255),(3,13858),(4,23006),(5,24062),(6,6061),(7,30041),(10,27124),(11,960),(12,33991),(13,22772),(14,5297),(16,6094),(17,16297),(18,10187),(21,37259),(23,16548),(24,36109),(26,20052),(27,31516),(28,35235),(30,27215),(31,17374),(32,6373),(33,26708),(36,26381),(39,15813),(40,35025),(41,23731),(42,27680),(43,7806),(46,23378),(47,21410),(50,29119),(51,3060),(52,27148),(53,23061),(54,5899),(56,7963),(57,3020),(60,16640),(62,23314),(63,30929),(64,30387),(66,3675),(71,34458),(73,21796),(74,20465),(76,6618),(77,6909),(79,21104),(81,9664),(82,25392),(83,26747),(86,3404),(88,36905),(90,6810),(92,12915)]	121.264273
713	[(0,20073),(1,23781),(4,32908),(5,23344),(6,1715),(7,15468),(8,20167),(10,4037),(11,32960),(14,16837),(15,6411),(17,31498),(24,27243),(26,1294),(28,10364),(32,22548),(34,32951),(35,6288),(36,7125),(37,28363),(38,29664),(40,24999),(44,5693),(46,5997),(47,18352),(48,29387),(49,34218),(50,32971),(52,19649),(58,16505),(60,29452),(61,2283),(63,33196),(64,14583),(66,3328),(68,5185),(69,15950),(70,26269),(71,12076),(72,18836),(73,29069),(75,32993),(77,23955),(78,16757),(80,22884),(84,6506),(91,32156),(92,1960)]	110.882828
714	[(1,34848),(2,19515),(6,34242),(8,27415),(9,27551),(10,31418),(11,18291),(12,26018),(14,7958),(16,2556),(17,22170),(19,36396),(21,12769),(22,26203),(23,11058),(28,21801),(30,35237),(31,21408),(32,1783),(34,29414),(35,32966),(36,8992),(38,21050),(39,22748),(40,6359),(42,1632),(45,36522),(46,9279),(47,8557),(48,15723),(50,12020),(51,17517),(52,27219),(53,4107),(55,9201),(58,17711),(59,755),(60,36469),(61,17189),(64,25078),(65,4091),(67,28831),(69,29948),(70,22073),(72,33295),(73,28509),(74,15849),(75,6374),(76,16392),(78,11071),(81,17777),(83,27331),(84,28765),(85,4391),(86,35046),(88,27133)]	113.058276
715	[(3,37378),(4,27136),(7,24158),(9,35720),(10,34875),(12,3134),(13,24649),(14,16358),(15,9041),(16,25896),(17,8111),(18,30009),(20,26870),(21,7679),(23,4704),(24,11236),(26,9185),(27,17856),(28,31190),(30,17827),(33,21267),(35,16594),(37,10376),(39,24057),(43,6934),(44,23767),(45,26431),(49,23652),(53,8500),(54,21303),(55,9505),(56,26203),(57,20975),(58,28792),(59,23877),(60,15903),(62,12311),(66,22340),(68,5621),(70,2301),(73,1074),(74,23026),(75,35888),(78,11562),(80,748),(81,12519),(83,6931),(86,17377),(87,1167),(88,9539),(89,20126),(91,22189),(92,26694)]	152.076852
716	[(0,8165),(1,27419),(2,28618),(4,8187),(5,29884),(6,18176),(7,13101),(12,14750),(15,31434),(16,7208),(17,1508),(18,36489),(19,35883),(20,470),(21,33230),(23,17942),(24,28001),(25,29204),(26,24349),(28,10779),(29,36788),(30,23390),(32,24558),(33,35212),(34,32236),(36,13779),(37,30745),(38,9933),(43,30384),(45,17168),(48,19112),(49,7018),(53,99),(56,25450),(57,14514),(58,34865),(60,24208),(62,28365),(65,17730),(66,17242),(69,16350),(72,17204),(74,21313),(75,44),(76,5504),(77,27607),(79,9684),(84,27543),(85,4684),(86,6360),(87,30741),(88,5691),(89,34478),(92,7914)]	123.180063
717	[(0,36527),(3,19844),(4,2521),(8,13587),(9,6182),(10,33528),(11,10606),(14,18202),(15,711),(16,18576),(21,4353),(22,35568),(27,13654),(28,32325),(29,28492),(30,11228),(31,35567),(33,18426),(34,35225),(36,23389),(37,24761),(38,2422),(39,1656),(40,19256),(41,3719),(42,10545),(44,20438),(45,3673),(46,30985),(48,18579),(49,20363),(50,15823),(51,5719),(52,32326),(53,768),(54,746),(56,25572),(57,14705),(59,31596),(62,37017),(65,19076),(67,14487),(68,2041),(69,19638),(72,19925),(73,32323),(74,4019),(75,3177),(80,14042),(81,36284),(82,14764),(83,18574),(84,25006),(86,7921),(87,26517),(88,4788),(92,12635)]	119.477795
718	[(2,35666),(3,13822),(4,29413),(5,10139),(6,22422),(9,30550),(10,15990),(12,4373),(13,29675),(15,20448),(16,4442),(18,32565),(19,14597),(20,30112),(25,17078),(26,16776),(29,24451),(30,5386),(31,11924),(32,6845),(33,7045),(35,30666),(36,24613),(41,17503),(43,17517),(44,7076),(46,442),(50,16733),(51,14082),(57,8383),(58,1994),(60,6479),(62,24309),(63,13136),(65,31667),(66,6144),(68,35325),(69,26594),(72,29963),(73,17882),(74,21571),(76,19757),(79,31751),(81,22608),(82,20660),(86,32161),(87,35515),(89,29152),(90,21894),(91,10302),(92,839)]	133.267002
719	[(0,8724),(3,4406),(6,28069),(9,23323),(12,25460),(13,35009),(14,6703),(15,11602),(16,2656),(18,35483),(21,35079),(23,30605),(24,19154),(25,33753),(27,13),(29,2743),(31,34437),(33,7022),(34,33899),(39,3170),(42,11919),(45,22373),(49,31804),(50,2728),(52,29423),(55,16726),(56,7606),(57,26696),(59,28936),(60,12673),(62,14504),(64,29576),(66,14033),(67,1365),(68,29308),(70,2466),(71,24026),(72,24218),(75,5615),(77,29502),(78,3200),(79,22535),(83,13683),(84,28205),(87,19533),(88,14562),(89,14033),(90,37073),(91,11394)]	119.490033
720	[(3,19786),(7,16547),(9,18170),(10,6657),(12,15434),(13,24063),(14,3238),(15,20701),(17,22876),(18,8656),(19,32574),(20,28921),(23,3071),(24,30264),(25,3889),(26,20855),(27,23766),(28,24118),(29,830),(32,33942),(36,5568),(37,29964),(40,10843),(41,28114),(43,29846),(44,31443),(47,15361),(49,21567),(51,25672),(55,16813),(57,693),(59,18750),(62,30018),(65,19739),(68,26417),(69,6216),(70,33856),(72,25270),(75,3124),(76,19159),(77,10087),(78,36316),(79,32685),(80,9800),(82,25497),(84,22164),(85,32002),(87,33169),(89,12310)]	111.887625
721	[(0,13397),(3,4934),(4,23147),(5,11851),(8,18258),(9,29428),(11,9266),(16,13490),(18,917),(21,793),(22,10508),(25,23512),(27,33928),(29,15631),(30,21191),(31,14032),(33,1209),(34,2463),(45,28753),(50,18370),(51,36600),(53,4834),(54,457),(55,37563),(56,17534),(58,7914),(59,36014),(60,20076),(61,35701),(62,33949),(63,1467),(65,8700),(66,7469),(68,6311),(71,26932),(72,27959),(73,21268),(74,32671),(75,25826),(76,17247),(80,13990),(81,8269),(82,31238),(86,4149),(88,28216),(89,1317),(90,5823),(91,17134),(92,4374)]	109.919129
722	[(0,8563),(2,23455),(3,13792),(4,4355),(5,21891),(6,30058),(8,9799),(10,19997),(11,30975),(13,35016),(15,18575),(16,11182),(19,26028),(22,15887),(23,7697),(27,11084),(33,36438),(34,9804),(35,4722),(37,20481),(38,32596),(39,7278),(40,26601),(44,839),(45,31001),(46,2191),(47,3483),(48,12194),(52,28292),(53,26316),(55,20427),(56,1545),(62,24291),(63,6763),(66,433),(67,6034),(68,23989),(70,26696),(72,26280),(76,7273),(77,9808),(80,32499),(81,9671),(82,26125),(85,3773),(88,26718),(90,19521),(92,26852)]	108.946342
723	[(1,23425),(2,2794),(3,3831),(4,7269),(5,19095),(6,31406),(7,1495),(8,6524),(10,36779),(12,29808),(14,5423),(15,10275),(17,11865),(18,33122),(19,22095),(20,28138),(21,31443),(22,35820),(24,29960),(26,9968),(30,29957),(33,5519),(34,36562),(35,30629),(37,14517),(38,25774),(40,36708),(41,26774),(43,30081),(44,37460),(46,28611),(47,14815),(48,31995),(49,24035),(51,12673),(53,34809),(54,1988),(56,8399),(59,20381),(60,37065),(62,28757),(63,20474),(65,36731),(66,21072),(67,2321),(70,21254),(75,3898),(76,28304),(78,15911),(79,14031),(80,23284),(81,11048),(84,24759),(85,13894),(86,8677),(87,32980),(90,35146),(92,6796)]	137.066564
724	[(0,28545),(1,3583),(4,25937),(8,18160),(9,14093),(10,1336),(11,26786),(12,17591),(14,29682),(15,26060),(16,35476),(18,21738),(19,28060),(20,31536),(21,28141),(23,30637),(24,35389),(25,19444),(26,17723),(28,29212),(29,31427),(30,29968),(31,3292),(34,9958),(36,8602),(37,821),(38,11633),(39,25733),(40,12360),(41,15654),(45,26497),(46,18137),(48,17570),(50,4670),(52,6314),(54,21547),(55,13000),(56,540),(61,31285),(62,6539),(64,28342),(65,1286),(67,6413),(72,5354),(74,5144),(75,17301),(76,26403),(80,4310),(81,4073),(82,14949),(85,36851),(91,6455),(92,6399)]	118.516924
725	[(0,9133),(1,15222),(4,30921),(5,32461),(6,11987),(7,34243),(8,33563),(9,30312),(10,29120),(13,13886),(14,30591),(16,13587),(17,6182),(19,14322),(22,11629),(23,12597),(24,34373),(25,32736),(27,34835),(28,14010),(29,9650),(30,33456),(31,2151),(32,5494),(37,26570),(38,24450),(39,23867),(40,11730),(41,16045),(42,5271),(43,24348),(44,16230),(45,15303),(46,745),(52,29160),(55,6452),(57,17817),(59,17937),(60,25027),(61,35591),(62,29518),(64,29677),(65,2788),(66,23298),(67,6827),(68,8893),(69,1595),(71,9516),(72,24593),(75,34473),(76,22496),(77,23851),(79,33889),(80,33419),(84,26370),(85,8963),(87,31927),(88,31761),(90,3999)]	107.701086
726	[(0,24065),(1,8627),(2,33590),(4,454),(7,15450),(8,4278),(9,11619),(10,16075),(11,31006),(14,17287),(15,22619),(16,31343),(17,19865),(18,24962),(19,14943),(21,23238),(25,18702),(28,22265),(29,27985),(32,23482),(33,20413),(34,3301),(35,33381),(36,37013),(37,8901),(38,9067),(40,32349),(41,19859),(43,22147),(47,16018),(48,28758),(49,27525),(51,17658),(52,21685),(55,35526),(56,27832),(57,19468),(59,26513),(60,17259),(61,21366),(63,4753),(64,37180),(67,27279),(68,30167),(69,34823),(72,36263),(78,1618),(81,10120),(82,9303),(87,31041),(88,11010),(91,33185),(92,13700)]	110.357867
727	[(3,10162),(4,28903),(5,33715),(7,22400),(8,2267),(10,16543),(11,432),(13,12494),(15,34761),(16,19952),(17,25827),(18,31743),(21,34021),(23,8418),(24,30466),(33,7942),(37,347),(38,25478),(39,24541),(42,19361),(43,12891),(44,26901),(45,34793),(46,6099),(47,3478),(48,29125),(50,4973),(54,20611),(55,27150),(56,3330),(57,905),(59,22038),(62,22556),(63,24557),(64,1468),(65,32301),(66,30312),(67,29120),(68,13858),(69,23006),(72,31876),(74,5276),(75,12024),(76,13772),(79,6971),(80,33963),(82,20384),(83,28771),(84,14105),(86,27056),(90,7065),(91,6267)]	121.266399
728	[(2,31580),(6,35824),(7,9462),(10,8956),(12,9674),(15,28091),(17,6650),(20,22877),(22,21289),(23,1947),(25,36809),(28,11938),(29,19074),(32,25312),(33,4694),(37,37607),(39,19778),(40,22135),(44,24469),(45,10489),(46,35953),(47,79),(48,22261),(49,36178),(51,23092),(52,24115),(54,14157),(59,13650),(63,14626),(64,5904),(67,13538),(68,7512),(73,26863),(74,839),(76,25632),(77,23433),(81,36731),(82,21072),(84,31907),(85,24227),(89,20849),(91,2323),(92,24500)]	115.586881
729	[(0,36793),(3,34689),(4,14576),(6,5888),(7,19113),(8,15852),(9,23465),(11,13977),(13,25957),(14,10453),(18,8460),(19,25242),(20,13671),(23,22536),(26,9562),(27,3799),(29,30753),(30,13906),(31,33053),(32,12853),(33,26872),(35,26716),(36,37089),(38,36922),(39,31457),(40,17944),(41,28236),(42,17871),(44,22390),(45,5334),(46,13129),(48,29125),(49,11551),(50,22239),(51,35497),(57,12557),(60,10246),(61,6686),(64,29616),(66,4775),(67,14226),(71,33177),(72,22198),(73,33997),(77,17242),(79,7832),(86,36342),(87,10940),(91,31350),(92,5904)]	111.662438
730	[(1,4165),(5,21959),(6,25628),(9,33216),(11,19414),(13,4693),(15,11533),(16,32426),(18,22614),(21,152),(22,30880),(26,1436),(27,2570),(29,18099),(30,12317),(33,11454),(36,28188),(41,15338),(42,14699),(43,7831),(44,37594),(45,13272),(47,8722),(48,6448),(50,29752),(51,19169),(52,34894),(54,15173),(55,5314),(56,11272),(57,22420),(58,4239),(60,24082),(65,28030),(67,29874),(69,8898),(70,559),(73,12582),(76,17658),(77,35944),(78,20294),(83,6736),(84,34804),(85,35961),(87,4567),(90,1388),(91,3811),(92,13924)]	109.701298
731	[(2,21678),(3,34438),(4,15322),(5,2122),(6,5331),(8,32528),(9,10760),(13,19401),(14,35928),(16,17623),(17,7095),(19,9806),(20,12308),(21,11924),(23,19293),(26,978),(27,14108),(29,992),(30,24186),(31,31081),(32,11726),(35,9678),(36,21687),(37,13179),(38,34051),(43,6084),(44,774),(46,21687),(48,28122),(49,728),(53,24363),(55,1205),(58,20239),(59,7682),(60,27832),(61,4708),(62,36771),(64,5932),(66,31191),(67,30284),(68,6463),(69,2029),(70,15632),(71,28426),(72,5775),(73,688),(74,27023),(79,2351),(80,9705),(81,24039),(82,7450),(84,13997),(89,26632),(91,22600),(92,23202)]	118.013149
732	[(1,11629),(2,1922),(4,7126),(5,18927),(8,12766),(9,94),(14,21003),(15,1792),(16,27603),(17,2118),(19,12646),(20,10614),(22,30096),(23,16960),(24,1924),(26,8752),(27,2104),(28,27154),(31,11789),(32,32827),(34,36894),(36,6257),(38,7027),(41,4842),(42,15969),(43,1851),(44,11886),(45,337),(46,21817),(47,2445),(49,36109),(51,20052),(52,31516),(53,7112),(56,11618),(60,23477),(61,19053),(62,7285),(63,3002),(66,15146),(68,33218),(69,16416),(71,20813),(72,19252),(76,13016),(77,11627),(81,36178),(82,17011),(83,6609),(88,30633),(91,31707),(92,1989)]	136.519889
733	[(1,33664),(3,12283),(6,32678),(9,31386),(10,10983),(12,2000),(15,36662),(17,4226),(19,17866),(20,8576),(23,30021),(24,12805),(25,26617),(27,34974),(28,6836),(29,1942),(30,32326),(31,20830),(32,19996),(33,26606),(35,7938),(36,26638),(38,12912),(39,23786),(40,33173),(42,1511),(43,31589),(46,6845),(47,7045),(48,5584),(49,4656),(50,37452),(51,24047),(52,30486),(53,23680),(55,14017),(58,31376),(59,21943),(60,27815),(62,28581),(63,30299),(64,14710),(66,26910),(68,30663),(69,11668),(71,15891),(74,32110),(75,22866),(76,7867),(77,11021),(82,21959),(83,32308),(85,2282),(86,645),(87,13450),(88,8958),(89,19962),(91,27584),(92,4309)]	109.046708
734	[(0,21457),(1,25732),(3,9167),(6,15796),(9,10197),(10,25044),(11,20518),(12,12559),(13,30790),(14,23843),(16,808),(17,2409),(21,29242),(22,20174),(23,35297),(27,19094),(28,10619),(30,321),(31,36142),(35,6574),(36,22471),(37,3324),(41,13682),(42,36955),(44,20615),(47,34040),(48,6366),(52,4115),(54,5882),(56,35082),(57,16549),(59,14877),(60,32800),(61,22866),(62,18556),(64,24249),(65,34900),(66,16722),(68,15594),(70,33714),(72,27208),(74,29745),(76,21243),(78,34134),(79,27196),(81,5856),(82,32671),(85,1671),(86,5924),(89,37562),(90,36845),(91,7148),(92,16927)]	107.594238
735	[(0,34619),(1,12802),(2,4030),(3,8227),(5,28839),(8,31811),(10,14176),(11,4113),(12,22643),(13,7650),(14,19728),(18,26506),(20,19690),(21,4696),(22,28964),(23,22912),(25,8062),(26,6136),(29,26792),(30,15392),(33,31882),(34,20946),(35,19660),(39,17288),(44,33452),(46,27200),(48,23019),(51,2285),(52,36292),(53,15960),(54,26439),(58,23609),(61,31948),(62,21351),(63,7875),(65,17936),(66,9486),(67,14681),(68,23036),(69,36878),(70,4328),(73,18053),(75,20453),(76,32976),(77,8631),(78,10254),(79,29567),(81,348),(85,25406),(86,25268),(91,25230),(92,23881)]	105.049813
736	[(0,9504),(1,1533),(2,22093),(4,24106),(5,12532),(6,21411),(8,5366),(13,31228),(14,19895),(15,2932),(17,20341),(20,5336),(23,29073),(24,1474),(25,36459),(26,3260),(27,25568),(29,3495),(31,24065),(32,8627),(33,8415),(36,23517),(37,34683),(40,3948),(42,25477),(44,17734),(45,34836),(47,4301),(51,11690),(53,32123),(54,19508),(57,30720),(59,24980),(60,24249),(61,12636),(63,14071),(66,30989),(68,19797),(69,23502),(72,6610),(73,16153),(81,18951),(82,18449),(83,2567),(84,28318),(86,11422),(87,5025),(88,9230),(92,19432)]	112.817756
737	[(1,35934),(3,22566),(4,37193),(5,34873),(7,16757),(8,16788),(9,9372),(10,1130),(13,35956),(14,1741),(16,18327),(17,6520),(22,26551),(25,14180),(26,29246),(29,5097),(32,8749),(34,16218),(41,8972),(42,18935),(46,12659),(47,28977),(48,32350),(54,31894),(56,10735),(59,31099),(60,28353),(61,11007),(65,3976),(66,18055),(67,33045),(69,3077),(71,36811),(72,36205),(73,24304),(75,29097),(80,30801),(81,31747),(82,25286),(83,3343),(84,14803),(86,20880),(87,5066),(88,5058),(89,25543),(90,15430),(91,13229)]	105.795761
738	[(1,16757),(2,16788),(6,17369),(8,4703),(10,17123),(13,33825),(16,11746),(19,3299),(20,2470),(21,28444),(22,22698),(24,34653),(25,11205),(30,4939),(31,20412),(32,7517),(37,3732),(38,24181),(44,33337),(45,20625),(46,15604),(47,17937),(49,24953),(50,8892),(51,32885),(52,9339),(53,4912),(55,26947),(58,18501),(59,37323),(64,10874),(65,5170),(67,11356),(68,5948),(69,1489),(70,3288),(71,30333),(72,32427),(73,21186),(74,3839),(76,317),(77,32244),(78,36559),(79,7282),(80,164),(82,18743),(83,20581),(84,26958),(85,5193),(87,10991),(89,22402),(90,6674),(91,34236),(92,16769)]	104.419885
739	[(0,22541),(1,27166),(2,128),(5,793),(8,33732),(9,30876),(10,36277),(12,19705),(14,21542),(15,20938),(21,28296),(23,4330),(28,36613),(33,10019),(34,26099),(35,552),(37,49),(40,28294),(42,34537),(44,5524),(45,36808),(49,8828),(50,34580),(51,11794),(53,18285),(55,1073),(59,20359),(60,402),(61,2586),(63,30925),(64,3065),(65,23637),(67,7091),(69,3441),(75,29793),(76,17587),(79,272),(80,1240),(81,36500),(84,2487),(87,6060),(90,959),(92,25817)]	103.938557
740	[(1,4026),(3,6377),(7,19107),(8,36297),(10,35112),(11,18268),(12,30397),(14,9029),(16,24875),(20,31829),(23,7852),(25,20175),(26,28),(33,34379),(34,33134),(35,31225),(38,21497),(41,36881),(43,9834),(44,28884),(46,2727),(47,25687),(52,3407),(54,36689),(55,18390),(58,3128),(59,12117),(61,25035),(62,6659),(65,17056),(67,9402),(68,10992),(70,30521),(71,33766),(72,35901),(74,27714),(75,27776),(77,33415),(79,35691),(80,27318),(82,35026),(83,25020),(85,10683),(86,33284),(87,37132),(88,1147),(90,37445)]	110.090696
741	[(0,25602),(1,15357),(5,21978),(6,406),(12,36574),(14,35796),(16,19439),(17,36978),(18,24017),(22,31353),(23,32220),(26,2497),(28,9606),(29,36619),(30,11632),(33,5723),(34,18335),(35,5145),(36,36814),(37,10491),(38,33889),(39,33419),(40,26065),(42,15737),(43,30492),(44,35573),(46,37440),(47,16753),(49,35319),(52,23334),(53,22492),(54,10086),(55,35783),(56,33827),(57,29934),(59,35503),(62,31483),(64,30918),(65,31517),(66,34983),(67,17354),(68,21353),(70,3835),(71,30871),(72,30790),(73,22261),(74,26619),(77,5064),(78,27784),(79,30348),(81,5220),(82,16955),(84,19374),(85,17069),(87,19273),(90,10949),(92,9743)]	116.826846
742	[(0,32054),(1,5586),(2,1577),(3,35149),(4,4127),(7,12756),(8,23762),(10,25393),(11,10359),(12,27552),(13,2768),(15,6416),(17,2370),(18,24404),(21,33124),(23,20786),(25,29391),(26,3697),(27,21633),(28,18210),(29,4456),(30,34112),(33,11565),(34,30741),(35,5691),(36,2132),(37,37433),(38,25046),(40,32247),(44,20656),(45,13889),(46,30993),(47,21125),(48,25300),(50,17578),(52,16404),(54,23600),(55,33360),(57,24487),(59,4187),(61,30168),(63,33478),(65,10664),(66,31916),(67,32446),(68,3587),(70,31367),(71,27373),(75,28550),(76,2698),(77,26578),(79,19475),(81,12836),(82,16137),(84,19377),(86,24709),(87,14940),(89,21879),(90,31328),(91,34652)]	131.090323
743	[(2,31747),(3,25286),(4,3343),(7,24936),(10,18092),(11,13115),(18,21471),(19,4205),(20,5755),(21,1051),(22,22737),(23,26374),(25,30050),(26,21976),(29,5646),(31,4890),(33,6554),(35,9037),(36,25476),(37,7354),(38,2559),(40,16502),(41,31063),(42,13515),(43,33541),(44,30327),(45,28866),(46,29486),(47,5720),(50,8806),(51,23343),(52,26135),(54,35195),(59,17513),(64,28113),(65,5149),(67,33310),(68,17572),(69,19766),(70,13733),(71,11087),(73,33891),(75,6371),(76,27222),(77,16455),(78,4132),(80,32690),(81,10836),(82,12016),(83,35312),(84,11349),(85,21888),(86,412),(88,9519),(89,32476),(90,26770)]	108.619241
744	[(3,9489),(4,33592),(5,26060),(6,35476),(9,22258),(11,13592),(12,25108),(14,9412),(17,21053),(18,22124),(19,35501),(20,7370),(21,18973),(22,36377),(23,3317),(24,3346),(25,5925),(27,8028),(35,23877),(36,36176),(37,13985),(38,1360),(40,35037),(42,29600),(44,17285),(46,35572),(47,1761),(48,33354),(50,21272),(53,35760),(56,6766),(59,14630),(61,1084),(62,21567),(65,29480),(67,20157),(68,32371),(69,19276),(72,12718),(74,24850),(75,16412),(77,14069),(78,37541),(79,17900),(81,1733),(83,14490),(85,3788),(90,29903)]	112.642120
745	[(0,4486),(4,17620),(8,21283),(9,27705),(10,13682),(12,16958),(13,9385),(16,29021),(18,9299),(21,27702),(22,14634),(26,29062),(27,30696),(29,26758),(30,16073),(31,29632),(32,33179),(35,2177),(37,8352),(38,18012),(39,12992),(40,36833),(41,1613),(43,30560),(44,24467),(47,12257),(48,21714),(49,34036),(50,3301),(51,33381),(53,4987),(54,34778),(57,15280),(60,23721),(62,14698),(63,10031),(65,11240),(66,5010),(71,10197),(73,7960),(74,27791),(75,2583),(76,3656),(79,24325),(80,12285),(81,4056),(85,36365),(86,18198),(87,18315),(89,10676),(91,18271)]	108.505868
746	[(0,18418),(3,19840),(4,20284),(5,25864),(6,13420),(7,28861),(8,35111),(9,32936),(12,7785),(14,22406),(16,22429),(17,22343),(20,22492),(21,10086),(22,35567),(24,14217),(26,23477),(27,25803),(28,589),(29,32335),(30,26036),(31,20421),(32,9812),(33,31124),(34,32277),(36,36820),(38,16214),(40,19539),(43,11107),(44,3891),(45,8444),(47,22196),(48,11717),(49,36506),(50,33406),(51,22801),(52,14263),(53,26425),(56,8423),(57,2602),(58,3019),(62,27271),(63,29732),(66,29041),(67,13677),(68,35126),(70,28963),(73,19154),(75,2325),(77,29217),(78,1203),(79,31856),(80,4959),(81,27446),(83,31971),(84,32380),(85,13452),(87,21249),(90,29418),(91,10521)]	112.636940
747	[(0,37382),(1,8174),(2,8104),(8,34599),(9,25449),(10,28766),(13,4505),(14,26655),(15,8259),(18,31364),(19,21344),(21,24782),(23,33681),(26,5277),(27,14852),(28,7993),(30,3230),(33,11420),(34,3815),(35,21500),(37,18603),(38,32318),(39,2552),(42,5633),(44,15692),(45,14631),(46,7673),(47,15040),(51,14384),(52,10890),(54,15988),(55,20902),(57,3438),(58,8540),(61,12598),(62,7946),(64,21977),(66,9536),(67,13534),(68,36258),(69,15433),(71,2083),(72,7580),(73,13136),(75,5880),(78,3669),(79,3932),(81,24900),(82,36207),(83,32310),(84,21680),(85,37590),(86,22983),(88,9359),(91,31637)]	110.683631
748	[(0,27495),(1,16084),(2,28734),(3,24257),(5,28644),(6,11309),(8,319),(9,4635),(11,19218),(12,24179),(13,6109),(14,5880),(17,3452),(18,23487),(19,8219),(22,5429),(23,30014),(24,32645),(25,9378),(27,32638),(28,866),(31,6277),(35,7812),(38,15618),(39,2016),(41,31953),(43,5208),(46,21439),(48,4451),(49,3341),(50,5318),(53,26914),(54,9966),(56,7858),(57,8340),(60,29493),(63,26832),(64,31867),(65,26870),(66,7679),(68,5275),(70,16271),(72,35708),(74,10688),(75,30257),(76,33125),(78,17319),(80,21420),(81,7064),(83,4536),(85,35880),(89,36157),(90,9764),(92,4825)]	106.902126
749	[(0,22566),(1,37193),(2,6015),(3,21880),(4,37150),(8,33115),(9,219),(10,26505),(11,17934),(15,27864),(16,26999),(17,26718),(18,24016),(20,126),(23,17444),(24,21189),(25,1332),(26,14842),(27,3100),(28,33097),(29,27377),(30,8532),(31,9775),(32,19293),(34,8890),(35,29838),(36,804),(39,23414),(41,26152),(42,29303),(44,31631),(45,12670),(46,4820),(47,27245),(48,32191),(50,6957),(51,10981),(52,20715),(53,48),(54,19121),(59,33874),(60,17118),(61,35468),(63,37444),(66,17958),(68,24479),(69,25153),(70,28433),(71,16634),(72,20096),(75,9703),(77,4258),(80,10884),(81,16564),(84,14723),(85,35707),(86,34845),(88,23724),(89,24059),(90,36164),(91,27044)]	117.064754
750	[(2,10613),(3,19353),(4,21864),(7,20453),(8,391),(9,34113),(10,14528),(11,32963),(12,5848),(13,12874),(15,24231),(17,3165),(18,34736),(19,34792),(21,20653),(22,36706),(23,56),(24,23908),(25,35549),(26,1654),(27,36093),(30,25421),(31,31886),(32,28650),(34,16108),(35,32442),(36,17279),(39,29982),(40,15443),(42,37356),(45,11796),(47,22142),(49,35613),(50,25482),(51,7772),(53,36991),(56,12125),(57,12794),(58,27657),(60,12888),(61,37226),(62,16448),(63,17165),(64,3398),(66,10360),(67,17220),(69,19453),(73,22731),(74,17528),(75,1647),(76,29314),(77,17139),(80,4226),(81,7715),(83,34960),(85,6302),(86,9248),(88,4130),(89,25908),(91,14666)]	116.596875
751	[(0,33419),(2,36183),(3,8996),(6,19916),(7,1955),(8,19503),(11,16487),(12,9178),(13,5265),(14,6792),(15,28938),(20,17540),(21,24595),(25,5463),(30,1589),(32,29114),(34,14609),(38,12282),(41,14417),(42,33682),(43,25756),(44,14709),(47,33850),(52,36753),(53,21188),(54,13066),(55,22348),(56,30318),(57,14164),(58,1029),(59,30490),(62,18820),(63,6137),(64,10058),(65,21294),(66,6662),(68,15980),(72,29295),(73,23188),(74,13133),(75,16416),(76,639),(77,22819),(78,25208),(79,32745),(80,14186),(81,7768),(84,14416),(85,5038),(87,4892),(88,37301),(89,26225),(92,31835)]	125.861067
752	[(0,3969),(1,5478),(4,22451),(5,17655),(6,36147),(10,12982),(11,36320),(13,7553),(15,15464),(18,29452),(19,2283),(21,2843),(22,35514),(24,33216),(25,29910),(27,32187),(28,32279),(29,37425),(32,37434),(33,24226),(34,23591),(35,23835),(36,24882),(38,18518),(40,31238),(41,887),(46,30152),(48,14973),(49,6631),(50,20758),(52,6454),(54,24438),(57,4247),(58,7510),(61,21669),(62,16898),(63,27089),(68,34941),(69,9617),(73,1530),(74,26199),(75,36068),(76,25264),(77,35072),(81,5034),(83,2541),(84,24734),(85,34045),(86,2138),(87,13948),(88,27288),(89,19911)]	105.084683
753	[(0,18),(1,5378),(2,8860),(4,14007),(8,25118),(11,27547),(12,28640),(13,18059),(16,17795),(17,11049),(18,9286),(20,32476),(22,33870),(23,18178),(24,23056),(26,25726),(27,14591),(28,7793),(29,14375),(31,35133),(33,20348),(35,33456),(36,2151),(37,5494),(39,11817),(40,31165),(45,8252),(46,34640),(48,7826),(49,11778),(50,13106),(51,6304),(52,393),(53,25488),(54,13008),(55,4077),(56,33861),(57,37181),(58,5461),(59,33282),(60,125),(61,33190),(63,2059),(64,14562),(67,36923),(68,19477),(75,8866),(76,10621),(79,33566),(80,22799),(82,5568),(84,24025),(85,11567),(89,13341)]	108.483988
754	[(2,32027),(5,24420),(6,36621),(7,17342),(8,19739),(9,21199),(10,29411),(11,7595),(13,984),(15,18946),(16,21896),(17,33981),(18,24401),(21,14116),(22,3493),(23,1697),(27,16294),(29,31041),(30,20851),(32,8445),(34,34488),(35,37069),(38,20148),(40,15939),(42,9973),(43,16575),(44,3722),(45,14101),(46,10060),(48,2849),(49,17154),(50,6938),(52,23951),(53,21866),(54,28287),(58,37433),(59,25046),(60,28794),(65,4048),(66,34551),(67,35296),(72,8382),(73,34994),(76,10109),(77,9498),(78,25580),(80,23967),(81,17885),(83,33210),(84,28602),(87,25031),(88,29929),(90,8041),(91,17737)]	122.791441
755	[(0,11554),(1,18386),(7,6656),(10,10483),(11,28539),(14,18526),(15,12751),(18,12078),(20,18754),(21,32577),(22,5877),(23,2218),(24,14162),(26,5698),(27,17947),(28,36010),(29,22598),(30,7207),(32,4552),(33,4271),(34,7810),(36,19722),(37,2297),(40,6208),(42,506),(43,5389),(44,29184),(45,13291),(46,17186),(48,25412),(49,5109),(50,24510),(51,33465),(52,19546),(53,23932),(57,10282),(60,31140),(62,6362),(64,17054),(65,21432),(66,17164),(67,12322),(69,3749),(70,34291),(71,26877),(73,22998),(75,29385),(76,2959),(78,32330),(81,3837),(84,28358),(85,652),(86,20218),(88,22602),(90,36882),(92,12955)]	110.892084
756	[(1,19713),(2,24791),(5,6060),(7,30186),(8,8985),(9,10122),(10,20118),(11,31146),(12,20657),(14,7814),(15,13446),(16,30316),(19,32523),(24,16399),(25,13691),(26,15357),(27,13679),(28,28253),(29,21247),(30,13789),(32,18420),(33,4313),(37,32974),(38,7632),(39,33256),(40,25852),(41,35578),(43,6187),(44,19789),(45,607),(46,563),(47,31360),(48,14994),(49,24039),(50,7450),(52,13072),(53,27107),(55,4014),(61,18843),(63,20794),(64,36358),(66,34244),(70,31195),(72,9764),(78,14787),(81,8096),(83,1557),(87,8673),(90,12487)]	109.136016
757	[(1,17075),(2,21015),(4,24812),(6,11862),(7,9022),(8,4153),(9,13665),(10,28240),(13,10366),(14,13132),(16,16462),(17,17592),(18,12356),(19,25243),(20,22262),(23,29518),(24,14359),(25,2258),(26,34583),(29,33976),(32,1477),(37,31361),(38,19478),(39,23628),(41,12904),(43,31921),(44,13778),(46,20381),(47,37065),(52,29926),(55,4932),(57,3539),(59,1903),(60,33830),(61,36957),(65,16704),(71,1976),(75,28944),(76,33115),(78,34483),(81,31042),(84,13027),(86,20507),(88,22254),(89,12164),(90,10880),(92,17323)]	109.906048
758	[(0,26394),(1,2077),(5,24310),(7,26870),(8,37063),(13,2938),(14,25245),(16,30511),(19,3764),(22,21528),(23,8812),(28,990),(29,24147),(30,26131),(35,25131),(38,9024),(39,24482),(40,6536),(41,13541),(43,8295),(44,14017),(46,20270),(47,15670),(50,23402),(51,24813),(52,20890),(56,34481),(58,16827),(60,17061),(64,1957),(66,19571),(67,1391),(68,4592),(72,26434),(74,24975),(78,9900),(79,30540),(82,17141),(85,25624),(87,1965),(90,14152),(91,26613),(92,36704)]	116.260137
759	[(1,4771),(3,7901),(4,21692),(5,12052),(7,19330),(11,29605),(12,32087),(14,8350),(15,32467),(24,4356),(26,9449),(28,12808),(29,9317),(33,30179),(35,34467),(36,33147),(37,13584),(39,9228),(42,17922),(44,33615),(47,10170),(48,8940),(49,2327),(50,16388),(54,37188),(55,2075),(57,14504),(58,11160),(60,22235),(62,18411),(64,13417),(65,17806),(68,14592),(70,33213),(73,17417),(74,27180),(76,15170),(77,18822),(83,825),(87,10925),(89,34961)]	114.878992
760	[(1,8544),(2,21531),(4,31862),(6,31971),(9,19352),(10,22725),(12,30871),(13,21157),(14,37377),(15,8109),(16,5650),(17,23146),(18,26069),(19,9652),(20,24204),(21,30151),(25,11672),(27,25621),(30,10862),(31,12272),(38,12636),(40,955),(41,12456),(42,8290),(45,5607),(46,4770),(49,26058),(53,3414),(54,31349),(55,9364),(58,32365),(59,1437),(60,20284),(61,11366),(62,15611),(64,19813),(66,5442),(73,26776),(75,21347),(81,28382),(82,30327),(85,8768),(87,13918),(88,7100),(89,18781),(92,31281)]	128.136603
761	[(1,2164),(5,15471),(6,9522),(7,34754),(10,11135),(12,23412),(13,8435),(14,11309),(15,3042),(16,13106),(17,27496),(19,35586),(23,14985),(24,35607),(26,16861),(28,20167),(30,14574),(31,22511),(32,7003),(33,36700),(35,23961),(36,5482),(37,35254),(42,23649),(45,9995),(47,22115),(48,28374),(49,4274),(50,12494),(54,17368),(56,23576),(59,1125),(62,10996),(64,21206),(65,30731),(68,34304),(69,16318),(71,28270),(73,12114),(75,13680),(76,30798),(77,4024),(78,28679),(79,25231),(80,35829),(83,8777),(84,21747),(88,541),(90,28417),(92,25662)]	113.884081
762	[(0,32078),(1,27491),(2,27220),(3,36315),(6,33480),(9,28346),(10,15293),(12,28547),(14,5685),(15,1908),(18,9630),(20,20798),(22,36514),(23,7853),(25,11806),(27,19959),(29,19309),(32,24782),(34,24435),(35,26680),(39,9804),(40,4722),(43,18739),(44,18635),(45,26771),(46,26262),(49,32430),(50,1852),(51,19134),(52,34608),(53,33043),(55,35678),(56,160),(57,1291),(58,12073),(59,7617),(60,18861),(65,16813),(68,27338),(74,11816),(75,22355),(77,24791),(79,26303),(80,13457),(81,37116),(82,12486),(84,8424),(85,15164),(89,6799),(91,12937),(92,35746)]	111.539226
763	[(0,19804),(1,33084),(2,16678),(4,31647),(5,25025),(6,1720),(7,30313),(8,27367),(11,16838),(12,18809),(13,18671),(14,3644),(15,14494),(16,34174),(17,18887),(19,37234),(23,3072),(24,31132),(25,12519),(26,16119),(29,37085),(30,10323),(31,12785),(33,10953),(34,17904),(35,36670),(36,3516),(37,30610),(38,12753),(40,16284),(41,18627),(44,14239),(45,18320),(46,16458),(47,13447),(50,18081),(52,1151),(53,30100),(54,27053),(55,37368),(59,7341),(61,14728),(62,7136),(64,6758),(66,19046),(67,34982),(68,8262),(69,27075),(70,11914),(71,5167),(73,12846),(75,658),(79,18519),(81,33849),(82,7735),(84,2876),(86,840),(90,12634),(91,4742),(92,31798)]	113.429297
764	[(2,13499),(3,29483),(4,36699),(5,33027),(8,4987),(10,32261),(11,7299),(14,34010),(15,60),(16,665),(17,35446),(18,2033),(20,32268),(21,11420),(23,16829),(24,35994),(27,19286),(31,26792),(32,34365),(33,19299),(34,29626),(36,33032),(37,36999),(38,29447),(39,2932),(41,21678),(42,11011),(44,31054),(45,10181),(47,23232),(48,3374),(49,7067),(50,27775),(51,17903),(52,20551),(53,31789),(54,26442),(55,3769),(56,4102),(57,2467),(58,13907),(60,33534),(61,16790),(62,30830),(66,33710),(67,12987),(68,28973),(70,13050),(78,12197),(79,22102),(81,100),(85,20341),(88,12711),(89,6279),(90,27419),(91,12662),(92,8408)]	111.910002
765	[(0,24814),(1,29362),(2,28853),(3,11465),(5,10190),(8,8117),(9,9965),(10,33345),(11,13273),(12,295),(13,30828),(15,13782),(19,12631),(20,10516),(21,27985),(27,605),(29,31124),(30,3922),(31,35502),(32,27650),(34,20947),(35,13570),(36,14002),(38,21971),(40,25435),(41,29697),(44,9505),(45,26203),(48,25721),(51,15465),(56,22355),(58,28257),(59,3057),(60,21823),(61,3265),(64,9238),(65,30715),(67,24744),(69,22483),(71,16213),(72,28411),(74,15508),(75,19520),(77,12825),(80,6423),(82,34780),(85,113),(86,17332),(87,23534),(88,35385)]	105.342252
766	[(0,33426),(1,23246),(3,35387),(4,6426),(5,9042),(6,24281),(8,30399),(10,33070),(12,36029),(13,19203),(14,35168),(15,19175),(16,16318),(19,11914),(20,18073),(21,28449),(22,10296),(23,11217),(24,28633),(25,35951),(26,5553),(27,29594),(28,17956),(29,21563),(31,37029),(33,29674),(34,9334),(35,6320),(36,28923),(41,25550),(43,29009),(45,2861),(46,30913),(48,9348),(49,22575),(51,20706),(52,22476),(54,4490),(55,27352),(56,10164),(58,26920),(59,10824),(60,6886),(61,15091),(63,22834),(65,3408),(66,24452),(69,25092),(70,3080),(71,7557),(73,30702),(74,29791),(75,29360),(76,34015),(77,7668),(79,102),(80,11183),(81,20917),(84,11194),(85,6663),(87,5364),(91,6115),(92,8776)]	106.112096
767	[(2,29420),(4,8182),(5,12536),(6,2883),(7,19807),(9,16461),(10,5483),(13,27029),(14,16816),(15,29937),(16,34991),(17,18228),(18,20803),(19,14817),(20,30290),(22,12185),(23,1985),(25,31945),(26,32501),(28,11270),(29,31487),(30,7592),(31,19522),(33,1571),(35,25542),(36,9022),(38,32412),(39,34417),(41,23742),(43,35882),(44,9470),(47,22679),(48,12347),(49,9693),(51,31892),(55,7321),(58,8537),(61,14132),(64,2344),(65,16465),(66,35046),(69,21000),(70,24557),(74,34676),(76,25524),(77,21159),(79,30228),(81,4743),(82,33221),(83,10648),(85,24351),(86,26690),(87,21174),(91,27347)]	118.570931
768	[(0,3956),(1,30348),(2,16211),(4,4253),(5,7917),(6,19970),(7,24862),(8,14718),(9,32785),(11,13240),(12,8477),(13,10643),(14,13367),(15,9066),(16,13426),(18,10792),(20,11971),(21,17355),(22,9023),(25,23272),(26,23080),(29,1297),(31,4928),(32,11692),(33,21627),(34,24979),(35,22941),(36,24120),(37,13491),(39,14901),(40,4499),(42,24894),(43,15906),(44,946),(45,8913),(47,2958),(48,17368),(53,32621),(54,33259),(55,33782),(57,346),(58,9517),(60,30729),(64,2102),(68,28835),(71,15607),(72,13825),(75,37263),(78,22416),(81,3149),(83,10585),(84,8021),(86,31096),(87,15199),(88,29138),(89,27501),(92,8950)]	120.479840
769	[(0,6250),(5,10996),(7,15352),(8,6460),(9,32733),(10,30304),(11,8114),(12,20852),(13,35342),(14,25439),(15,1230),(16,28377),(17,7404),(19,1290),(24,32674),(25,9640),(26,3706),(27,2371),(28,37028),(29,36706),(33,31462),(35,35988),(37,29802),(39,11724),(40,17452),(42,33844),(43,9004),(44,19912),(46,34392),(47,5768),(49,14543),(52,30561),(53,7088),(54,21011),(56,30819),(57,30002),(58,18429),(59,9614),(60,22987),(61,21785),(62,11001),(64,16079),(65,27129),(67,32876),(71,17697),(72,25206),(74,8201),(75,7497),(76,3182),(77,29255),(79,25294),(80,29410),(81,25365),(82,5944),(83,31728),(84,28959),(85,15002),(88,23423),(89,16054),(91,4842),(92,15969)]	127.986417
770	[(0,5726),(2,19222),(3,30975),(4,17321),(5,30962),(6,16675),(7,25718),(8,31020),(9,27956),(10,4484),(11,34174),(12,26300),(13,3819),(16,21238),(18,9666),(19,15786),(21,35082),(22,27399),(23,33492),(24,20375),(26,7475),(28,7451),(29,6601),(30,20164),(32,23162),(34,22677),(35,17808),(36,12251),(38,21175),(40,35087),(41,7995),(43,18922),(44,34106),(49,35388),(52,14849),(54,8087),(55,16376),(56,345),(57,2129),(59,6763),(61,7510),(63,4536),(65,35880),(66,35830),(68,2937),(69,28662),(70,37072),(71,8821),(73,15195),(76,993),(77,16596),(78,9295),(80,5510),(82,32183),(83,15517),(87,19070),(89,20560),(90,16490),(91,10007)]	107.086251
771	[(0,25192),(1,16431),(3,5669),(4,32884),(6,22066),(9,10024),(11,11313),(12,7509),(16,13072),(17,5757),(18,1),(20,30988),(21,7774),(23,14910),(26,31412),(29,3195),(33,561),(34,27867),(35,6380),(38,12134),(39,28384),(40,36748),(41,1743),(42,2995),(43,1635),(44,27284),(45,23141),(46,25889),(47,1757),(48,19811),(49,25743),(50,27800),(51,8150),(52,30347),(54,36371),(59,12005),(60,25247),(61,28986),(62,18070),(65,17049),(66,12190),(67,28077),(69,23877),(75,34874),(76,8875),(77,659),(78,34666),(80,14655),(82,14464),(83,3350),(84,10870),(86,11284),(87,2738),(88,15040),(90,5012),(91,2549),(92,31589)]	117.901392
772	[(3,11854),(4,17448),(7,13561),(9,6609),(11,18192),(12,7772),(14,2682),(17,4557),(18,36673),(21,37236),(22,12787),(23,36202),(24,25834),(25,24718),(26,14347),(27,6192),(29,4261),(30,7775),(31,30248),(32,10110),(33,29033),(34,20899),(35,21881),(37,11555),(39,25704),(41,30913),(43,5940),(47,8636),(48,22364),(50,35220),(51,34534),(57,19136),(59,15361),(60,28156),(62,19205),(63,18326),(64,27966),(65,31070),(66,35542),(67,10070),(68,13851),(70,11564),(71,32311),(72,7388),(74,13406),(75,37385),(76,12463),(80,27452),(81,28232),(82,32041),(83,34885),(84,21050),(85,22748),(86,37596),(87,28926),(88,14881),(89,21952),(91,11416),(92,18028)]	116.226471
773	[(4,18187),(5,6922),(6,14393),(8,22445),(9,30030),(11,32620),(12,23158),(15,29363),(16,14956),(19,10966),(20,1427),(21,10893),(28,34920),(29,37585),(30,17346),(31,22181),(32,485),(33,13228),(34,19979),(37,7051),(38,13014),(39,7967),(40,30997),(43,9665),(45,14829),(47,33978),(48,2756),(49,22746),(52,15046),(53,7165),(54,10165),(56,10933),(58,36545),(59,19061),(60,13786),(63,21417),(64,34893),(65,10396),(66,28155),(68,12260),(69,15227),(71,24995),(73,15452),(74,33978),(75,20392),(76,21015),(77,16635),(78,19539),(79,30926),(81,11256),(82,22314),(83,21773),(87,20597),(88,22534),(89,9795),(90,28503)]	108.773685
774	[(3,22834),(5,3065),(7,17354),(9,7087),(10,5425),(11,34606),(12,25609),(13,33901),(19,8131),(20,34208),(21,7997),(22,36503),(23,32290),(24,27990),(25,16639),(27,2364),(28,22608),(29,14397),(30,31792),(33,21811),(34,18006),(36,26170),(37,8399),(38,13261),(40,37038),(43,14411),(46,2776),(47,319),(48,4635),(50,24705),(53,25080),(54,20579),(55,31816),(57,20556),(58,4645),(61,12910),(63,17096),(65,3002),(66,33821),(67,21884),(70,12770),(77,2602),(78,3019),(80,28623),(81,11945),(82,7220),(83,15754),(84,10784),(85,4403),(86,31623),(89,21581),(90,6300),(91,1653)]	107.593393
775	[(0,23575),(1,11193),(8,32300),(9,30952),(10,8253),(11,28108),(12,21728),(13,7729),(15,35615),(16,19815),(18,748),(19,27450),(20,4301),(21,32259),(22,21149),(23,2339),(24,14729),(26,17869),(28,30032),(29,7759),(30,21460),(31,5868),(32,34089),(34,32885),(35,29613),(36,11795),(37,16075),(38,5033),(39,12754),(41,11120),(44,24157),(45,21290),(46,7040),(48,25404),(49,6868),(50,1041),(51,28823),(52,142),(54,27619),(56,5560),(61,17796),(63,17801),(64,14658),(67,33368),(69,21778),(70,29878),(71,26275),(72,25445),(73,2676),(75,27724),(76,12751),(78,18216),(79,12771),(80,8581),(81,33362),(82,18480),(84,32160),(85,24720),(86,24497),(92,36111)]	116.639886
776	[(0,32705),(1,22561),(4,9731),(6,32459),(9,5484),(15,27962),(16,2417),(17,31547),(18,18345),(19,10408),(21,18192),(22,27398),(23,10082),(25,14783),(27,9436),(28,29949),(30,14416),(31,37467),(35,9993),(37,21576),(38,33628),(39,13188),(40,10170),(41,8940),(42,6037),(44,10904),(45,12619),(48,31619),(49,29390),(50,4034),(53,96),(54,21770),(56,15548),(57,329),(58,26849),(60,29685),(65,247),(66,22174),(67,29333),(68,20869),(73,25851),(76,15531),(77,11893),(78,10041),(79,32532),(81,20318),(82,3308),(83,2678),(84,8103),(87,33600),(92,25744)]	120.541411
777	[(0,17627),(4,3150),(5,26003),(6,28918),(7,9239),(9,11827),(10,17055),(11,6223),(14,25248),(17,15480),(19,1550),(20,37577),(21,30592),(22,9706),(24,18389),(26,27475),(27,18602),(29,17567),(30,26612),(32,19875),(33,3050),(34,2669),(35,33651),(36,8876),(38,17110),(46,8483),(47,20571),(49,9269),(52,1996),(53,35592),(54,10999),(57,27233),(59,26466),(60,9463),(62,6168),(63,7928),(65,20839),(69,10653),(72,19390),(75,27695),(76,8835),(77,19621),(78,20593),(79,12268),(80,1829),(83,23439),(84,3780),(85,20360),(86,7970),(87,17495),(91,34982),(92,8262)]	116.687870
778	[(1,17146),(2,34774),(3,33786),(4,34518),(5,25137),(6,35823),(9,34836),(11,32887),(15,8620),(18,28623),(19,26675),(20,32453),(21,25443),(23,25831),(24,22316),(25,22792),(26,24582),(27,32711),(28,35833),(30,22273),(33,15708),(34,11919),(37,30937),(40,33642),(41,33940),(42,3584),(44,35204),(45,21744),(46,206),(47,3767),(48,3947),(49,14583),(50,26264),(51,25517),(54,13704),(59,4383),(60,35110),(61,14523),(63,11163),(64,36667),(66,20071),(67,12914),(69,14756),(70,27348),(71,31611),(72,36251),(73,12638),(74,33834),(75,17569),(76,28723),(78,13439),(82,21857),(85,36608),(87,3693),(88,34850),(91,11702)]	131.206804
779	[(0,25002),(1,28644),(2,35003),(3,22197),(4,27701),(6,36388),(8,33285),(13,1347),(15,5603),(16,9300),(18,10957),(19,37198),(20,37168),(22,21524),(23,28755),(24,33400),(25,10680),(29,12863),(30,37088),(33,29418),(34,36203),(35,13337),(36,17331),(38,2973),(41,34056),(42,5580),(44,25418),(46,29992),(47,13435),(49,13156),(50,28161),(51,7274),(52,30991),(54,17461),(55,14403),(56,29795),(59,4855),(60,19700),(61,26972),(62,20893),(63,14733),(66,22219),(67,3171),(69,19401),(70,11341),(71,35876),(77,21001),(78,18102),(79,24567),(80,14872),(81,14307),(82,4316),(85,5955),(86,18999),(87,37276),(89,18324),(90,15581)]	108.615672
780	[(3,33734),(4,34743),(5,19145),(8,2327),(9,12873),(10,21817),(14,22911),(16,4571),(17,20524),(18,11198),(20,30048),(25,36887),(27,30555),(31,30027),(33,26406),(37,37265),(40,30342),(41,7112),(43,13046),(46,25534),(47,22331),(49,27007),(50,36949),(51,23260),(52,24645),(54,23562),(55,13708),(56,4850),(58,12882),(60,28588),(62,5079),(63,20454),(66,1074),(67,27405),(68,29728),(73,28162),(75,4396),(77,36187),(79,33056),(80,34049),(81,22155),(82,546),(83,17540),(84,24595),(85,17356),(86,15563),(87,5728),(88,18475),(90,29700),(91,31946)]	115.240925
781	[(1,6895),(2,4501),(4,8466),(5,32883),(7,1501),(8,2852),(9,15203),(10,30103),(11,34781),(13,14515),(16,3955),(20,12606),(22,19578),(23,32357),(24,1088),(25,12260),(26,15227),(27,28468),(28,1821),(29,24885),(30,30213),(32,23543),(34,22173),(36,10264),(37,22552),(38,6567),(39,26282),(40,16483),(41,16825),(42,34277),(43,11144),(44,37115),(45,17536),(46,31204),(47,9761),(48,29710),(49,12150),(50,9695),(53,6081),(56,25177),(58,16126),(59,18888),(60,11476),(61,10673),(64,877),(66,17017),(68,29296),(71,15323),(72,6451),(74,404),(76,31990),(79,608),(80,20631),(81,8590),(83,21556),(85,36270),(86,20812),(87,14684),(90,16064),(92,24900)]	117.145667
782	[(1,37146),(4,943),(5,15123),(6,2155),(7,20925),(8,20251),(9,29356),(10,2983),(12,25741),(13,19212),(15,31047),(16,29325),(19,13319),(22,24363),(23,24383),(24,12321),(26,1698),(30,19273),(31,13371),(34,8916),(36,14443),(38,25060),(39,23754),(45,24080),(46,27223),(47,11795),(51,19058),(52,7806),(54,5632),(55,31446),(56,28288),(58,9539),(60,329),(61,33995),(64,34093),(66,25282),(67,5563),(74,26469),(75,9085),(76,22565),(77,26549),(79,29449),(84,23812),(85,6295),(86,34675),(87,25703),(88,13876),(90,29),(91,1587)]	119.897217
783	[(1,29523),(2,1828),(5,20795),(6,22273),(7,24631),(9,23442),(10,2363),(12,23581),(13,18124),(14,16504),(17,36598),(18,16278),(19,26511),(20,25317),(22,24951),(23,34776),(25,30904),(28,23928),(30,22917),(33,17992),(34,29253),(37,13757),(38,14403),(40,34930),(41,11874),(42,31829),(43,2864),(44,3730),(45,807),(46,13601),(47,33373),(49,37605),(51,19633),(52,6644),(53,2101),(55,25418),(56,33358),(58,29604),(60,37573),(65,27672),(67,17688),(68,31216),(71,31397),(75,20427),(77,10494),(78,15387),(79,34363),(81,35669),(83,24429),(84,25526),(86,26465),(87,20559),(88,24514),(90,25118),(91,19596)]	114.764414
784	[(0,19842),(2,29271),(3,32096),(4,7636),(5,22395),(6,29974),(7,27970),(8,37504),(10,18773),(12,30623),(14,24074),(17,19070),(19,15946),(20,25021),(22,33488),(23,31950),(25,25835),(26,5903),(27,9738),(30,1254),(31,30083),(32,1921),(33,28166),(34,28416),(38,18589),(39,17081),(41,28081),(43,6735),(46,10568),(47,5363),(48,35896),(52,2689),(54,16008),(59,13699),(60,5836),(61,34786),(63,37411),(64,15993),(67,27523),(68,17735),(69,37040),(70,29029),(71,18421),(72,12228),(73,30510),(74,19653),(75,18253),(77,4012),(78,30121),(81,2295),(82,24193),(83,32646),(84,3151),(85,26399),(86,22585),(90,30728),(91,11334),(92,36620)]	130.480882
785	[(1,34344),(2,26),(3,3500),(5,20601),(6,23567),(8,37096),(9,20713),(10,36177),(13,27734),(15,22005),(19,3878),(24,25657),(25,36264),(27,8334),(28,7356),(29,32107),(31,36642),(33,15695),(34,26275),(36,7566),(37,30866),(38,26486),(42,11360),(43,4797),(45,23029),(46,7330),(47,35725),(50,22843),(51,6976),(52,11488),(53,27452),(54,28232),(56,12989),(57,9293),(58,34585),(59,36082),(61,36867),(62,19359),(63,31906),(64,35150),(65,17028),(66,1455),(68,24535),(69,27531),(71,22773),(72,8491),(73,3568),(75,33392),(76,28270),(78,37),(79,9424),(80,33143),(82,36843),(84,14241),(86,10619),(88,3429),(89,21555),(90,12595)]	121.277913
786	[(1,14603),(4,19095),(5,31406),(6,33304),(7,9495),(9,17020),(12,24148),(14,16658),(15,37581),(18,7354),(19,354),(21,8177),(22,12302),(23,14661),(24,24824),(26,10083),(33,12320),(34,27198),(35,4915),(36,24534),(37,31167),(38,28013),(39,9022),(43,20289),(44,36812),(45,7423),(46,5938),(47,18446),(48,36),(51,13682),(52,36955),(53,4053),(54,28529),(55,25151),(57,5082),(58,17746),(61,12464),(63,29436),(64,19702),(65,23474),(68,23174),(70,40),(71,17727),(73,13665),(74,33021),(76,202),(77,30295),(78,19444),(83,30189),(85,2470),(87,4325),(88,29401),(89,13207),(91,6088)]	112.017680
787	[(0,18068),(1,3708),(2,35564),(3,10153),(4,19588),(6,2916),(7,11590),(9,15149),(11,3997),(12,27214),(13,18945),(15,37350),(16,14034),(18,11429),(19,23748),(20,36246),(21,14607),(22,4271),(23,7810),(24,18628),(25,3478),(26,25859),(27,26033),(31,5966),(32,1312),(33,13018),(34,2291),(35,9557),(37,16180),(40,11386),(41,9662),(44,18552),(45,37228),(46,33453),(47,28654),(48,22605),(49,25488),(50,13008),(53,5308),(56,2849),(57,34988),(59,5458),(60,24188),(61,16213),(63,6808),(64,13984),(67,443),(69,21198),(73,25693),(74,23872),(75,3683),(78,28008),(79,29019),(81,3429),(83,32243),(84,28802),(87,16830),(88,10697),(89,21963),(90,32840),(91,8339),(92,32488)]	137.725118
788	[(0,7734),(2,20665),(10,19345),(11,9236),(14,31245),(16,28312),(17,30577),(18,25410),(21,35772),(22,14434),(23,13700),(30,2955),(31,1043),(32,18602),(34,28251),(35,14922),(37,23100),(39,11899),(41,19965),(42,7077),(44,37537),(46,2670),(48,12697),(50,22160),(51,14610),(52,19022),(54,36298),(55,36721),(57,12278),(58,2972),(62,21414),(63,5290),(64,16618),(65,209),(67,6588),(68,3767),(69,2200),(72,6105),(73,16185),(74,4031),(75,2765),(76,28443),(81,13093),(82,20351),(83,27883),(84,7467),(86,8002),(87,37368),(88,16770),(89,20979),(90,35346),(91,7298),(92,7298)]	113.349649
789	[(0,8292),(3,10230),(7,29441),(9,7734),(14,36943),(15,20274),(16,24692),(17,25286),(20,7335),(22,17637),(27,2097),(29,35839),(31,9671),(32,4724),(34,30652),(35,2702),(36,26044),(37,10552),(38,7102),(39,1206),(40,29568),(41,13305),(42,35750),(47,5088),(48,18015),(49,33242),(50,33986),(51,15422),(54,31939),(55,22236),(57,24420),(59,7373),(62,10793),(63,7737),(66,15843),(67,25383),(68,12831),(69,27257),(70,6477),(71,16928),(74,1945),(75,34944),(77,1215),(78,3420),(79,22765),(81,35688),(82,5832),(83,2543),(85,5928),(87,24510),(88,33465),(89,19546),(91,13595),(92,4443)]	109.051506
790	[(1,32385),(3,5787),(6,24556),(7,24874),(8,19730),(9,3911),(10,36207),(11,32310),(12,5373),(15,7895),(18,5360),(19,12412),(20,1276),(21,665),(23,9830),(25,17348),(27,33124),(28,22933),(31,3),(32,25028),(36,25331),(37,35702),(38,19913),(41,21762),(42,11090),(44,35882),(45,35807),(47,21618),(50,32764),(53,10848),(55,6060),(57,26180),(61,21128),(62,28317),(63,34691),(65,7622),(67,1484),(68,187),(70,7554),(74,12108),(75,29446),(77,16452),(79,3712),(80,33597),(81,28451),(83,9410),(85,11081),(86,1009),(87,25620),(88,15984),(89,12564),(90,2962),(91,8086),(92,17147)]	115.364803
791	[(0,18155),(1,36940),(3,2641),(8,10145),(11,14246),(12,36469),(13,33570),(16,31080),(18,29150),(20,25330),(21,10069),(22,22649),(25,10837),(27,26766),(28,35648),(30,13192),(32,6390),(33,18544),(35,11127),(36,155),(37,6798),(38,35166),(39,3743),(41,35118),(42,22108),(43,4570),(44,5796),(45,12200),(48,17756),(49,23900),(50,3513),(51,24695),(52,2614),(56,25506),(57,36502),(58,27547),(59,28640),(60,18059),(61,33017),(62,12286),(63,11443),(64,26710),(65,25444),(66,6424),(67,13449),(68,31619),(69,29390),(73,15399),(74,8137),(75,20057),(77,2671),(79,5950),(82,33538),(83,36798),(85,10218),(86,24377),(87,16442),(91,28457)]	202.629085
792	[(1,30521),(3,16312),(5,5258),(6,31155),(9,32412),(10,32197),(11,18722),(12,12124),(13,12614),(14,27460),(15,3631),(16,21677),(19,27996),(20,26490),(21,21246),(23,7084),(25,19130),(28,37218),(29,16310),(30,24779),(32,5039),(33,20506),(35,21790),(36,14065),(37,17291),(39,13378),(41,20118),(42,31146),(43,12013),(47,20342),(49,17438),(51,12421),(52,13360),(53,14693),(54,12873),(55,8745),(59,7760),(63,14229),(66,8846),(69,25818),(70,13521),(71,28798),(72,4395),(73,34506),(76,12943),(77,30480),(79,21094),(81,722),(83,36336),(85,3384),(88,15964),(90,15793),(91,11936),(92,180)]	254.578254
793	[(0,15721),(2,11701),(3,25050),(5,7695),(7,26182),(12,28310),(13,34735),(15,16459),(16,8044),(17,8828),(18,25372),(19,25570),(20,20094),(21,2341),(24,21810),(25,10412),(27,14808),(28,28354),(29,7554),(30,23570),(31,27087),(32,25327),(35,14474),(38,15154),(39,20517),(40,7457),(41,8550),(42,20808),(44,19648),(45,21598),(48,1947),(49,23274),(50,36085),(53,4532),(54,19044),(55,12868),(56,23737),(57,9262),(58,15018),(60,27274),(61,16514),(62,7091),(63,37117),(65,28710),(67,30795),(68,22888),(69,24984),(70,24997),(74,667),(76,6121),(80,29114),(84,25217),(85,13672),(87,23039),(88,36659),(89,1165),(90,1478),(92,25571)]	248.642824
794	[(0,19630),(1,20415),(2,21276),(6,18249),(11,9740),(12,25103),(16,24738),(17,29664),(18,19084),(19,16710),(20,12488),(21,29366),(22,24835),(25,10464),(26,18961),(28,35895),(29,1755),(31,27232),(33,25088),(34,28184),(35,1955),(36,19503),(37,12378),(40,3099),(42,33069),(43,15116),(46,25052),(47,11440),(49,9593),(51,19465),(52,26720),(56,35830),(59,25809),(60,32962),(61,9734),(62,21779),(63,36838),(67,34411),(69,22546),(71,27546),(73,32184),(74,22532),(77,19213),(78,25213),(80,18452),(81,9232),(82,28272),(84,25255),(89,23139),(91,23126),(92,18875)]	238.621953
795	[(4,13187),(5,8253),(6,28108),(7,21728),(8,7789),(9,12161),(10,31163),(11,28286),(14,35529),(17,24290),(19,16777),(20,18491),(21,37219),(22,23516),(24,19745),(25,9413),(30,33623),(31,16405),(34,37550),(35,30910),(36,12710),(37,28771),(38,19155),(39,29123),(41,10002),(46,20715),(48,2420),(52,36720),(53,6133),(55,19323),(56,16661),(57,29759),(58,1181),(59,20775),(60,37052),(63,12043),(69,16706),(70,27303),(71,26343),(72,27253),(74,14306),(76,15592),(78,26388),(83,11172),(85,29452),(86,2283),(87,18543),(88,34978),(89,37007),(90,5913),(91,2417),(92,28816)]	222.420770
796	[(1,23545),(2,34552),(3,29719),(4,30946),(5,3401),(6,24921),(7,28953),(8,13554),(9,9873),(10,27261),(13,19416),(15,13183),(16,26064),(20,35585),(21,20214),(25,26456),(27,16963),(28,22314),(31,21033),(32,16397),(35,23885),(36,10665),(37,22944),(38,25866),(40,35045),(44,7229),(46,35147),(48,7857),(49,30073),(53,6569),(54,30396),(55,25339),(56,26295),(60,30260),(61,36902),(62,32489),(63,4643),(64,32468),(66,6604),(68,14446),(69,24080),(70,29153),(73,7773),(77,7472),(78,25267),(79,31991),(83,13102),(84,30351),(86,29356),(88,21802),(89,25057)]	234.937836
797	[(0,33500),(1,8662),(2,7371),(3,29004),(6,10433),(8,5940),(9,21004),(17,2532),(19,13833),(20,29546),(21,9123),(22,686),(25,24783),(26,7891),(28,36928),(29,30719),(30,11266),(31,21134),(32,14775),(33,16614),(34,37027),(36,24716),(38,3210),(41,33349),(43,16978),(46,16522),(47,35319),(51,22363),(53,836),(56,10857),(57,17319),(60,14654),(61,23988),(62,2482),(63,30031),(64,20154),(67,28859),(68,23608),(69,21261),(71,14877),(72,22749),(73,28987),(74,6868),(76,30736),(80,17840),(81,19850),(83,17083),(84,21084),(85,28276),(88,19099),(89,22118),(90,10373),(92,34318)]	241.549244
798	[(0,16824),(1,27201),(2,5177),(6,3130),(7,3573),(8,32729),(11,22969),(12,21958),(15,5957),(16,7045),(17,12540),(18,14245),(20,2126),(21,27860),(22,20445),(24,2797),(26,21416),(27,15306),(29,1448),(31,15019),(34,27472),(35,36432),(39,32232),(40,25303),(41,15789),(42,4180),(43,25382),(44,10335),(47,8310),(49,10703),(53,29768),(54,26019),(55,28093),(57,4837),(58,10524),(59,2363),(64,17885),(65,14212),(66,15449),(68,11758),(70,11449),(72,33363),(74,23624),(76,22696),(77,15784),(79,19263),(81,20062),(82,7610),(83,4013),(84,20384),(85,28771),(86,19155),(87,11440),(89,2947),(90,31965),(91,25064)]	245.930857
799	[(0,7189),(3,10247),(8,14293),(9,5008),(10,28443),(13,23657),(14,33294),(15,30833),(16,22626),(20,6782),(21,13503),(22,19846),(23,32053),(25,15867),(26,12977),(29,15707),(31,21650),(32,11122),(34,29415),(37,6373),(38,26708),(40,3106),(41,8308),(42,16750),(46,22036),(47,17143),(48,7678),(50,37547),(52,29268),(53,8354),(54,21638),(55,7233),(56,18341),(57,1739),(58,12911),(60,10328),(61,26483),(62,20464),(64,30019),(65,33299),(67,7871),(71,33185),(72,13700),(73,4012),(75,4198),(78,3565),(79,21982),(80,16892),(81,22457),(82,1701),(87,1384),(88,28766)]	238.071688
800	[(0,24457),(2,14677),(4,8015),(6,24804),(7,25241),(13,11958),(15,26536),(18,17796),(19,10942),(21,2822),(24,17243),(26,35877),(29,1586),(30,9822),(32,34548),(33,19263),(35,18924),(37,12676),(39,19171),(40,35449),(41,14218),(43,10734),(44,8458),(49,15127),(50,35114),(51,17947),(52,33810),(54,25958),(55,9461),(56,3934),(57,35272),(58,5555),(61,2076),(62,32155),(63,22830),(64,32288),(67,25892),(69,5783),(71,31816),(72,4816),(74,12903),(75,29069),(77,32993),(79,32804),(80,37150),(81,35060),(83,3684),(84,7453),(85,16854),(87,31699),(89,8830),(91,4325),(92,14598)]	247.778962
801	[(0,14195),(2,28568),(3,9720),(5,22454),(6,31383),(7,33748),(8,34384),(9,33193),(10,1179),(12,16922),(13,20247),(14,1884),(17,20507),(19,22254),(22,24796),(23,23935),(24,22265),(25,27985),(27,26699),(28,14260),(29,6152),(33,12952),(35,22978),(36,30973),(37,8538),(38,6123),(39,10876),(45,12880),(46,13239),(48,21045),(49,19287),(50,7537),(51,33088),(53,4886),(57,8611),(58,5930),(59,1076),(62,34596),(63,35570),(64,21474),(65,33691),(66,27403),(68,3892),(71,19248),(72,16800),(75,5249),(76,14617),(77,20303),(79,17253),(81,387),(82,19269),(83,4041),(84,31187),(85,12989),(86,9293),(87,30322),(88,16948),(89,27057),(90,7480),(91,2292)]	231.927189
802	[(1,34412),(2,10687),(3,12710),(4,28807),(5,3670),(6,3860),(7,7109),(9,35190),(10,13866),(11,26015),(12,4238),(13,33723),(17,32400),(18,17318),(20,32644),(21,11949),(22,20325),(26,33096),(27,37514),(29,5449),(30,759),(31,17005),(34,27389),(35,35893),(36,6194),(37,18905),(38,15830),(39,14495),(40,22455),(41,35159),(44,8687),(45,32614),(48,2903),(52,37267),(53,5574),(55,9437),(58,7963),(59,3020),(64,20856),(66,2427),(68,23390),(69,5444),(73,15134),(75,27879),(77,33091),(78,18196),(79,25304),(81,652),(82,20218),(83,17594),(84,26962),(85,15216),(86,1296),(88,33265),(91,29522)]	244.898787
803	[(0,16617),(1,19859),(2,17656),(5,8775),(6,1987),(14,5298),(15,7728),(17,27530),(19,46),(20,33122),(21,27492),(23,6717),(25,7907),(30,37607),(32,19450),(34,21283),(35,18654),(36,20804),(38,25281),(40,7977),(41,23747),(43,24308),(44,34500),(46,36401),(48,12735),(50,675),(52,11237),(54,1971),(55,12917),(56,34450),(57,35211),(58,37101),(59,7130),(60,37162),(62,35949),(63,1369),(64,5285),(66,19629),(67,2203),(68,13834),(70,9319),(71,7394),(72,29898),(77,35020),(79,22133),(80,28667),(81,639),(82,22819),(83,25208),(84,5403),(86,19376),(89,33452),(91,27200),(92,33268)]	253.250522
804	[(0,20730),(1,27353),(3,20889),(5,9042),(7,11765),(9,8146),(12,18984),(14,1258),(15,27923),(16,8658),(19,12027),(20,14092),(22,6999),(24,16240),(25,1937),(27,35238),(28,13876),(29,23178),(30,9609),(31,15059),(32,28016),(33,1665),(35,29749),(36,16935),(39,36257),(40,1543),(45,5317),(46,9636),(47,20023),(50,37312),(53,36673),(56,21598),(58,24798),(59,21036),(60,21422),(61,26813),(67,15527),(68,29323),(69,25270),(70,27172),(74,20686),(76,8906),(77,28742),(84,15208),(86,9660),(87,29817),(88,28815),(90,2168),(91,23630),(92,2386)]	268.797002
805	[(0,9998),(2,1732),(6,21045),(8,20512),(9,23241),(10,17921),(14,28285),(15,29054),(18,25659),(19,13368),(24,28810),(27,23814),(29,15844),(33,3187),(34,18806),(36,11547),(37,30684),(38,15767),(40,20311),(41,27976),(43,29592),(48,21850),(50,12567),(51,6132),(52,1115),(53,7134),(54,19287),(55,28558),(56,5731),(58,24713),(63,25162),(64,3779),(66,1359),(68,8111),(70,25027),(71,35591),(72,29518),(75,25824),(76,7770),(78,30335),(79,16381),(80,35048),(81,14234),(82,2835),(84,19549),(87,8263),(88,33613),(89,3423),(90,37234),(92,24913)]	255.670967
806	[(2,566),(3,15297),(4,19993),(5,28520),(7,15825),(8,4779),(13,2174),(15,37389),(20,31310),(21,19511),(23,18049),(26,22694),(27,21409),(28,2340),(31,6578),(34,34932),(37,5858),(40,9180),(41,16329),(43,18107),(45,25433),(46,34854),(48,239),(49,21257),(50,25819),(51,17519),(54,7064),(55,36378),(57,15942),(59,16562),(60,26155),(61,9497),(64,25060),(65,21305),(66,33264),(67,5689),(69,805),(70,33177),(72,31357),(73,36431),(75,16640),(77,23592),(78,18842),(79,22576),(83,10643),(84,13367),(86,1836),(88,29218),(91,16129),(92,12430)]	114.017191
807	[(0,36391),(2,26419),(3,7866),(4,19135),(6,1189),(7,3965),(9,18722),(10,12124),(14,6934),(15,23767),(17,90),(18,12820),(19,14850),(23,26248),(24,18805),(25,34106),(27,6933),(29,5000),(31,12875),(34,2118),(36,16885),(38,34995),(41,24447),(43,10923),(44,2264),(45,32893),(46,2143),(47,15303),(51,5380),(53,20369),(54,19735),(55,22517),(57,9895),(59,17137),(64,36898),(66,17466),(67,26963),(68,6713),(70,8743),(74,5475),(75,14660),(76,21237),(78,30745),(80,36445),(81,35155),(82,35809),(84,4075),(85,31027),(86,9649),(88,32070),(89,25432),(90,20817)]	133.076275
808	[(0,1474),(1,36459),(3,22684),(5,7804),(7,3180),(8,29881),(10,30899),(11,29489),(12,7150),(14,26661),(15,3881),(17,16019),(18,31467),(19,36992),(20,20294),(23,21726),(24,30995),(25,29176),(26,29317),(28,32464),(32,10751),(33,6550),(34,35929),(35,14550),(38,22233),(39,3801),(40,4793),(41,9838),(42,28687),(43,33659),(46,13592),(47,22562),(48,31548),(49,13414),(52,8920),(53,31654),(56,36425),(62,27033),(63,28672),(64,22034),(65,27160),(66,18475),(68,20876),(71,8712),(73,18414),(74,150),(76,8270),(80,14925),(81,11357),(84,7227),(86,25742),(87,9563),(88,32748),(89,24199),(90,35846),(92,37424)]	110.446610
809	[(0,26379),(3,2522),(8,8959),(12,35690),(13,12844),(14,539),(15,4517),(16,20955),(17,14017),(18,9959),(19,15974),(21,16433),(22,26105),(23,10732),(25,21326),(26,25860),(28,4136),(31,9942),(32,23424),(33,8037),(35,19556),(36,2250),(38,26047),(40,13224),(43,26894),(44,21039),(45,9320),(48,30160),(49,13348),(50,27656),(52,22925),(53,35416),(58,36613),(59,7721),(60,22884),(61,35405),(62,12533),(64,9318),(65,35736),(66,10728),(72,19861),(75,20599),(78,17643),(79,30897),(80,20299),(83,4966),(85,1027),(86,31578),(87,7618),(88,935),(89,6366),(90,8709),(92,16409)]	109.793389
810	[(0,9904),(4,15405),(5,5301),(10,33732),(11,19435),(12,35579),(14,514),(17,31100),(19,23831),(20,36827),(21,24396),(23,14390),(27,8904),(28,31009),(29,24327),(30,25819),(31,10453),(32,33272),(33,9044),(35,32474),(39,12617),(42,1416),(43,32243),(44,25690),(48,3780),(49,18744),(55,17904),(57,23287),(58,5378),(60,2944),(64,35950),(65,35821),(66,14973),(69,2573),(73,15453),(75,502),(76,36057),(78,29550),(79,9648),(81,22434),(82,10744),(84,27165),(87,32085),(89,18328),(90,10982),(91,13866)]	111.059248
811	[(0,33527),(1,25306),(5,4324),(7,5367),(9,9373),(10,26984),(12,30419),(15,12880),(20,23024),(21,1059),(22,33429),(24,397),(27,35335),(29,17157),(30,14318),(31,4305),(33,5448),(34,27223),(35,19691),(36,32856),(37,33402),(38,9942),(39,19709),(40,12458),(45,20871),(46,10879),(47,5577),(48,35698),(49,7810),(52,12614),(54,492),(57,15933),(58,32910),(59,7514),(60,26129),(63,29601),(64,18566),(65,10155),(67,20142),(68,19888),(71,22954),(72,26908),(74,28723),(75,28490),(82,8524),(85,30482),(86,2195),(87,28801),(89,31655),(91,104),(92,3289)]	117.662687
812	[(0,18917),(2,4236),(3,7732),(4,28092),(8,1056),(9,35627),(12,5292),(13,5471),(14,817),(17,3097),(18,21899),(20,13741),(22,11526),(23,5459),(24,23170),(26,5892),(27,21322),(29,36972),(30,16919),(33,33307),(34,15405),(35,30898),(36,29973),(37,17780),(40,7296),(41,10494),(45,3869),(49,19082),(50,16977),(52,3076),(53,3169),(54,22269),(57,4914),(58,5245),(59,17390),(60,9148),(61,18147),(62,24381),(63,33151),(64,35304),(65,24344),(66,34110),(67,25942),(68,34707),(69,8836),(71,4742),(72,17381),(73,34411),(74,23929),(76,4733),(77,2745),(83,31614),(84,2310),(86,23839),(87,6986),(90,28995),(92,5997)]	116.925342
813	[(1,7115),(3,2546),(4,24424),(6,701),(7,16154),(8,22990),(11,18746),(12,17998),(14,18616),(15,13237),(17,25936),(20,18314),(21,26036),(22,5135),(23,36312),(24,22037),(25,9679),(28,35919),(30,26494),(32,2939),(33,11239),(34,24500),(35,29072),(37,189),(39,36716),(41,13860),(42,16988),(44,20865),(45,21710),(46,35017),(50,24668),(54,3780),(55,18744),(58,29341),(60,27849),(61,18838),(63,11238),(64,3730),(65,11356),(67,24592),(69,36090),(72,30176),(73,34577),(74,22177),(75,31048),(77,21785),(79,7015),(82,25168),(83,15426),(85,10706),(86,17817),(87,33538),(90,34733),(92,13847)]	121.066566
814	[(3,34269),(5,37432),(6,20726),(7,5636),(8,10713),(11,7974),(12,20723),(19,13932),(21,26199),(22,31131),(25,19281),(28,18185),(30,34252),(31,32727),(32,35681),(33,33856),(35,3295),(38,19345),(43,27142),(45,30499),(46,5017),(47,34758),(48,19942),(50,22547),(51,21993),(52,3912),(54,26981),(55,10055),(56,14483),(58,20934),(60,36895),(61,34301),(63,16184),(65,5339),(66,30924),(67,862),(70,12757),(71,25648),(75,24830),(76,5411),(77,4068),(79,7),(81,11599),(82,25532),(85,29457),(86,22694),(87,21409),(89,31096),(91,37054),(92,29810)]	116.319771
815	[(3,11213),(7,7480),(8,35547),(10,9984),(11,10898),(13,19427),(14,16654),(16,13566),(18,19261),(19,1763),(20,37093),(23,32994),(25,20907),(26,861),(28,3793),(30,11115),(32,15689),(34,12398),(35,14896),(37,30928),(43,26427),(44,516),(45,11925),(46,24963),(48,34529),(51,14036),(56,30293),(59,14976),(63,4162),(65,32577),(66,5877),(68,32841),(69,21942),(70,33696),(71,12800),(72,3018),(73,23632),(74,34371),(79,20811),(80,25023),(83,23447),(84,31372),(85,34262),(87,4340),(88,16377),(90,15182)]	119.475293
816	[(0,18854),(3,24199),(4,35846),(7,956),(8,1854),(9,21788),(10,28176),(11,21909),(14,26364),(19,8101),(20,27402),(22,28665),(24,159),(25,8214),(26,35684),(27,31835),(29,17573),(31,14339),(32,30066),(34,19949),(35,18325),(37,31284),(38,28301),(40,12793),(41,8813),(45,23105),(46,8949),(47,25783),(49,23937),(50,19989),(51,36544),(52,30679),(54,15206),(55,27374),(58,2519),(59,6962),(60,34010),(61,7012),(62,37024),(63,1036),(65,7998),(66,10691),(67,26800),(68,24644),(70,2390),(71,15274),(73,1384),(74,20255),(75,28686),(78,30144),(80,27106),(82,7042),(84,9236),(86,34771),(89,2152),(90,7607)]	129.009293
817	[(0,11713),(2,17190),(3,27300),(4,5690),(6,26546),(7,33152),(13,34622),(15,31216),(17,32141),(18,7797),(21,24833),(22,22025),(23,37013),(24,8901),(25,1659),(26,24867),(28,18383),(30,30735),(31,25742),(32,25694),(33,20743),(34,5746),(35,31946),(36,9419),(37,35296),(42,29914),(43,22457),(46,21749),(47,724),(48,2818),(49,1276),(50,7469),(53,33894),(54,4768),(55,5420),(56,13284),(57,3155),(58,26450),(61,27468),(65,31861),(69,8048),(70,27396),(71,2228),(72,12008),(76,22507),(77,24344),(79,21376),(80,21005),(81,32892),(82,34721),(86,6613),(87,34559),(88,35641),(89,25395),(91,7337)]	107.171094
818	[(1,18552),(3,25508),(4,19747),(5,9722),(10,9100),(11,21661),(12,19818),(13,35897),(14,11960),(16,15746),(17,37377),(20,23734),(23,23468),(26,32534),(27,24758),(28,5347),(32,20383),(33,6689),(35,12662),(36,11303),(37,5952),(40,30390),(43,5947),(45,1793),(46,10918),(48,14525),(49,22810),(50,31867),(51,26870),(53,9185),(54,17856),(55,17839),(56,14342),(57,9052),(61,18243),(62,7619),(63,29769),(64,25000),(68,31869),(71,14282),(74,5322),(76,25821),(77,20896),(78,21354),(80,37171),(81,9797),(82,27679),(83,1328),(84,21017),(85,26568),(86,13750),(88,30155),(89,11215),(91,24298),(92,22552)]	106.989020
819	[(0,8557),(2,11297),(3,30484),(4,25810),(5,4930),(6,1281),(8,35223),(9,30747),(10,27072),(14,6427),(16,3529),(18,33931),(19,1095),(20,5712),(21,20120),(23,12295),(24,11880),(26,4945),(28,16563),(29,9535),(31,112),(35,2184),(36,8449),(37,4864),(38,4669),(42,4252),(44,26006),(45,26299),(47,6077),(49,23756),(51,12707),(52,30724),(54,24670),(56,3400),(57,11163),(58,36667),(61,3577),(63,385),(64,22956),(66,25948),(69,30045),(70,25848),(71,30897),(72,18353),(76,12069),(79,16139),(80,8968),(81,4680),(83,10721),(86,11757),(87,26191),(89,18361)]	124.935817
820	[(0,26617),(1,12997),(3,35079),(5,16508),(6,7953),(7,12648),(10,32103),(11,17589),(12,10505),(13,19740),(15,4155),(16,7842),(17,19923),(18,21591),(19,26559),(21,26805),(23,26382),(26,26768),(30,2819),(33,19896),(36,2937),(38,8683),(40,806),(41,19438),(45,1670),(47,19702),(48,36121),(50,9284),(51,27240),(55,29969),(57,9829),(59,31575),(60,5147),(61,7036),(68,3413),(69,1070),(72,12749),(76,36549),(79,17613),(81,37474),(83,11736),(86,2972),(87,8683),(89,3440),(90,5399),(91,9635),(92,17591)]	112.386293
821	[(1,4029),(4,35322),(5,6850),(7,28132),(9,35211),(12,20749),(15,11981),(18,35185),(22,23687),(23,26194),(27,16180),(28,36229),(29,10495),(31,23180),(32,33306),(35,18178),(36,22607),(37,10690),(39,33570),(40,32666),(41,25946),(42,33915),(45,20611),(46,32767),(49,35764),(51,5882),(52,8954),(53,15308),(55,30924),(56,862),(57,18172),(59,29106),(61,4609),(63,24786),(64,33535),(67,35547),(68,11496),(69,21372),(70,12216),(71,28118),(73,19449),(74,25191),(77,8478),(78,26852),(79,34623),(81,9221),(82,11739),(86,7291),(87,5773),(88,427),(89,9994),(92,36932)]	112.429496
822	[(0,9970),(3,30251),(4,15255),(5,5136),(6,23833),(7,13163),(10,34110),(12,21216),(13,2712),(14,20158),(15,22926),(16,1178),(18,28623),(19,26675),(20,32453),(24,10334),(26,28469),(28,13541),(30,26411),(32,15079),(33,21361),(34,29893),(35,3511),(36,3383),(37,14033),(39,297),(40,12102),(43,29132),(44,8432),(47,11287),(48,14328),(49,7729),(51,14294),(53,16931),(56,25860),(58,5402),(59,3694),(61,22445),(62,28378),(64,29051),(68,8322),(70,3461),(71,24843),(72,14892),(73,37064),(75,36904),(78,30043),(79,13806),(81,22025),(84,11820),(85,17010),(86,29472),(87,14052),(88,15565),(90,24648),(92,14348)]	121.176023
823	[(1,27728),(2,8608),(4,3260),(5,27),(7,29131),(9,36001),(10,11919),(13,2526),(15,4545),(16,9853),(19,29285),(21,22902),(23,26210),(26,116),(27,27057),(28,11714),(30,26819),(31,33624),(33,8540),(36,47),(37,29904),(38,21392),(40,8051),(42,18128),(44,18439),(45,2818),(47,37024),(48,7485),(49,15069),(50,28368),(51,12441),(52,35996),(53,5975),(54,18321),(55,8832),(57,37478),(58,20644),(60,7892),(61,25837),(64,8317),(65,4047),(67,24993),(75,3371),(76,36748),(78,14978),(80,21583),(86,7269),(87,3480),(88,1701)]	137.165047
824	[(0,16137),(2,4746),(4,4666),(7,24403),(8,3941),(9,13845),(13,33924),(15,35209),(16,25374),(17,22683),(18,24391),(19,8884),(22,14657),(23,22158),(24,28298),(29,31029),(30,2855),(31,13329),(34,15203),(36,34732),(37,34154),(38,37556),(42,14232),(43,27766),(44,4583),(45,14150),(47,24808),(48,13426),(49,3059),(51,29568),(52,4544),(53,10585),(54,8021),(55,33004),(58,34994),(66,13198),(67,23576),(68,7473),(70,19204),(74,10988),(79,27409),(80,20217),(81,28402),(82,24748),(83,5853),(86,18211),(89,36551),(91,16376),(92,345)]	114.649442
825	[(1,21604),(2,22490),(3,14181),(4,35459),(5,21179),(7,30695),(8,3398),(10,15798),(13,6940),(14,30186),(15,29377),(16,27032),(17,11251),(19,3770),(20,35980),(21,15897),(22,15797),(23,20360),(24,27830),(25,18737),(26,9236),(28,27943),(30,16231),(31,2037),(33,27857),(35,33169),(37,26506),(38,21580),(40,20036),(41,36298),(42,19042),(43,29735),(45,21000),(47,16352),(48,15610),(50,27194),(51,31890),(55,24071),(58,29978),(59,8368),(61,6390),(63,11028),(67,20414),(68,14978),(70,21583),(71,8845),(73,22849),(77,32984),(80,142),(88,29671),(89,35884),(91,6705)]	134.270557
826	[(0,28060),(1,31536),(2,28141),(4,30637),(6,28105),(9,19192),(10,2934),(12,26082),(13,35135),(14,18314),(15,26036),(16,26805),(18,4747),(19,32571),(20,30880),(23,29079),(24,35802),(25,30322),(27,25825),(28,16887),(29,18214),(30,37410),(31,34015),(33,719),(34,25535),(35,6962),(37,6994),(38,23225),(39,23078),(40,20022),(42,31181),(44,12269),(45,29821),(46,24309),(47,13136),(48,16258),(49,7274),(50,24113),(51,16206),(53,21283),(55,6804),(57,8038),(58,113),(62,9664),(63,25392),(64,26747),(65,35264),(71,34077),(72,25722),(73,24979),(74,13758),(75,26025),(76,9419),(77,35296),(78,8930),(79,29421),(83,18906),(84,32011),(85,36860),(86,23599),(87,25830),(88,17868),(89,17931),(90,28263),(91,12666)]	110.338025
827	[(2,22141),(3,1278),(4,16357),(7,19519),(9,16520),(10,26345),(11,2469),(13,28516),(14,36155),(17,15256),(19,32082),(20,11353),(23,28513),(24,37525),(28,14328),(30,11934),(31,28606),(33,8459),(34,22484),(35,33776),(38,37215),(41,14543),(42,19965),(43,7077),(45,24617),(46,37518),(48,12642),(49,1440),(50,27099),(51,17348),(53,8896),(54,26464),(55,18645),(57,23591),(58,3203),(59,12285),(60,4056),(62,8014),(64,23235),(66,1555),(68,13518),(70,506),(71,5389),(72,3177),(75,28842),(80,30648),(81,27338),(85,33708),(87,34619),(88,14317),(91,24621)]	118.879969
828	[(1,29927),(2,14622),(3,5720),(4,34741),(5,10509),(6,4283),(7,16779),(8,23814),(9,30241),(10,20941),(12,2058),(13,34263),(18,8962),(19,30092),(20,10833),(21,4573),(22,26579),(23,16447),(24,13430),(26,30752),(27,10307),(28,24190),(31,29368),(33,9082),(34,29921),(35,4714),(36,25653),(38,11124),(39,21907),(40,34572),(42,28067),(43,35487),(44,26326),(45,20589),(47,1910),(54,15252),(55,11875),(56,22340),(59,24577),(60,13165),(62,8237),(63,8581),(65,2308),(66,10566),(67,11483),(69,14273),(71,31880),(73,6445),(74,8332),(75,23681),(76,3305),(77,1857),(79,34089),(80,7038),(81,4070),(82,35389),(83,19444),(85,9475),(86,9149),(87,30294),(88,25157),(89,8401),(90,12766),(91,3045),(92,4039)]	108.639412
829	[(0,24206),(4,37222),(5,25771),(10,12043),(11,3458),(12,530),(14,28419),(16,1782),(19,12488),(20,33228),(22,23194),(25,36383),(28,32582),(31,30097),(33,7501),(35,22869),(38,8331),(39,16032),(42,10782),(43,23471),(44,20751),(46,17369),(48,13943),(49,876),(51,22745),(52,33477),(54,17266),(55,21155),(56,18266),(57,2128),(60,16688),(62,25633),(64,34558),(66,32229),(68,13227),(69,15524),(70,10896),(73,22464),(75,31169),(76,22968),(77,22109),(80,11574),(82,7420),(84,33091),(85,18196),(87,6353),(88,34441),(89,25070),(90,11619),(91,37126),(92,5839)]	112.044234
830	[(1,31750),(3,17916),(5,33676),(6,25201),(9,5475),(11,9628),(15,16096),(18,9140),(20,36061),(21,23776),(22,23010),(23,24083),(24,18436),(29,5312),(31,21518),(33,13164),(34,35949),(35,25655),(37,25159),(38,11982),(42,2511),(43,33377),(44,17988),(48,14541),(50,30991),(51,22608),(52,20660),(55,3125),(57,27205),(59,25425),(60,21005),(64,26142),(65,27094),(66,35355),(72,10313),(73,3489),(74,6969),(77,10911),(78,3813),(82,26699),(83,14260),(85,26994),(86,300),(87,17756),(89,13600),(90,7868),(91,23949)]	115.618464
831	[(3,11193),(5,9198),(7,18624),(8,7936),(9,6817),(11,14988),(12,1256),(13,12854),(14,17299),(16,9531),(18,12228),(19,30510),(21,2645),(22,20317),(23,2073),(25,7918),(26,1731),(32,1331),(34,4298),(36,13597),(37,14216),(38,23012),(39,11538),(40,24643),(42,21034),(44,37026),(45,9698),(46,14475),(47,10393),(48,611),(49,14211),(51,21373),(52,13476),(54,2654),(55,28605),(56,7808),(57,32810),(59,27016),(60,28157),(62,36651),(65,15286),(66,25965),(69,6463),(71,14540),(73,37142),(74,36075),(75,21765),(76,2366),(78,8690),(79,27655),(80,31950),(81,17318),(84,1843),(85,23130),(86,18581),(87,35781),(88,4422),(90,8088),(91,4135),(92,30661)]	121.159293
832	[(0,20574),(3,772),(4,34830),(5,17369),(7,4703),(8,7780),(10,37396),(11,34550),(12,28841),(14,33706),(16,27512),(18,4989),(20,12426),(21,10758),(24,14569),(27,7007),(28,9448),(30,11192),(31,11209),(33,1935),(34,35466),(37,9943),(38,36914),(40,17968),(42,31584),(47,9439),(48,33396),(49,30676),(52,31097),(53,16174),(54,37268),(55,34352),(57,32970),(61,26651),(62,4806),(63,20692),(64,36639),(65,34724),(67,22445),(73,19966),(74,18996),(75,1368),(76,13992),(77,26676),(78,9296),(79,17435),(80,3271),(84,1929),(86,21541),(88,21136),(89,17442),(90,26608),(92,15595)]	117.170710
833	[(1,20189),(2,26655),(3,23883),(6,17106),(7,17984),(8,36788),(10,34504),(11,14603),(12,14465),(14,8039),(17,34746),(21,10469),(22,9204),(23,15376),(24,30264),(25,2654),(26,13870),(30,35875),(31,26140),(32,36260),(35,24247),(39,28837),(42,32862),(43,16258),(44,7274),(45,16002),(52,11763),(54,7405),(55,26715),(57,36452),(59,3532),(62,27106),(67,35107),(68,18348),(70,11709),(71,29690),(72,6543),(74,24946),(75,7939),(78,499),(79,20744),(81,14495),(82,1615),(83,7026),(84,1454),(88,25174),(90,36660)]	107.461351
834	[(0,813),(1,29822),(5,16864),(6,829),(7,22618),(8,17499),(12,29936),(13,9733),(14,29555),(17,8621),(18,6131),(20,10983),(21,30935),(22,33570),(24,36814),(26,31299),(30,9149),(32,4622),(36,8583),(37,3262),(38,20338),(39,34070),(41,10676),(43,9427),(44,29226),(45,28121),(50,34390),(51,10196),(53,20398),(54,25975),(55,11169),(58,26942),(60,4731),(61,33401),(62,6515),(66,20947),(68,22679),(69,2746),(70,8586),(71,35366),(72,9150),(74,9387),(77,35520),(79,24299),(81,6516),(82,12599),(85,16813),(86,13256),(88,10464),(89,16915),(90,5897),(92,27700)]	128.915809
835	[(1,14873),(2,32680),(7,18306),(10,36360),(12,36878),(13,27629),(14,15132),(17,4487),(18,37366),(20,22010),(27,37),(29,15049),(32,10226),(34,14684),(38,5188),(40,28091),(41,31149),(42,6036),(43,7325),(44,32000),(45,23992),(47,15537),(48,21782),(49,11513),(50,11096),(52,3544),(55,23833),(59,11669),(61,21168),(63,29399),(68,32270),(70,6402),(72,21990),(73,4698),(76,12479),(77,33468),(78,2662),(80,7161),(81,36602),(83,5840),(84,20333),(85,4103),(86,4538),(89,19404),(92,15616)]	107.591341
836	[(4,15026),(5,22550),(7,34898),(8,8424),(9,36347),(11,19665),(13,25695),(14,31660),(16,20276),(17,11180),(20,11944),(22,26401),(24,18024),(29,18546),(33,9574),(36,28750),(37,34504),(39,4189),(40,10326),(41,27836),(42,10901),(46,11693),(49,23026),(51,9872),(53,12935),(54,5935),(55,30237),(56,24097),(59,19744),(61,21631),(62,5572),(63,10934),(64,4808),(65,6468),(66,24248),(67,35058),(69,37341),(70,3689),(72,5898),(73,21304),(74,13466),(75,14606),(76,36363),(78,11476),(80,9939),(83,6391),(85,15611),(89,16685),(92,19793)]	125.072181
837	[(0,30863),(5,3564),(6,26991),(7,19795),(9,32246),(10,34613),(15,23073),(17,6614),(18,19681),(21,36034),(25,32265),(26,6410),(27,26369),(29,18399),(32,17249),(33,23848),(38,20507),(40,22254),(43,36197),(46,26978),(47,35887),(50,16948),(51,22015),(52,29931),(55,346),(56,9517),(58,30729),(61,6529),(64,3928),(65,2206),(66,32953),(67,22905),(69,20117),(70,4365),(73,34738),(77,22870),(78,2770),(82,20968),(84,34026),(86,12062),(88,20033),(89,6227),(91,5837)]	117.197021
838	[(3,4350),(6,28978),(8,6546),(10,23388),(11,20198),(14,12159),(15,3920),(16,13079),(17,31265),(18,16154),(19,16117),(20,15153),(21,988),(22,4293),(24,13215),(26,6080),(27,18846),(28,12616),(29,23758),(30,30437),(31,7287),(33,1711),(35,35976),(38,15234),(40,9185),(42,36510),(43,1498),(44,28447),(45,16645),(46,18878),(47,15659),(53,29552),(54,23077),(55,1150),(58,28505),(59,33631),(61,11746),(65,27271),(66,29732),(68,30814),(73,25844),(74,736),(75,9269),(78,27175),(81,34052),(83,33313),(84,4032),(87,12086),(89,10232),(90,20225)]	109.389669
839	[(0,18009),(1,21886),(3,15551),(4,24440),(7,2439),(8,10427),(9,19890),(10,15086),(14,2712),(15,9892),(16,32693),(17,33043),(19,35678),(20,160),(23,18494),(24,24188),(25,16213),(26,28411),(28,30052),(29,29112),(30,18593),(31,12619),(34,20376),(35,2815),(36,36501),(38,34108),(42,17581),(43,16779),(47,17330),(48,36659),(49,21733),(50,27688),(51,21401),(53,4134),(54,25526),(56,14239),(58,20633),(61,17475),(62,36925),(63,21831),(64,6418),(65,34779),(66,24189),(68,17269),(69,7652),(71,3190),(75,32158),(79,7858),(81,35670),(82,6967),(83,11043),(84,36949),(85,1516),(86,1921),(88,37485),(89,24543)]	117.046827
840	[(0,27028),(1,10976),(3,7179),(6,32797),(9,14315),(14,6836),(16,26062),(17,2621),(18,7779),(19,7792),(20,1293),(21,9036),(23,10206),(27,22366),(31,16830),(35,9453),(36,37059),(37,20195),(39,36164),(40,16994),(43,21041),(44,12572),(45,11662),(48,35462),(51,16224),(53,28412),(55,17648),(56,17990),(57,36889),(59,10168),(60,26569),(61,14869),(62,16197),(64,13819),(65,20567),(67,32390),(74,34427),(75,31519),(76,15237),(77,12221),(78,12569),(81,9535),(84,9264),(86,28319),(88,22298),(89,37241),(90,32294),(91,9208),(92,30065)]	115.953470
841	[(0,5398),(1,15881),(2,8076),(4,21321),(5,21204),(11,11488),(12,12726),(13,14833),(14,23116),(15,11484),(20,34146),(26,24011),(27,25734),(28,35770),(29,12209),(30,19650),(31,32476),(32,26770),(33,8965),(35,758),(37,22983),(39,9359),(42,6836),(43,1942),(44,32326),(45,27035),(47,364),(48,2866),(49,1321),(50,15718),(51,35913),(52,5706),(53,17553),(60,15712),(62,2516),(66,9050),(67,10537),(68,24687),(69,30435),(71,36474),(75,33924),(77,7095),(78,19774),(82,9068),(84,33783),(88,17390),(89,9148),(90,2660),(91,10259)]	120.923920
842	[(0,2874),(2,14500),(5,20738),(7,34439),(8,29148),(9,12467),(11,394),(13,32512),(17,29247),(19,16012),(20,25808),(25,2421),(26,2861),(27,30913),(29,13472),(30,6613),(31,34559),(32,35641),(33,16309),(34,29972),(35,30863),(36,25707),(37,25697),(41,1538),(46,24492),(47,12850),(54,27398),(56,7324),(57,18346),(59,6455),(63,227),(70,6729),(71,31164),(74,17169),(76,34396),(77,4231),(78,13756),(79,30467),(80,33697),(85,23551),(86,20102),(88,12008),(90,13131),(91,25654),(92,5794)]	114.193164
843	[(0,34459),(1,5375),(3,28882),(4,1451),(5,6339),(6,20636),(8,1112),(11,15159),(12,18868),(13,24967),(14,18364),(15,35181),(18,23186),(19,14297),(22,14795),(23,30564),(25,19357),(26,6978),(28,3230),(29,21433),(30,37279),(32,32535),(33,28621),(34,28953),(36,7033),(37,2635),(40,7841),(41,5815),(42,37080),(43,13315),(44,5413),(45,32972),(46,27093),(47,11681),(48,19961),(49,11312),(53,17704),(55,10190),(58,26573),(60,5379),(63,28117),(64,26404),(65,17734),(69,17928),(70,16712),(71,36707),(73,9524),(74,6945),(77,27727),(78,26287),(80,3650),(82,32613),(83,7203),(85,11436),(88,13618),(90,31942)]	127.661926
844	[(0,20815),(1,25691),(2,7720),(3,7330),(4,21428),(5,30245),(6,368),(7,12377),(10,36986),(11,5614),(14,23542),(15,36069),(17,29721),(18,29695),(21,4534),(22,27932),(23,1075),(24,34115),(25,32511),(26,15519),(27,22138),(28,20218),(29,3646),(31,3522),(34,31309),(35,11975),(36,19409),(37,11368),(38,15302),(40,31433),(41,13846),(42,34604),(43,37543),(46,8882),(49,2413),(57,13531),(58,1885),(59,28178),(60,10158),(66,30883),(67,26078),(68,34081),(69,13524),(70,32848),(71,13467),(72,17142),(73,7462),(75,18484),(76,35881),(78,4157),(79,22266),(80,22825),(81,5688),(84,24729),(85,26794),(86,28584),(90,27590),(91,4642)]	109.280964
845	[(0,30611),(1,35252),(2,28507),(5,16880),(6,30667),(10,9329),(11,32602),(12,6892),(15,35325),(16,35346),(19,21388),(20,16905),(21,1522),(26,3997),(27,10347),(28,6919),(30,25869),(32,5025),(33,6160),(36,15811),(38,21078),(39,25618),(41,2212),(45,17416),(46,24101),(47,10094),(50,14800),(51,25719),(52,29549),(56,4062),(58,19346),(59,20011),(60,34622),(62,9821),(64,22079),(65,34078),(67,16247),(68,25021),(70,8124),(71,34329),(72,34211),(74,26512),(75,36963),(76,22279),(78,23615),(80,30123),(81,17859),(82,10723),(83,730),(84,26935),(85,4360),(87,36705),(88,36321),(89,12379),(90,16251),(91,36384),(92,21046)]	118.315741
846	[(0,8095),(1,8407),(3,35500),(5,543),(6,16580),(7,17324),(12,35334),(13,2667),(16,4531),(19,18981),(21,473),(23,24287),(25,1157),(27,16074),(28,33372),(29,37335),(30,26622),(32,30542),(33,2610),(34,22677),(36,23715),(38,28811),(42,26510),(43,32088),(46,34666),(47,2127),(49,35497),(53,918),(54,1628),(57,27135),(58,30498),(59,113),(60,25977),(62,14399),(64,13774),(65,3454),(66,31336),(67,888),(68,11785),(69,2731),(73,37435),(75,1956),(76,33418),(78,15475),(79,909),(81,32458),(84,23641),(85,19706),(89,34857),(90,18019),(91,23538)]	115.936936
847	[(2,18541),(5,22202),(6,24868),(8,2652),(9,11364),(11,20467),(12,25734),(15,20210),(16,23089),(17,23335),(20,29425),(21,36123),(22,31583),(23,32951),(25,12498),(26,33579),(27,6237),(32,13818),(33,19066),(35,36217),(36,2192),(38,18636),(41,5592),(42,4801),(43,1971),(44,12917),(45,17761),(46,21550),(49,14137),(51,23236),(53,36516),(54,4653),(63,18697),(66,21741),(69,30648),(70,1225),(71,31129),(72,15450),(73,27363),(74,858),(76,10677),(77,13817),(78,13120),(79,32047),(84,34095),(85,35289),(86,17985),(88,25198),(90,31912),(91,20064),(92,15632)]	112.270812
848	[(0,29879),(2,1081),(4,10702),(5,6929),(6,20394),(7,31690),(8,25995),(9,18374),(11,5633),(12,21775),(14,15458),(15,24953),(17,20566),(18,17069),(20,33825),(24,6442),(27,10721),(28,6739),(29,19603),(30,36703),(32,14947),(36,23464),(37,13202),(38,14239),(39,1016),(40,22391),(41,26792),(42,4620),(43,24911),(45,18523),(48,26022),(51,17203),(53,9358),(56,33493),(57,29972),(61,10732),(63,15379),(64,35501),(66,16075),(67,5033),(68,7212),(69,26529),(70,26356),(74,21604),(75,22490),(78,20811),(79,24242),(82,1696),(85,25714),(86,19319),(88,15429),(89,21613),(90,5145),(91,11230)]	111.211883
849	[(0,26871),(1,16888),(2,2071),(3,20927),(4,4498),(6,30791),(7,13482),(9,31137),(11,2636),(12,13940),(13,17831),(14,24018),(17,14872),(18,36162),(20,22833),(23,22392),(24,12908),(25,11204),(27,17624),(28,33738),(31,29214),(33,2001),(34,32652),(35,16342),(36,4152),(38,35769),(39,18229),(41,2357),(42,1743),(46,36374),(47,29512),(51,19644),(54,3425),(55,21111),(56,35169),(58,11568),(59,6037),(60,30812),(63,12177),(64,2957),(65,27085),(66,31002),(67,24534),(68,9822),(69,10315),(70,25818),(71,13521),(74,14236),(75,2015),(76,36413),(77,11939),(80,13208),(81,21707),(82,32497),(85,12159),(88,14992),(89,34320),(90,19823),(92,5405)]	115.955332
850	[(1,5255),(2,18956),(4,3991),(7,14625),(8,18746),(9,16557),(10,34302),(12,4703),(13,7780),(14,13873),(17,3892),(20,11151),(26,15033),(29,19067),(30,22316),(32,32648),(33,15228),(34,35224),(36,21705),(37,14251),(39,29260),(41,16661),(42,17201),(43,14163),(44,26147),(45,11573),(46,36754),(47,22150),(48,17920),(50,17344),(53,7404),(54,9982),(55,6677),(56,32658),(57,11366),(58,23749),(66,12396),(67,32559),(68,35165),(71,9154),(74,9078),(75,23219),(76,20133),(77,2338),(80,11644),(82,25788),(85,26932),(86,26285),(88,12165),(90,22458),(91,3717),(92,14911)]	109.451202
851	[(3,25257),(4,19623),(5,18994),(7,956),(8,1854),(9,35059),(10,10254),(11,24756),(13,36358),(14,18960),(15,29738),(16,6731),(17,11880),(19,31674),(22,21374),(23,13050),(26,24292),(27,1479),(28,11759),(30,34604),(31,10783),(32,34250),(33,4245),(37,23521),(39,1747),(41,22748),(42,37596),(43,28926),(44,14881),(45,29368),(46,20568),(47,21067),(48,24811),(49,28586),(52,4125),(53,22408),(55,32739),(58,6212),(60,8429),(61,34364),(62,24709),(65,26494),(67,22848),(71,36892),(73,26199),(74,36068),(75,25264),(76,35072),(79,1519),(80,1287),(83,14379),(86,34975),(87,29956),(88,14968),(89,17091),(90,27918),(92,32033)]	109.477475
852	[(1,34761),(2,19952),(5,22064),(7,2797),(9,34191),(10,21066),(12,36359),(13,12944),(15,24571),(18,28889),(19,21271),(20,7219),(21,3590),(23,5035),(28,9598),(29,19615),(32,35657),(33,6183),(34,7358),(35,5361),(37,27116),(42,10001),(44,35311),(46,17096),(48,3002),(51,7248),(52,32145),(53,36362),(55,14248),(56,33076),(57,21088),(58,32641),(60,28916),(61,35461),(64,6473),(66,29377),(69,14707),(71,35376),(72,6431),(74,36285),(76,20129),(78,4013),(79,12106),(80,8455),(82,30984),(83,31401),(84,25640),(85,25865),(86,13430),(88,14818),(90,16460),(91,34976),(92,9153)]	133.695127
853	[(1,3717),(3,14098),(5,3149),(7,11155),(9,8002),(10,37368),(11,16770),(12,20979),(13,26753),(15,32282),(17,27309),(18,31972),(19,19568),(21,17085),(22,32115),(25,22371),(26,640),(31,26360),(32,31469),(33,23333),(34,20710),(36,1562),(37,704),(39,30769),(41,35776),(43,8519),(45,14612),(46,34295),(48,4739),(49,26836),(53,380),(54,31075),(55,27096),(61,31108),(63,17769),(66,31625),(69,12812),(71,11289),(72,31421),(75,23942),(76,2822),(77,31772),(79,35258),(80,10121),(81,7520),(82,26540),(83,10771),(84,18345),(85,31738),(88,35733),(90,2792),(91,8924)]	123.081940
854	[(1,19927),(2,37108),(4,17990),(5,36905),(7,20489),(10,19174),(14,1314),(15,18823),(16,23362),(19,7467),(22,37237),(26,16180),(27,15540),(28,24926),(29,7489),(30,6561),(32,33328),(33,26362),(34,6141),(35,32505),(36,32709),(37,37236),(38,12787),(39,19727),(40,32682),(43,35014),(44,19569),(46,4627),(47,34182),(48,18978),(49,8985),(50,12161),(53,29907),(54,35260),(55,6085),(56,22621),(57,32788),(58,8021),(60,8012),(61,1111),(63,20283),(64,30450),(67,6464),(68,34563),(69,35799),(70,24183),(72,32197),(73,23278),(76,13309),(77,28701),(78,17034),(79,16193),(80,31347),(81,6258),(82,14518),(84,29035),(85,29570),(86,36465),(88,35432),(89,18756),(90,21407),(91,11684)]	115.613665
855	[(1,16089),(3,225),(6,34989),(9,6725),(10,5538),(12,17171),(14,28014),(15,14151),(16,9806),(17,14177),(18,16750),(20,5523),(21,20992),(22,12780),(23,13782),(24,22622),(25,7320),(28,9393),(29,13482),(33,24422),(34,23916),(36,14797),(37,14424),(39,17431),(40,25663),(41,31538),(42,1917),(43,23099),(44,4996),(45,14936),(46,36172),(48,24810),(49,3064),(50,13424),(51,27908),(54,5841),(55,21847),(56,20970),(58,24950),(60,28083),(62,27330),(63,14347),(64,37535),(73,20311),(75,3090),(77,32872),(78,34123),(79,24207),(85,10349),(86,21975),(87,11441),(88,312),(89,22426),(90,23066),(91,28454)]	121.707234
856	[(2,7906),(3,5523),(4,20992),(5,11072),(6,16283),(11,36824),(14,20853),(15,3111),(20,26994),(21,300),(22,36654),(23,24166),(26,2072),(28,33709),(31,18721),(32,30305),(33,7795),(36,16451),(37,20860),(38,12391),(39,3339),(41,2750),(43,16810),(44,13012),(47,17934),(48,11650),(51,1614),(52,24694),(58,14574),(59,4872),(61,13095),(62,25610),(64,27121),(65,2056),(66,2429),(70,19848),(71,23899),(72,16638),(74,5645),(75,3132),(77,9974),(80,7043),(81,37442),(82,20127),(83,24180),(85,18301),(86,20243),(87,18780),(88,21210),(90,27695),(91,7656)]	124.632332
857	[(0,30650),(2,23146),(3,26069),(4,9652),(5,3005),(6,26083),(7,12494),(8,21657),(9,36199),(11,34288),(13,13759),(14,19592),(17,28855),(18,22859),(19,34867),(20,21053),(23,31951),(24,10540),(25,29826),(26,35672),(28,14849),(29,27996),(30,26490),(31,1079),(33,32205),(34,22462),(35,29582),(36,22296),(37,14109),(38,11023),(39,12102),(40,23054),(41,6269),(42,11640),(43,16293),(44,32486),(47,9513),(48,30300),(49,36782),(50,36389),(51,14313),(53,10228),(54,1115),(55,7134),(57,19532),(60,27525),(63,26006),(64,26299),(68,21231),(69,36422),(70,17328),(72,2231),(73,27550),(75,37355),(80,29409),(82,13765),(84,2714),(86,27402),(88,5816),(89,22870),(90,8246)]	114.122489
858	[(1,16141),(2,14623),(3,17519),(4,9026),(5,919),(9,865),(10,24445),(11,25440),(14,10959),(15,10860),(17,37380),(19,32524),(20,34714),(22,17341),(25,7240),(26,29755),(27,873),(28,17173),(29,25190),(30,3506),(32,35234),(33,24873),(34,27778),(39,33994),(41,28993),(43,28329),(44,11544),(45,21574),(46,6104),(48,26984),(49,22433),(50,14472),(51,20077),(54,35454),(56,22845),(57,12419),(60,21521),(61,14372),(63,5796),(65,33792),(67,29351),(70,1385),(72,12208),(74,19756),(79,36229),(84,4252),(88,22229),(89,35940),(90,32932)]	115.730328
859	[(2,16289),(3,3166),(4,7007),(6,4920),(8,14451),(9,33010),(10,23986),(12,37516),(13,3808),(15,12124),(19,24278),(20,12828),(22,28501),(25,37455),(26,464),(30,4707),(31,30320),(35,8676),(36,12144),(37,6135),(38,12125),(39,12794),(40,16037),(41,11624),(44,10443),(45,26397),(46,32239),(47,13991),(49,25494),(53,16731),(56,21768),(57,22275),(58,10042),(59,2998),(64,3130),(68,25604),(69,15097),(71,37167),(73,23936),(77,28397),(78,1567),(79,23489),(80,12595),(81,33132),(83,1560),(85,20796),(87,3604),(89,29645)]	113.758910
860	[(0,29203),(5,29766),(6,34754),(8,36774),(12,3778),(13,6123),(14,20301),(16,18136),(17,8680),(19,8605),(21,9964),(22,5390),(26,34936),(27,30164),(29,33987),(30,22559),(32,7338),(34,27055),(35,5474),(37,15026),(38,22550),(41,28181),(44,15550),(46,25334),(47,30303),(48,21690),(49,15454),(52,2889),(54,13974),(55,31163),(56,28286),(57,12021),(59,2305),(60,8393),(61,27739),(62,37366),(66,22184),(68,15470),(69,24368),(70,18613),(71,10785),(72,18682),(73,15824),(76,25086),(78,8440),(79,24199),(80,8019),(81,15586),(82,20522),(83,24710),(85,26162),(88,7237),(89,31144),(90,1513),(91,9646)]	139.681738
861	[(1,12014),(4,3751),(5,13720),(7,7107),(10,23659),(11,34381),(14,31580),(16,10158),(17,24047),(18,30486),(19,23680),(22,1681),(23,15273),(25,32688),(26,6505),(27,30010),(29,24436),(30,6370),(32,31379),(37,5282),(38,19222),(43,8605),(47,30086),(50,16570),(51,8635),(52,3369),(53,24489),(56,22250),(57,24645),(59,27063),(64,13311),(65,20469),(67,7188),(70,6134),(71,16362),(74,29766),(75,34648),(76,29621),(77,19978),(79,34898),(80,30849),(83,26929),(84,32678),(86,16077),(87,23035),(88,7792),(91,19197)]	119.823408
862	[(3,16187),(6,15405),(7,5301),(8,24776),(13,34922),(14,16921),(16,1106),(17,29815),(19,23051),(20,1380),(21,37479),(24,20257),(27,24328),(28,24836),(30,16359),(31,14475),(33,11617),(34,33602),(35,25392),(36,26747),(39,18050),(40,37566),(42,27150),(43,1122),(45,16868),(46,21548),(48,13103),(49,26707),(50,11627),(52,30542),(53,2610),(54,22977),(56,32330),(58,14779),(60,12733),(62,27660),(63,12191),(64,15766),(66,35583),(67,6809),(69,26437),(71,22558),(72,20339),(73,34636),(76,32458),(77,13743),(78,7635),(79,22207),(81,14282),(82,33677),(83,580),(90,7495),(91,24726)]	117.080499
863	[(2,30649),(3,32221),(7,30074),(9,34913),(10,29172),(11,3659),(12,21087),(13,24516),(14,28886),(17,18001),(18,24594),(19,20413),(20,3301),(22,22482),(25,2292),(27,6747),(30,14323),(31,26970),(33,6178),(34,15135),(41,5169),(46,23759),(47,1471),(48,16390),(49,12860),(51,17414),(52,29869),(53,18534),(55,6810),(57,3462),(58,10607),(60,1576),(61,28590),(63,8018),(68,36471),(70,138),(71,30713),(72,20975),(74,18654),(75,35341),(76,32023),(79,21661),(81,19246),(82,32239),(83,16615),(86,35948),(90,19270),(91,1460)]	113.474980
864	[(2,19223),(3,20029),(4,35995),(6,31641),(7,15319),(8,12475),(10,10822),(12,26692),(14,4344),(18,8089),(19,17215),(20,37095),(23,4536),(27,12278),(28,12413),(29,2914),(31,19570),(32,13847),(39,31215),(43,989),(44,35842),(47,15265),(50,5403),(51,962),(52,13609),(54,31230),(55,11734),(56,11189),(57,30185),(59,1287),(61,18173),(64,2508),(65,16355),(66,6354),(69,28185),(70,3855),(71,6313),(72,13762),(73,30037),(76,19596),(79,8428),(81,30565),(82,19885),(83,31744),(84,36437),(91,36216)]	117.249019
865	[(0,8402),(1,19342),(2,26860),(3,13247),(4,17516),(6,31461),(8,7748),(9,28396),(10,32153),(12,31134),(14,30142),(21,15014),(22,20524),(23,29502),(24,3200),(25,20614),(26,542),(27,25513),(29,7508),(33,28618),(38,19458),(39,17104),(40,32818),(42,25300),(44,11964),(46,3894),(49,33348),(52,5449),(56,13808),(57,20604),(59,5487),(61,25755),(63,14827),(64,18993),(65,37317),(72,28473),(73,11081),(74,10656),(75,12125),(77,12345),(83,31),(84,20371),(86,3117),(87,18157),(90,8485)]	112.625826
866	[(0,33040),(1,16674),(2,13671),(4,23662),(5,12934),(6,18699),(7,21045),(8,20675),(10,14885),(11,27357),(14,919),(16,4969),(17,21391),(19,29345),(23,35384),(25,12174),(27,7067),(28,17471),(32,6455),(36,28408),(38,25769),(42,25937),(43,29509),(44,10602),(46,36317),(48,8448),(50,33625),(51,28993),(54,22826),(56,5632),(57,2059),(59,1608),(60,1160),(61,15607),(62,964),(63,16603),(64,37445),(68,17749),(69,21028),(72,16226),(73,36467),(76,37157),(78,21881),(80,2283),(82,33196),(83,17032),(85,9722),(86,20803),(87,5449),(90,6653),(91,2480),(92,6611)]	117.778035
867	[(1,2807),(2,23264),(4,1797),(6,7839),(7,8801),(10,17144),(11,35683),(16,18524),(17,36518),(18,27714),(19,25491),(20,23763),(21,23686),(22,28204),(24,34327),(27,33167),(28,7036),(30,8730),(31,10120),(32,30627),(33,11560),(36,32567),(37,4516),(38,8950),(39,15799),(40,1612),(41,11312),(43,4645),(44,7180),(47,34072),(50,10916),(54,33129),(56,15253),(57,10435),(58,13990),(60,17465),(61,28837),(64,18491),(66,22761),(67,29029),(68,18421),(70,36736),(71,24073),(73,26347),(76,3075),(77,37044),(78,14520),(79,11853),(80,2527),(82,23446),(83,8280),(84,28919),(85,16758),(87,1915),(88,27485),(89,13734)]	121.763137
868	[(0,14405),(3,2404),(6,22204),(7,9619),(9,4847),(13,11180),(15,8389),(18,18697),(20,27507),(22,9582),(27,20884),(29,11990),(31,414),(32,28261),(33,34829),(34,31888),(36,9361),(37,29158),(38,36291),(40,11536),(41,20951),(42,25371),(43,13146),(45,13658),(47,28083),(50,17126),(52,36371),(53,9780),(57,22867),(58,13169),(60,29467),(62,22253),(63,7550),(64,8489),(66,20669),(67,20850),(69,11200),(72,11051),(76,8309),(77,28639),(78,9466),(79,11895),(81,19619),(83,19448),(85,26583),(88,17965),(90,14668),(91,882)]	121.114450
869	[(1,23412),(2,8435),(3,35003),(4,22197),(5,27701),(7,11212),(8,9209),(10,31352),(15,29627),(18,7250),(25,24299),(26,35532),(27,30943),(29,32406),(31,7996),(33,15227),(36,37182),(37,32885),(38,29613),(39,2879),(42,9283),(43,33864),(45,17433),(46,3882),(47,22931),(48,8321),(49,9564),(50,29571),(51,20001),(53,25709),(55,21566),(57,3112),(58,36104),(61,11655),(66,32241),(67,36514),(69,10723),(71,16123),(72,26853),(73,1124),(74,15352),(75,23647),(79,22955),(80,33908),(82,2233),(83,27517),(84,36630),(85,36167),(86,30889),(88,26932),(90,4913),(92,12679)]	133.813278
870	[(0,34616),(1,7353),(2,2956),(4,2491),(5,31450),(6,30770),(9,27163),(11,218),(13,7013),(20,36110),(21,24812),(24,24337),(25,36776),(26,20983),(27,25828),(29,14574),(30,20017),(34,7439),(35,16716),(36,5579),(37,15769),(38,16438),(40,11508),(41,11726),(43,29671),(47,12197),(51,4098),(53,4593),(55,952),(57,16458),(59,7117),(62,16881),(63,1268),(64,22971),(65,25987),(67,2527),(68,27537),(70,37472),(71,20485),(72,32558),(73,2535),(74,22861),(77,19087),(78,1298),(80,20396),(81,16171),(84,10322),(85,14430),(86,17604),(87,9525),(88,11081),(89,10656),(92,27681)]	122.516415
871	[(1,10925),(2,31837),(3,28273),(6,1787),(10,26132),(11,22944),(12,25866),(15,33353),(17,15041),(18,28922),(20,36362),(21,8319),(22,32631),(23,30052),(24,9809),(26,25900),(27,8198),(29,21228),(30,6345),(32,6608),(34,24863),(35,13736),(39,7402),(43,7428),(44,36817),(45,15135),(46,12543),(47,21591),(50,7491),(51,27299),(54,15332),(55,28381),(56,16210),(57,18437),(58,3398),(62,20348),(64,36539),(66,23830),(67,8706),(68,16314),(69,36780),(72,4707),(73,27617),(74,10706),(75,16583),(76,11286),(80,646),(81,31860),(82,27605),(83,2353),(84,21902),(86,5493),(87,36159),(88,15794),(89,3556),(91,3977),(92,20709)]	111.648431
872	[(2,17094),(3,6572),(4,9974),(6,1237),(7,36996),(8,3082),(9,6615),(10,29756),(12,23372),(13,16331),(14,12585),(16,34444),(17,1654),(18,17422),(19,22877),(21,16665),(22,12472),(23,35917),(26,19224),(27,15068),(28,37311),(32,14608),(33,33028),(34,29173),(35,32227),(36,32938),(37,31154),(38,24082),(39,16637),(40,21443),(41,33584),(44,4202),(47,30496),(48,18460),(49,26271),(50,14545),(51,10632),(52,25825),(53,16887),(54,18551),(56,9574),(58,6368),(61,12404),(63,9893),(64,30892),(65,718),(70,15672),(71,27721),(76,3149),(80,683),(81,6010),(84,28877),(85,12535),(86,6873),(87,5636),(88,19295),(89,7493),(91,12691),(92,197)]	116.217404
873	[(2,3622),(3,29232),(5,18),(6,22034),(8,16843),(9,19217),(10,22202),(11,24868),(12,32960),(14,30263),(17,8466),(19,23858),(20,18935),(21,11875),(22,22340),(24,36541),(25,35043),(26,14847),(27,16964),(28,33916),(29,3029),(31,20892),(32,3011),(33,36953),(34,28851),(35,27887),(36,22311),(39,12829),(41,4495),(42,28084),(43,8718),(44,4141),(46,4387),(47,7322),(48,21629),(49,17400),(51,26617),(53,17791),(54,37215),(56,37165),(57,18616),(58,19352),(59,22725),(61,30871),(62,21157),(63,20797),(64,5605),(66,30874),(69,9012),(70,16933),(72,8437),(74,31712),(75,27244),(76,3222),(77,1175),(81,36808),(82,3376),(83,3294),(84,12134),(85,28384),(86,36748),(87,1743),(90,5346),(91,30698),(92,18512)]	113.742938
874	[(0,26698),(1,7386),(2,5022),(3,14891),(4,24068),(10,19094),(11,1602),(13,30995),(14,14663),(16,26004),(17,31424),(18,30725),(22,17593),(24,21978),(28,2780),(29,11610),(35,17436),(36,28363),(38,18271),(39,22864),(42,14630),(44,36471),(45,24935),(46,19252),(49,11120),(52,37109),(54,19887),(55,30205),(57,22800),(58,28153),(62,34686),(63,23004),(64,36162),(65,28475),(67,24819),(68,17355),(69,17737),(70,17329),(71,21053),(72,33324),(74,37355),(77,34921),(79,27633),(81,13046),(83,34740),(84,25153),(85,28433),(86,19586),(87,20609),(88,20668),(89,26974),(90,31753),(91,8888),(92,25798)]	110.864468
875	[(0,1995),(4,26155),(6,34729),(10,26299),(11,12368),(12,1337),(13,2861),(14,30777),(15,35067),(16,5252),(18,11414),(20,18010),(21,2199),(23,17049),(25,8252),(26,25409),(28,25937),(29,29509),(31,8051),(32,31853),(33,25186),(35,19974),(36,14994),(38,4040),(42,4152),(43,3174),(44,3633),(48,19487),(50,7459),(51,7185),(52,6385),(58,26132),(59,22944),(60,8874),(61,2251),(62,5750),(63,382),(64,20094),(65,2341),(66,34319),(67,34540),(68,17574),(69,11436),(71,29329),(72,3545),(73,13945),(74,27856),(75,13403),(77,33050),(79,17150),(81,22462),(82,3856),(84,20097),(85,33044),(86,2974),(88,14128),(90,12159),(92,23378)]	115.208687
876	[(0,17689),(1,13746),(5,604),(8,5655),(9,313),(11,16330),(12,27666),(13,3443),(14,36378),(15,32028),(16,24195),(19,5472),(20,28540),(21,6768),(23,14214),(24,8081),(25,14175),(29,25996),(30,11529),(33,30867),(36,5068),(37,25339),(38,26295),(39,20992),(40,12780),(41,13782),(42,6394),(43,2996),(44,12267),(46,17296),(48,13618),(52,4580),(53,20552),(54,24716),(55,27658),(59,35856),(60,1011),(61,21959),(62,6445),(63,8332),(66,13922),(68,28659),(70,3144),(72,26507),(73,34936),(74,30596),(76,19435),(78,10759),(79,34137),(80,18446),(81,4385),(82,19136),(83,10985),(86,28600),(89,26641),(90,19294)]	109.819931
877	[(0,30732),(5,3144),(7,13187),(8,8253),(9,35757),(10,36100),(12,12145),(13,23701),(15,36624),(18,29087),(20,32030),(21,35226),(24,3967),(26,11270),(27,31487),(28,4616),(30,33976),(31,34097),(33,6680),(34,29705),(35,32805),(39,17729),(41,6026),(42,33191),(45,29880),(46,24623),(47,10140),(50,915),(52,20721),(53,3261),(55,29469),(57,12500),(58,6239),(61,23316),(62,20382),(64,27764),(66,15159),(69,35320),(71,6728),(73,10341),(75,993),(76,4549),(77,1069),(78,10986),(80,34128),(81,22130),(83,1321),(84,15718),(85,35140),(86,21469),(88,34481),(89,32963),(90,24394),(92,8889)]	110.489858
878	[(3,34306),(5,34254),(9,17775),(13,13432),(14,28586),(17,16699),(18,33296),(24,16362),(26,32100),(27,32385),(28,20898),(29,20511),(32,17733),(34,17505),(35,25265),(36,29547),(39,26494),(40,5653),(41,29543),(43,4013),(44,12106),(46,3413),(47,27700),(48,7333),(49,28058),(50,16101),(52,6049),(55,26921),(57,36720),(58,6133),(60,19078),(65,24456),(66,29962),(67,28819),(69,36092),(73,17810),(74,5558),(75,14625),(77,23601),(78,8752),(82,24329),(85,9398),(86,9212),(90,25737),(91,21907)]	135.960802
879	[(1,29256),(3,10356),(4,3557),(5,2099),(13,31383),(14,30993),(15,7652),(17,28122),(18,21797),(19,21130),(21,36722),(22,13298),(25,32206),(26,35691),(31,1882),(32,17680),(33,13396),(34,27310),(35,14919),(36,12822),(38,19080),(39,30685),(44,28234),(45,23431),(46,21466),(47,28187),(48,8421),(51,4626),(52,26099),(56,4095),(57,32972),(58,27093),(59,2647),(60,21376),(61,21005),(62,29506),(63,32335),(65,715),(66,34100),(67,12271),(70,27812),(71,26749),(75,35576),(77,26759),(78,4817),(79,15416),(80,15456),(81,19207),(82,932),(83,28151),(86,25935),(87,24926),(88,26968),(90,7707),(91,9042),(92,24281)]	118.434057
880	[(1,5094),(6,16986),(7,2400),(8,16803),(9,4373),(10,29675),(11,25980),(12,32315),(13,4193),(14,33917),(16,6153),(18,22709),(19,13997),(20,29304),(23,460),(24,27130),(25,4602),(27,27307),(28,30069),(29,21954),(31,33303),(35,13218),(37,26821),(39,35719),(40,13291),(41,9034),(42,25391),(43,11445),(44,13930),(45,3228),(46,35698),(47,23669),(48,27256),(52,19591),(53,31422),(55,4699),(56,34685),(57,18095),(58,2320),(60,1374),(66,26788),(68,34866),(69,8035),(70,24843),(72,26970),(74,11951),(78,29465),(80,17862),(81,6341),(83,25018),(87,17428),(89,36087)]	120.338367
881	[(1,8916),(2,17445),(3,34706),(6,16942),(7,27791),(13,6609),(16,11529),(20,20993),(21,33439),(24,31634),(25,35827),(27,26534),(29,19966),(30,34870),(32,32843),(33,17853),(36,28313),(37,34668),(38,9359),(40,25944),(41,29885),(42,9200),(43,28163),(44,2492),(47,30286),(48,6696),(50,10018),(53,33943),(55,5916),(56,24789),(57,6611),(59,15385),(60,19907),(61,10549),(62,33956),(64,19798),(65,36842),(66,12370),(67,35219),(70,6430),(71,18942),(72,28291),(74,3833),(75,34811),(76,17645),(77,13529),(81,6377),(85,4240),(86,4335),(87,22960),(91,8615),(92,34471)]	114.304937
882	[(0,15906),(1,29169),(8,28545),(10,25675),(11,6825),(12,31506),(13,7809),(17,28244),(18,28241),(19,22377),(20,31669),(21,12809),(22,23451),(26,8878),(29,27845),(30,31213),(34,31122),(35,29615),(36,29833),(37,18756),(38,21407),(39,11684),(41,20046),(42,34541),(44,14164),(46,7581),(48,25403),(50,14211),(52,21373),(53,13865),(54,30166),(55,834),(58,24281),(61,16017),(66,19563),(67,23694),(68,20447),(70,508),(71,30732),(74,4845),(75,32378),(76,30345),(77,30355),(78,10643),(79,4031),(80,2765),(81,33297),(84,32663),(85,8767),(86,21009),(88,2060),(89,29796),(91,28258),(92,6169)]	114.310230
883	[(0,2352),(2,296),(4,30869),(5,22488),(7,16494),(8,22342),(11,4552),(12,19442),(13,17905),(14,4219),(15,4514),(16,37218),(17,16310),(18,24779),(19,1950),(20,30642),(21,28642),(23,20424),(24,33064),(27,31609),(28,23002),(30,28574),(32,33295),(33,28509),(35,17085),(36,27582),(37,1610),(38,1600),(39,27465),(41,13473),(42,30513),(44,32405),(45,34593),(46,21361),(47,35850),(48,28857),(49,36757),(50,901),(51,34650),(52,8789),(53,8999),(54,10316),(55,5117),(56,31352),(58,14646),(60,18319),(62,34491),(63,10407),(64,25026),(65,30260),(66,36902),(67,301),(70,16180),(71,15540),(72,5592),(73,7622),(74,6698),(79,22992),(82,32088),(83,11123),(87,24334),(88,11589),(89,12612),(90,35880),(91,10573),(92,9379)]	124.491940
884	[(0,18237),(1,30884),(2,7247),(4,340),(6,9928),(7,14407),(8,33600),(9,12704),(11,26230),(12,33973),(13,25402),(14,25888),(15,26427),(16,37176),(17,34280),(18,13058),(19,427),(22,22051),(33,15781),(35,20833),(36,16107),(38,1930),(39,32229),(41,15874),(43,11696),(46,23659),(48,10086),(49,35783),(51,30708),(52,15245),(53,15349),(54,16071),(56,23213),(57,17360),(59,3044),(60,8981),(62,16875),(64,11827),(65,17055),(66,3704),(67,19302),(68,9916),(69,8560),(70,10012),(72,35037),(74,36746),(75,37347),(77,11922),(79,24423),(80,31282),(81,29914),(83,6612),(84,36682),(85,29547),(91,34294),(92,28244)]	111.178592
885	[(0,4835),(2,32177),(4,21521),(7,30541),(8,11581),(9,16407),(10,33589),(11,26423),(12,18158),(13,24505),(14,25367),(15,6258),(16,35489),(19,4598),(21,8518),(22,16986),(23,2400),(24,1090),(26,34622),(28,33600),(29,12704),(31,32715),(32,35546),(33,18077),(34,36871),(35,24502),(37,11636),(39,35184),(40,2723),(41,17280),(45,2863),(47,20041),(48,16875),(50,15918),(51,33026),(52,16847),(54,17201),(55,35848),(56,32578),(58,3375),(61,26839),(62,5168),(63,4186),(64,10369),(67,22372),(68,22328),(70,13924),(71,13312),(74,27033),(75,34821),(76,19487),(79,17446),(81,30152),(83,15021),(84,34632),(86,30781),(87,3914),(89,26780),(90,2240),(92,20842)]	109.260670
886	[(4,29296),(7,27224),(9,15198),(10,29692),(12,23845),(13,16480),(15,24765),(16,35524),(23,22321),(24,17247),(26,6408),(27,36926),(29,37403),(31,22616),(32,18292),(36,33514),(38,10359),(41,5749),(43,34007),(44,11868),(51,7472),(52,33090),(53,11083),(54,2918),(55,10711),(59,2862),(60,23145),(61,9459),(64,5705),(65,784),(67,3187),(68,18806),(71,27717),(74,20215),(75,23489),(76,26184),(78,27024),(81,31518),(82,34930),(85,36952),(86,26384),(91,29817)]	104.372155
887	[(0,10838),(3,23749),(5,3924),(7,13208),(11,24803),(14,5706),(15,26340),(16,23300),(18,35667),(19,37520),(20,1240),(21,36500),(22,29109),(24,35663),(26,16985),(27,28392),(28,9618),(29,15170),(30,26416),(31,33654),(32,17137),(33,9450),(36,9543),(37,21908),(40,6188),(41,11550),(42,9352),(43,36067),(45,20335),(46,4333),(49,301),(51,17287),(55,1024),(59,27957),(61,2655),(63,21914),(64,36775),(66,29191),(67,33851),(72,11899),(73,19516),(75,17212),(76,30288),(77,13869),(78,16071),(79,32283),(80,29746),(81,11172),(84,15952),(87,20881),(89,3167),(90,26343),(91,14396)]	141.397552
888	[(0,9303),(4,1187),(6,37488),(7,12183),(9,28781),(12,7482),(13,19051),(16,2404),(17,31994),(18,29774),(21,15612),(22,26637),(23,2703),(24,12647),(26,24275),(27,25271),(28,23730),(31,556),(32,27323),(33,11663),(34,10834),(35,34253),(36,16365),(37,20433),(39,19189),(40,8773),(41,17210),(43,2495),(44,17426),(45,6951),(46,25424),(47,10062),(48,33462),(49,2838),(54,19505),(55,13098),(56,9748),(58,13423),(64,33873),(67,34636),(68,16508),(69,26585),(70,8601),(77,13871),(78,28536),(80,21743),(81,22592),(83,34206),(84,1328),(85,30093),(87,21122),(88,33181),(89,12816),(90,17360),(91,22947)]	108.603348
889	[(1,18753),(2,20134),(5,37496),(7,5825),(9,26239),(10,7705),(11,25059),(13,22536),(14,24657),(15,4999),(16,36397),(21,5447),(22,18429),(23,10478),(25,14725),(29,14034),(31,30363),(32,8776),(33,22910),(35,2641),(38,34816),(39,12932),(40,7782),(41,31979),(42,28440),(43,18184),(44,13939),(45,32954),(47,32835),(48,26019),(49,19026),(50,1447),(51,30076),(52,13402),(53,18764),(55,23869),(58,32806),(59,4838),(60,8369),(61,34931),(62,12946),(63,9936),(64,17861),(65,28429),(66,25584),(67,29278),(77,24898),(78,2484),(80,33134),(81,31225),(84,33376),(86,34861),(87,10820),(89,1563),(91,20395)]	111.207586
890	[(0,29292),(1,4879),(2,35589),(4,2417),(5,31547),(6,9464),(7,33488),(9,12962),(11,23007),(12,16314),(13,11044),(14,1868),(15,32426),(17,17188),(19,10864),(21,26177),(23,22448),(25,3974),(26,2991),(27,34219),(28,25931),(31,22682),(32,34633),(35,10683),(36,19525),(37,1095),(38,28790),(40,3627),(42,13931),(43,24981),(44,25373),(48,6320),(49,12117),(50,18751),(51,20154),(54,11696),(57,8053),(58,35195),(60,26897),(61,12776),(64,28388),(65,17282),(66,20615),(67,21843),(68,7989),(69,895),(72,12759),(75,21298),(76,36414),(81,1320),(83,609),(84,4200),(86,24814),(87,15378),(88,35412),(90,35226)]	109.059375
891	[(2,17287),(3,22619),(4,11271),(5,36832),(7,34669),(8,9345),(9,5624),(10,9350),(11,37193),(13,21035),(14,33128),(15,22719),(16,37039),(18,29007),(19,2526),(22,34738),(27,13116),(28,20617),(30,20816),(31,27481),(32,1449),(34,15620),(36,25097),(38,36174),(39,30678),(40,15128),(41,14198),(42,11981),(44,150),(47,26513),(48,35950),(49,35821),(50,2287),(51,17118),(52,35468),(53,35108),(54,19055),(56,18808),(58,18108),(59,15619),(60,1475),(61,33907),(62,9050),(64,31610),(67,5208),(69,12733),(70,7196),(71,37491),(73,15257),(74,35828),(76,11412),(78,36684),(80,35126),(81,36678),(82,8847),(84,28119),(85,19511),(88,25512),(90,29358),(92,3764)]	233.059084
892	[(5,2244),(7,27524),(8,36041),(9,8757),(10,25488),(13,37582),(17,813),(18,13260),(20,35562),(24,27144),(26,29160),(27,33796),(28,19630),(30,9269),(32,25948),(34,7074),(36,7686),(39,25788),(45,16328),(46,17753),(47,26885),(48,449),(50,14435),(52,3294),(53,33450),(55,17124),(56,27991),(57,21814),(58,19770),(59,17209),(60,986),(61,32702),(63,21577),(65,19015),(66,12761),(68,8034),(70,31935),(71,9642),(72,35141),(75,36212),(79,12121),(84,36687),(85,26435),(88,6995),(89,1423),(90,35947)]	239.716960
893	[(2,21103),(5,3294),(6,1751),(7,5911),(8,24405),(9,10409),(14,11270),(15,11232),(21,31632),(22,6358),(23,3148),(24,6621),(25,8068),(28,31683),(31,3133),(32,21313),(33,2194),(34,24498),(36,12823),(37,16239),(38,18329),(40,12403),(41,21243),(42,16716),(43,30706),(44,1002),(45,29485),(46,6721),(47,30416),(49,18346),(51,6179),(53,7531),(55,23620),(56,808),(57,2409),(58,21056),(59,16189),(61,18560),(62,11195),(63,33418),(64,10604),(66,15876),(68,2342),(72,14666),(74,35992),(76,11411),(77,18499),(79,28922),(80,34433),(81,16402),(82,15317),(83,10337),(84,37524),(87,27064),(88,22512),(91,9694),(92,33944)]	253.224118
894	[(0,21621),(1,33091),(2,18196),(3,25304),(4,6485),(6,8142),(7,21701),(8,26177),(9,15418),(11,28240),(14,9742),(15,3808),(16,9935),(19,19496),(21,8142),(23,28346),(24,31704),(25,18386),(26,1811),(27,5372),(28,7139),(29,6670),(30,30047),(32,36173),(33,21429),(34,7089),(35,9760),(36,19814),(39,11365),(42,20149),(43,4073),(44,37201),(46,11701),(48,32072),(49,13655),(53,3608),(54,27726),(55,19958),(56,29415),(57,5173),(58,8694),(59,32451),(63,32337),(65,11339),(67,36029),(68,35915),(70,23147),(71,11851),(72,32399),(73,26247),(76,262),(77,11389),(79,30342),(80,3865),(82,32104),(83,1541),(85,32052),(86,13019),(89,11927),(90,28189),(91,16793)]	246.357910
895	[(0,3004),(3,1258),(4,16273),(7,7785),(10,25843),(11,28691),(17,18747),(22,24751),(23,14299),(24,15999),(25,25758),(26,21448),(27,7252),(29,24889),(31,23485),(33,2057),(34,36031),(35,11966),(36,14935),(38,8830),(40,30040),(41,3367),(43,36677),(44,27401),(45,16137),(48,187),(52,37583),(53,30303),(54,23503),(56,12352),(58,35109),(59,16425),(61,15135),(62,8905),(64,15883),(68,29721),(70,35710),(71,5030),(73,27702),(74,14634),(75,8813),(77,6186),(78,35055),(81,15359),(82,21417),(83,13712),(85,28965),(86,18936),(88,10724),(89,4143)]	248.394826
896	[(1,35400),(2,1970),(3,25176),(6,13397),(7,8616),(8,8471),(9,23951),(10,3954),(11,13594),(15,24544),(16,2506),(19,29641),(20,6432),(21,3973),(23,22299),(25,977),(29,15010),(31,30302),(32,36262),(34,15271),(36,12886),(39,32211),(41,10756),(42,34982),(44,19255),(46,17333),(47,34236),(49,10762),(50,2236),(52,35845),(54,33247),(55,8961),(57,5723),(58,7479),(59,32637),(60,21320),(61,12597),(62,34373),(64,6570),(65,27235),(66,35690),(68,24779),(69,35418),(71,24692),(73,18758),(74,12961),(76,12663),(77,13263),(78,11628),(80,28842),(82,25475),(83,15086),(84,9695),(85,7300),(86,15206),(87,6679),(88,176),(90,30953),(91,28167),(92,10144)]	255.374974
897	[(0,6241),(2,32540),(4,19022),(6,31522),(8,23493),(10,21042),(15,22562),(18,2605),(19,33274),(20,161),(21,32976),(23,9484),(25,28562),(26,29964),(29,19939),(30,34756),(31,29836),(32,18689),(35,17390),(38,1268),(40,7462),(44,27892),(45,29121),(48,34398),(49,25788),(51,12800),(52,3018),(53,23632),(55,8416),(56,290),(58,16089),(60,24365),(61,9907),(62,3013),(68,18485),(69,14768),(70,6992),(71,2343),(72,7772),(74,17172),(75,25485),(77,12820),(78,953),(79,31611),(80,33007),(81,10183),(82,7891),(84,37517),(85,22320),(89,36706),(91,4476)]	269.573867
898	[(1,15414),(4,21534),(6,31458),(8,5251),(10,7520),(11,26540),(12,34027),(14,17883),(17,34153),(18,834),(21,3226),(24,29843),(25,21063),(27,24738),(28,29664),(30,35034),(31,23363),(32,1165),(33,1478),(37,35870),(38,22856),(43,25764),(44,26367),(47,36505),(48,26916),(50,33052),(52,30980),(53,13916),(55,31218),(56,9917),(59,13203),(61,24192),(62,15969),(63,33037),(64,145),(65,33679),(66,31920),(67,32456),(69,36891),(71,27115),(75,19620),(80,22565),(82,16215),(84,3619),(86,33874),(87,8278),(88,27673),(91,5370)]	232.986336
899	[(1,30560),(2,1370),(3,31870),(6,11792),(7,33862),(8,31243),(9,6891),(11,13261),(12,19887),(13,30205),(15,18044),(17,12438),(21,25438),(22,2264),(23,32893),(25,13012),(28,24538),(29,942),(32,29057),(35,17695),(37,14330),(38,28006),(40,4619),(41,14746),(43,35918),(44,4474),(46,33210),(47,24529),(49,3740),(56,13745),(57,23203),(58,19807),(59,29603),(61,13335),(62,751),(66,34732),(67,14794),(68,24848),(69,21564),(70,23571),(74,21385),(77,35089),(78,23839),(79,20746),(80,18783),(81,26531),(83,8007),(84,17658),(86,31626),(88,28243),(89,21046),(92,17213)]	245.459197
900	[(0,6973),(1,37303),(2,1069),(3,27855),(4,34453),(5,34852),(7,18163),(9,33942),(10,22062),(13,1481),(14,7220),(15,11054),(16,34961),(20,2642),(21,20712),(22,35573),(23,132),(24,19693),(25,21897),(31,15339),(32,29297),(34,25974),(36,24304),(37,3012),(39,8910),(42,4595),(43,9699),(46,26526),(48,15339),(51,31076),(52,21061),(53,8610),(58,11448),(59,17106),(60,17984),(61,849),(64,15337),(65,31482),(67,29406),(70,18669),(73,20810),(74,21547),(76,33200),(78,31379),(80,12154),(82,3149),(84,11155),(86,8002),(87,37368),(88,16770),(89,20979),(90,26753),(91,20557)]	243.148969
901	[(0,29503),(1,18509),(2,9107),(3,20766),(4,19581),(5,29498),(6,16668),(7,9026),(8,16787),(9,21295),(11,6757),(13,24508),(18,27858),(19,35028),(21,13144),(23,36843),(24,6807),(25,8993),(29,2161),(31,4914),(32,20251),(33,29356),(36,512),(41,34500),(42,7384),(48,13033),(49,19227),(50,25125),(51,25334),(52,17359),(53,15613),(54,36479),(57,9308),(58,25795),(59,5505),(61,7324),(64,24899),(67,16387),(71,11158),(73,36182),(75,23506),(76,2498),(77,21528),(78,25289),(79,36189),(81,20257),(85,615),(87,32360),(88,13005),(91,13635)]	230.462252
902	[(2,3936),(5,2696),(6,31198),(7,1622),(8,33448),(10,20457),(13,36835),(16,11594),(17,16395),(18,30794),(19,4451),(20,3341),(24,21863),(25,8072),(26,32041),(28,37441),(29,28307),(30,29977),(32,25596),(33,15334),(35,27744),(36,35328),(37,14511),(38,23518),(40,36102),(41,33411),(42,36096),(44,18405),(45,2910),(49,9793),(50,28486),(52,28984),(54,9366),(55,25616),(56,3274),(58,2458),(59,14469),(60,31507),(61,28691),(63,8793),(64,25107),(65,23083),(69,7105),(71,21700),(72,6985),(73,8926),(74,7988),(75,7347),(76,24873),(77,16493),(78,31022),(82,17078),(83,16776),(84,18261),(87,4718),(88,36658),(89,4743)]	259.916399
903	[(0,10317),(1,25209),(3,3674),(5,9012),(12,2389),(14,16969),(15,351),(18,14056),(19,10984),(21,6321),(22,25292),(23,3878),(24,33305),(25,5146),(28,4954),(29,25749),(32,5866),(34,26147),(37,35436),(40,33292),(41,10702),(44,17423),(46,28463),(47,16660),(48,21418),(49,16329),(50,37067),(52,36383),(55,29150),(58,19787),(59,19916),(61,23288),(62,10629),(65,22753),(67,8649),(70,15790),(71,7206),(73,33832),(74,26223),(80,15914),(81,29056),(82,15118),(83,1842),(85,15912),(86,1824),(90,33701),(91,4067),(92,4841)]	241.207315
904	[(1,17692),(2,10046),(4,33083),(5,2670),(7,12697),(8,17946),(10,10754),(11,15063),(12,28570),(13,31342),(18,24016),(19,28998),(20,22450),(23,4170),(25,18496),(26,32029),(27,19054),(30,28669),(32,25210),(34,24002),(36,6271),(37,35014),(38,19569),(39,7564),(42,17252),(44,25979),(47,7262),(48,23489),(49,7571),(51,2645),(52,31768),(53,10994),(54,3572),(55,27811),(57,14183),(58,6171),(60,18440),(62,16386),(64,17657),(65,28792),(67,15493),(68,1291),(70,34316),(71,366),(74,14322),(77,11629),(78,25813),(79,2436),(80,24303),(81,22496),(82,23851),(83,30905),(84,32513),(86,30311),(87,25679),(88,2174),(89,31989),(92,35683)]	237.381845
905	[(2,33494),(3,1149),(6,11647),(7,4788),(8,7491),(9,27299),(11,1069),(12,10986),(14,26129),(15,22549),(16,7260),(19,18376),(20,23187),(22,30594),(23,20941),(24,35773),(25,23744),(26,28977),(27,32350),(29,8559),(32,4200),(33,20972),(34,19220),(35,30891),(37,22658),(38,25340),(39,15055),(40,5577),(41,35698),(42,7810),(43,18628),(44,3478),(45,25859),(48,21168),(50,10321),(51,31275),(52,75),(53,14167),(54,5714),(56,17770),(57,33055),(58,29221),(59,7308),(62,18254),(63,8417),(64,22581),(66,18378),(69,1534),(70,18153),(73,32820),(74,6657),(75,26559),(77,1075),(81,8004),(82,15934),(83,16516),(84,10569),(85,25736),(88,16020),(90,20086),(92,36447)]	212.695089
906	[(3,27262),(4,25352),(5,25536),(6,24872),(7,6911),(8,19319),(9,11174),(10,17474),(11,21275),(12,2322),(14,35180),(15,19020),(17,26767),(20,35667),(21,35265),(22,15804),(23,14042),(27,17517),(28,7076),(30,6568),(31,36930),(32,29544),(34,18792),(36,14123),(39,17816),(41,8755),(43,16180),(44,15540),(45,5592),(46,2514),(47,10590),(48,1432),(49,14440),(50,1894),(51,19259),(52,23392),(54,24533),(56,8651),(57,26518),(58,22286),(59,4777),(61,2197),(62,14592),(64,33213),(65,25582),(66,23045),(67,15829),(68,21310),(70,1776),(72,37423),(75,35247),(76,13410),(77,10935),(79,2137),(81,19027),(82,10575),(87,18885),(89,5466),(91,16251)]	110.894958
907	[(2,7142),(4,9074),(6,5022),(7,14891),(10,35687),(12,3095),(13,20130),(15,16799),(17,6470),(19,15555),(22,15339),(23,29297),(24,18279),(25,29712),(26,24252),(31,35552),(32,24293),(33,4397),(34,29005),(35,3286),(36,31153),(37,26254),(38,35446),(40,191),(42,6829),(43,28542),(44,21746),(46,7139),(47,34797),(48,203),(49,28442),(51,7965),(52,11075),(53,6334),(54,24249),(55,12636),(61,12733),(63,27660),(64,12191),(65,693),(66,5799),(67,12994),(68,21066),(70,6267),(72,25005),(73,37439),(74,6500),(76,15392),(78,26847),(79,17460),(80,33594),(82,28619),(86,12162),(87,27725),(88,8644),(89,33519),(90,8863),(92,12205)]	132.132193
908	[(0,4761),(1,19052),(3,10166),(5,1898),(7,10685),(9,18761),(13,7039),(14,1789),(15,19750),(16,24686),(17,32469),(19,26452),(20,11359),(22,5922),(24,21627),(25,24979),(26,13758),(27,17673),(28,36626),(29,7604),(32,27897),(34,33092),(35,25044),(37,27827),(39,32233),(43,16123),(46,28559),(47,16909),(48,4781),(49,10318),(50,18918),(52,14872),(53,36162),(55,8136),(56,9362),(57,25671),(60,12583),(61,27467),(63,10759),(65,10996),(67,15352),(68,6460),(71,11901),(72,23514),(73,17897),(74,25825),(75,3946),(76,8108),(78,32999),(79,1216),(80,9049),(82,19373),(83,31390),(84,26964),(85,35737),(86,35905),(87,29959),(89,36718),(91,29237),(92,12736)]	124.773657
909	[(0,31673),(3,34180),(5,117),(6,14160),(7,10637),(8,3215),(9,14875),(10,13325),(11,34815),(12,12595),(15,7814),(17,12511),(19,5862),(20,20308),(21,21083),(24,12611),(26,6454),(27,9959),(28,15974),(29,27746),(30,18122),(33,6175),(36,6520),(37,15183),(38,11813),(39,20728),(40,12179),(41,16846),(43,3825),(44,29837),(47,28579),(48,17515),(50,30478),(51,22216),(53,24406),(56,30223),(57,36554),(58,6280),(59,29171),(60,15596),(63,35725),(64,15016),(67,27475),(68,26856),(69,37312),(72,5623),(75,13249),(76,12250),(77,27945),(78,34519),(79,8169),(82,8798),(84,19612),(85,26957),(88,34939),(89,27864),(90,7648),(92,16559)]	114.420512
910	[(1,3541),(4,37038),(5,13136),(9,9928),(11,2364),(12,9164),(14,34335),(17,30923),(19,18138),(21,36170),(22,22310),(25,10052),(27,9868),(29,17707),(30,37349),(31,17338),(32,11283),(33,29987),(35,9307),(36,6200),(40,13372),(41,36260),(44,28818),(45,21436),(50,11277),(52,11407),(54,20821),(55,29402),(58,23222),(59,6524),(60,17890),(62,27693),(67,3017),(68,2357),(69,1743),(72,19509),(73,259),(76,25035),(79,7197),(81,26876),(82,16923),(83,17399),(84,7497),(87,15983),(88,32704),(90,6819)]	111.534772
911	[(5,5741),(6,35058),(7,17033),(8,18215),(9,8239),(11,17437),(12,22646),(14,18852),(15,9667),(16,9344),(18,9513),(19,8900),(20,6026),(21,35948),(26,31796),(27,5532),(28,21306),(29,26064),(31,15918),(33,26407),(34,12011),(35,22818),(36,7197),(38,19093),(39,35658),(40,26199),(41,36068),(42,35528),(43,5470),(44,6710),(45,10293),(46,28611),(48,34613),(50,28624),(51,15030),(55,10247),(59,16109),(60,27464),(61,14373),(62,34649),(64,35818),(65,6855),(66,12488),(67,29366),(68,19314),(69,21243),(73,25670),(76,21315),(78,8725),(81,16910),(82,781),(84,15776),(85,1379),(86,19910),(89,11446),(90,30591),(92,28780)]	104.980720
912	[(0,29846),(1,35923),(2,14482),(4,35264),(6,7498),(7,32870),(8,2853),(12,3319),(14,31799),(15,35232),(16,33144),(17,27847),(18,35891),(20,13335),(25,20187),(26,26977),(27,29734),(30,9334),(32,33176),(40,1499),(41,5329),(42,34408),(44,24469),(45,10489),(46,35953),(47,2017),(51,37010),(52,28513),(53,6165),(54,24059),(55,25435),(57,18917),(59,4236),(60,17721),(61,4071),(64,18851),(65,4328),(68,18106),(69,13486),(73,14749),(74,25103),(78,24338),(80,21265),(81,1413),(82,4162),(84,495),(85,10302),(86,5141),(88,29768),(89,34885),(90,21050),(91,12839),(92,17557)]	105.513992
913	[(1,21445),(2,28790),(3,23494),(5,37100),(7,28514),(12,14767),(13,16026),(14,30951),(15,21106),(16,9381),(17,33333),(21,22151),(22,10035),(23,3668),(25,25358),(28,17537),(29,4470),(30,902),(32,2070),(35,36261),(36,9912),(37,11157),(38,26549),(40,12207),(41,11120),(44,24157),(46,9792),(47,18369),(48,21263),(50,25921),(52,18945),(54,7695),(57,30765),(60,24623),(64,16758),(65,16654),(66,30182),(67,21399),(68,10856),(69,3560),(70,7650),(71,19728),(72,30280),(76,9501),(77,31701),(78,7503),(80,943),(81,15123),(82,18825),(83,22263),(84,29043),(85,18881),(90,31412),(91,29792)]	107.043333
914	[(0,1797),(2,10858),(7,33102),(8,17153),(9,12360),(10,31765),(11,6386),(14,28811),(16,29248),(17,34513),(18,23891),(19,28284),(20,23101),(21,8332),(22,10175),(24,30683),(26,37155),(29,17712),(32,31312),(33,32376),(34,17860),(35,21983),(36,5695),(37,33713),(39,17631),(40,31549),(42,9628),(43,33072),(45,3175),(47,25293),(48,9956),(50,27007),(51,10964),(52,2703),(53,12060),(56,34456),(58,16558),(60,24569),(62,35204),(64,23123),(65,12051),(66,17122),(70,33038),(71,15908),(73,2047),(75,24857),(77,12266),(79,22937),(82,29745),(83,21179),(85,5626),(87,33661),(89,32111),(90,15853),(92,12405)]	116.372652
915	[(0,2664),(1,9389),(3,21220),(4,12510),(5,19948),(7,2173),(9,13502),(12,23569),(14,23583),(15,31271),(16,35036),(17,5638),(24,35720),(26,10743),(28,16170),(29,8538),(30,14008),(32,28568),(33,20686),(36,12999),(37,31427),(38,29968),(42,24688),(43,15561),(44,21683),(47,26985),(48,20373),(49,25112),(50,19339),(53,9185),(55,25843),(56,6549),(57,6847),(58,25642),(59,30068),(65,30740),(66,32917),(67,28220),(68,33372),(70,10724),(71,4143),(72,33789),(74,21009),(76,32502),(77,22330),(78,16675),(79,25718),(81,3577),(83,27284),(84,34645),(88,1476),(89,25769),(90,19116),(91,12706),(92,28794)]	114.709635
916	[(0,25898),(3,31482),(4,4565),(6,4658),(10,7487),(11,14776),(12,23193),(13,37580),(14,33110),(16,30301),(19,24637),(20,34794),(21,18240),(23,23807),(24,529),(25,15754),(26,10784),(27,4403),(28,13308),(29,19077),(32,9514),(33,11574),(34,4173),(36,35837),(37,17586),(38,11695),(39,29383),(40,24599),(44,5900),(48,26925),(49,10591),(53,33259),(54,20470),(55,37529),(59,33002),(60,26348),(61,20710),(62,20232),(63,21884),(64,6022),(65,3094),(67,16708),(70,7582),(71,2397),(72,28635),(73,14472),(75,16702),(76,23261),(77,21980),(79,31227),(80,25183),(82,23065),(83,20059),(84,16967),(85,5815),(87,6403),(88,221),(89,35788)]	132.620666
917	[(1,24754),(2,30799),(3,24217),(6,16974),(7,11738),(8,23495),(9,18037),(10,14329),(11,8365),(12,8202),(13,722),(15,25404),(16,4395),(20,27677),(23,1592),(24,28051),(25,30705),(26,5999),(27,12092),(31,2696),(33,1560),(34,26781),(36,29010),(37,35368),(38,30620),(39,32751),(40,37060),(45,28079),(46,27770),(48,24977),(50,25144),(51,30822),(52,1335),(53,16239),(54,22297),(56,36967),(57,36961),(60,6291),(61,12628),(63,21477),(64,32256),(67,31804),(68,6874),(69,34257),(70,3749),(71,11252),(72,36439),(75,19346),(77,19464),(78,33416),(79,34490),(80,17340),(81,5055),(82,28636),(83,4350),(84,10896),(85,13801),(87,34886),(88,30848),(89,5604),(90,8461),(91,22674),(92,5463)]	107.732832
918	[(1,27383),(2,3387),(3,14424),(5,29942),(6,28113),(7,5149),(8,16131),(9,27079),(10,13979),(12,27922),(13,12215),(14,4285),(15,4508),(16,21553),(17,12363),(18,22862),(19,7432),(20,22175),(23,22600),(24,16470),(31,21109),(36,30844),(38,17571),(39,10596),(40,2937),(41,30450),(45,25909),(46,13246),(51,23603),(52,14172),(53,9578),(57,13011),(58,29755),(59,873),(60,33984),(61,36197),(62,19021),(64,10349),(66,31966),(69,33541),(70,30327),(71,22387),(72,29067),(73,18682),(74,15824),(75,26982),(77,15018),(79,22058),(80,31480),(81,5326),(83,24204),(85,34242),(87,27415),(90,9853),(92,10638)]	112.221639
919	[(0,2227),(3,30753),(4,3368),(5,25930),(8,16453),(10,20841),(15,2245),(20,24506),(22,7152),(23,9790),(25,6018),(27,10563),(29,31345),(30,31817),(33,2162),(34,29274),(35,35319),(36,15504),(37,5341),(38,14648),(41,15380),(42,37575),(43,34182),(44,18978),(45,29377),(50,28247),(52,20397),(53,12275),(56,13593),(60,18843),(61,11192),(62,11209),(63,8723),(64,15742),(65,13242),(68,505),(69,23164),(71,20610),(73,17568),(78,32246),(80,21725),(82,14537),(83,3353),(84,4270),(86,1380),(87,29563),(90,17626),(91,15043)]	112.005688
920	[(0,4169),(2,4853),(3,21717),(4,10368),(7,16300),(9,23184),(10,16357),(13,26764),(15,106),(18,11703),(19,36056),(20,12489),(21,6932),(23,26015),(24,21503),(25,9659),(26,26691),(30,13458),(32,20570),(33,26686),(34,13496),(35,9994),(37,10445),(41,22205),(42,27061),(43,10849),(44,4767),(46,22097),(47,34530),(48,14035),(49,33331),(50,33677),(53,16048),(54,20847),(55,15082),(56,15030),(57,14032),(58,30785),(62,1231),(63,10911),(64,3813),(65,16832),(68,9918),(69,21427),(70,34603),(71,5524),(73,20310),(75,6604),(76,5548),(79,20980),(82,31285),(85,9654),(87,6481),(89,23308),(90,17997),(91,3461)]	108.325046
921	[(0,34966),(1,23723),(3,30575),(4,12980),(6,37408),(7,33492),(9,30649),(10,36948),(12,34022),(13,20597),(14,25872),(17,28808),(18,33490),(24,27329),(26,7957),(27,31427),(28,29147),(29,20864),(30,21552),(31,21647),(36,34875),(38,7535),(39,4504),(41,31688),(45,3213),(47,4262),(48,9455),(50,1344),(51,11140),(52,20913),(53,31901),(54,7872),(56,16104),(60,31581),(62,15895),(63,4699),(64,20758),(66,2801),(67,28871),(69,36002),(71,26295),(72,30077),(74,2496),(76,34063),(78,825),(79,458),(80,1702),(81,22377),(82,20840),(83,26279),(85,24095),(87,31679),(88,12880),(90,26358),(91,3501),(92,28293)]	105.901519
922	[(0,1756),(1,30702),(2,29791),(3,29360),(6,17256),(8,7280),(10,15115),(13,35152),(14,4318),(15,13741),(17,23971),(18,15382),(19,19181),(20,16959),(22,22122),(23,5121),(25,9306),(26,10120),(27,30701),(28,20367),(29,11354),(30,33910),(32,8713),(33,26731),(37,31606),(38,35234),(39,2571),(40,9245),(41,1372),(42,8057),(43,5799),(44,16061),(45,37583),(47,27381),(49,30141),(50,25716),(53,1802),(54,17695),(55,36252),(57,9017),(58,30242),(59,37526),(61,6534),(63,1511),(68,17644),(70,4488),(71,33482),(72,30589),(74,32753),(75,26748),(77,3957),(79,35267),(85,10286),(86,16199),(87,11393),(88,30623),(91,27007),(92,10964)]	108.146428
923	[(0,24896),(1,17561),(2,31885),(3,34990),(6,8615),(7,29012),(10,7528),(12,29716),(13,2367),(16,10506),(18,6003),(19,10275),(23,1469),(26,21853),(27,25696),(29,6219),(32,11456),(38,7185),(41,15299),(42,22487),(43,12754),(44,1443),(46,31623),(48,16032),(50,5919),(51,35328),(52,23382),(54,14499),(55,18082),(56,31203),(57,4720),(58,27305),(59,10049),(61,24489),(65,18125),(67,8272),(69,35902),(74,28215),(77,11753),(79,13391),(80,4359),(82,14141),(84,16372),(85,2777),(86,1504),(87,1568),(88,24133),(89,31377),(90,16709),(91,15603)]	123.029216
924	[(2,36929),(3,16385),(5,34434),(7,31859),(9,30051),(10,33222),(15,984),(17,1777),(22,35610),(25,19213),(26,15251),(27,17233),(29,2015),(30,16455),(31,4132),(33,11999),(34,19744),(37,19193),(40,30452),(41,28539),(42,28136),(47,31714),(48,3845),(51,12963),(52,16780),(53,1030),(54,30058),(57,2834),(60,4255),(62,27884),(63,36116),(65,15996),(66,23819),(67,6918),(69,27471),(73,6395),(75,2022),(77,6159),(78,8567),(79,26084),(80,24038),(81,24067),(82,24693),(83,31132),(84,12519),(85,20578),(86,6712),(88,26139),(92,6480)]	116.365641
925	[(1,23863),(4,6966),(5,35218),(6,35406),(10,26868),(11,31483),(12,37285),(13,17837),(14,8396),(18,35045),(19,25268),(22,34539),(23,28053),(26,33094),(28,19617),(29,11905),(30,18075),(31,29647),(33,15253),(34,11272),(35,22420),(36,26071),(39,33274),(43,5937),(44,14739),(45,18285),(51,7278),(52,26601),(53,36832),(57,35956),(58,1741),(59,31211),(61,34201),(63,5289),(64,13872),(67,17407),(69,32740),(72,31045),(73,29785),(74,4630),(78,12535),(79,2135),(80,24043),(81,1262),(83,29411),(84,7717),(85,37545),(87,31317),(89,13583),(90,25903)]	137.064466
926	[(1,28511),(2,28038),(3,14912),(6,9596),(7,9048),(10,35718),(11,22002),(15,35404),(16,2044),(17,768),(18,746),(20,28915),(21,23926),(22,17152),(23,19357),(24,6978),(25,30366),(26,31306),(27,9133),(28,37578),(30,16097),(32,22268),(34,30909),(35,4376),(37,3097),(38,21899),(41,14158),(42,33365),(43,25637),(45,32121),(46,34677),(48,6199),(50,26406),(52,5509),(53,17705),(54,8370),(55,25229),(56,13230),(58,24730),(61,9819),(62,10257),(63,14562),(64,23228),(66,34812),(69,10900),(70,32466),(73,3108),(77,24122),(78,10975),(80,12753),(82,15023),(83,26027),(86,29872),(88,34218),(89,32971),(90,4348),(91,22345)]	109.037460
927	[(0,3842),(2,27559),(3,27860),(4,20445),(5,20160),(7,9884),(9,8106),(10,26520),(12,15439),(14,13728),(16,3256),(18,29448),(19,10653),(21,2679),(24,29917),(26,19889),(27,16250),(29,17774),(30,6350),(31,34886),(32,22036),(33,3060),(35,25494),(36,14928),(37,30392),(38,15472),(39,8577),(41,35103),(42,27995),(43,12703),(46,28526),(48,33796),(49,19630),(50,27183),(52,17847),(55,11547),(56,30684),(58,26045),(60,11683),(62,36553),(64,32384),(65,36760),(66,6988),(67,28785),(68,3184),(72,28899),(74,26852),(75,34623),(78,19602),(79,18195),(81,27754),(82,20804),(84,32881),(85,29749),(86,16935),(87,7441),(88,6991),(89,13771),(90,32668),(91,29529),(92,28883)]	108.597352
928	[(1,5332),(3,21270),(4,3926),(5,4938),(6,12905),(9,35193),(10,33338),(12,7384),(13,25320),(15,16114),(16,15283),(17,31732),(18,10426),(19,12508),(20,37496),(22,27522),(26,13014),(28,29823),(29,20878),(30,20070),(31,3771),(32,21029),(34,27671),(36,36247),(38,31845),(39,6507),(40,19038),(43,1360),(45,30546),(48,3721),(50,8251),(51,34217),(54,32319),(56,30457),(57,7137),(58,9322),(59,33668),(62,36960),(65,33859),(67,33072),(68,33262),(70,9069),(71,20426),(73,29513),(74,9375),(75,10741),(76,31781),(79,998),(82,19658),(84,11100),(90,19041),(91,33093),(92,12280)]	114.156471
929	[(2,6793),(3,4828),(4,22844),(6,11285),(7,27055),(9,33200),(11,512),(13,10707),(14,32125),(15,10331),(16,15442),(17,17031),(19,34282),(21,15257),(22,37446),(24,14422),(25,30851),(26,14804),(27,6289),(28,5139),(30,4858),(32,34979),(35,19346),(37,16391),(38,25288),(39,22673),(41,7077),(43,12125),(45,7595),(47,10900),(48,31),(49,34617),(50,19566),(51,12621),(52,17616),(53,22458),(55,8976),(56,25759),(57,5168),(58,23182),(59,37254),(61,31685),(62,24861),(64,243),(73,31347),(74,18919),(75,12665),(77,20482),(78,13874),(80,21725),(81,20200),(82,18234),(84,24008),(85,22403),(86,12882),(87,8958),(88,4384),(89,24185),(90,27750),(92,6307)]	109.778047
930	[(0,12883),(1,36644),(2,28574),(4,384),(6,18290),(7,26504),(8,6321),(10,28253),(12,15143),(13,5909),(16,24203),(18,15179),(19,29347),(23,3516),(25,4961),(27,32706),(29,10287),(32,4009),(36,11620),(41,34272),(42,12856),(45,27226),(47,15493),(49,36744),(51,3183),(52,24424),(54,34702),(55,8768),(56,35025),(57,17059),(58,30965),(59,4449),(61,13346),(62,20054),(63,28077),(65,24034),(66,21758),(68,35173),(70,16343),(71,29679),(75,12238),(76,5426),(77,8394),(80,23480),(82,21699),(86,26564),(87,22965),(89,21484),(90,8769),(91,11014)]	107.280112
931	[(1,6432),(2,3973),(5,5256),(7,28392),(9,26889),(10,780),(12,6912),(13,18630),(14,16007),(16,36688),(17,21601),(18,20820),(19,4472),(20,29711),(21,3815),(23,34180),(25,21821),(27,37297),(28,37121),(29,20556),(31,13775),(32,9842),(33,33823),(34,25882),(37,17542),(38,24427),(40,30229),(43,18367),(45,17998),(47,9988),(49,22312),(50,27497),(52,23496),(54,29879),(56,8169),(58,20714),(60,33724),(61,13477),(62,5084),(66,8464),(67,32938),(68,21551),(69,1646),(70,33731),(71,1629),(72,24464),(73,11224),(74,28831),(76,27665),(79,7976),(80,13832),(85,3040),(86,12752),(89,19537)]	114.734730
932	[(1,12062),(2,13240),(4,31135),(6,30806),(7,31755),(11,1982),(13,22226),(14,32102),(18,4346),(19,560),(20,2899),(24,37224),(25,25252),(27,3931),(30,7737),(31,1990),(32,14524),(33,31260),(35,7466),(37,35568),(38,7950),(40,9356),(41,18042),(42,29825),(44,8942),(45,1838),(46,32839),(47,35324),(48,21306),(53,12220),(55,29912),(57,4639),(58,23623),(59,19137),(64,32809),(65,11029),(66,5987),(67,32697),(68,3421),(72,32285),(74,31437),(75,28292),(83,571),(84,34131),(87,18728),(92,16782)]	119.039515
933	[(0,31322),(1,4698),(2,34457),(3,23399),(4,24270),(5,37225),(7,5770),(8,24355),(10,36928),(12,14565),(14,17609),(16,30206),(17,28174),(18,17218),(19,5763),(21,28711),(23,26181),(24,25984),(25,37121),(26,20556),(28,2068),(30,20278),(31,27852),(32,11000),(33,12703),(34,9935),(35,16718),(36,27555),(37,6113),(38,13711),(39,1879),(41,24079),(42,34909),(44,33105),(49,9788),(50,36109),(53,29820),(54,6902),(55,23782),(57,13428),(60,16356),(62,4752),(63,36448),(65,10066),(66,7023),(67,16835),(68,29437),(69,479),(72,28314),(74,20229),(75,32737),(79,28201),(80,33614),(81,558),(82,36885),(83,31291),(84,33848),(85,5853),(86,20079),(87,18083),(88,28842),(90,26849),(91,6605),(92,28146)]	113.780237
934	[(1,11622),(3,21582),(8,18179),(10,14867),(12,22237),(13,17492),(16,25925),(17,12483),(19,4587),(22,17908),(24,10423),(25,28583),(27,10679),(28,19282),(29,5569),(30,32245),(31,3842),(32,16512),(33,36972),(34,16919),(38,32873),(39,12857),(40,15072),(43,4983),(44,12536),(45,2883),(46,2112),(48,36626),(49,35368),(51,28985),(52,6583),(53,11637),(55,11953),(58,15235),(60,683),(63,21922),(64,33165),(65,2605),(69,14682),(70,15257),(73,8055),(75,26629),(76,4603),(77,3544),(78,19391),(79,25084),(80,24280),(81,7104),(85,4734),(86,17901),(87,7802),(91,30168)]	134.527999
935	[(0,7760),(2,16199),(4,1025),(5,15554),(6,7883),(7,24169),(8,15926),(9,4958),(10,11963),(14,36023),(16,31730),(18,22202),(19,10553),(20,30289),(21,3804),(24,21762),(25,6088),(26,13362),(27,2241),(28,23848),(30,18179),(32,2544),(35,36188),(36,22489),(38,948),(39,21188),(40,12091),(41,33263),(46,23120),(48,28217),(49,8736),(50,17710),(51,21025),(52,3769),(53,4102),(56,6383),(57,9043),(58,4974),(59,37031),(60,10234),(62,34871),(63,7816),(65,7423),(69,2805),(71,1429),(72,3053),(75,28600),(76,35358),(78,33434),(80,32920),(81,24149),(83,6911),(84,371),(86,19523),(88,550),(89,7738),(90,22563)]	119.255373
936	[(0,17453),(1,30625),(2,32848),(3,13467),(4,17142),(8,18162),(9,35593),(10,7342),(13,12074),(14,10095),(17,37134),(18,23305),(19,21999),(20,4703),(22,21505),(23,30936),(24,35872),(25,1567),(26,23489),(27,12495),(32,29923),(34,33213),(35,31148),(38,36821),(39,17048),(40,31763),(44,5524),(46,20310),(47,26550),(48,15731),(49,8966),(51,4811),(52,21438),(54,29407),(60,17857),(61,25111),(63,20189),(64,36956),(67,36728),(68,28015),(69,13342),(70,4247),(76,3047),(77,4901),(79,16491),(80,28732),(81,11487),(82,27920),(83,26168),(84,1941),(85,18267),(86,28379),(89,30765),(92,3134)]	109.820505
937	[(2,22359),(3,27082),(4,5207),(5,37576),(7,25763),(8,26138),(10,36020),(11,24853),(14,20149),(15,4073),(16,14949),(17,35867),(21,26047),(23,32962),(25,27793),(26,22502),(27,8747),(31,33344),(32,19941),(33,19586),(34,20609),(36,34719),(39,34679),(42,32345),(44,35779),(46,29616),(48,18974),(50,4948),(52,12579),(53,18577),(56,11899),(58,24689),(59,13324),(60,30726),(61,5263),(63,26372),(64,37108),(65,29621),(66,19978),(67,20744),(69,18778),(70,21238),(71,9634),(73,35737),(74,35905),(75,5230),(76,37551),(77,10219),(83,7896),(84,13379),(85,5384),(86,33170),(88,5370),(90,20349),(92,29967)]	114.040790
938	[(0,36741),(3,2179),(4,34014),(6,25580),(8,1921),(10,497),(11,30813),(12,6415),(16,29542),(17,15225),(20,8006),(23,21882),(25,14958),(26,30159),(27,4773),(28,310),(30,33293),(31,9046),(33,7958),(34,13542),(36,19368),(37,32154),(40,34785),(44,16139),(47,9514),(48,31126),(49,4033),(50,27188),(51,10493),(54,24860),(55,5659),(56,8121),(60,21081),(62,30639),(64,35430),(68,13372),(69,7208),(70,1508),(71,36489),(72,81),(73,27069),(75,1958),(79,8866),(80,13585),(81,33131),(82,32301),(83,30312),(84,37030),(86,26244),(87,30276),(90,30087)]	112.566729
939	[(1,472),(4,14282),(5,33677),(9,18360),(10,32809),(14,18388),(17,4905),(18,1566),(21,15359),(22,21417),(23,13712),(25,28965),(26,21592),(27,14499),(30,11315),(32,32232),(39,22731),(41,12715),(43,32077),(45,16125),(46,35086),(47,37214),(49,18084),(51,3489),(52,30328),(53,11978),(54,10108),(55,24262),(57,23711),(58,16615),(59,5006),(60,25113),(63,31445),(65,11708),(66,7276),(67,5845),(68,32799),(69,26173),(74,5733),(75,31187),(76,27549),(77,3024),(78,22307),(79,23477),(80,11228),(81,35783),(86,20893),(89,34807),(90,12642),(91,4973)]	107.672304
940	[(1,8410),(4,6946),(5,35787),(10,32234),(11,2967),(12,21735),(14,5604),(15,8461),(16,22277),(18,31203),(19,20969),(20,20386),(21,3109),(22,15241),(23,22980),(24,4373),(25,23607),(27,29092),(33,30150),(34,27730),(35,625),(37,3483),(38,25394),(39,20732),(40,28628),(44,8127),(45,7664),(46,10355),(48,558),(49,36885),(50,23771),(51,14886),(52,10146),(53,24428),(55,35471),(56,22166),(57,18626),(59,23789),(60,37524),(63,27064),(65,22492),(68,26208),(69,8227),(72,23601),(73,11486),(74,4341),(76,7851),(78,9591),(81,8460),(82,36138),(83,13807),(85,28094),(87,2883),(88,2112),(89,30230)]	128.966154
941	[(0,17764),(1,16852),(2,4166),(5,13080),(6,23139),(7,37390),(9,30826),(11,22559),(13,7338),(15,37135),(16,24942),(18,6384),(19,10650),(20,31231),(21,2969),(22,1093),(23,23197),(24,23807),(26,12238),(27,5426),(29,17767),(30,9769),(32,19132),(34,11861),(36,2699),(39,32090),(40,18832),(41,6721),(42,21377),(44,23330),(45,22393),(51,31520),(52,21009),(54,23051),(56,566),(58,13341),(60,21662),(61,34716),(63,27),(66,5830),(68,23960),(69,2685),(71,13969),(72,3628),(74,34588),(76,16840),(79,15623),(80,19197),(82,6903),(87,18141),(88,31897)]	111.677514
942	[(0,22120),(1,34552),(4,22216),(5,14057),(6,11055),(7,12957),(8,9811),(10,4645),(13,33417),(14,2648),(16,16816),(18,28614),(19,4259),(21,23791),(22,11095),(23,26241),(26,12533),(28,10636),(32,33845),(33,18699),(37,9625),(38,34214),(41,27120),(43,14810),(44,31508),(45,3028),(47,29286),(48,2902),(53,995),(54,34748),(55,32003),(57,10068),(62,16926),(65,17821),(66,1657),(68,10218),(69,20305),(71,180),(72,18353),(73,19581),(74,29498),(75,2723),(77,1702),(78,32550),(79,17865),(80,7522),(81,8405),(83,21856),(84,34538),(86,17911),(92,1365)]	110.454042
943	[(2,6621),(3,7941),(6,2272),(8,2165),(13,37231),(14,17376),(16,33321),(17,232),(18,33101),(19,27738),(23,31054),(24,37220),(25,35480),(27,20782),(28,20662),(31,27184),(32,30349),(37,2052),(41,26351),(43,24835),(45,693),(48,14877),(49,22749),(50,28987),(51,6868),(52,6870),(55,14075),(60,28071),(61,12749),(63,19435),(64,14091),(66,37027),(68,5381),(70,23610),(71,20648),(73,29794),(74,33483),(76,11355),(77,36450),(79,4910),(80,29289),(81,2507),(82,8743),(84,15110),(85,27834),(86,18273),(87,4868),(88,578),(90,35098),(91,1541)]	140.632275
944	[(1,16368),(2,29970),(3,16687),(4,28997),(5,14304),(6,17262),(7,19340),(8,26690),(11,36206),(12,34020),(13,21003),(17,28430),(18,25900),(19,11220),(20,28337),(22,32419),(23,7357),(24,35443),(25,429),(27,28976),(29,18583),(30,26656),(32,28568),(33,9720),(36,18339),(39,989),(40,25175),(41,20397),(42,24550),(44,27371),(45,20237),(47,19545),(50,3080),(51,31491),(52,6166),(55,32332),(56,15918),(61,17733),(63,679),(69,27721),(70,6685),(72,4248),(74,15162),(76,21788),(77,2057),(78,36091),(80,34512),(84,23529),(85,30668),(86,10090),(87,32347),(90,17103),(91,14352),(92,33329)]	115.584175
945	[(0,24840),(1,2118),(2,4893),(4,12424),(5,29392),(6,5842),(7,25797),(9,4863),(10,31541),(11,34792),(13,29104),(15,24624),(16,9314),(17,22640),(18,1019),(20,36632),(21,5144),(23,7200),(24,7143),(25,6503),(26,26506),(28,5836),(29,13157),(30,29334),(31,26759),(32,4817),(33,15416),(35,1694),(36,30521),(37,33766),(38,35901),(40,5430),(43,6043),(44,34852),(45,6962),(53,7925),(55,17325),(59,31579),(60,1445),(64,4523),(67,23016),(70,1625),(71,2663),(77,13148),(78,132),(79,19239),(82,1709),(84,12347),(90,10094)]	119.724868
946	[(0,25420),(1,279),(4,27517),(6,32703),(7,2730),(8,23287),(9,5378),(10,8860),(11,27049),(12,15646),(14,25293),(15,9956),(17,4809),(19,25606),(20,27560),(21,12528),(22,35522),(23,1643),(24,28177),(26,25250),(27,20073),(29,16995),(30,9719),(34,11517),(36,22292),(39,16144),(40,36116),(42,31886),(43,28650),(44,24681),(49,4377),(50,88),(51,10083),(53,5797),(54,29690),(60,9102),(61,25116),(63,34813),(65,14567),(66,21415),(72,35963),(74,3060),(77,13517),(78,9393),(79,12098),(80,23123),(81,12051),(82,17122),(84,8475),(85,1490),(86,3924),(87,28347),(88,609),(89,4200),(92,20230)]	110.627572
947	[(0,22792),(1,9116),(2,19843),(4,3288),(5,30333),(7,21033),(8,16397),(9,31868),(11,30944),(13,20325),(14,22365),(19,32626),(22,9161),(24,32040),(25,33865),(27,6992),(28,2343),(29,156),(30,3341),(32,3298),(35,11631),(36,30621),(38,24479),(39,25153),(40,28433),(41,16634),(42,11791),(44,19610),(45,6801),(51,4848),(54,35784),(55,1939),(56,11617),(57,18828),(61,30288),(62,11129),(63,16908),(64,29327),(65,3075),(66,37044),(67,14520),(68,26326),(69,20589),(70,34420),(71,19364),(72,16657),(77,35733),(79,11074),(82,32300),(84,15279),(86,11877),(87,23290),(90,4328),(91,3649),(92,18075)]	109.227692
948	[(1,23667),(2,32029),(3,19054),(6,2609),(7,5874),(8,1296),(9,19459),(11,6745),(12,6896),(14,5456),(15,17218),(17,37338),(18,13621),(19,32699),(21,21705),(22,14251),(24,12969),(30,34594),(31,36825),(35,7645),(36,3891),(37,8444),(39,29453),(40,19613),(44,29091),(45,24882),(47,31181),(51,16058),(52,9073),(53,33692),(54,5846),(57,25851),(59,3641),(60,15364),(62,4871),(66,2392),(67,31140),(68,21779),(69,29787),(71,35674),(72,26096),(73,24564),(75,34193),(76,10677),(77,13817),(79,23802),(84,35464),(85,6525),(88,5602),(89,33198),(90,18757),(91,17973)]	119.254517
949	[(2,7086),(3,10002),(4,33147),(8,26394),(9,2077),(11,16221),(12,36107),(15,15473),(16,14580),(17,9776),(18,22789),(19,26703),(22,31925),(23,33991),(29,25500),(32,18287),(36,3590),(38,31679),(40,5468),(43,22663),(44,16330),(45,9839),(46,29803),(47,20463),(48,11534),(50,30568),(51,544),(52,11447),(53,33127),(55,15927),(56,628),(58,22199),(60,18576),(61,16411),(63,11991),(64,32541),(65,27846),(66,9740),(67,5511),(68,31924),(69,32944),(70,30326),(71,35248),(72,33971),(76,7495),(77,24726),(80,25612),(81,25056),(83,2212),(86,19851),(87,19805),(89,13372),(90,34178),(91,13047),(92,3595)]	112.767636
950	[(0,25243),(1,37118),(3,230),(4,325),(5,1293),(6,840),(10,2178),(11,6791),(12,28811),(13,24771),(16,16716),(17,11167),(19,34051),(22,4478),(24,11169),(26,22672),(27,6473),(29,17067),(30,36994),(31,13660),(34,13225),(39,22556),(42,12502),(43,18714),(44,18212),(45,23175),(46,22977),(47,14389),(52,18440),(54,11424),(57,11040),(61,32172),(63,8078),(64,34200),(67,27217),(68,31183),(72,14129),(74,37579),(75,33652),(77,29299),(78,13265),(81,5967),(83,2724),(84,20288),(87,11105),(88,31702),(89,25689),(92,35273)]	116.403036
951	[(0,2600),(1,8821),(4,22764),(5,37473),(6,27337),(7,31331),(8,36189),(9,7764),(11,2981),(12,34076),(14,9914),(15,1632),(17,24357),(20,11717),(21,36506),(22,33406),(23,36096),(25,5973),(26,14420),(27,942),(29,21094),(31,4027),(32,19728),(33,30280),(34,11293),(35,35989),(37,645),(39,11287),(40,14328),(41,7789),(42,12161),(43,11357),(45,28346),(46,33591),(48,5972),(49,21736),(50,36242),(53,24387),(55,3344),(56,22061),(58,30105),(59,22526),(60,5149),(61,32622),(63,28931),(64,29076),(65,20352),(67,10422),(69,22636),(70,8733),(72,11575),(73,30259),(77,2625),(82,11507),(83,29012),(85,8823),(86,31947),(87,36478),(89,29032),(91,12714),(92,16457)]	120.051427
952	[(1,34454),(5,23150),(8,13090),(10,25795),(11,12948),(12,12003),(13,2276),(14,6794),(15,22368),(19,30001),(20,29890),(21,7114),(23,26740),(26,23664),(27,29679),(29,1606),(31,14941),(33,35295),(34,21073),(36,19110),(39,25926),(42,26650),(45,4303),(52,24164),(54,5305),(55,31955),(56,15489),(57,5269),(58,410),(60,6189),(61,25986),(62,6632),(63,18264),(64,8598),(67,8910),(69,32832),(70,36909),(72,21432),(73,17164),(75,32313),(77,18647),(79,25849),(81,17292),(82,30703),(85,6357),(86,19296),(88,26377),(89,15165),(90,5056),(92,25810)]	135.483799
953	[(1,17711),(2,755),(5,3462),(7,37440),(9,18053),(11,37017),(14,1290),(15,16198),(16,24104),(20,18245),(23,10033),(25,29920),(26,2263),(27,25036),(28,5596),(29,27632),(31,4448),(32,11421),(33,13009),(34,8571),(35,4163),(36,8498),(38,19565),(39,23246),(43,23492),(44,27770),(45,1224),(47,30419),(48,27718),(49,22399),(51,890),(52,24719),(56,23561),(57,8101),(58,27402),(62,30165),(63,15288),(64,21677),(65,7507),(68,359),(69,18913),(71,6046),(74,9920),(75,23402),(76,13073),(77,28139),(80,35947),(81,3882),(82,22931),(85,27073),(86,34293),(87,22158),(88,4484),(89,31526),(90,23217),(91,32657)]	120.431370
954	[(0,7691),(2,24883),(3,24804),(4,7251),(6,11705),(8,835),(9,13882),(10,28259),(11,10499),(12,20158),(14,10233),(15,14191),(21,4737),(22,6798),(23,33179),(30,3231),(31,22851),(32,520),(34,18474),(35,33572),(36,21717),(37,10368),(39,14500),(42,20738),(44,33368),(45,121),(46,31829),(47,16223),(48,15977),(49,22649),(51,13216),(52,18207),(54,37414),(56,17028),(57,24201),(58,31153),(59,22767),(60,7584),(64,35070),(65,9766),(66,6436),(68,18610),(69,25789),(71,33393),(72,28194),(73,36989),(76,12090),(77,3308),(78,2678),(80,4629),(81,28801),(82,20966),(84,18209),(85,8925),(89,14327),(90,4419),(91,28666)]	116.808331
955	[(3,16450),(7,3099),(8,37293),(12,4255),(20,14034),(22,36086),(25,35981),(27,33955),(28,8509),(29,19052),(31,11311),(32,28198),(33,16434),(34,4867),(36,16156),(38,20077),(39,6143),(41,22026),(42,27111),(44,2585),(45,14966),(46,30930),(48,15568),(49,3818),(51,17961),(52,30695),(53,33325),(55,847),(57,6967),(58,34479),(59,18378),(61,32482),(63,10968),(64,13403),(65,31159),(66,17670),(72,15428),(73,31429),(75,18646),(76,30501),(79,12052),(83,12794),(84,3154),(85,13275),(86,28061),(87,24558),(88,35212),(90,29850),(91,14743)]	114.939511
956	[(0,531),(1,9048),(3,2442),(5,24160),(7,1534),(8,29577),(9,30843),(10,31827),(13,29753),(14,22916),(15,22365),(16,29397),(19,10869),(20,30497),(21,15039),(23,5555),(25,16361),(26,24141),(27,16688),(31,36285),(32,14064),(33,6739),(35,1477),(37,16289),(38,3166),(43,6940),(44,30186),(47,24156),(48,30153),(49,9372),(52,6937),(57,19980),(60,19533),(62,23007),(63,16314),(64,11044),(65,22584),(66,11706),(70,27504),(71,27144),(72,26642),(75,6742),(78,22281),(82,9068),(83,16918),(86,1198),(87,24245),(89,8380),(91,2968),(92,34393)]	112.879937
957	[(0,2698),(2,13569),(3,15779),(4,17241),(5,28120),(7,11504),(8,32749),(14,5901),(15,23265),(16,32503),(17,15861),(24,31946),(26,3873),(27,30533),(30,32028),(31,24195),(38,34722),(39,5388),(40,13944),(41,31512),(43,7291),(47,31277),(48,25212),(50,5524),(51,36808),(54,11510),(57,22294),(58,24790),(59,3272),(63,37534),(64,31289),(67,19001),(70,24907),(71,17219),(73,28385),(74,29175),(76,10005),(78,29129),(80,19640),(81,26017),(82,21503),(83,9659),(84,26691),(87,24307),(88,29207),(89,33230),(90,37081),(91,15814),(92,28866)]	127.143127
958	[(2,5884),(3,16121),(5,7451),(7,6365),(8,35616),(9,16839),(12,29087),(14,36101),(16,30229),(18,29726),(19,9394),(22,18999),(24,3149),(26,16344),(29,2538),(32,34766),(33,16586),(35,11351),(37,3278),(38,8271),(40,31141),(41,13731),(42,24548),(43,32629),(44,15700),(45,10857),(46,30383),(47,18638),(48,2409),(50,18364),(51,35181),(52,32683),(56,37109),(58,8044),(59,8828),(60,34580),(61,25319),(63,21151),(65,13687),(66,30851),(67,11347),(68,20370),(70,24410),(72,36678),(73,9787),(75,29505),(76,23),(77,12670),(78,4820),(79,28999),(80,28617),(82,16123),(83,14783),(84,35166),(85,20295),(86,15641),(87,26196),(88,21342),(90,21020),(91,37393)]	116.604840
959	[(0,28697),(1,15448),(2,25425),(3,31380),(4,6679),(6,9877),(8,1758),(9,13608),(12,23330),(13,35843),(14,29904),(15,21392),(16,23746),(17,11161),(18,12254),(20,32996),(21,25912),(26,18972),(27,19511),(29,14781),(30,32553),(31,34927),(33,15611),(34,9630),(36,31657),(38,20800),(41,23485),(42,20233),(47,30321),(50,24883),(51,24804),(53,12447),(54,2898),(55,10950),(56,34117),(57,29708),(58,705),(61,30765),(64,9864),(65,15796),(66,23701),(69,20072),(70,16886),(71,16138),(72,7930),(76,32695),(80,9454),(81,35869),(82,6349),(83,32036),(85,21081),(86,2752),(87,25409),(91,35300)]	112.534228
960	[(1,25051),(2,4648),(5,27787),(7,10141),(8,20982),(9,7153),(11,18204),(12,22308),(14,21307),(15,27393),(17,7898),(20,14835),(22,35374),(23,6505),(24,21701),(25,26177),(26,27615),(28,33692),(29,32559),(31,21831),(32,37048),(33,33180),(34,26735),(35,33448),(36,27774),(38,16577),(39,12095),(41,37457),(42,15473),(43,13091),(44,29273),(45,25172),(46,26086),(47,11842),(50,15278),(52,18370),(53,15711),(55,13079),(56,31265),(57,16154),(58,22990),(59,5772),(60,13108),(61,14050),(62,32784),(63,15197),(65,8898),(67,9363),(68,10468),(69,24965),(70,3348),(71,2384),(72,1508),(73,36489),(76,36627),(77,537),(79,34626),(80,21648),(81,18206),(82,11399),(83,35235),(85,16660),(86,21418),(87,16329),(92,28072)]	119.848338
961	[(1,21817),(2,2445),(3,37243),(5,15216),(7,22227),(8,22078),(9,34202),(12,8203),(13,29137),(14,33059),(15,14694),(16,16730),(18,14433),(19,30492),(20,14652),(22,31125),(24,30953),(25,37232),(26,24443),(27,35853),(28,29549),(29,5559),(30,27391),(34,28387),(36,12937),(38,15987),(39,25804),(40,30090),(42,4428),(44,849),(45,15304),(50,23985),(52,4691),(53,37563),(54,2449),(56,27172),(57,24286),(59,5807),(60,33737),(64,14478),(65,32261),(66,29288),(67,5687),(68,21737),(71,13322),(72,8266),(73,35936),(74,10581),(75,18299),(76,25896),(78,19309),(81,16691),(82,20281),(83,30370),(86,5469),(87,26423),(89,18391),(91,21994)]	138.492731
962	[(0,20967),(1,5448),(2,29153),(3,37074),(4,13628),(5,14445),(6,23229),(7,744),(8,26169),(10,30035),(11,10929),(13,8727),(14,2528),(16,33552),(18,21026),(19,6480),(21,26317),(24,33310),(25,17572),(32,5958),(33,24527),(34,37360),(35,28968),(36,34971),(37,22702),(38,33248),(39,19038),(40,7110),(42,23825),(45,15604),(46,17937),(47,25027),(48,35591),(49,14960),(50,23834),(51,4442),(53,26389),(54,22129),(55,19970),(56,36042),(57,5373),(59,3224),(62,20956),(63,13327),(64,34499),(69,23317),(72,22105),(73,23197),(74,15959),(75,5401),(78,33606),(80,16653),(85,17339),(87,23326),(91,7634)]	113.180482
963	[(0,14346),(2,9944),(4,9177),(5,30514),(6,5862),(8,29979),(11,30782),(12,3312),(13,37256),(14,26474),(16,16994),(17,27037),(20,14880),(21,7422),(23,8923),(24,23911),(25,160),(27,2768),(29,2633),(30,12515),(31,2391),(32,23006),(33,599),(35,17635),(36,3543),(37,29537),(39,12547),(40,1872),(43,26201),(44,34241),(46,24085),(50,28170),(51,11971),(52,8157),(53,32228),(54,8962),(57,5676),(58,20342),(59,17238),(60,23606),(61,5313),(64,25033),(68,6079),(69,10695),(72,4357),(73,19920),(75,19985),(76,3150),(77,35505),(79,12715),(80,27008),(81,26254),(85,30139),(86,24625),(87,12247),(88,19434),(89,36302)]	111.051005
964	[(5,34833),(6,13469),(7,8778),(8,4254),(11,21994),(13,33172),(14,36133),(15,28645),(16,3023),(20,34043),(21,27052),(22,7343),(24,8720),(26,9959),(27,10675),(28,22052),(29,22112),(31,6877),(33,26742),(34,17136),(35,3457),(36,9413),(38,6058),(42,22453),(43,17000),(44,25279),(45,14106),(46,7032),(47,24876),(48,8897),(51,12133),(54,1018),(58,17089),(60,8125),(61,14554),(62,14974),(63,13859),(64,29932),(66,12190),(70,18203),(71,13837),(72,35441),(73,36103),(74,21008),(75,2028),(77,36307),(79,34350),(80,19273),(81,31655),(82,2973),(83,5330),(87,16841),(89,17365),(90,23305),(91,21999)]	109.154547
965	[(0,16895),(1,7515),(2,8577),(4,27869),(5,16242),(8,3806),(10,12820),(11,34755),(12,24981),(13,7986),(14,11468),(16,17661),(17,8795),(18,8029),(22,31357),(23,22392),(24,12908),(27,21079),(28,33832),(29,11285),(31,1995),(34,14958),(35,21887),(36,18347),(39,30607),(41,17550),(44,15208),(46,10544),(47,33693),(49,31201),(50,6496),(51,22218),(53,1590),(54,18285),(56,24207),(58,9520),(59,14911),(61,17294),(62,7548),(69,1243),(71,19915),(72,5375),(73,17920),(74,27587),(76,29002),(78,30376),(84,18125),(86,23911),(87,4481),(88,36925),(89,21831),(90,20079)]	115.306971
966	[(0,18688),(1,8751),(6,13484),(8,36595),(9,32211),(11,10756),(13,4711),(15,35391),(16,11551),(18,30625),(22,9971),(23,26136),(25,35569),(27,16646),(30,25934),(33,12796),(35,11411),(36,18499),(38,36409),(39,7688),(40,8957),(43,14805),(45,36444),(47,34502),(48,18742),(50,28473),(51,35073),(56,36589),(57,21605),(58,17284),(60,4305),(61,27017),(64,10590),(65,28724),(67,25535),(68,10304),(70,16910),(71,29900),(73,29023),(75,12005),(77,10159),(79,26787),(80,31706),(81,34919),(82,13751),(84,18593),(90,18387),(92,32824)]	108.757670
967	[(0,23911),(1,4481),(2,15010),(3,25743),(8,20801),(9,36768),(10,18741),(12,7596),(13,26488),(14,2407),(19,31156),(20,3726),(22,34368),(25,17719),(26,22731),(27,17528),(28,20676),(29,24712),(31,13950),(33,22301),(35,15369),(39,6914),(40,14431),(42,13708),(44,37407),(45,15277),(47,14989),(48,36087),(50,36015),(51,35120),(52,8638),(53,9892),(54,32693),(55,4451),(60,16589),(62,23019),(63,18474),(65,7181),(66,19281),(69,37400),(70,30692),(71,13543),(72,9670),(73,4317),(75,5767),(76,27771),(78,29004),(79,16821),(80,14938),(84,13807),(85,37412),(86,27966),(87,31070),(90,2839),(91,13198)]	116.325411
968	[(0,33987),(2,21343),(3,31960),(5,31539),(7,22633),(9,15134),(11,9966),(14,8867),(15,16056),(16,2715),(17,15212),(24,9024),(25,24125),(29,5276),(31,26273),(33,881),(35,31891),(36,27841),(37,32640),(39,15847),(41,31548),(42,13414),(43,24139),(45,10983),(48,20897),(50,3864),(55,20451),(56,23148),(57,13465),(59,17960),(60,9638),(62,981),(63,3373),(65,9855),(66,24898),(67,2484),(68,32779),(69,1723),(70,26451),(71,30792),(73,22081),(74,17021),(75,20561),(76,37246),(79,10947),(80,9691),(83,30861),(86,12181),(90,1810),(92,26290)]	118.664181
969	[(0,5701),(2,6950),(4,27380),(5,20111),(6,27329),(7,34649),(8,31720),(9,8650),(10,12842),(14,13111),(16,36989),(17,30917),(19,13095),(20,21560),(21,8250),(22,1131),(23,31598),(28,26597),(30,23419),(31,30353),(32,1772),(33,20196),(34,24087),(35,36888),(36,9632),(37,453),(41,3708),(42,35437),(43,12431),(44,1933),(46,31949),(50,37551),(51,10219),(55,27574),(56,25747),(57,5154),(58,35608),(60,18167),(66,25056),(67,28282),(68,5550),(70,24541),(71,15690),(72,4835),(73,1293),(74,9036),(76,31559),(79,25860),(82,24527),(84,9070),(85,260),(87,13613),(88,28061),(90,17219)]	126.293353
970	[(1,11087),(2,1062),(4,15176),(5,36259),(6,5773),(12,22318),(15,27623),(18,28363),(20,7221),(21,4434),(22,20219),(26,24729),(28,35524),(30,11499),(32,7970),(33,17646),(34,1470),(37,1949),(39,9903),(40,9721),(41,33323),(42,19338),(43,2402),(44,25428),(45,23607),(46,32550),(47,22021),(48,6292),(49,7645),(50,23140),(51,14227),(53,21062),(57,25736),(59,21755),(60,9677),(62,20174),(63,35619),(65,24561),(66,3887),(67,2465),(71,10767),(72,37157),(75,7853),(77,28169),(78,2459),(84,4926),(86,18230),(88,20953),(89,10491),(90,17768),(91,11126)]	131.596403
971	[(0,3061),(2,11240),(4,18051),(7,7237),(10,23389),(11,5717),(12,20607),(14,31268),(16,32317),(17,15134),(18,4687),(19,36795),(20,5113),(22,31677),(26,32401),(27,15560),(31,25912),(32,18824),(34,21911),(36,2724),(37,36561),(39,13775),(43,14357),(45,6630),(46,29517),(47,11118),(48,30070),(49,9093),(50,2304),(51,4026),(52,32569),(53,27395),(56,184),(58,15281),(59,11175),(63,27551),(64,28715),(65,35438),(68,20164),(69,36030),(70,24564),(72,10361),(74,9847),(78,32162),(81,28863),(82,16977),(84,8871),(85,13322),(86,6835),(90,31011),(91,12911)]	119.844693
972	[(2,10329),(3,11768),(5,1762),(6,12731),(7,1336),(10,19400),(12,11028),(15,23360),(18,21736),(23,36259),(24,5773),(26,25169),(27,28018),(28,5591),(32,21928),(33,11948),(36,25305),(37,27019),(38,36114),(39,11792),(41,4344),(44,29216),(48,19041),(49,23301),(50,28200),(52,36188),(53,29051),(56,15342),(62,26459),(64,36651),(67,29047),(69,30891),(70,9151),(72,27771),(74,7107),(76,1905),(78,34304),(79,34348),(80,9207),(84,11168),(87,4808),(89,36358),(90,27012),(92,25704)]	116.093706
973	[(2,20428),(5,25352),(6,23021),(7,195),(9,9519),(13,23740),(15,25985),(19,18286),(20,2741),(23,29553),(26,35419),(27,4915),(28,4158),(32,33050),(33,403),(34,32271),(35,33364),(37,16846),(39,12665),(41,5229),(43,22892),(44,2975),(46,12006),(48,8348),(50,3785),(51,6166),(54,31961),(55,36026),(57,14287),(58,13010),(59,34661),(60,18171),(63,6302),(64,7663),(66,36919),(67,14802),(69,23519),(71,18255),(72,17463),(73,32613),(74,8625),(77,8959),(79,10096),(80,9515),(81,23323),(84,6486),(85,24314),(87,556),(89,33119),(90,26128),(91,16230),(92,23512)]	112.973691
974	[(3,33686),(4,20474),(5,3894),(8,33348),(9,546),(10,17540),(12,16708),(14,34952),(15,18328),(16,10982),(17,13866),(18,26015),(19,4238),(20,33723),(21,33263),(22,19031),(23,4608),(26,20919),(27,15799),(29,27410),(30,4385),(33,18204),(35,4078),(37,13300),(38,31539),(41,33688),(43,9881),(44,22335),(45,19856),(46,1788),(47,30700),(48,12484),(49,30267),(50,3796),(51,14702),(52,10861),(53,2477),(54,888),(55,3462),(57,37440),(58,19482),(60,23570),(61,664),(62,9735),(63,1797),(65,26705),(69,33211),(71,25564),(74,18028),(77,29071),(78,21282),(80,24291),(82,17274),(83,35387),(84,6426),(86,11308),(87,28782),(91,24142),(92,16374)]	119.061040
975	[(0,1762),(1,4025),(3,14561),(4,15678),(5,15254),(8,28035),(9,9039),(10,9324),(12,32226),(13,22151),(14,10035),(15,30543),(16,30146),(18,29516),(19,30088),(23,33005),(24,32115),(26,11831),(30,26389),(32,33137),(33,27032),(34,15938),(36,17523),(37,316),(41,15450),(42,4278),(43,35250),(46,9283),(47,10254),(48,29567),(52,21821),(57,36762),(58,34859),(59,3703),(60,14910),(61,13167),(63,13082),(64,20462),(65,1045),(67,35968),(68,17464),(69,24421),(71,28330),(72,13283),(76,32812),(77,24610),(80,3653),(82,20212),(83,21395),(87,6040),(90,23168)]	107.938465
976	[(3,14177),(6,5933),(7,23056),(10,22233),(11,3801),(18,14062),(21,34930),(24,3329),(25,28761),(26,3534),(27,17596),(28,5107),(30,3132),(33,9169),(37,8599),(40,33234),(43,11944),(45,23287),(46,30711),(47,9733),(48,29555),(49,11867),(51,16209),(55,33166),(58,35252),(59,14500),(60,2059),(63,29700),(64,31946),(65,28104),(67,7151),(68,16219),(69,31558),(71,14294),(73,16635),(74,37492),(77,18916),(78,13765),(80,2688),(81,9405),(83,18775),(87,31977),(88,3550),(89,26778),(91,33243)]	107.435109
977	[(0,3625),(1,29789),(2,37244),(4,1099),(8,27153),(9,18655),(10,8311),(11,37284),(12,29624),(13,3925),(18,24513),(20,25981),(21,24860),(22,26365),(23,30724),(26,6857),(27,5295),(28,2599),(29,9397),(30,9846),(31,4444),(32,13897),(34,16198),(35,24104),(38,2703),(41,2344),(44,3549),(45,33356),(46,23700),(47,12433),(49,5910),(50,25311),(51,28833),(52,22178),(53,8422),(54,18057),(55,30420),(56,9833),(57,37048),(60,1674),(61,36924),(63,18422),(65,24336),(67,8070),(71,11167),(74,1459),(75,26665),(76,36630),(77,36167),(78,30889),(80,26932),(81,27959),(82,21268),(83,26119),(84,36633),(86,23656),(89,11915),(90,37166),(91,21461)]	114.594998
978	[(0,28008),(2,3849),(3,5731),(4,9826),(5,13747),(6,13421),(7,26341),(8,28352),(11,8004),(12,15934),(13,12617),(14,20065),(15,15231),(18,10958),(20,432),(21,32812),(22,24610),(25,10013),(26,27179),(27,18683),(29,13432),(30,22327),(33,20725),(34,17357),(35,28624),(36,8643),(37,19848),(38,1207),(39,9407),(40,23560),(42,36587),(43,15965),(46,25813),(47,13673),(49,3550),(50,26778),(53,28038),(55,8184),(57,34911),(58,3715),(59,6800),(62,22520),(63,10299),(67,17271),(68,29900),(70,5234),(71,2433),(72,26235),(76,3279),(78,27300),(79,28495),(80,28324),(81,8490),(83,35216),(85,5684),(86,16370),(87,22479),(90,20587),(91,2457),(92,25686)]	135.608204
979	[(4,36727),(5,29670),(9,20250),(10,17907),(11,7844),(12,29460),(15,26012),(18,32830),(19,14687),(20,10068),(21,20077),(22,6143),(25,23742),(26,9261),(34,9320),(37,18503),(38,19156),(39,35292),(40,23924),(41,1935),(42,10595),(43,1376),(44,25274),(45,12928),(46,20561),(47,12881),(51,30510),(52,20012),(55,8208),(57,13120),(58,16294),(60,15944),(61,3238),(63,14578),(64,7073),(66,6053),(67,1770),(68,23129),(69,37585),(70,17346),(72,1628),(73,30708),(75,14576),(76,26071),(78,31773),(79,11060),(85,24046),(86,27011),(87,26501),(89,31904),(91,11087)]	115.142134
980	[(0,12382),(1,16913),(4,30657),(7,26828),(11,22318),(12,13864),(15,8584),(16,1239),(17,11229),(19,28429),(21,31270),(24,26996),(26,11804),(27,6603),(28,17977),(29,3345),(30,14225),(31,36022),(33,14149),(35,31121),(37,33999),(41,4185),(46,37428),(52,34379),(53,22100),(60,2636),(61,27787),(62,36070),(64,32866),(66,35051),(68,23743),(69,16496),(70,8724),(71,21666),(73,36714),(74,2559),(77,17866),(78,30671),(79,7016),(82,31346),(85,26950),(86,1694),(88,29289),(89,1270),(90,7451),(92,15871)]	118.612444
981	[(5,20608),(8,12855),(10,12235),(11,18009),(13,17832),(18,26464),(19,18645),(21,14419),(22,15891),(27,24399),(28,8406),(29,7269),(30,16739),(31,27886),(32,17034),(33,32437),(34,13506),(35,15417),(37,21623),(38,23915),(39,30200),(41,9252),(44,31349),(45,8430),(47,27027),(49,31043),(50,17582),(51,36340),(53,15704),(55,36673),(56,29322),(58,8931),(61,26700),(62,26064),(64,2125),(66,32390),(67,35749),(73,4023),(77,7387),(78,21401),(81,10282),(85,7325),(86,37202),(89,27695),(90,31193),(92,23444)]	113.960581
982	[(0,29149),(3,3107),(4,31852),(5,13770),(6,13155),(7,2087),(8,37258),(9,36124),(10,7072),(11,35922),(12,18915),(13,6940),(14,30186),(15,14122),(16,15232),(17,15050),(18,17854),(19,36115),(20,1932),(22,9285),(25,1119),(27,19642),(28,20663),(29,3968),(30,36123),(31,31583),(32,32951),(33,12123),(34,16014),(36,30923),(37,16588),(38,11348),(39,17698),(46,19030),(48,23277),(50,12826),(51,13976),(52,4600),(53,23692),(54,25148),(58,18885),(63,20325),(64,22365),(66,33658),(67,16857),(68,22446),(69,24327),(71,28261),(73,22494),(74,15533),(75,11755),(76,33591),(77,10709),(78,2188),(83,907),(84,10672),(88,29265),(90,11901),(91,24560)]	127.462109
983	[(0,35302),(1,29182),(2,22008),(4,17199),(7,33001),(9,30385),(12,35680),(14,36955),(15,4053),(18,11001),(20,37566),(22,10218),(23,20305),(25,10424),(26,18709),(31,36758),(32,10208),(34,22462),(35,3856),(36,26858),(37,8411),(39,32979),(41,27507),(43,28856),(44,25512),(46,23129),(48,19608),(50,17417),(51,27180),(52,7641),(53,21393),(55,10616),(58,2776),(60,27081),(62,6195),(65,2382),(68,4114),(69,10412),(71,14808),(72,31938),(75,12773),(77,21577),(79,25725),(81,19883),(83,33968),(85,9577),(86,29642),(89,16621),(91,9859)]	117.419670
984	[(0,5259),(1,34702),(2,30179),(3,33656),(6,10506),(8,14206),(11,8204),(12,24897),(13,27861),(15,35927),(16,18790),(17,2207),(18,35686),(20,27286),(21,25173),(22,8975),(24,5678),(25,25507),(28,1345),(29,30149),(31,25324),(32,9377),(34,20263),(35,2989),(36,17870),(37,19986),(38,36912),(39,118),(41,20001),(43,14530),(44,35706),(47,28543),(48,29449),(51,5971),(52,30352),(53,16301),(54,15610),(57,18292),(58,23259),(60,35445),(61,8117),(62,9965),(63,2028),(65,36307),(67,34350),(68,23519),(69,19372),(71,34817),(73,17492),(78,34100),(79,12271),(82,11978),(83,22433),(86,14060),(87,16441),(88,15552),(89,1236)]	113.137577
985	[(0,25037),(1,34229),(13,9927),(14,5516),(15,14613),(16,33562),(17,35201),(18,9772),(19,33852),(20,27412),(21,2333),(22,15665),(26,10215),(27,6504),(28,29194),(29,7539),(32,15712),(33,35877),(34,26110),(35,10843),(36,28114),(38,13214),(39,30559),(40,5472),(41,6009),(44,29080),(47,3),(48,25028),(53,1927),(54,10078),(58,18536),(59,23432),(60,22130),(61,1161),(64,11124),(66,8918),(67,15835),(69,14418),(70,20645),(74,6046),(76,350),(78,18329),(80,15475),(81,909),(82,19985),(83,3150),(84,26003),(85,28918),(86,9239),(90,12252),(91,21422),(92,19808)]	117.729167
986	[(1,36283),(2,5080),(3,18037),(4,14329),(5,8365),(7,14501),(9,12582),(10,24393),(11,13720),(13,14666),(15,6731),(19,8393),(20,36586),(21,746),(23,37414),(25,27176),(28,13080),(29,32172),(32,6969),(33,26398),(34,26354),(35,19475),(38,2195),(40,19742),(41,1309),(46,3221),(47,4509),(48,19473),(51,8948),(57,33048),(58,28287),(62,36419),(63,5793),(65,3599),(66,29204),(67,11868),(69,21810),(71,31262),(72,28495),(73,8047),(78,18589),(79,19111),(82,31266),(85,31624),(86,24246),(87,12640),(89,10059),(91,31338)]	115.517404
987	[(0,4362),(1,15688),(4,21563),(6,18061),(7,20592),(8,21170),(9,23698),(10,946),(11,8913),(13,19781),(15,8153),(16,32224),(17,36121),(18,22723),(21,5784),(22,36859),(27,21829),(29,9723),(31,12863),(32,22352),(35,4572),(41,26174),(44,31672),(45,17905),(46,4219),(47,4514),(49,7591),(52,22701),(53,23206),(55,25829),(56,6214),(59,1699),(63,9932),(64,5328),(65,18741),(66,17728),(67,32689),(68,33476),(70,36036),(71,26794),(72,20752),(73,14582),(74,11516),(76,29825),(78,27678),(79,17943),(80,13263),(81,2146),(82,6266),(85,1674),(86,10381),(87,28522),(88,34357),(89,11989),(90,34945),(91,12406),(92,26901)]	135.066104
988	[(1,30168),(4,25795),(5,12948),(7,205),(8,25943),(9,26668),(12,35882),(13,35807),(15,20284),(19,23839),(20,36498),(22,21760),(23,27028),(24,10976),(25,25017),(27,7883),(28,31430),(29,21829),(31,31866),(32,7782),(33,30550),(37,23282),(43,145),(44,33679),(45,31920),(47,29351),(48,16069),(49,2346),(51,22661),(52,27659),(54,13759),(55,18040),(56,13546),(59,11337),(60,31673),(63,1405),(65,29881),(66,20329),(67,7509),(70,28157),(72,36103),(73,17004),(74,29118),(78,7939),(80,10655),(81,34796),(82,7063),(85,11207),(87,26154),(89,37482),(92,3835)]	130.695143
989	[(1,37169),(2,3911),(4,4975),(5,13860),(6,34962),(9,19124),(10,30501),(12,13197),(13,25042),(15,36542),(16,10571),(18,990),(19,13432),(20,12929),(21,30074),(23,13957),(24,30864),(25,36757),(26,27349),(28,1225),(29,27898),(30,6124),(31,11221),(32,31718),(34,2637),(35,10483),(36,28539),(39,12942),(40,19203),(42,15563),(44,35037),(49,34994),(52,11041),(53,36485),(55,30246),(56,19165),(57,27788),(60,15299),(61,35033),(62,10011),(63,29885),(64,21297),(66,32308),(68,29743),(74,6015),(77,24084),(78,22477),(79,9949),(81,20359),(82,22597),(83,520),(85,21977),(87,10253),(88,23331),(90,6652),(92,23133)]	112.521769
990	[(2,15743),(3,4402),(6,18487),(11,4775),(12,24441),(13,35068),(14,34445),(15,9716),(18,30578),(21,24767),(22,36417),(23,23328),(24,15415),(26,30281),(32,35725),(36,25934),(37,16186),(39,24238),(40,6655),(41,14561),(43,17411),(44,23351),(45,33924),(47,35209),(48,25374),(51,22359),(53,28347),(54,4873),(57,28451),(59,13764),(60,23458),(61,28718),(63,309),(65,7702),(66,23710),(69,32841),(70,2074),(72,28066),(73,14209),(76,25997),(77,21253),(78,28692),(79,15238),(80,17679),(81,28305),(82,34103),(83,16895),(84,15756),(86,11385),(87,10510),(90,12556),(91,14216)]	114.598975
991	[(2,28567),(3,23966),(4,2638),(5,19232),(7,13276),(9,33965),(12,13195),(18,29474),(19,16016),(20,35005),(21,23028),(23,36052),(24,25870),(25,24242),(26,33303),(27,24960),(28,23811),(29,23245),(30,35765),(32,21282),(33,20406),(36,9060),(39,12386),(40,10809),(41,21233),(43,29116),(44,28176),(45,21909),(46,5700),(48,22427),(49,33797),(50,20377),(51,12078),(52,14752),(54,3947),(55,14583),(56,24937),(59,7700),(60,16864),(63,23591),(64,3203),(65,24944),(66,21040),(67,31769),(68,9036),(70,31559),(74,16226),(75,27445),(76,328),(77,23912),(78,30373),(79,18998),(80,12901),(82,29107),(83,9313),(87,357),(88,36156),(89,17382),(91,20172),(92,26338)]	236.323306
992	[(0,25780),(2,20547),(3,15258),(4,34286),(5,30513),(7,12273),(8,23109),(9,15425),(10,17140),(11,30889),(13,28826),(15,9471),(18,33407),(19,3013),(21,22865),(24,5933),(25,13806),(27,22148),(29,11567),(30,13819),(32,29706),(34,9451),(36,7647),(37,9440),(38,14284),(41,14787),(42,24663),(43,2321),(44,4518),(45,30625),(47,12403),(48,21243),(49,24378),(51,18588),(52,6639),(54,28070),(55,18266),(56,23633),(58,26260),(59,12377),(61,13118),(65,35284),(67,4766),(68,12680),(69,10610),(72,6736),(73,34804),(74,12011),(75,22818),(76,11439),(78,35160),(79,32284),(80,25386),(82,28812),(83,6744),(86,7026),(87,20184),(89,9948),(90,11451)]	248.484630
993	[(0,30285),(3,3240),(4,27067),(5,36833),(6,1613),(7,16808),(8,6210),(9,26122),(10,34305),(11,21937),(13,25242),(14,13671),(16,27463),(17,4147),(19,7378),(21,31275),(23,25573),(26,27575),(28,29897),(29,5438),(31,30480),(32,2255),(39,22905),(40,8445),(46,25308),(47,2025),(48,6123),(49,10876),(50,15737),(51,30492),(54,29841),(55,15587),(59,36329),(60,37088),(61,11111),(62,1322),(63,3345),(64,3801),(65,4793),(66,9838),(67,28687),(68,33659),(69,9289),(70,33674),(71,34579),(73,6999),(74,22961),(78,16966),(79,17862),(80,26760),(82,5691),(84,11649),(88,15161),(89,23322),(90,25488),(92,23681)]	260.337636
994	[(0,7171),(4,11919),(5,16616),(10,30158),(11,24161),(12,27799),(13,15697),(15,22974),(17,6689),(18,25726),(19,30319),(20,35009),(21,14957),(22,224),(24,21874),(26,6052),(27,29944),(30,12337),(31,20903),(32,6064),(33,12523),(35,33163),(36,20582),(37,28377),(40,9747),(44,37259),(45,21234),(46,18124),(49,6638),(52,30911),(54,887),(55,35245),(56,30423),(57,31497),(58,11641),(64,13657),(65,2568),(66,25087),(67,6409),(69,30631),(73,26689),(74,17051),(77,35257),(78,26242),(79,4746),(81,11427),(82,8055),(84,1605),(85,17989),(88,25875),(92,2938)]	234.339056
995	[(0,12868),(1,11627),(2,34578),(6,11938),(10,28133),(12,18192),(13,156),(15,11839),(16,2122),(18,16004),(19,31700),(20,36083),(21,10500),(22,8640),(24,264),(25,5630),(26,22811),(27,16529),(29,26282),(30,16483),(31,16825),(33,29088),(34,2569),(35,35522),(36,29896),(37,13039),(39,4151),(40,15959),(43,34742),(45,22483),(46,15154),(48,27583),(50,6263),(53,23384),(54,950),(55,22539),(57,34383),(59,5892),(61,37464),(62,17912),(63,24035),(66,30140),(67,27882),(68,2791),(69,30367),(70,35483),(72,34974),(73,3756),(74,32468),(76,8674),(77,30864),(79,17711),(80,755),(81,12391),(83,21426),(84,21181),(86,29892),(88,7920)]	239.816007
996	[(0,2185),(3,5730),(4,1024),(6,21823),(7,12257),(8,21179),(9,15876),(11,16533),(14,35532),(15,30943),(16,6163),(19,18482),(20,29127),(21,22456),(22,8192),(23,25891),(24,28122),(25,21797),(27,1354),(28,15270),(31,30443),(36,28887),(38,17966),(39,37097),(41,20621),(42,13939),(43,32954),(44,32796),(47,14173),(48,14215),(49,619),(50,32339),(51,4884),(53,20790),(54,4054),(55,33882),(56,4935),(57,18867),(59,17688),(61,8872),(62,2115),(63,22200),(66,3424),(67,28239),(68,23220),(69,25273),(71,36174),(72,33414),(74,32190),(75,3824),(76,36393),(77,2625),(78,34894),(80,20001),(84,26716),(85,37089),(86,19268),(88,35642),(89,3573),(90,12424),(91,36551)]	251.947461
997	[(0,17820),(1,235),(2,29616),(3,24597),(5,14058),(7,6439),(8,8061),(9,19267),(12,15022),(13,30631),(17,4360),(18,4623),(19,12743),(20,5467),(21,35370),(23,32088),(24,6967),(25,34479),(26,18378),(28,21974),(29,1321),(30,11676),(34,6954),(36,15837),(37,25874),(38,35971),(39,11776),(40,31809),(41,20026),(47,2487),(50,36946),(51,12881),(53,9973),(57,34297),(59,9365),(60,8865),(61,32715),(62,22497),(64,34410),(67,23758),(69,3676),(73,36866),(74,8159),(78,23705),(80,6731),(81,35592),(82,10999),(85,24325),(86,12285),(87,3744),(91,28003),(92,26898)]	254.487012
998	[(0,10000),(4,3686),(5,20106),(7,4650),(8,16981),(10,5438),(13,12741),(14,32072),(17,32463),(18,10770),(19,31807),(22,4062),(25,26272),(28,12420),(31,14142),(32,12758),(34,10742),(38,33781),(39,25434),(40,35472),(42,9290),(45,20536),(48,33622),(49,13821),(50,19702),(51,22244),(54,33562),(55,35201),(56,25169),(57,17150),(60,7841),(61,10793),(62,29897),(63,5438),(66,9423),(69,32723),(72,8147),(73,4351),(74,23781),(77,16684),(78,2490),(79,21101),(80,989),(81,9385),(83,26943),(84,31013),(87,11275),(90,2532),(92,13833)]	252.788763
999	[(0,29530),(3,1789),(5,30431),(6,22391),(7,33606),(8,17896),(9,30436),(11,2247),(14,1683),(15,16488),(18,6517),(21,26606),(22,12798),(25,1150),(30,30570),(32,33765),(34,1495),(36,24141),(38,21688),(40,13060),(42,32598),(44,4261),(46,12479),(47,28933),(50,7339),(51,3079),(52,1053),(53,29394),(55,23959),(56,30209),(62,36755),(66,5640),(67,9861),(68,32276),(69,4823),(71,25616),(72,7827),(73,5615),(74,6348),(80,13459),(81,15909),(82,6536),(83,25301),(85,8710),(87,4707),(88,27617),(89,10706),(90,17817),(92,17937)]	247.191256
