ruleset_index	matches	time_ms
0	[(0,27644),(2,24782),(3,29712),(4,15704),(6,35353),(11,20123),(14,32889),(16,26862),(17,10691),(18,30678),(22,36273),(24,1806),(27,26971),(29,30966),(33,2083),(34,33498),(35,10782),(37,5120),(38,26688),(40,4356),(41,11647),(42,13430),(43,25164),(47,8784),(49,33705),(52,19186),(53,16930),(54,5423),(55,20125),(56,26339),(57,42),(58,27015),(59,16036),(60,19763),(64,2838),(65,28429),(67,10096),(68,10808),(69,16549),(70,8947),(71,36428),(73,12292),(74,9210),(78,8117),(79,13025),(80,6890),(82,11789),(84,20111),(86,1900),(88,30237),(89,35490),(92,21983)]	163.804026
1	[(0,30541),(4,7703),(5,16525),(7,16743),(9,15744),(11,26426),(12,35888),(14,24107),(15,33567),(17,17570),(19,27777),(20,3740),(21,31370),(22,6007),(23,3094),(26,11056),(28,13992),(31,33416),(34,14947),(35,28068),(40,16190),(42,4713),(43,19785),(44,21965),(46,16837),(48,8613),(49,36101),(50,21407),(59,28216),(61,34281),(63,11687),(66,11617),(67,6731),(68,26762),(69,25038),(70,22517),(71,14751),(72,24175),(73,15575),(74,19190),(75,32362),(76,17341),(79,16094),(82,23838),(83,721),(84,23828),(89,665)]	108.547975
2	[(1,34736),(2,20659),(4,19466),(5,29565),(9,1666),(12,31606),(16,6082),(17,16563),(19,35196),(23,10830),(24,30814),(27,20128),(29,1821),(30,28960),(31,15187),(32,35814),(33,15679),(34,9071),(35,27154),(36,15506),(38,27644),(39,10796),(41,27677),(43,11022),(44,12043),(48,13268),(51,14050),(52,31364),(53,30295),(54,32728),(55,34984),(57,13858),(58,27727),(60,8024),(63,19573),(64,13025),(65,6890),(67,14466),(71,12076),(72,24512),(75,13220),(77,31667),(79,973),(81,9445),(82,36438),(83,4915),(85,33543),(86,33776),(87,16473),(89,17756),(91,14839)]	121.890355
3	[(0,20900),(1,659),(4,8059),(6,4503),(7,14437),(8,8120),(9,5451),(10,22071),(14,27843),(16,19197),(17,10256),(19,1340),(20,13308),(21,5139),(24,8692),(25,35143),(26,33912),(28,20706),(31,28658),(33,3374),(41,15422),(42,16094),(44,14196),(45,11200),(47,27717),(48,28657),(49,18586),(50,8010),(51,25763),(53,23874),(55,29724),(59,1956),(62,32103),(65,19404),(67,30598),(68,23035),(69,28050),(74,12070),(76,34000),(77,16208),(78,24818),(79,10512),(80,12003),(81,4555),(82,11340),(85,24626),(86,5871),(89,29054),(90,6568)]	136.124826
4	[(0,14904),(1,2986),(4,25270),(5,34362),(6,27402),(7,17868),(10,10030),(11,16458),(12,18996),(13,20662),(15,320),(16,22998),(22,28531),(23,8197),(25,3905),(27,33519),(29,880),(35,29881),(36,19159),(37,35896),(38,17750),(39,13439),(42,22050),(43,21344),(45,7438),(46,14956),(48,9825),(49,11751),(50,4894),(51,17732),(55,29462),(56,24976),(57,5013),(60,20299),(66,20380),(67,1359),(70,26313),(72,1883),(73,22426),(75,34149),(79,6155),(80,11674),(81,31582),(82,4544),(83,99),(85,13454),(86,4209),(87,12916),(89,33816),(92,26558)]	134.938865
5	[(1,22308),(2,646),(3,18219),(5,17226),(6,22746),(10,32811),(13,13964),(17,9804),(18,16696),(21,21797),(23,1615),(25,1380),(27,36562),(29,1724),(30,3675),(31,14253),(32,26838),(33,8511),(34,30610),(35,26498),(36,30280),(37,26578),(39,15896),(40,24152),(41,12320),(45,8723),(46,15814),(48,26122),(49,22262),(50,14410),(51,1586),(52,13999),(53,20742),(57,8204),(59,17183),(62,12770),(64,20084),(66,11518),(67,20897),(68,8661),(70,20775),(71,20127),(73,34428),(74,7946),(75,25413),(78,24114),(80,17361),(81,29810),(83,23211),(84,17656),(85,28724),(86,10448),(90,32403),(91,32438)]	114.969435
6	[(0,32179),(1,31162),(2,12078),(3,2920),(4,18276),(5,5038),(6,3809),(8,30760),(9,13282),(10,20002),(14,9574),(15,12971),(16,33091),(18,16783),(19,8002),(20,25072),(21,25613),(24,9280),(30,15429),(33,29020),(36,5445),(37,5773),(38,32060),(40,3982),(43,33053),(46,26824),(47,9516),(49,25952),(52,15556),(54,12554),(55,35452),(56,36602),(57,28471),(58,35977),(59,6541),(61,27596),(62,10951),(65,31095),(66,17145),(67,18955),(68,5902),(72,32784),(73,20739),(74,6127),(76,4712),(78,15757),(79,32484),(80,4407),(81,18905),(82,19031),(85,10597),(89,18134),(92,33303)]	123.352609
7	[(0,28113),(1,2209),(2,21212),(6,6330),(9,3703),(12,10511),(14,7002),(15,17062),(16,21882),(17,1180),(18,31478),(21,17818),(23,35547),(24,6524),(26,19871),(27,14349),(28,21027),(31,6881),(32,36623),(34,42),(38,13823),(39,23252),(40,23530),(41,18882),(43,6670),(45,17303),(50,23355),(51,3709),(52,33455),(53,22644),(55,16452),(57,19587),(59,2877),(60,32513),(61,18508),(65,30915),(66,36008),(67,17684),(69,6352),(71,14438),(72,3),(73,9008),(75,17786),(77,17039),(78,24000),(79,32616),(80,22478),(81,375),(86,36119),(87,32247),(88,6122),(90,27274),(91,36542)]	125.665516
8	[(3,14166),(4,9181),(5,12118),(9,8558),(10,14744),(12,23144),(13,34975),(14,17931),(15,17635),(18,22222),(23,16191),(24,20427),(25,6175),(28,8079),(29,16989),(30,25724),(31,35302),(32,10292),(33,1413),(34,8569),(35,12997),(37,27372),(39,31214),(42,14987),(46,32524),(51,32318),(54,27843),(55,25882),(58,20038),(59,14595),(62,33443),(64,171),(65,31184),(70,25305),(71,18491),(72,31742),(76,8577),(78,18940),(80,32751),(81,1022),(85,29778),(86,1223),(87,12371),(88,3039),(89,20971)]	117.759663
9	[(0,22313),(1,35864),(2,4509),(5,28403),(7,29497),(9,20893),(12,26538),(14,7986),(15,13798),(16,19204),(17,10818),(18,29358),(20,26007),(25,22620),(26,16825),(27,14444),(28,28071),(29,33435),(30,9913),(31,3223),(32,19643),(34,10376),(35,12758),(36,6020),(37,25578),(41,590),(47,3018),(48,26829),(52,32950),(55,12755),(57,16470),(58,28058),(60,18361),(61,4390),(63,5350),(64,164),(69,4292),(70,24874),(71,5652),(72,14435),(73,34207),(74,26475),(76,32025),(77,15475),(80,14268),(81,1611),(84,14292),(85,12263),(86,34499),(87,26188),(88,10736),(89,25526),(92,36661)]	111.211151
10	[(3,21901),(6,21204),(7,28369),(9,21592),(12,12985),(13,25369),(14,14669),(16,23719),(21,28177),(27,19853),(31,23604),(32,20055),(33,14808),(37,10310),(40,4757),(41,22380),(42,13732),(44,30363),(46,663),(47,33718),(48,25594),(49,25925),(50,453),(51,16629),(54,18732),(55,8503),(58,24098),(59,11031),(62,20013),(63,17661),(64,22171),(66,27541),(67,25817),(68,1851),(69,11823),(71,28519),(72,32807),(73,6475),(76,30742),(79,14294),(80,7638),(82,13678),(83,2678),(84,2270),(85,32250),(86,23975),(87,9521),(92,18691)]	131.099897
11	[(0,14923),(1,24355),(3,20885),(5,13220),(6,35578),(10,35152),(11,33549),(12,34312),(13,6718),(15,5196),(17,36726),(23,25897),(24,883),(26,30926),(27,13461),(28,29274),(29,6129),(31,13012),(33,28671),(35,17070),(36,28417),(38,18810),(42,8535),(44,36654),(46,6792),(48,25376),(49,34391),(53,5628),(54,19319),(55,2371),(58,20610),(59,23927),(60,5733),(62,3893),(63,14483),(64,29286),(65,28365),(66,17886),(67,23433),(70,251),(71,30800),(73,7471),(74,3936),(76,750),(77,6776),(84,13031),(85,36064),(86,17491),(89,30812),(90,18278),(92,34907)]	132.259981
12	[(1,672),(2,13134),(5,18105),(6,22242),(7,8627),(8,3170),(10,14088),(11,5670),(12,32583),(13,24273),(17,7747),(19,8184),(20,430),(21,31473),(24,20098),(26,10373),(27,2041),(28,30411),(29,21196),(32,4260),(33,19467),(36,3516),(39,4520),(41,27313),(43,5847),(45,11807),(47,31060),(48,23576),(50,17360),(51,375),(52,18675),(53,3511),(54,14751),(55,24175),(56,15575),(57,9955),(58,30628),(59,496),(62,2485),(63,31885),(64,31419),(65,32042),(67,20808),(68,174),(69,13711),(73,919),(75,28549),(76,3594),(77,30338),(79,30007),(80,7986),(81,13798),(85,2712),(86,26617),(88,20624),(91,23178),(92,13430)]	148.704945
13	[(1,16146),(5,21685),(6,34572),(7,3962),(10,14465),(11,33635),(12,15663),(13,27831),(14,26278),(16,36208),(17,24076),(21,12068),(23,26063),(24,5189),(26,15778),(31,4436),(32,13182),(34,35755),(35,3581),(37,14890),(38,16271),(40,17130),(41,34953),(42,9689),(43,29902),(45,8255),(47,23797),(48,13789),(50,4587),(54,22302),(55,35873),(58,32086),(60,15467),(61,17576),(66,10793),(67,23517),(71,26617),(73,20506),(74,31172),(75,23404),(76,20640),(78,20903),(79,28164),(80,21600),(81,17534),(82,21549),(83,9658),(85,22410),(86,35235),(90,20898)]	114.587285
14	[(1,31512),(2,15258),(3,4609),(6,7837),(8,32617),(12,27327),(14,2762),(17,11987),(18,19805),(19,35111),(20,7159),(22,18500),(23,19032),(24,10816),(25,21168),(26,31424),(27,3896),(32,28011),(33,13407),(34,2675),(36,28998),(38,12780),(40,801),(42,6535),(43,1635),(49,20744),(53,6668),(54,17330),(56,2882),(57,24625),(60,32503),(62,26004),(63,15958),(66,22505),(67,836),(69,29344),(70,34933),(71,6614),(72,5474),(73,34128),(74,34785),(77,35058),(81,23350),(83,24688),(84,22812),(86,24604),(87,18277),(89,17738),(90,24433),(91,11120),(92,30865)]	114.771593
15	[(0,20692),(1,30908),(2,12940),(3,25272),(6,13145),(7,34083),(8,22837),(9,35368),(10,9216),(13,30742),(14,26679),(17,20166),(18,30969),(19,15929),(22,15805),(23,18749),(24,14125),(25,10670),(26,23679),(27,14448),(28,13104),(30,3627),(31,12103),(33,5712),(34,27400),(41,4984),(42,6061),(44,1257),(46,31956),(47,30434),(48,13388),(49,35382),(50,25084),(53,15709),(55,12410),(56,31926),(58,18540),(59,22971),(61,8425),(63,17233),(64,3549),(65,26523),(67,5867),(69,1974),(73,31186),(74,33879),(75,14545),(87,9021),(88,18006),(89,26048),(90,30387),(91,7608),(92,23952)]	115.258271
16	[(4,25814),(8,30709),(10,14755),(11,1),(12,8998),(14,5025),(16,24885),(17,23740),(21,2445),(22,33159),(24,2415),(26,23156),(27,5902),(30,6296),(31,31880),(33,20700),(34,22232),(35,35785),(40,8420),(42,9028),(43,35021),(45,32262),(48,10982),(54,36171),(55,20146),(60,4135),(61,2096),(62,27145),(65,25179),(75,1125),(78,3004),(86,5793),(87,14827),(91,28648)]	128.141626
17	[(1,12873),(4,28448),(5,36435),(7,25828),(8,24591),(10,4787),(11,28879),(12,19017),(14,35207),(15,13146),(16,30752),(17,13187),(18,18775),(19,6777),(20,7217),(21,33468),(22,35285),(23,18542),(24,15367),(26,27202),(28,30524),(30,36409),(32,30016),(34,10058),(35,13827),(36,10676),(37,6673),(39,8229),(42,8878),(44,5808),(46,3773),(51,1387),(56,1451),(57,20425),(58,11321),(60,30121),(61,29786),(62,967),(63,29752),(64,23695),(65,9299),(69,32195),(70,30149),(71,14737),(72,11259),(73,35340),(74,15525),(75,22835),(77,20373),(81,15006),(83,24132),(85,3185),(88,11361),(90,28971),(91,16553)]	116.814640
18	[(3,6625),(4,16871),(5,36255),(10,9408),(11,28821),(13,4118),(14,11271),(15,20873),(16,18391),(17,3362),(18,7383),(22,23617),(23,27332),(26,29380),(28,27814),(31,1595),(32,32091),(34,10345),(35,6371),(36,1048),(38,36187),(39,24337),(40,22173),(41,22957),(42,33044),(43,27716),(48,34285),(49,28566),(50,26111),(51,21732),(53,25266),(58,15076),(59,8173),(61,30003),(62,27559),(63,18816),(64,27437),(65,4471),(66,24743),(67,10501),(68,4641),(70,30141),(71,4362),(74,2291),(75,29501),(77,15923),(78,25399),(79,9464),(80,25070),(82,29041),(83,29363),(85,4657),(86,20781),(90,24742),(92,31319)]	113.671172
19	[(0,30523),(1,31872),(2,16744),(5,5830),(8,17443),(11,3767),(12,13772),(13,25453),(14,9306),(15,7239),(16,22066),(17,17380),(18,19519),(20,32710),(27,1032),(28,22773),(32,11001),(34,5938),(37,14782),(40,27398),(41,24774),(43,9693),(45,15311),(46,36342),(47,20363),(48,3862),(49,12018),(50,25535),(51,13066),(52,22245),(53,31598),(56,36542),(57,12573),(60,14094),(67,35341),(69,20011),(71,28482),(80,9431),(82,23872),(87,1317),(88,25199),(90,11330),(92,7751)]	132.921126
20	[(0,14305),(1,22449),(3,34038),(4,13942),(5,7755),(8,15617),(9,4770),(10,27959),(11,32125),(14,24392),(17,33188),(18,11328),(22,35165),(26,33322),(28,3168),(29,3632),(30,17132),(31,11863),(34,27120),(37,12031),(38,32807),(39,6475),(42,8838),(43,25822),(46,25771),(48,30481),(49,6538),(51,24826),(54,34982),(57,13166),(58,27846),(59,9350),(62,14468),(63,8099),(64,2811),(65,18656),(68,20562),(71,25985),(72,2320),(76,4881),(77,12074),(78,17875),(80,20272),(81,30371),(84,30210),(85,7104),(86,18891),(88,6213),(90,15609),(91,27444)]	140.250191
21	[(0,14877),(1,29123),(3,3854),(4,6501),(7,8643),(10,4088),(16,13582),(18,19356),(23,3999),(24,35549),(25,10520),(26,22661),(27,4372),(29,21288),(30,12434),(31,306),(32,32472),(34,32187),(35,2551),(41,12086),(45,16255),(47,24139),(48,20169),(50,19806),(52,32118),(53,17458),(54,7890),(56,15973),(57,7034),(59,33944),(62,33122),(66,26620),(67,13107),(69,21064),(70,22818),(71,6164),(72,7953),(74,10089),(75,2263),(77,27425),(79,10098),(81,31194),(84,16875),(86,525),(92,22777)]	117.546337
22	[(1,9604),(6,12090),(7,24137),(8,32949),(9,29749),(10,6440),(11,19399),(13,15744),(14,25659),(15,20602),(18,6640),(21,17043),(22,29716),(23,28809),(24,31000),(25,26281),(26,25007),(28,36656),(29,27852),(32,8775),(33,29231),(34,21806),(36,17062),(37,21882),(38,1180),(39,4861),(42,29173),(43,4751),(44,3617),(46,1764),(47,537),(48,34505),(51,11505),(54,18772),(55,11039),(56,1165),(60,23267),(62,9195),(63,10481),(64,4562),(65,18535),(68,2776),(70,36260),(73,8391),(75,9151),(76,21381),(78,18295),(79,20047),(80,33897),(84,9255),(86,28341),(89,29171),(90,13190),(91,23433)]	123.804556
23	[(0,14606),(2,32548),(3,11708),(4,4010),(5,14183),(8,27614),(10,19041),(12,27957),(13,34164),(14,5047),(15,7561),(16,14545),(17,23757),(18,7420),(19,22354),(23,4993),(27,17622),(28,16002),(29,22206),(32,7251),(33,20343),(34,32421),(35,8680),(36,10514),(40,28847),(42,34849),(44,8686),(45,29873),(49,29874),(51,16757),(56,14531),(59,19064),(62,16419),(63,21976),(70,8928),(71,26151),(72,22962),(74,30228),(77,25406),(79,34279),(81,19390),(82,2362),(83,4816),(86,10482),(92,25357)]	127.746187
24	[(0,5500),(4,13120),(6,35176),(8,20212),(9,33514),(10,7802),(14,22743),(15,15381),(17,9939),(18,35547),(19,3023),(22,26452),(24,19797),(28,30702),(29,18470),(32,13942),(34,2019),(35,24404),(36,34974),(37,11767),(41,289),(42,17306),(44,20777),(45,11544),(46,6031),(47,24843),(48,1174),(50,35737),(52,22952),(53,26540),(55,24591),(57,28772),(59,18726),(60,14386),(61,5561),(63,15580),(66,17686),(67,19885),(68,34063),(69,25606),(71,16731),(73,6800),(76,11018),(78,22868),(79,31316),(81,29965),(82,16161),(86,10311),(87,23896),(88,3703),(90,24326),(92,15636)]	118.010774
25	[(1,13631),(4,6976),(6,30465),(8,35939),(10,11760),(13,18542),(14,31531),(16,27384),(18,10360),(20,19690),(23,6904),(25,14877),(27,8221),(29,12306),(30,10964),(31,16272),(32,6656),(33,9291),(35,33180),(36,464),(38,16914),(40,3198),(41,19056),(42,2313),(43,22171),(45,27247),(46,36328),(47,17098),(48,13315),(52,8698),(55,8378),(56,24435),(57,3351),(59,20302),(60,33732),(61,7823),(62,3790),(65,10264),(66,13700),(67,10830),(68,30814),(69,25429),(70,29610),(71,16537),(73,29743),(75,25046),(76,35951),(77,23604),(78,20055),(79,14808),(80,2958),(84,22501),(85,5238),(86,1567),(87,35843),(90,9739),(91,15894)]	111.080715
26	[(1,28576),(2,30792),(4,403),(6,19813),(10,28096),(15,7431),(16,6303),(17,8941),(21,26125),(22,31502),(30,12215),(31,36422),(40,10036),(41,25625),(43,4975),(44,26390),(45,30891),(46,11179),(48,31424),(50,3988),(52,24322),(55,26305),(56,18573),(58,3310),(61,12732),(62,27802),(63,24717),(64,33992),(66,2098),(67,5358),(68,13113),(69,27183),(70,17901),(71,22515),(72,7642),(73,26804),(74,35273),(76,33290),(79,2655),(80,29030),(81,26942),(83,3481),(85,35401),(86,3422),(87,27615),(88,430),(89,6744),(91,1949)]	111.508756
27	[(0,31063),(2,15553),(4,28788),(7,14841),(8,36637),(9,23563),(10,34387),(12,31830),(16,31024),(17,4625),(18,26758),(19,24243),(20,36355),(21,18653),(22,2692),(23,35731),(28,8543),(29,6353),(30,31553),(31,1001),(33,1781),(36,17155),(37,32442),(40,14193),(43,19619),(45,28010),(46,12477),(47,36453),(48,7038),(49,16900),(50,26159),(52,26989),(53,26476),(54,13890),(55,33618),(57,9198),(58,33136),(59,36),(61,6320),(62,23551),(63,7087),(64,36569),(73,12021),(75,13126),(76,26899),(77,33780),(79,34548),(82,35153),(83,35218),(84,13961),(86,12445),(89,26645),(91,16554),(92,36125)]	125.537654
28	[(0,2642),(3,3057),(4,35157),(5,26490),(6,22567),(10,13568),(11,27511),(12,18609),(13,5593),(15,7914),(20,28172),(23,26414),(24,22732),(25,13649),(27,33522),(32,15117),(34,28524),(36,32985),(39,28223),(40,29886),(42,20508),(43,16282),(45,5291),(50,33853),(54,16842),(55,5188),(57,33894),(59,23759),(60,35468),(61,23364),(62,8693),(65,8398),(66,6781),(70,17598),(71,7746),(72,3614),(74,33793),(77,31647),(79,32256),(80,17448),(82,665),(83,28019),(85,8533),(86,12905),(88,32349),(89,20760),(90,13753)]	117.555959
29	[(3,4432),(4,29333),(5,10730),(7,320),(10,34725),(11,36338),(13,36395),(14,4622),(16,14731),(17,33733),(19,19384),(20,5945),(21,4322),(26,7231),(28,18161),(30,23814),(31,3754),(32,15631),(34,36445),(35,8743),(36,22168),(37,12531),(38,20511),(40,33341),(42,3422),(43,34462),(45,1985),(47,29794),(49,20596),(50,32462),(51,15883),(53,4720),(56,6464),(57,31685),(60,17793),(61,3320),(66,31580),(67,18448),(68,9254),(70,15113),(71,8443),(72,26885),(73,10783),(75,17078),(76,12393),(77,23931),(79,30853),(80,14190),(82,13877),(83,29350),(85,26706),(87,23490),(88,10341),(89,15770),(90,31104),(92,29606)]	133.644141
30	[(1,32783),(2,27340),(3,35401),(6,10169),(7,10646),(8,4276),(10,33621),(11,5488),(13,9814),(14,17167),(15,28687),(16,32796),(17,4302),(18,32661),(19,9599),(20,10463),(22,13570),(23,7483),(24,16135),(26,10496),(27,8956),(28,28254),(31,18921),(32,9487),(37,23777),(38,17150),(39,5730),(41,8946),(42,4687),(43,2507),(45,5938),(47,17429),(49,5549),(51,4282),(53,31344),(56,9146),(60,34974),(61,11767),(62,12699),(63,12375),(64,12401),(66,24251),(68,12481),(70,14732),(71,28602),(72,28759),(75,11694),(76,16133),(77,32278),(78,35825),(79,6015),(81,6400),(83,1151),(84,31050),(88,17637),(90,25471),(92,35841)]	112.926908
31	[(0,24745),(1,16186),(2,9198),(3,28402),(4,27213),(5,374),(8,29816),(10,20570),(11,33059),(12,2490),(13,13393),(16,4381),(20,30762),(21,28129),(22,14260),(24,5526),(29,18761),(30,25858),(31,23308),(32,21227),(33,13928),(35,32273),(37,1620),(38,21036),(39,22038),(40,19780),(41,21625),(42,33002),(43,18527),(45,14227),(46,31910),(48,27034),(50,23964),(52,17463),(54,11480),(56,31312),(57,31987),(59,14639),(60,3692),(61,14241),(63,27365),(64,17990),(65,25027),(66,33342),(68,5976),(70,22057),(72,28406),(73,14738),(77,25285),(78,28864),(79,3280),(80,5837),(81,30461),(82,29328),(83,28322),(84,7320),(85,23708),(88,27610),(89,22346),(90,33211)]	115.411245
32	[(0,5395),(1,21138),(3,19068),(4,8126),(5,21948),(7,27458),(9,22240),(11,23072),(12,4655),(16,1464),(19,21449),(20,14379),(21,27740),(24,2751),(25,22728),(26,10302),(27,10054),(28,27398),(29,24774),(33,13703),(34,33361),(35,20147),(38,12607),(39,8833),(41,15707),(42,23895),(44,30006),(47,92),(48,19146),(49,24091),(50,169),(51,11840),(52,32201),(53,28636),(56,33972),(57,17412),(58,11460),(60,5017),(61,33847),(62,14934),(63,8520),(64,17906),(65,14048),(66,35066),(70,12213),(73,1500),(76,12143),(78,9880),(79,12820),(80,22476),(81,18117),(82,5522),(83,27134),(84,14531),(89,19000)]	116.299403
33	[(1,31604),(4,13784),(6,28458),(7,27528),(8,2302),(10,3694),(11,140),(12,30377),(14,6853),(16,24825),(17,25508),(19,10255),(21,19363),(25,2989),(26,33462),(35,8899),(36,17639),(38,24970),(39,15024),(40,513),(42,16158),(44,14272),(46,12003),(47,4555),(48,9301),(49,27615),(51,24585),(53,33963),(54,5595),(55,10799),(57,14450),(61,36049),(62,8342),(66,31874),(67,22874),(69,34505),(70,29662),(71,249),(72,29792),(73,22963),(74,9940),(76,1944),(81,22092),(84,22826),(85,9209),(88,314),(89,31264),(90,26759),(91,17620)]	115.236051
34	[(0,20054),(2,7263),(5,10160),(7,36621),(8,32023),(9,21016),(10,36501),(11,6978),(12,30315),(13,4230),(14,5668),(17,17086),(18,25014),(19,12725),(20,27886),(22,5073),(23,26500),(25,9211),(26,28095),(28,16441),(29,6125),(31,18702),(33,14877),(34,24972),(35,15568),(36,19165),(39,157),(40,17394),(41,20812),(43,26187),(46,21198),(47,9960),(49,30334),(51,2013),(52,34887),(53,18872),(54,816),(55,20779),(57,23208),(58,14898),(59,10188),(60,4987),(61,22666),(62,29850),(64,18785),(65,17867),(66,26560),(67,19742),(69,27977),(71,6940),(72,24839),(74,6699),(75,15937),(76,20522),(78,3338),(80,27671),(81,33756),(82,28584),(84,36681),(85,10536),(89,28054),(90,559),(92,2247)]	111.954694
35	[(1,16758),(4,17567),(9,27238),(10,683),(11,24805),(12,27503),(13,7308),(14,2372),(15,4796),(18,20601),(19,19162),(20,19803),(22,15580),(24,32266),(25,24300),(26,23302),(31,5190),(33,11873),(34,26683),(35,18192),(36,10314),(37,1659),(38,35510),(39,5041),(41,20985),(42,11461),(43,19191),(44,28951),(46,36618),(50,10045),(51,15411),(52,19132),(54,20972),(56,20291),(58,28975),(59,32707),(61,25599),(63,21853),(66,23045),(67,21203),(71,17508),(72,26345),(74,11838),(75,24653),(77,27222),(80,17890),(82,18157),(83,5646),(84,2417),(85,17030),(86,18547),(89,2077)]	120.448901
36	[(0,26404),(1,30212),(2,10390),(3,35775),(5,14895),(8,17571),(12,33150),(14,29222),(15,32854),(16,18822),(17,25538),(19,2113),(20,31186),(21,33879),(22,14545),(23,23757),(25,19195),(26,5809),(28,3558),(29,3055),(30,19406),(32,25893),(34,6347),(35,30440),(38,22981),(40,6411),(41,8440),(43,11388),(45,30818),(47,11712),(49,27782),(50,2058),(53,32137),(54,21245),(56,21181),(57,30562),(61,21106),(63,28461),(66,2324),(67,21322),(68,34221),(70,15677),(72,9109),(74,13964),(75,31862),(76,21520),(77,3172),(78,23055),(81,26231),(83,13403),(85,3977),(87,27544),(91,29651),(92,17942)]	119.376167
37	[(0,10997),(1,18361),(2,4390),(5,13363),(7,19504),(9,5263),(11,27317),(14,17534),(15,21549),(16,20454),(17,19149),(21,22952),(22,17486),(23,24068),(24,10930),(28,8026),(29,23528),(31,9227),(34,4330),(36,246),(38,16269),(39,33294),(40,15474),(41,11547),(42,13991),(43,11427),(44,33356),(46,8238),(49,19237),(51,11110),(52,18773),(53,22706),(54,22762),(55,15606),(56,25049),(57,27240),(59,33078),(61,19380),(62,23846),(63,98),(64,26286),(65,23770),(66,9087),(67,17468),(68,9786),(69,23302),(71,20164),(72,1619),(73,36635),(74,21266),(78,27453),(80,24856),(81,5902),(83,16227),(85,12247),(87,26535),(89,5012),(91,17890),(92,21039)]	173.145829
38	[(0,12137),(2,1833),(3,18166),(5,18731),(8,30515),(9,10404),(12,13292),(13,22149),(15,32598),(16,30111),(17,3084),(19,2309),(20,32154),(21,1148),(22,1280),(23,3353),(24,14586),(26,12811),(30,2206),(32,20221),(33,23348),(35,7093),(36,394),(37,17540),(38,27057),(39,4234),(40,5148),(41,3460),(43,22994),(46,33583),(47,19451),(49,23477),(50,17951),(51,23179),(52,34977),(62,27828),(63,34666),(69,21746),(70,27118),(72,33562),(73,26066),(77,16139),(82,21250),(83,14449),(84,27003),(85,32560),(90,31696),(91,25451),(92,19017)]	118.599159
39	[(1,6702),(6,30010),(7,31890),(8,7103),(12,25567),(16,7081),(22,24923),(23,33247),(24,15137),(25,28214),(28,33889),(29,8371),(30,16665),(31,138),(32,35939),(33,5099),(34,4675),(35,27686),(36,9078),(39,24022),(40,17341),(41,20899),(44,8121),(47,20380),(48,33842),(49,31443),(51,22775),(52,35305),(56,27706),(57,36209),(60,27190),(61,26553),(63,13463),(66,28786),(68,19370),(69,17604),(70,20532),(71,36374),(72,22190),(74,505),(76,5908),(78,6520),(82,7476),(84,6701),(91,11616),(92,24561)]	120.191241
40	[(0,20899),(1,22016),(7,16873),(8,10322),(9,13553),(10,5991),(11,33007),(15,33564),(16,4172),(17,12106),(23,19573),(25,26400),(27,15501),(30,6779),(31,8908),(33,21031),(35,15390),(37,33522),(39,20858),(40,10523),(43,23723),(44,17583),(45,32352),(46,8766),(47,22710),(52,274),(54,15493),(55,34338),(56,19273),(60,36429),(64,1207),(65,4209),(66,12916),(67,6273),(69,8600),(70,36187),(71,7868),(72,36582),(74,32098),(75,12157),(77,6268),(79,27894),(80,26660),(81,699),(82,808),(83,9929),(84,21940),(85,16698),(86,1086),(89,22979)]	119.475033
41	[(0,5689),(1,12941),(3,22256),(4,8641),(5,4810),(7,29223),(8,16938),(11,12572),(12,14951),(15,27172),(17,1718),(19,14024),(20,25855),(21,9297),(22,2065),(23,30482),(24,4668),(25,31101),(26,26092),(28,26438),(30,1729),(32,21879),(33,26341),(34,20163),(35,14730),(38,22055),(39,19765),(41,4012),(42,7539),(43,25280),(44,18561),(45,29492),(46,22147),(49,2914),(50,24196),(51,2608),(55,19481),(57,36564),(58,24981),(60,2182),(61,24033),(62,14607),(64,18203),(70,20225),(71,27583),(72,21865),(73,28731),(79,8023),(81,9593),(83,23012),(85,20603),(87,5738),(89,35347),(90,22408),(91,5704),(92,7373)]	119.095952
42	[(2,11962),(4,6986),(6,35672),(7,32834),(9,34361),(11,25376),(12,14806),(14,21143),(15,30798),(16,4281),(18,6640),(20,4279),(23,11720),(28,33588),(30,18045),(31,33758),(32,31773),(33,11694),(34,31696),(35,31408),(36,13276),(38,23281),(39,25913),(40,15127),(41,30742),(47,1641),(48,16872),(51,32137),(52,15949),(57,31560),(61,11143),(64,4768),(67,25072),(68,6945),(70,5999),(71,16475),(73,15221),(74,12081),(75,30546),(76,8108),(77,7654),(78,1358),(80,13842),(81,2002),(82,13521),(83,24183),(84,35013),(85,17540),(86,4510),(88,7580),(89,20916),(91,12781),(92,978)]	106.217692
43	[(0,18626),(2,32707),(3,1379),(5,32523),(8,30744),(9,4684),(11,19710),(13,2149),(14,10744),(15,9295),(16,11545),(21,5339),(24,29222),(25,22496),(27,16530),(29,16130),(30,12918),(32,18773),(36,12316),(37,8443),(39,20976),(40,2080),(42,19019),(43,19048),(44,12431),(45,16154),(46,4256),(47,30321),(48,9236),(49,9265),(50,21661),(51,9151),(52,688),(53,6424),(55,11361),(56,21456),(58,2709),(59,4972),(63,6924),(64,34172),(65,16027),(66,15353),(67,6191),(68,437),(70,20936),(71,20999),(74,21702),(75,32388),(76,29319),(77,5546),(82,2815),(84,23928),(86,28013),(87,27772),(88,19131),(90,598),(92,8875)]	119.541278
44	[(0,15682),(3,11307),(4,19176),(5,13467),(6,954),(7,19306),(9,16796),(10,26223),(12,14645),(13,6036),(14,22046),(16,32462),(18,27311),(19,2357),(23,3026),(24,28503),(26,22304),(27,27842),(28,7560),(29,21677),(30,18749),(35,28579),(37,34581),(38,15036),(40,24953),(41,13936),(42,11113),(43,23549),(48,59),(50,15582),(55,28971),(56,16553),(58,8212),(60,9648),(63,10625),(65,17326),(67,26337),(68,31102),(70,19021),(71,24898),(77,13580),(78,23603),(79,15500),(83,20381),(84,23225),(85,6871),(86,26497),(87,15561),(90,21984),(91,32994),(92,4923)]	110.510943
45	[(0,12106),(2,5773),(3,35201),(5,28293),(8,28418),(10,6686),(11,29727),(13,3882),(14,22758),(15,15127),(18,9121),(19,1827),(20,35857),(23,6606),(24,2462),(25,13139),(26,2001),(30,4667),(31,22606),(37,32048),(38,20386),(41,1749),(42,11695),(43,5018),(44,3303),(46,24450),(47,19287),(52,31719),(53,6804),(54,32865),(55,32755),(56,22470),(57,30046),(61,9132),(63,7996),(65,11597),(66,28454),(67,28504),(68,31029),(69,17882),(70,25714),(71,2823),(74,1712),(76,751),(77,23966),(78,9061),(79,1458),(83,11926),(84,3549),(85,29420),(86,32321),(87,35341),(92,32424)]	113.084895
46	[(0,21650),(3,12819),(7,182),(9,6198),(11,19881),(12,30290),(13,20327),(14,289),(16,18465),(17,19427),(21,12216),(23,16699),(24,924),(25,4176),(27,7689),(29,23859),(39,18930),(40,7114),(41,25653),(43,22722),(47,4436),(48,13182),(50,8577),(52,20558),(53,2996),(55,12404),(56,24510),(61,6661),(63,18855),(64,13937),(66,17510),(67,3699),(68,25298),(69,19581),(71,80),(73,16248),(74,15774),(76,23081),(77,4533),(78,24848),(79,36108),(82,32216),(83,26702),(84,5179),(86,1797),(87,26866),(90,30893)]	131.130997
47	[(0,35044),(2,1013),(4,30479),(6,26810),(8,33924),(9,22924),(12,11764),(13,17280),(16,6518),(17,24311),(18,35411),(23,26718),(24,7468),(25,2927),(27,17245),(31,32373),(32,12439),(35,25964),(36,23458),(38,4505),(39,36641),(41,25602),(45,20954),(46,27684),(49,2526),(50,33993),(51,9962),(52,2609),(53,25405),(57,3726),(59,26601),(60,15456),(61,36589),(64,11757),(67,33525),(68,32477),(69,12433),(70,25941),(71,26734),(72,28769),(73,31671),(74,28623),(75,34243),(76,11923),(77,4581),(78,13762),(79,11045),(80,13084),(82,23250),(83,23458),(85,7445),(86,2110),(87,34120),(91,33291)]	115.063112
48	[(1,34386),(3,27812),(5,26499),(6,32840),(7,30434),(8,31203),(9,32981),(11,9393),(12,21933),(16,16692),(17,28291),(18,27381),(19,10314),(20,24852),(22,1301),(23,23115),(25,34404),(26,29670),(27,3729),(28,18341),(29,15921),(31,294),(34,25845),(35,29534),(36,8171),(38,31345),(41,17478),(42,3780),(44,11953),(47,24994),(49,32961),(50,15561),(53,25491),(54,25826),(55,5120),(56,26688),(57,22759),(59,19756),(60,36570),(63,18914),(67,6212),(68,7631),(69,4868),(72,31662),(73,2102),(76,1161),(77,2129),(78,28940),(79,21320),(80,17035),(81,8850),(82,34451),(83,15144),(84,3600),(85,8947),(86,36428),(88,12306),(89,10964),(90,16272),(91,23980)]	135.380933
49	[(1,31165),(3,3874),(4,3641),(5,27495),(9,10203),(11,15894),(12,36165),(16,11066),(17,35573),(18,2769),(19,12640),(20,28206),(22,31428),(25,30545),(27,241),(30,6898),(32,31538),(33,8018),(34,9016),(35,30300),(37,4729),(38,21134),(39,22974),(40,1225),(41,3656),(42,29088),(47,3814),(48,4750),(49,9669),(50,32377),(51,27486),(56,35620),(58,22793),(59,15214),(61,27938),(64,1615),(65,7878),(69,30968),(72,32518),(73,12301),(77,13934),(79,12193),(80,7938),(81,5038),(82,18335),(83,16278),(84,18388),(86,35235),(87,14866),(89,19811),(90,5879),(91,849),(92,18047)]	122.970072
50	[(2,15002),(3,9372),(4,21873),(6,7174),(7,24577),(11,36361),(12,30003),(13,31519),(16,10719),(17,17618),(18,8496),(20,5593),(25,33435),(26,9913),(29,30628),(30,496),(36,29046),(39,600),(40,17763),(41,24018),(43,36027),(44,19208),(46,4064),(47,11049),(48,19992),(49,13879),(50,8017),(51,21274),(52,14689),(56,15806),(57,8048),(58,10906),(59,22254),(61,1163),(63,25555),(64,20606),(68,21482),(69,1962),(70,26739),(74,11572),(75,30052),(76,35501),(77,2084),(78,25433),(79,34025),(81,23883),(82,5085),(85,17870),(86,15253),(88,23522),(90,33669),(92,10235)]	122.784263
51	[(3,16799),(5,2523),(6,29970),(7,16131),(8,28614),(9,3377),(11,31985),(12,35138),(14,13397),(17,15984),(18,1109),(19,235),(20,29136),(24,2643),(25,23127),(26,4373),(28,25110),(29,29581),(30,16408),(32,1444),(34,450),(35,21859),(38,19545),(39,32035),(40,7875),(41,4411),(43,14092),(44,9804),(45,16696),(46,7880),(48,19655),(50,36409),(51,6043),(53,17914),(54,9790),(57,3006),(58,12999),(60,35925),(61,9865),(64,8779),(65,25075),(66,35150),(67,2006),(72,24146),(73,20907),(74,10139),(75,19735),(76,11317),(81,2736),(82,35437),(83,16029),(85,13336),(88,28353),(89,3427),(91,36012),(92,19603)]	120.990049
52	[(0,14604),(1,999),(2,29946),(4,33233),(6,6331),(7,35479),(10,9258),(11,23157),(12,30807),(13,35351),(14,29462),(16,2222),(18,25685),(22,24308),(23,31083),(27,34505),(28,30693),(29,24964),(30,31860),(32,27100),(37,20239),(38,13322),(40,1717),(43,34303),(44,3357),(46,25050),(48,35924),(49,21417),(50,14174),(51,3841),(52,5166),(54,23466),(57,26819),(60,9256),(61,19704),(63,8162),(66,14954),(67,16618),(68,15160),(69,21886),(70,25606),(71,7705),(72,7885),(73,21612),(75,31853),(77,18541),(78,22259),(79,29198),(80,3623),(81,13037),(82,34224),(84,32689),(85,8968),(88,1762),(90,31850),(91,809)]	121.805012
53	[(2,340),(6,31015),(9,35356),(12,15656),(13,23126),(16,31750),(17,14218),(21,7419),(23,33671),(25,35253),(26,5518),(30,22696),(31,6759),(33,539),(34,30561),(43,33023),(44,6408),(47,5118),(48,484),(49,32220),(51,25203),(53,16213),(54,11681),(55,21791),(56,9629),(57,23488),(60,18294),(64,14560),(65,34237),(67,7083),(68,8359),(69,17723),(70,20004),(72,36580),(74,5107),(75,8642),(76,9678),(77,36475),(78,6195),(79,27247),(80,2021),(81,3200),(82,17053),(83,5252),(88,14626),(89,33791),(92,7252)]	116.344392
54	[(1,28549),(4,2220),(8,27412),(10,1808),(11,26109),(13,23388),(15,26585),(18,33814),(19,33012),(20,18320),(22,21485),(23,10524),(24,28987),(25,10539),(27,33696),(29,10519),(31,19806),(32,10198),(33,32346),(34,8656),(35,4399),(36,14649),(38,4073),(40,23372),(41,21231),(42,9458),(43,33393),(44,27298),(45,21154),(46,106),(48,26264),(49,25867),(50,2774),(51,22699),(55,16875),(58,17119),(59,17816),(60,36666),(63,31797),(64,32727),(65,6087),(67,31698),(68,20265),(71,26635),(73,11953),(74,17185),(78,16955),(79,19532),(80,35221),(81,6113),(82,23003),(83,28708),(85,4849),(89,27555),(91,26832)]	114.886536
55	[(0,6561),(1,36705),(3,12767),(4,24847),(5,25545),(7,1641),(8,16872),(9,29292),(10,5327),(12,25195),(13,19564),(15,9792),(16,6546),(19,7370),(24,35077),(25,28153),(26,12916),(28,24053),(29,3043),(31,25095),(32,9022),(37,18696),(39,23408),(40,27339),(43,29208),(44,31384),(46,2402),(48,4768),(49,10204),(51,20008),(52,14217),(53,21141),(54,18007),(56,5351),(57,16058),(58,23543),(59,28575),(61,1656),(62,27399),(63,23791),(64,4757),(65,22380),(66,1569),(69,23822),(70,19465),(71,27545),(72,18799),(73,25178),(74,32030),(77,29796),(79,31451),(80,649),(81,11427),(82,33356),(83,6205),(85,16113),(86,33879),(87,14545),(89,4440),(90,2927),(91,35943)]	134.602313
56	[(3,31930),(4,34766),(6,11882),(7,11986),(9,17853),(11,11054),(12,30955),(17,35938),(18,22741),(19,10351),(20,22596),(21,31010),(22,1029),(24,22941),(25,7798),(28,2759),(29,2622),(35,13911),(36,16911),(38,17178),(39,18582),(40,7402),(43,6464),(50,24517),(51,29050),(53,31823),(55,25402),(56,6583),(58,13284),(59,34503),(61,11471),(63,33947),(65,15245),(68,33583),(70,31686),(72,21929),(76,14185),(80,17010),(83,610),(84,36133),(85,30405),(86,25930),(89,1054)]	115.247740
57	[(0,7220),(1,7956),(3,29535),(4,21661),(5,6283),(12,12955),(13,14909),(17,33159),(18,25069),(20,20574),(24,16734),(25,2732),(26,24051),(28,442),(31,29984),(32,21602),(33,32176),(34,4623),(35,28179),(36,3227),(37,30574),(38,10451),(39,6228),(40,21750),(41,6489),(42,20264),(48,22384),(50,28466),(51,2561),(52,34592),(54,4948),(55,14659),(59,32121),(60,1434),(62,9331),(64,4232),(65,15116),(68,29406),(70,9690),(71,22192),(72,29153),(73,29538),(74,22348),(77,2915),(78,7771),(79,25473),(80,4572),(81,7681),(82,30452),(84,15913),(85,4564),(86,10365),(89,15683),(91,23205)]	114.744233
58	[(0,13811),(1,14085),(2,3125),(4,24242),(5,15965),(7,2461),(8,31280),(10,22557),(11,23880),(12,30336),(14,28432),(15,32853),(17,12883),(18,21283),(20,7023),(21,31791),(23,803),(25,12638),(27,22252),(28,17681),(30,16009),(33,31859),(37,20680),(38,22964),(40,10089),(41,2263),(45,11811),(46,29310),(47,4592),(48,26438),(52,32345),(54,35764),(56,3454),(59,17027),(60,32896),(62,26555),(66,34003),(68,4271),(71,5571),(72,13266),(73,27994),(74,4232),(75,6049),(81,5537),(82,7882),(83,31408),(84,13276),(86,25695),(87,26556),(89,675),(90,27173),(92,27603)]	110.204775
59	[(2,1733),(4,24767),(5,12999),(6,11749),(8,5096),(9,16961),(14,20833),(15,32544),(17,8610),(18,2463),(21,33819),(23,5976),(25,11826),(27,28446),(28,6494),(29,32714),(30,30761),(31,17668),(33,13162),(34,12826),(35,33760),(37,34957),(39,3516),(40,32132),(41,11367),(50,15428),(51,13918),(52,26434),(53,10570),(54,13899),(58,15987),(60,34447),(62,3340),(63,9607),(65,32166),(67,31924),(69,580),(71,22079),(72,17644),(73,4786),(75,5673),(76,13335),(78,6422),(79,32608),(81,30092),(82,32120),(83,8433),(86,6111),(88,11396),(90,6942)]	115.426313
60	[(1,8522),(2,1338),(3,15777),(4,13318),(5,7107),(6,24300),(7,23302),(9,20164),(11,12488),(12,25877),(13,20823),(14,14383),(16,4278),(17,22996),(20,14063),(21,11916),(22,744),(23,15667),(25,21314),(27,12497),(29,25223),(30,28941),(32,1917),(33,8209),(34,12532),(35,16445),(38,4785),(39,35685),(40,27491),(42,11711),(44,19392),(45,17494),(47,4607),(48,7821),(49,25116),(52,8391),(54,9739),(56,32131),(60,31981),(61,27606),(62,31362),(65,35691),(66,20429),(67,1345),(68,6124),(70,1029),(73,31312),(74,31987),(76,14639),(78,34382),(81,13439),(82,11430),(83,31063),(84,17405),(86,27847),(88,23415),(89,17758),(90,16136)]	124.485960
61	[(2,21604),(3,11518),(4,11230),(7,5509),(8,25141),(9,6873),(10,31918),(11,31564),(12,13513),(13,15416),(14,15805),(15,23934),(16,21592),(17,29533),(18,36548),(20,2323),(21,6099),(22,3766),(23,14195),(24,22645),(26,20342),(29,22923),(31,15647),(33,36038),(39,3079),(41,31814),(43,12811),(46,16540),(49,5697),(52,33629),(53,28376),(57,5417),(60,5778),(61,24710),(63,3246),(64,18119),(65,30449),(66,10912),(71,1111),(72,27510),(73,9794),(75,35466),(79,6190),(81,20309),(83,5337),(87,22299),(88,25947),(90,29539),(92,24441)]	111.871385
62	[(1,11987),(2,19805),(4,29865),(6,15422),(7,11812),(8,26026),(9,5735),(13,5918),(16,32811),(17,3948),(18,19011),(19,29372),(24,21142),(25,30040),(26,35431),(28,30274),(29,21817),(31,17605),(33,30561),(34,9750),(40,32419),(41,29294),(42,401),(43,20072),(45,16525),(47,24934),(51,13820),(52,2661),(54,34835),(55,9172),(56,12104),(57,25732),(59,32327),(60,36135),(61,21970),(62,16222),(63,28422),(64,21587),(69,27180),(70,1648),(71,35770),(73,8170),(76,16004),(78,9725),(80,24427),(81,17858),(82,20110),(83,22841),(85,31159),(86,24637),(88,32976),(89,17642)]	115.075743
63	[(2,6399),(3,24117),(5,27899),(9,22080),(10,32103),(11,10416),(13,8065),(16,25797),(17,36187),(18,24337),(19,27091),(22,5706),(23,25000),(24,16362),(26,34236),(28,21508),(30,10752),(32,23069),(33,9435),(34,5071),(37,26128),(38,17719),(39,26386),(40,15152),(42,8765),(44,10921),(47,27924),(48,11169),(49,3781),(51,1119),(52,5532),(54,22896),(55,11990),(56,11632),(59,23436),(60,13600),(61,17450),(64,30994),(65,2837),(66,15427),(68,10315),(70,15573),(71,29050),(72,28685),(74,25755),(75,24880),(76,6558),(77,28344),(81,33428),(82,24037),(84,23807),(87,29667),(92,9061)]	145.932787
64	[(0,23151),(1,3397),(2,15154),(4,9429),(5,25736),(6,8725),(7,27488),(8,1759),(10,8449),(12,23069),(13,1254),(15,27704),(19,3348),(21,29885),(26,25931),(27,24506),(28,29157),(29,6954),(30,32474),(31,1778),(33,20124),(35,26367),(36,20152),(38,34863),(39,30709),(41,27400),(42,1644),(43,18865),(45,23826),(51,16441),(52,30331),(53,18739),(54,9026),(57,31460),(58,697),(59,29099),(60,21252),(61,22787),(62,9094),(65,34477),(66,16716),(69,29930),(72,3785),(77,13763),(81,24866),(84,35848),(86,16139),(90,22611),(91,17042)]	117.901478
65	[(2,29031),(6,33993),(7,14742),(9,20410),(10,27701),(14,1754),(16,2658),(18,18993),(19,35256),(20,1780),(21,3095),(23,20981),(24,13901),(25,16513),(26,32802),(27,10179),(30,32539),(32,4804),(33,26951),(36,13579),(37,31536),(38,33294),(40,9378),(43,24387),(45,1201),(47,25433),(48,34025),(51,10907),(53,33754),(55,4739),(57,36394),(58,8978),(60,11778),(61,5540),(62,33785),(64,7425),(66,13417),(68,20336),(71,11660),(74,29748),(75,16592),(76,31901),(78,34212),(81,18248),(87,8057),(90,19802),(91,31103)]	119.052145
66	[(0,24090),(1,2312),(2,26580),(4,8126),(5,4787),(6,31165),(9,1010),(10,8016),(11,26870),(13,9841),(14,1876),(16,22058),(20,11313),(23,1750),(24,12664),(25,33762),(26,2520),(28,31992),(35,7035),(36,616),(37,16917),(38,36380),(39,24769),(40,27031),(41,2190),(42,33649),(47,8924),(54,1913),(55,15496),(58,396),(59,19612),(61,11081),(62,30172),(64,22435),(65,5041),(66,17364),(68,18794),(69,31789),(71,18493),(72,14165),(73,35353),(74,957),(75,35912),(76,35969),(79,7357),(81,18556),(82,10330),(83,10695),(84,34875),(86,19636),(87,23578),(88,31548),(91,25177),(92,15305)]	117.424002
67	[(0,19875),(5,8604),(6,23515),(8,17732),(9,23594),(10,24861),(12,9837),(13,23448),(15,31895),(16,19376),(17,29478),(18,23515),(20,9618),(21,16680),(22,31686),(23,30733),(24,24624),(25,12308),(26,16496),(28,15179),(29,29892),(35,30689),(38,15287),(39,27484),(43,10227),(44,3487),(45,6304),(48,1901),(50,34573),(51,21666),(52,7122),(54,7820),(56,24385),(57,35777),(59,24655),(60,33969),(61,22488),(62,7039),(64,33302),(66,31585),(68,4812),(72,801),(74,35051),(75,29007),(78,11743),(79,34318),(80,6982),(81,15190),(84,35112),(85,9436),(88,3847),(89,3842),(91,25708)]	114.156407
68	[(0,11446),(3,36415),(5,6612),(8,6114),(13,19622),(14,3229),(15,8829),(16,22701),(17,29275),(19,27127),(20,22136),(21,8902),(24,12347),(26,32481),(27,20774),(28,885),(29,8627),(34,26871),(35,30608),(37,29600),(39,14117),(41,13848),(47,17251),(50,22500),(52,13700),(53,12977),(54,4986),(58,4958),(60,1410),(61,7763),(62,10865),(63,23716),(65,27131),(66,4440),(68,22249),(70,9262),(71,27370),(73,36140),(76,14482),(78,22866),(79,4578),(81,36372),(83,15872),(90,29845),(91,23683)]	128.062508
69	[(0,12259),(2,15082),(3,31861),(5,22908),(7,34807),(12,13279),(13,13663),(14,7584),(15,33483),(21,12690),(23,33329),(25,32340),(26,10039),(29,32517),(30,2779),(32,20163),(33,11695),(34,12907),(36,28741),(37,31278),(39,22382),(41,34772),(42,3416),(43,535),(44,23274),(45,36058),(46,29224),(47,10833),(48,22088),(53,28005),(54,24671),(55,20320),(58,3734),(59,1121),(63,8367),(64,32116),(67,2914),(68,33687),(70,15436),(71,25419),(73,16089),(75,31233),(78,1184),(80,12558),(82,27830),(83,9752),(84,7144),(86,10389),(87,9365),(89,35250),(90,25966),(91,2142),(92,21435)]	131.572393
70	[(5,30945),(6,12450),(7,10368),(10,7309),(11,6043),(12,20739),(14,16612),(16,14236),(17,35173),(18,28514),(22,26648),(23,2964),(26,13260),(31,12387),(32,27630),(35,30115),(36,11495),(37,29175),(39,7883),(40,31640),(42,27070),(43,23529),(44,24960),(45,20116),(46,32319),(47,20235),(49,2843),(50,29505),(51,22189),(54,12235),(55,32382),(56,14915),(58,1425),(62,21895),(65,28730),(67,17165),(68,25910),(69,34191),(71,22171),(73,15134),(74,32031),(75,4900),(76,12568),(77,23760),(78,33614),(81,11824),(82,4348),(83,19192),(86,29734),(87,22433),(89,19280),(90,18022),(92,401)]	118.525604
71	[(0,18733),(2,9102),(4,15243),(7,1907),(8,29867),(9,31707),(10,22956),(11,29434),(12,25162),(13,24801),(15,28801),(17,31574),(18,23473),(20,27247),(21,36328),(23,34976),(24,5335),(35,31539),(37,16626),(38,32539),(42,8186),(45,15859),(47,4968),(48,9419),(50,18938),(53,491),(54,18035),(56,12312),(57,5478),(58,3513),(61,2137),(65,8956),(69,32051),(70,31335),(71,34612),(73,17682),(75,12943),(76,14808),(77,2958),(81,28754),(84,31587),(85,12720),(86,25827),(88,7260),(92,20680)]	128.818663
72	[(1,28113),(2,2209),(3,26204),(4,29149),(6,5141),(11,30367),(12,4061),(13,30258),(14,32104),(17,5554),(18,33651),(19,5253),(22,8433),(23,20815),(24,1299),(28,30491),(29,36608),(31,6042),(32,5848),(33,26839),(34,23030),(35,20612),(36,4669),(37,8514),(38,33447),(41,4823),(42,27709),(47,2988),(51,26018),(52,16991),(55,10783),(57,26961),(58,16951),(64,2258),(65,22274),(67,22970),(68,12468),(69,6876),(71,17591),(75,6867),(76,6763),(80,7587),(83,3525),(85,627),(86,8273),(87,20310),(88,2271),(89,9052)]	142.459641
73	[(0,23327),(1,27879),(2,33047),(4,20321),(7,19238),(8,21971),(9,16901),(14,24940),(16,23136),(19,18574),(23,5973),(25,17118),(26,13696),(27,1891),(31,31230),(32,12498),(33,8098),(35,4340),(36,22309),(38,24835),(40,3725),(43,18500),(46,9631),(47,30392),(49,5695),(51,5138),(52,36413),(53,6427),(56,19551),(57,21947),(60,36349),(61,2658),(63,18993),(64,10118),(66,18111),(67,21419),(68,13604),(70,4345),(72,4646),(75,194),(76,27226),(80,28476),(81,34972),(82,19609),(85,1560),(86,33052),(87,4419),(88,4839),(89,32729),(90,2829),(91,17340)]	118.139062
74	[(0,4513),(2,14925),(6,8394),(10,33648),(12,11958),(13,34191),(14,23890),(15,28229),(16,18688),(18,28294),(19,11481),(20,24208),(22,1174),(24,30629),(26,9537),(29,10699),(31,4183),(32,27580),(33,6621),(35,22197),(38,6316),(40,35687),(42,32990),(45,11176),(46,34354),(47,215),(48,19165),(49,2785),(54,15278),(56,15596),(57,2761),(59,19613),(62,12658),(63,15477),(66,15946),(69,30378),(70,5195),(71,239),(75,24877),(78,24192),(81,5247),(82,28703),(83,15700),(85,6000),(86,3569),(89,9703),(90,36411),(92,8545)]	129.314740
75	[(1,34058),(2,26443),(3,28824),(4,6971),(5,30586),(6,7037),(7,2538),(8,3928),(9,14932),(10,28349),(11,25380),(12,3032),(14,32955),(16,28456),(18,31439),(20,2531),(23,7909),(26,12660),(30,1348),(31,34792),(33,24662),(36,5034),(38,27525),(39,6421),(42,22408),(43,11995),(46,18528),(47,17534),(48,21549),(49,9658),(50,6807),(52,18154),(53,1011),(55,29673),(58,31374),(59,27099),(60,17258),(62,5420),(63,16744),(64,856),(67,5835),(70,32731),(71,12984),(74,11600),(75,19911),(76,1741),(77,7377),(78,14088),(79,16674),(81,25322),(82,1538),(83,15512),(87,24579),(88,32806),(91,24968),(92,28803)]	117.062438
76	[(0,5463),(1,33675),(2,26032),(3,3215),(4,25634),(7,17129),(9,15948),(12,31233),(14,17022),(15,16522),(16,23555),(17,12459),(18,35189),(19,1164),(23,26778),(24,26762),(25,20692),(26,29534),(27,1890),(29,24274),(33,19315),(35,33192),(37,30481),(38,6346),(39,16440),(40,18199),(41,4706),(42,33204),(44,11285),(45,20401),(50,29651),(53,17956),(54,1709),(56,11256),(57,2676),(59,6216),(60,702),(63,16530),(65,1767),(66,15941),(68,35370),(72,13545),(73,15167),(74,21481),(76,19800),(78,23424),(81,32001),(82,11602),(85,13256),(86,1193),(87,28993),(89,16663),(90,25003),(91,5407)]	122.304633
77	[(3,8552),(7,31744),(9,23116),(11,20671),(12,22552),(14,4330),(15,33191),(16,18730),(19,12384),(20,328),(22,32355),(24,24582),(28,14823),(29,4446),(31,26912),(37,23602),(39,22795),(41,2809),(42,22583),(43,36405),(44,29486),(45,29732),(47,22474),(48,25645),(52,22855),(54,30594),(55,12138),(56,1982),(58,32586),(60,1945),(61,21252),(62,20645),(64,6179),(66,30651),(67,21694),(68,332),(70,19221),(72,33319),(74,6068),(76,3609),(77,24935),(79,26209),(80,11775),(82,1721),(84,26409),(85,10024),(86,17910),(88,17526),(89,4720),(91,3076)]	117.840845
78	[(0,12452),(4,28091),(6,11911),(7,13177),(8,963),(10,13098),(11,7764),(12,34859),(14,5205),(17,33369),(20,28977),(22,19029),(23,29920),(24,17973),(25,30302),(26,16551),(28,25041),(31,16562),(34,13199),(35,26641),(38,16323),(39,15220),(42,14988),(43,14894),(45,32647),(47,18096),(56,30937),(57,19841),(58,9238),(59,27251),(60,2682),(62,6435),(64,10762),(67,2291),(70,7841),(71,20229),(72,22964),(75,36237),(77,19791),(85,29624),(87,15048),(89,20877),(90,16855),(91,14398)]	119.383871
79	[(0,5513),(3,33462),(4,25895),(8,3015),(9,14720),(13,24768),(15,17436),(16,31596),(17,12309),(19,8459),(20,34084),(23,30838),(29,2354),(30,29751),(34,34679),(35,19833),(38,20774),(41,7908),(42,35751),(44,24050),(45,24881),(47,4601),(48,19960),(49,30160),(50,16046),(51,20632),(53,11058),(54,29884),(55,4526),(58,5899),(59,15050),(62,5233),(65,8703),(66,27948),(67,14378),(68,9784),(71,23413),(72,9724),(76,2566),(78,25652),(82,23396),(83,33831),(85,21578),(88,32395),(89,22846),(90,34573),(91,21666),(92,7122)]	117.812717
80	[(0,21939),(3,18800),(5,5816),(6,29668),(7,22509),(10,15635),(11,16130),(12,12918),(17,29858),(18,17711),(22,4987),(23,11361),(27,34445),(28,33580),(31,30037),(33,4329),(38,8050),(39,31595),(41,12483),(43,17843),(44,965),(45,10531),(46,11536),(47,240),(48,2685),(52,30605),(53,26985),(54,35919),(56,18534),(58,28214),(59,8983),(61,15030),(62,29000),(63,25417),(64,18404),(67,10787),(70,11259),(71,27238),(72,16819),(73,19828),(74,36114),(75,23078),(78,24261),(82,34871),(86,18524),(87,11981),(88,321),(89,10951),(90,19549),(92,5097)]	138.533979
81	[(0,26470),(1,19374),(3,28243),(4,34259),(5,28799),(11,25086),(13,4920),(20,20178),(21,19043),(22,11179),(23,9966),(24,14355),(26,17112),(28,18130),(29,2919),(31,24568),(32,14540),(33,15843),(35,26854),(36,10332),(37,11579),(38,13862),(39,16785),(42,24443),(45,29708),(46,30124),(50,10687),(54,33848),(55,7111),(56,31049),(57,14060),(61,3489),(62,19726),(67,32670),(69,7082),(70,25684),(71,29723),(75,13355),(76,20672),(79,19502),(82,4891),(83,19789),(88,25915),(89,10127),(90,2034),(92,3340)]	115.385453
82	[(0,30276),(1,28179),(2,25348),(5,25216),(8,35337),(9,597),(11,25258),(13,8105),(16,13579),(17,6090),(19,20000),(22,3080),(23,32091),(28,34536),(29,26063),(30,32445),(31,33440),(32,4221),(33,17285),(34,31447),(36,31235),(37,30203),(38,21931),(39,687),(40,4924),(43,6973),(44,15074),(45,32980),(46,33004),(48,27796),(50,9771),(51,15064),(53,8015),(54,31511),(56,25413),(58,13827),(59,10676),(60,9558),(62,31751),(64,4676),(68,13307),(72,18250),(73,18919),(75,8452),(76,17992),(80,26260),(81,11188),(83,2094),(85,25996),(86,1493),(89,3364),(90,27253)]	206.235677
83	[(0,25715),(2,34681),(3,21814),(4,25330),(5,23538),(7,30755),(9,29078),(10,20397),(11,12317),(12,13467),(14,31778),(16,29383),(17,8566),(18,6792),(19,10478),(21,24073),(27,78),(28,21254),(29,20369),(30,20002),(31,11931),(32,6866),(34,9503),(35,32852),(37,10525),(38,29175),(41,8775),(42,26091),(44,12666),(48,28080),(53,6362),(54,25652),(56,35467),(57,6339),(65,26277),(67,1689),(70,21594),(74,13306),(75,32048),(77,18234),(79,16914),(81,3198),(82,19056),(83,33951),(86,8794),(87,32723),(89,2955),(91,28159),(92,10695)]	238.463755
84	[(1,26908),(3,24868),(4,26625),(5,11371),(6,7053),(7,23637),(8,17319),(10,10471),(11,29614),(13,5979),(16,16847),(18,7540),(19,7080),(21,22412),(22,33391),(26,1782),(28,16686),(29,28731),(32,29759),(34,6719),(36,20714),(39,20884),(40,22617),(41,140),(42,30377),(44,6853),(48,21093),(53,31105),(54,31550),(55,6526),(56,3387),(57,4581),(59,14131),(60,10978),(62,6395),(69,22583),(70,9052),(72,11349),(73,34262),(74,30263),(77,23537),(79,5664),(80,20174),(82,13756),(84,15545),(86,35788),(89,35491),(90,32840),(91,17279)]	230.807719
85	[(0,12320),(1,15185),(3,25222),(5,36302),(8,22383),(10,19704),(11,16312),(12,5737),(14,35561),(21,29972),(22,1791),(23,36413),(24,6427),(25,13861),(26,31891),(27,4421),(29,5152),(30,23557),(31,10894),(34,8341),(36,32586),(37,30151),(39,15399),(40,1003),(41,17654),(44,9084),(48,11068),(49,733),(50,35261),(51,32208),(52,8068),(56,7953),(57,15036),(58,33527),(59,10097),(61,4005),(62,34467),(63,32705),(65,33517),(66,30341),(67,35460),(69,10870),(70,20408),(71,7544),(72,8043),(73,28318),(75,25457),(76,3881),(78,7890),(79,31503),(81,33522),(83,14210),(84,15179),(85,27181),(90,16050),(91,22551),(92,4549)]	252.571399
86	[(1,7303),(3,20115),(4,13637),(5,34606),(6,2733),(7,12337),(8,4566),(9,22213),(10,20275),(13,11120),(15,18925),(16,21601),(17,19676),(22,27747),(24,921),(29,17255),(30,24342),(32,17482),(33,1618),(34,14553),(36,22885),(37,32460),(39,603),(41,27774),(42,16970),(45,3146),(46,12180),(47,21938),(49,36135),(50,21970),(51,16222),(52,26611),(53,10733),(54,21873),(55,3177),(57,13917),(59,6746),(60,16162),(63,17040),(64,32003),(70,7523),(72,21015),(75,19179),(77,30009),(80,20694),(82,1535),(84,30762),(85,26514),(86,7006),(87,12466),(89,6879),(90,12565),(91,19145),(92,21121)]	236.143876
87	[(0,9067),(2,12782),(3,25754),(4,9935),(6,17157),(7,2451),(10,34027),(11,20783),(12,19678),(13,9607),(14,11552),(17,17098),(18,28103),(20,3833),(24,6862),(25,27459),(27,24757),(28,8033),(30,35850),(33,34357),(34,24772),(37,14617),(38,33300),(39,19028),(41,28054),(44,5913),(45,1454),(46,34042),(47,7490),(48,26969),(49,9542),(50,6322),(52,274),(55,24297),(57,26008),(59,33534),(60,286),(61,4319),(62,16296),(64,16130),(67,27214),(71,11182),(75,20102),(77,24516),(78,4653),(79,11252),(81,22076),(84,25302),(88,10932),(90,12238),(91,35264)]	240.879747
88	[(1,12713),(2,15882),(3,21693),(4,10138),(7,18206),(8,7343),(9,33758),(10,34993),(11,6579),(12,18826),(14,4101),(15,10961),(16,21662),(17,23123),(19,5389),(20,21492),(21,11047),(22,27686),(25,21279),(28,31410),(29,7448),(30,35660),(31,28962),(32,8087),(33,7141),(35,18274),(36,4148),(37,28653),(39,23744),(41,24009),(42,12233),(43,26628),(44,33068),(45,27820),(48,9428),(49,32293),(51,35826),(52,3471),(53,17913),(54,3099),(56,8190),(57,29369),(58,26822),(59,5462),(60,20446),(61,35212),(65,12290),(66,33173),(67,27574),(68,17450),(70,13448),(71,24490),(72,2599),(74,28118),(75,12316),(76,8443),(78,574),(80,19492),(82,32012),(83,28617),(86,10033),(88,2918),(89,714),(90,35888)]	255.985428
89	[(1,1075),(2,29969),(3,23456),(4,23593),(5,11734),(6,11439),(7,5058),(9,19381),(12,24434),(16,28524),(19,13552),(20,6443),(21,4022),(22,20120),(23,36118),(24,27631),(27,32862),(28,26995),(31,21515),(32,36524),(33,34591),(35,29325),(36,24621),(37,33473),(38,19540),(39,15940),(40,5155),(41,10742),(43,12276),(44,31051),(45,17557),(46,26854),(47,10332),(49,7361),(51,6341),(52,14164),(53,20250),(54,11996),(60,3019),(63,19071),(65,31648),(66,18254),(67,13879),(69,28481),(73,18479),(76,15982),(77,15016),(78,32882),(81,12523),(83,30332),(85,17416),(86,32161),(87,20961),(89,25287),(92,23194)]	247.090497
90	[(0,23293),(5,14424),(6,5603),(10,12940),(11,25272),(16,33494),(17,6612),(18,221),(19,3298),(21,10814),(22,33940),(23,20135),(24,29808),(26,18605),(27,26146),(28,14124),(31,30253),(33,2507),(36,5263),(39,24959),(40,11510),(41,22036),(47,16567),(48,9830),(51,19822),(52,34878),(56,11591),(58,7781),(59,6508),(60,29189),(62,5612),(63,2453),(64,23271),(66,13913),(68,9682),(69,16815),(71,35611),(73,19130),(74,14050),(75,31364),(76,31733),(79,7714),(81,26445),(82,10982),(83,11037),(85,6577),(86,3351),(87,17118),(88,33854),(89,6071),(91,6829)]	261.657504
91	[(1,14914),(2,8753),(3,27090),(5,26352),(7,15419),(8,29494),(10,35848),(12,16139),(13,6169),(17,661),(19,1215),(20,29725),(23,9734),(24,1622),(27,5190),(28,19065),(30,11085),(31,5589),(32,1581),(33,13168),(37,3163),(39,23102),(40,25104),(42,15595),(43,7922),(44,2420),(47,21990),(48,24522),(49,16867),(50,12742),(52,13265),(55,23037),(56,20434),(57,1369),(60,8301),(61,31865),(62,7786),(65,16998),(68,17331),(70,2535),(71,29507),(72,18604),(73,2924),(75,26520),(78,16069),(79,25628),(80,22815),(81,25918),(83,17599),(84,10318),(85,7018),(86,34530),(87,16663),(92,12679)]	245.589258
92	[(2,2402),(5,31379),(6,22226),(7,19375),(8,32069),(11,16921),(12,27542),(13,3376),(16,9953),(17,15748),(18,2268),(20,697),(23,5110),(24,24114),(25,36495),(28,4294),(31,10832),(33,30672),(35,22518),(38,19162),(39,19803),(42,6529),(43,28343),(44,35065),(49,10435),(52,14717),(55,10101),(56,16932),(57,30246),(59,22434),(60,31810),(61,24002),(63,26525),(64,21853),(66,31803),(69,14415),(70,3968),(72,2556),(74,28583),(75,34386),(77,10738),(81,32325),(82,6387),(83,30948),(84,6431),(85,6142),(86,18402),(87,27246),(89,14943),(91,31477),(92,29121)]	238.193598
93	[(1,34736),(2,20659),(4,1180),(5,4861),(8,26396),(9,20591),(10,16489),(11,17425),(15,26595),(17,13509),(18,15885),(19,33714),(22,4985),(23,14093),(24,16231),(25,33663),(27,10990),(28,26352),(31,25050),(34,35985),(35,22676),(36,105),(37,4887),(38,31488),(39,23268),(45,28988),(47,31272),(49,22852),(53,20871),(54,32676),(56,9050),(58,8726),(59,20381),(61,26547),(68,33571),(71,26837),(72,10414),(73,6034),(74,11319),(75,7222),(78,9030),(82,17463),(83,2738),(84,695),(86,8578),(87,5792),(89,20294),(92,23171)]	242.674160
94	[(0,27727),(4,29149),(8,35093),(9,10495),(11,29421),(12,10620),(15,4884),(16,29586),(17,10110),(18,4712),(19,24350),(20,13250),(21,34078),(22,19575),(25,26966),(26,11089),(27,4538),(31,35644),(32,21869),(38,32013),(39,25118),(40,20650),(41,25731),(42,10563),(43,35766),(44,26458),(45,1242),(47,23263),(48,12375),(49,12401),(50,1264),(51,17655),(52,3749),(53,9345),(54,4649),(55,2569),(56,24252),(58,4069),(59,20629),(60,4529),(62,22399),(63,3492),(65,32030),(68,30271),(70,23958),(71,6916),(75,27562),(78,4036),(79,1116),(82,13977),(85,18092),(86,15042),(88,35250),(90,12727),(91,22870)]	254.008054
95	[(0,34222),(2,32885),(7,24826),(8,34245),(9,13015),(12,23364),(14,2970),(15,25170),(16,33613),(17,18339),(19,23614),(20,30019),(21,7936),(22,2735),(23,36391),(24,3622),(25,30977),(27,13197),(28,19964),(29,33162),(31,8899),(33,20025),(35,1196),(38,32828),(39,760),(42,33418),(44,12763),(45,31251),(49,30095),(50,13895),(51,9077),(52,7755),(55,5096),(56,16961),(58,25626),(59,521),(60,12354),(63,30973),(64,35289),(65,1290),(68,17795),(70,11061),(71,5228),(74,20093),(75,36219),(77,24613),(79,22537),(80,3972),(81,20838),(82,29914),(83,24513),(85,3828),(86,25971),(88,19417),(89,28772),(90,23652)]	245.784813
96	[(2,14551),(4,17843),(6,20673),(7,25814),(8,16441),(9,30331),(11,25804),(15,2589),(17,24859),(20,25689),(21,14442),(22,31996),(23,27047),(24,12148),(26,25923),(29,12141),(30,10765),(31,8298),(32,517),(33,1213),(34,18080),(35,25120),(36,2393),(37,25448),(39,20479),(40,7620),(41,21135),(42,26353),(44,36044),(45,16879),(46,9956),(47,22491),(51,30549),(55,1372),(56,22415),(58,14786),(59,28289),(60,16311),(61,32542),(65,4247),(66,7217),(67,11928),(70,18066),(72,4359),(74,22401),(76,12340),(79,19000),(80,33225),(82,7305),(83,18324),(84,26619),(85,13573),(88,7361),(92,23868)]	226.222000
97	[(0,15499),(2,30679),(3,18522),(6,26371),(7,7646),(8,23277),(9,19577),(12,27405),(13,21369),(14,7831),(15,34220),(16,23068),(18,36118),(19,19299),(20,20465),(21,5221),(24,131),(25,23866),(27,457),(28,31794),(29,33170),(31,5610),(34,21875),(36,23621),(38,22263),(39,4157),(45,29875),(47,4240),(48,938),(50,4479),(52,27296),(53,1865),(54,8028),(57,31647),(59,33005),(61,31631),(62,28755),(63,10989),(65,5784),(66,19706),(67,30015),(70,29640),(73,25278),(74,6861),(75,29459),(77,35940),(78,19283),(81,15981),(82,34561),(83,31091),(84,24963),(85,2095),(90,12245),(91,4079)]	118.593587
98	[(0,4543),(1,19209),(2,12707),(3,17265),(4,33394),(5,11977),(6,18530),(7,1530),(10,15998),(11,29420),(12,19077),(13,9403),(14,30185),(15,598),(16,6336),(18,4251),(19,15250),(20,19135),(21,18002),(22,35303),(23,8787),(29,27502),(30,12803),(31,17224),(32,35537),(38,5904),(40,397),(42,12295),(43,28645),(48,9812),(53,20191),(54,1178),(56,30618),(57,2606),(58,27664),(59,16719),(60,34774),(63,9782),(64,31864),(65,6056),(66,25352),(71,8999),(72,5043),(74,20825),(78,28034),(79,1954),(81,29679),(82,27885),(83,26493),(86,11362),(87,15670),(90,21513),(92,17066)]	114.370756
99	[(0,11258),(3,368),(4,2187),(5,20138),(8,12951),(10,32096),(11,4733),(12,5608),(13,2880),(14,164),(16,2536),(17,11959),(18,26626),(21,25542),(22,12230),(23,21797),(24,8686),(27,8867),(28,18807),(29,3009),(30,6951),(31,17667),(32,1114),(34,27980),(35,23618),(36,549),(38,13555),(42,23597),(43,18387),(46,11165),(50,32566),(51,22397),(54,32456),(59,17169),(61,11173),(62,2181),(63,34404),(65,5312),(67,15727),(68,22133),(69,8706),(72,31307),(75,24470),(77,1644),(80,7180),(81,30734),(82,9305),(84,10474),(85,19856),(86,24363),(87,9499),(88,22891),(89,15427)]	114.921105
100	[(1,36704),(2,8643),(3,13802),(6,22194),(8,11007),(9,12618),(10,5824),(12,8917),(14,31653),(15,16326),(16,28382),(17,21679),(18,28949),(19,30635),(20,13751),(21,33858),(22,32871),(24,13827),(26,25439),(28,16944),(29,28578),(30,4454),(31,19867),(32,15765),(34,10688),(37,27304),(38,27247),(39,2021),(40,11755),(43,5787),(45,13767),(47,3726),(49,18069),(52,29651),(53,15329),(54,15287),(55,15943),(56,25981),(57,32194),(59,2857),(61,25033),(62,31466),(63,21235),(64,18835),(65,23443),(67,32783),(68,7959),(69,25440),(72,19756),(74,23020),(77,2504),(79,23373),(81,9430),(83,22795),(89,6980),(90,27550),(91,26431)]	113.852284
101	[(0,9714),(4,30250),(5,2998),(6,26309),(7,12394),(8,30909),(9,6802),(10,7972),(12,35850),(14,25665),(15,29129),(16,22188),(17,12002),(20,28909),(21,3627),(27,24024),(28,9935),(31,3117),(32,24698),(34,12182),(38,22862),(40,16992),(41,2590),(42,1494),(43,33099),(44,12488),(46,27006),(47,20684),(48,18149),(54,13851),(55,15948),(65,17075),(66,34193),(68,23996),(70,31908),(71,5489),(73,29932),(75,23630),(76,2377),(78,14346),(79,23921),(80,18129),(84,17585),(85,30586),(86,35427),(89,15820),(91,4509)]	151.338090
102	[(0,23667),(1,11448),(3,15041),(5,23065),(6,9737),(7,29235),(8,9394),(9,6543),(10,8563),(11,2683),(13,32164),(17,22270),(18,23975),(19,9521),(20,18510),(22,8350),(23,25522),(25,19400),(28,2330),(30,30923),(31,10303),(32,14001),(33,27700),(34,8477),(35,20960),(37,32870),(39,32894),(40,21933),(41,29592),(42,9712),(43,12423),(45,17606),(47,29147),(48,30009),(50,916),(53,27829),(55,27584),(56,20457),(57,35357),(58,19997),(60,14715),(61,15304),(63,15253),(69,11214),(71,17210),(74,5741),(75,33796),(76,4346),(77,17041),(79,24174),(80,24537),(82,26812),(83,2641),(86,23518),(87,11478),(88,2377),(89,36224),(90,16476),(91,23396)]	118.567373
103	[(1,22685),(2,21585),(4,32084),(5,9968),(8,7745),(10,32554),(13,33091),(16,21347),(18,18672),(19,9993),(20,31049),(23,2602),(26,15651),(30,5317),(31,6828),(33,26161),(34,35930),(37,23253),(40,10701),(42,9073),(43,30077),(44,32226),(45,9681),(46,25809),(50,29343),(55,36685),(59,9083),(60,34766),(62,34207),(66,8649),(68,13748),(69,5379),(70,6007),(72,20518),(73,170),(74,27294),(75,20553),(77,28524),(79,21896),(80,11503),(81,22750),(82,21159),(83,34897),(84,20358),(85,24672),(90,17320)]	118.833371
104	[(1,1693),(3,17980),(8,26738),(11,734),(13,31032),(15,22439),(16,34462),(19,7977),(21,9032),(25,16175),(27,20156),(28,20891),(29,31663),(30,28061),(31,36722),(33,8441),(35,30929),(36,34698),(38,5562),(40,31918),(42,25705),(43,25028),(44,20919),(50,36682),(54,30239),(55,20516),(56,34024),(57,23965),(58,18799),(60,1162),(64,25159),(66,33634),(67,21218),(68,3420),(70,31241),(71,24278),(72,15820),(75,23918),(76,35309),(79,7963),(80,11035),(83,31511),(84,2855),(85,24995),(88,6861),(89,2890),(91,27849),(92,7761)]	122.766146
105	[(0,12549),(3,5767),(4,35060),(5,9670),(7,19856),(8,29164),(9,29312),(12,21824),(16,2447),(18,25238),(20,28158),(24,26375),(25,5132),(27,6180),(28,9187),(29,22901),(30,19706),(32,29697),(34,9188),(36,15500),(37,19329),(38,18899),(39,26878),(40,17154),(41,16481),(46,21997),(47,8397),(48,32635),(50,25896),(51,453),(52,28733),(53,36141),(54,31478),(59,30766),(61,2602),(62,16228),(63,18425),(64,8056),(68,20868),(70,949),(76,2266),(77,16983),(78,6613),(80,22112),(81,8331),(82,25225),(83,10081),(85,8260),(86,16503),(87,21456),(91,12836),(92,20790)]	118.577252
106	[(4,25889),(7,25177),(8,29064),(11,11607),(12,3213),(13,9886),(17,18076),(18,24835),(21,14200),(22,2473),(23,609),(26,35871),(29,34051),(30,5178),(31,27242),(33,33187),(34,1225),(36,12761),(38,4805),(39,26996),(40,4625),(43,24422),(46,11000),(47,14668),(48,18886),(49,7584),(51,3178),(55,8622),(56,24325),(57,13316),(58,6189),(60,36626),(61,14089),(62,23119),(63,12377),(64,3768),(65,5405),(66,16272),(67,23980),(70,1052),(71,13006),(72,24595),(73,21236),(76,15327),(78,1088),(79,30118),(80,21353),(82,222),(84,34310),(86,33951),(88,3922),(89,2047),(92,36126)]	113.751186
107	[(0,15578),(1,23121),(3,17714),(4,34054),(5,17517),(6,28950),(9,15580),(10,35791),(12,23093),(13,6149),(16,6217),(21,27460),(30,10242),(31,12879),(33,7375),(34,21021),(36,34223),(37,32314),(38,23215),(39,3676),(41,24399),(42,20866),(43,12631),(44,3000),(45,28246),(46,28183),(48,19688),(49,11726),(51,23569),(53,4087),(54,14170),(60,28632),(61,17349),(62,3234),(64,22514),(65,25433),(66,34025),(68,16654),(69,34955),(71,34182),(74,12361),(75,35414),(76,33836),(79,18016),(81,22313),(82,35864),(85,27600),(86,3476),(87,17020),(88,23988),(89,10496),(90,31869),(91,5908),(92,33478)]	120.094816
108	[(1,26592),(2,400),(4,27782),(5,13060),(6,253),(9,23005),(12,24095),(13,17217),(15,18442),(21,15756),(22,2279),(23,20617),(24,14637),(27,27589),(28,8248),(32,12866),(33,3437),(35,20005),(36,4946),(39,5426),(40,1404),(41,1549),(43,23406),(44,26775),(46,32719),(47,25485),(48,8701),(49,27709),(50,30488),(54,19072),(56,13750),(57,35800),(58,24383),(60,28381),(63,32559),(65,25488),(70,10793),(71,23517),(73,583),(75,12287),(76,33365),(77,6196),(80,14645),(81,6036),(82,22741),(83,10351),(84,22596),(85,29026),(86,35521),(87,29874),(91,12425)]	110.489562
109	[(0,29492),(1,31286),(2,11755),(3,22635),(4,33479),(5,24118),(6,20558),(7,2996),(9,36613),(12,17648),(14,1206),(15,6108),(16,32656),(17,24784),(18,7428),(21,20864),(23,8322),(25,1799),(33,27751),(34,28620),(35,29598),(37,30682),(40,35742),(41,8619),(45,22135),(47,21761),(49,19617),(51,15042),(52,30459),(54,16434),(56,7456),(58,4417),(59,22441),(60,15428),(64,31219),(65,28269),(66,17075),(67,30772),(68,30857),(69,25259),(70,32979),(72,15322),(75,11743),(76,34318),(77,8285),(79,34450),(80,9975),(82,34075),(83,32409),(86,33530),(88,12985),(89,33019),(90,28385),(91,3276),(92,27803)]	131.017689
110	[(1,17945),(2,32617),(4,7338),(5,1754),(7,2658),(8,18670),(10,9118),(11,19900),(12,19553),(14,17364),(17,27244),(23,6016),(24,2798),(25,19858),(27,23009),(33,15235),(34,35714),(36,29254),(39,29578),(41,2131),(42,24397),(43,2729),(44,11638),(46,25488),(48,13841),(49,31202),(51,29296),(54,12286),(55,18904),(56,24007),(58,26973),(61,34361),(62,10478),(64,36648),(65,6682),(66,36702),(67,16148),(68,17042),(69,33031),(70,9655),(71,20323),(73,40),(74,2123),(76,3723),(77,29566),(78,22984),(80,22150),(81,12412),(82,10966),(83,15711),(84,15539),(89,8249),(92,32202)]	125.028512
111	[(0,32145),(1,28366),(2,2118),(4,21782),(5,31357),(6,15244),(7,8109),(9,3629),(11,23912),(12,14651),(16,22581),(18,19226),(19,3483),(22,36029),(24,8292),(25,12391),(26,29285),(27,5152),(28,29713),(29,23569),(30,26346),(34,6920),(36,20842),(37,1870),(39,33168),(40,9922),(43,24236),(44,17401),(45,32642),(46,7776),(47,33588),(53,27024),(54,16962),(55,31025),(59,35615),(60,17081),(62,15888),(63,31721),(65,19850),(69,31944),(70,15361),(71,28744),(73,28631),(74,16271),(77,30442),(78,5749),(80,10228),(81,22667),(83,31176),(85,13195),(87,33560),(89,13495)]	118.834348
112	[(0,28490),(2,15288),(8,8280),(10,31532),(13,28068),(15,33586),(16,2005),(17,32591),(19,4197),(20,26233),(22,32109),(23,22306),(25,17660),(27,12168),(28,23893),(33,23841),(34,35406),(35,7261),(36,14467),(39,14111),(43,7446),(47,23542),(48,16123),(50,12372),(51,1494),(52,9436),(53,25863),(59,10553),(60,14950),(61,5861),(65,22858),(66,7619),(67,22151),(68,29612),(70,29951),(71,32233),(72,10997),(75,33440),(77,24598),(78,8493),(79,20494),(80,22228),(81,20064),(82,18299),(83,10991),(84,16926),(86,2974),(87,5981),(88,13617),(89,25097),(90,13985)]	119.400917
113	[(0,8884),(1,10),(4,19054),(5,26952),(7,27989),(9,16033),(10,15478),(11,25445),(12,2349),(13,14994),(14,24055),(16,5769),(19,33310),(20,8935),(21,20321),(24,25437),(25,30242),(27,9569),(33,17973),(34,32940),(37,28228),(38,13105),(39,14635),(43,1848),(44,8932),(45,26369),(47,15131),(53,24543),(55,2342),(56,5334),(58,8593),(59,4611),(60,16348),(61,17612),(62,26445),(63,10982),(64,35347),(65,10147),(66,817),(67,32401),(68,799),(69,11876),(70,35759),(72,10538),(73,33127),(74,35527),(78,28125),(79,8091),(81,36190),(82,856),(84,5351),(85,34497),(87,7536),(88,15373),(92,31340)]	113.822107
114	[(2,27459),(4,20014),(6,3399),(7,36029),(9,10698),(10,11104),(11,30365),(12,23175),(14,31459),(16,9402),(18,26478),(19,34517),(20,1266),(22,34246),(29,28194),(31,4759),(33,5251),(34,12216),(36,12038),(37,27259),(43,18549),(45,22662),(47,26328),(48,5022),(49,2099),(50,3106),(51,22463),(52,18741),(57,5759),(59,27942),(60,16185),(61,3150),(66,26184),(69,12674),(70,19397),(73,7841),(75,34898),(76,4074),(77,9004),(78,8451),(79,21700),(81,710),(82,32159),(84,36719),(85,30798),(86,6913),(87,22363),(88,31418),(91,7656)]	107.556043
115	[(0,2936),(3,10273),(5,16564),(6,32633),(10,17824),(11,9857),(12,22741),(14,15119),(16,27794),(17,21603),(18,30226),(19,15540),(22,26696),(23,10106),(24,36212),(25,27926),(26,10080),(27,35586),(29,17759),(32,6352),(33,31105),(35,8244),(37,28485),(39,5186),(40,22398),(41,12085),(42,13564),(44,32678),(45,17351),(47,10813),(48,36517),(49,7626),(50,19494),(54,15203),(55,23322),(56,25121),(58,5773),(59,35201),(61,30344),(62,753),(63,31950),(65,33762),(66,2520),(68,13061),(71,5356),(73,36302),(74,10783),(76,18916),(77,8316),(78,4708),(80,26081),(82,24590),(85,34661),(86,3021),(87,11212),(88,31381),(90,26175),(91,25658)]	112.907051
116	[(1,8319),(3,26993),(4,22840),(7,27123),(9,18563),(10,21590),(12,20803),(14,27732),(16,4034),(17,3032),(18,13765),(19,6330),(20,7293),(21,22301),(22,20261),(26,11252),(27,34329),(29,33457),(32,1715),(34,32541),(37,34648),(39,25598),(40,10696),(46,14274),(49,2013),(55,14589),(57,25509),(60,34493),(61,12429),(62,34045),(64,12021),(65,34577),(66,34524),(68,14174),(69,23080),(72,32304),(75,33906),(76,17312),(79,35239),(80,10559),(83,22202),(84,35563),(85,4899),(86,14743),(87,18232),(89,17693),(90,18764)]	111.199118
117	[(1,17245),(2,2112),(4,30846),(5,15995),(7,787),(8,25811),(14,23569),(15,10155),(16,30425),(18,26091),(19,21998),(21,31228),(23,33325),(25,3584),(30,14822),(31,32799),(32,5967),(33,16954),(36,9541),(37,7833),(38,6643),(40,24513),(42,31648),(44,10254),(45,4968),(50,21720),(51,6765),(53,12299),(54,892),(55,27923),(58,4199),(60,26139),(61,20545),(62,33531),(63,18645),(64,12791),(66,9214),(67,35804),(68,18819),(70,34294),(72,30549),(76,16097),(77,15431),(79,24423),(83,16465),(84,15752),(85,21411),(86,33665),(88,27149),(89,20112),(90,12177),(91,5678),(92,13073)]	104.579480
118	[(3,28182),(4,14785),(7,31946),(8,6138),(11,3748),(14,10647),(17,5904),(18,10717),(19,27738),(20,6415),(23,1877),(24,8712),(25,7430),(27,29326),(29,15932),(33,8217),(34,25314),(36,31920),(37,22751),(39,34972),(41,18926),(42,17266),(43,23250),(45,10758),(46,30786),(47,24135),(49,11410),(50,28749),(51,36358),(52,2948),(54,29843),(55,26651),(57,12781),(58,10843),(59,10128),(60,29281),(61,10930),(63,6175),(65,36656),(67,9249),(70,3435),(71,30516),(72,27271),(73,22687),(75,16403),(76,12610),(78,14779),(80,3338),(81,20307),(82,7225),(83,23915),(84,14645),(85,6036),(86,22741),(87,10351),(88,1483),(90,27733),(91,5150),(92,8492)]	105.776283
119	[(2,29843),(5,25476),(7,10215),(8,34414),(9,6353),(10,22667),(11,10545),(15,33174),(17,22061),(18,34421),(20,18790),(21,3859),(23,30842),(26,15487),(28,18516),(31,12831),(33,27354),(34,27875),(35,7333),(36,27065),(37,31683),(38,19832),(40,3678),(42,10139),(43,2691),(44,13554),(45,7618),(46,20570),(47,17515),(49,24092),(50,18052),(52,19020),(53,15254),(54,5294),(55,19444),(56,34307),(59,8237),(60,19857),(61,32750),(63,3076),(64,6276),(65,2383),(66,27394),(68,29738),(69,15089),(70,17854),(73,23020),(75,29070),(76,25638),(78,12324),(81,30911),(83,32374),(84,13208),(85,11543),(88,3219),(89,8068),(90,20971),(92,28636)]	137.056748
120	[(1,15648),(3,15533),(6,27369),(7,1137),(10,299),(11,3135),(15,36685),(16,478),(18,15268),(19,20457),(20,19826),(21,15803),(23,23563),(26,7371),(27,15916),(29,10389),(31,12319),(32,32913),(33,35457),(35,12112),(36,32991),(38,31850),(39,809),(41,29160),(42,29294),(43,23726),(45,35685),(47,29380),(49,13709),(50,32770),(51,491),(52,1738),(53,3545),(54,34678),(55,7773),(56,32705),(58,33517),(59,30341),(60,35460),(61,14864),(62,25643),(64,20006),(65,29412),(66,16082),(67,11341),(68,9148),(74,14137),(77,31946),(78,6138),(81,23669),(82,10270),(83,31580),(84,33493),(85,11808),(87,10863),(89,9614),(91,36531)]	117.179425
121	[(1,17427),(2,4568),(3,5837),(4,8845),(6,32502),(7,6648),(8,35859),(9,14926),(11,3080),(13,15963),(16,36425),(17,16394),(19,17506),(20,22344),(21,25590),(22,25644),(23,20004),(29,3735),(30,6779),(31,22624),(34,7079),(35,7869),(38,20972),(39,29613),(40,31450),(41,12994),(44,7352),(45,876),(46,11818),(47,22060),(50,2082),(53,26137),(54,28903),(55,3181),(57,12472),(59,1038),(63,14255),(65,12998),(66,3497),(68,4452),(69,16815),(71,16184),(73,20886),(76,32388),(77,29319),(78,15485),(79,33458),(80,33708),(82,18142),(84,33572),(85,21510),(86,13035),(88,7216),(89,34035),(91,21346)]	116.842938
122	[(2,4360),(4,23226),(6,7056),(7,7076),(9,20693),(10,28753),(12,22002),(13,15123),(14,14413),(16,30176),(17,34394),(20,6993),(21,13719),(23,25484),(24,7660),(25,32993),(29,11097),(30,17492),(33,10532),(34,6752),(35,33829),(39,8605),(40,13040),(45,29602),(46,24731),(48,4882),(50,29287),(51,14171),(53,7524),(54,9272),(57,14010),(60,6518),(61,15649),(64,4669),(66,25),(67,34119),(68,21130),(71,35286),(72,11432),(73,12236),(74,4038),(75,2515),(76,27604),(80,25135),(81,31031),(82,2192),(85,5568),(86,32915),(87,23794),(89,20390)]	106.649052
123	[(1,16640),(2,31902),(5,36131),(7,12688),(12,34029),(13,24196),(14,7398),(17,25568),(19,10425),(20,31145),(22,32610),(26,17501),(28,12083),(29,9047),(30,33527),(31,10406),(32,3683),(36,26871),(37,30608),(40,29582),(42,12491),(43,5302),(44,23744),(45,23874),(46,27526),(47,17584),(48,5498),(49,4308),(52,22455),(55,23918),(56,10315),(57,10670),(61,26720),(62,24749),(63,10955),(64,9983),(65,947),(67,23343),(68,30790),(69,1859),(70,22263),(71,25817),(72,3469),(74,9976),(77,29481),(82,1789),(83,3484),(87,14911),(88,24271),(89,33558)]	108.914766
124	[(1,5115),(2,27308),(3,35845),(4,16816),(5,16482),(7,23347),(9,32253),(10,33869),(11,15314),(13,16700),(14,3029),(15,2546),(16,2509),(17,9450),(18,6439),(19,23567),(22,10309),(23,35062),(24,34),(25,31027),(26,25365),(30,35983),(32,21281),(33,16064),(37,4873),(41,17013),(44,21557),(45,23593),(48,3746),(50,9937),(51,21522),(52,13516),(53,18558),(54,13667),(57,9914),(58,33798),(62,34521),(63,24115),(64,9841),(65,5560),(68,24090),(69,16090),(74,28635),(76,8036),(78,17714),(80,19419),(81,26576),(82,2611),(83,24793),(84,32),(86,30208),(90,13215),(92,1361)]	118.070549
125	[(0,24514),(1,11780),(2,2103),(4,2780),(5,35720),(6,30734),(8,14957),(10,8036),(12,17714),(13,34054),(14,5448),(16,16430),(17,34052),(18,7729),(21,13539),(22,10777),(25,26149),(26,4586),(28,3578),(30,22307),(31,4957),(32,24655),(33,33969),(34,36707),(38,21105),(39,29273),(41,28421),(44,16767),(45,16231),(46,1599),(47,35833),(52,7407),(53,30724),(56,31171),(58,11749),(60,5096),(62,26434),(63,1008),(64,5054),(65,3927),(71,7357),(72,18397),(74,541),(75,8938),(76,17887),(77,337),(78,17240),(79,2351),(80,10442),(81,35223),(82,17505),(83,25626),(89,6523),(91,2822)]	120.248443
126	[(0,9737),(1,29235),(2,9394),(3,6543),(6,10029),(7,30371),(8,11231),(9,27435),(11,23963),(12,8443),(15,10369),(16,8181),(17,11167),(18,19604),(20,20115),(21,13637),(24,31795),(26,20524),(27,33551),(29,4522),(30,35637),(31,32362),(32,17341),(33,9302),(35,26040),(36,30203),(37,21931),(38,7834),(40,8957),(42,1515),(44,2796),(45,9591),(46,21724),(48,19226),(51,4805),(52,32377),(53,27486),(54,15880),(55,3864),(62,8114),(65,17248),(70,19256),(73,10229),(74,35592),(76,23439),(78,5352),(79,4565),(81,7749),(87,3914),(89,22112),(90,22202),(91,25395)]	116.243032
127	[(0,25018),(3,18271),(5,33753),(6,28990),(7,25629),(8,2761),(9,16366),(10,22857),(11,7754),(12,25516),(14,10303),(15,5114),(16,4804),(20,19991),(21,36159),(22,32756),(25,18397),(27,11857),(30,26360),(31,33279),(33,16327),(34,18762),(35,19736),(39,8022),(40,5511),(42,32751),(43,3916),(44,11717),(45,15103),(46,6773),(50,18503),(51,18233),(52,12626),(53,11123),(55,30580),(57,24233),(59,20471),(62,12124),(64,20568),(67,4814),(69,28169),(71,15832),(73,3454),(75,16966),(76,17444),(81,17483),(87,9439),(91,30111)]	140.401793
128	[(1,5330),(3,8856),(5,20387),(6,25722),(7,35244),(8,5111),(13,25052),(15,34007),(20,21444),(23,8294),(25,26949),(26,12993),(27,18203),(32,15864),(33,850),(35,36095),(37,20001),(40,20392),(41,22872),(42,19247),(44,33687),(48,22438),(52,5615),(54,3892),(59,36498),(60,25042),(62,28695),(63,28876),(64,18860),(65,2367),(68,30446),(70,32631),(73,9864),(76,5209),(77,29801),(78,17163),(79,21095),(80,20207),(82,19451),(84,23297),(85,13617),(86,6691),(87,20082),(88,4978),(90,2197),(92,4635)]	119.108039
129	[(0,28478),(1,17079),(3,16169),(5,23581),(6,19109),(8,36121),(10,4007),(11,30435),(14,4986),(16,4615),(17,25101),(18,6878),(19,25270),(20,34690),(21,14286),(22,1739),(23,27263),(24,27043),(28,7633),(29,24893),(30,15449),(31,9536),(33,36614),(34,728),(37,21550),(38,33816),(40,5279),(44,17430),(47,19144),(51,22375),(52,15960),(53,4679),(54,27450),(55,25577),(56,19707),(58,22982),(60,15643),(61,7142),(63,13330),(65,3729),(66,26991),(69,1646),(70,23490),(71,10341),(72,15770),(73,2701),(74,15426),(77,16037),(79,25714),(81,32157),(82,22116),(83,23200),(85,155),(86,26891),(89,12744),(90,6383)]	108.003669
130	[(0,18848),(1,8631),(4,22536),(6,25058),(7,31242),(8,25557),(9,31748),(11,457),(13,24660),(14,23164),(15,19353),(19,32219),(20,177),(21,8938),(23,21121),(24,13234),(25,35369),(27,3660),(28,14554),(30,6437),(32,7108),(33,17102),(35,9723),(36,23993),(38,34793),(40,6292),(41,18620),(44,33906),(47,28090),(50,34556),(51,19550),(53,19064),(56,31051),(58,29444),(60,25560),(61,35642),(62,3120),(63,2638),(64,14041),(66,21736),(67,29251),(70,19439),(74,6027),(75,20781),(77,35428),(79,16671),(82,31790),(83,18643),(84,11020),(85,19634),(86,13225),(91,18741),(92,12805)]	110.681833
131	[(0,5321),(1,19100),(3,3703),(4,30202),(5,20716),(6,26192),(10,30353),(12,32477),(13,7442),(14,36023),(16,3465),(19,27196),(20,23684),(21,22771),(22,18346),(26,36497),(27,5198),(31,29818),(32,24783),(33,15808),(35,26207),(38,339),(40,6446),(41,32384),(43,31037),(44,27834),(46,3340),(47,28840),(48,27853),(49,7958),(50,10295),(51,16885),(52,7008),(53,8889),(55,17822),(57,12137),(59,15603),(62,35685),(64,28830),(65,1886),(67,12454),(69,19244),(70,25062),(71,17646),(72,30000),(73,28885),(75,26359),(76,19460),(77,30728),(78,22708),(80,5657),(82,24357),(84,5500),(87,22725),(88,5948),(91,18943),(92,13796)]	122.033285
132	[(5,35205),(6,29582),(11,14454),(14,14438),(15,17772),(20,1674),(22,6517),(23,1496),(25,19187),(27,32405),(28,13390),(30,2901),(32,9729),(34,23758),(38,24796),(39,26178),(40,6280),(41,14936),(42,26019),(44,19121),(47,29487),(48,11152),(54,30728),(56,15839),(58,636),(60,2656),(61,27191),(62,2635),(64,2032),(66,34542),(68,12931),(71,19551),(72,16526),(74,11331),(75,28367),(76,15888),(80,25967),(81,2382),(82,6696),(83,14966),(85,10101),(86,36270),(88,26156),(89,13122),(92,13370)]	117.291799
133	[(0,21745),(2,6616),(6,18021),(7,13645),(8,22569),(10,2201),(12,5810),(13,34195),(14,36416),(15,22627),(16,20966),(19,17440),(20,2489),(21,15775),(22,27553),(23,24784),(26,22195),(29,20443),(30,27416),(31,25025),(33,4055),(35,20382),(36,20141),(37,22319),(38,6266),(41,27213),(43,7368),(44,2573),(46,24729),(48,9525),(49,4386),(51,26722),(52,25238),(55,33451),(57,19772),(58,15179),(59,27181),(61,14124),(62,35099),(63,30005),(66,4766),(69,11043),(70,14674),(71,27045),(72,7288),(73,6926),(74,25598),(76,13546),(82,25562),(83,21944),(84,12737),(85,15818),(87,29186),(89,22884),(91,9744),(92,19007)]	113.130704
134	[(0,5054),(1,3927),(2,4195),(4,22147),(6,33997),(13,10976),(14,36031),(15,3682),(16,15103),(21,23052),(23,28110),(24,34802),(25,15207),(26,21365),(29,20410),(30,13761),(31,1615),(34,8848),(35,11042),(36,17207),(37,20357),(38,23037),(40,9553),(41,34316),(42,16613),(43,24730),(44,25130),(45,25803),(46,27918),(49,18281),(51,20164),(53,14951),(55,32838),(56,36556),(58,34922),(60,9918),(62,30796),(65,34535),(66,33121),(68,12353),(69,18774),(71,17946),(72,7262),(73,1172),(74,10933),(75,1495),(86,14951),(90,32989),(92,27974)]	115.092158
135	[(1,30447),(2,693),(6,35907),(7,19908),(10,32206),(11,23313),(12,8435),(13,16080),(14,14894),(15,18243),(16,4279),(19,6507),(20,6173),(23,1023),(24,30645),(25,17746),(26,29637),(27,14375),(28,1296),(30,11453),(31,19477),(32,33098),(34,31446),(35,31269),(38,19804),(39,30242),(45,36078),(48,6397),(49,7752),(50,9823),(52,5038),(53,18335),(54,15606),(55,28016),(56,4360),(57,328),(60,29640),(62,33654),(67,15393),(68,15792),(70,3999),(72,26039),(73,25253),(74,12085),(75,18001),(76,34904),(77,7399),(78,35461),(79,18164),(80,36627),(81,9887),(82,25961),(84,35695),(86,30398),(89,3194),(91,9581),(92,20241)]	110.529511
136	[(0,28294),(3,12840),(4,26836),(5,9466),(6,8572),(7,26648),(8,2964),(11,14804),(12,9413),(13,23189),(14,7982),(16,26814),(17,33596),(18,14558),(19,13114),(20,26829),(21,21225),(27,9887),(28,4822),(30,3533),(31,26275),(35,25361),(38,12069),(39,7807),(41,26360),(44,17862),(45,33890),(46,26126),(47,8653),(49,15739),(50,6438),(51,34211),(52,4334),(53,15588),(54,19760),(55,7830),(58,10988),(59,21129),(62,8210),(63,5974),(65,16149),(68,31758),(69,14846),(70,32869),(71,17218),(76,9102),(77,18161),(78,30112),(84,14849),(86,20676),(88,24050),(90,33220),(91,27848),(92,28899)]	144.955002
137	[(0,25673),(1,23214),(2,36072),(4,3096),(5,32563),(6,35498),(7,31183),(9,10893),(12,34216),(14,30854),(15,36563),(16,26428),(18,32911),(21,5672),(23,28834),(27,14509),(28,9453),(29,32265),(33,3523),(34,13707),(37,21502),(38,15678),(39,29053),(41,11924),(42,11917),(43,5021),(44,19303),(46,2811),(47,22402),(48,11965),(49,16479),(51,32622),(52,22814),(54,14458),(57,1457),(60,25614),(62,19251),(63,33812),(64,30503),(65,22804),(66,33660),(70,3389),(73,11210),(74,14787),(76,9464),(78,26798),(80,4631),(81,24834),(83,34676),(84,10212),(85,7906),(87,10291),(88,28032),(89,9798),(92,10825)]	119.406861
138	[(1,13694),(9,1624),(12,815),(13,22823),(14,32115),(17,29851),(18,10836),(19,32395),(20,30205),(21,17017),(26,12486),(29,24219),(30,22876),(31,12473),(32,14108),(34,20769),(37,8149),(38,17483),(39,28255),(42,17068),(43,17938),(44,4274),(45,31367),(51,29342),(52,948),(53,33465),(57,5677),(59,20442),(60,24407),(63,23486),(66,6004),(69,2748),(70,10302),(71,21731),(74,25215),(75,6980),(76,13915),(77,21720),(79,28991),(82,32053),(83,4704),(86,20993),(88,19085),(89,26274)]	111.789321
139	[(0,34433),(4,20406),(5,31577),(6,23182),(7,27558),(8,19355),(12,34629),(14,30993),(15,9321),(19,32825),(20,15010),(23,30099),(25,23622),(26,10797),(27,34438),(28,1886),(29,36710),(30,22493),(31,29463),(38,3467),(39,6417),(43,29557),(46,2223),(47,7033),(49,19523),(50,26246),(51,30562),(53,6425),(54,21234),(57,35860),(58,31147),(62,2568),(64,28957),(65,21758),(66,17175),(68,34917),(69,16559),(70,1727),(75,17809),(78,29904),(79,26705),(80,845),(81,12348),(83,29499),(85,8638),(87,4151),(89,1346),(90,30355),(91,27164),(92,15623)]	110.939489
140	[(0,19861),(2,16566),(3,1230),(9,29015),(10,30919),(12,34935),(13,21504),(15,32437),(18,15903),(19,4701),(20,23982),(23,32963),(26,27137),(28,10092),(35,28351),(39,8845),(41,32502),(42,6648),(43,34058),(47,27018),(48,31103),(49,16562),(53,17394),(54,26909),(56,21921),(57,15297),(59,32543),(60,15330),(62,31230),(63,31574),(64,9486),(65,20838),(66,29914),(71,4705),(74,2921),(75,2497),(76,26872),(77,27313),(78,8373),(79,27959),(83,10034),(88,15184),(91,25815)]	121.477528
141	[(1,32519),(2,32946),(3,24510),(6,16570),(7,35106),(8,2846),(11,3783),(13,15494),(14,33610),(17,36237),(19,14946),(21,2400),(22,14998),(23,8111),(24,6914),(26,8591),(28,6188),(29,33008),(32,27509),(34,23608),(35,32814),(36,31209),(37,4346),(38,14629),(41,7895),(43,5596),(49,5275),(52,26614),(54,31084),(57,9230),(59,6797),(60,3472),(61,25436),(63,8352),(66,4090),(68,20164),(69,1619),(70,36635),(72,21759),(74,6753),(76,24660),(79,32898),(81,32607),(82,5280),(83,18433),(84,11523),(85,17010),(86,23451),(88,25784),(90,18151),(92,16829)]	115.822337
142	[(3,30855),(7,11450),(8,35161),(11,19615),(16,19658),(18,32177),(19,24301),(21,19289),(22,12559),(23,26075),(26,34185),(27,27207),(28,20300),(29,25226),(31,19924),(33,1257),(34,9734),(35,1622),(36,6827),(37,3793),(38,5055),(39,2481),(41,34046),(46,19442),(48,5202),(51,33334),(54,35666),(55,27620),(59,34406),(61,8211),(65,22337),(67,12833),(68,31271),(69,25945),(71,14776),(72,14243),(74,18452),(76,17935),(77,9491),(80,36010),(82,26174),(83,22803),(84,33545),(87,17974),(88,4545),(89,9440),(90,11811),(91,29310)]	113.066036
143	[(1,27735),(2,14521),(3,8223),(4,18908),(5,28387),(6,16199),(7,966),(9,29539),(10,31834),(12,12305),(15,31377),(16,23712),(17,38),(20,31839),(21,3046),(27,10484),(28,30140),(29,30358),(34,19936),(35,1731),(36,7749),(37,27762),(39,33953),(40,13185),(41,17978),(42,23472),(43,31767),(45,18281),(46,5856),(47,11340),(49,10169),(50,10646),(51,18665),(53,16774),(54,29984),(55,29737),(56,21593),(58,3047),(60,11027),(61,4481),(62,35229),(63,13826),(64,9289),(65,26),(66,21599),(67,11785),(69,31117),(71,15478),(72,10920),(73,34945),(76,4947),(77,11628),(78,14403),(80,16356),(82,1960),(84,180),(85,34433),(86,25854),(88,33521),(89,3207),(90,24011)]	111.625830
144	[(1,1630),(2,9634),(5,35449),(6,6678),(7,23862),(8,34182),(9,22414),(13,2124),(14,7482),(15,3201),(16,1788),(18,35936),(19,21900),(21,30497),(23,19717),(26,18535),(28,8350),(30,1918),(31,7856),(32,3451),(34,11129),(35,1976),(36,26601),(37,15456),(38,28478),(39,17079),(40,26942),(41,26636),(42,29291),(43,8555),(47,24007),(48,29313),(52,20222),(53,9092),(54,34375),(56,3772),(57,16516),(58,13697),(62,3517),(63,13745),(68,14188),(70,27528),(71,25698),(74,4766),(76,27887),(77,24687),(79,22072),(81,26498),(85,9514),(87,31932),(89,30020),(91,20632),(92,36667)]	104.919506
145	[(1,2430),(2,26195),(4,33260),(5,36573),(8,3007),(9,20611),(10,19596),(11,21806),(13,36216),(16,33271),(17,6053),(19,34390),(20,11629),(21,10128),(22,29281),(23,6026),(24,9029),(26,623),(31,17550),(32,28542),(33,11409),(34,3751),(37,2636),(39,32461),(41,34638),(42,16401),(43,29550),(44,13069),(45,36294),(47,31426),(49,22712),(50,14012),(51,9971),(53,1843),(54,16173),(55,14304),(57,9656),(58,1189),(60,7187),(61,17828),(62,30936),(63,32667),(65,3125),(69,32815),(72,14840),(73,1828),(79,10943),(82,28761),(83,19602),(84,13181),(87,4595),(88,18811),(89,5223),(90,18807),(91,3009)]	130.408520
146	[(1,10865),(4,34226),(5,16449),(6,3059),(7,953),(8,36279),(10,31123),(14,15021),(15,25137),(16,1401),(18,20578),(21,27139),(22,33420),(23,10296),(24,17100),(25,35884),(28,12477),(31,9938),(32,23691),(36,2222),(37,14874),(39,22643),(44,22590),(45,1748),(48,3140),(49,29416),(50,20816),(52,33000),(55,31521),(56,32656),(57,24784),(58,26270),(61,24735),(62,28655),(65,14307),(66,27032),(67,24277),(68,25990),(73,25629),(74,2761),(76,17181),(77,12813),(78,23756),(80,17409),(82,32230),(84,23802),(85,4240),(86,33683),(88,14096),(90,13137),(91,27464)]	118.527387
147	[(0,11053),(1,25012),(2,14022),(3,29582),(6,22591),(9,34936),(11,24345),(13,9034),(15,10622),(16,23738),(18,34659),(20,11485),(22,7471),(24,2222),(25,29061),(26,36595),(28,32651),(29,1006),(30,34178),(32,332),(35,28030),(37,33993),(38,14742),(39,7029),(41,27765),(43,4155),(45,8288),(50,17419),(51,16150),(52,8711),(53,15891),(55,14664),(58,36555),(59,18083),(60,10358),(61,21751),(62,2208),(63,19137),(64,23994),(65,27483),(66,272),(68,34128),(70,11372),(71,33117),(74,17567),(75,33913),(78,25649),(79,4857),(80,179),(82,12993),(83,10133),(84,2507),(90,11394),(92,33281)]	115.789074
148	[(1,27011),(3,7506),(4,21972),(5,36723),(7,35424),(8,403),(10,35729),(11,26184),(12,31940),(14,12358),(16,20084),(17,917),(18,25690),(19,17492),(21,837),(25,10880),(26,8429),(28,22347),(29,16393),(30,1359),(31,16342),(33,16301),(34,20412),(36,32389),(37,25051),(39,28364),(40,6038),(41,30026),(42,6581),(45,8270),(46,11293),(47,24822),(49,30098),(50,5176),(52,35856),(53,6758),(54,15522),(55,5984),(56,30938),(58,30914),(59,7123),(60,8127),(61,16976),(62,4081),(65,14842),(66,12262),(67,19156),(68,32782),(69,8769),(71,24626),(72,22825),(73,19087),(75,12138),(78,3260),(79,20314),(81,6917),(83,5774),(84,8174),(85,34821),(86,2368),(91,20036)]	111.879646
149	[(1,11420),(3,14135),(4,17533),(6,13848),(7,1473),(8,17156),(10,4167),(11,10378),(12,15125),(13,760),(15,23457),(16,6051),(21,14056),(22,32181),(24,33110),(25,6340),(26,7922),(29,9401),(30,22397),(33,23039),(35,36309),(38,22692),(39,11910),(40,25474),(41,18907),(43,17935),(46,18840),(47,33705),(49,16702),(52,2794),(54,2173),(58,28374),(59,2165),(61,1926),(62,16616),(63,34095),(65,30970),(66,16878),(68,14052),(70,20400),(72,21032),(74,8691),(76,2524),(80,126),(81,20815),(82,1299),(84,19573),(85,13025),(86,22453),(87,33061),(90,4037),(91,13126),(92,26899)]	111.479383
150	[(3,4286),(4,27934),(5,32047),(6,16379),(7,3953),(8,22653),(9,23),(10,17543),(13,5041),(15,12629),(16,10175),(17,15656),(18,15726),(23,23553),(31,24392),(32,3520),(34,20232),(36,24430),(38,11551),(40,17199),(42,36540),(43,36569),(44,30906),(47,17078),(50,27457),(53,17779),(56,36005),(58,10163),(59,29194),(60,24738),(65,2678),(66,2270),(67,31123),(68,14549),(70,24174),(71,24537),(72,15990),(75,15744),(76,25659),(78,29224),(80,22532),(82,15196),(85,23419),(86,24378),(87,33673),(88,25847),(89,27004),(91,12411)]	113.141888
151	[(0,5940),(1,22606),(2,25902),(3,36156),(4,31236),(7,20028),(8,23689),(12,28463),(13,16559),(15,3044),(16,11662),(22,2065),(25,20979),(26,1479),(27,22903),(30,19038),(31,4075),(35,14724),(37,23337),(40,1571),(43,24493),(44,29936),(46,27057),(47,35115),(48,29925),(49,14807),(50,5039),(53,23024),(55,25232),(57,764),(59,26387),(60,36096),(62,10309),(63,35062),(64,34),(65,13676),(68,9959),(69,28424),(73,6600),(75,12537),(77,26984),(78,6201),(80,13432),(82,1553),(86,14612),(87,8027),(89,2697)]	113.197204
152	[(0,21981),(3,7698),(4,31469),(6,24302),(9,25556),(11,11510),(14,20393),(15,14710),(18,1831),(19,20798),(20,31525),(23,34948),(24,10765),(30,11292),(31,16546),(33,9742),(36,32104),(38,26444),(39,18906),(41,35199),(42,25373),(43,33979),(44,9328),(45,21404),(46,33550),(51,16964),(54,5835),(56,18012),(58,2753),(62,26923),(63,15898),(64,13355),(67,26270),(70,23921),(71,11920),(72,11915),(73,24557),(75,1616),(77,27630),(78,36443),(79,22472),(80,13764),(83,21115),(86,22346),(87,19331),(91,24430)]	114.465616
153	[(1,32637),(2,27532),(3,15613),(4,27061),(5,707),(8,30541),(13,20073),(14,29234),(16,14415),(17,3058),(18,20785),(19,2387),(21,113),(23,1301),(24,2321),(25,28194),(27,4759),(31,11888),(34,28340),(35,17170),(36,27531),(37,34764),(40,16957),(43,18914),(44,13572),(46,36210),(48,10128),(49,29281),(50,10930),(52,2925),(53,4487),(54,19778),(57,15506),(59,13135),(62,28822),(64,19620),(65,11970),(66,32950),(67,17658),(68,23184),(70,34447),(71,36429),(73,14552),(74,12842),(75,7749),(78,20658),(80,14489),(82,29797),(83,31817),(86,36333),(87,2643),(92,2849)]	115.232677
154	[(0,22084),(1,8117),(3,30696),(4,12244),(5,29107),(6,30590),(8,1395),(9,23113),(12,2455),(13,3729),(14,21090),(15,31533),(17,5703),(18,25028),(21,5582),(23,6279),(24,22952),(26,11565),(28,5739),(29,12447),(31,7144),(33,34479),(35,12890),(36,17806),(41,10687),(48,14782),(54,19423),(55,18821),(57,24729),(58,18136),(61,11179),(63,27811),(67,12107),(68,11419),(69,20473),(70,1636),(71,11641),(73,29840),(74,34195),(77,12165),(78,13902),(79,12162),(80,4758),(81,22007),(82,6042),(84,11729),(85,27950),(87,29948),(89,24949),(90,34169),(91,18200),(92,35770)]	152.428747
155	[(0,8241),(1,7080),(3,1035),(4,25245),(8,887),(9,5947),(10,28352),(11,10563),(12,11239),(13,20433),(16,12391),(18,23947),(20,35734),(21,35321),(22,24453),(23,4093),(25,1121),(30,34866),(33,36189),(34,3751),(37,9212),(39,36638),(40,18227),(41,16764),(44,27415),(46,30587),(49,33403),(50,29956),(53,33162),(54,21397),(55,8990),(64,6712),(65,9263),(66,7032),(67,18994),(69,27712),(71,22491),(75,17881),(76,7662),(77,24635),(79,3514),(80,9075),(86,22302),(87,35873),(90,13998),(91,21908),(92,21553)]	112.333652
156	[(1,20844),(3,24213),(4,34814),(8,27107),(9,36163),(11,15643),(14,8565),(16,16522),(19,19274),(22,27306),(24,12132),(27,12694),(28,31105),(32,3267),(34,31108),(35,28346),(36,2557),(37,26853),(39,2370),(42,31643),(43,12279),(45,28133),(46,3462),(47,35702),(49,11955),(50,28886),(53,16434),(55,19472),(56,35609),(57,18942),(59,9332),(60,27872),(61,1671),(62,21059),(63,11929),(65,35370),(67,25791),(72,6122),(75,5970),(80,26915),(83,5524),(87,15182),(88,19335),(91,20114),(92,13676)]	113.528311
157	[(1,12317),(3,6255),(4,36446),(7,2811),(8,29722),(9,12088),(10,22943),(12,1216),(13,16761),(16,14786),(21,23345),(24,23463),(25,11485),(33,24090),(34,16090),(36,2774),(37,22699),(38,29042),(42,1830),(45,30974),(47,26867),(48,34065),(52,34998),(55,8054),(56,25688),(58,3561),(61,35653),(62,20784),(64,31923),(65,17674),(66,13547),(67,6984),(69,13383),(70,3499),(71,4593),(74,22940),(75,21012),(76,16464),(77,2474),(78,22889),(79,2792),(82,3283),(83,13925),(84,3189),(85,24277),(87,26345),(88,11705),(90,15497),(91,18769)]	109.950610
158	[(0,34213),(3,34210),(4,3130),(9,29304),(10,26354),(11,10922),(13,15014),(15,28384),(17,2758),(19,28637),(21,3556),(23,33569),(24,18797),(28,32799),(29,17037),(31,19746),(32,32236),(34,8454),(37,32280),(38,29178),(39,19177),(40,28125),(41,30346),(42,13133),(43,9579),(44,572),(47,13896),(48,34828),(49,14758),(54,32133),(55,17716),(56,13422),(57,22385),(58,34748),(60,30176),(61,23051),(63,3893),(66,22210),(67,34598),(72,33736),(73,36045),(76,20706),(77,10258),(78,24673),(81,2350),(82,16122),(85,15465),(88,15640),(89,22989),(90,21812)]	112.916840
159	[(1,10313),(3,19725),(4,32867),(6,7134),(7,5515),(9,20298),(11,1639),(13,21478),(14,27206),(18,24479),(20,7616),(21,34667),(23,2032),(24,3404),(26,12971),(33,27867),(39,23610),(40,24223),(41,15598),(43,32637),(45,17612),(47,1814),(48,15238),(49,16338),(50,36491),(51,12620),(55,13079),(56,20542),(57,23675),(61,16083),(62,31978),(63,24957),(64,34020),(65,27612),(67,23005),(68,35341),(69,26378),(70,31653),(71,11883),(73,30207),(74,33227),(75,18110),(76,28604),(79,34416),(80,4955),(81,26829),(82,21225),(85,19339),(87,34261),(88,2923),(89,31462),(92,26825)]	116.327863
160	[(0,28819),(4,36365),(5,9930),(7,34976),(9,13256),(10,10407),(11,31093),(12,11635),(14,34330),(18,1187),(21,15930),(22,30222),(24,36391),(25,3622),(29,25709),(30,11501),(31,36024),(32,16057),(33,10105),(34,25226),(35,23872),(36,6760),(37,10230),(38,13891),(39,7052),(40,35526),(41,24716),(42,28033),(45,31581),(47,27691),(49,32554),(51,27028),(53,11140),(58,16473),(59,11106),(60,22670),(61,15968),(63,30772),(64,30857),(65,28296),(67,24873),(70,10439),(71,14350),(73,16109),(74,10438),(76,22454),(77,36398),(78,10028),(81,7337),(83,19030),(85,8700),(87,27609),(88,25138)]	109.355078
161	[(0,7405),(1,19759),(2,7329),(3,25365),(4,24362),(5,22075),(6,32640),(8,2845),(9,16487),(11,2018),(12,1958),(14,20634),(15,6997),(16,4839),(17,30226),(18,2024),(22,7163),(25,5384),(26,21106),(28,28163),(33,10724),(37,31131),(38,31015),(41,27065),(42,1222),(43,5392),(45,19337),(47,5577),(48,27042),(50,28473),(51,13302),(52,14360),(53,24503),(54,29196),(56,3204),(57,12312),(58,5478),(60,13790),(64,27837),(66,29253),(67,40),(68,26905),(69,8058),(71,6723),(74,31800),(77,32198),(81,36641),(87,29186),(90,19014),(91,1017)]	129.660387
162	[(1,35925),(2,949),(5,15759),(8,21344),(9,10559),(13,11977),(14,18530),(15,27270),(16,24024),(17,9935),(19,36451),(20,13594),(21,15824),(22,18170),(23,22622),(25,15407),(26,7213),(28,19421),(30,4527),(31,11632),(33,18345),(34,16877),(35,24685),(40,10898),(41,6736),(44,20505),(46,21319),(48,32502),(49,30917),(51,14571),(52,33645),(53,739),(54,7175),(57,643),(59,29123),(61,25384),(62,33215),(63,33805),(65,6324),(66,31266),(68,2314),(71,1123),(72,20341),(73,13695),(74,15766),(76,25978),(79,35622),(80,13140),(82,21456),(83,23841),(84,35406),(86,5349),(87,20090),(89,9707),(92,35673)]	128.209574
163	[(1,5062),(2,1520),(4,2570),(6,28469),(8,7192),(10,32030),(12,33246),(15,10203),(18,22677),(19,34407),(20,30778),(22,23574),(23,28196),(26,10938),(28,3060),(29,34238),(34,30118),(35,24640),(36,6688),(37,5621),(39,35458),(40,27964),(41,983),(42,20981),(46,18657),(47,27470),(50,18833),(52,23814),(53,9419),(57,13727),(58,25882),(60,16456),(61,30742),(63,16661),(64,22275),(66,21479),(69,8501),(73,8345),(74,15940),(76,26372),(80,35879),(81,32685),(83,12790),(85,25754),(86,33988),(88,35081),(89,25310),(90,23686)]	141.602899
164	[(5,35830),(6,23638),(7,28989),(8,16325),(10,11680),(11,30294),(12,20766),(13,17087),(16,14526),(17,694),(19,32222),(20,7796),(24,18608),(25,12990),(27,35576),(28,17232),(30,28389),(31,6398),(32,3851),(33,6620),(34,22855),(36,28583),(41,19165),(43,1668),(44,10178),(45,31865),(46,5551),(51,34333),(52,10486),(57,825),(59,22253),(63,29925),(64,16770),(66,6356),(67,15804),(68,6759),(71,27749),(73,3631),(74,20756),(78,24164),(79,3751),(84,33631),(86,25586),(87,22327),(88,16415),(90,15178),(91,18293),(92,21891)]	114.934838
165	[(1,28825),(3,4297),(4,30281),(5,31402),(7,28774),(8,33051),(9,3072),(10,18959),(11,21460),(12,36433),(13,9632),(18,33158),(19,14407),(22,17732),(24,28876),(27,673),(28,20384),(29,32282),(38,34548),(40,16928),(42,13666),(43,8945),(44,27392),(47,36192),(51,33935),(52,14459),(53,3954),(54,17964),(56,14087),(58,10072),(59,31296),(60,19429),(61,5365),(62,22953),(63,20547),(67,9772),(70,933),(71,26231),(72,18291),(73,10601),(75,36708),(77,6070),(78,23649),(80,17915),(82,33398),(84,11053),(85,5463),(87,2448),(88,14986),(89,7000),(90,23300),(91,4434)]	111.736199
166	[(1,36341),(2,5443),(3,9774),(4,32899),(6,7591),(8,830),(9,25141),(10,6873),(11,31918),(14,27940),(15,27300),(16,24622),(18,25746),(19,9830),(21,3447),(23,23856),(24,5575),(25,35681),(26,26303),(27,12633),(28,1587),(29,11857),(31,32686),(35,36235),(39,19835),(41,23872),(42,6760),(43,3373),(45,28178),(46,21088),(48,34354),(49,215),(50,19165),(51,33116),(52,2535),(55,8509),(57,30320),(58,30033),(61,29697),(63,24692),(64,949),(66,9402),(67,17727),(68,27352),(71,22377),(72,20450),(73,13703),(74,33361),(75,8254),(78,35118),(79,15740),(84,29959),(85,8055),(86,12702),(88,1415),(90,34472),(91,24173),(92,18944)]	112.814557
167	[(0,560),(2,25213),(3,11126),(4,27261),(7,5904),(9,24815),(10,20088),(11,3661),(18,23762),(20,19951),(24,24327),(26,20047),(27,33897),(28,12400),(29,27110),(30,8315),(32,35005),(33,12697),(34,21495),(35,3738),(36,102),(39,4970),(40,32056),(42,26626),(44,5078),(45,1158),(49,15849),(50,29730),(52,15876),(55,8398),(56,30048),(61,9257),(62,9463),(63,10208),(64,26711),(65,4728),(68,28061),(71,33942),(72,29340),(74,21921),(75,35653),(78,26915),(81,27202),(82,29823)]	110.334920
168	[(0,30192),(2,20161),(3,22437),(4,22359),(5,16968),(6,4289),(7,18366),(8,32578),(9,25706),(10,34337),(11,21237),(12,35229),(13,13826),(14,9289),(15,10245),(17,22944),(21,25742),(22,28301),(23,2542),(24,6329),(25,22040),(26,10216),(27,34372),(29,3365),(30,27501),(33,29544),(35,36124),(38,22002),(39,9158),(40,14390),(44,12101),(45,19234),(47,1586),(48,13999),(49,20243),(50,10624),(52,28474),(53,1342),(55,18238),(56,13457),(57,22310),(60,24728),(64,22718),(67,32684),(68,26887),(69,8365),(73,1590),(75,26016),(76,26379),(77,7598),(78,32182),(79,16217),(80,7237),(81,31729),(82,35062),(84,14979),(85,3985),(87,15531),(88,24526),(89,20954),(90,27684),(92,11849)]	108.046231
169	[(0,5847),(2,3954),(3,17964),(4,25372),(5,16448),(7,11054),(8,24549),(9,9108),(10,9457),(11,5160),(13,30553),(15,5850),(16,2388),(17,20157),(19,18439),(20,28775),(21,14510),(22,24938),(24,27791),(29,25691),(30,17453),(32,31552),(33,31886),(34,9066),(35,34129),(36,24572),(37,14663),(39,35915),(43,15372),(46,32830),(47,6837),(51,7089),(52,16055),(54,1155),(57,11886),(60,30575),(61,12370),(62,2209),(63,21212),(65,3939),(66,16521),(70,22296),(71,15015),(73,18587),(74,29365),(75,35434),(78,17089),(79,11312),(83,7074),(84,15361),(85,28744),(88,35538),(90,18026),(92,34039)]	111.356077
170	[(0,26482),(2,20350),(3,24683),(4,20232),(8,28677),(9,5429),(10,662),(12,10830),(13,1324),(16,31949),(19,6364),(21,12119),(23,19008),(28,17025),(31,3046),(33,3437),(35,29532),(36,31889),(38,22693),(46,491),(47,17107),(48,9474),(50,7734),(52,22704),(53,14207),(54,27198),(55,21469),(56,16590),(58,25967),(63,29658),(64,33094),(65,18331),(66,17588),(68,25125),(69,32496),(70,8761),(72,5211),(73,35002),(74,17636),(76,14938),(77,13246),(80,36153),(81,17049),(82,12010),(83,2064),(85,17406),(86,8966),(90,13997),(92,14103)]	157.951041
171	[(0,36622),(3,8761),(4,4988),(5,9841),(6,1876),(7,14771),(12,17921),(17,21984),(19,6856),(21,21851),(30,34210),(31,3130),(33,8939),(34,30073),(38,36032),(41,3655),(42,2263),(43,10979),(44,21403),(45,36615),(46,8114),(47,24939),(50,35646),(51,12384),(52,24186),(54,12336),(55,14343),(56,16211),(58,21497),(59,28098),(60,28720),(61,33340),(62,10439),(63,14350),(65,7396),(66,26828),(67,36435),(69,25828),(71,30860),(72,17888),(73,17288),(74,30441),(75,14492),(77,28196),(78,24919),(81,28030),(82,29517),(83,934),(84,8555),(85,28983),(86,22436),(87,24603),(89,15897),(91,1795),(92,18781)]	180.295947
172	[(1,1923),(6,6972),(10,507),(12,35996),(13,13305),(14,26489),(15,31628),(16,14903),(17,19670),(19,15442),(23,16758),(24,25390),(26,23643),(31,16189),(33,21325),(35,19095),(36,10673),(39,8811),(41,18109),(42,23077),(46,29137),(47,25894),(50,2044),(51,22035),(52,11048),(53,27141),(54,8658),(57,34298),(58,35876),(59,258),(60,25633),(61,26679),(64,36496),(65,35550),(66,23865),(67,1241),(69,10934),(72,6775),(73,24421),(76,11098),(81,3737),(82,36029),(83,30316),(85,18983),(86,32765),(88,18593),(89,30384),(90,24150),(91,18062)]	130.327939
173	[(0,18604),(2,6515),(4,26678),(5,5218),(10,31408),(11,906),(13,28592),(14,22981),(15,20181),(16,6020),(17,25578),(19,24268),(20,21866),(22,13080),(23,17021),(25,2660),(26,12460),(28,29443),(29,1333),(30,35385),(31,3665),(32,34121),(33,12210),(34,28003),(35,1220),(36,26507),(37,9159),(38,33201),(39,29085),(41,7914),(42,3206),(43,33120),(45,13280),(46,5170),(47,3063),(49,34681),(51,11443),(55,26114),(57,17022),(58,16522),(60,4013),(62,16781),(64,11414),(65,34738),(66,18879),(67,22157),(68,17423),(69,12438),(71,26394),(73,27175),(74,35202),(76,11172),(77,11216),(79,13313),(80,13491),(81,27960),(84,28041),(85,12247),(87,28697),(89,26725),(92,34170)]	119.394408
174	[(0,19061),(2,31016),(4,34071),(6,2631),(11,20717),(16,23853),(17,7658),(18,14025),(19,34741),(20,9085),(21,29854),(22,18252),(24,8713),(27,11128),(29,17818),(31,13303),(32,9232),(33,34029),(34,24196),(35,32222),(36,7796),(38,2027),(39,12304),(40,32684),(41,10425),(43,36522),(44,14292),(46,11532),(49,34689),(51,24136),(52,3674),(53,29030),(55,4654),(57,11493),(58,21258),(59,3744),(60,6044),(64,602),(65,9001),(67,17528),(68,20104),(69,22503),(70,6046),(72,10396),(75,15432),(76,28011),(77,14251),(78,15950),(81,6582),(83,4271),(84,22527),(89,12073),(92,23728)]	121.003746
175	[(0,18439),(2,9733),(4,30922),(5,13610),(6,9989),(10,16627),(12,16891),(13,34746),(14,20735),(15,22729),(16,17687),(18,22418),(19,23835),(21,16468),(22,9227),(23,35609),(24,18942),(25,1836),(26,33699),(28,17299),(32,10513),(33,9261),(35,35502),(36,26686),(37,7131),(38,2388),(39,30871),(40,28688),(41,27885),(42,26493),(43,15871),(44,31239),(48,8509),(50,23396),(51,33831),(53,35546),(54,23790),(56,21047),(57,27475),(59,7601),(60,2773),(63,29944),(64,19460),(66,14794),(67,6801),(69,32673),(70,29079),(72,4052),(75,12479),(76,21334),(78,8313),(79,15865),(80,35159),(82,2316),(83,29633),(84,9943),(87,6631),(90,18117),(91,13408)]	124.183171
176	[(0,14392),(2,33249),(3,10803),(9,17367),(10,2212),(11,8540),(12,29745),(14,11733),(15,34495),(17,2483),(18,16752),(20,13663),(21,7584),(22,13198),(23,25556),(24,34411),(26,6877),(27,9075),(29,14236),(31,13796),(32,15530),(36,20590),(39,23387),(40,36650),(42,10275),(45,23929),(46,34347),(49,2587),(50,15138),(51,32568),(52,7034),(54,7985),(55,9198),(58,14964),(60,25209),(61,2725),(62,17087),(64,26610),(65,1083),(69,4589),(70,31232),(73,10066),(74,13007),(77,18158),(80,11741),(85,24203),(86,15967),(88,35337),(89,597),(91,10101),(92,16932)]	117.056378
177	[(2,7517),(5,17102),(7,15653),(9,7070),(11,24869),(16,10181),(19,31656),(23,12994),(25,17150),(26,5730),(28,8946),(29,4687),(30,8447),(31,423),(32,36119),(33,30488),(34,23609),(39,22399),(40,32135),(42,16262),(43,5238),(44,1998),(45,2546),(46,19010),(50,19494),(55,19063),(57,5027),(58,1249),(59,15067),(60,7480),(63,14271),(64,25747),(66,25840),(67,30992),(68,5819),(69,28426),(70,25208),(71,35084),(75,3226),(78,32092),(82,1610),(85,13237)]	121.237951
178	[(0,32058),(1,17385),(2,32845),(3,18106),(5,17947),(6,28114),(7,34750),(9,14070),(13,13172),(14,16688),(15,18364),(16,2087),(17,520),(20,18450),(24,13445),(25,4280),(29,8517),(30,8757),(32,29024),(33,7276),(34,472),(37,4099),(38,14797),(39,34594),(40,21632),(45,31770),(46,8639),(48,11379),(49,34826),(50,14289),(51,34259),(52,28799),(57,20686),(59,7647),(60,31132),(61,6046),(67,23556),(68,26174),(69,22803),(72,23616),(77,16875),(78,15751),(79,13014),(83,8253),(85,25431),(86,8118),(87,18305),(90,30270),(91,11992),(92,2292)]	127.686804
179	[(0,28),(1,2624),(5,30696),(6,2148),(7,20203),(8,14851),(13,17931),(14,17635),(16,12527),(17,18300),(19,1819),(20,28913),(21,5894),(24,28846),(30,20938),(33,28324),(35,36543),(36,20335),(40,25656),(41,10512),(44,32933),(45,24946),(46,20051),(47,35423),(48,17180),(50,6232),(51,392),(52,9556),(56,29387),(57,9113),(58,26907),(61,2932),(62,4246),(63,11324),(68,23306),(70,19179),(73,14149),(74,25907),(76,35099),(81,18652),(82,1634),(83,3367),(85,22252),(86,17681),(87,31295),(90,16445),(91,21045)]	153.597881
180	[(0,31556),(2,6684),(3,12661),(4,14293),(5,33762),(6,13550),(7,35118),(11,10225),(13,16774),(14,29984),(16,4132),(17,7657),(18,23682),(20,1058),(21,5606),(24,10791),(25,4754),(29,11331),(30,12928),(31,23804),(32,35068),(33,26623),(36,4369),(37,15968),(39,34193),(40,33364),(41,17548),(43,10927),(44,32491),(47,35112),(48,9436),(50,26855),(51,7650),(52,31617),(53,34409),(54,5778),(55,24710),(56,16488),(62,20395),(63,34094),(64,34220),(65,15700),(67,7371),(70,15235),(71,8005),(73,27826),(74,18268),(80,9224),(81,24404),(82,34974),(83,12058),(85,31374),(89,20795),(90,26803),(91,5238),(92,10786)]	242.894564
181	[(1,32894),(2,21933),(3,30341),(4,5594),(5,36583),(8,21622),(10,26243),(11,26974),(12,879),(13,24042),(14,11976),(15,5822),(16,25905),(18,6937),(19,2724),(20,19844),(21,7846),(24,36484),(25,1864),(26,14786),(28,13213),(30,18741),(32,30970),(38,19164),(39,29239),(40,21760),(42,3861),(44,14101),(45,17768),(47,26068),(50,31328),(51,32138),(52,22821),(53,19680),(54,26023),(57,6437),(59,26579),(60,33467),(62,27081),(66,18013),(69,35392),(72,596),(76,21684),(80,18497),(81,19213),(84,4881),(87,2673)]	271.659444
182	[(0,31789),(1,25895),(3,33264),(4,29406),(7,3060),(8,29716),(10,18061),(12,366),(13,16106),(15,16204),(17,35783),(22,14721),(24,17376),(27,30737),(28,30515),(31,27925),(32,10448),(33,34285),(34,28566),(35,30541),(38,35227),(40,31435),(41,11479),(42,19173),(43,14939),(47,19642),(49,3574),(53,4389),(55,27029),(56,24039),(58,12756),(60,10174),(61,29124),(62,4201),(63,12557),(65,14624),(68,6938),(69,4178),(70,29056),(71,35803),(73,30414),(74,11633),(76,680),(78,26314),(79,5587),(80,14939),(88,20277),(90,22633)]	244.974454
183	[(0,24903),(1,19799),(2,5780),(5,36432),(6,5788),(7,446),(9,34682),(11,15690),(12,5966),(16,3593),(21,13292),(22,22149),(23,9250),(24,15204),(25,27106),(28,21814),(29,29207),(30,20522),(31,24442),(33,25662),(34,36148),(36,35334),(37,30097),(39,31731),(40,26151),(41,22962),(42,24656),(43,14113),(46,3323),(47,30510),(49,28262),(50,1599),(51,12330),(53,308),(55,4069),(58,8414),(61,15870),(64,15888),(66,731),(69,31914),(70,16649),(71,13992),(74,4525),(76,20233),(77,10560),(79,32024),(82,19597),(83,23323),(85,18919),(87,32191),(89,10252),(90,9652),(91,10616)]	258.803964
184	[(0,6701),(3,28238),(5,27712),(8,20163),(9,4410),(11,23621),(14,15082),(15,22389),(17,10561),(18,28603),(24,26051),(26,9495),(27,21958),(28,11042),(31,28392),(32,28270),(36,25317),(39,26940),(40,31786),(42,28049),(44,4619),(45,23606),(46,1580),(47,33642),(48,7199),(49,20455),(50,13550),(51,34745),(52,429),(53,9861),(57,35383),(59,29783),(63,12438),(65,12418),(67,11248),(70,27688),(71,1005),(73,1206),(74,17874),(76,24466),(80,12736),(81,27345),(85,26819),(87,7960),(88,6549),(90,28088),(91,29184)]	246.538960
185	[(0,6044),(1,32561),(2,31189),(3,13464),(6,20990),(7,29489),(11,33886),(12,29069),(14,16270),(15,21978),(17,15819),(19,24452),(22,28127),(23,33776),(26,7777),(31,35514),(33,30699),(34,17238),(35,2387),(37,26819),(39,3801),(40,1963),(41,23370),(42,12401),(44,17764),(45,17250),(50,33308),(51,33730),(52,27286),(53,32368),(55,12959),(57,31184),(60,31231),(62,28064),(64,5829),(66,28152),(68,2577),(73,21927),(74,1475),(76,35981),(78,16845),(79,8208),(80,26741),(81,7258),(82,17934),(84,24572),(85,6623),(86,3423),(88,24113),(89,28762),(90,11835)]	252.608883
186	[(2,13656),(3,36216),(5,22212),(7,3953),(8,24355),(11,34580),(13,3104),(14,1939),(15,2245),(17,19294),(19,9872),(20,16937),(23,9423),(24,26093),(25,4742),(26,31560),(32,31989),(34,5195),(35,27799),(36,14216),(37,960),(39,8925),(40,23518),(43,7690),(44,2470),(45,3590),(49,18400),(50,4216),(52,30016),(54,24586),(56,1710),(57,4930),(59,16012),(60,31549),(61,22518),(62,35495),(66,16560),(69,32434),(70,6929),(73,11143),(75,10578),(76,13097),(77,36587),(78,22692),(79,2039),(84,17778),(85,23611),(86,27322),(89,34678),(90,14188),(92,27528)]	244.558351
187	[(0,12893),(7,20720),(10,24137),(11,32949),(14,12690),(17,12910),(18,31977),(19,13018),(21,25464),(23,20524),(24,36462),(25,2159),(26,19937),(34,29255),(35,21487),(38,15516),(40,23899),(41,32838),(42,34002),(43,27745),(44,17968),(45,4191),(46,20725),(55,21327),(56,9715),(58,33438),(59,864),(61,4550),(62,31923),(63,31665),(64,32688),(67,14391),(68,20563),(70,9406),(73,11718),(74,11238),(76,21081),(77,16509),(78,29937),(79,1600),(80,20818),(82,34199),(83,17230),(87,24053),(88,23723),(89,17583),(90,23033)]	252.257827
188	[(5,36530),(7,3314),(8,23674),(9,25791),(11,622),(12,14216),(13,960),(15,14255),(17,15859),(22,13307),(25,20389),(28,21298),(30,5127),(32,34377),(33,804),(34,2416),(35,18473),(36,35802),(37,1489),(40,5705),(41,9090),(42,1513),(45,14289),(46,34259),(47,28799),(48,15420),(49,2972),(51,15404),(52,30837),(57,2308),(58,2263),(59,29379),(62,21008),(64,5697),(66,9084),(67,15939),(68,28937),(69,22364),(70,18508),(73,30015),(74,31766),(75,21079),(76,3053),(77,1981),(79,22006),(80,30750),(82,15089),(83,9974),(84,5917),(86,24357),(88,27801)]	268.706666
189	[(0,11751),(1,4650),(4,29477),(5,28954),(6,12127),(8,27810),(9,33148),(10,14358),(12,28309),(14,26551),(15,7106),(17,12290),(18,31691),(19,6419),(20,10174),(21,29124),(22,4201),(23,12557),(25,30585),(27,15056),(28,36240),(29,27807),(32,16168),(33,9139),(34,32886),(37,35638),(38,25945),(40,34776),(41,25069),(43,23623),(46,16262),(52,30129),(53,36369),(54,25008),(55,24451),(56,34999),(57,34201),(59,13998),(60,21308),(61,23844),(62,18564),(63,14331),(67,19475),(68,17135),(69,30617),(72,32083),(74,34630),(77,10035),(79,13147),(81,9516),(83,8940),(84,5836),(85,7459),(86,8646),(90,5608),(92,23144)]	266.120337
190	[(0,2571),(2,11878),(3,4436),(6,6486),(9,16743),(10,33614),(14,35411),(18,5858),(19,24438),(21,10659),(22,13847),(23,32733),(24,13808),(25,3052),(27,17786),(28,30254),(29,29628),(30,27139),(31,36623),(37,29068),(39,34386),(43,30237),(49,15099),(50,33855),(58,7346),(61,2799),(62,14601),(64,34348),(67,15569),(69,17134),(70,13043),(71,4941),(73,26774),(74,22982),(78,10639),(80,14837),(83,5111),(84,29595),(86,21740),(91,19059)]	239.892278
191	[(0,4636),(2,33349),(3,29161),(5,24699),(7,21350),(9,29603),(10,2499),(11,27854),(15,2343),(17,18330),(20,28430),(21,21898),(22,35108),(23,22637),(24,17),(25,22165),(26,29917),(27,18620),(30,4863),(31,36480),(32,2086),(33,2342),(35,19605),(37,7608),(39,32444),(40,31567),(42,13610),(43,8149),(46,30687),(47,20493),(49,33764),(50,9799),(51,1739),(52,1655),(53,19880),(54,30032),(55,7610),(56,3488),(57,30560),(58,7341),(59,5748),(61,27487),(66,11556),(67,19276),(68,36558),(69,19230),(71,10519),(73,4351),(74,26423),(76,129),(77,21),(79,5720),(82,25145),(84,28567),(85,20696),(87,26631),(88,13948),(89,7797),(90,14233),(91,1287),(92,20533)]	259.091325
192	[(2,20586),(3,31202),(8,26561),(9,12983),(13,19414),(14,29096),(15,36538),(18,9060),(19,5324),(20,25664),(24,3858),(25,15230),(28,25293),(30,6934),(35,18019),(36,30856),(37,29795),(40,24749),(46,7305),(47,18324),(48,28758),(50,16998),(53,31562),(54,15282),(56,22776),(60,36088),(61,10014),(64,22867),(65,14964),(67,25209),(68,17628),(69,11522),(70,1844),(72,3451),(74,22615),(76,12265),(77,33444),(79,22587),(80,27206),(81,33029),(84,30520),(86,3841),(87,10928),(89,7272),(91,25441),(92,1103)]	270.172913
193	[(0,8553),(5,33648),(8,22685),(9,33254),(13,36683),(15,13991),(16,11427),(17,20490),(19,29234),(21,32132),(22,8287),(23,27909),(26,7073),(27,12827),(29,28278),(35,23247),(36,24093),(37,9950),(39,25497),(40,19419),(41,6509),(43,18185),(44,28057),(46,26545),(48,28382),(49,21679),(50,28949),(51,17148),(53,28714),(55,13855),(57,6132),(58,15536),(59,10733),(60,21873),(61,15739),(62,6438),(63,34211),(64,4334),(65,15467),(66,23936),(67,22657),(69,6906),(72,34629),(73,5321),(74,23123),(78,12627),(79,34956),(80,6454),(81,5649),(82,30832),(83,1677),(84,31472),(88,27546),(92,10405)]	253.948530
194	[(1,36513),(2,18170),(5,13028),(6,1865),(9,34837),(11,7587),(16,10132),(17,5264),(18,32864),(19,23381),(20,20361),(21,19296),(22,26121),(24,27160),(26,4550),(27,31923),(28,31665),(31,14776),(32,6514),(33,4922),(34,20008),(35,14217),(36,28433),(40,33025),(41,17731),(43,8676),(44,12766),(45,11546),(46,1563),(47,13751),(49,16543),(50,19480),(54,7548),(55,4469),(56,10264),(57,30330),(58,3428),(60,4476),(62,25994),(63,28767),(64,6052),(66,15743),(67,8177),(68,14025),(69,19021),(70,7994),(71,12944),(72,2274),(73,10606),(78,22408),(80,31020),(81,24124),(84,5912),(85,9445),(86,14364),(87,24726),(89,834),(90,1192),(91,13804)]	160.979641
195	[(0,24875),(4,14992),(6,27034),(9,6048),(13,36110),(14,16980),(15,29303),(16,28610),(20,27491),(21,25293),(23,31127),(24,15251),(29,33274),(30,5278),(31,14470),(35,31639),(36,10963),(38,22722),(43,9825),(44,33346),(45,681),(50,19484),(51,11356),(52,22246),(53,36621),(55,20383),(59,21684),(62,15786),(63,28895),(64,18008),(65,28439),(67,257),(68,32724),(73,15084),(74,30892),(75,21286),(76,13644),(77,33743),(81,28569),(82,36351),(85,13793),(87,25609),(88,15317),(90,27867),(92,18121)]	121.090561
196	[(0,2900),(1,33532),(5,17566),(6,30437),(8,29863),(13,34868),(14,13329),(15,13227),(19,23937),(20,6486),(21,12573),(23,3054),(24,9363),(25,24897),(28,29625),(29,3781),(32,27809),(33,5473),(34,7815),(35,10398),(36,23084),(42,12550),(43,11490),(46,34712),(47,33924),(52,26692),(53,2826),(55,33213),(56,17575),(58,11992),(61,21240),(65,34808),(66,35421),(70,21382),(71,10312),(74,10841),(75,1566),(76,5847),(78,13921),(80,10598),(81,6675),(82,25237),(83,29938),(85,36483),(86,29829),(87,9308),(88,32951),(89,34018),(92,31813)]	112.904825
197	[(4,31279),(6,26595),(8,13333),(9,23127),(10,4373),(11,33754),(15,27926),(16,7940),(17,1316),(18,1650),(19,10265),(20,21638),(23,868),(26,14866),(29,9946),(31,33884),(32,3002),(34,10354),(35,26791),(36,8471),(38,26035),(39,2262),(41,24023),(51,7911),(52,24208),(54,7297),(55,1945),(56,31078),(59,24276),(60,1774),(62,28220),(63,27901),(67,4202),(70,16232),(71,890),(72,21716),(74,32434),(75,33960),(76,30213),(77,25550),(78,30314),(79,20776),(80,2968),(81,17493),(82,11264),(84,21768),(87,5476),(88,17313),(90,5603)]	114.085900
198	[(0,5295),(1,10504),(2,33412),(3,36439),(4,36727),(5,8950),(7,5906),(8,22014),(10,10823),(11,22492),(12,1619),(14,26237),(16,32393),(17,18550),(18,11310),(19,26274),(21,30858),(22,33426),(23,36269),(24,26871),(26,3289),(27,28850),(28,19069),(29,28074),(30,26730),(31,22450),(33,35984),(34,25483),(35,12286),(36,1825),(39,11122),(40,27071),(41,35864),(42,4509),(43,1064),(46,6023),(49,12275),(50,30465),(51,33562),(53,13286),(60,19250),(61,3600),(67,32437),(68,11588),(69,14887),(70,22592),(72,3006),(73,12999),(74,29174),(75,12591),(78,3764),(79,18778),(80,34533),(81,18596),(83,8467),(84,29302),(86,3760),(87,26445),(91,23350)]	112.899779
199	[(0,2018),(2,1167),(3,6363),(4,4186),(6,33111),(7,6911),(9,21988),(12,21708),(13,13846),(14,24171),(15,16701),(17,30665),(18,14338),(19,12547),(22,19597),(23,23323),(24,19723),(25,13669),(28,19990),(29,19656),(30,10603),(31,3832),(32,22749),(33,27870),(34,20055),(36,33018),(37,20996),(38,3620),(39,5287),(40,4258),(41,30445),(42,7150),(48,3857),(49,18293),(50,21785),(55,10075),(61,24899),(62,352),(65,3582),(66,27061),(67,707),(68,12038),(69,22879),(71,26919),(74,2788),(76,13256),(77,10407),(78,22179),(79,9154),(80,15988),(83,10255),(85,32534),(90,28448),(91,30397)]	140.982080
200	[(1,20260),(2,345),(4,26468),(9,4139),(10,9148),(13,3054),(14,28332),(15,34034),(16,1854),(17,3536),(21,14966),(23,28752),(24,17310),(26,11359),(30,6832),(31,28934),(32,32841),(33,25101),(34,10266),(36,34769),(37,10725),(38,13929),(39,286),(41,17941),(42,19691),(43,32845),(45,28107),(46,18827),(48,25876),(49,33683),(50,17491),(53,21395),(57,29049),(58,33759),(60,4451),(63,9589),(64,5136),(65,32659),(66,25676),(67,1941),(69,3609),(70,15324),(75,21418),(77,27139),(78,33420),(81,34005),(83,8644),(85,29345),(86,27300),(87,7143),(88,15658)]	119.118591
201	[(0,28666),(1,942),(3,36448),(5,17144),(8,17466),(11,26126),(12,8653),(13,33107),(16,25161),(17,22983),(18,17692),(26,19756),(27,36570),(31,15494),(32,33610),(34,15149),(35,33054),(37,767),(38,15849),(39,21435),(41,19670),(42,14627),(43,23919),(46,8478),(47,14873),(50,30251),(51,17512),(52,10871),(54,24419),(56,21312),(58,10062),(59,27919),(60,4226),(61,13395),(62,2630),(63,28339),(64,291),(66,6003),(67,14132),(69,24764),(70,25022),(71,20296),(73,9365),(74,18188),(76,30107),(77,1849),(80,20392),(81,853),(82,12964),(84,403),(85,35074),(87,27297),(89,15939)]	117.264562
202	[(0,8923),(1,30804),(6,15266),(7,13948),(10,22078),(11,22573),(15,14910),(16,24234),(17,29909),(19,31814),(21,12811),(22,20673),(23,16324),(24,13472),(25,34981),(28,7104),(29,23198),(30,8671),(31,28715),(32,9407),(33,5144),(35,18928),(36,4407),(37,3049),(38,21393),(43,6355),(44,34271),(46,5891),(47,4883),(49,32504),(52,34256),(53,16718),(55,8289),(56,19898),(58,29161),(59,3597),(61,27838),(63,34496),(64,22159),(65,9269),(68,2656),(71,3156),(72,2479),(73,7136),(75,100),(77,3125),(78,22827),(79,19805),(83,26670),(84,35081),(85,1780),(87,3355),(89,16478),(91,26115),(92,8959)]	132.697544
203	[(0,11274),(1,11256),(2,14123),(3,2749),(4,10996),(6,16864),(10,11603),(13,29318),(17,10526),(19,15229),(20,15034),(21,28011),(26,28548),(28,1798),(30,6808),(31,3899),(33,25109),(34,35103),(35,26831),(36,26289),(38,29835),(40,3466),(42,226),(46,1547),(47,13319),(49,3860),(50,12892),(53,30871),(54,10320),(55,28718),(57,19459),(58,24305),(59,24561),(61,9938),(62,23691),(68,33532),(69,2586),(70,33600),(72,24695),(74,8098),(75,29936),(77,27057),(78,15382),(79,23985),(80,9381),(82,9916),(85,1335),(86,12275),(87,30465),(91,625),(92,12246)]	129.432871
204	[(1,29756),(2,29271),(5,204),(6,26349),(7,25536),(10,17007),(11,21077),(15,27876),(18,1695),(19,35984),(20,27538),(21,27883),(23,35117),(26,15444),(28,13254),(29,27137),(31,10092),(34,19892),(35,30209),(36,31575),(37,5756),(38,24163),(39,1659),(40,35510),(41,21299),(42,21154),(43,106),(48,33222),(49,32346),(51,35430),(53,20499),(56,719),(57,13314),(58,11617),(59,16185),(60,31463),(61,30622),(64,31259),(65,20986),(68,36485),(69,5161),(70,7700),(75,30595),(76,32553),(77,3336),(78,23455),(81,22839),(82,19442),(84,26999),(87,22407),(89,23633),(90,24610)]	117.944684
205	[(0,7056),(1,19589),(2,34919),(3,30113),(4,6927),(6,24942),(7,16478),(8,31245),(9,22829),(10,8167),(12,35275),(13,9803),(15,33013),(16,16403),(17,12610),(19,14779),(21,3338),(22,31425),(23,5316),(25,22947),(26,30483),(27,671),(29,5715),(30,2885),(32,15544),(33,7590),(34,19874),(36,29844),(37,6679),(38,15577),(39,5225),(40,33234),(41,27417),(43,30408),(44,9123),(45,22698),(46,4514),(47,7952),(50,13453),(51,27101),(53,6826),(55,36655),(56,10641),(57,19188),(61,24405),(62,36317),(63,3931),(64,21135),(65,6347),(66,30440),(70,1023),(71,30645),(72,25716),(74,3118),(80,32877),(81,3719),(83,19158),(84,13790),(85,6452),(87,36251),(91,3448)]	118.915098
206	[(4,11166),(5,18936),(7,488),(11,18317),(14,25768),(15,30294),(16,29690),(17,12497),(18,7945),(19,4899),(20,2033),(27,26997),(28,18819),(36,8742),(37,34400),(38,16460),(39,27121),(40,34286),(41,909),(42,5609),(43,30258),(45,3694),(49,4009),(51,25978),(56,3994),(58,34369),(59,31440),(60,33084),(61,24255),(62,30226),(63,2024),(65,26112),(67,16729),(68,13235),(69,32765),(71,18593),(72,30384),(73,24150),(79,18160),(80,31664),(83,29489),(85,17412),(86,25132),(89,31260),(90,31787),(91,13812)]	109.862710
207	[(0,9447),(1,23817),(3,12352),(5,16968),(6,4289),(13,19332),(14,18163),(15,31497),(17,2740),(20,7628),(21,24982),(22,32130),(24,13626),(25,30258),(26,32104),(28,21422),(30,4617),(31,17545),(34,25709),(36,13186),(37,35416),(38,28982),(40,4233),(41,2800),(42,9413),(45,29606),(46,24794),(47,33814),(51,18363),(53,2819),(54,8701),(55,27709),(56,32247),(57,27075),(58,6866),(60,29614),(61,6411),(62,8440),(63,35921),(65,13767),(67,11080),(69,17023),(70,33969),(71,36707),(72,14020),(73,13047),(74,29490),(76,3146),(77,12180),(78,3717),(79,25552),(82,31518),(83,11151),(85,30089),(91,28481)]	146.403685
208	[(0,2788),(1,21672),(2,20903),(4,12357),(5,8758),(6,33879),(7,14545),(8,32662),(9,10887),(10,14854),(15,35227),(16,29770),(20,4958),(23,11124),(25,25231),(27,19842),(28,22448),(31,35085),(33,21642),(36,14307),(37,13591),(46,7452),(47,559),(49,2247),(50,6199),(53,10307),(56,33498),(57,1177),(59,36629),(61,28813),(64,32285),(65,3498),(66,22542),(67,4438),(69,20578),(70,2090),(72,16162),(74,23841),(75,32342),(77,29920),(78,14080),(79,2660),(80,12460),(82,2004),(83,36285),(87,17160),(90,33447),(92,2458)]	127.161349
209	[(0,34243),(2,12599),(3,13951),(4,30517),(6,15483),(7,31390),(10,31089),(12,11833),(13,5810),(14,8728),(17,10384),(20,15205),(24,5592),(25,7068),(26,14453),(27,5762),(32,20601),(33,29920),(34,14080),(37,35745),(38,4363),(41,20939),(42,25469),(43,19819),(44,10907),(46,21852),(47,9839),(49,11901),(50,9868),(52,10646),(53,18665),(58,5851),(60,16780),(62,31084),(66,21987),(67,10590),(68,24991),(70,32452),(71,1582),(72,31805),(74,16952),(75,27174),(76,5796),(77,5121),(78,22340),(79,26937),(80,17623),(84,8486),(85,11095),(87,26608),(88,26349),(89,17923)]	116.642495
210	[(0,13506),(6,16162),(9,35493),(10,24885),(11,23740),(13,11269),(14,8702),(15,35551),(16,32783),(17,30502),(18,11845),(20,15336),(21,26059),(22,29537),(23,32981),(24,13339),(27,18781),(29,34956),(31,4038),(32,14556),(34,32209),(35,256),(39,17119),(41,8167),(42,33816),(43,3441),(44,12642),(45,9202),(46,27280),(48,8448),(49,23962),(50,13425),(51,36430),(52,13851),(53,10044),(55,34834),(56,25670),(58,32454),(60,6895),(62,3686),(64,35078),(65,26881),(66,12241),(68,24270),(69,34011),(70,23756),(72,17472),(73,13458),(80,798),(81,2335),(82,19779),(84,27106),(85,25096),(86,4901),(87,15376),(89,5510),(90,10328)]	125.353353
211	[(2,9661),(3,25090),(4,10213),(9,12974),(11,30370),(12,29605),(13,32067),(15,31246),(16,15228),(20,8740),(22,10114),(23,22592),(24,10276),(25,19263),(27,15773),(29,34946),(30,36466),(31,510),(36,24041),(37,26295),(39,29906),(43,1660),(44,9264),(45,909),(46,13422),(47,22385),(48,14916),(51,25136),(52,21130),(55,14933),(57,33030),(58,5237),(59,6788),(60,7855),(61,28260),(62,31398),(64,13708),(65,15173),(66,12529),(70,6118),(71,1334),(72,11831),(73,7391),(74,16357),(75,6627),(83,19335),(87,19863),(88,17182),(90,5849),(91,19428),(92,9529)]	134.554423
212	[(0,19506),(1,16041),(5,15892),(9,26633),(10,8038),(11,32645),(12,24266),(13,11645),(16,29437),(22,13563),(23,648),(26,30504),(27,32169),(29,35537),(30,14761),(31,36531),(32,19758),(34,30565),(35,25853),(36,27664),(39,20376),(43,27128),(47,35981),(48,34875),(56,34884),(57,33468),(58,35285),(59,18542),(60,31531),(62,21964),(63,7207),(64,24468),(65,13888),(71,3922),(72,3322),(73,5135),(75,31817),(79,19914),(80,14401),(81,34453),(83,22050),(84,21344),(85,31041),(87,22246),(89,10229),(90,22090),(92,27003)]	126.337877
213	[(1,23932),(3,18019),(7,5851),(10,12448),(11,35907),(12,7159),(14,16861),(15,34693),(16,5842),(17,22504),(18,14972),(19,10154),(20,6241),(23,25176),(24,2689),(25,34367),(27,404),(28,10184),(29,21489),(30,19842),(32,14704),(38,33066),(41,35455),(42,569),(43,35501),(44,26660),(46,33529),(47,35481),(49,34925),(50,18682),(51,11588),(52,30026),(53,6581),(55,9465),(56,29073),(59,415),(60,5234),(61,16659),(66,9571),(69,26822),(72,565),(73,9851),(76,32731),(77,3900),(78,7013),(79,30240),(80,36232),(81,25515),(84,11083),(87,14169),(88,20588),(90,27184),(91,11416),(92,8738)]	132.646600
214	[(3,30812),(4,30050),(10,17696),(11,2203),(12,13584),(13,34160),(15,8073),(16,23896),(18,32486),(20,27133),(21,7622),(22,6624),(23,25798),(26,30248),(27,27135),(29,25361),(31,25189),(32,33492),(34,27465),(35,17209),(37,12899),(40,33495),(46,60),(47,23252),(49,6916),(52,4943),(55,1499),(58,33677),(59,9443),(60,33148),(61,11670),(67,28414),(69,30825),(70,34041),(71,2527),(72,7779),(76,23080),(77,5559),(78,21153),(79,27640),(80,21699),(83,18804),(85,28037),(86,18956),(87,32911),(90,19592),(92,34119)]	125.241656
215	[(4,4253),(5,31818),(6,2856),(7,16498),(9,16316),(11,9058),(12,29509),(14,34102),(15,10698),(16,11104),(17,30365),(18,23175),(20,14670),(23,14888),(24,23857),(25,22536),(28,4785),(29,34554),(31,28625),(33,2735),(35,4963),(37,8448),(41,12407),(42,11062),(43,31348),(44,3049),(45,17341),(46,9302),(48,36321),(49,8987),(50,10447),(51,438),(52,9220),(57,2613),(59,28797),(61,34812),(62,13852),(64,2271),(65,36405),(66,15021),(69,2670),(70,22374),(72,28302),(73,14471),(76,3706),(77,17566),(80,19260),(82,488),(83,27586),(85,3008),(87,8854),(90,16832)]	145.527758
216	[(0,22439),(1,27615),(3,7580),(4,20916),(6,1410),(7,7763),(8,23598),(12,31473),(14,12926),(16,3655),(17,2263),(18,29379),(20,24275),(21,34237),(23,26859),(28,2491),(30,28811),(32,5971),(33,30928),(34,6385),(36,5664),(38,4815),(39,3218),(40,27757),(41,18931),(44,18946),(45,20365),(46,3433),(49,26601),(50,30103),(52,17731),(54,8676),(55,26029),(57,21429),(58,8964),(60,13246),(62,21803),(64,33605),(65,4615),(66,36248),(70,16155),(72,7455),(74,30507),(77,11673),(81,14411),(84,3405),(85,19122),(88,17480),(91,941),(92,1307)]	119.761804
217	[(0,14753),(1,18693),(2,23526),(3,26349),(4,2465),(6,5930),(10,7498),(11,34730),(12,14579),(15,29590),(20,32091),(23,15569),(24,31572),(28,16068),(30,4391),(31,17817),(32,1927),(33,6447),(35,24315),(38,17488),(39,6171),(40,19301),(43,12104),(46,26396),(49,26082),(50,15149),(55,14072),(56,9441),(57,31777),(59,3488),(61,35582),(62,5625),(64,36303),(65,17761),(66,34744),(69,5148),(70,3271),(71,23714),(72,26311),(73,35414),(74,9483),(75,1666),(76,21862),(78,21334),(80,16057),(81,10244),(82,4258),(87,0),(88,36345),(89,27683),(90,27951)]	119.204285
218	[(0,6330),(4,31269),(5,6433),(7,3263),(9,7925),(10,30624),(14,35777),(15,11893),(16,11084),(18,29008),(19,28075),(21,18495),(23,31574),(24,2711),(25,5890),(26,18174),(28,10160),(29,15022),(31,29791),(33,26946),(34,5450),(35,17166),(36,2987),(37,578),(40,1902),(42,34282),(43,3080),(46,998),(47,19518),(48,22872),(50,10798),(52,25330),(53,782),(54,26248),(56,19084),(59,35175),(60,14481),(61,29796),(63,12163),(66,3075),(67,27280),(68,19139),(69,12023),(71,9015),(74,13864),(78,30616),(80,15998),(81,27397),(82,1724),(83,3675),(84,24921),(85,34723),(86,24349),(91,14),(92,4827)]	127.567168
219	[(4,32072),(5,26317),(6,23044),(7,20948),(10,8934),(11,3594),(13,16322),(15,6372),(16,17163),(17,3599),(18,21435),(20,19670),(23,15743),(24,19621),(26,19216),(29,32433),(32,25216),(34,35664),(36,24047),(38,1743),(48,29255),(52,16175),(54,9542),(55,11123),(56,2836),(58,14754),(60,19098),(62,6307),(63,27010),(64,17596),(65,28708),(66,16690),(68,31278),(71,14715),(72,15304),(73,20458),(79,28283),(83,10968),(87,27285),(88,17353),(90,35016),(91,9468)]	118.600373
220	[(0,27887),(1,17875),(4,28569),(5,23196),(7,35518),(11,30540),(14,24868),(15,20839),(16,30632),(18,32022),(19,5507),(21,32678),(22,17351),(23,5061),(25,35649),(26,4159),(29,11996),(31,33885),(33,29355),(36,11947),(40,32823),(42,14734),(45,4642),(49,15373),(51,19979),(52,19506),(54,33460),(56,21232),(57,33989),(58,35447),(59,25777),(60,17948),(62,35874),(63,28366),(64,11775),(66,19083),(68,16068),(73,5682),(75,35430),(76,32777),(77,1875),(78,9040),(79,36193),(80,23553),(81,35179),(82,20420),(83,13407),(84,27599),(87,30197),(91,16981)]	115.067802
221	[(3,14048),(4,35066),(6,20596),(13,33218),(14,13479),(15,24867),(16,19681),(17,28317),(19,3048),(21,32664),(22,30372),(24,11743),(26,19298),(28,16586),(30,6616),(33,20289),(34,24008),(35,14082),(36,15745),(38,29426),(39,14953),(40,22442),(41,12673),(42,15953),(45,9759),(47,18343),(48,28128),(49,36245),(50,17215),(54,9014),(58,4501),(59,416),(60,25794),(61,15984),(62,1109),(63,21354),(64,11298),(67,27492),(68,12891),(69,4138),(71,1773),(74,22308),(84,11977),(86,19750),(87,35630),(88,8257),(89,802),(90,16743),(91,22523)]	121.534875
222	[(0,10072),(1,31296),(2,23652),(3,26955),(5,4173),(6,1544),(7,773),(9,25062),(15,10677),(16,7957),(17,16974),(20,296),(25,24492),(27,3458),(28,35913),(29,25391),(30,34727),(34,11281),(36,12637),(37,23542),(39,32899),(40,3838),(44,8836),(48,21030),(50,15375),(51,613),(53,10968),(54,18183),(57,23959),(58,31343),(60,26955),(62,12628),(63,27342),(64,22420),(67,3385),(68,5310),(72,27301),(74,4173),(75,1544),(76,6161),(77,4133),(78,31613),(80,35492),(81,5512),(83,30485),(84,34167),(87,29991),(88,11357),(89,10251),(91,5523)]	116.210858
223	[(1,29308),(2,7374),(4,8975),(6,20021),(7,11529),(11,22720),(13,9987),(14,999),(15,20418),(16,12059),(17,31637),(18,34836),(19,9762),(20,9252),(21,3664),(24,23195),(27,26971),(28,11554),(29,23964),(30,28407),(31,28813),(36,24800),(39,28614),(40,19145),(41,32955),(42,6034),(44,32245),(45,21447),(46,13984),(47,18663),(49,28200),(50,23913),(52,34224),(56,30817),(58,29543),(59,19986),(60,3265),(61,12070),(63,16274),(65,11197),(66,20424),(67,17178),(68,8971),(70,13580),(71,23603),(73,4147),(74,14823),(75,10126),(76,29373),(77,482),(78,3776),(80,17614),(81,35384),(83,22918),(84,13552),(85,6443),(87,5237)]	121.644449
224	[(12,27892),(13,15568),(15,26141),(17,15670),(19,4766),(23,25635),(26,228),(27,30650),(30,19497),(31,19967),(33,24718),(34,27666),(35,7979),(39,31835),(40,3331),(41,35181),(43,30961),(44,6831),(45,11766),(46,38),(49,24131),(50,25462),(53,33041),(61,10741),(63,988),(67,10931),(68,20241),(69,35565),(71,11147),(74,10103),(76,34395),(78,1830),(79,34192),(82,2555),(83,31162),(84,30527),(85,29535),(86,33130),(87,1551),(90,26507)]	155.059675
225	[(1,5341),(2,31125),(5,17590),(7,13674),(8,27432),(11,33581),(13,20501),(18,19943),(20,1217),(21,18999),(22,15169),(24,5656),(27,27210),(28,10862),(29,23700),(30,16645),(31,166),(33,19225),(34,23319),(35,33768),(38,22377),(39,20450),(40,13703),(42,14801),(45,7851),(49,31641),(50,14648),(51,32648),(54,34259),(55,35744),(57,8471),(59,13725),(60,7140),(61,31087),(62,35518),(63,32824),(65,15662),(67,21855),(68,22026),(71,35712),(73,29837),(76,23255),(77,3122),(79,28338),(80,22070),(81,25309),(82,24401),(83,33966),(84,15019),(85,19225),(86,23319),(88,22389),(89,951),(90,6),(92,15685)]	117.901073
226	[(2,11438),(3,22329),(4,30904),(5,19356),(6,30509),(7,12578),(8,16384),(10,36389),(12,21891),(13,2036),(14,10828),(16,3454),(18,292),(19,2842),(20,30061),(23,31568),(24,31200),(25,9591),(29,18678),(30,7060),(31,26967),(32,26981),(33,2985),(34,4146),(35,18125),(37,32129),(38,17488),(40,9652),(42,32625),(43,4297),(44,23535),(45,30439),(46,22404),(48,6395),(51,20280),(52,1189),(53,9875),(54,25668),(56,7248),(57,23308),(60,10841),(61,34851),(62,36253),(63,19990),(64,22567),(65,4536),(66,1911),(67,36412),(68,28637),(71,120),(72,19663),(75,29039),(78,3415),(79,21029),(80,23897),(82,12011),(83,5307),(85,31126),(86,4486),(88,30630),(90,31863),(91,2653)]	123.647264
227	[(0,8756),(1,22877),(2,28266),(3,27664),(4,16719),(6,34890),(8,27923),(13,23599),(14,34643),(16,8478),(17,14873),(18,20970),(21,24494),(23,11405),(25,3401),(31,34237),(32,19027),(33,30939),(34,26658),(35,15939),(39,4750),(40,29597),(41,5219),(44,5031),(45,97),(46,16461),(48,35786),(52,34211),(53,10940),(55,36655),(58,11789),(60,23640),(70,13319),(73,10237),(75,24463),(76,7571),(78,14203),(79,34397),(80,9817),(81,9884),(83,10343),(86,28237),(87,27114),(89,36668),(92,11373)]	129.179347
228	[(0,34922),(1,6570),(4,27156),(6,1365),(7,30801),(8,2842),(11,19185),(12,29443),(14,32385),(15,11576),(16,19794),(20,16560),(22,9919),(24,16155),(25,23864),(26,19574),(27,6922),(31,6048),(32,2184),(34,6684),(35,3645),(39,29802),(42,36121),(43,29791),(46,33818),(50,5155),(51,12377),(52,3768),(53,21584),(57,18752),(58,35526),(59,24716),(60,28033),(61,33726),(63,11961),(64,28902),(66,24367),(69,13049),(73,2941),(74,2542),(76,34393),(77,13330),(79,5312),(82,14959),(83,29169),(84,15435),(85,1881),(87,10758),(88,30786)]	121.165704
229	[(0,4273),(1,23739),(2,36332),(3,8918),(6,15699),(8,21843),(13,4707),(15,34449),(16,19651),(17,7387),(18,19008),(22,11730),(23,7121),(24,16195),(29,11379),(35,27920),(36,34327),(37,31425),(40,35112),(42,22979),(44,21436),(45,30958),(46,11034),(47,8231),(48,6290),(50,4658),(53,22835),(54,15562),(55,17668),(56,4342),(57,10559),(60,6418),(61,9665),(63,22627),(64,20966),(66,23581),(67,886),(68,3813),(70,17219),(71,11107),(72,35496),(73,26162),(74,10201),(75,36392),(76,3779),(77,4478),(78,924),(81,19208),(83,28800),(84,20304),(85,34959),(86,1788),(87,5475),(91,9241),(92,1892)]	121.456132
230	[(0,2143),(3,3269),(4,22094),(7,8989),(8,23278),(9,29162),(10,31180),(12,65),(13,26888),(14,27511),(15,2276),(16,6560),(21,13536),(26,23843),(28,7185),(35,17153),(37,32463),(39,36511),(40,30115),(43,22685),(44,33254),(45,101),(50,18162),(51,1776),(52,5221),(53,21519),(54,7147),(55,28452),(58,34528),(59,5809),(62,31040),(63,18929),(64,22203),(67,31378),(69,21575),(71,19537),(72,32712),(73,1417),(74,11429),(75,35096),(76,10306),(77,20673),(78,16324),(79,31723),(81,34969),(86,25537),(87,31225),(88,4933),(89,13185),(90,35764),(91,32743),(92,20245)]	112.488811
231	[(0,33447),(2,2458),(5,8523),(7,31545),(8,9134),(10,4774),(11,7976),(12,5652),(14,34870),(16,29230),(17,6546),(18,35126),(19,19679),(20,31742),(27,32268),(28,16674),(30,21964),(32,19066),(33,5637),(35,3722),(36,14810),(38,13628),(42,17451),(43,29248),(44,19723),(45,2629),(47,34170),(51,12988),(53,3831),(56,2910),(58,1150),(59,26885),(62,30266),(63,35678),(65,2452),(72,13758),(73,21318),(74,395),(75,26294),(79,2198),(81,9868),(83,36053),(84,21397),(85,34458),(87,21707),(89,10460),(90,13673)]	125.571133
232	[(1,33216),(4,25519),(6,36107),(7,33698),(8,34493),(9,10322),(10,13553),(11,5991),(12,10942),(15,4207),(16,31233),(18,19560),(21,6883),(22,30054),(25,19140),(26,12657),(27,12347),(28,16973),(31,664),(32,34858),(33,5011),(34,5366),(35,19170),(36,26244),(37,35437),(38,35002),(39,17636),(40,25764),(41,20648),(42,33149),(43,7755),(47,25823),(48,23485),(49,4347),(50,31655),(51,20862),(52,24899),(56,19695),(57,25267),(58,14676),(59,35089),(61,17937),(62,16610),(63,29739),(65,6319),(67,27659),(69,32052),(72,1924),(76,35448),(80,26061),(81,5659),(83,27438),(84,26086),(87,19904),(89,27643),(90,3974),(91,7782),(92,3382)]	138.383035
233	[(1,11172),(2,11216),(3,29905),(4,21902),(5,6010),(6,31693),(7,4169),(9,6942),(10,34663),(11,19197),(12,21350),(15,23981),(16,17285),(20,10039),(21,21531),(22,26485),(23,17158),(24,6516),(26,7665),(27,7126),(28,30749),(31,27665),(32,24992),(33,1581),(34,34438),(35,32269),(36,19391),(37,7020),(38,35744),(39,15917),(45,18045),(48,9186),(51,21815),(53,27441),(54,35298),(55,17362),(56,27907),(58,28364),(62,28713),(64,30464),(65,34404),(66,29670),(67,3729),(68,26991),(70,24664),(71,30374),(73,21295),(75,6106),(76,30962),(77,1895),(78,29115),(79,12397),(80,12925),(81,15750),(86,11577),(87,16361),(88,8979),(90,5702),(91,17789),(92,34530)]	110.833505
234	[(1,14706),(2,23967),(3,14636),(4,27928),(5,8049),(6,5882),(9,12750),(10,12616),(13,23281),(14,33637),(15,33185),(16,19015),(18,23306),(20,28722),(22,7660),(23,32993),(24,14379),(25,29794),(27,20481),(31,34132),(36,29257),(38,6459),(39,23932),(41,26998),(43,21312),(45,13857),(47,32150),(49,23848),(51,33390),(53,30741),(57,22139),(58,15907),(59,5768),(60,4951),(61,6436),(67,3071),(69,8204),(72,25602),(74,29876),(76,13070),(77,11675),(78,27318),(79,8349),(80,22103),(81,9288),(82,19032),(85,7200),(87,3889),(88,17665),(92,25177)]	114.292231
235	[(1,1737),(2,26167),(6,35844),(7,4218),(8,12617),(9,32952),(11,30469),(12,25531),(13,34469),(14,15510),(15,3687),(19,36104),(21,31247),(22,9991),(24,27729),(25,22735),(26,31949),(29,6364),(30,31809),(31,23457),(32,6051),(33,29877),(38,13478),(42,18479),(44,12652),(46,10372),(49,33566),(52,7185),(54,30565),(55,29683),(57,33214),(58,30328),(62,20803),(65,16372),(66,20525),(67,3343),(72,26034),(73,18852),(77,29032),(81,22362),(82,11273),(83,23638),(84,7818),(86,34208),(87,1919),(88,35801),(89,32444),(91,30857),(92,25259)]	117.622835
236	[(8,29236),(9,12748),(11,14315),(14,3353),(15,35711),(16,2334),(17,32222),(18,15934),(21,8868),(24,33738),(26,32027),(29,31887),(30,10612),(33,15812),(34,24028),(35,31490),(37,20488),(38,12746),(39,12921),(41,30764),(43,9740),(45,2949),(46,31727),(47,33262),(51,10863),(53,33348),(55,8117),(57,26400),(58,36382),(59,16197),(61,32485),(62,23032),(63,3146),(64,12180),(66,30594),(68,29697),(70,24692),(71,9865),(72,23204),(74,11757),(77,24684),(78,17040),(80,6874),(81,10618),(85,19341),(88,3518),(89,29479),(92,5940)]	110.389287
237	[(4,36253),(5,4730),(6,21972),(8,19629),(10,23322),(11,7567),(13,23305),(15,15188),(17,22293),(20,29509),(22,22460),(23,2501),(24,2571),(25,15124),(26,21967),(29,219),(30,13359),(32,24276),(33,36244),(35,14859),(36,36578),(38,23542),(39,16123),(40,12917),(41,22669),(44,14503),(46,4855),(47,29549),(48,31061),(49,6897),(51,5520),(53,11950),(54,33493),(57,10570),(58,34702),(60,3398),(61,10952),(63,33450),(66,21759),(67,33305),(68,17487),(69,18878),(72,15135),(75,24630),(79,7769),(80,9176),(81,8468),(82,10003),(84,22478),(85,10001),(88,10664),(89,8348),(91,17262),(92,28790)]	114.354655
238	[(0,4718),(1,24097),(5,25033),(6,16496),(7,13140),(9,21456),(13,10440),(14,34272),(15,12382),(16,34642),(17,3560),(19,25539),(21,24906),(24,25212),(25,36579),(30,2737),(31,4293),(32,36622),(35,18141),(36,20841),(38,11609),(39,902),(41,9751),(43,19793),(47,5931),(50,5728),(53,27734),(54,2821),(55,18118),(60,34150),(62,4561),(64,11423),(66,23672),(68,18861),(70,34334),(73,5109),(75,20250),(76,24385),(78,30786),(80,5025),(82,24885),(83,6727),(84,23269),(85,20419),(87,27618),(88,16457),(91,9888),(92,32505)]	118.891606
239	[(0,1032),(1,22773),(2,19696),(3,34017),(6,14825),(9,16022),(11,3076),(14,2339),(15,33634),(16,7025),(19,20295),(20,34417),(21,32883),(22,27420),(23,20662),(25,320),(26,6862),(27,10871),(28,6844),(30,20644),(31,3801),(32,30173),(33,13508),(35,15786),(36,28895),(40,2291),(41,29501),(42,19761),(44,30614),(48,18278),(51,19791),(53,26204),(56,31690),(58,18370),(59,14868),(62,24349),(63,3816),(66,28050),(71,2376),(73,32295),(74,871),(83,14654),(84,4222),(86,35012),(87,26109),(90,21366),(92,27007)]	113.507725
240	[(2,35681),(3,12669),(4,2472),(6,24350),(7,13250),(9,35940),(10,25753),(11,27008),(14,25750),(15,6476),(16,11830),(18,21922),(19,21453),(22,5907),(23,1163),(26,34407),(27,30778),(30,6247),(31,2220),(32,17620),(33,14695),(34,34688),(35,33038),(36,18654),(37,2409),(44,1904),(46,58),(48,33991),(50,11867),(52,21076),(53,8802),(55,3842),(57,24962),(59,28488),(60,12691),(61,33727),(62,23514),(63,5740),(66,24225),(68,25941),(69,9771),(70,9650),(72,13599),(74,8301),(75,22326),(76,12169),(87,1701),(88,9050),(91,8391)]	122.212019
241	[(0,7259),(2,32801),(4,19949),(5,14842),(10,11735),(11,36456),(12,24357),(14,3457),(16,20291),(18,28975),(19,32707),(25,12545),(26,25264),(28,28797),(30,34812),(31,13852),(36,5887),(37,17727),(40,31966),(48,31278),(49,36003),(50,13374),(51,22610),(54,25214),(55,9649),(58,7776),(59,157),(60,17394),(61,26909),(63,32466),(64,32466),(67,3145),(71,7345),(76,27149),(77,16192),(82,11574),(85,15035),(86,6674),(87,23143),(88,26207),(90,10739),(91,34804)]	140.262562
242	[(2,12135),(5,3552),(9,2734),(10,3063),(14,11582),(15,2696),(17,34702),(18,10498),(19,18725),(20,21791),(21,4547),(24,393),(27,28679),(28,12645),(29,18623),(30,12323),(31,23108),(33,5898),(34,14920),(36,4110),(39,4527),(40,11632),(42,25656),(43,24698),(44,16202),(45,36105),(47,5381),(49,19130),(50,7513),(52,7945),(53,10311),(54,23896),(55,3703),(56,30202),(57,20716),(58,13989),(59,32458),(60,18525),(61,1033),(63,27544),(66,775),(67,11083),(68,2174),(69,16835),(72,35558),(73,30582),(74,16067),(75,23949),(76,5825),(77,27628),(78,615),(79,27274),(80,2293),(81,12459),(84,34326),(85,17414),(90,12985),(91,34121),(92,20962)]	114.811118
243	[(0,17818),(2,11996),(4,3416),(5,19874),(6,28148),(7,14227),(10,27794),(12,35007),(14,12423),(15,4887),(16,35355),(17,26771),(19,10638),(20,10251),(21,15459),(22,1237),(24,27239),(25,33656),(26,27694),(27,8170),(28,24466),(29,22645),(31,18241),(32,28687),(34,32280),(35,24138),(36,6707),(37,14453),(38,5762),(42,11029),(43,13726),(44,16204),(46,35783),(47,17083),(50,26089),(52,31460),(53,697),(55,23087),(56,12333),(58,24862),(59,9062),(61,16507),(63,15872),(64,27068),(65,34169),(72,19569),(74,28089),(75,10692),(76,18400),(77,35046),(78,11304),(79,18168),(80,25545),(82,36184),(85,25084),(89,11099),(91,20056)]	115.398083
244	[(0,751),(1,8026),(2,23528),(4,7738),(5,2553),(6,26733),(7,12625),(9,16171),(10,3684),(11,26853),(13,6992),(14,20264),(15,8280),(17,31532),(18,20580),(19,26745),(21,16083),(22,18047),(24,5565),(26,25434),(30,12137),(33,26908),(35,24868),(37,35208),(38,18240),(40,12895),(43,36718),(49,23536),(51,23476),(52,28643),(54,6913),(59,5656),(63,13862),(64,11718),(67,4086),(69,14009),(70,35986),(72,14825),(74,21315),(75,7706),(76,21036),(78,10925),(81,24072),(85,10584),(87,22302),(88,35873),(91,34647)]	121.603117
245	[(3,9707),(5,20736),(6,33754),(11,29183),(12,2231),(15,34617),(16,12062),(18,8779),(20,19208),(22,24960),(24,11003),(29,21689),(30,34764),(35,3987),(36,18823),(37,29201),(38,7694),(39,12304),(41,5613),(43,13623),(44,16386),(46,4959),(47,2706),(48,35470),(51,31244),(53,24927),(54,34470),(56,19745),(59,13130),(61,26177),(63,14184),(64,25338),(67,28629),(68,25500),(69,16520),(71,9057),(72,22626),(73,13586),(75,28677),(77,18037),(78,1959),(82,3277),(83,15782),(84,31568),(85,9122),(87,25970),(88,20420),(89,13407),(90,19159),(91,15569)]	110.675668
246	[(0,21792),(2,7601),(5,33669),(9,24697),(10,13915),(11,31156),(14,31214),(15,27709),(18,19363),(20,10497),(21,35620),(22,22784),(23,36468),(25,34151),(29,17278),(32,25604),(35,32532),(36,11348),(37,25628),(38,17926),(39,33007),(42,26141),(43,28447),(44,36309),(46,6470),(47,3526),(53,19453),(54,16893),(56,28224),(57,22718),(58,30136),(59,11832),(64,33980),(65,22844),(66,6764),(67,5314),(69,30432),(71,3439),(73,9866),(74,31367),(77,27709),(78,30488),(83,34551),(90,33069),(91,4651),(92,26519)]	106.247589
247	[(1,25843),(3,36330),(5,21997),(6,8397),(8,24098),(9,11031),(12,15112),(14,5940),(15,1984),(18,32010),(20,34840),(22,23136),(23,29098),(25,31939),(27,18087),(28,372),(29,9940),(31,31109),(33,6695),(34,23610),(36,36143),(38,14949),(39,17050),(40,15406),(41,8119),(43,18540),(44,29500),(49,1969),(51,34776),(52,5286),(55,21160),(56,32249),(57,19746),(58,22497),(59,30068),(60,6901),(63,20208),(65,24104),(66,13124),(67,22544),(70,1726),(72,5243),(73,8670),(74,23467),(76,29948),(77,5362),(80,12669),(82,27600),(83,3476),(85,23834),(86,32303),(87,33356),(88,6205),(89,31121),(92,31081)]	110.261129
248	[(2,3528),(4,36375),(5,32394),(6,16193),(8,30737),(9,21451),(11,18481),(13,2951),(16,8345),(17,33789),(18,6614),(19,5474),(20,16756),(21,826),(23,3634),(25,32361),(26,35109),(27,8283),(28,1284),(29,24871),(30,28856),(31,10961),(32,16613),(33,17064),(34,3616),(36,26458),(37,1242),(42,13279),(44,15639),(46,6299),(47,18716),(48,12298),(49,786),(50,6878),(53,6851),(54,10802),(57,14929),(61,31425),(62,19430),(63,18145),(65,8836),(66,14348),(68,18123),(70,6854),(71,904),(73,13694),(74,12103),(75,24152),(76,10408),(77,16479),(78,12142),(79,35494),(80,11244),(82,8418),(83,18945),(84,3970),(85,21439),(88,10101),(89,21732),(92,16017)]	113.184103
249	[(0,30525),(1,4190),(3,30253),(6,7443),(9,9048),(10,2615),(11,10998),(13,14566),(14,10305),(16,35257),(17,9033),(18,31159),(19,24637),(21,20811),(24,29456),(31,7070),(32,2895),(33,14325),(37,6273),(41,15267),(42,35602),(46,17068),(48,33045),(49,15891),(51,10774),(52,15357),(53,6655),(55,30917),(58,10674),(59,15239),(60,35104),(61,9973),(62,32112),(64,9169),(65,27657),(67,29562),(69,34787),(70,17892),(71,18615),(75,1360),(76,3336),(77,13683),(78,2237),(79,18501),(82,11537),(83,21144),(84,14581),(86,16360),(89,18994),(90,10919),(91,14753)]	116.732708
250	[(1,23142),(2,10907),(3,33962),(6,20444),(7,12490),(10,27237),(13,22210),(14,6218),(16,9058),(17,29241),(19,13218),(21,2784),(23,1697),(24,13815),(25,16393),(27,22652),(29,28042),(30,3248),(33,13618),(34,9811),(38,6318),(39,25591),(43,7356),(45,1625),(49,32638),(53,36150),(56,23192),(58,27755),(61,4933),(63,36243),(65,35577),(66,33545),(67,30070),(69,35499),(72,4255),(75,14609),(77,11457),(79,23109),(85,18634),(86,2380),(87,35183),(88,36277),(89,638),(90,26180),(91,32758),(92,11142)]	133.606121
251	[(1,2128),(4,19849),(5,20517),(8,28638),(9,6166),(12,17613),(13,10178),(14,1072),(15,19328),(16,10974),(19,19986),(20,11583),(23,6723),(27,25880),(29,30280),(30,26578),(33,34483),(37,1480),(38,6888),(39,27377),(40,5421),(42,20850),(43,15610),(44,33077),(46,31557),(48,9109),(50,9835),(52,4295),(53,21185),(56,20725),(58,31164),(59,22668),(66,27594),(67,1373),(68,34610),(70,19873),(71,6770),(72,23327),(73,14769),(74,27481),(78,16936),(82,14624),(83,36516),(84,24320),(86,8597),(88,19792),(89,28926),(90,24309)]	109.567991
252	[(0,15163),(1,35299),(4,9179),(5,36259),(6,7437),(7,13941),(8,10726),(10,18944),(11,35428),(14,19074),(15,17454),(16,12663),(17,16401),(18,35082),(19,9782),(20,31864),(21,6056),(22,716),(23,2154),(24,10693),(25,19387),(26,29453),(27,2003),(29,33110),(30,6340),(31,1706),(33,28562),(35,35080),(38,17464),(39,10998),(43,31656),(46,30824),(47,11783),(50,24601),(51,17140),(53,27508),(54,9325),(57,21458),(59,1773),(61,4294),(63,14268),(64,1611),(66,31581),(68,15070),(70,34659),(73,5655),(75,11998),(76,2107),(77,32541),(78,32075),(79,12911),(81,26438),(83,14617),(84,32663),(85,19416),(88,1219),(90,33786),(91,3264)]	108.847976
253	[(0,5244),(1,20563),(2,20892),(4,11526),(5,22267),(6,22257),(7,32463),(9,36511),(15,30563),(18,13206),(20,21045),(22,33089),(24,9517),(27,6473),(28,29077),(30,13820),(31,22309),(34,23362),(35,16063),(39,26134),(44,8710),(45,17388),(53,16846),(54,20411),(55,30036),(56,6143),(58,31577),(59,23182),(63,18415),(66,27662),(68,11841),(74,30902),(76,24380),(77,19794),(78,35155),(81,823),(82,18572),(83,8824),(85,3867),(86,35253),(87,5518),(88,21867),(89,34499),(90,12169),(91,22662)]	114.954629
254	[(0,26457),(2,28713),(3,4207),(7,2534),(9,34553),(10,16923),(11,29867),(13,8604),(15,11348),(16,25628),(17,22815),(18,25918),(20,17599),(21,10318),(22,9526),(25,21304),(26,36679),(27,14488),(29,17340),(31,1909),(32,25711),(33,24579),(34,31326),(35,805),(36,28368),(37,34358),(38,7816),(42,1660),(44,13024),(47,33435),(48,8488),(50,22681),(52,27142),(53,16626),(56,5158),(58,34882),(60,20059),(62,32986),(64,27577),(67,4264),(69,36314),(70,28066),(73,20998),(74,17707),(75,23418),(79,15025),(80,3565),(82,26830),(83,29336),(84,23918),(85,35603),(86,424),(88,6440),(90,3295),(92,21982)]	111.801308
255	[(0,26952),(1,20335),(4,31873),(10,20765),(12,6866),(13,21961),(14,24080),(15,18245),(16,13056),(18,28489),(20,1463),(23,7246),(26,1082),(27,16102),(28,20399),(29,24522),(30,7819),(31,34253),(32,24469),(34,27044),(36,25917),(37,1138),(38,19755),(39,33442),(40,28589),(41,36532),(42,15300),(44,27615),(45,4670),(46,31681),(47,27505),(48,1285),(49,10121),(51,3107),(54,17311),(55,17752),(56,18550),(57,22236),(58,23546),(59,18306),(61,12284),(62,6119),(63,30730),(64,24791),(66,19544),(67,9910),(68,30754),(69,8088),(70,20374),(71,33007),(72,28742),(75,27766),(76,4737),(77,6160),(83,2876),(85,36473),(86,17351),(88,17881),(89,32182),(92,22962)]	134.658725
256	[(0,29654),(2,29560),(3,32203),(4,7763),(7,9252),(8,2718),(9,10232),(10,16951),(11,21839),(12,28034),(14,22284),(20,32019),(22,14391),(23,20563),(25,28118),(28,6554),(32,15378),(35,23451),(37,5622),(40,23070),(41,31699),(42,19631),(44,31681),(50,24930),(51,14967),(52,14739),(53,33079),(58,2470),(60,10239),(61,27230),(63,27206),(71,8527),(72,21057),(73,211),(76,32798),(77,6833),(78,28211),(79,33078),(80,22405),(82,29084),(85,10855),(87,16255),(89,31687),(91,23003),(92,26760)]	118.302196
257	[(0,6821),(1,1806),(2,10822),(5,18534),(6,3609),(7,27130),(9,5106),(11,31412),(12,34847),(13,5881),(14,1234),(15,22424),(16,11582),(19,14984),(21,9893),(24,9098),(27,30652),(28,24198),(29,33418),(31,36557),(32,2330),(34,30923),(35,10303),(36,5114),(37,20569),(39,30772),(43,4416),(44,28420),(45,26927),(46,17321),(50,7612),(56,22010),(57,6629),(58,2184),(60,16452),(63,21757),(65,8396),(66,30666),(69,18225),(71,23300),(74,30598),(75,23035),(76,33062),(78,17493),(80,3064),(82,31542),(85,5714),(86,19604),(88,23970),(91,22550)]	133.480810
258	[(0,15749),(2,4279),(3,26069),(4,33946),(7,34030),(11,9296),(13,15198),(15,11706),(16,25316),(18,35908),(19,4620),(20,4763),(21,36694),(22,31260),(23,31787),(24,16410),(25,20352),(26,9102),(27,1344),(28,1516),(30,1612),(31,18410),(32,5470),(33,24551),(34,7740),(35,24475),(37,20877),(40,8217),(42,22585),(43,29125),(44,18025),(47,5162),(48,16629),(52,22281),(55,16027),(56,25323),(57,13564),(59,13795),(62,36142),(63,29436),(66,34637),(67,5642),(68,76),(69,35990),(70,2857),(73,24950),(76,8377),(77,32369),(78,5714),(79,7830),(80,35928),(81,10342),(82,28643),(85,12327),(86,15889),(87,14141),(92,30575)]	142.183753
259	[(0,30422),(2,6811),(3,18395),(5,11498),(6,31320),(9,3296),(10,26856),(12,15736),(13,6335),(17,18394),(18,34767),(20,26468),(22,13456),(23,21451),(25,283),(26,29764),(27,34581),(30,3982),(31,21973),(33,31750),(34,14218),(35,7035),(36,5037),(37,35565),(38,1963),(39,23370),(40,18307),(41,787),(42,25811),(46,36713),(50,34298),(54,24857),(55,31335),(56,34612),(60,2346),(61,1687),(64,5947),(65,28352),(66,10563),(71,11132),(75,5375),(83,24576),(84,33323),(85,9768),(86,7784),(89,34445),(90,33580)]	105.452851
260	[(2,30327),(3,24586),(5,6007),(8,17278),(9,13289),(14,27454),(15,11574),(17,31352),(18,17907),(19,9914),(21,26832),(24,20610),(25,23500),(28,23831),(29,12332),(32,34024),(34,33256),(40,11155),(42,22216),(43,13638),(47,24315),(49,28776),(52,14206),(59,30285),(61,21729),(62,609),(63,4553),(65,19641),(67,11439),(68,5058),(70,20208),(72,3539),(76,19457),(79,10995),(80,4383),(81,10053),(82,22066),(83,17380),(84,21515),(86,31594),(89,9014),(91,23178),(92,31821)]	120.491623
261	[(0,16066),(1,17677),(2,604),(5,744),(9,21040),(10,18908),(13,17241),(14,733),(15,35261),(17,15743),(19,4628),(20,16787),(21,32864),(23,17435),(24,15445),(26,26648),(27,12733),(28,31061),(31,8601),(34,23130),(38,10315),(39,32289),(40,5977),(41,20470),(42,29477),(45,23207),(46,31853),(47,2571),(49,11878),(50,18203),(52,24402),(54,28261),(55,17519),(56,33197),(57,12748),(60,22725),(68,5143),(69,30997),(71,9918),(73,29658),(74,27309),(75,15202),(77,14013),(79,21315),(81,19196),(84,27041),(85,3001),(87,29993),(88,29456),(92,25040)]	122.996730
262	[(0,9360),(1,18112),(4,21627),(5,35512),(7,16754),(8,4383),(15,2137),(16,8278),(18,2488),(20,5738),(22,11037),(24,20581),(25,30067),(26,34142),(29,13860),(32,1421),(33,25572),(34,2061),(35,12154),(36,12323),(37,6316),(41,25062),(42,10631),(45,27850),(46,20151),(47,7149),(48,25809),(49,3909),(50,32916),(51,14331),(52,7970),(53,6992),(55,2715),(57,22995),(59,30766),(61,9421),(62,31147),(63,19732),(66,14782),(70,15385),(71,21480),(72,28441),(73,15362),(74,34344),(75,17925),(76,9417),(81,3514),(82,15614),(83,27277),(84,7216),(88,22834),(89,29205),(91,31462)]	118.604405
263	[(2,35687),(3,892),(4,15645),(5,13119),(10,13749),(12,14952),(13,28540),(16,26394),(19,611),(20,7884),(21,9786),(23,182),(24,21150),(26,30433),(27,36613),(31,32393),(32,18550),(33,22236),(34,3849),(36,33187),(38,2028),(39,31184),(42,11490),(45,11330),(47,29049),(48,8759),(50,17241),(51,22053),(56,30265),(58,35640),(59,3131),(62,8826),(63,29372),(64,33680),(65,34596),(66,3785),(67,18189),(69,34881),(70,24888),(73,18858),(75,23706),(76,36657),(77,24076),(79,26940),(80,35912),(82,25720),(84,8879),(87,7004),(88,22978),(89,11929)]	118.197171
264	[(0,3072),(1,13096),(3,30237),(5,20447),(6,22516),(8,503),(10,14567),(12,3733),(13,25013),(14,23288),(15,4551),(17,25134),(18,8195),(20,31703),(22,1055),(24,32233),(25,10997),(26,5110),(27,32739),(28,1419),(31,1511),(34,27030),(35,22032),(40,17721),(43,30359),(45,33280),(46,24054),(47,21989),(48,2144),(49,25810),(50,12842),(51,31336),(52,2125),(53,36163),(56,8832),(60,13649),(61,31271),(62,34886),(63,8817),(64,426),(65,10011),(66,25335),(67,29828),(70,7522),(76,12376),(77,16584),(78,33381),(80,15714),(81,29001),(83,30035),(87,30697),(88,6805),(89,5671),(92,11221)]	116.625306
265	[(1,24954),(2,34283),(3,1199),(4,4597),(5,30699),(9,21589),(10,9434),(11,3104),(12,22327),(13,3364),(21,4619),(22,23606),(24,9793),(27,15150),(28,15528),(33,30897),(34,12939),(35,22700),(37,28767),(38,6052),(40,15743),(41,8177),(42,20875),(43,27148),(44,24321),(45,5614),(47,28864),(49,36160),(54,34142),(56,24229),(57,22859),(58,23644),(60,14550),(62,16353),(63,18830),(66,33076),(68,8755),(69,24876),(72,8439),(73,30869),(74,31031),(75,2192),(76,27868),(77,220),(81,3796),(82,15969),(84,10286),(86,18931),(87,34079),(88,1142),(92,3486)]	133.444862
266	[(0,25107),(1,19779),(2,14499),(3,31195),(5,31778),(7,11760),(10,28183),(12,10558),(13,10103),(16,16180),(19,33421),(21,21577),(22,18758),(24,17456),(25,33098),(27,2792),(30,36020),(32,25523),(35,35504),(36,11007),(39,25412),(42,12487),(44,14929),(47,8416),(48,20458),(49,32126),(50,321),(52,7460),(53,26483),(54,22351),(56,23027),(57,10826),(61,22409),(63,17715),(64,23153),(66,9467),(67,28847),(68,35891),(69,25017),(71,27412),(73,16015),(74,15833),(75,10681),(76,28460),(78,3736),(81,17738),(83,7155),(84,8348),(85,15184),(86,15485),(89,4866),(90,1303),(91,10342),(92,5789)]	129.576490
267	[(1,34085),(2,24961),(3,4704),(4,10313),(5,18523),(7,5004),(9,29414),(10,35599),(12,35299),(13,9001),(16,19775),(17,18972),(18,23470),(21,9341),(22,1922),(23,5790),(26,21117),(28,5305),(31,13821),(32,17705),(33,7676),(35,27576),(38,15878),(39,8929),(40,26715),(41,23772),(42,27614),(43,25510),(44,13245),(45,32860),(46,21089),(49,4022),(52,10228),(53,31553),(54,1001),(59,21809),(60,16402),(62,10187),(65,23853),(66,23176),(67,20911),(68,15709),(69,6962),(71,20953),(75,33583),(76,19451),(78,23477),(79,5028),(80,19046),(81,14931),(83,9997),(87,15129),(89,7469),(91,27942),(92,25034)]	140.216874
268	[(0,18026),(1,33370),(2,2393),(3,25448),(4,26692),(8,24954),(9,1344),(10,11757),(12,22501),(15,5548),(17,12659),(18,21565),(21,36075),(22,28006),(23,27188),(24,33432),(27,34346),(29,36389),(34,22493),(35,27233),(36,28376),(38,11336),(41,7109),(46,33387),(47,2077),(48,22103),(50,34693),(51,11345),(53,23116),(55,20671),(56,16626),(60,32298),(63,4365),(64,3738),(65,36681),(66,10536),(68,6177),(70,26356),(72,36715),(73,21185),(74,12824),(75,12845),(76,2619),(77,6757),(78,26358),(79,2260),(81,23492),(82,10825),(85,10732),(86,18514),(88,30892),(89,4243)]	120.491114
269	[(2,22374),(4,7097),(6,18841),(7,21246),(8,32953),(10,19335),(12,26568),(18,13966),(19,16302),(20,12356),(21,24714),(25,35666),(27,26069),(28,22958),(29,14047),(32,29480),(33,23073),(34,14321),(35,10457),(36,9515),(38,34036),(39,30288),(42,13375),(43,9690),(44,32340),(45,10039),(50,15018),(51,19437),(54,19223),(55,23999),(56,19133),(57,33641),(58,35354),(60,33675),(62,28593),(63,28556),(65,1268),(67,16443),(68,34918),(71,17455),(74,10475),(76,22989),(80,1130),(82,17278),(84,30816),(86,17523),(88,20151),(89,7149)]	134.293338
270	[(0,20147),(3,5383),(4,21935),(5,8141),(8,15734),(11,15500),(14,27915),(15,6755),(16,133),(17,23924),(18,16623),(19,32958),(22,9758),(24,13909),(25,2556),(27,30594),(28,12020),(29,35952),(30,9304),(37,841),(38,30537),(39,32694),(40,32217),(41,34626),(43,34199),(44,24026),(45,30484),(47,15519),(48,20936),(49,28235),(52,25415),(53,3096),(55,19351),(57,30248),(59,13297),(60,1299),(62,2495),(65,7264),(69,20732),(70,4157),(72,30833),(78,11068),(79,733),(80,4732),(81,18686),(84,5137),(85,24259),(87,30244),(90,7536),(91,25463)]	118.454472
271	[(0,29409),(1,24982),(2,19830),(4,12280),(5,5182),(6,18590),(8,11661),(9,18678),(10,7060),(11,30171),(14,20795),(15,11737),(17,3502),(19,36311),(20,36129),(21,16489),(28,18463),(29,9676),(31,22695),(33,29602),(34,7721),(35,5986),(37,32458),(40,10383),(41,18742),(42,31676),(43,4721),(44,9404),(45,9959),(51,11920),(53,12636),(55,10487),(56,20822),(58,20816),(59,1611),(61,29381),(62,23785),(68,24026),(71,8852),(72,10286),(73,2903),(77,26575),(78,28724),(79,31891),(80,28832),(83,36216),(86,33271),(87,28704),(89,26385),(90,7913),(91,17409),(92,5733)]	111.159706
272	[(0,21444),(1,35430),(4,831),(5,9147),(7,11027),(9,14872),(12,27474),(13,17116),(16,4302),(17,3203),(18,36689),(19,21079),(22,33358),(23,2510),(27,11154),(28,16961),(29,33702),(31,14565),(34,36356),(35,28368),(37,6919),(38,29363),(40,8578),(41,27956),(42,7589),(46,18157),(49,12339),(51,15744),(53,19875),(56,6299),(57,18716),(58,1191),(59,19896),(60,13662),(62,30565),(64,21277),(65,10078),(67,592),(68,5033),(69,27502),(70,279),(71,28148),(72,6791),(75,33112),(76,32130),(77,26567),(78,32356),(79,32882),(80,27194),(81,12803),(85,31464),(86,26446),(91,21110)]	110.802819
273	[(0,18950),(1,11444),(3,23017),(4,31953),(5,11287),(6,13619),(8,23180),(9,6348),(10,10502),(11,649),(14,30732),(15,18715),(25,12939),(26,5728),(28,29041),(30,34703),(31,17237),(33,12411),(35,23507),(37,11097),(38,17492),(40,14277),(41,36442),(43,20174),(45,13756),(47,15545),(48,23101),(52,8751),(53,29925),(54,14807),(55,5039),(56,3669),(58,691),(60,8973),(61,31173),(62,30508),(65,1657),(66,32710),(68,5332),(72,17814),(73,26477),(74,25066),(76,19467),(78,9997),(81,1799),(83,11765),(84,8963),(86,6132),(87,15536),(89,7869),(90,10009),(91,15736),(92,25324)]	114.981794
274	[(0,1739),(1,31162),(3,33414),(4,13675),(6,33093),(7,253),(11,20722),(13,7609),(14,27347),(16,27180),(17,1648),(18,3547),(19,5627),(20,31468),(21,3747),(23,22730),(24,9444),(25,10754),(26,8442),(27,21887),(29,12311),(30,15471),(33,17613),(34,10178),(35,1072),(36,19328),(37,10974),(39,2820),(40,17264),(41,1880),(45,32194),(47,2857),(49,15475),(51,24776),(52,10280),(53,11359),(57,15014),(59,28384),(61,2758),(62,17702),(64,14142),(65,30141),(67,1265),(68,2653),(70,25529),(71,31772),(73,13507),(74,23908),(77,30316),(78,4944),(79,35779),(82,27494),(83,17230),(88,21284),(91,16156),(92,26663)]	112.401680
275	[(0,19784),(1,13155),(3,31526),(4,28994),(6,12579),(7,18703),(8,34620),(9,13110),(11,22524),(14,4588),(18,5743),(22,25035),(25,2841),(28,31677),(29,28880),(31,10009),(33,19745),(34,9305),(36,10474),(37,23987),(38,36492),(39,25532),(40,20882),(42,17257),(43,8633),(45,31616),(48,32311),(50,9133),(51,425),(52,4098),(53,30071),(54,3432),(55,35238),(56,17095),(57,6019),(58,16904),(60,17858),(61,20110),(63,2165),(65,35333),(66,6227),(67,24762),(72,25265),(75,8185),(76,22913),(79,13074),(80,7067),(82,26532),(85,6201),(86,13044),(88,10023),(90,18599)]	116.682526
276	[(0,27163),(2,28225),(3,13620),(4,23659),(5,14990),(6,18181),(9,26880),(10,34900),(11,35999),(12,26624),(13,292),(17,24899),(18,352),(19,30995),(20,15905),(22,34832),(23,35903),(24,28284),(25,18197),(26,34785),(29,15133),(30,22121),(31,19436),(32,25386),(34,12231),(36,3671),(37,1515),(38,18462),(40,33986),(41,9821),(42,20764),(44,12544),(45,35804),(48,33929),(50,20391),(51,5924),(52,3633),(53,9118),(54,19900),(56,32109),(57,30429),(58,11186),(59,14575),(60,6844),(67,9801),(69,27878),(70,14476),(72,4863),(73,7128),(74,12601),(75,28370),(76,34418),(77,26627),(79,30025),(82,12330),(84,35764),(85,35602),(87,28449),(89,19587),(91,35504),(92,28706)]	215.397594
277	[(0,2940),(2,15557),(4,17966),(8,30000),(9,28885),(14,35328),(15,17844),(16,19754),(17,36572),(19,31812),(21,35159),(22,14304),(23,30957),(24,28516),(25,26834),(26,32671),(35,33720),(36,4594),(38,23776),(39,25675),(40,12636),(41,28769),(42,1097),(43,33326),(44,19131),(46,14545),(47,32662),(50,23586),(52,18618),(53,26842),(56,1819),(59,7248),(60,23308),(63,2285),(65,34601),(70,34331),(71,24728),(73,13159),(75,34695),(76,56),(78,27712),(79,1378),(80,33839),(81,4716),(82,18268),(86,24517),(89,12667),(91,15983)]	246.716908
278	[(0,3696),(3,33020),(5,16453),(6,33230),(7,24020),(9,23279),(10,30815),(11,29552),(13,21259),(14,6964),(15,25415),(16,32435),(18,12912),(20,32879),(21,12430),(22,13201),(23,4988),(25,15344),(26,2324),(29,28960),(30,1163),(34,15580),(37,35005),(40,8245),(41,12428),(42,23230),(43,30076),(45,20658),(46,20410),(48,22682),(50,19649),(52,84),(55,25751),(56,31500),(57,6583),(59,13284),(60,8108),(61,7654),(64,8282),(66,12956),(68,13793),(70,25609),(71,4484),(72,13910),(74,923),(75,10592),(79,4832),(80,988),(82,30280),(86,30810),(88,10503)]	264.957713
279	[(0,8326),(1,3010),(2,14900),(4,11140),(8,18757),(9,31700),(10,34855),(11,12809),(12,1999),(13,22908),(18,8856),(19,2551),(23,32159),(25,27800),(26,22674),(29,33254),(30,101),(33,10052),(34,1652),(36,35691),(37,16226),(38,16121),(41,17280),(42,5663),(43,24837),(44,8426),(46,1638),(47,5865),(48,18936),(50,488),(52,30620),(53,5017),(56,31159),(57,24637),(59,33071),(61,18456),(62,24082),(63,28055),(64,23137),(65,25528),(67,25018),(70,18102),(76,9569),(77,18104),(80,603),(81,8482),(82,5435),(83,34861),(85,13659),(86,21092),(87,9114),(88,1745),(89,30297),(91,22820),(92,20874)]	246.686602
280	[(0,14193),(2,31089),(4,26412),(5,33159),(6,5286),(9,16340),(10,17485),(11,33479),(13,11758),(15,2028),(16,31184),(18,9294),(19,22269),(21,25050),(23,1778),(24,31964),(25,24281),(26,16501),(29,19949),(30,22979),(41,26452),(43,33832),(44,27608),(45,237),(46,2008),(49,12274),(52,33363),(54,29444),(55,27935),(57,18390),(60,25217),(61,11245),(62,25993),(64,30784),(65,29341),(66,28948),(67,13756),(69,31513),(71,23619),(72,36632),(73,32496),(75,6947),(77,14963),(78,16403),(79,12610),(81,3963),(83,31082),(90,15574),(91,36069)]	253.324206
281	[(1,23037),(4,8387),(5,11469),(8,30526),(9,30232),(12,27041),(13,35373),(15,21014),(19,25837),(20,19271),(22,21372),(23,22289),(25,5015),(26,9758),(28,902),(29,32815),(31,2322),(32,33276),(33,1680),(35,31456),(38,36527),(41,18943),(42,14633),(46,14228),(47,35659),(48,33577),(49,16330),(52,17244),(53,28601),(56,31308),(57,13478),(58,36292),(60,7155),(61,8348),(62,15184),(63,5546),(65,15300),(66,19329),(69,19252),(70,4872),(71,22951),(72,9342),(73,28372),(74,33526),(75,20818),(78,1950),(83,14517),(84,15285),(85,3368),(86,9539),(88,26883),(90,27705),(91,8736),(92,36581)]	258.023779
282	[(2,429),(3,9861),(7,12689),(8,12626),(11,31178),(13,27930),(15,12963),(17,9763),(19,19741),(20,32178),(23,18391),(24,3362),(25,7383),(26,11694),(29,15712),(30,30509),(31,27009),(34,15707),(35,28843),(36,28749),(41,30236),(42,22673),(43,23012),(46,31084),(49,2633),(51,2909),(52,14463),(53,4455),(54,7339),(55,27340),(56,35401),(57,3422),(58,34462),(60,1985),(62,6588),(64,36144),(65,34636),(68,15200),(70,16882),(71,31938),(72,8163),(73,33247),(74,28582),(75,9196),(76,13782),(77,34696),(81,114),(86,32898),(87,16637),(88,5192),(89,407),(91,11325)]	247.939435
283	[(1,7299),(2,30289),(4,17465),(5,33743),(7,8968),(8,7346),(13,29951),(15,31389),(17,31513),(20,2190),(22,22606),(23,25902),(24,20989),(25,36092),(27,16279),(28,32442),(29,34304),(30,14791),(32,13537),(35,34046),(38,2049),(40,11336),(41,1736),(42,14345),(44,35096),(45,10306),(47,21323),(49,27636),(50,17853),(51,17873),(53,21713),(54,7948),(56,29570),(57,10063),(58,33058),(59,34923),(61,30128),(66,32664),(67,4112),(69,29456),(71,17779),(72,13248),(73,3980),(74,25973),(76,31845),(77,10047),(79,4090),(81,20164),(82,30918),(83,19171),(84,20149),(86,4617),(87,32382),(90,16554),(91,36125)]	239.780362
284	[(1,19226),(2,28811),(5,4960),(9,24165),(10,20091),(11,17263),(12,19003),(13,13135),(14,27578),(18,24494),(19,3217),(20,32183),(21,5364),(25,21110),(26,23958),(28,13824),(29,9262),(31,6492),(33,9467),(34,34300),(35,9576),(36,33717),(37,22420),(38,16046),(39,13130),(40,10868),(42,13980),(43,15526),(46,36138),(50,8457),(54,28286),(55,24839),(58,27843),(59,25882),(61,16456),(62,7501),(63,35928),(64,10342),(65,5789),(66,41),(69,25055),(70,20132),(71,8063),(74,13120),(76,20844),(77,15999),(78,10),(83,19499),(84,10002),(85,505),(87,28254),(89,5634),(90,26728)]	236.996003
285	[(0,15071),(2,5952),(3,17882),(4,16229),(5,6921),(8,16017),(9,35209),(10,30659),(12,26008),(13,17530),(14,22579),(15,11955),(17,25393),(18,11539),(19,26155),(20,23105),(21,32257),(23,36343),(26,11465),(29,15980),(31,19561),(32,5981),(33,36559),(34,824),(36,13314),(37,11617),(38,25034),(42,12383),(46,34456),(48,26192),(51,6259),(55,9031),(58,5606),(60,23827),(63,19822),(64,34878),(65,19117),(66,22647),(67,23374),(69,6632),(70,36106),(71,19262),(72,20481),(73,8241),(74,7080),(79,12533),(80,14897),(82,30590),(84,7158),(86,15516),(87,10146),(88,14834),(89,11640),(90,27871),(92,31036)]	236.312672
286	[(9,7345),(12,8601),(18,9884),(19,678),(21,31832),(23,27108),(25,31095),(28,16344),(29,16187),(30,18342),(32,12177),(35,4638),(36,22109),(37,35163),(39,25714),(41,14142),(42,1925),(43,32629),(45,2059),(46,36272),(48,16697),(49,31870),(50,3084),(51,26228),(52,8568),(53,36644),(56,28548),(57,3186),(60,26521),(63,34987),(65,11415),(73,13534),(76,11777),(77,24969),(78,17093),(79,28139),(80,7843),(81,4128),(82,13271),(83,6407),(84,382),(86,27632),(88,24527),(90,8667),(92,29257)]	235.209352
287	[(0,17785),(1,32454),(2,14476),(4,4863),(5,15189),(6,31366),(11,22418),(12,23835),(13,14099),(14,4265),(15,15723),(17,11053),(18,28004),(20,4437),(23,1775),(24,29245),(26,28449),(27,1658),(29,20389),(30,34555),(32,23510),(36,20488),(37,31824),(38,20798),(41,23305),(43,12836),(45,12233),(46,33241),(47,7122),(52,5001),(53,30415),(54,10232),(58,22178),(59,20689),(61,21278),(63,17339),(64,9399),(67,34658),(69,6693),(71,26904),(72,15299),(75,33986),(77,30305),(78,1624),(80,31337),(81,7413),(84,22940),(85,21012),(87,12670),(89,13686),(92,12252)]	233.381850
288	[(0,18472),(1,32942),(5,11106),(6,22670),(8,7384),(9,32516),(11,8508),(12,16738),(16,12216),(17,36051),(18,1350),(19,29868),(21,30839),(22,570),(24,26905),(25,3669),(27,11895),(28,22455),(31,20788),(32,4488),(33,29518),(34,32372),(35,18179),(36,13200),(37,31655),(38,28982),(40,33294),(41,13684),(42,604),(45,13687),(47,19193),(48,5456),(49,7314),(52,27424),(54,32444),(55,29238),(59,22984),(61,15362),(62,4987),(63,22666),(64,22282),(65,27448),(66,18164),(70,23829),(72,31600),(74,29748),(75,35900),(79,29307),(81,33132),(82,35277),(83,35383),(84,29620),(85,29931),(87,2873),(88,1130),(90,17238),(91,2387)]	231.088490
289	[(1,16628),(2,18556),(3,36283),(5,26722),(6,5701),(7,35963),(8,18196),(9,28188),(11,34109),(14,22660),(15,25507),(16,26437),(17,22831),(19,14681),(21,21782),(23,14767),(26,30746),(30,16191),(33,16977),(37,2847),(38,19193),(39,26783),(41,52),(43,10643),(44,33328),(46,25579),(48,7201),(49,10796),(51,9502),(52,2746),(53,14988),(55,33287),(56,14397),(58,29963),(59,32480),(61,5133),(66,34132),(67,24321),(68,5614),(70,15592),(71,20156),(72,434),(73,22593),(75,23482),(78,14010),(81,8523),(82,25715),(84,18620),(86,31280),(89,12057),(90,33054),(91,7542)]	283.094962
290	[(0,31946),(1,8495),(2,21134),(3,4135),(7,30585),(8,6159),(9,6564),(13,5852),(15,16139),(16,27542),(18,4551),(21,2900),(22,33532),(24,1197),(26,7993),(27,30851),(28,12925),(29,4451),(30,36727),(31,8950),(35,21346),(39,10445),(41,31298),(43,31949),(46,24034),(48,13106),(50,32258),(53,30989),(54,29926),(55,8189),(56,32212),(57,35156),(58,6153),(59,27046),(60,5481),(62,24719),(66,22102),(67,30454),(71,21881),(74,30189),(77,14315),(81,16117),(82,34005),(83,34120),(86,22265),(87,3696),(88,28864),(89,3280),(90,3228),(91,36251)]	208.950717
291	[(0,23075),(2,1782),(3,14447),(11,22022),(15,36316),(17,6488),(19,19050),(20,12503),(21,15065),(22,6179),(27,13229),(29,25119),(32,23066),(36,21321),(38,7784),(43,28854),(44,28816),(45,2822),(46,17675),(48,24870),(49,35424),(50,403),(51,6500),(52,27467),(53,23217),(54,13543),(56,24790),(57,4368),(58,7863),(59,12745),(62,35368),(63,3333),(64,18487),(65,30627),(67,4097),(68,23986),(71,13915),(72,31156),(74,19893),(75,25594),(77,6612),(78,221),(79,21099),(83,28735),(84,20024),(85,19699),(86,5105),(92,1861)]	124.232443
292	[(2,6434),(3,5094),(4,33107),(5,13620),(8,12750),(9,25811),(12,2506),(13,12404),(14,24510),(15,9778),(17,4969),(18,1144),(22,7162),(24,16760),(26,25308),(29,16973),(31,22834),(33,31746),(34,13689),(35,26787),(39,31574),(40,23473),(42,27541),(43,31731),(45,21242),(48,17104),(49,9400),(50,34351),(51,26784),(52,11317),(53,3947),(54,5716),(55,20320),(56,3827),(59,32482),(60,36671),(61,27560),(62,16746),(64,23665),(67,22459),(70,23517),(71,23754),(77,22340),(78,26470),(80,18032),(82,18164),(83,36627),(84,9887),(85,18224),(86,36646),(87,12762),(89,23857),(90,11252)]	116.171583
293	[(1,12031),(2,18375),(4,6705),(6,28931),(7,21415),(8,3764),(9,12735),(10,9551),(13,18083),(15,17924),(19,11036),(21,383),(24,21990),(30,36333),(32,25477),(33,28952),(35,16814),(38,16483),(39,32584),(42,5291),(44,9271),(47,18582),(49,5466),(50,25460),(51,30420),(54,14724),(55,19875),(60,2720),(62,12593),(64,34933),(65,6614),(66,5474),(69,25561),(70,18214),(75,16948),(76,33354),(77,2577),(78,15091),(79,21029),(80,23897),(81,25196),(84,30668),(86,27291),(89,5271),(91,2844)]	115.491368
294	[(0,7708),(2,4334),(4,13122),(6,5389),(7,23581),(10,5921),(11,1362),(14,23848),(17,33238),(18,28087),(19,12710),(21,29726),(22,30016),(24,3923),(25,2887),(27,23869),(30,8879),(31,19836),(34,20439),(35,19857),(36,30822),(37,12126),(38,8857),(39,12665),(40,2762),(47,23059),(48,20996),(49,28961),(51,31723),(52,31741),(53,20280),(54,11287),(55,20346),(56,5961),(58,22289),(59,410),(60,6159),(62,32621),(63,9302),(65,36321),(72,11319),(73,2705),(74,27543),(76,27474),(77,12588),(78,8361),(81,34048),(82,20193),(83,28869),(84,24984),(86,22683),(89,13560),(90,788),(91,2910)]	112.970389
295	[(2,8302),(6,31158),(7,11241),(10,16052),(12,7329),(16,10638),(19,15183),(24,20985),(25,1243),(26,2114),(30,1716),(31,11526),(32,22267),(33,22363),(34,31418),(35,16486),(36,28761),(37,17702),(40,31023),(41,1708),(42,10410),(43,11478),(44,27964),(45,4408),(46,1642),(51,15224),(54,840),(55,5291),(56,3402),(58,28773),(59,28004),(68,28138),(69,17675),(70,17118),(71,33854),(72,23306),(74,7564),(75,20546),(79,24169),(81,29355),(82,16020),(83,6254),(85,10334),(86,18108),(87,7959),(88,25440),(91,2077),(92,21339)]	125.840958
296	[(3,14475),(4,2212),(8,12291),(9,2163),(12,7466),(13,30365),(14,23175),(17,4051),(18,23424),(19,282),(20,21260),(21,14896),(22,6641),(24,22297),(26,6227),(28,18359),(31,27388),(33,15383),(34,24042),(35,21248),(37,23296),(38,19155),(39,22663),(40,2603),(41,31856),(43,21707),(47,14897),(48,31277),(50,10865),(54,19347),(55,2067),(56,28278),(58,13263),(60,35854),(61,14643),(63,15108),(66,11972),(69,10762),(70,10319),(71,26712),(72,801),(75,11624),(76,34559),(77,865),(79,21641),(81,29406),(82,10860),(84,4525),(87,25917),(89,311),(91,25391)]	132.267325
297	[(4,32849),(7,29127),(8,29717),(10,14905),(11,15601),(16,13057),(17,7121),(18,36610),(19,18033),(21,26585),(23,5227),(24,27582),(25,26733),(26,26013),(28,2307),(29,15002),(30,29961),(32,562),(33,1030),(34,9637),(37,20265),(40,29075),(41,16848),(42,24776),(45,206),(46,18831),(47,13401),(48,27747),(50,33202),(54,29417),(56,25257),(57,10085),(59,32361),(61,30382),(62,27551),(63,12333),(65,13121),(66,5924),(67,3885),(69,19303),(70,20224),(71,12044),(73,8885),(75,26645),(76,35778),(78,23568),(79,11288),(80,17597),(81,26941),(82,15910),(83,9942),(86,24914),(87,12614),(88,17273),(89,6879),(90,35581),(91,33259),(92,11569)]	113.971871
298	[(5,20173),(6,33956),(7,28605),(8,2810),(9,13174),(10,6502),(11,24534),(12,18581),(13,15863),(14,26863),(15,30058),(17,11744),(21,12084),(22,15115),(24,20345),(26,4402),(27,21321),(29,10957),(33,32676),(35,6157),(37,27974),(38,8846),(40,23260),(41,6415),(43,3535),(44,31563),(47,7285),(50,31904),(52,10466),(54,7731),(56,22667),(57,10545),(58,5755),(59,917),(60,25690),(61,17492),(62,30147),(65,21598),(68,6590),(70,7803),(71,18303),(72,19571),(77,29769),(80,20762),(81,637),(82,19392),(83,17494),(86,8435),(89,23777)]	118.618744
299	[(1,5346),(2,35806),(3,17765),(4,16712),(6,982),(9,13678),(11,21292),(12,1170),(13,25210),(14,8436),(17,3591),(18,5773),(19,35201),(21,22291),(22,14162),(23,27160),(25,4550),(26,33883),(27,35326),(29,32199),(30,2107),(31,32541),(32,9563),(33,28662),(34,29231),(36,421),(38,10163),(41,10467),(42,30179),(43,20330),(45,28351),(47,19189),(48,24968),(50,23359),(51,4335),(52,17852),(54,17558),(55,2257),(56,2922),(58,24604),(59,5499),(61,19241),(62,12322),(65,9980),(66,32678),(69,19317),(73,20152),(75,34863),(76,20202),(78,15185),(82,8329),(83,16162),(86,18640),(88,25478),(89,27148),(90,24321),(91,5614),(92,32874)]	113.877236
300	[(0,4772),(1,14125),(2,32289),(4,6676),(5,13542),(7,20530),(8,757),(9,15203),(10,12936),(11,29234),(13,12125),(14,23937),(15,4170),(18,10130),(19,7278),(20,19455),(21,35997),(23,8815),(24,35845),(26,4165),(27,19187),(28,21768),(30,6601),(31,8011),(32,26206),(35,22949),(36,19610),(37,35740),(39,8484),(42,14353),(44,8586),(45,12114),(48,36081),(49,7175),(51,24156),(53,21872),(54,11974),(55,17647),(58,10401),(59,10978),(60,19174),(65,6541),(70,3358),(71,26780),(72,1472),(75,8326),(77,14179),(79,16064),(82,3430),(83,24199),(85,9290),(86,7054),(89,23610)]	116.076900
301	[(1,478),(7,30057),(9,381),(11,20402),(14,3419),(16,30956),(17,22291),(19,36645),(20,5724),(21,6296),(22,24005),(24,8305),(25,21609),(26,3470),(27,26168),(28,524),(30,11237),(31,3610),(32,25648),(33,4423),(36,30225),(38,18762),(40,22005),(41,35315),(44,35263),(45,24279),(46,29100),(47,8366),(48,28012),(49,17284),(53,11841),(57,4015),(58,5589),(59,9091),(61,13153),(62,36459),(64,24288),(66,14989),(67,34175),(70,28223),(71,28471),(72,35977),(73,26083),(74,4834),(76,24238),(77,19278),(78,20616),(79,6202),(80,24504),(82,27423),(84,14384),(85,18358),(89,32933),(90,35450)]	112.526896
302	[(3,4284),(4,15446),(5,33081),(6,13947),(7,11262),(9,19869),(12,8712),(15,23922),(17,6088),(18,8815),(19,15404),(22,10959),(26,17780),(27,5873),(28,11128),(29,3278),(35,32730),(36,33859),(38,26083),(39,1224),(41,3773),(43,30444),(46,13728),(48,5757),(49,31224),(50,3894),(51,12583),(52,11784),(55,32166),(56,30156),(57,11358),(58,9544),(59,48),(62,18951),(63,24162),(65,814),(66,8689),(67,24664),(69,33479),(70,33949),(73,6117),(75,12537),(77,19496),(78,36209),(79,4967),(82,17086),(85,31690),(92,8957)]	122.841089
303	[(2,17710),(3,17426),(7,34521),(8,24115),(9,9841),(10,1876),(12,29808),(14,27044),(17,36127),(18,34930),(19,11664),(20,23837),(21,25046),(27,27561),(29,27194),(30,27023),(31,10499),(32,35501),(33,2084),(35,23868),(36,29315),(40,34753),(43,13465),(46,28805),(48,6127),(50,29944),(52,25699),(55,10636),(56,28379),(57,6000),(58,3569),(61,21232),(62,23982),(63,16769),(65,12613),(67,22191),(68,36277),(69,31070),(70,6912),(71,22452),(72,14469),(73,3494),(74,19470),(76,33045),(77,5328),(80,22374),(83,36267),(84,1713),(85,22982),(87,10683),(91,31708),(92,13539)]	116.436585
304	[(1,7459),(2,3889),(3,13969),(4,3098),(6,31342),(7,30118),(8,21353),(10,222),(17,6798),(21,10466),(23,4248),(27,2131),(28,33922),(31,1040),(32,30867),(33,27196),(34,26639),(35,35290),(36,18414),(37,30373),(38,25359),(43,11654),(44,13052),(45,11623),(50,13867),(52,34223),(53,9910),(54,30754),(57,14613),(58,22677),(59,34407),(60,30778),(61,1186),(62,34780),(63,22061),(64,13026),(67,3702),(68,12087),(69,793),(73,9997),(75,6953),(76,23988),(77,10496),(78,31869),(79,5908),(80,33478),(81,29420),(82,19077),(83,26794),(85,16227),(88,617),(89,33887),(92,15440)]	134.654901
305	[(1,25548),(4,31678),(5,26165),(8,10797),(9,36062),(10,10527),(11,6686),(12,34848),(13,22731),(14,29484),(18,20330),(22,9708),(26,34758),(27,16138),(30,29800),(31,27058),(32,4898),(33,26671),(37,17679),(41,9594),(42,9727),(43,28497),(44,10344),(45,27428),(49,27843),(50,25299),(51,9511),(55,4709),(56,26211),(57,23255),(58,3122),(62,19226),(63,3483),(64,17839),(67,20698),(68,16343),(71,22011),(72,11701),(74,33544),(75,20010),(76,5559),(77,21153),(80,20543),(82,29253),(83,1193),(84,3610),(85,12114),(89,15713),(90,26529),(91,27668),(92,36100)]	135.841425
306	[(0,32314),(2,27408),(6,36554),(7,11894),(9,30956),(13,8075),(14,17182),(15,32674),(17,30143),(19,34892),(20,7160),(22,1567),(24,20044),(25,5324),(26,25664),(27,30198),(29,2018),(30,34010),(32,27857),(36,9246),(37,34258),(39,404),(43,33880),(45,8637),(46,14943),(47,34101),(48,13441),(49,23380),(50,2160),(52,7272),(53,32910),(54,62),(55,8330),(56,25589),(57,29441),(58,5425),(59,31962),(60,15876),(62,21460),(63,33347),(64,36210),(65,15468),(66,7901),(67,35834),(71,7933),(77,33122),(79,29550),(80,26702),(81,9553),(84,18812),(85,18583),(86,15214),(89,14395),(90,28920),(91,802),(92,21904)]	117.632028
307	[(0,26730),(2,29485),(4,22310),(6,29977),(7,34392),(8,4843),(9,8767),(11,1277),(14,35921),(16,20863),(17,3334),(18,16531),(19,20416),(21,5615),(24,20673),(26,3799),(29,12439),(31,15322),(32,21629),(34,28491),(37,14758),(40,22106),(41,12848),(43,13643),(44,2787),(47,22642),(51,28904),(52,34299),(53,28127),(54,5274),(56,242),(57,14933),(60,21935),(61,24189),(62,35582),(66,8798),(67,5777),(70,21835),(72,24226),(74,12618),(75,8912),(76,13462),(77,17146),(78,5095),(79,32916),(80,15664),(81,4788),(83,21969),(84,2252),(86,32731),(87,3900),(88,7013),(89,12193),(90,7938),(92,23160)]	115.486056
308	[(0,10422),(3,9656),(4,26042),(7,32619),(8,13662),(10,2965),(14,29434),(15,25162),(16,8885),(17,35780),(18,22037),(19,24996),(20,10223),(21,31846),(24,13593),(25,6854),(30,9297),(31,15542),(33,10110),(36,22553),(37,15248),(39,27793),(40,23714),(41,26311),(43,22848),(44,5375),(46,31060),(47,5146),(48,21220),(49,17206),(52,24287),(54,14150),(56,5100),(57,19863),(58,17182),(59,32674),(61,30143),(63,34892),(64,7160),(66,8303),(68,2215),(69,24341),(72,24495),(74,36338),(77,5591),(78,35105),(79,14000),(80,25207),(81,31877),(82,5515),(86,15076),(87,34275),(88,35483)]	127.963297
309	[(1,27319),(2,15671),(3,489),(5,25385),(8,19568),(9,10183),(11,30589),(14,34137),(20,12141),(21,9874),(22,25708),(23,23359),(24,4335),(25,17852),(27,20826),(28,13564),(31,9127),(36,6201),(38,23329),(39,16000),(40,30303),(41,20883),(43,20000),(46,15336),(47,26059),(48,6932),(49,23798),(50,22819),(51,10287),(55,43),(56,22819),(58,11736),(61,10160),(62,15022),(66,11885),(67,19325),(68,27384),(69,12442),(72,5332),(74,9543),(78,26828),(80,33989),(81,5894),(86,19672),(88,31010),(90,16915),(91,27860)]	115.855163
310	[(1,15191),(2,414),(3,16224),(4,17302),(8,35756),(9,7053),(12,24488),(13,10087),(14,34420),(17,18173),(18,16649),(19,8735),(22,4635),(25,30746),(27,14333),(30,8437),(32,11190),(35,6183),(36,10587),(37,34223),(38,32314),(40,27408),(42,9702),(45,28367),(46,12163),(47,12158),(48,3764),(49,28911),(51,6312),(52,11213),(53,9482),(55,22432),(58,35315),(63,34961),(64,11758),(67,31274),(69,26205),(70,5173),(71,2115),(74,23722),(75,30214),(79,29963),(80,22592),(81,10276),(82,19263),(85,19133),(86,33641),(87,957),(88,35912)]	125.898445
311	[(0,20231),(3,36477),(4,10576),(5,7166),(6,27425),(8,4365),(9,3738),(10,36681),(11,477),(12,25787),(13,31544),(14,14213),(15,32684),(16,26887),(17,33068),(18,27820),(19,9913),(21,23177),(22,7969),(23,12093),(27,1581),(28,13168),(29,35045),(30,1871),(34,16750),(35,29072),(37,6902),(38,29100),(39,17395),(40,11441),(45,35796),(46,16923),(47,29867),(48,36666),(52,10277),(55,5058),(61,2634),(63,7019),(65,723),(69,26458),(73,19541),(75,365),(76,30771),(78,17132),(80,36063),(81,32016),(82,35586),(86,34812),(87,21401),(90,32405),(91,13390)]	114.882195
312	[(1,3601),(3,13721),(4,16153),(6,19402),(11,32442),(13,3867),(14,35253),(16,13351),(17,20118),(18,16686),(19,18079),(22,20118),(23,3041),(25,19355),(26,13515),(27,26463),(28,8735),(30,739),(31,26443),(32,28824),(34,26751),(35,25023),(37,23019),(38,34262),(39,26686),(40,7131),(41,2388),(42,10024),(43,31612),(44,36631),(49,15688),(52,28654),(54,34768),(57,31493),(59,8358),(62,19129),(64,32428),(65,30049),(66,18450),(68,3316),(71,24766),(72,26725),(74,18768),(78,29903),(82,8142),(83,9120),(84,26870),(85,23155),(87,22625),(88,5114),(89,23122),(90,26929)]	126.174223
313	[(5,29601),(6,3978),(7,12806),(8,22104),(9,2211),(10,16092),(11,12239),(12,22875),(15,5331),(16,17496),(17,24959),(18,20119),(19,23236),(21,31607),(22,7022),(23,36723),(27,6808),(28,5681),(29,3092),(31,32741),(32,28484),(33,9954),(35,14017),(38,10237),(42,15263),(43,15741),(49,6422),(52,33463),(53,19024),(54,12684),(56,3022),(57,7282),(58,4532),(59,35842),(61,27961),(62,25307),(64,33072),(65,2378),(67,26989),(68,26476),(69,28201),(71,802),(72,21904),(73,20639),(74,14464),(75,5970),(76,5897),(79,23565),(80,6499),(82,3785),(85,25279),(87,16646),(89,13950)]	138.440929
314	[(0,25502),(2,17880),(4,16675),(8,18582),(9,7402),(10,15356),(13,8507),(14,1832),(16,9692),(17,17855),(20,32481),(22,14759),(23,23),(25,6692),(27,1171),(28,19699),(30,8116),(31,8440),(32,17402),(34,21408),(35,9640),(38,35503),(39,34746),(40,20735),(42,11512),(45,26635),(48,1379),(53,4736),(54,6087),(56,13592),(57,29233),(61,1311),(62,18770),(63,3106),(64,33632),(65,16119),(66,34951),(67,34544),(68,33844),(69,36359),(73,34428),(74,36670),(76,23148),(77,845),(82,16830),(85,8704),(89,18603),(90,24402)]	116.713679
315	[(0,3700),(2,5462),(4,3572),(6,10306),(7,20673),(9,3799),(12,35819),(13,22491),(15,30783),(16,7872),(19,8378),(20,24435),(24,19854),(25,34994),(28,32356),(31,11560),(33,23590),(36,20575),(40,6670),(42,30325),(43,19382),(48,24254),(50,990),(51,15556),(53,23255),(55,8205),(57,6662),(59,10688),(61,34131),(62,19737),(63,5446),(64,21764),(66,11959),(67,10850),(68,23533),(69,32428),(71,24075),(72,31223),(73,29620),(74,7465),(77,1372),(80,26795),(81,17502),(87,10300),(90,34648),(92,23159)]	111.268685
316	[(3,5662),(7,19355),(10,3678),(12,22528),(13,36538),(16,1657),(17,29644),(18,26480),(20,36081),(22,26347),(24,28041),(27,26299),(29,22259),(31,34666),(32,5394),(34,22195),(41,13428),(42,27981),(43,13062),(46,21485),(47,12937),(48,1397),(50,10383),(51,18742),(52,25890),(56,14033),(57,11712),(59,27782),(60,31968),(63,33255),(64,31427),(65,2617),(68,29409),(69,33504),(71,20249),(72,13814),(74,8663),(75,8687),(76,18586),(77,8010),(78,25763),(80,33256),(85,22505),(87,17804),(90,17119),(91,16240)]	118.332254
317	[(2,25656),(3,23224),(4,8697),(6,24004),(10,36528),(13,28357),(14,22199),(16,29603),(18,18250),(19,12696),(20,35910),(23,26112),(25,15136),(26,11066),(28,35683),(29,27732),(30,28623),(33,31966),(34,8601),(36,31954),(38,34717),(40,16708),(41,32952),(47,26980),(48,1789),(49,18348),(51,33689),(53,23410),(54,27907),(56,11443),(58,1594),(59,12884),(61,21508),(62,26),(63,33650),(65,30181),(67,8576),(69,11449),(70,1440),(71,21509),(73,16320),(76,29284),(77,28722),(79,31784),(81,21042),(83,36703),(86,15669),(88,17694),(90,27607),(92,24892)]	112.703469
318	[(1,10846),(3,14386),(7,27458),(8,22571),(9,17899),(10,13677),(11,27389),(14,13592),(15,24944),(17,19350),(19,4902),(21,17242),(23,5847),(25,4719),(26,4770),(28,30351),(29,13874),(31,27082),(36,24892),(37,29298),(38,33943),(39,25290),(40,31578),(41,24280),(43,26947),(45,11658),(46,13283),(49,15643),(54,2427),(55,29525),(56,26851),(60,14184),(63,22588),(64,29125),(66,29312),(68,17421),(70,4424),(71,21558),(72,28601),(74,8311),(75,35211),(78,32244),(82,24724),(85,29429),(86,9383),(87,17623),(89,36445),(90,8743)]	112.128568
319	[(0,431),(1,36480),(2,2086),(5,36164),(6,8553),(7,26357),(9,11614),(10,5204),(11,30217),(12,12399),(15,28832),(16,15896),(17,15643),(18,7142),(19,3926),(21,19749),(22,31363),(23,33330),(27,18579),(30,17811),(31,20037),(32,17077),(33,33923),(34,6930),(35,8760),(37,7978),(40,8688),(41,6327),(42,26406),(43,19558),(44,386),(46,1085),(47,21943),(49,17707),(50,23418),(52,30676),(56,20004),(58,18194),(59,15443),(61,9839),(62,20161),(63,22437),(65,20240),(68,34941),(70,1016),(71,23686),(73,25420),(74,2313),(75,24521),(76,16163),(80,8229),(81,8677),(84,33589),(86,25761),(87,11862),(88,16722),(89,24940),(91,34298),(92,794)]	111.437093
320	[(0,3072),(1,13096),(4,11272),(7,23595),(8,19917),(9,4076),(10,28694),(11,23122),(15,19133),(16,19304),(17,26132),(19,28024),(20,35488),(21,35166),(22,13278),(24,5416),(25,1939),(32,17271),(33,3644),(34,32010),(35,26295),(37,33322),(39,3),(41,18342),(42,31504),(43,8723),(44,15814),(46,33462),(48,18493),(50,22101),(51,9767),(53,36230),(56,2128),(57,18968),(58,36304),(59,27967),(62,25133),(64,6633),(65,18598),(66,10362),(69,3761),(71,26977),(74,17814),(75,26477),(79,10369),(80,23415),(83,31516),(84,7672),(86,17079),(87,26942),(90,6450)]	129.579736
321	[(1,16719),(2,34774),(4,15493),(5,387),(6,9894),(7,21060),(9,1628),(10,26116),(11,26143),(14,36025),(15,24925),(21,19675),(22,6893),(23,34172),(25,22048),(26,2684),(27,28791),(29,21903),(30,13789),(31,9166),(32,17508),(33,26345),(35,13624),(36,3547),(37,17379),(39,11540),(40,16541),(41,21178),(44,13087),(50,30231),(51,26935),(52,26573),(54,27898),(57,21852),(59,29858),(64,6440),(65,19399),(67,29262),(68,20760),(69,13753),(70,31388),(71,7088),(72,32427),(73,10335),(74,24104),(75,1190),(79,8064),(80,31453),(81,13490),(83,26645),(84,35778),(87,21821),(88,7768),(89,1520),(91,162)]	122.670812
322	[(0,14734),(4,1096),(6,30950),(7,18958),(8,10376),(15,7900),(16,753),(20,5277),(22,14399),(23,23438),(24,17068),(25,17938),(26,29426),(28,35176),(29,6169),(31,33968),(34,26776),(35,6615),(38,26890),(40,27856),(43,33341),(44,34042),(45,7490),(47,20156),(51,34005),(54,34323),(56,25866),(57,36263),(60,14170),(62,16499),(64,34062),(68,416),(69,25794),(71,2018),(72,34010),(74,27857),(75,14889),(78,18829),(80,4151),(81,11644),(82,4338),(83,29764),(84,19980),(85,17431),(86,33032),(87,9360),(88,27813),(90,7273),(91,16807),(92,2803)]	138.099959
323	[(6,21846),(7,28976),(8,22959),(14,11070),(15,27105),(16,34207),(17,26475),(18,6404),(19,5185),(21,12437),(22,25843),(23,12654),(24,25974),(25,4860),(32,4243),(33,16099),(34,5771),(36,12178),(37,32327),(38,35347),(39,22408),(41,18015),(43,21708),(44,13846),(46,36426),(47,1635),(51,25812),(52,36571),(54,13267),(57,13074),(58,19265),(59,9167),(60,24659),(62,7775),(63,35947),(65,8840),(66,32704),(67,2740),(68,9668),(69,18594),(70,13045),(72,20184),(75,36440),(76,8653),(79,11894),(81,10034),(82,14982),(83,443),(84,26285),(86,26271),(90,6363),(91,4186)]	122.551745
324	[(2,8585),(3,1189),(5,7187),(7,15206),(8,30820),(11,19151),(14,9130),(16,27143),(18,28498),(22,25366),(25,29627),(26,7689),(27,29445),(28,36154),(31,27741),(32,24678),(33,30730),(34,20151),(36,11259),(37,35340),(38,15525),(39,22835),(40,15562),(41,17668),(43,34461),(45,12258),(47,11675),(48,16128),(50,3601),(52,4874),(53,16078),(55,12146),(58,22712),(59,10469),(60,10191),(61,1632),(64,33264),(66,32388),(69,30462),(73,1240),(74,24897),(75,24119),(76,32645),(77,24266),(78,26259),(79,10225),(80,19525),(81,35059),(82,416),(87,26329),(89,21880),(91,32335)]	118.223482
325	[(0,34367),(2,13547),(4,7867),(5,14305),(6,22449),(8,14248),(9,5594),(10,33330),(12,2140),(18,18742),(19,13925),(20,16681),(24,22161),(25,18681),(28,13996),(30,1226),(31,2841),(36,32563),(37,35498),(39,25662),(40,36148),(42,4502),(43,5702),(44,5378),(48,12763),(49,12034),(52,25064),(53,11156),(54,1057),(55,8437),(56,7256),(57,31248),(58,2230),(59,6095),(60,8802),(63,1706),(65,28562),(67,31470),(68,6484),(69,6463),(70,31690),(71,13665),(74,8165),(75,27284),(76,8269),(77,15531),(79,29170),(84,27247),(85,36328),(87,34976),(89,23570),(90,11613),(91,28476),(92,13087)]	122.211025
326	[(1,13740),(2,23391),(3,27777),(7,28861),(12,28832),(14,29684),(16,23087),(17,12333),(18,9223),(21,18022),(23,23726),(27,36274),(28,17404),(33,15006),(36,14933),(38,36050),(42,1675),(43,28350),(44,21993),(45,3779),(50,24200),(53,11845),(56,18400),(57,4216),(59,7347),(60,7153),(62,106),(64,14483),(65,8482),(66,5435),(67,34861),(68,317),(69,16580),(71,35205),(73,14027),(74,19823),(75,32843),(76,8018),(77,32152),(78,6493),(80,36052),(81,23247),(82,18868),(83,64),(84,805),(85,19318),(88,5808),(89,12203),(90,29797)]	114.421780
327	[(2,36492),(5,10620),(7,4322),(8,34948),(9,10765),(10,967),(11,2603),(13,15806),(14,19985),(15,18156),(16,32557),(18,21958),(19,7006),(20,3673),(23,24220),(24,24379),(29,23409),(30,17443),(33,20550),(34,35071),(36,12048),(40,5245),(44,28773),(45,5463),(46,14208),(47,20066),(48,13365),(51,5058),(52,2567),(56,32902),(57,1961),(61,3715),(62,12832),(63,20718),(64,24364),(66,20),(67,4046),(68,36194),(69,3475),(71,23333),(72,3429),(73,11517),(76,34210),(77,21039),(78,18635),(79,17384),(80,5175),(81,14299),(83,33757),(84,13704),(85,748),(86,10745),(87,9222),(88,30143),(91,28619),(92,22017)]	112.881953
328	[(0,31784),(2,52),(3,14478),(4,13113),(5,22113),(6,35817),(9,26837),(10,18004),(14,5617),(15,6686),(17,27904),(21,12250),(24,32036),(25,17193),(26,22298),(27,215),(28,19165),(29,33116),(33,25497),(38,8355),(39,24165),(40,20091),(41,6381),(43,14231),(44,34815),(47,29167),(48,32476),(50,6983),(51,35958),(53,26029),(57,274),(58,11161),(59,23879),(60,36083),(61,18281),(63,21614),(66,12309),(68,7114),(69,25653),(71,15581),(75,17124),(76,12110),(77,23635),(78,7691),(79,22961),(80,11305),(82,33193),(83,36059),(84,8715),(85,1628),(86,8287),(87,27909),(92,419)]	120.439285
329	[(0,14371),(1,15759),(4,19401),(7,34316),(9,14488),(10,25633),(12,16661),(13,34474),(14,21722),(16,1006),(19,8464),(25,5944),(28,16538),(32,18273),(34,9105),(35,18217),(37,34523),(40,12749),(42,36273),(43,95),(44,15831),(46,10348),(47,21468),(48,19050),(49,12503),(52,10074),(53,23650),(54,32881),(56,29572),(57,16174),(62,31376),(64,10864),(65,14427),(66,26499),(67,30787),(71,9598),(72,13722),(73,24720),(74,3631),(75,20756),(79,129),(81,5624),(82,8776),(83,26072),(84,5165),(85,15474),(86,33066),(87,3011),(89,29614),(91,34005)]	118.034086
330	[(1,31920),(2,20489),(6,11882),(7,18403),(9,12952),(13,11767),(14,35531),(15,5003),(19,29806),(20,34029),(21,9999),(22,9284),(23,31174),(24,23309),(28,14033),(29,1471),(31,25878),(33,27541),(34,4157),(35,16392),(37,35414),(38,33836),(39,13465),(43,25685),(45,26535),(51,2633),(52,9581),(53,29361),(55,18368),(57,8767),(59,20095),(60,20969),(63,31935),(64,22260),(68,19011),(70,26661),(71,1849),(72,24569),(75,24466),(76,22645),(78,33553),(79,11014),(83,1446),(85,28076),(86,27933),(88,12550)]	121.304571
331	[(1,20028),(2,32546),(3,36644),(4,11719),(7,12472),(8,5517),(9,21993),(10,3779),(11,15150),(12,19111),(15,7917),(16,3418),(17,31822),(19,3525),(22,5144),(25,32369),(26,24722),(27,33825),(31,32277),(35,8710),(37,19401),(39,20909),(40,27823),(41,36636),(42,18839),(43,14579),(45,15062),(47,35416),(48,24302),(49,16589),(50,25053),(51,7224),(52,4846),(53,14039),(54,20497),(55,4826),(58,3112),(59,36092),(60,11987),(61,19805),(65,9315),(66,3721),(67,27462),(68,29360),(70,7565),(78,15595),(79,7922),(80,2420),(83,8734),(85,21025),(86,32982),(88,22316),(89,20705)]	135.431192
332	[(0,24457),(1,26194),(2,16563),(4,35196),(9,24631),(12,7937),(13,30572),(14,18480),(18,14033),(20,15831),(22,34303),(23,3357),(25,20499),(26,12570),(28,25443),(29,32796),(30,22459),(31,25283),(34,12520),(35,30017),(37,25503),(38,14190),(40,13877),(41,29350),(43,238),(44,14209),(47,27612),(49,13054),(51,29268),(52,5206),(54,28020),(56,9387),(57,17143),(58,6729),(64,1107),(65,35538),(66,4158),(67,19237),(69,35536),(70,35617),(71,9878),(72,10189),(73,34266),(74,4761),(76,13422),(77,4032),(81,35335),(83,7372),(85,28806),(86,9829),(89,28094),(90,32239),(92,34993)]	112.443049
333	[(1,14117),(3,28204),(4,29750),(6,17242),(8,20400),(9,4852),(10,16432),(11,19899),(16,13085),(17,31736),(18,26960),(20,22707),(22,22905),(23,10113),(28,196),(29,7905),(31,17354),(35,19926),(37,5314),(39,30432),(42,9919),(43,2253),(44,32176),(45,4746),(46,4786),(48,27622),(51,20935),(53,29911),(54,16082),(56,29912),(57,17379),(58,28520),(61,26618),(63,29618),(66,15461),(67,29301),(68,13912),(69,20771),(70,22745),(73,1833),(74,36153),(75,16447),(80,27518),(82,19792),(83,7481),(84,23712),(86,20062),(87,19322),(88,29525),(92,19887)]	125.030197
334	[(0,3528),(3,5592),(5,4811),(6,35588),(8,25238),(10,22634),(11,11409),(12,17981),(13,9816),(15,16576),(16,4522),(17,9800),(24,20859),(26,16566),(27,5003),(29,19939),(31,23858),(32,22753),(33,5614),(35,15592),(36,18338),(40,3118),(42,4603),(43,13896),(44,35875),(45,26044),(46,5738),(47,29864),(48,34306),(49,1265),(50,36039),(53,22422),(54,23067),(56,9214),(58,23333),(59,30031),(61,24555),(63,32270),(64,31883),(65,19967),(68,17066),(71,28586),(72,1041),(75,14422),(76,25083),(77,15315),(78,4202),(79,21849),(83,22753),(84,5614),(87,24182),(88,13945),(91,2312)]	114.599984
335	[(0,22817),(2,5051),(3,10103),(4,1246),(6,10466),(8,20762),(12,24763),(13,18462),(15,8659),(17,309),(18,16005),(19,36567),(20,29545),(21,2099),(22,19041),(26,33168),(27,9922),(29,15480),(30,9231),(31,18297),(33,31703),(34,9958),(37,19274),(38,122),(40,1529),(41,26399),(43,8459),(44,27136),(49,1644),(51,15444),(53,13254),(55,29572),(56,32300),(58,34314),(59,12970),(60,31285),(61,2376),(63,32295),(64,871),(67,21345),(68,28396),(70,21550),(75,20038),(76,1819),(79,7248),(80,25020),(84,21524),(89,36656),(90,5844),(91,87)]	116.082772
336	[(1,29917),(2,8617),(5,1704),(6,12625),(8,1251),(12,26070),(13,26313),(15,34289),(16,30220),(20,20316),(22,11541),(25,34972),(26,14684),(27,29918),(31,7475),(34,29466),(35,25211),(36,25715),(38,34681),(40,2228),(43,25273),(45,33039),(46,12710),(50,34789),(51,36414),(52,8012),(55,9476),(58,4984),(60,22480),(62,4961),(63,19810),(64,28824),(66,27915),(68,26643),(69,35192),(70,13345),(71,31439),(72,30955),(75,10558),(77,29806),(79,16728),(81,25162),(82,24801),(83,15056),(85,1993),(89,35904)]	124.466949
337	[(1,2046),(3,20421),(4,19899),(5,15935),(6,5707),(7,8024),(9,6776),(10,31412),(11,3192),(15,8624),(17,17221),(19,28772),(20,19429),(21,21366),(23,28750),(24,27189),(28,3601),(31,30270),(32,34873),(33,32255),(34,13279),(36,15639),(38,25339),(39,20518),(40,170),(41,11723),(42,3118),(45,4126),(48,34707),(54,33996),(55,21209),(57,17145),(58,3734),(59,1121),(60,36503),(62,18990),(63,33208),(65,3674),(66,21494),(68,11905),(71,19234),(74,11762),(75,25413),(76,9578),(78,23168),(79,20506),(80,31172),(81,23404),(83,35120),(86,32613),(87,2841),(89,9951),(90,30488)]	131.333842
338	[(0,19661),(2,3509),(3,29947),(4,22379),(5,29559),(6,18016),(9,34155),(11,34808),(13,25355),(14,31996),(15,25551),(16,27885),(17,26493),(19,19999),(20,33537),(22,22809),(26,20560),(27,30911),(29,28401),(30,19657),(31,31524),(32,4897),(34,4312),(37,115),(38,16840),(39,1732),(41,31743),(43,19863),(44,17196),(45,8199),(54,35325),(56,7842),(57,11661),(58,18678),(60,15329),(63,11245),(64,25993),(66,25429),(70,8841),(72,6536),(74,5674),(75,498),(76,24696),(79,27647),(80,13959),(81,13060),(82,253),(83,35607),(85,26307),(87,25418),(88,1799),(91,35434),(92,28493)]	133.333404
339	[(1,7968),(2,32583),(3,8977),(6,11899),(7,27742),(8,6756),(9,23582),(10,24285),(14,24083),(16,19721),(19,23594),(20,30859),(21,388),(23,12669),(26,8726),(27,20381),(29,26547),(30,18332),(31,7318),(34,19106),(35,7117),(36,19290),(38,21987),(39,17812),(40,367),(41,13069),(45,21642),(46,31182),(47,24701),(51,23489),(53,8061),(54,7603),(55,18918),(56,19858),(57,12620),(59,8911),(64,9384),(65,12570),(66,28821),(67,18670),(68,7026),(69,29973),(72,28016),(73,4360),(74,24186),(76,21169),(77,21522),(83,336),(84,14180),(86,29604),(87,31750),(88,459),(89,11197),(90,23353),(91,10459)]	142.445587
340	[(0,13899),(3,2162),(6,18625),(8,14493),(9,29053),(11,5551),(13,34826),(14,3573),(15,22231),(17,21765),(18,25147),(20,21075),(22,19351),(24,15068),(25,23570),(27,27285),(28,17353),(29,16294),(30,17705),(31,32997),(32,25909),(34,11605),(36,34979),(37,11378),(38,16575),(40,4430),(45,2215),(46,24341),(51,17147),(52,23258),(53,8690),(55,18772),(57,578),(59,33611),(60,14496),(63,20348),(64,8940),(65,35691),(66,3831),(67,24897),(69,29169),(70,35782),(74,21642),(77,25714),(80,34895),(81,12211),(83,10168),(85,22898),(86,9249),(87,11724),(88,12474),(89,12812),(92,33123)]	124.432245
341	[(0,1251),(2,6248),(4,9357),(5,18579),(6,18538),(7,4703),(9,3338),(10,20307),(12,107),(13,2753),(16,7893),(18,9075),(20,25398),(22,20957),(23,9790),(24,22806),(25,23582),(26,3562),(27,6900),(28,18163),(29,31497),(31,6886),(32,12801),(33,1397),(40,33171),(41,15093),(45,8661),(46,26065),(48,28797),(50,34812),(55,22838),(58,12212),(60,26347),(62,10503),(65,31193),(66,31431),(67,35347),(68,32067),(70,1919),(71,35801),(72,32444),(73,29238),(74,33364),(76,35608),(82,32373),(83,5267),(85,12390),(86,4511),(87,11781),(88,26001),(91,28229),(92,11415)]	114.629830
342	[(0,36245),(1,17215),(7,6262),(9,30531),(10,6626),(13,31011),(14,16072),(15,18113),(17,16735),(19,16388),(20,25584),(21,5641),(23,20538),(27,28879),(28,15629),(32,17670),(33,20931),(34,24951),(35,17716),(36,13422),(37,17959),(38,18189),(41,25513),(42,8328),(43,33833),(44,7627),(45,11927),(46,20809),(47,21822),(48,33568),(49,11163),(50,4950),(52,22189),(54,26448),(55,20890),(56,677),(58,31180),(60,23184),(62,23241),(64,32328),(69,29223),(71,13878),(72,31497),(73,20801),(75,11664),(76,23837),(77,18333),(79,22473),(81,19387),(82,13824),(86,34573),(88,8365)]	115.116345
343	[(0,13952),(1,22896),(5,23607),(6,35031),(8,29779),(9,23403),(11,10464),(14,24639),(15,10800),(16,33981),(17,23792),(20,17199),(21,6702),(22,8933),(24,23846),(25,98),(29,6491),(31,1724),(34,9555),(35,30688),(36,33832),(40,31137),(41,18154),(44,29598),(45,6136),(47,30485),(48,34167),(49,19832),(50,9750),(51,26182),(52,7788),(53,27769),(55,23381),(56,34537),(58,20014),(59,15332),(61,18792),(62,28726),(64,11005),(66,28097),(67,5781),(69,32080),(70,30286),(72,2448),(74,5536),(77,31285),(78,2376),(82,23557),(83,10894),(85,7508),(88,2029),(89,10257),(90,34078),(91,31242),(92,35404)]	115.908740
344	[(1,16125),(4,30114),(8,16908),(10,2399),(11,33174),(13,7559),(14,25700),(15,15402),(16,10827),(17,4503),(20,25309),(21,24401),(22,13279),(25,457),(27,29256),(29,7819),(31,8635),(32,27611),(33,27066),(35,24776),(37,30036),(39,6554),(41,28359),(43,5168),(45,35841),(46,3527),(48,31376),(50,27046),(52,23266),(53,14314),(54,36330),(57,171),(59,9723),(60,2537),(61,12050),(64,12656),(66,6051),(67,29436),(70,8127),(71,33225),(72,7372),(74,27862),(76,10116),(79,35600),(81,6255),(86,26988),(90,36634),(92,33244)]	117.248722
345	[(0,25729),(1,325),(2,16192),(4,25433),(5,34025),(7,16654),(8,32059),(11,22646),(12,2650),(18,28272),(21,13570),(22,36478),(23,20619),(25,4330),(27,28807),(28,10980),(29,30018),(30,30701),(31,18808),(33,19174),(35,18902),(38,5035),(39,30980),(40,1844),(42,3451),(43,30828),(44,17669),(45,5855),(49,6884),(52,23412),(53,2426),(55,20288),(58,6876),(59,13775),(60,4104),(61,31981),(62,27606),(63,13691),(66,5479),(68,31933),(69,28111),(71,14583),(72,12064),(74,27225),(75,3610),(81,6908),(83,27994),(84,4232),(85,15116),(86,7533),(88,13578),(90,6785),(91,30003),(92,31519)]	134.390518
346	[(5,3600),(10,34646),(11,19180),(13,7632),(15,9842),(16,9327),(17,5241),(18,31583),(19,28577),(24,23859),(25,1982),(27,20216),(28,20966),(29,810),(31,32013),(32,31914),(34,9719),(35,4176),(38,35204),(39,12712),(40,26470),(42,18032),(43,32615),(45,9184),(46,12085),(48,30791),(49,21027),(52,8772),(55,29951),(56,25710),(58,10881),(59,26683),(62,5417),(63,7178),(65,26602),(66,30710),(67,20285),(69,24860),(70,33174),(72,22502),(75,22485),(76,26067),(78,24010),(81,28327),(82,23480),(84,33818),(86,11771),(87,18296),(88,9114),(89,1745),(90,18780),(92,5851)]	129.064013
347	[(1,1453),(3,14099),(7,725),(8,10686),(11,29748),(12,16592),(13,31901),(14,13773),(15,4360),(16,7219),(17,10455),(19,14579),(21,14889),(22,18532),(23,8525),(24,12753),(25,31493),(27,35101),(29,26169),(31,21245),(33,24409),(37,8777),(38,8771),(40,17138),(41,34973),(42,3808),(44,26903),(45,30819),(46,26579),(47,22091),(51,9625),(52,20035),(54,11208),(55,32884),(56,20949),(57,10038),(58,23962),(59,13425),(60,36430),(62,4866),(63,1911),(64,36412),(65,6921),(67,3332),(70,23987),(71,15946),(72,17934),(74,35473),(75,27986),(78,6918),(79,4396),(80,21223),(81,13982),(82,21605),(83,14088),(84,12041),(90,5839),(91,992)]	146.177549
348	[(5,11797),(6,16101),(8,19289),(9,964),(10,29731),(12,27657),(14,4535),(15,28136),(17,20779),(19,27048),(20,4022),(21,15028),(23,5133),(26,32386),(28,163),(29,12362),(30,8135),(31,10891),(32,3127),(34,32324),(35,29439),(38,22093),(39,33213),(40,25879),(42,6408),(44,29409),(45,3466),(47,18191),(48,3544),(49,11653),(50,6261),(51,5392),(53,3631),(54,20756),(55,2082),(58,3615),(60,33617),(63,17026),(65,2064),(66,31545),(68,14970),(69,23670),(70,10469),(71,23186),(73,23652),(76,30686),(77,19744),(78,23922),(79,27143),(81,18629),(82,7540),(83,7646),(85,19568),(86,6475),(88,24562),(89,5692),(92,19343)]	124.978953
349	[(2,9708),(4,33081),(5,13947),(7,10051),(8,6636),(9,11772),(11,21206),(13,36015),(15,17026),(16,23300),(19,21868),(23,32281),(24,31256),(25,32836),(28,2612),(29,12510),(30,8605),(31,21952),(32,13935),(33,24176),(34,7968),(35,32583),(36,6776),(41,6518),(44,21510),(47,4284),(49,32379),(51,13733),(53,10295),(55,586),(58,25546),(59,31692),(61,33453),(62,2427),(64,7078),(66,1681),(67,23354),(69,11032),(70,3325),(71,2113),(73,13127),(74,12343),(75,33421),(77,35686),(79,10505),(82,4469),(83,26391),(84,27138),(88,26501),(89,25011),(91,11087),(92,34458)]	129.285656
350	[(2,7828),(3,30438),(7,28493),(9,20954),(11,125),(13,24097),(14,20744),(16,13770),(17,32742),(20,5647),(21,27875),(23,35402),(24,1787),(25,16704),(26,13939),(29,25760),(30,30741),(31,18124),(34,30350),(35,17015),(37,13991),(39,3821),(41,15158),(44,33996),(48,4873),(51,3671),(53,12741),(55,29057),(57,22976),(58,28805),(59,33742),(60,9496),(61,35235),(62,4327),(65,4788),(66,8849),(68,30482),(69,4668),(71,28901),(74,29965),(75,24195),(76,21962),(78,30402),(79,11217),(80,35007),(81,7787),(83,8010),(87,16565),(88,6683),(89,17560),(90,11115),(91,8476),(92,8445)]	127.780792
351	[(0,8310),(4,20563),(8,25622),(9,15014),(11,6073),(13,34414),(14,7946),(15,17375),(18,7898),(19,14165),(20,23003),(21,28708),(22,21013),(27,34912),(28,23131),(30,36309),(32,6470),(33,3526),(35,2382),(37,3542),(38,2145),(40,22805),(41,30560),(42,1877),(43,4816),(44,23531),(45,5366),(46,35429),(47,6192),(48,7600),(50,17773),(52,19956),(53,24232),(54,205),(55,9400),(58,3295),(60,25667),(61,22311),(62,930),(63,28119),(64,34374),(69,13158),(70,32426),(71,32736),(72,1521),(74,25808),(75,35792),(76,16332),(78,13927),(81,5440),(84,12655),(86,31419),(89,7753),(90,20891),(91,19517),(92,14115)]	114.622465
352	[(0,6416),(1,4118),(2,21121),(3,13234),(4,35369),(5,1328),(7,18786),(8,3482),(9,11013),(13,34050),(17,27419),(18,24254),(19,36491),(21,23009),(24,14149),(26,11529),(28,35710),(29,1273),(34,21843),(36,29645),(38,5840),(39,8211),(42,23412),(44,9162),(45,11978),(47,15637),(50,26068),(52,2713),(53,4403),(54,24089),(55,24829),(56,8407),(58,8819),(59,2518),(61,29033),(63,19898),(65,19022),(66,17717),(70,8009),(71,11488),(72,19684),(74,8484),(75,16222),(76,28422),(77,7907),(78,32562),(80,3823),(81,21359),(83,5631),(84,20649),(85,26554),(86,1531),(87,28357),(88,22405),(90,5901),(92,11778)]	126.592438
353	[(1,19794),(5,16845),(6,956),(7,5104),(11,16240),(15,33779),(16,2494),(17,9747),(18,24046),(19,4243),(20,10658),(21,15093),(22,15718),(23,36297),(25,27057),(26,35115),(27,29067),(29,22798),(32,20891),(34,23035),(35,33062),(36,31895),(38,33260),(41,24258),(42,13785),(43,24416),(44,1916),(45,1126),(48,30167),(49,6783),(53,29918),(56,11310),(58,17287),(59,30523),(61,9104),(62,27977),(63,25785),(65,17075),(66,34193),(67,35337),(71,3331),(74,33425),(75,14739),(77,23491),(78,35608),(80,765),(83,25973),(84,4465),(85,6147),(87,18177),(88,31509),(89,21264),(91,14012),(92,31339)]	117.250604
354	[(2,951),(4,24327),(7,25073),(9,6593),(11,18456),(13,14374),(14,20060),(16,13474),(18,27535),(19,9626),(20,26570),(21,14099),(24,3794),(25,25519),(26,8677),(29,1648),(30,35770),(33,36454),(34,16464),(36,28048),(38,9244),(42,14133),(43,12566),(44,7319),(46,8759),(48,13522),(49,19655),(52,10625),(53,21335),(55,747),(57,4262),(58,26723),(59,6253),(63,60),(64,36547),(65,28790),(66,12376),(67,27470),(70,29205),(73,21234),(74,27290),(76,8761),(79,34892),(80,4167),(81,29002),(82,8498),(87,28195),(88,3132),(89,24645),(91,26561),(92,12983)]	110.515609
355	[(3,25922),(4,19719),(6,24314),(8,32311),(10,32456),(11,8370),(12,25222),(14,36302),(20,4098),(21,25774),(24,21825),(25,34760),(26,32764),(27,35159),(28,14304),(32,15123),(33,13729),(34,20107),(35,11583),(36,29813),(37,15508),(38,11972),(39,27801),(40,8702),(42,802),(43,16743),(44,33614),(47,36690),(48,21885),(49,14906),(51,22960),(52,36080),(53,4618),(56,28836),(57,29082),(58,36237),(60,22335),(61,26633),(62,28191),(64,1725),(68,4143),(69,23889),(72,11447),(73,14474),(76,17361),(77,29810),(79,25426),(80,19941),(82,30446),(83,23807),(84,14422),(92,3874)]	112.603862
356	[(1,19916),(2,30339),(3,24530),(5,21928),(6,11443),(8,1594),(9,25501),(10,11950),(11,33493),(12,22539),(13,3105),(14,24571),(15,21706),(16,9112),(17,9482),(19,21147),(20,11381),(22,36232),(23,25515),(24,24322),(26,10505),(28,2763),(29,361),(30,29534),(31,10003),(32,4242),(34,19868),(36,19505),(37,18946),(38,31139),(40,14229),(41,31190),(46,35161),(48,16554),(49,36125),(50,11654),(51,8432),(53,16947),(54,20339),(56,27040),(57,1997),(58,7284),(59,23635),(60,7691),(61,22961),(62,19559),(63,16078),(65,8015),(66,3760),(67,22640),(76,10987),(78,10588),(79,28538),(81,10760),(82,10607),(85,21848),(87,9006),(89,13607),(90,33980),(91,22844),(92,2195)]	141.407420
357	[(0,23723),(1,12095),(2,29215),(4,21427),(7,16788),(11,36676),(14,36573),(16,31427),(17,2617),(18,25586),(22,25145),(23,11095),(25,26608),(27,8307),(28,4258),(30,24984),(32,27614),(34,3106),(35,22463),(39,4188),(40,26468),(46,16515),(47,23061),(48,8237),(49,10664),(52,2573),(53,7060),(54,30171),(58,34826),(59,14289),(60,28310),(61,35953),(63,10490),(64,33239),(65,26420),(68,8751),(69,29925),(72,22357),(73,3412),(74,35169),(76,3565),(77,28130),(78,7451),(80,22348),(82,35008),(83,26432),(84,33980),(85,22844),(86,6764),(87,25607),(89,2189),(92,5853)]	118.746224
358	[(0,34877),(2,26580),(3,35851),(4,8630),(5,20548),(6,1096),(8,13228),(9,11012),(11,19314),(13,5120),(17,35064),(19,15933),(22,23419),(25,9237),(27,21857),(30,20678),(31,3493),(32,30129),(34,11491),(36,25759),(37,24147),(38,29625),(39,3781),(42,22715),(44,8907),(45,24975),(46,31353),(48,3297),(52,29964),(55,24656),(56,25004),(57,20925),(58,4195),(60,175),(61,6774),(62,14165),(63,31624),(64,23802),(65,4240),(68,17504),(69,1768),(70,17395),(71,11441),(73,34845),(74,5752),(75,26199),(76,16198),(77,21231),(80,18421),(82,34077),(83,4861),(84,5871),(86,17709),(87,8929),(88,10410),(90,19520),(91,4973),(92,11486)]	120.475790
359	[(1,4101),(3,7385),(6,32667),(8,3125),(9,22827),(10,28559),(11,10622),(12,31986),(16,2723),(17,22565),(18,8082),(19,29056),(20,35803),(22,32934),(24,23394),(27,4852),(30,10789),(31,22361),(33,16325),(36,15853),(37,11965),(38,16479),(39,12142),(41,22328),(45,11886),(49,32497),(51,20264),(52,28994),(53,108),(56,3892),(60,6587),(61,23916),(64,18925),(65,36494),(66,15644),(67,7161),(70,11116),(71,15072),(73,32953),(74,15465),(76,20106),(77,13195),(79,20901),(80,25720),(81,24551),(82,4649),(83,18255),(85,10584),(88,18997),(90,8310)]	120.375906
360	[(0,2958),(1,16644),(2,13879),(3,34919),(5,15953),(7,10071),(11,2433),(13,23867),(15,33417),(16,24797),(17,35982),(18,13160),(19,24564),(20,16131),(23,29973),(27,34212),(28,32262),(29,8543),(30,6353),(32,21458),(35,15000),(39,835),(41,20401),(42,18911),(43,8292),(44,21909),(50,36601),(54,34989),(55,12710),(56,33915),(57,12383),(59,17337),(60,36555),(61,32317),(67,4979),(69,10447),(74,19441),(75,294),(76,22646),(77,3139),(79,26489),(81,35955),(85,12348),(86,30331),(88,26836),(89,8466),(90,13089),(92,36636)]	114.298841
361	[(0,29796),(2,12163),(3,12158),(4,9221),(5,2710),(8,32760),(11,18741),(12,14411),(14,18234),(16,10606),(19,36375),(21,25099),(22,5270),(25,4956),(26,1956),(28,6867),(30,2929),(31,26276),(33,10672),(34,8811),(36,18657),(37,27470),(40,31141),(41,30023),(44,23425),(49,1564),(50,20191),(52,18526),(53,33489),(54,35469),(56,27199),(58,2405),(60,36213),(61,4314),(62,11719),(63,34308),(64,21611),(65,17111),(70,19561),(71,1231),(76,13641),(77,31568),(78,31200),(79,9591),(81,13488),(82,9379),(84,10927),(85,18483),(88,22730),(91,10756),(92,10573)]	138.998096
362	[(1,4549),(2,6551),(3,8172),(4,9642),(5,17390),(6,16228),(7,14760),(8,33338),(9,23826),(14,3331),(15,35181),(16,13072),(20,28640),(21,22950),(23,13167),(24,10390),(29,21813),(30,35835),(31,22711),(33,9246),(34,34258),(36,404),(37,15599),(38,35467),(39,24394),(41,16250),(45,26065),(46,24081),(47,9657),(48,27333),(49,34059),(51,33422),(53,15439),(54,20274),(56,2523),(57,29970),(58,12558),(59,28396),(61,21550),(62,15226),(63,19289),(64,30926),(65,13461),(68,24741),(69,19165),(70,33116),(73,18795),(79,7697),(80,2085),(84,13851),(86,35983),(87,21381),(88,33226),(89,2341),(90,4605),(92,14671)]	130.033162
363	[(0,13914),(2,5207),(5,8230),(6,10118),(8,27934),(10,12149),(11,34670),(12,15403),(17,23661),(18,30307),(21,13681),(22,23937),(23,4170),(27,797),(30,9819),(34,6081),(35,29471),(36,22097),(40,5130),(41,32430),(42,30896),(43,18988),(44,11400),(45,18356),(46,16991),(48,6481),(49,27201),(50,8717),(51,23264),(52,3525),(53,9099),(58,17312),(59,28785),(61,9061),(65,22912),(67,5923),(68,18745),(69,4829),(71,18110),(72,1009),(76,12209),(77,16969),(78,22419),(79,26320),(80,8763),(81,32229),(83,32363),(84,23538),(85,7621),(86,5712),(87,27400),(88,2418),(90,12667)]	128.017151
364	[(2,13444),(3,17148),(4,32789),(5,8331),(6,25225),(7,26817),(13,34063),(15,28307),(16,5977),(19,19285),(20,435),(21,18855),(22,19392),(24,31470),(26,24910),(27,11768),(29,631),(30,12702),(31,18065),(32,18530),(33,1530),(36,9880),(37,14710),(38,13505),(40,25470),(44,31909),(46,24176),(47,7968),(48,29619),(51,3310),(54,27525),(57,16710),(58,16335),(59,19648),(60,2251),(61,6281),(63,21334),(66,30664),(68,15163),(71,12135),(72,20480),(73,32574),(77,32676),(78,27764),(79,32959),(83,11823),(84,16786),(87,1099),(88,4280),(91,3789),(92,16001)]	155.965007
365	[(1,31995),(2,10400),(4,6958),(5,16586),(7,6616),(12,33254),(16,26096),(17,23683),(18,27081),(19,18371),(20,11923),(21,16839),(22,20258),(23,8715),(24,20723),(26,25486),(27,7810),(29,32164),(30,4470),(32,35826),(33,23110),(34,5115),(35,15798),(36,10549),(37,32641),(38,24917),(41,19225),(44,17570),(45,13522),(46,19655),(48,23150),(50,5210),(51,33112),(54,35102),(55,5564),(56,5477),(57,18666),(58,29766),(59,13551),(60,7078),(66,24950),(67,23257),(68,13437),(69,17712),(71,34362),(73,25181),(75,1244),(76,2671),(78,6146),(79,17365),(80,30470),(81,15208),(83,34591),(84,5353),(85,29209),(89,32003),(90,8677),(92,22232)]	121.352243
366	[(0,12039),(1,2369),(2,3138),(5,2756),(7,30977),(8,16906),(9,31157),(11,14860),(12,13074),(15,31795),(17,78),(20,7553),(21,18533),(22,1078),(29,8733),(36,28853),(38,2955),(39,20371),(41,15629),(42,9623),(45,31079),(47,36067),(49,12969),(50,27569),(53,14739),(55,9459),(56,25575),(57,6099),(58,3766),(59,14195),(61,16184),(63,36123),(64,21632),(67,21751),(68,30550),(72,23870),(77,6822),(79,21459),(83,31082),(85,19724),(86,1465),(88,27679),(91,8361)]	118.677797
367	[(1,16441),(3,18694),(4,2404),(6,22220),(7,1650),(8,14026),(9,36197),(10,10853),(14,35726),(15,12523),(19,404),(22,11085),(23,5589),(24,9091),(25,19343),(26,9486),(27,15398),(31,13368),(33,10078),(36,2755),(38,25081),(40,27075),(41,35439),(42,34390),(45,19173),(46,14939),(48,9910),(49,30754),(52,23208),(53,29594),(56,15837),(57,35994),(62,11721),(63,31104),(64,21599),(65,27649),(68,34793),(69,29929),(70,34709),(71,22112),(72,8331),(73,33270),(74,2989),(75,26122),(76,22262),(77,16476),(78,8837),(79,223),(82,36567),(84,30664),(85,9271),(88,3971),(91,22438)]	117.858886
368	[(0,7632),(4,12434),(6,32493),(7,18447),(12,35310),(15,8465),(16,24811),(17,23596),(20,16830),(22,35924),(23,18719),(25,13646),(27,35653),(28,20784),(32,13962),(36,5316),(38,14105),(39,23935),(40,34605),(41,29189),(42,3359),(47,14052),(48,32861),(51,10472),(52,23717),(53,19479),(56,26396),(57,20591),(58,16489),(61,33082),(63,35758),(64,17046),(65,22140),(66,6071),(68,25330),(69,782),(70,697),(72,10599),(73,25386),(74,19842),(76,28434),(81,28514),(84,17080),(85,14532),(86,1075),(87,29969),(88,23456),(89,23593),(92,689)]	140.379730
369	[(0,4894),(1,17732),(3,877),(4,26891),(7,29405),(8,6224),(11,24735),(12,30611),(13,36245),(14,33625),(15,34730),(16,4300),(18,1795),(19,18781),(21,30440),(24,31308),(25,31297),(26,32360),(27,20488),(28,12746),(32,27669),(33,4674),(36,30839),(37,3518),(38,16616),(40,3789),(43,25866),(44,29765),(46,14427),(50,1572),(52,13751),(57,33162),(60,3374),(61,12348),(63,3932),(66,2386),(68,7123),(75,25164),(77,7476),(78,33530),(80,14616),(83,22329),(84,30904),(85,30017),(86,30552),(88,4313),(91,19996)]	122.541458
370	[(1,20869),(2,36462),(4,14747),(5,2120),(7,14286),(8,1739),(9,1655),(10,11882),(13,23080),(15,34884),(16,11928),(17,27257),(20,32085),(21,33676),(22,11580),(25,29410),(26,13055),(27,3819),(30,31007),(32,36314),(35,19878),(36,23164),(37,19353),(38,27286),(40,7133),(42,4679),(43,27450),(44,9935),(47,3117),(48,24698),(49,13974),(51,501),(52,4765),(53,4684),(55,15632),(56,34487),(59,4271),(61,5752),(62,26199),(64,21791),(65,11672),(67,4607),(68,33015),(69,21174),(70,30302),(73,27834),(74,8717),(76,29145),(78,11835),(80,22039),(81,4701),(82,28400),(83,3833),(84,7102),(86,10124),(91,24092),(92,30594)]	132.409149
371	[(1,33591),(5,29595),(7,21740),(8,14798),(9,10006),(12,7861),(13,4449),(15,23561),(16,9501),(19,9843),(21,25364),(22,20643),(24,6343),(25,28053),(26,15269),(29,27984),(30,7553),(31,4703),(32,25530),(34,3843),(36,2349),(37,4096),(38,7057),(39,6050),(41,1082),(42,28327),(44,451),(45,13092),(46,33143),(50,33004),(52,34855),(54,24060),(55,34232),(56,23170),(58,21542),(61,8982),(63,24002),(64,22836),(66,13442),(67,32593),(68,34159),(69,2234),(70,28408),(71,32122),(73,21970),(75,20354),(77,36463),(79,537),(80,11021),(81,29850),(85,34170),(86,19395),(87,32027),(90,29473),(92,219)]	128.355880
372	[(0,13880),(6,3462),(7,31163),(8,28520),(10,33864),(12,33002),(13,18527),(14,8426),(17,31398),(19,24221),(20,18819),(22,14937),(23,21703),(24,13043),(25,12628),(26,27342),(27,9908),(28,3117),(29,23224),(31,26260),(32,32907),(35,6582),(37,1721),(38,28972),(39,31133),(40,4138),(43,34493),(44,12429),(45,10944),(48,18308),(49,35862),(50,9189),(52,25472),(53,28678),(55,29506),(59,20839),(60,12059),(61,31637),(62,21510),(63,29422),(64,10501),(65,14236),(67,13796),(68,17791),(69,34227),(72,15200),(74,7083),(79,3854),(83,16837),(85,6295),(86,4014),(87,30435),(89,25309),(90,24401),(91,33966),(92,33452)]	281.637624
373	[(0,18950),(2,31780),(3,30194),(4,8904),(5,17028),(6,17279),(9,24033),(10,31024),(11,4625),(12,33941),(13,11410),(15,21089),(17,953),(19,32541),(20,9563),(22,11706),(25,29606),(27,27582),(28,1444),(30,7875),(33,24472),(34,25655),(35,2002),(36,19932),(37,1302),(38,34639),(39,3324),(41,26957),(46,5120),(47,18482),(49,8597),(50,26589),(51,32749),(53,7673),(54,35320),(56,13370),(60,4859),(61,36030),(62,14812),(63,16118),(65,6534),(66,5032),(67,7873),(68,25283),(72,20436),(74,4642),(76,25318),(77,11778),(78,5540),(79,3805),(83,20594),(84,17318),(85,22839),(87,31015),(89,2821),(90,18118)]	256.187841
374	[(0,13523),(1,30385),(2,25161),(3,19511),(4,3565),(6,9018),(9,9587),(11,31881),(13,23947),(18,1261),(19,30070),(20,34072),(21,19875),(26,35461),(27,6677),(30,17978),(31,23472),(32,19813),(34,26620),(35,488),(37,30620),(39,16344),(40,16187),(42,33581),(44,29889),(45,5067),(46,34625),(47,35643),(50,2105),(52,32544),(53,21799),(54,32053),(55,4704),(56,10313),(60,25781),(61,21318),(68,5700),(69,9483),(70,12294),(71,15390),(79,1595),(85,21667),(86,35259),(87,13859),(88,14423),(90,34938),(92,32063)]	261.105565
375	[(0,35778),(2,19615),(4,26309),(5,31603),(7,19830),(11,33435),(12,13178),(13,13636),(14,24485),(15,32184),(17,20288),(20,24908),(23,7372),(25,27862),(26,30929),(28,12917),(29,22669),(33,2422),(34,34865),(38,12372),(43,29426),(45,33851),(46,22342),(47,6098),(48,32426),(52,12307),(53,29229),(56,14709),(58,6730),(59,6710),(62,1360),(63,26747),(64,28989),(65,16325),(67,35469),(68,9447),(69,3580),(70,12260),(71,257),(72,32724),(75,6231),(76,16027),(77,25323),(78,18001),(79,9699),(81,3573),(82,7726),(84,14127),(85,16049),(86,11091),(88,34639),(89,3324),(90,9754),(91,4986)]	361.374246
376	[(0,15262),(1,7575),(2,5286),(4,18293),(5,21891),(9,14820),(10,12274),(11,3507),(13,36324),(18,5290),(21,22858),(22,7619),(24,29934),(26,12971),(27,33091),(29,31257),(31,31973),(32,11829),(33,13320),(35,14975),(36,9025),(38,28337),(39,28128),(40,32408),(41,23147),(42,863),(44,4102),(46,30089),(47,19826),(48,15803),(51,29449),(52,31716),(53,35),(56,15199),(57,18366),(59,5756),(60,16073),(61,26741),(62,23510),(64,35667),(66,24451),(67,10743),(68,25053),(69,7224),(71,30548),(75,27664),(77,9920),(86,11085),(87,13828),(91,36456)]	395.856339
377	[(2,9323),(4,7266),(6,4820),(8,26809),(9,27817),(10,6746),(13,27448),(14,18164),(15,6911),(16,23793),(17,1630),(18,18979),(22,11105),(24,35394),(25,8976),(28,25206),(29,8697),(31,24004),(32,11239),(33,29104),(34,35741),(37,33500),(38,25867),(39,30525),(42,12172),(43,33931),(44,8206),(45,10488),(46,10690),(48,27034),(49,34839),(50,16664),(51,29509),(52,22104),(53,414),(55,36578),(56,13344),(60,9525),(61,22114),(62,30386),(64,11521),(65,13691),(66,2385),(67,1554),(68,18211),(70,35394),(71,20793),(72,6948),(73,7267),(75,3283),(76,25890),(78,21707),(80,32451),(81,24680),(82,21861),(83,31274),(85,28745),(87,25570),(88,3438),(89,17296),(90,15803)]	359.549577
378	[(0,17972),(2,28211),(3,33078),(7,34099),(9,19704),(12,6075),(15,12903),(19,19316),(20,21528),(21,16028),(25,24373),(27,34289),(30,23020),(31,27962),(32,29677),(34,36577),(39,13366),(41,7515),(42,30514),(44,19877),(46,3446),(47,19274),(50,5482),(51,10131),(52,7476),(53,35379),(56,500),(58,4530),(60,9341),(61,8695),(67,12598),(69,22155),(70,2597),(74,31490),(76,20488),(77,31824),(78,10362),(80,33503),(84,34849),(85,3557),(86,3798),(89,5108),(90,19598)]	392.966721
379	[(2,26148),(5,13518),(7,36334),(10,23334),(11,35238),(12,17095),(14,5197),(15,11834),(16,15052),(17,4343),(18,451),(21,27367),(22,28704),(25,20870),(26,31254),(27,4087),(28,12893),(31,1613),(32,21293),(35,29555),(36,17448),(37,18267),(38,8737),(39,30005),(42,4766),(46,1229),(49,29177),(51,18836),(54,18419),(56,3875),(58,3886),(59,33282),(60,16667),(62,4505),(65,11388),(67,34439),(68,31908),(69,5489),(70,35341),(74,691),(75,21250),(76,35932),(77,26210),(78,32339),(80,12453),(81,19212),(82,13983),(83,35232),(84,2733),(85,11514),(86,9323),(88,5544),(90,31986)]	470.507944
380	[(2,29843),(4,21156),(5,12659),(9,28474),(12,13742),(13,13337),(14,2737),(17,23216),(19,7272),(20,32910),(21,34816),(22,27986),(23,32417),(24,22128),(25,15835),(27,17876),(28,15668),(30,10171),(31,32539),(33,31281),(35,30781),(37,28104),(38,21392),(39,18658),(40,28390),(41,24838),(42,32391),(43,20019),(44,12552),(46,6019),(47,16904),(50,32148),(53,11026),(54,26675),(56,13162),(57,24028),(58,16997),(59,30847),(61,10520),(62,34735),(64,18754),(65,31216),(68,18040),(71,35622),(72,13140),(73,10523),(76,25600),(77,16601),(80,26005),(81,9638),(86,23417),(87,7584),(88,13198),(90,32720),(91,7762),(92,13003)]	522.247039
381	[(0,11752),(1,31354),(3,19266),(5,4665),(10,28675),(11,6928),(12,10785),(15,32918),(18,20443),(20,8167),(21,33816),(22,3064),(23,2421),(24,11295),(25,19553),(27,17364),(28,17647),(31,31722),(32,14795),(33,9399),(34,1894),(38,30200),(39,18282),(40,22369),(42,29530),(43,16839),(44,24057),(45,1731),(46,17726),(49,12849),(50,12456),(51,35636),(52,25374),(53,24605),(54,13111),(55,32240),(56,8113),(57,18495),(59,27832),(60,28452),(61,13639),(63,14804),(66,6067),(67,13173),(69,8059),(74,26212),(77,25349),(78,5352),(79,4565),(80,13609),(82,25272),(84,38),(87,18480),(90,32295),(91,871)]	367.919032
382	[(0,8476),(1,11653),(2,14026),(3,7994),(4,12944),(6,23961),(8,36417),(10,34313),(11,21711),(18,23621),(20,33661),(21,22925),(24,3372),(26,2248),(29,27092),(30,19014),(32,31121),(33,4634),(34,32890),(36,18685),(37,16713),(38,23909),(39,34381),(40,4897),(42,36365),(43,9930),(44,10534),(45,8249),(48,6702),(50,22484),(51,17059),(54,6799),(56,21074),(57,34531),(60,17103),(64,11311),(65,32873),(66,5164),(67,26697),(69,5460),(70,26008),(71,17530),(72,12994),(74,36611),(75,31220),(77,25481),(78,20590),(79,18599),(81,10054),(86,11700),(88,10045),(92,25936)]	318.502647
383	[(1,10291),(3,12079),(5,6088),(6,31113),(9,13953),(10,13115),(11,10027),(13,32586),(15,8223),(16,18908),(17,30851),(18,12925),(19,15750),(21,24511),(22,13531),(26,21547),(29,29448),(34,14167),(35,29075),(36,23210),(40,6876),(42,17591),(44,35451),(45,11318),(47,32875),(48,3359),(50,20135),(51,22058),(53,17506),(55,3043),(56,36149),(57,3743),(58,15801),(60,21949),(61,19601),(62,14748),(64,27731),(66,15236),(67,18087),(68,372),(69,30183),(70,8105),(72,10668),(74,7942),(75,20464),(78,2597),(79,9742),(82,32104),(84,26444),(85,18906),(86,461),(87,12479),(88,21334),(90,28472),(91,6094),(92,28268)]	311.406215
384	[(0,27732),(1,29511),(2,11259),(3,35340),(4,28343),(6,30667),(7,31871),(9,7325),(12,20544),(13,2549),(18,1584),(23,5619),(25,21090),(26,6386),(27,20886),(28,10136),(29,12861),(30,29064),(31,11156),(33,27862),(34,5398),(35,30452),(36,15372),(37,9345),(38,35875),(40,8996),(42,10624),(43,28507),(44,34576),(45,29083),(46,28931),(47,6956),(51,7238),(55,4819),(56,13631),(60,36176),(63,34347),(64,5005),(65,31101),(66,10729),(67,12300),(69,31141),(70,29278),(71,6408),(74,14984),(77,19829),(79,29911),(80,13742),(81,13337),(87,6826),(88,35728),(89,621),(90,4769),(91,14782)]	293.480667
385	[(0,1878),(4,651),(8,9618),(9,35641),(11,17684),(12,29010),(13,12053),(15,1503),(17,35120),(18,28287),(19,7306),(20,23632),(21,14770),(24,10002),(25,34874),(28,17103),(29,25393),(30,11539),(32,3270),(33,22931),(34,29269),(36,11645),(38,29339),(39,11997),(41,3251),(42,19412),(43,27177),(44,25920),(46,18627),(49,15204),(50,3994),(52,32104),(53,8801),(55,36014),(57,11441),(60,21612),(62,30329),(63,3448),(65,6722),(66,25201),(69,5382),(70,8570),(72,7911),(73,24208),(74,17667),(75,1114),(78,3188),(81,11225),(83,11293),(84,3299),(85,4984),(89,4930),(92,20602)]	194.013626
386	[(1,4261),(4,31570),(5,952),(7,25470),(8,24499),(9,14282),(11,24599),(17,28634),(18,6416),(19,14143),(20,6330),(23,20571),(26,11083),(27,2174),(28,16835),(33,24819),(34,24405),(36,4830),(39,28947),(40,31815),(42,22586),(44,16062),(46,29208),(47,2441),(48,33301),(49,12718),(50,5388),(51,36444),(52,23194),(53,16823),(54,33700),(56,2680),(58,25677),(60,30409),(61,36452),(64,12560),(65,8436),(67,903),(68,31244),(69,18358),(72,13340),(73,34489),(77,31857),(80,18606),(81,28043),(82,21089),(86,34627),(88,12306),(89,34543)]	131.855273
387	[(1,15315),(4,1067),(5,17832),(7,511),(8,25087),(9,23911),(10,33128),(12,23922),(13,27143),(16,25214),(17,9649),(19,11370),(20,6028),(24,32538),(27,13637),(29,13400),(30,1609),(38,35941),(41,23525),(42,1288),(44,34023),(45,34311),(49,29393),(52,15055),(53,32185),(55,23982),(57,13055),(59,18595),(61,25079),(63,27439),(64,8341),(67,8742),(68,34400),(71,13570),(72,35520),(74,9476),(77,5870),(79,31400),(80,23777),(84,14910),(85,24234),(86,32669),(89,3808),(90,10465),(92,7811)]	132.497521
388	[(1,10535),(2,1717),(4,8378),(11,24187),(12,24040),(15,1499),(18,969),(19,24975),(20,12838),(21,13425),(22,17079),(24,4654),(25,34767),(29,8738),(30,15814),(32,20555),(33,26142),(34,550),(35,22571),(36,30206),(37,34992),(38,21306),(41,30959),(44,10978),(45,19174),(46,26918),(50,29915),(51,6646),(53,35041),(54,27930),(56,35479),(59,34919),(64,13222),(65,36408),(67,31675),(71,28661),(73,27039),(78,17471),(79,15390),(80,34557),(81,15046),(82,10184),(83,21489),(84,27065),(85,1222),(87,8533),(89,27517),(90,20348),(91,21802),(92,27970)]	161.134273
389	[(2,2689),(3,10431),(5,24938),(6,20198),(7,7792),(10,12245),(11,26648),(13,24632),(17,27579),(18,26382),(20,18089),(21,20845),(22,31221),(23,22135),(25,30748),(26,36256),(27,35882),(28,8527),(31,34461),(33,12258),(36,17243),(38,998),(39,17247),(40,9569),(42,21672),(43,23570),(44,11613),(45,28476),(46,34972),(48,17829),(49,33188),(50,11328),(51,18569),(54,16587),(55,34221),(57,23407),(58,24086),(59,31641),(60,36247),(62,29463),(64,11355),(65,19988),(66,20576),(67,1668),(68,10178),(69,1072),(70,7991),(71,32282),(72,26104),(73,34416),(74,29158),(77,15264),(78,11883),(84,18345),(85,2307),(86,13989),(87,32458),(88,18525),(89,1033),(90,15681),(91,27103),(92,20407)]	143.039544
390	[(0,30837),(2,26980),(3,31204),(5,18580),(6,7473),(8,23252),(10,6916),(14,34726),(16,16064),(17,7581),(20,13428),(21,22786),(22,36560),(25,22215),(26,19502),(28,36260),(30,13217),(32,27260),(33,6375),(35,5942),(37,32794),(45,776),(46,23351),(47,25826),(48,5120),(51,10129),(52,34857),(53,16280),(55,34907),(56,1560),(57,33052),(58,4419),(59,4839),(60,32729),(61,2829),(62,17340),(63,21882),(64,19466),(65,10523),(66,31457),(70,32145),(72,15563),(76,20529),(77,21773),(78,30641),(79,21249),(81,5238),(82,1998),(87,23950),(89,24353),(90,35357),(91,19997)]	117.628662
391	[(0,26418),(4,11152),(5,17514),(6,20917),(7,400),(8,5237),(9,6788),(10,7855),(11,26103),(15,33940),(17,16528),(20,14908),(21,29951),(24,15319),(26,54),(28,7686),(29,15048),(30,7313),(31,32887),(32,20067),(33,29755),(34,31299),(36,13112),(37,29966),(38,4775),(39,35750),(46,12480),(47,14008),(49,23706),(50,36657),(53,6041),(54,31237),(55,14419),(56,36312),(61,35739),(63,13892),(64,21777),(65,13083),(68,32215),(72,29528),(73,23325),(76,4514),(77,7952),(79,14719),(82,35383),(83,29620),(84,20078),(85,36162),(86,9471),(87,22812),(89,35001),(90,20398),(92,21356)]	137.524160
392	[(0,5126),(1,30333),(3,33119),(4,26700),(6,36409),(7,6043),(9,14267),(11,20745),(13,4950),(14,19751),(15,29357),(16,1470),(18,27483),(19,19147),(21,27583),(22,4891),(23,5576),(24,3421),(27,9676),(29,27099),(30,27598),(31,22772),(34,28273),(38,18581),(42,29387),(43,9406),(44,19612),(45,16434),(47,7456),(49,17377),(50,29487),(51,30960),(52,23159),(53,24061),(57,14798),(59,9769),(60,16554),(61,4075),(62,30950),(63,18958),(64,4004),(65,26292),(69,32483),(71,3808),(73,32391),(74,25284),(75,35098),(76,9587),(77,15136),(78,329),(79,33488),(82,33275),(86,28670),(87,1441),(88,19909),(90,36254),(91,35669),(92,12450)]	151.749285
393	[(0,29167),(1,32476),(2,9970),(4,28854),(10,20221),(11,3968),(14,8065),(16,14648),(17,9768),(18,7784),(21,32552),(28,8780),(29,980),(30,21926),(32,36093),(33,36271),(34,24906),(36,30070),(37,22688),(39,5040),(43,32251),(44,31895),(45,19376),(46,29024),(50,25863),(51,25387),(53,1054),(57,20555),(58,13497),(61,10074),(64,2371),(70,21170),(71,33666),(72,28653),(73,34134),(74,7027),(76,11153),(77,35553),(78,2959),(80,22866),(81,12078),(82,25968),(83,34316),(84,16613),(85,24730),(88,35424),(89,403),(90,6500),(92,29190)]	120.975436
394	[(1,9999),(2,30008),(4,30813),(6,4699),(7,2652),(8,8043),(9,30224),(12,14618),(15,29130),(16,22704),(17,14207),(19,29871),(20,6875),(23,4272),(24,31870),(25,3084),(26,26228),(29,11615),(30,33157),(37,18089),(38,16183),(39,19261),(42,28208),(43,9724),(44,27904),(47,6751),(49,3758),(50,26892),(51,76),(52,35990),(53,2857),(58,17147),(61,24156),(66,14994),(67,24055),(72,1277),(73,33589),(75,7795),(76,28830),(77,36271),(82,23039),(84,32606),(87,22112),(88,8331),(89,25225),(90,10081),(91,28472),(92,25737)]	132.968506
395	[(0,15492),(3,18793),(5,29333),(7,24443),(10,28682),(11,18174),(14,34047),(17,30074),(18,25944),(19,15947),(21,7920),(22,23205),(25,12156),(26,11913),(29,9411),(30,7938),(32,23160),(33,1737),(34,26167),(35,25251),(37,13461),(42,25327),(44,8290),(45,28066),(49,21499),(50,12222),(51,10360),(53,25804),(55,31723),(56,31741),(57,17790),(59,22628),(64,26312),(66,12793),(69,13086),(70,4212),(71,3305),(75,9266),(78,20199),(80,210),(81,34347),(82,5005),(87,34854),(88,27989),(90,28035),(91,21565),(92,30795)]	134.240075
396	[(0,21908),(1,34143),(2,33057),(3,36408),(5,5382),(8,2362),(9,4816),(11,26768),(12,3929),(13,5604),(15,8905),(16,14981),(17,33470),(19,28378),(21,15420),(23,7209),(24,10234),(26,24022),(27,21878),(29,30979),(33,20252),(37,12773),(38,17461),(40,34765),(41,34155),(42,32806),(43,1153),(46,35950),(47,25894),(49,17046),(50,22140),(53,12307),(54,31942),(55,36395),(56,7908),(57,35751),(59,20545),(61,31464),(63,21374),(67,24513),(70,4718),(71,24097),(72,9662),(73,28206),(75,9925),(77,17409),(79,28188),(81,23745),(84,22625),(85,1749),(86,4410),(88,32973),(89,25957),(90,30919)]	126.271308
397	[(2,21505),(4,17719),(5,2269),(8,18128),(10,29414),(11,26097),(14,10421),(17,33423),(18,32270),(19,1634),(23,31487),(24,14001),(25,28945),(26,32990),(27,28321),(28,34066),(29,20103),(31,24624),(33,14009),(34,35986),(44,31124),(45,15913),(46,4564),(48,7496),(50,11673),(52,16500),(54,23614),(59,33942),(60,29340),(64,31752),(66,25891),(67,11086),(68,27378),(70,5541),(71,22376),(74,26535),(75,33515),(76,21666),(80,15890),(81,31617),(82,34409),(83,24281),(84,16501),(88,24182),(91,15373),(92,4664)]	140.529876
398	[(0,30391),(1,13391),(2,36361),(3,7667),(6,27738),(7,6415),(8,28959),(9,29464),(10,16806),(11,8427),(12,31192),(14,4253),(18,8934),(21,24702),(22,14658),(23,36266),(24,21532),(25,4375),(26,1340),(27,13308),(28,31663),(29,28061),(30,36722),(31,12982),(32,28311),(34,12485),(35,7125),(36,18038),(37,20171),(38,14937),(40,10839),(41,20457),(42,2859),(44,6864),(45,26025),(47,1565),(51,18084),(53,24479),(54,2042),(55,670),(56,17445),(59,7361),(63,5477),(65,20410),(66,13761),(67,1615),(68,7878),(70,15730),(71,28231),(73,2533),(75,30952),(76,35378),(80,19770),(81,18836),(83,17852),(85,3085),(86,7019),(87,19630),(90,9155)]	170.612008
399	[(1,23423),(2,15380),(6,9356),(7,20691),(8,1326),(10,25318),(11,11778),(12,5540),(13,33785),(15,22394),(17,25801),(18,29388),(20,19143),(21,16454),(24,6006),(27,27646),(30,17451),(31,4186),(32,4659),(33,27843),(35,2150),(38,13497),(41,19725),(42,15757),(43,32484),(46,29674),(47,18447),(49,12700),(51,6312),(52,11213),(53,9482),(55,31285),(56,26810),(59,28818),(62,25096),(63,15333),(65,12501),(66,35953),(69,10178),(70,31865),(71,7786),(72,16771),(73,13573),(75,11579),(79,21363),(81,29749),(82,28163),(85,4167),(86,10378),(87,28555),(88,4493),(91,6803),(92,35649)]	158.581148
400	[(0,5136),(1,36694),(2,31260),(3,34082),(7,18395),(11,26450),(14,21657),(15,24542),(17,28411),(18,33147),(21,15376),(24,27486),(30,14239),(31,26813),(32,14420),(33,30566),(35,9808),(36,28664),(37,18327),(38,28855),(43,2739),(45,32982),(46,26407),(47,14843),(48,12383),(49,37),(51,8040),(52,15651),(54,19106),(56,36202),(57,26348),(58,24787),(63,3340),(64,34307),(65,7769),(67,3516),(68,24420),(71,30326),(73,9930),(75,13315),(77,18482),(79,1872),(81,18601),(83,16790),(87,23118),(89,39),(90,22601),(92,20968)]	129.511122
401	[(0,35150),(1,17649),(3,19643),(5,11609),(6,22884),(7,6518),(10,21854),(11,25044),(12,20430),(13,28073),(15,16867),(17,23613),(19,2312),(20,18719),(21,34063),(22,6425),(26,15707),(30,24212),(31,33716),(35,20568),(38,10228),(41,8326),(42,29771),(43,16200),(44,34867),(47,28178),(49,10882),(50,8512),(53,30604),(56,4713),(57,16378),(58,20427),(59,24253),(60,9716),(62,26531),(63,4915),(66,8214),(67,20058),(68,10220),(70,30079),(71,19354),(72,20623),(73,24783),(74,15808),(75,13831),(77,21406),(78,6410),(81,2298),(82,2070),(83,18449),(84,9791),(86,32977),(88,4883),(91,16071)]	136.931274
402	[(3,12311),(4,12152),(6,9139),(7,17113),(8,32923),(9,31241),(10,11185),(11,28873),(12,15646),(14,25040),(17,13418),(19,2494),(24,33105),(25,30758),(26,34057),(27,36577),(29,12642),(30,9202),(31,27280),(38,30669),(40,30600),(42,7468),(44,22249),(45,32307),(46,10858),(49,16726),(50,35030),(54,26292),(55,14446),(56,33891),(60,29031),(62,17120),(64,7990),(65,30647),(67,26736),(69,932),(70,3617),(71,16807),(72,2803),(75,259),(76,1864),(77,35171),(79,33279),(81,16327),(84,6703),(87,25698),(88,17109),(91,25294)]	144.654736
403	[(0,24901),(1,30106),(2,31969),(3,34918),(4,28887),(11,35231),(12,12784),(13,4968),(15,10722),(18,24304),(19,34668),(21,18989),(22,31774),(25,28537),(26,32769),(29,16389),(31,22309),(32,11262),(33,16977),(36,32188),(37,1675),(38,28350),(39,25846),(41,3470),(43,14359),(44,11197),(47,34633),(49,25435),(50,1665),(51,1273),(52,35797),(54,29600),(55,13348),(57,36082),(59,25463),(61,24607),(62,5445),(63,22481),(68,2894),(69,20262),(70,33311),(71,22531),(72,13336),(74,8174),(75,26605),(80,13965),(81,7502),(83,3750),(84,25039),(89,14824),(90,1963),(92,16675)]	146.686059
404	[(1,20552),(3,22243),(4,15724),(5,30084),(9,21191),(14,22865),(15,10052),(18,8985),(21,18326),(23,11233),(24,34842),(30,26933),(31,8283),(34,12348),(35,30331),(37,26836),(38,9466),(39,13274),(41,34942),(42,30218),(44,26748),(45,14164),(46,17576),(47,1910),(48,22317),(49,21073),(50,9250),(51,27220),(52,31195),(53,11850),(54,5765),(56,25906),(57,17792),(58,12972),(59,28347),(62,11709),(66,2868),(68,28851),(69,29197),(70,36714),(71,17628),(73,15505),(74,4324),(75,15200),(78,21937),(83,18699),(84,31116),(86,15831),(88,34303),(89,21120),(90,24345),(92,566)]	132.911116
405	[(3,29858),(4,17711),(9,17154),(10,7253),(11,11303),(12,30508),(13,25999),(15,12476),(19,22360),(20,31298),(21,2074),(22,25951),(27,30698),(28,4724),(30,36617),(31,10274),(34,12796),(35,27198),(38,16161),(40,22917),(42,25663),(44,14686),(45,27736),(46,12575),(48,9730),(50,20274),(51,25778),(53,23698),(54,9078),(57,19281),(59,29849),(60,34830),(64,36361),(65,30554),(66,7058),(68,33324),(69,17497),(70,7607),(71,3947),(72,22187),(73,14907),(77,4365),(80,24684),(82,34616),(88,386),(89,33558),(90,25593)]	132.355474
406	[(2,21987),(3,26468),(6,18416),(8,26191),(9,9291),(14,31329),(15,34580),(16,34540),(17,12083),(18,9047),(21,14651),(22,31525),(23,4913),(25,35326),(28,24440),(31,17033),(32,33298),(35,31430),(36,29529),(37,6024),(38,20033),(39,10412),(40,36479),(42,30550),(45,32483),(49,22658),(51,35189),(52,29642),(54,17302),(55,3731),(56,33448),(57,27390),(58,29607),(60,33870),(63,550),(65,4392),(68,11820),(73,4257),(75,4125),(77,24956),(78,22425),(79,14873),(81,24562),(82,5692),(86,8098),(87,16762),(88,13439),(91,22050)]	141.478265
407	[(1,25523),(3,15245),(4,27607),(6,34298),(10,10339),(12,31823),(15,1384),(17,26630),(18,35213),(19,15348),(20,25776),(21,8830),(22,32625),(23,4297),(24,23535),(25,19549),(26,23395),(29,5626),(33,19949),(35,11234),(37,14266),(38,21090),(41,13780),(42,1099),(43,4935),(45,27624),(46,34176),(47,11883),(48,1260),(49,5171),(50,35144),(53,21557),(54,23593),(57,19069),(59,7204),(61,5852),(64,5014),(66,27439),(67,8341),(69,11814),(71,2798),(72,6450),(74,20939),(75,7512),(78,3255),(80,17139),(81,13072),(82,29347),(83,9221),(88,22997),(89,7296),(92,26835)]	141.019957
408	[(2,34099),(4,26425),(7,36582),(8,29451),(9,12847),(10,2514),(13,6787),(14,3973),(15,2850),(17,21945),(18,16919),(19,5602),(20,4547),(22,23665),(24,4126),(27,26296),(28,6420),(29,28065),(31,33083),(32,7756),(33,32083),(34,5788),(36,9166),(37,17508),(38,28735),(40,27502),(41,279),(44,26487),(45,23382),(47,26704),(48,24179),(49,34153),(50,18228),(51,13398),(54,33062),(55,32021),(56,25906),(57,30383),(59,27628),(62,20870),(63,27661),(64,30425),(66,6723),(68,1516),(70,36473),(72,21369),(73,7831),(75,1488),(76,19595),(83,36073),(85,11182),(91,1652)]	123.145838
409	[(1,3952),(2,29159),(5,15216),(8,31562),(10,30603),(12,7517),(14,2904),(15,32419),(19,22590),(20,24720),(21,6528),(22,29439),(24,18618),(26,258),(28,28746),(30,23754),(31,751),(32,8026),(36,10908),(38,21565),(40,33851),(41,5852),(43,3653),(45,21670),(47,22776),(48,30749),(49,32134),(50,6049),(51,29997),(52,441),(53,35454),(55,15298),(57,2934),(61,34381),(62,23810),(63,14858),(65,29919),(66,31855),(71,35061),(72,33963),(73,5595),(74,2894),(75,7173),(78,35111),(79,19908),(80,23590),(82,312),(83,32712),(87,25600),(88,1955),(92,3428)]	137.343819
410	[(3,4289),(9,13211),(10,2410),(11,20670),(12,16529),(17,7431),(18,6303),(19,27492),(20,12891),(22,33549),(23,34312),(24,6718),(27,18561),(28,29492),(29,22147),(33,20403),(40,32811),(41,3948),(42,19011),(45,21775),(47,9157),(49,10186),(54,26908),(57,31795),(58,14173),(59,2580),(60,25844),(61,9636),(67,29145),(70,33859),(71,24111),(73,33396),(75,15936),(76,18408),(77,1181),(79,13983),(80,35232),(81,5919),(82,26441),(84,29792),(87,15812),(88,18589),(89,30506),(90,19846),(92,58)]	124.063913
411	[(2,9703),(3,30953),(4,11524),(8,15176),(9,21518),(10,10963),(11,8469),(14,15278),(15,19303),(16,12711),(17,29286),(19,13507),(20,7906),(21,20703),(22,5279),(24,13007),(26,285),(27,382),(31,14739),(34,7497),(36,23620),(40,35573),(41,2769),(42,12640),(43,28206),(44,11692),(47,29772),(49,16913),(50,10079),(52,8676),(53,31002),(55,19998),(57,13136),(59,5632),(61,26770),(63,27593),(64,36177),(66,19949),(68,34225),(70,36468),(71,26436),(72,12688),(73,1337),(75,21113),(78,4935),(79,13993),(80,31871),(83,12650),(84,20623),(85,24783),(87,9571),(88,5342),(89,16251),(92,9375)]	120.935897
412	[(0,14694),(4,23305),(8,29397),(10,11681),(12,7362),(13,2222),(14,29061),(16,26450),(18,4638),(21,24992),(25,6934),(27,33277),(28,11147),(29,32045),(31,7303),(33,23970),(34,32110),(36,31654),(37,22775),(38,9566),(39,15255),(42,26372),(44,23604),(48,19530),(50,35824),(52,24068),(53,10930),(54,6383),(57,23362),(58,22113),(59,10877),(63,14007),(65,29704),(66,16392),(70,18116),(71,18029),(73,33326),(80,34650),(81,452),(82,22384),(83,33391),(85,2540),(86,35733),(87,18260),(89,28446),(90,6494),(91,32714),(92,12726)]	116.382851
413	[(1,35878),(4,1782),(5,12971),(7,4568),(8,5837),(9,17499),(10,35318),(11,19848),(14,20508),(15,30730),(16,24791),(17,30409),(20,28765),(21,5732),(22,17904),(23,13860),(25,32385),(27,13674),(29,30897),(30,24974),(31,32114),(33,18767),(34,29828),(38,35063),(40,30346),(45,11490),(48,13776),(51,26029),(52,33189),(53,3367),(55,32816),(56,29991),(57,11357),(58,10554),(60,13542),(62,28625),(65,25839),(67,13000),(68,1606),(69,32448),(70,13433),(71,907),(72,33251),(74,21865),(75,18079),(78,31052),(79,20372),(80,24926),(81,14342),(82,16242),(83,29190),(84,1204),(85,32799),(86,15791),(89,18968)]	127.620261
414	[(3,30213),(4,25550),(8,12011),(9,5307),(19,23839),(20,14980),(21,32389),(22,1979),(24,28722),(26,21151),(27,13525),(29,33501),(32,23804),(33,7271),(34,32684),(35,15341),(36,24792),(37,13636),(40,8734),(43,30764),(45,20787),(46,19214),(48,11664),(50,18386),(52,28968),(53,23727),(54,27931),(55,15124),(56,694),(59,32548),(60,30175),(61,2145),(65,21687),(66,35142),(67,16626),(70,2558),(71,29012),(74,26481),(75,34210),(76,17966),(79,29443),(81,33977),(82,12967),(84,9953),(85,22909),(86,24736),(87,6182),(88,27178),(90,3343)]	116.720996
415	[(1,14622),(2,2150),(3,31196),(5,29924),(7,24987),(8,18662),(10,25031),(11,15774),(13,24370),(14,3342),(15,22822),(16,8419),(17,3262),(19,34422),(20,19115),(23,13539),(26,10312),(28,11331),(30,6321),(31,15714),(32,29001),(36,16023),(37,24331),(38,34500),(39,12588),(40,8501),(42,1162),(43,16668),(44,4439),(50,1252),(51,10959),(52,34590),(53,18866),(56,24807),(57,11109),(59,23675),(61,35530),(63,405),(65,2734),(66,3063),(69,4687),(70,28266),(71,27664),(75,7366),(77,32268),(78,12041),(79,4790),(81,11571),(82,2754),(83,14661),(85,23268),(89,12981),(91,17327),(92,23828)]	139.179271
416	[(1,26371),(2,15288),(3,35617),(5,22477),(7,10709),(10,34203),(11,32247),(12,27075),(13,16474),(14,13231),(15,31965),(16,291),(17,17911),(19,33259),(20,10595),(21,6668),(23,23662),(26,12870),(29,8465),(30,16688),(31,9862),(33,36613),(36,20075),(37,11586),(38,10633),(42,4292),(43,9003),(44,18793),(46,18712),(47,15217),(48,17027),(49,32896),(51,9040),(61,16725),(64,28790),(65,16584),(66,27170),(67,26637),(68,19229),(69,16672),(70,20977),(71,17945),(72,14850),(73,19002),(74,28086),(75,14412),(77,12952),(80,24742),(82,9914),(84,1368),(85,27561),(86,10359),(88,35865),(90,25184),(91,7240),(92,6749)]	121.505862
417	[(0,17464),(5,18410),(6,5470),(7,847),(11,28183),(12,7178),(15,3290),(16,9833),(17,30521),(18,11775),(20,13064),(22,23420),(23,9647),(24,6582),(29,18243),(30,8299),(33,27618),(34,16457),(35,30745),(36,19669),(38,20119),(39,5657),(44,13587),(46,25124),(47,29718),(55,22494),(56,20593),(57,9822),(59,3083),(61,29213),(62,34935),(64,8508),(65,16738),(66,23834),(67,6079),(68,35597),(69,34294),(73,6311),(74,26239),(75,34967),(76,17685),(78,25142),(80,4481),(82,25352),(83,29201),(84,9956),(85,22491),(87,10262),(89,28149),(90,8364),(91,23352),(92,6117)]	125.771517
418	[(0,22238),(3,7518),(4,34703),(7,31998),(10,22811),(11,21624),(12,4211),(13,33339),(16,9964),(17,19728),(18,31845),(19,10047),(26,34884),(27,35228),(28,26009),(30,16925),(31,8927),(32,29440),(33,13178),(34,21991),(35,1281),(36,33288),(38,7017),(39,3589),(40,11004),(41,32009),(43,12887),(45,23107),(46,34018),(48,30102),(49,21503),(50,18283),(52,11272),(55,28947),(56,23246),(57,13566),(58,25876),(59,33683),(60,18287),(62,28521),(63,23914),(64,32585),(65,15526),(66,3877),(67,1779),(68,21686),(69,21309),(73,35010),(74,13243),(79,21096),(81,17141),(82,6297),(83,6781),(84,4772)]	114.577212
419	[(0,27028),(2,29636),(9,33287),(10,29309),(11,36120),(12,4985),(13,14093),(15,33628),(17,26949),(18,12993),(19,10133),(20,8447),(22,3093),(23,8753),(24,27090),(27,10041),(28,20664),(32,15584),(36,33726),(37,36146),(38,21076),(39,8802),(41,24763),(43,12729),(44,19726),(49,11176),(51,25940),(55,18194),(56,15443),(61,14384),(64,24296),(67,15542),(68,21738),(69,11671),(71,28645),(72,25387),(77,9661),(78,25090),(79,10213),(80,16371),(82,35350),(83,8463),(84,35420),(85,21065),(87,21119),(91,22387),(92,4925)]	108.976733
420	[(0,35834),(3,1050),(4,13605),(5,29273),(8,5714),(10,19134),(12,22212),(14,2193),(15,29487),(16,6926),(18,14273),(21,23627),(22,7029),(24,27556),(29,23895),(30,34115),(31,20223),(32,199),(33,21987),(34,10590),(35,13116),(37,21871),(38,9772),(39,3137),(41,11934),(42,21065),(45,8029),(46,13987),(47,25261),(49,2879),(53,21139),(54,8151),(55,21168),(57,15896),(60,228),(61,2535),(64,20802),(65,32207),(66,13513),(70,18556),(71,32278),(72,34565),(75,13509),(76,36217),(77,14657),(79,35065),(82,14411),(83,17592),(86,22111),(87,4822),(88,33550),(90,13503),(91,26087),(92,23598)]	109.896534
421	[(1,15912),(2,22398),(3,2037),(6,35161),(7,9461),(8,21023),(10,3898),(11,31066),(12,15218),(14,28719),(17,14192),(20,9338),(21,25980),(22,2009),(23,21340),(25,31313),(26,6012),(27,14674),(30,10629),(31,14449),(33,4871),(37,21398),(38,5093),(39,30972),(41,806),(42,16234),(44,34694),(45,8220),(46,9671),(48,18710),(51,15820),(53,35755),(54,5897),(59,26156),(60,13122),(62,5389),(63,23581),(66,22424),(68,5113),(70,36012),(71,21319),(72,16152),(73,26129),(74,6951),(76,3710),(77,24043),(78,35453),(79,4319),(80,14185),(82,25082),(83,2625),(84,17289),(85,14129),(86,18895),(87,20272),(88,9144),(89,35531),(90,5003)]	113.153769
422	[(0,36644),(2,12331),(3,18603),(5,27092),(6,19014),(7,1017),(9,4157),(10,32323),(11,3406),(13,3103),(14,21724),(15,3720),(17,9264),(18,3105),(20,12073),(21,34066),(22,20019),(27,25904),(30,10714),(31,4174),(33,18450),(35,2281),(36,10992),(40,30336),(41,7794),(43,19913),(46,33481),(48,7026),(50,27476),(52,6365),(53,34053),(56,18180),(58,32813),(59,32518),(60,5794),(61,35276),(62,34318),(63,8285),(64,3085),(65,14387),(66,14852),(67,10529),(68,23697),(69,10995),(72,28302),(73,14471),(75,22465),(76,24455),(79,20014),(81,21813),(82,11747),(84,27035),(85,23254),(86,15328),(91,4902)]	123.309592
423	[(6,4446),(8,36181),(9,16831),(12,11878),(13,4436),(17,10697),(18,26452),(21,4837),(22,12389),(24,13354),(27,32094),(30,30988),(33,24185),(34,34915),(35,35349),(36,22559),(37,4385),(40,29682),(43,30139),(44,2253),(45,32176),(46,4827),(49,10092),(51,12471),(54,33565),(55,3275),(61,21987),(62,17812),(64,9782),(65,8086),(68,26691),(69,30122),(72,35793),(73,35002),(76,13585),(77,33942),(79,17417),(81,16384),(86,30059),(87,33041),(88,8855),(90,27982),(91,10975),(92,33317)]	133.859848
424	[(1,24290),(4,30318),(5,14710),(9,22463),(11,2023),(12,1774),(14,32120),(16,2187),(17,33424),(19,23277),(20,23803),(22,15011),(24,33068),(25,1674),(28,25788),(30,33616),(31,35843),(32,7918),(36,21265),(38,213),(41,5476),(43,22641),(44,17538),(45,16716),(48,19583),(52,19827),(56,25226),(58,162),(59,21500),(60,21052),(63,23443),(66,24934),(68,27044),(70,16190),(71,8264),(73,6641),(75,28812),(80,23202),(81,22949),(82,22096),(87,589),(89,132),(90,13881)]	138.805404
425	[(0,23973),(2,5960),(4,35217),(5,24996),(7,11041),(8,21242),(9,19425),(11,18616),(12,11502),(13,30758),(15,36710),(16,22493),(17,27233),(19,15053),(21,2365),(24,26045),(25,36018),(27,25630),(30,8992),(31,32651),(32,1006),(33,34178),(34,11121),(35,11581),(36,21963),(38,22542),(39,4438),(40,18188),(41,24711),(42,5516),(43,4599),(46,25463),(47,451),(48,13092),(53,35551),(54,34707),(55,22607),(60,4855),(61,14283),(62,12850),(63,29457),(65,39),(67,14133),(68,6333),(70,25637),(72,32306),(73,4478),(74,924),(75,29732),(76,29111),(77,25508),(78,876),(82,30208),(84,30971),(85,35031),(86,618),(88,30479),(90,3585),(91,21104),(92,5612)]	123.351492
426	[(0,3414),(1,25438),(2,27879),(3,23456),(5,35375),(6,2399),(8,27176),(9,10561),(10,28603),(11,3373),(13,5264),(16,1209),(18,8081),(19,27520),(20,10726),(22,14237),(23,22726),(24,2154),(26,10227),(27,3487),(28,6304),(30,26649),(31,36425),(32,16394),(33,27090),(35,26352),(37,9905),(39,6017),(43,25775),(44,1752),(47,16996),(48,887),(50,7664),(51,29684),(52,27440),(56,3428),(58,26133),(60,15959),(62,35125),(64,6324),(65,8031),(66,23925),(67,25569),(69,21145),(70,1898),(73,36526),(78,22139),(80,29851),(82,5440),(88,26685),(89,5418),(91,29590),(92,33409)]	118.629045
427	[(1,23482),(2,8788),(3,10269),(8,9588),(9,3894),(11,9643),(14,29292),(18,27365),(19,10026),(21,11489),(22,18530),(23,10892),(26,14032),(27,6364),(28,31809),(29,23457),(30,6051),(31,29877),(34,32804),(35,14112),(36,6963),(38,4510),(39,32696),(40,31473),(41,4301),(42,14946),(43,10634),(45,10750),(46,24245),(47,5049),(53,35788),(55,14369),(57,12845),(58,7131),(59,2388),(63,27582),(65,459),(66,11197),(67,23353),(69,6472),(70,7320),(71,30906),(76,22871),(78,1668),(79,10178),(80,1072),(83,24785),(86,17429),(87,33335),(88,21539),(89,14408),(90,5146),(91,21220),(92,12708)]	113.849389
428	[(0,15649),(2,21047),(3,27475),(4,10861),(6,13195),(8,33560),(10,31649),(11,17584),(12,9748),(14,15846),(15,35553),(16,12283),(17,29908),(18,31565),(19,15473),(21,30114),(22,28955),(24,13091),(26,10151),(28,13334),(32,26415),(37,178),(39,10434),(41,27982),(42,10218),(43,2162),(48,13982),(50,5451),(52,5633),(53,36183),(54,23564),(56,5240),(57,22047),(61,2943),(62,2529),(63,32700),(66,3007),(67,20611),(68,36366),(70,20292),(71,15627),(72,31913),(73,31363),(74,36583),(75,22200),(76,36126),(77,10127),(79,20439),(80,19857),(81,32750),(83,1228),(84,29354),(87,34998),(89,11302),(92,21759)]	107.973996
429	[(4,15450),(5,8000),(8,19561),(10,16844),(11,19935),(12,20119),(13,23236),(15,29309),(16,32794),(19,25539),(20,33602),(23,12095),(24,29215),(29,6488),(31,19050),(32,35750),(35,17755),(40,35788),(41,24812),(42,13799),(43,16561),(45,13902),(46,5222),(47,35327),(48,32654),(49,21326),(51,21302),(53,2196),(54,29112),(55,27988),(56,30485),(58,36197),(59,10853),(63,29682),(64,5362),(65,24311),(69,16969),(70,36346),(73,26679),(75,18225),(76,11440),(77,5496),(78,32740),(79,13038),(81,3102),(83,23080),(84,33511),(85,11630),(87,26078),(88,31121),(91,4247)]	111.696566
430	[(2,7808),(4,16957),(7,20278),(8,35668),(9,32674),(10,16996),(11,31185),(12,34245),(13,16985),(14,35544),(15,16358),(16,23775),(17,18026),(19,34039),(24,32838),(25,9931),(26,26223),(27,4843),(29,5407),(30,2934),(33,31395),(39,9100),(46,24496),(47,6359),(48,7936),(49,30953),(50,26755),(52,19856),(53,24363),(56,25951),(60,17245),(62,30971),(63,12492),(64,23374),(65,35687),(66,8381),(67,13),(68,4109),(70,274),(71,23707),(75,29047),(76,7101),(77,27472),(78,26000),(79,5747),(80,15812),(81,18589),(83,7545),(84,19969),(88,1081),(89,31905),(91,28427)]	119.844382
431	[(0,30030),(1,5995),(5,34350),(6,19899),(10,31993),(14,21706),(15,21761),(19,7107),(20,24300),(21,13086),(22,5751),(23,30491),(24,36608),(25,889),(28,25338),(29,31491),(32,23459),(35,34161),(36,22988),(39,17938),(40,30159),(41,4303),(42,27416),(43,25025),(48,9780),(51,28788),(53,6622),(54,26400),(57,2569),(59,19767),(60,1674),(61,7484),(62,22845),(63,16606),(64,25027),(66,21984),(70,13202),(73,12402),(74,7753),(75,434),(76,22593),(80,2682),(81,34528),(82,5809),(84,21831),(85,11698),(86,11561),(87,27654),(88,36723),(91,6816)]	110.676884
432	[(0,1266),(1,4750),(2,18428),(4,28627),(5,31549),(6,2592),(8,12190),(11,36211),(13,4441),(14,6938),(16,587),(17,22844),(18,2195),(19,1150),(21,26230),(23,3289),(29,16268),(33,27993),(34,12859),(40,30844),(41,21554),(42,9730),(47,17970),(49,24219),(50,859),(51,28443),(52,15017),(55,27736),(56,34433),(57,25854),(62,29668),(63,24427),(64,17858),(65,23759),(66,3355),(68,16478),(69,31245),(71,35933),(72,7234),(73,380),(74,19959),(75,33585),(76,32175),(77,20765),(79,35439),(80,16279),(82,24444),(83,7657),(84,27361),(86,4960),(87,27468),(88,11285),(89,20401),(90,23230),(91,10698)]	138.686784
433	[(1,590),(3,10011),(4,25335),(5,18687),(8,32215),(10,6296),(11,9716),(12,1371),(13,17694),(15,31654),(16,20074),(17,26240),(18,10033),(19,17698),(20,4091),(22,389),(23,20989),(24,36421),(25,20419),(27,35597),(29,32149),(30,3315),(36,18884),(37,25723),(40,10829),(42,4822),(44,27773),(46,19437),(50,21217),(52,5680),(53,34421),(55,15582),(60,15478),(61,10920),(62,5195),(63,239),(66,29508),(67,34250),(68,26591),(69,27990),(71,21055),(74,9038),(75,5835),(76,29896),(78,36169),(81,30202),(82,20716),(83,15002),(84,9372),(85,28506),(87,4587),(89,14149),(90,931),(91,10278)]	120.169167
434	[(0,3404),(2,20088),(3,13866),(5,12240),(6,8468),(7,21888),(8,7547),(9,25597),(10,34221),(11,33726),(12,36183),(13,22055),(15,30444),(16,27252),(19,2462),(20,16246),(21,25903),(25,27844),(26,34725),(27,36338),(30,7697),(31,2086),(32,26414),(33,22732),(34,13649),(35,31271),(36,25945),(37,22808),(38,8648),(39,13031),(40,596),(43,26488),(44,35431),(48,16992),(49,2590),(52,1572),(54,13751),(56,7045),(57,20426),(58,8819),(60,12062),(62,17524),(66,17534),(67,21549),(68,9658),(69,14522),(70,2636),(73,33822),(75,6314),(77,1822),(83,25408),(85,12962),(86,27238),(87,18022),(89,23726),(90,14723),(92,32073)]	118.682403
435	[(0,2361),(2,30821),(5,19851),(6,33680),(7,3220),(9,439),(10,23782),(11,1128),(12,10194),(13,17165),(14,16006),(16,34781),(19,25842),(20,12495),(21,1648),(22,20656),(23,32473),(24,7028),(25,9667),(26,29028),(30,2802),(31,29307),(32,26277),(35,14146),(37,17610),(40,15833),(41,10681),(42,28460),(44,3736),(45,35163),(46,18626),(47,11856),(50,36656),(51,5844),(52,87),(53,32756),(55,30048),(58,30925),(59,26509),(60,1276),(62,22883),(63,25171),(64,13549),(67,16782),(69,23734),(70,36717),(71,24891),(72,25952),(73,10873),(74,36589),(75,10150),(76,31141),(77,6010),(81,6939),(82,30024),(85,7067),(86,872),(88,2301),(92,6555)]	121.031126
436	[(1,34013),(3,483),(6,27907),(8,28364),(9,3163),(15,8260),(16,28137),(19,32497),(22,17668),(23,4342),(24,31041),(25,13141),(26,20448),(28,514),(29,29800),(31,14962),(33,3003),(34,20296),(37,25198),(38,18146),(43,27818),(44,2196),(45,19124),(46,19125),(48,17900),(49,2970),(50,25170),(51,33613),(52,10914),(54,20636),(55,27009),(58,10435),(60,18116),(64,30060),(67,6128),(68,5843),(69,33173),(70,19791),(72,21212),(76,11271),(77,12603),(78,5542),(81,15128),(82,11048),(83,27141),(85,5293),(86,6080),(89,7227),(90,515)]	111.815747
437	[(0,34890),(1,6559),(5,29304),(7,32628),(8,22556),(11,30995),(12,15905),(13,2129),(16,26031),(18,19396),(19,28880),(20,10517),(22,29386),(24,4654),(25,34767),(27,26468),(28,22837),(29,36061),(30,14367),(31,13816),(33,27963),(34,1016),(36,13497),(39,10074),(40,34593),(41,14863),(42,7324),(45,2495),(46,7165),(48,29557),(49,11969),(50,348),(53,17544),(54,6721),(56,33299),(60,27997),(62,11347),(63,20159),(64,2741),(65,34159),(67,4744),(68,22859),(69,22675),(73,32234),(74,7817),(75,463),(76,1086),(78,26534),(81,5708),(82,11989),(83,14020),(84,25185),(85,21622),(87,29881),(88,19159),(89,35896),(90,17750)]	110.656443
438	[(0,23423),(1,23011),(2,15381),(4,11167),(6,19134),(10,6622),(11,26400),(14,34869),(15,35499),(16,22260),(17,1658),(19,4906),(20,7201),(21,10796),(22,15718),(24,33322),(30,17912),(32,7408),(37,14),(38,7208),(40,14344),(49,20474),(51,20957),(52,9790),(53,33734),(54,2256),(58,7919),(59,15799),(60,10620),(64,29795),(65,34425),(66,9674),(67,18263),(68,25225),(69,25663),(70,8313),(71,26010),(72,2286),(73,21914),(76,13414),(79,10203),(81,34834),(82,25670),(88,1594),(89,14093),(92,6314)]	118.927002
439	[(0,29910),(3,2869),(5,22281),(7,13750),(8,27519),(9,31543),(11,31324),(12,321),(13,19231),(15,17796),(16,7794),(17,4463),(18,18976),(21,34663),(22,19197),(23,12453),(24,19212),(25,19579),(26,7655),(27,13232),(29,25927),(30,26395),(31,8633),(33,31616),(34,6098),(38,11908),(40,35947),(41,1440),(44,22304),(45,25526),(46,27938),(51,3357),(55,22862),(58,10405),(59,9650),(60,31608),(61,36017),(63,30786),(67,16925),(68,33770),(69,21818),(71,407),(72,7840),(74,27153),(75,30861),(76,3577),(77,13850),(78,24027),(79,34722),(81,26616),(82,4288),(84,19421),(85,16629),(87,22734),(88,6798),(89,19999),(91,10798)]	129.316713
440	[(1,1853),(2,12555),(3,20102),(8,32893),(9,30064),(10,24376),(11,10581),(13,16742),(14,30808),(15,27779),(19,12928),(20,18636),(21,18131),(22,25202),(23,16313),(24,12250),(27,24132),(28,13351),(29,13136),(31,32967),(32,2899),(36,31721),(38,14078),(39,21221),(40,1993),(41,36529),(42,13417),(43,5859),(44,33880),(46,34812),(47,21401),(49,18331),(50,21224),(51,36385),(52,17924),(53,4288),(54,33664),(55,36200),(57,33439),(59,19237),(60,18759),(61,21085),(62,28965),(64,20545),(65,36182),(69,1567),(71,9696),(73,5038),(76,17222),(78,5659),(79,4437),(80,22585),(82,22184),(83,27672),(85,6812),(86,20809),(89,34807),(90,8349),(91,22103),(92,9339)]	118.972850
441	[(2,18203),(5,18642),(6,32852),(10,28898),(12,16592),(13,8660),(14,6174),(15,12920),(17,24347),(18,31441),(19,13613),(20,237),(22,35178),(27,11206),(28,22809),(30,1888),(32,11505),(35,10126),(36,29373),(40,5832),(42,3475),(43,1423),(48,25817),(49,14302),(50,17132),(52,18020),(54,26726),(55,9390),(57,1883),(58,36310),(59,27547),(62,14018),(65,17604),(66,21265),(70,13344),(74,14438),(75,17772),(77,1586),(78,24393),(79,23007),(80,4751),(81,15090),(82,28087),(84,17353),(88,4328),(89,31971),(90,9660),(92,26026)]	136.253406
442	[(0,33826),(1,13473),(2,23676),(4,25396),(8,14646),(9,33817),(10,8719),(11,1823),(13,28345),(14,17516),(15,405),(17,36146),(20,25257),(21,1006),(22,34178),(26,34913),(28,11075),(31,15334),(32,13310),(33,29150),(34,16381),(36,1182),(37,11598),(40,31153),(41,5164),(43,1607),(44,1627),(46,4170),(53,5178),(54,7163),(55,14692),(56,9981),(57,22483),(58,32965),(60,13845),(62,14795),(64,34995),(65,13572),(67,26104),(68,33358),(69,2510),(72,34959),(73,1788),(74,31092),(77,15301),(81,9896),(83,36153),(84,17413),(85,8224),(86,8522),(87,33109),(88,12441),(89,9788),(91,13762),(92,11045)]	122.581922
443	[(1,11144),(4,17703),(5,8673),(6,12437),(7,25843),(8,12654),(11,25792),(12,6964),(14,9978),(15,27641),(16,22913),(18,33310),(21,2420),(22,28902),(24,24367),(26,24967),(28,8054),(29,25688),(30,3820),(31,7164),(32,34236),(33,3975),(36,4496),(38,30786),(39,24135),(42,14365),(43,2447),(44,31962),(45,2414),(46,6780),(47,16709),(48,18420),(52,9849),(53,15921),(55,6088),(56,31113),(59,12945),(61,22384),(63,28466),(65,34097),(66,18602),(68,25976),(69,33539),(70,5720),(73,11452),(74,1794),(76,35794),(78,17546),(79,12672),(81,12893),(87,17450),(88,19039),(89,31848),(90,4305),(91,5957)]	116.054197
444	[(0,3623),(1,14979),(2,3985),(3,8846),(5,8577),(6,34961),(7,23901),(8,8502),(10,12206),(14,35346),(15,24935),(17,26209),(18,11775),(21,10660),(25,24034),(27,8672),(28,12951),(34,24979),(35,3672),(36,11600),(37,19911),(39,30478),(42,29321),(45,14952),(47,16117),(48,5979),(52,36682),(59,17242),(60,6338),(64,25258),(66,24256),(67,30327),(68,2180),(69,662),(71,27554),(73,28852),(75,1876),(77,29808),(78,30473),(79,16654),(80,32059),(81,15053),(83,18629),(84,7540),(85,7646),(87,19831),(89,22082),(92,22286)]	116.367934
445	[(0,32668),(1,19472),(4,7475),(6,11282),(8,35281),(9,4293),(10,36622),(13,7416),(17,2753),(22,28354),(23,9266),(26,3777),(27,13251),(28,11635),(36,35463),(39,31734),(40,22756),(41,20617),(42,6847),(43,28791),(45,21903),(50,36335),(52,33320),(53,8462),(56,26183),(57,21156),(58,11404),(60,17455),(64,10575),(66,23268),(69,25780),(70,23591),(71,25681),(74,17391),(76,22743),(77,982),(81,35931),(82,21963),(84,20054),(86,8886),(87,6734)]	111.600389
446	[(1,17576),(2,35547),(3,3023),(4,24706),(5,13873),(6,32479),(7,28314),(8,7194),(15,7271),(16,15161),(17,5250),(18,34762),(20,22302),(21,35873),(23,24778),(24,29222),(27,34014),(29,14877),(30,29123),(34,161),(37,30149),(38,14737),(39,11259),(40,27238),(41,16819),(42,10017),(43,29335),(44,14089),(45,23119),(46,12377),(47,3768),(48,5405),(49,17002),(50,31803),(51,11208),(52,297),(53,34713),(57,28325),(58,32166),(60,14691),(61,16436),(63,35679),(64,29181),(65,2026),(66,29927),(67,30292),(69,25271),(71,3373),(74,11545),(75,18074),(76,7208),(79,2879),(86,23282),(88,35768),(89,20433),(91,1850),(92,14844)]	111.493548
447	[(0,24315),(3,26269),(4,19749),(7,9421),(9,25333),(10,7137),(12,25312),(13,21500),(14,2239),(15,27235),(16,12125),(17,23937),(20,27986),(22,3859),(23,33886),(24,29069),(25,24022),(26,21393),(28,19971),(31,21025),(32,32982),(34,18026),(35,33370),(36,9175),(38,14711),(40,32811),(42,19468),(44,31110),(46,1155),(49,17411),(51,16480),(52,36023),(54,5403),(55,19691),(56,35615),(59,36406),(61,34264),(62,4508),(63,18373),(64,17541),(66,2791),(68,34254),(69,34112),(71,5730),(72,8870),(76,5200),(78,14958),(85,23836),(88,25618),(92,8457)]	120.877978
448	[(0,657),(1,13995),(2,4780),(3,19520),(5,511),(6,27373),(9,35564),(10,9640),(11,29559),(12,29063),(13,16170),(19,13253),(20,12907),(23,6183),(24,11418),(26,22598),(28,34011),(30,6337),(31,32959),(34,24922),(35,33997),(37,403),(38,35074),(39,15292),(40,12544),(41,27831),(46,5754),(47,16406),(48,32269),(50,21611),(51,25644),(54,22399),(55,29331),(56,19567),(57,17975),(58,31825),(59,14815),(61,16896),(63,11248),(64,36499),(65,23010),(67,1617),(69,2301),(73,22120),(74,36299),(75,25938),(76,5516),(77,4599),(80,26797),(83,16960),(89,32296),(91,1772),(92,6827)]	119.300633
449	[(4,33105),(7,16280),(8,21561),(11,7955),(13,24283),(15,27345),(16,3372),(18,22877),(19,28266),(20,35509),(21,31190),(23,8382),(25,34290),(27,27275),(28,4890),(32,17314),(38,28620),(39,551),(42,28807),(44,2512),(45,2980),(50,14179),(55,11568),(58,35689),(60,2305),(66,32837),(69,3469),(70,18385),(71,31646),(72,31951),(74,9280),(76,27661),(77,13811),(78,28901),(80,25823),(81,10600),(83,28831),(84,10301),(85,28518),(91,14218),(92,27982)]	122.486033
450	[(2,913),(3,33523),(4,4533),(5,21595),(6,35236),(11,24205),(12,35369),(13,1328),(16,33434),(17,22498),(18,13856),(20,33902),(21,7970),(22,6857),(23,16368),(24,26805),(26,33601),(27,21586),(29,13389),(30,26699),(32,12557),(35,34767),(37,10590),(38,13116),(40,5874),(42,7475),(46,12679),(49,11827),(53,22743),(54,3967),(57,264),(58,28080),(60,8732),(61,11921),(62,31549),(63,2592),(64,1204),(65,32799),(66,8745),(67,5372),(72,19079),(74,9802),(76,9247),(78,34477),(80,333),(82,23693),(83,21551),(84,17909),(87,14297),(89,6130),(90,21912),(92,4315)]	135.609480
451	[(0,15598),(2,28848),(4,398),(6,16445),(8,29853),(9,27544),(10,26850),(12,6122),(14,17699),(15,10655),(16,27648),(17,861),(20,36286),(21,5159),(27,30762),(29,15006),(31,24132),(33,2472),(36,31317),(37,12786),(39,10073),(42,16725),(43,2154),(45,18820),(48,17371),(49,18907),(51,5297),(53,8221),(54,208),(56,29663),(57,11496),(58,20447),(59,22516),(61,25443),(63,32280),(64,16059),(66,16749),(69,25714),(74,7693),(76,11332),(78,16738),(79,23834),(80,6079),(81,20171),(82,28837),(83,33028),(87,28390),(89,20507),(90,11176),(92,32538)]	120.387896
452	[(0,10145),(2,15190),(3,35452),(4,17968),(6,10470),(7,1140),(8,4875),(9,11845),(10,36539),(13,20808),(14,174),(15,31987),(16,34815),(21,28786),(24,33928),(27,15870),(28,9480),(29,33920),(33,30956),(35,30394),(40,24742),(41,31500),(42,27272),(43,13039),(45,26393),(46,13758),(47,21318),(49,22447),(51,1027),(52,26898),(54,361),(55,36464),(57,18571),(59,8838),(60,11046),(64,30935),(65,36010),(67,9181),(68,33323),(69,333),(72,16256),(74,34783),(76,15612),(77,19939),(79,14356),(80,25267),(81,23187),(82,3824),(83,34327),(84,20307),(85,7225),(86,20367),(92,31285)]	126.768841
453	[(0,11677),(2,30009),(6,32960),(7,11804),(8,23447),(11,19413),(13,6790),(14,20363),(15,3862),(16,2252),(17,18368),(20,5407),(21,16417),(22,3850),(28,10203),(30,7989),(32,8268),(33,34213),(34,5029),(36,12945),(37,30127),(38,16547),(39,19001),(40,31363),(41,36583),(42,22200),(47,28173),(50,2161),(51,4126),(54,26296),(55,4589),(56,31316),(59,2988),(60,13432),(62,27567),(63,10615),(66,1055),(67,20463),(68,36619),(69,21767),(70,19772),(72,17050),(73,15406),(74,8119),(76,28278),(78,27015),(79,2423),(81,10953),(82,20199),(86,18206),(87,6568),(89,35278),(90,4834),(91,29645)]	110.690465
454	[(1,25927),(2,32995),(5,10595),(7,19897),(8,29342),(11,13195),(14,11007),(21,33513),(24,30148),(25,30613),(27,36445),(28,27998),(29,3321),(31,36591),(32,24532),(34,30421),(36,15720),(40,23749),(42,28609),(46,35282),(47,16268),(50,5958),(51,9587),(52,15136),(53,11066),(56,13598),(58,5287),(59,22904),(61,24286),(62,26594),(63,29566),(65,29523),(69,28950),(70,10191),(72,32964),(73,19347),(74,30916),(75,24169),(79,132),(81,23610),(82,9191),(85,24303),(86,31665),(90,18577),(92,27225)]	106.790503
455	[(0,5113),(2,36012),(3,18431),(5,1453),(7,15635),(8,17971),(9,5302),(10,31601),(13,23239),(15,27755),(18,10434),(24,9428),(25,27999),(27,8698),(29,13793),(31,25609),(34,14415),(35,3968),(39,25915),(40,19486),(41,4437),(42,22585),(44,22184),(45,17269),(47,34051),(48,5178),(51,7781),(52,6508),(53,29189),(54,3359),(56,3088),(57,10851),(58,27262),(60,20024),(65,24707),(68,35689),(69,32750),(71,22132),(74,5419),(75,7055),(78,21837),(79,27660),(80,14919),(87,5948),(88,35376),(89,25181),(90,19615),(92,14197)]	116.981446
456	[(0,33118),(1,8820),(2,4927),(3,17334),(4,4001),(5,9043),(6,21597),(7,12758),(8,17100),(9,35054),(10,2543),(12,28998),(15,9073),(17,4799),(18,33055),(19,31496),(22,29802),(25,15880),(26,3864),(27,3944),(28,28500),(29,23045),(30,18055),(31,7106),(34,13693),(37,32745),(38,21119),(40,30746),(42,14128),(46,29107),(47,16118),(49,35098),(50,9587),(51,24582),(52,33911),(54,25912),(56,19974),(57,15437),(58,13565),(60,33617),(63,6917),(64,35317),(65,3296),(66,26856),(69,28056),(70,26901),(73,1752),(76,32252),(80,1690),(83,24668),(84,29832),(86,18439),(87,28775),(89,3159),(92,4350)]	118.017045
457	[(0,26239),(3,22055),(5,24756),(11,18166),(12,11106),(15,36066),(16,30227),(18,10322),(19,5505),(21,12571),(22,32986),(23,12948),(25,11395),(28,26491),(29,31071),(30,19410),(31,9391),(32,21009),(34,109),(35,21774),(36,9405),(40,34485),(41,25099),(43,6582),(45,13863),(46,35302),(47,6676),(48,33844),(49,19509),(51,30428),(52,19626),(54,7215),(57,15224),(59,32813),(60,32518),(61,5794),(62,35276),(63,34318),(64,8285),(65,3085),(66,4336),(67,4235),(68,26604),(69,7326),(71,34283),(72,1199),(73,30389),(74,22615),(79,21798),(81,3117),(82,10512),(85,10460),(86,14832),(88,29148),(89,5172),(90,13583),(91,14081),(92,32784)]	118.263753
458	[(1,33373),(2,5081),(5,2962),(6,30794),(11,18438),(13,24454),(14,24188),(17,14566),(18,10305),(19,6927),(20,32603),(21,5534),(22,8693),(27,6428),(28,2407),(31,9330),(35,31349),(36,35336),(37,7687),(41,27852),(43,21590),(44,23394),(46,21996),(47,13858),(48,27727),(49,17082),(50,16245),(51,4837),(54,23408),(55,27339),(57,13596),(59,36541),(60,29878),(61,5496),(62,26098),(63,33430),(64,25950),(65,16718),(67,27178),(69,15608),(71,23910),(72,11914),(73,2728),(75,25435),(76,2977),(77,25328),(78,29840),(79,8728),(82,8767),(87,9161),(89,13433),(91,24846),(92,23747)]	165.359889
459	[(2,14830),(3,19580),(5,1926),(6,29441),(8,28565),(11,475),(12,14577),(14,17157),(18,28565),(20,24614),(23,4279),(25,15018),(26,19437),(29,25962),(30,23131),(32,20330),(33,8882),(34,3017),(38,20824),(39,16254),(40,23120),(41,60),(43,28589),(44,36532),(46,18673),(47,6305),(48,6175),(50,24856),(54,20783),(55,32823),(57,14734),(59,22953),(60,28963),(63,7066),(65,26220),(66,10610),(67,14673),(69,16916),(70,23822),(73,3605),(74,14188),(76,25190),(77,19841),(78,13356),(80,11465),(83,34518),(89,1110),(90,14504)]	114.376116
460	[(2,17784),(6,17258),(8,11168),(9,12801),(10,6666),(12,14035),(13,35940),(16,7004),(17,22978),(19,19060),(20,15168),(22,6824),(23,35718),(24,34523),(25,25212),(26,15313),(28,26615),(29,18112),(35,5483),(40,27675),(42,1930),(43,11742),(44,16233),(46,35705),(47,21592),(48,29533),(49,36548),(50,24436),(52,23201),(54,9421),(56,26144),(60,5892),(65,14193),(68,10398),(69,23084),(71,19504),(75,35480),(76,3113),(78,8182),(79,35274),(81,19914),(82,27633),(84,25451),(85,15629),(86,11419),(87,15307),(88,9886),(92,9374)]	113.650433
461	[(0,1839),(1,35587),(2,5994),(4,30771),(6,18385),(7,33248),(8,28892),(9,13494),(10,4546),(11,29476),(12,23070),(13,6609),(16,8234),(20,30941),(22,33334),(23,31943),(24,30834),(26,28015),(27,28471),(29,25230),(30,11805),(33,20031),(35,19127),(36,3369),(37,15253),(39,14955),(42,25713),(43,32498),(44,33664),(47,585),(51,29885),(53,13372),(55,6106),(56,30962),(57,1895),(58,18143),(60,14263),(61,32100),(62,30626),(67,19593),(68,2721),(71,35790),(72,12901),(73,17197),(74,5224),(75,29765),(76,27869),(77,10410),(78,17817),(79,36113),(80,20932),(82,642),(83,3187),(84,3059),(85,953),(87,29533),(88,28914),(89,33556),(91,31812),(92,19184)]	113.274344
462	[(0,14561),(3,8234),(4,15609),(9,34684),(10,17331),(11,636),(14,10467),(16,17744),(17,24263),(18,20772),(19,33776),(20,16473),(21,11106),(22,24760),(23,23782),(24,3101),(26,26324),(28,9553),(29,23910),(30,4129),(31,18699),(32,31116),(33,18751),(35,24493),(36,29936),(37,20148),(38,27465),(40,8234),(44,18225),(46,23300),(48,32376),(51,8440),(53,17590),(54,3434),(55,4269),(57,14919),(58,21942),(59,3349),(60,26368),(62,26671),(64,5683),(66,11746),(67,28182),(69,19014),(71,26986),(72,26063),(73,32445),(74,27873),(84,4354),(85,25083),(86,33834),(87,15639),(92,26485)]	109.665728
463	[(1,8157),(2,25001),(3,14443),(4,17530),(5,22579),(6,36376),(7,18231),(11,8629),(15,14427),(18,13489),(20,28867),(21,36252),(23,16169),(24,34773),(26,17440),(28,25502),(30,21640),(31,21936),(33,935),(34,13396),(35,22012),(36,15893),(37,15936),(41,5747),(44,28470),(45,3446),(49,35215),(52,5806),(53,4560),(54,9245),(55,9354),(59,30673),(60,36557),(66,31330),(67,1263),(70,14261),(72,6571),(74,840),(76,14131),(77,12652),(79,16891),(80,9449),(82,19955),(84,18350),(87,8180),(88,29163),(89,31559),(90,10419),(91,2793)]	110.234475
464	[(3,18011),(5,31786),(6,19220),(7,28778),(10,13148),(11,28511),(12,33169),(13,22641),(16,27706),(17,36209),(18,18321),(21,9782),(22,31864),(23,53),(25,11969),(27,5685),(28,29808),(30,3652),(32,32053),(33,16113),(34,26429),(36,10586),(37,19347),(39,29483),(41,23412),(43,7459),(45,9294),(49,23986),(51,25464),(53,2580),(54,32915),(55,23794),(57,15891),(59,25016),(61,11679),(63,34914),(64,19152),(65,26090),(67,19711),(68,7426),(69,9889),(71,8289),(72,16932),(74,27),(76,20970),(78,16695),(82,23825),(83,17225),(84,28896),(85,10913),(86,1597),(87,13503),(91,26188)]	188.698823
465	[(1,22319),(3,12089),(4,35736),(5,34898),(8,30465),(9,33562),(10,26066),(11,12196),(12,16796),(13,23354),(15,11660),(16,13475),(17,4357),(20,35055),(21,8720),(22,29568),(23,27266),(25,19170),(29,34146),(32,5323),(33,16357),(34,27513),(35,26921),(36,13802),(37,2036),(41,1483),(43,31738),(44,16318),(45,34628),(46,13126),(47,26899),(48,14376),(49,3965),(51,27497),(54,7986),(55,4266),(57,29303),(64,20670),(65,16529),(66,20514),(71,2095),(77,3820),(78,27301),(80,4173),(81,34638),(83,4653),(84,19787),(85,36531),(87,32338),(88,27325),(92,4040)]	258.307116
466	[(0,29877),(2,16866),(7,287),(11,18634),(14,35813),(18,1994),(20,16451),(22,25321),(25,12567),(26,23140),(27,24294),(28,17064),(29,3616),(30,35030),(33,27488),(34,32564),(35,30326),(36,23759),(37,35468),(39,3059),(40,11938),(43,17713),(44,28719),(46,6227),(48,27064),(49,30626),(53,18685),(54,18212),(56,16128),(58,3601),(60,4874),(61,14327),(64,30106),(67,17155),(68,32442),(75,36520),(76,14005),(77,6242),(79,35457),(81,31284),(85,13820),(87,19771),(88,2210),(92,34689)]	262.670234
467	[(2,11350),(3,34366),(5,26518),(7,4764),(9,8179),(11,17859),(12,22000),(14,7346),(15,7618),(18,9179),(19,36579),(20,15663),(21,35804),(22,21268),(25,5031),(26,29301),(27,8635),(29,23961),(30,35056),(31,2729),(32,27511),(36,15432),(37,2146),(38,1420),(39,16486),(41,31004),(45,36498),(48,31776),(49,6251),(52,14590),(53,27856),(57,36078),(59,30839),(60,570),(62,22179),(65,680),(67,24390),(68,7137),(70,25312),(74,5074),(76,6796),(79,6702),(82,9807),(83,10785),(85,25908),(86,9447),(88,31911),(89,7133),(90,7081)]	233.793845
468	[(0,1031),(4,28227),(5,18667),(7,14882),(9,29555),(11,19230),(13,29298),(15,2114),(18,34427),(19,92),(20,14494),(21,34888),(22,13903),(23,16172),(24,10476),(25,28201),(30,16914),(34,12183),(35,21232),(37,7841),(38,28253),(39,35435),(40,11424),(41,30001),(42,20810),(43,3184),(44,5067),(45,34625),(46,35643),(47,25429),(49,7678),(52,21554),(53,9730),(54,6032),(55,6265),(56,29789),(58,29618),(59,29583),(62,18155),(63,21088),(65,34354),(69,973),(70,13633),(71,18174),(72,2392),(73,34672),(74,25972),(76,3231),(81,20),(82,19781),(83,21200),(84,21269),(85,22636),(86,22049),(87,27129),(88,21497),(90,25885),(92,36288)]	234.661648
469	[(1,32307),(2,26901),(3,32465),(4,12856),(5,30101),(7,9183),(8,17186),(9,34444),(10,8010),(11,25763),(13,6244),(15,10680),(16,31467),(18,21511),(19,4124),(26,12460),(27,15276),(28,26245),(30,7509),(32,13945),(34,31998),(35,8157),(36,25001),(37,14443),(38,5711),(39,19730),(41,34543),(42,13795),(46,16507),(47,14224),(49,9),(50,21755),(51,7556),(52,613),(53,27027),(57,30512),(59,35960),(60,11995),(61,35371),(66,15150),(67,15528),(68,9548),(70,13017),(72,6671),(74,28004),(77,21203),(79,24927),(80,34470),(81,13786),(84,26614),(85,18541),(86,22259),(89,35069),(92,25585)]	239.833958
470	[(0,21969),(1,2252),(2,18368),(3,24047),(4,15516),(6,7655),(7,13232),(11,33447),(14,3121),(15,36206),(16,28344),(17,20449),(21,14537),(23,30975),(24,30134),(25,12051),(28,28968),(29,13976),(30,1598),(33,26962),(35,31410),(36,7448),(43,22019),(45,35917),(46,28954),(48,2810),(49,13174),(50,29336),(51,23918),(52,35309),(54,16045),(55,15963),(57,18104),(60,36513),(61,36085),(62,15202),(64,6696),(65,12613),(66,7917),(67,3418),(68,17923),(69,36022),(70,9968),(75,27993),(76,13126),(79,31780),(82,19981),(84,30089),(85,35357),(89,29350),(90,17751),(91,20050),(92,4862)]	255.340074
471	[(1,5360),(2,30021),(3,17891),(4,7494),(8,13739),(9,27205),(11,17133),(14,26360),(15,33279),(16,27889),(17,5333),(19,8793),(20,26332),(21,27570),(22,24401),(24,4480),(25,30933),(26,28524),(31,34543),(33,9748),(34,11200),(36,28925),(37,8804),(39,2881),(40,23895),(42,29818),(43,30507),(44,35333),(45,6227),(49,2919),(50,33114),(51,5348),(52,6608),(56,17900),(58,27266),(59,2707),(61,32931),(63,9443),(64,34041),(66,21922),(67,22549),(68,19740),(69,7542),(70,34157),(75,22881),(76,11619),(79,36361),(80,30003),(83,14316),(84,22311),(85,930),(86,28119),(88,23713)]	232.654838
472	[(0,19398),(2,18567),(3,35325),(5,17114),(6,34174),(8,17774),(9,33202),(13,17972),(16,26937),(17,17623),(21,6298),(22,10093),(24,15020),(27,14880),(28,24228),(30,22158),(33,12264),(35,3073),(42,24359),(43,8961),(44,5842),(45,29665),(47,26320),(49,20294),(50,7493),(51,17343),(54,35773),(57,5153),(58,34242),(60,26499),(61,30787),(64,35745),(65,3556),(66,35352),(68,1656),(69,1729),(74,32276),(76,969),(77,24975),(78,31353),(80,3297),(81,15428),(84,33607),(85,15044),(86,32873),(88,34603),(89,33971),(91,9733)]	235.999234
473	[(0,8183),(1,28498),(3,31862),(4,20207),(5,34297),(6,19610),(8,10893),(9,1923),(10,36590),(11,13602),(13,4697),(14,20968),(16,13918),(17,26512),(18,10940),(20,15703),(21,14266),(22,21090),(23,31533),(25,628),(27,2926),(29,34619),(31,3834),(33,24661),(34,17270),(38,12930),(39,23882),(41,35658),(43,34893),(44,18933),(48,18963),(49,18770),(50,3106),(51,33632),(53,31915),(54,5396),(56,15286),(57,24687),(58,30078),(60,16308),(61,28911),(62,19034),(63,32660),(64,474),(66,23716),(67,1587),(68,17784),(71,11913),(72,34977),(74,6388),(75,14825),(76,23063),(77,35029),(79,3348),(80,20359),(81,16894),(85,12301),(88,29455),(90,23253)]	232.931324
474	[(0,34883),(2,8164),(3,7454),(4,20978),(5,9936),(8,9467),(9,34300),(10,9576),(11,21332),(12,33967),(13,17202),(14,28634),(15,35774),(16,7026),(17,29973),(18,16587),(20,15835),(22,35541),(23,16386),(25,4959),(27,4841),(31,28750),(32,26081),(33,35825),(35,34544),(37,1012),(41,2646),(45,29723),(48,10738),(49,9149),(50,28034),(51,655),(54,30111),(55,12064),(56,6406),(57,35097),(58,27429),(59,3787),(60,1756),(63,15176),(68,7523),(71,13263),(72,1017),(73,15962),(74,13680),(75,8123),(77,6475),(80,2280),(81,32229),(85,22139),(87,21716),(88,36453),(91,19762),(92,26011)]	242.429248
475	[(0,12555),(2,5965),(4,3573),(5,22231),(6,10580),(7,34787),(8,4331),(10,17346),(12,32142),(14,9445),(15,14364),(16,4154),(17,3281),(22,6058),(24,35330),(27,36339),(29,25218),(30,29188),(32,27760),(33,14244),(34,7866),(35,26003),(36,21475),(37,21876),(38,27387),(39,12290),(40,31691),(41,28578),(44,2787),(45,32911),(47,30568),(48,17929),(51,18315),(53,32078),(55,29340),(56,29834),(57,11267),(58,10270),(59,31580),(60,18448),(63,25385),(64,27739),(65,1932),(66,26348),(67,28356),(68,4312),(70,11394),(73,27719),(74,29149),(76,36576),(80,10433),(84,5456),(85,18457),(86,20098),(87,27425),(89,10098),(91,17669),(92,8204)]	251.347010
476	[(0,30075),(4,8037),(5,1279),(6,16578),(7,21308),(8,3414),(9,25438),(10,14769),(11,27481),(12,357),(17,16293),(19,10429),(20,15416),(22,14347),(23,7781),(24,6508),(25,29189),(27,5612),(29,798),(31,4320),(35,22644),(36,25944),(37,30053),(39,12287),(40,32718),(41,18732),(44,16094),(47,17114),(49,2469),(50,1313),(53,31523),(57,17142),(58,28026),(61,7417),(64,14109),(66,26390),(67,21011),(69,30027),(72,6484),(73,6463),(74,1270),(75,11154),(76,15092),(79,28602),(80,7826),(83,31796),(84,27870),(85,9408),(87,25443),(88,32796),(89,10803),(90,33038)]	253.359988
477	[(0,19316),(2,33365),(3,10571),(4,25095),(9,801),(12,4517),(13,34567),(14,25377),(18,31523),(19,29990),(20,7509),(22,13945),(24,22817),(27,20124),(28,2185),(30,19582),(33,25177),(34,15305),(36,19637),(37,20677),(38,4287),(40,26020),(42,30312),(43,33940),(44,22000),(45,26210),(46,22072),(47,15576),(50,35777),(51,26666),(53,24949),(54,34169),(56,33845),(57,4725),(59,9765),(63,23519),(65,1215),(67,8793),(68,24804),(70,23203),(75,9723),(76,2537),(78,2754),(79,14661),(81,8117),(84,14838),(86,18099),(87,22142),(89,6950),(91,15989),(92,1537)]	257.723608
478	[(1,11519),(3,10161),(4,5811),(5,12727),(6,18690),(7,4885),(8,5161),(9,7700),(10,21937),(12,1156),(13,30280),(15,24096),(16,9336),(20,19869),(21,1035),(22,25245),(25,1572),(26,14596),(27,29102),(28,36657),(31,30805),(32,28783),(33,23405),(37,10420),(38,9792),(39,6546),(41,5190),(42,24172),(43,30804),(44,35857),(47,32690),(48,35103),(49,31584),(50,5956),(52,23320),(54,23779),(59,24276),(63,24129),(64,31912),(66,28235),(69,4421),(71,3836),(75,4766),(76,20616),(77,6202),(78,24504),(80,1014),(82,24788),(83,36648),(84,35140),(85,23161),(87,9017),(90,9237),(91,3716),(92,5592)]	242.154080
479	[(0,8413),(1,6786),(2,12119),(7,7977),(10,30231),(11,26935),(15,10133),(16,8447),(17,423),(18,4520),(20,27313),(21,6338),(22,36253),(23,19990),(24,22567),(25,7636),(27,19084),(31,13710),(33,9038),(35,9036),(36,21219),(39,27095),(40,1000),(41,29019),(44,3664),(46,9493),(47,28678),(49,29506),(52,22434),(54,27405),(55,6697),(56,19863),(59,33974),(61,340),(64,26543),(65,25678),(66,32378),(67,22472),(69,22747),(70,17219),(71,32842),(72,35578),(73,16246),(74,998),(78,18422),(79,584),(80,19357),(81,23612),(82,24003),(83,7263),(87,1248),(91,18642),(92,32852)]	131.058182
480	[(0,2061),(1,12154),(3,9079),(6,5804),(8,14772),(9,3735),(10,27514),(11,5198),(13,10097),(15,13488),(18,30585),(20,35780),(21,22037),(22,31839),(23,3046),(26,3372),(28,22877),(29,2507),(31,5938),(34,35480),(35,26466),(39,4097),(41,33839),(42,4716),(47,13557),(48,36682),(50,632),(51,18621),(54,30482),(55,4668),(56,31101),(58,32),(63,24558),(64,4058),(69,21125),(70,14117),(72,29267),(74,36578),(75,17865),(76,18144),(77,19158),(78,18134),(79,108),(80,15295),(81,16640),(82,9522),(84,35502),(85,26686),(86,2619),(87,6757),(89,28651),(90,29216),(92,25110)]	116.032270
481	[(0,28583),(1,34386),(3,36122),(4,21206),(6,12404),(7,6036),(8,29661),(12,5314),(14,28965),(15,16811),(17,19562),(18,13595),(19,7079),(21,11331),(22,28367),(23,12163),(24,12158),(25,13587),(28,18597),(30,130),(31,27516),(33,16511),(38,26221),(39,23365),(40,33144),(41,19646),(42,25852),(45,34670),(46,15403),(47,33702),(48,30727),(49,32882),(50,27194),(51,12803),(54,9195),(55,14367),(56,13816),(58,4041),(59,5459),(60,27920),(61,34327),(62,20307),(64,34198),(66,34683),(67,29292),(68,5327),(70,25195),(71,17012),(72,2479),(73,31264),(74,3550),(80,7103),(82,35001),(83,7716),(85,33385),(88,15712),(89,18450),(91,32747)]	112.366836
482	[(0,24015),(1,16817),(2,19786),(3,30875),(4,35175),(5,21215),(6,29011),(7,33867),(8,35783),(9,23681),(11,6654),(14,29426),(15,34051),(16,3061),(17,8526),(18,21216),(20,72),(25,12342),(27,27484),(30,34350),(31,4043),(32,6887),(33,3468),(34,31372),(35,6680),(38,26703),(39,10582),(41,31142),(44,10023),(45,16877),(46,8216),(47,20483),(48,11864),(50,29826),(53,3145),(60,25926),(62,24420),(66,3074),(67,6446),(68,7958),(69,28245),(70,1514),(73,35781),(75,15351),(78,1035),(79,25245),(80,17823),(81,44),(82,35126),(83,8407),(84,21504),(86,1360),(87,26747),(88,7818),(90,33882),(91,5417)]	127.491675
483	[(1,28409),(2,32632),(3,930),(6,21660),(8,542),(9,18567),(10,35325),(13,30443),(15,13777),(17,23976),(20,28046),(21,12561),(23,17525),(24,21464),(25,9096),(26,18028),(28,24188),(29,7696),(30,18324),(34,1661),(35,30297),(36,4044),(37,2872),(38,5731),(42,23678),(44,36331),(45,33109),(46,24860),(47,33174),(49,8601),(53,24368),(54,20752),(56,18745),(59,31855),(60,28512),(61,17886),(62,116),(64,22188),(65,12002),(66,20210),(68,20128),(74,17977),(75,29626),(79,25884),(80,4676),(83,13058),(84,10975),(85,33317),(88,21980),(89,21906)]	125.627501
484	[(0,7364),(2,1582),(3,4613),(4,24119),(5,2090),(6,25166),(9,14531),(10,18661),(11,18381),(12,6456),(15,14382),(16,22493),(17,24782),(18,31974),(19,13658),(21,32188),(22,1501),(23,29446),(24,8256),(25,22440),(27,23478),(30,11624),(31,34559),(34,4457),(35,34114),(36,34384),(41,19795),(43,33626),(45,13066),(46,18172),(47,10925),(48,25568),(50,26887),(51,1813),(54,8983),(58,36320),(62,22627),(63,20966),(65,9758),(66,31991),(68,291),(70,14845),(71,24551),(72,4649),(73,27866),(74,25849),(75,13298),(77,24839),(78,4801),(79,25145),(80,11095),(81,13510),(82,11707),(84,27649),(85,30939),(86,26658),(89,19037),(90,19145),(92,24173)]	116.058567
485	[(0,9886),(1,8636),(2,27224),(5,7096),(6,7301),(7,16332),(8,17799),(12,33677),(15,26426),(16,35888),(20,11402),(22,35343),(24,18760),(25,22830),(28,32582),(30,18036),(32,27930),(34,16084),(36,5257),(38,3236),(40,35974),(41,6979),(42,9029),(45,24739),(48,17997),(49,35619),(50,5392),(51,26872),(52,27313),(54,5847),(57,14505),(58,13109),(59,12707),(61,18860),(62,20225),(63,2605),(66,3250),(68,29093),(71,33648),(72,11495),(73,21375),(74,28416),(75,18536),(76,7681),(78,28355),(79,26687),(80,29516),(81,36352),(85,13489),(86,20905),(88,12296),(89,18636),(90,7512)]	122.991162
486	[(2,7476),(6,32474),(8,18126),(9,1596),(10,27199),(12,10897),(13,22651),(14,31318),(15,13654),(16,5723),(17,19281),(18,17359),(20,10724),(22,1316),(27,35730),(29,11439),(32,32864),(33,19421),(34,10763),(36,25711),(39,33371),(42,23025),(46,6236),(47,20029),(48,25720),(49,24551),(50,35875),(52,6154),(53,151),(54,29438),(57,13506),(58,31153),(59,5164),(60,26697),(62,11645),(64,29401),(65,14310),(66,1896),(70,29692),(72,20240),(73,30934),(74,31159),(79,5337),(82,21225),(84,18990),(85,11276),(86,7196),(87,26196),(91,4418),(92,6476)]	122.772845
487	[(1,418),(2,10515),(5,33526),(7,19167),(10,25938),(11,9350),(14,14272),(16,8697),(18,22097),(19,33135),(22,10090),(23,10401),(24,10978),(25,35474),(28,11189),(29,28410),(31,13141),(32,20448),(33,35660),(34,28962),(35,8087),(36,23584),(37,433),(39,6163),(41,4704),(43,5206),(47,8294),(50,15155),(52,9059),(53,33779),(54,3399),(55,2814),(57,17921),(59,21962),(62,25333),(63,7778),(65,12572),(68,2733),(69,26532),(70,13644),(71,299),(72,3917),(73,34535),(78,24882),(79,15845),(82,11225),(84,27721),(86,14237),(87,22726),(89,23024),(90,30954),(92,3140)]	116.449442
488	[(0,12801),(1,6666),(3,849),(5,8946),(6,4687),(7,8447),(8,423),(9,36119),(10,32247),(11,12905),(14,13277),(16,25808),(17,35792),(18,27067),(19,31621),(20,27495),(22,14534),(26,15818),(28,18036),(32,35145),(33,5052),(37,30196),(38,12063),(40,26070),(41,33661),(42,36328),(43,17098),(44,13315),(45,21247),(46,35867),(48,30945),(49,12813),(50,23756),(51,28170),(53,7508),(54,20023),(56,21181),(57,30520),(60,20819),(61,7675),(64,7658),(65,14025),(66,34741),(68,8533),(69,6122),(72,31869),(73,4140),(74,28015),(75,29886),(78,31711),(81,22140),(83,23823),(85,36437),(86,24151),(87,25232),(89,3065),(90,7595),(91,32060),(92,11028)]	130.728394
489	[(1,4947),(2,23967),(5,4617),(6,32382),(10,31536),(11,26674),(12,3201),(13,1788),(14,31092),(18,16895),(19,27341),(20,33406),(21,11993),(24,3825),(27,26792),(28,15827),(30,3476),(31,14144),(32,19248),(34,32442),(36,3867),(37,10266),(38,23511),(39,15628),(40,17044),(41,24268),(42,21866),(43,1682),(45,7742),(47,12824),(49,21136),(50,7181),(51,11557),(52,28151),(53,20606),(55,10050),(56,4239),(58,9427),(62,14906),(63,33450),(64,2874),(65,682),(71,21110),(76,31537),(78,36298),(80,20064),(81,4429),(82,29013),(83,33804),(84,12920),(86,16489),(88,30200),(90,35752),(92,21576)]	117.712162
490	[(1,23015),(2,11367),(3,12529),(5,28933),(7,36469),(8,35290),(9,18414),(10,30373),(11,19731),(12,33429),(13,9838),(15,16898),(18,13265),(19,19152),(20,23078),(23,31376),(24,9496),(26,30840),(27,15719),(28,21646),(32,27362),(36,27617),(38,26159),(39,9059),(43,3299),(46,35341),(48,27056),(50,6982),(51,34331),(53,35773),(55,6142),(57,17684),(58,30671),(66,35336),(67,7687),(69,19025),(70,32962),(71,7950),(72,7427),(73,27681),(74,13863),(75,14884),(78,31899),(79,5060),(82,27800),(83,22674),(85,18690),(86,4885),(87,5161),(90,14129),(92,2641)]	123.321403
491	[(1,17177),(2,36277),(3,638),(4,8229),(5,21514),(7,27610),(8,24746),(11,4552),(12,14830),(13,20707),(17,30665),(18,14338),(19,13088),(20,29290),(22,13693),(24,487),(26,5954),(28,35554),(30,2394),(31,32663),(36,182),(37,23924),(42,2602),(43,36537),(44,21569),(45,3786),(46,18748),(47,17112),(49,27525),(50,6421),(52,5301),(54,22861),(58,33519),(59,5652),(60,14435),(61,31765),(62,32292),(63,22066),(64,27100),(67,26880),(69,16053),(70,2650),(71,21423),(72,6828),(73,3509),(76,20485),(77,9056),(81,27438),(84,4813),(86,11620),(87,4144),(91,5734),(92,12615)]	122.647881
492	[(1,259),(2,1864),(3,32943),(5,5879),(6,25105),(12,341),(14,25215),(15,6980),(17,12656),(18,21849),(20,16714),(21,17418),(23,12217),(25,5887),(27,33759),(28,12427),(30,9752),(34,7065),(36,20807),(37,19531),(39,34156),(41,22305),(42,12559),(43,18253),(44,34553),(45,16923),(46,34904),(47,6635),(48,22601),(49,12972),(50,28347),(51,23804),(52,35068),(55,28740),(56,35572),(57,8792),(58,13811),(59,28901),(63,24403),(66,32486),(70,2613),(72,25175),(73,19288),(74,22648),(75,1887),(77,22511),(80,11297),(84,17103),(85,31922),(86,1686),(89,16017),(90,22576)]	113.280681
493	[(1,7734),(2,22293),(3,18802),(4,32972),(6,21446),(7,9810),(8,18065),(9,18530),(10,27270),(11,5852),(12,23048),(14,19279),(17,19464),(18,2450),(19,27214),(20,20665),(22,12106),(23,12096),(24,21179),(25,7977),(26,21450),(27,34373),(28,6456),(29,22939),(30,34440),(31,817),(33,23475),(35,35570),(36,14336),(38,29396),(39,18610),(40,2663),(42,9666),(44,24489),(47,4255),(53,18619),(57,797),(58,26890),(60,1032),(62,1796),(65,25582),(67,15971),(70,12732),(71,13754),(72,32330),(75,11146),(76,23229),(78,35283),(81,19444),(82,35247),(85,5490),(86,2446),(87,25946),(88,26657),(91,11699)]	121.123103
494	[(0,22058),(1,4639),(4,32172),(7,16169),(11,4183),(12,8985),(13,16085),(14,22745),(21,20806),(22,19612),(24,11081),(25,30172),(28,13803),(30,25790),(32,30426),(35,13172),(36,16688),(41,32553),(42,26747),(43,5157),(45,16165),(46,16298),(47,33888),(48,23924),(51,6431),(53,24706),(54,14306),(55,31423),(57,26211),(58,708),(59,11231),(61,7348),(62,32913),(63,9089),(64,17289),(67,24514),(68,34146),(71,4771),(72,29691),(73,8895),(77,16243),(78,32306),(81,17112),(85,11075),(86,1621),(87,6189),(89,6064),(90,31253)]	143.153250
495	[(1,19446),(3,20087),(4,29498),(5,36176),(7,1356),(8,5036),(9,13132),(11,25344),(12,30257),(13,28460),(14,21646),(17,7926),(20,15334),(21,2431),(22,25626),(27,28399),(28,19519),(29,26899),(30,14376),(31,25717),(32,30338),(33,19664),(34,33528),(35,35538),(36,4158),(38,11929),(39,33860),(40,15793),(42,11078),(44,10239),(46,19847),(47,10650),(49,29058),(51,16085),(52,22745),(55,15603),(56,16724),(58,23232),(59,31367),(60,31626),(62,35984),(63,27538),(65,15655),(66,18005),(68,17880),(70,4764),(71,35872),(73,14282),(75,27178),(77,3343),(78,35464),(80,24811),(81,29257),(82,31414),(84,8859),(86,28355),(87,26687),(91,14720),(92,18554)]	121.810014
496	[(0,912),(2,16141),(5,29029),(8,23374),(10,21875),(13,5293),(14,6080),(17,15623),(18,1731),(19,31336),(20,2125),(21,9993),(23,19082),(24,23842),(26,32770),(29,16061),(30,1573),(31,8032),(32,27324),(33,27694),(35,27812),(37,22696),(38,6663),(41,19751),(42,29357),(43,28050),(45,11744),(46,10067),(47,5061),(53,15597),(54,8036),(57,11474),(61,30368),(62,1562),(63,5758),(64,2875),(66,26183),(69,4509),(72,7652),(73,22934),(74,9053),(77,21519),(78,3636),(79,33278),(81,12184),(83,30281),(84,31402),(85,1204),(91,29991),(92,28796)]	146.465234
497	[(2,24245),(4,32230),(5,5571),(6,13266),(7,15924),(14,21954),(15,22200),(16,24141),(17,21894),(18,20066),(20,195),(24,11337),(26,22976),(27,28805),(28,33742),(30,10864),(31,25302),(32,29431),(34,20646),(38,35058),(39,14251),(40,25850),(41,20358),(44,33181),(45,11090),(46,5755),(47,5492),(51,19610),(53,31899),(56,22500),(59,2070),(60,23809),(61,1973),(62,16954),(64,590),(67,19517),(68,3158),(69,10672),(74,18593),(76,35195),(77,9010),(79,2254),(84,9354),(85,756),(88,20452),(89,13809),(90,29891),(92,22546)]	124.719007
498	[(0,34983),(1,684),(2,16232),(3,890),(4,10274),(11,8857),(12,12665),(15,13465),(18,27608),(19,237),(21,26481),(22,35205),(26,7347),(27,18683),(29,18053),(30,17897),(31,20771),(32,22745),(37,21791),(38,9629),(39,23488),(41,32625),(43,18662),(45,19093),(48,33741),(49,20742),(52,36458),(54,26485),(55,26883),(58,14431),(59,27149),(60,16192),(63,5477),(64,21760),(66,3861),(68,24405),(69,31233),(70,18507),(71,33793),(72,36466),(74,14202),(75,26879),(77,2367),(81,8643),(82,4200),(87,5213),(89,24092),(90,28583),(91,34386)]	139.053977
499	[(0,22509),(2,11828),(3,28570),(4,30939),(11,28026),(12,33111),(13,23470),(14,8782),(15,3148),(17,21768),(21,34137),(26,9341),(30,7348),(35,2525),(36,23234),(37,5096),(38,15092),(41,27240),(43,17647),(46,30664),(47,9271),(48,8377),(49,29569),(51,13303),(52,9232),(56,16212),(59,33045),(60,5328),(62,312),(65,36301),(66,18935),(67,36574),(68,20730),(69,2848),(70,22611),(71,16499),(74,13478),(78,6904),(79,4316),(80,20521),(82,33977),(84,1696),(87,6704),(88,19083),(91,1900)]	122.057812
500	[(1,5874),(3,10713),(7,3937),(8,28586),(9,16848),(10,24776),(11,25354),(17,19905),(19,33747),(20,15296),(22,20199),(23,11390),(24,21406),(25,5036),(26,16195),(27,33559),(29,19201),(30,16438),(31,17160),(32,17700),(33,13322),(36,28379),(37,7371),(38,15916),(39,5762),(40,18729),(41,3412),(44,35835),(48,12270),(54,20157),(55,24438),(58,34519),(61,11907),(62,34801),(63,8740),(65,25912),(68,24614),(70,15151),(75,25517),(79,29499),(81,3453),(83,10830),(86,20786),(88,35442),(90,19176),(91,18207),(92,6603)]	117.313385
501	[(0,22268),(1,1640),(2,20239),(4,14234),(5,15108),(6,4057),(7,28662),(11,19925),(13,10897),(14,27836),(17,19903),(18,32097),(19,32521),(20,31724),(24,6196),(25,32074),(26,9948),(27,34760),(30,32295),(31,19209),(37,35010),(39,15166),(41,17360),(42,27423),(43,15683),(44,34463),(46,31751),(48,4458),(50,25526),(51,18585),(52,8881),(53,22933),(57,1715),(58,33805),(59,7791),(61,30540),(62,29025),(63,23639),(64,17617),(65,26152),(67,10850),(69,22201),(71,30257),(73,27474),(74,12588),(76,4003),(78,36472),(80,16890),(82,22153),(84,6272),(85,17840),(86,14856),(88,21092),(89,9114),(91,33445),(92,34839)]	124.630662
502	[(1,115),(2,16840),(7,9754),(9,35721),(11,17531),(12,13518),(14,22330),(16,12057),(17,9714),(22,30032),(24,9364),(27,6705),(28,36634),(29,7895),(30,23646),(31,7135),(32,13336),(35,27536),(38,28568),(41,5078),(43,115),(44,22071),(47,4165),(48,27578),(52,12423),(53,4887),(54,22084),(56,11453),(57,480),(58,34863),(59,36007),(60,18921),(61,9487),(62,24819),(64,18196),(65,28188),(66,31785),(67,26908),(69,28426),(73,4510),(75,7580),(76,8033),(78,26996),(84,16538),(85,27049),(87,8039),(89,6532),(90,17899)]	127.668456
503	[(0,21272),(1,28370),(2,14905),(3,15601),(6,1132),(7,33319),(12,31285),(16,10460),(17,13673),(18,11335),(22,25980),(23,2009),(24,21340),(25,24531),(26,13370),(29,24824),(31,19302),(32,7357),(33,28465),(35,7635),(40,28631),(41,5672),(44,22389),(45,9734),(51,35007),(52,27171),(53,24584),(55,2124),(56,17601),(58,16550),(60,16940),(61,25963),(62,26691),(64,27401),(67,6742),(68,22427),(69,27012),(73,311),(74,30890),(75,13649),(77,4904),(78,26705),(79,845),(80,28197),(81,19909),(82,26140),(84,28806),(85,9829),(87,19885),(92,4263)]	122.660855
504	[(1,1431),(2,1383),(6,29118),(9,567),(10,2213),(12,19319),(13,2431),(14,1568),(15,13068),(18,775),(19,11083),(20,2174),(21,16835),(24,8495),(25,26117),(26,36165),(28,12909),(29,34706),(31,27159),(33,28529),(34,2301),(36,6229),(39,27129),(41,30407),(44,29728),(46,28113),(49,23560),(50,25002),(53,18924),(55,19093),(57,21829),(58,12218),(59,30228),(61,6041),(64,31617),(66,32192),(67,28224),(69,2716),(71,26901),(73,24068),(74,26449),(76,5501),(78,12406),(80,13615),(82,34321),(83,25229),(84,23838),(85,721),(86,23828),(87,15227),(91,25471)]	139.139315
505	[(0,346),(3,12823),(4,34512),(7,23622),(9,8129),(10,2256),(11,21730),(13,13636),(14,11342),(15,18906),(18,23938),(19,3955),(20,11609),(21,13909),(25,23231),(26,13861),(27,31891),(28,28832),(29,15896),(30,15643),(31,6822),(34,27581),(35,15964),(37,3148),(38,20043),(44,30045),(45,26089),(46,32553),(47,9960),(49,26123),(50,5616),(55,12953),(57,14765),(58,974),(62,10213),(63,32406),(66,35726),(67,12523),(68,5684),(70,23510),(72,3263),(79,729),(81,26337),(84,16787),(85,32864),(86,19421),(87,16629),(89,22734),(91,6385)]	136.855199
506	[(0,28304),(3,27720),(4,17922),(5,20176),(11,11176),(16,18361),(19,6410),(23,3885),(25,28271),(26,1251),(29,25012),(30,26027),(32,4128),(33,13271),(35,27248),(36,21705),(38,23096),(39,6107),(41,32536),(43,23120),(46,25960),(47,26321),(48,10156),(49,29318),(50,9347),(51,3269),(52,15109),(56,7622),(57,6624),(58,21972),(61,2643),(63,5031),(64,97),(65,16461),(67,16095),(73,13629),(76,34440),(77,817),(79,24956),(81,11219),(82,1903),(83,26894),(84,13387),(85,1212),(90,20285),(91,19633)]	125.858288
507	[(1,4697),(4,1629),(5,27660),(6,20251),(8,13493),(9,28755),(10,34903),(14,20469),(15,6929),(18,14423),(19,24637),(21,33921),(26,21611),(29,15257),(31,14836),(32,28265),(33,34838),(34,9697),(35,1490),(38,34882),(39,28626),(40,31562),(41,15282),(42,3188),(43,29375),(46,25908),(48,12733),(49,28380),(50,19651),(51,22077),(52,11710),(53,8724),(55,14644),(56,22115),(59,21404),(60,33550),(62,21275),(65,31650),(66,35421),(68,31268),(72,21289),(73,35300),(74,28104),(75,25125),(76,7367),(77,18141),(79,11116),(81,19452),(82,28837),(83,20988),(85,22527),(87,34427),(89,6484),(90,7473),(91,12365),(92,3097)]	121.971164
508	[(0,21723),(1,11390),(3,14442),(4,7541),(5,30880),(6,3431),(7,10734),(9,29818),(10,24783),(11,10432),(12,35146),(14,22511),(15,25791),(17,30946),(19,23864),(21,7059),(24,10653),(25,36111),(29,23103),(31,11044),(32,22780),(34,31651),(38,29095),(39,4214),(44,28786),(47,5433),(48,9619),(49,7055),(50,18014),(52,7047),(54,3196),(56,15571),(57,4761),(58,33702),(60,30465),(64,7760),(66,1134),(67,31862),(69,24994),(70,319),(72,26014),(73,10678),(74,31086),(75,134),(77,5077),(78,28904),(80,29085),(81,23430),(83,28028),(85,3923),(87,35316),(89,17388)]	114.496578
509	[(2,15158),(3,22077),(4,11710),(5,28517),(7,21748),(9,10378),(10,17704),(11,4552),(12,25969),(13,268),(14,2618),(17,33132),(18,28394),(19,11274),(21,23822),(23,23928),(24,30801),(29,2869),(31,22162),(32,34116),(33,19040),(35,27624),(36,35524),(37,23394),(38,10791),(42,12199),(45,31666),(47,20015),(48,21044),(49,24709),(50,23855),(55,34680),(60,19499),(62,12854),(63,2738),(64,30477),(71,25592),(73,9951),(74,32247),(75,27075),(76,32248),(77,19805),(81,10299),(83,33710),(90,21204),(91,11799)]	122.079280
510	[(0,7174),(2,11255),(5,15523),(6,12040),(8,10483),(10,20536),(11,7365),(12,5894),(13,20913),(19,2373),(20,3627),(21,23527),(22,29684),(24,10599),(25,5586),(31,12882),(33,36017),(34,13994),(35,26497),(36,15561),(37,25984),(38,2205),(40,32886),(43,16737),(45,20469),(46,33960),(47,30213),(48,25550),(51,34661),(53,15141),(56,21296),(57,29763),(59,14819),(60,5677),(61,18664),(62,28721),(63,26384),(64,34758),(66,16640),(69,32519),(70,32946),(72,35413),(73,10293),(74,17939),(75,1482),(76,29848),(79,9545),(81,16193),(83,33531),(85,7927),(88,525)]	124.569596
511	[(0,10235),(1,25236),(3,12521),(6,11614),(7,17164),(8,21745),(10,25336),(11,23664),(13,12958),(14,9757),(16,3806),(17,27226),(18,12371),(20,12342),(29,34631),(32,25040),(33,8168),(35,19269),(37,27544),(42,30119),(45,15691),(47,8274),(48,5),(51,15845),(55,29060),(58,6518),(62,5981),(63,36559),(64,26150),(65,12917),(68,18324),(72,4630),(76,14678),(82,13293),(83,22267),(84,35036),(85,35959),(88,3054),(89,28332),(90,1345),(91,11393),(92,34457)]	119.219035
512	[(0,30803),(1,17350),(2,16961),(4,23307),(6,19064),(8,24520),(9,2536),(10,17360),(12,6035),(15,32295),(16,871),(18,13332),(23,4693),(24,2451),(25,30177),(27,15861),(28,18467),(29,36160),(33,25562),(34,5200),(35,29513),(36,9925),(39,35738),(40,10671),(41,35228),(42,24754),(43,26819),(44,11829),(48,7802),(52,28849),(55,26825),(57,19466),(60,28971),(63,5907),(64,15187),(65,35814),(68,19744),(69,1053),(70,8893),(72,11863),(75,14583),(76,12064),(82,19299),(83,33572),(84,21510),(86,22136),(87,8902),(90,12347),(91,27552)]	117.866735
513	[(1,28891),(2,10519),(3,31563),(5,29340),(10,26108),(13,31052),(16,5243),(17,16677),(18,27790),(19,20507),(22,15720),(24,3162),(25,11329),(26,1338),(27,15777),(28,7807),(29,25250),(30,14769),(31,27481),(32,357),(33,1301),(34,2321),(35,28194),(36,18507),(39,19887),(40,12415),(41,24808),(43,24161),(44,10349),(46,23713),(50,26268),(51,32470),(52,18756),(53,31787),(54,13812),(55,8351),(58,10904),(59,12512),(61,12133),(63,22908),(66,20068),(67,8771),(70,12537),(71,30532),(72,22099),(73,18509),(74,18345),(75,2307),(76,26192),(79,2196),(80,19124),(84,20995),(85,24692),(86,949),(88,9402),(89,5686)]	148.653670
514	[(1,16003),(2,4144),(3,34714),(4,30498),(5,36714),(6,17628),(7,15624),(8,6900),(9,29541),(10,25570),(11,3438),(12,17296),(13,15803),(15,31018),(16,35677),(19,26237),(22,34559),(23,2370),(25,19441),(26,294),(27,22646),(28,8222),(29,32630),(30,16344),(31,3052),(32,18274),(34,3942),(35,31361),(36,29625),(37,14891),(40,8344),(42,36708),(44,21464),(48,8005),(49,27209),(50,29046),(52,415),(53,5234),(55,7193),(56,10701),(59,27255),(60,2928),(63,370),(64,25343),(65,18796),(66,24576),(67,33323),(69,17638),(70,24964),(72,30714),(74,28531),(75,4467),(78,33551),(79,22218),(80,31657),(81,19716),(82,7032),(83,18994),(85,6893),(86,34172),(88,12554),(90,21373),(92,21965)]	122.392067
515	[(2,1294),(4,35715),(5,21125),(8,7748),(9,5311),(12,7853),(13,7758),(19,13841),(20,31202),(21,2155),(23,36629),(25,28813),(27,28254),(29,30151),(31,15399),(33,25120),(34,14107),(35,24850),(39,22420),(40,13594),(41,27280),(43,8448),(47,26321),(48,15542),(50,29283),(51,20270),(53,28820),(54,23258),(55,8690),(56,14823),(57,4446),(60,4514),(61,7952),(63,32283),(64,36234),(67,5414),(68,17203),(70,15821),(73,24248),(78,34706),(81,10699),(83,17626),(85,29991),(88,6527),(90,20175),(92,5375)]	120.501880
516	[(1,33363),(3,29444),(4,27236),(5,36106),(6,16558),(7,20596),(9,29895),(11,7806),(16,33220),(18,36410),(19,15005),(20,15626),(21,35404),(23,29224),(24,10833),(25,11685),(26,2443),(29,18580),(30,29846),(31,13684),(33,25823),(34,23485),(37,1529),(38,26399),(40,7114),(41,20236),(42,19297),(44,17102),(46,23124),(47,27692),(49,36403),(54,10086),(55,13961),(56,250),(58,6607),(60,16724),(61,16287),(63,36201),(65,9240),(67,32129),(68,9460),(69,32417),(73,12945),(74,30127),(75,16547),(76,7069),(80,16641),(81,30593),(84,13826),(90,9600),(92,16887)]	129.324584
517	[(0,10555),(3,8474),(7,18900),(10,1021),(13,5067),(15,15242),(16,9875),(17,25668),(19,25153),(20,8585),(21,1189),(22,9875),(23,25668),(26,36027),(27,19208),(29,24960),(31,12212),(32,19810),(35,21898),(38,13507),(39,23908),(42,30316),(44,18983),(45,32765),(46,28663),(50,24400),(51,19182),(52,26168),(53,31792),(54,32650),(55,2244),(57,4342),(62,25279),(65,24509),(66,7806),(74,29003),(75,32876),(76,21452),(77,36037),(78,33986),(80,7612),(85,5405),(86,17002),(89,15009),(90,33691)]	120.190553
518	[(1,541),(3,6101),(6,19439),(7,677),(8,150),(9,7653),(10,36345),(12,481),(13,15956),(14,6166),(15,3100),(16,27268),(17,656),(19,12944),(21,19889),(23,28878),(26,12112),(29,32611),(30,35700),(31,17406),(33,20869),(35,33000),(37,36115),(40,9070),(41,34585),(42,286),(45,34683),(49,17522),(50,19914),(51,27633),(54,26527),(55,611),(56,7884),(61,26927),(65,13166),(70,30472),(71,16276),(72,5069),(76,20702),(77,18934),(79,15146),(81,1255),(82,21148),(86,12419),(87,5867),(88,35507),(89,4576)]	121.728428
519	[(2,14074),(3,5753),(4,3314),(6,25750),(7,6476),(11,698),(12,35006),(13,28269),(14,17075),(15,34193),(16,35337),(18,11214),(19,22191),(21,13245),(23,18617),(24,14157),(26,18361),(28,25689),(30,36291),(31,13579),(32,86),(34,27886),(35,27445),(37,28721),(38,15861),(39,1283),(41,36064),(42,18086),(44,690),(46,34899),(47,23687),(53,4729),(54,21134),(55,4135),(59,3171),(60,10139),(61,2691),(62,18514),(65,26505),(67,57),(70,15980),(72,29426),(73,14953),(74,24624),(75,12308),(76,31466),(80,5691),(81,17322),(83,21998),(84,20907),(85,13111),(86,32240),(87,8113),(88,10538),(89,13371),(90,29815),(91,24318),(92,17700)]	126.999395
520	[(0,635),(2,23871),(3,10309),(5,2955),(6,10771),(9,20787),(10,6701),(11,9371),(13,20573),(14,33299),(15,17353),(17,29261),(21,2722),(22,27087),(23,4789),(24,35229),(25,13826),(28,14360),(29,24503),(30,32384),(31,9638),(36,19207),(37,15701),(39,4969),(42,32670),(43,26252),(47,5483),(52,21205),(56,28727),(59,17644),(61,20883),(63,13854),(66,30705),(72,24460),(73,14323),(74,21811),(75,31593),(76,18577),(77,24389),(79,3323),(84,33039),(85,18356),(86,10166),(87,33994),(89,3605),(90,7773),(91,32705)]	110.262092
521	[(0,25301),(2,4666),(3,18318),(4,14911),(5,35745),(6,4363),(7,11203),(9,17079),(11,11512),(14,29075),(15,16848),(16,14276),(19,31484),(24,8131),(25,17692),(26,24100),(27,32509),(28,5695),(30,5543),(31,7774),(34,14660),(36,26064),(37,13158),(39,17138),(40,31206),(41,3914),(42,17069),(44,8522),(45,3992),(46,25337),(48,36348),(50,21679),(51,13979),(52,12115),(53,3906),(54,26659),(56,22957),(58,1256),(59,6959),(60,28603),(61,3373),(62,12866),(64,3372),(65,36098),(66,16203),(67,32017),(70,10145),(71,34974),(72,12058),(74,18120),(75,10168),(76,70),(78,17743),(79,139),(81,5854),(82,29995),(84,11578),(85,10459),(86,27472),(89,24256),(90,30327),(92,504)]	130.883194
522	[(3,11888),(5,35795),(6,9200),(7,35129),(9,11736),(10,11966),(15,13221),(16,32598),(18,3332),(22,4388),(23,4162),(24,23748),(26,5797),(27,9804),(29,31951),(35,5911),(36,27762),(38,33953),(39,33720),(40,284),(41,8926),(46,11098),(49,4606),(50,14943),(51,29885),(52,3233),(55,15740),(56,7700),(57,27520),(58,6778),(59,35974),(60,6979),(61,4636),(63,6826),(65,36655),(67,1961),(71,197),(72,165),(73,11328),(77,16734),(80,1185),(82,6906),(83,9750),(84,17681),(85,1078),(87,7074),(88,15361),(89,13440),(91,6414)]	121.062366
523	[(0,5896),(1,32763),(2,1455),(3,20219),(4,10320),(6,26658),(10,9255),(11,16934),(14,30236),(15,17621),(16,17352),(17,2366),(18,35293),(19,30682),(20,32608),(21,32807),(22,18315),(23,11096),(25,6979),(26,4636),(27,28041),(30,10507),(33,19553),(34,27298),(35,21747),(36,19133),(37,27052),(38,34710),(40,31588),(41,24207),(42,2310),(44,15213),(48,36654),(49,23885),(51,21953),(53,10739),(54,7609),(57,30635),(58,35266),(59,11023),(60,992),(64,4101),(66,7385),(67,2362),(68,4816),(69,23531),(70,25035),(72,32931),(73,3903),(74,5213),(77,13884),(79,3183),(81,8023),(82,30135),(86,10920),(87,34945),(92,5822)]	112.257665
524	[(1,34646),(3,31460),(4,697),(5,27440),(6,36633),(7,26718),(8,7468),(10,33066),(11,22827),(12,19805),(14,21255),(15,14455),(16,32479),(17,25465),(18,5475),(19,4977),(20,16245),(23,7011),(27,624),(28,8824),(29,23933),(31,35730),(32,15043),(33,2049),(36,23847),(37,8814),(38,9557),(39,21899),(40,30657),(41,14395),(42,28920),(44,27581),(45,15964),(49,2157),(51,23155),(53,22625),(54,5114),(55,20569),(57,25996),(59,19576),(61,2078),(62,14291),(63,26189),(64,28865),(65,3935),(66,26195),(68,20811),(69,32082),(75,16534),(77,32363),(78,782),(79,21524),(82,555),(84,10514),(86,6330),(89,8029),(90,25358),(91,19301)]	109.759584
525	[(0,9409),(1,11042),(3,8197),(4,21848),(5,13964),(6,20347),(8,28891),(10,35582),(13,17556),(15,19085),(16,16490),(18,31040),(19,18929),(21,24702),(22,33806),(23,24189),(26,6061),(27,8007),(30,24097),(33,8142),(34,30538),(35,3607),(37,32502),(39,12613),(41,27088),(42,842),(43,11682),(45,3088),(47,31815),(50,4480),(51,8396),(52,30666),(53,33328),(54,27547),(55,3856),(56,27851),(57,14546),(58,5201),(59,455),(62,25738),(63,26388),(65,9242),(66,13163),(67,1060),(68,5813),(69,16791),(72,26475),(73,28302),(74,18925),(76,7713),(80,4863),(81,15189),(83,11298),(85,29963),(86,32480),(88,8975),(89,25221),(91,20114),(92,29472)]	111.416449
526	[(6,4291),(10,15656),(11,25020),(12,20327),(13,34813),(15,36071),(18,26033),(19,7174),(21,9294),(22,22269),(23,13784),(24,6790),(25,18892),(26,25134),(27,8195),(29,31703),(30,245),(32,31899),(35,22500),(36,32163),(37,27138),(41,17374),(43,34741),(47,660),(48,14434),(49,15961),(51,5385),(52,8392),(56,23679),(57,14448),(60,3724),(61,6896),(63,30797),(65,26457),(67,8282),(68,33215),(69,36279),(71,7380),(72,32372),(75,24109),(78,33898),(79,25068),(80,18606),(81,35179),(83,10809),(84,7499),(86,3109),(87,2430),(89,18032),(92,9557)]	131.913177
527	[(0,5806),(1,8284),(3,23843),(4,6836),(6,4355),(11,30277),(12,14337),(13,15652),(14,17522),(16,21295),(17,12693),(18,9756),(19,7948),(22,20038),(23,8308),(24,21887),(25,10154),(26,6241),(30,35542),(32,35727),(33,12202),(36,31211),(37,35154),(39,12765),(40,11493),(41,21258),(43,11200),(45,1336),(47,11033),(48,16795),(49,34536),(50,1786),(51,13955),(53,25691),(54,17453),(56,27946),(57,28230),(58,26943),(59,21602),(61,24535),(63,24879),(64,32364),(65,11131),(66,7565),(69,31970),(70,5561),(72,10321),(74,8310),(76,5407),(77,16417),(78,4405),(79,13876),(82,21366),(83,20370),(84,7662),(85,24635),(87,3514),(88,15767),(91,21388),(92,31589)]	115.557377
528	[(0,14731),(3,15325),(5,3073),(7,12880),(8,22503),(9,6046),(11,17769),(12,23483),(13,7748),(14,5512),(16,20255),(18,28435),(19,5452),(21,27141),(22,18390),(23,11097),(24,24613),(25,29159),(26,14740),(27,14544),(28,29506),(31,10507),(32,28085),(33,17930),(37,16484),(39,20164),(40,2642),(41,20722),(46,2300),(47,6764),(48,25607),(50,22363),(55,32131),(58,1253),(64,5643),(65,18191),(66,7073),(67,12827),(69,1280),(70,3353),(71,35711),(72,2334),(73,2608),(75,25050),(78,5051),(80,29806),(85,36361),(86,30554),(87,19394),(88,36340),(89,11212),(90,31381),(92,2146)]	108.979187
529	[(2,13418),(3,26820),(4,21813),(7,1117),(11,281),(12,8560),(16,13590),(18,23000),(20,9613),(22,26487),(24,14051),(27,17384),(28,21821),(29,16618),(30,9568),(33,34605),(34,28022),(35,17020),(36,2772),(38,14908),(39,23014),(42,27032),(44,35823),(48,28780),(49,22710),(51,15080),(52,12495),(53,1648),(54,35770),(56,27553),(57,33895),(58,27637),(59,3370),(61,1660),(62,9264),(63,17505),(64,1568),(65,22129),(67,33341),(69,34417),(71,891),(74,181),(78,12819),(79,36222),(82,4006),(86,7238),(88,31734)]	111.865562
530	[(0,18919),(3,31228),(4,22718),(5,30136),(6,11832),(10,23011),(11,20711),(12,4824),(13,339),(15,30265),(16,25389),(17,22316),(20,33414),(21,13675),(22,105),(23,4887),(24,7138),(26,31851),(29,8995),(30,27602),(33,879),(34,24042),(35,11976),(36,27651),(38,31137),(40,13861),(42,17171),(44,17301),(46,171),(47,31184),(52,26306),(53,146),(55,2268),(56,207),(57,11650),(58,32491),(60,28223),(61,28471),(63,19974),(65,18104),(66,34247),(71,10197),(72,20468),(74,3880),(76,5027),(78,7160),(80,1998),(82,10399),(83,8465),(84,16688),(85,14146),(87,22832),(88,8727),(89,13397),(90,19782),(91,35242)]	143.446833
531	[(5,28122),(7,8826),(9,26661),(10,1849),(12,1564),(13,35381),(14,34897),(15,11178),(16,8949),(18,5623),(19,31302),(20,17586),(26,26385),(27,33480),(28,19773),(29,13553),(30,28875),(32,34162),(34,30789),(35,25774),(36,24126),(37,29696),(38,7844),(39,12784),(40,4968),(43,26505),(47,34516),(48,16322),(49,11351),(50,7381),(51,32189),(53,6554),(55,24015),(56,16817),(58,33020),(60,4969),(63,5328),(66,20575),(67,26752),(71,34203),(72,30488),(73,12235),(74,32382),(76,605),(77,30602),(78,32032),(80,23579),(82,8935),(83,20321),(85,14882),(86,26088),(87,9876),(89,35316),(91,18537),(92,27493)]	110.822303
532	[(3,26214),(4,10748),(5,15308),(7,558),(8,22792),(9,22332),(13,11190),(17,7418),(19,5878),(21,31406),(22,20067),(23,30357),(24,9985),(25,27538),(26,35540),(28,5288),(29,6842),(34,7720),(35,35251),(36,26664),(39,10092),(41,5841),(43,10402),(44,10894),(46,34045),(47,6885),(52,34007),(54,31023),(57,25985),(58,2320),(60,11129),(61,5197),(63,20973),(64,32133),(65,18511),(66,25626),(68,28611),(71,33448),(73,23984),(75,30090),(76,995),(77,18031),(78,22020),(79,27172),(81,1718),(82,12969),(83,19788),(84,19565),(85,9035),(87,16456),(89,1640),(90,23047),(91,6345),(92,10663)]	115.923901
533	[(0,32401),(1,22878),(2,23882),(4,6126),(5,33244),(6,11427),(8,6792),(9,10478),(10,24513),(12,6445),(14,2352),(17,3897),(19,6059),(21,17477),(23,26296),(24,6420),(26,35439),(27,11148),(29,18069),(34,13092),(37,19085),(38,16490),(41,26499),(42,16378),(43,20557),(44,13389),(47,27886),(48,21190),(51,7975),(52,30686),(53,814),(54,35249),(55,2852),(56,7803),(57,20094),(59,35563),(60,4899),(61,24398),(62,5368),(63,14533),(64,7025),(65,26578),(68,24062),(72,24968),(75,11749),(77,6494),(78,28874),(79,36056),(80,29492),(81,22511),(83,2067),(84,28278),(88,7337),(89,9318),(92,18369)]	114.465664
534	[(0,4142),(1,22991),(4,9365),(9,4593),(14,21645),(15,8902),(16,21287),(17,16218),(18,4193),(19,31920),(20,20489),(21,15172),(22,16991),(23,11929),(24,33860),(25,15793),(26,20675),(28,3014),(31,20233),(32,10560),(33,23016),(34,24354),(36,9934),(39,22480),(40,18256),(41,16297),(42,32609),(44,30869),(45,7202),(46,14930),(49,801),(54,7955),(56,28699),(57,945),(61,23343),(62,5603),(65,297),(68,35974),(69,6979),(70,4636),(72,24103),(73,8006),(75,17221),(77,28772),(79,18726),(80,36393),(83,6932),(85,16039),(86,14752),(87,788),(88,2910),(90,25607),(92,21650)]	117.981647
535	[(0,23821),(2,7401),(3,22740),(5,23641),(6,19365),(9,9495),(10,21958),(11,11042),(12,17207),(13,20357),(14,12457),(16,32464),(18,10515),(19,24087),(24,32655),(25,25209),(26,3582),(27,28573),(28,6977),(29,33709),(30,32694),(31,10517),(32,23791),(34,1159),(35,31309),(36,19338),(37,29322),(40,25437),(44,12142),(45,35494),(46,35472),(47,27017),(48,1866),(49,27127),(50,22136),(52,9716),(54,26531),(55,216),(56,7290),(57,17794),(58,25223),(59,33825),(60,33058),(61,17954),(62,35584),(67,1615),(68,7878),(69,15874),(70,6765),(71,25178),(72,32030),(75,32893),(76,18105),(84,2765),(87,20476),(90,26529),(91,19475),(92,17135)]	122.181999
536	[(1,4379),(2,29234),(5,23671),(7,17958),(8,1803),(9,2795),(11,23433),(14,17399),(15,27411),(16,14984),(19,14601),(21,36005),(22,30364),(23,7569),(25,1293),(27,3943),(28,16221),(29,36578),(31,26991),(33,36228),(35,17870),(36,3164),(39,26798),(40,12263),(41,35993),(45,4732),(47,27111),(49,30659),(51,15871),(52,30722),(53,19127),(54,2656),(61,1936),(62,31397),(63,20764),(68,3086),(69,25820),(70,18182),(73,4284),(75,18888),(76,23951),(79,29947),(80,22378),(81,32545),(82,29776),(87,21612),(89,31853),(90,5539)]	110.537198
537	[(0,36694),(4,18150),(6,4046),(9,285),(10,33934),(11,19009),(14,24026),(15,25443),(16,18209),(19,24501),(23,4174),(25,18450),(26,30487),(27,16731),(29,35478),(32,2901),(34,9729),(36,12868),(39,16544),(40,27297),(43,9213),(47,545),(48,22659),(50,11211),(51,23996),(52,6516),(54,20020),(56,16783),(57,7661),(60,6874),(61,25446),(64,6630),(65,21866),(66,1682),(68,25344),(69,22561),(70,20027),(71,26926),(72,21630),(73,9032),(74,7709),(75,18981),(78,5734),(79,17954),(80,35584),(82,15945),(83,16390),(86,17815),(87,32120),(88,8433),(89,20815),(90,11470),(91,21816)]	108.686080
538	[(0,28571),(1,6360),(3,7435),(5,30444),(6,27252),(7,7770),(8,7270),(9,34987),(13,21843),(15,12430),(16,6594),(18,33288),(20,660),(23,36691),(26,23482),(28,14845),(29,847),(31,12537),(34,3917),(35,34535),(37,868),(39,13535),(42,1022),(43,11836),(44,1612),(47,33259),(48,11569),(51,34183),(53,19402),(54,10588),(55,2163),(61,8144),(64,11863),(65,7799),(67,10559),(68,22180),(69,7449),(70,11320),(71,35074),(72,35246),(74,32281),(75,4514),(77,21091),(79,15507),(80,20851),(82,4554),(83,10064),(84,14770),(85,33651),(86,16590),(87,14810),(88,5529),(89,1556),(90,28456),(91,10198),(92,23718)]	108.680167
539	[(0,23576),(3,22991),(4,22179),(5,2985),(6,5732),(7,15077),(9,32199),(10,2107),(11,29533),(12,28914),(13,21508),(14,10245),(17,7983),(18,6682),(19,13771),(20,19378),(22,29633),(23,34644),(24,18700),(25,23261),(26,30267),(27,26387),(28,28532),(30,7926),(33,1789),(35,20422),(39,19714),(42,12214),(43,1423),(44,21268),(49,6413),(50,24777),(51,8217),(52,25314),(54,35497),(55,24298),(56,20902),(57,12098),(58,10561),(59,28603),(60,10195),(61,23617),(63,28668),(65,8037),(66,28513),(67,13210),(69,2467),(70,19587),(71,4221),(72,19103),(76,16924),(78,20819),(79,7936),(80,36411),(84,4587),(85,8092),(90,23561)]	136.433498
540	[(0,436),(1,36249),(2,36407),(3,7736),(4,18866),(5,19923),(8,30574),(9,10451),(11,34184),(13,26345),(14,19753),(19,35040),(25,9439),(28,28878),(31,35716),(33,3079),(35,33548),(36,35240),(37,727),(38,29996),(39,13197),(42,28905),(43,24031),(44,29263),(48,34919),(50,15953),(51,13125),(52,1959),(53,9734),(54,33686),(55,26534),(56,35433),(57,10994),(58,3281),(59,1604),(60,10361),(61,5305),(63,4216),(64,32784),(65,19503),(66,9496),(67,18197),(70,12900),(71,27598),(72,35524),(73,30395),(74,22547),(75,24821),(77,10267),(78,20605),(79,15316),(82,11365),(83,8100),(84,35624),(85,23611),(88,9716),(89,1371),(90,17694),(92,26568)]	113.085309
541	[(0,4037),(1,12859),(6,13200),(7,20952),(8,31762),(9,11473),(11,26595),(15,4558),(18,19561),(20,16844),(22,19469),(23,10809),(24,7499),(26,21804),(32,665),(35,31823),(37,778),(38,126),(43,11666),(44,24526),(45,13300),(47,35838),(51,2022),(54,3185),(55,12693),(56,9756),(58,10102),(59,6392),(60,20952),(61,5482),(63,8951),(64,23390),(66,7885),(67,21612),(69,17507),(72,30600),(73,20761),(74,30051),(75,31393),(76,2040),(77,29155),(80,25694),(81,26609),(82,23304),(83,131),(84,23866),(85,22540),(86,24525),(90,20760),(91,7828)]	111.701231
542	[(1,3572),(5,7349),(7,6481),(9,24177),(10,14108),(14,14343),(15,4185),(16,29495),(17,16623),(18,34902),(19,28048),(20,33993),(21,13496),(22,27611),(23,27066),(25,14276),(26,25120),(27,14107),(28,26983),(29,32934),(31,30065),(33,18178),(34,13173),(37,9234),(39,23662),(41,26707),(42,15318),(43,17014),(44,15037),(45,29048),(47,34794),(48,27673),(49,3755),(50,29897),(51,5140),(52,29254),(53,31281),(54,28480),(55,33345),(56,20445),(57,6891),(59,29568),(60,5326),(62,18125),(63,22530),(65,7985),(68,2568),(70,30517),(72,1481),(79,22505),(80,836),(82,21758),(83,17175),(85,33904),(88,19317),(91,34285),(92,15040)]	116.167594
543	[(1,34543),(2,13795),(6,11614),(7,5204),(10,16128),(12,12192),(14,11797),(15,4080),(17,3043),(18,3222),(19,26767),(21,16296),(23,6391),(24,6216),(26,15435),(27,1881),(29,22095),(30,16792),(31,10567),(32,30213),(33,17997),(35,24898),(36,31823),(40,3143),(41,23942),(43,13912),(44,7029),(46,27556),(47,32849),(49,34131),(50,1719),(51,29457),(53,21550),(54,15226),(55,15377),(56,26496),(58,14699),(60,21102),(67,4181),(68,20852),(71,4268),(73,34550),(74,22731),(75,18925),(76,33410),(77,16059),(80,14997),(81,8774),(84,6545),(85,22977),(89,26623),(92,685)]	116.753516
544	[(0,2008),(2,12623),(4,3727),(6,11277),(10,6102),(11,6891),(14,9149),(15,19543),(17,4137),(18,29437),(19,864),(20,18523),(22,5004),(24,34111),(27,14478),(28,36137),(29,734),(31,29309),(32,36120),(33,12080),(34,23098),(35,16619),(36,11379),(42,13),(43,4109),(44,17117),(45,22846),(49,35577),(50,33545),(54,389),(55,36156),(56,31712),(57,25324),(58,14449),(59,26812),(60,2641),(61,20460),(62,2610),(65,26564),(66,30203),(67,14315),(69,428),(72,36280),(74,23412),(79,26562),(80,3176),(81,29768),(82,1484),(83,29436),(84,9657),(88,34949),(89,7767),(91,12000)]	120.778881
545	[(0,31630),(5,15870),(7,6865),(9,1307),(11,26321),(12,10156),(14,32199),(17,7380),(18,32372),(21,1175),(23,14818),(24,34797),(25,3092),(26,17542),(28,15402),(38,27364),(40,33429),(41,9838),(42,20240),(43,30934),(45,6413),(50,21576),(51,8237),(52,10664),(55,2573),(59,24411),(62,1544),(63,773),(64,16668),(67,14800),(68,32820),(70,27450),(71,25577),(75,7346),(79,4183),(80,27580),(81,6621),(82,25047),(85,3840),(86,13872),(88,11726),(89,15165),(91,9115),(92,12931)]	118.080589
546	[(0,7633),(1,15248),(3,7206),(4,26857),(5,4400),(6,2914),(7,9999),(8,9284),(9,20338),(11,1839),(15,28878),(19,17679),(20,20815),(21,750),(22,6776),(23,27119),(24,9772),(27,7146),(28,21628),(29,16407),(30,14220),(31,11175),(32,31852),(33,21575),(35,31014),(36,27952),(37,34503),(39,14033),(41,15831),(42,8378),(43,33395),(44,17174),(45,25127),(47,19578),(48,7056),(50,22833),(51,11789),(53,36132),(54,7010),(55,6025),(58,36411),(61,3989),(62,16727),(63,23062),(69,10648),(71,28295),(72,10727),(73,13905),(76,19634),(77,12016),(79,20716),(81,15118),(85,16026),(86,8544),(89,17383),(90,13077),(91,30569)]	115.292421
547	[(7,10806),(10,26389),(15,10784),(16,13487),(19,33895),(20,27637),(21,27131),(22,25624),(23,9544),(25,33458),(26,22361),(27,2594),(29,8668),(30,7373),(31,12433),(32,32062),(34,19916),(35,9258),(37,31206),(40,21257),(41,22945),(42,26193),(44,21704),(45,21117),(47,2840),(48,26327),(50,35173),(54,29562),(56,1505),(57,30523),(58,21563),(59,17955),(60,33740),(61,502),(62,17756),(63,18804),(64,34478),(65,22446),(66,30002),(69,24426),(70,26520),(71,35634),(72,18219),(73,26876),(74,29985),(80,24434),(83,15947),(85,16446),(87,15163),(88,35299),(92,20602)]	145.144603
548	[(0,30529),(1,21038),(6,23663),(10,11979),(11,25858),(12,23126),(14,5186),(15,23848),(17,26503),(18,14032),(19,36585),(20,12588),(22,24009),(24,16140),(25,2953),(28,21764),(29,10177),(30,2830),(31,31283),(34,9290),(37,300),(40,3899),(41,18415),(43,35891),(44,25017),(45,10884),(47,36409),(49,22955),(51,8122),(55,36660),(56,4659),(58,4970),(60,20028),(61,23689),(62,29435),(63,14050),(64,31364),(65,4059),(67,16356),(68,29329),(70,34711),(72,1009),(74,34062),(76,35508),(79,36332),(80,8918),(82,21465),(86,13779),(87,31514),(88,30350),(90,4709),(91,26211),(92,16939)]	113.798967
549	[(0,2473),(1,26995),(3,16564),(5,27215),(6,17692),(7,18253),(8,34553),(14,25924),(17,25227),(18,1728),(21,16827),(23,15850),(24,16950),(25,24595),(26,36355),(30,20565),(31,21976),(32,2641),(35,17892),(37,12770),(39,20084),(40,5492),(45,21387),(48,27938),(53,2213),(54,34534),(55,28464),(56,17014),(57,10247),(59,18140),(62,36012),(63,21319),(64,9126),(66,22647),(67,23374),(70,8345),(71,20238),(72,23041),(75,19071),(77,31648),(78,18254),(79,8729),(81,36494),(82,15644),(83,18876),(88,3858),(89,15230),(91,36067)]	117.427133
550	[(0,34979),(1,6577),(2,20626),(4,12844),(5,32147),(10,1852),(12,6084),(13,12744),(15,13389),(18,17327),(19,23828),(21,27875),(22,3046),(24,17664),(25,27597),(26,27085),(36,35108),(37,4168),(40,13033),(41,17976),(44,19410),(45,31547),(46,24915),(47,6784),(48,22923),(52,1162),(53,16668),(55,28284),(56,18197),(57,34817),(58,6987),(59,13223),(64,4718),(65,24097),(66,9662),(68,9258),(71,6154),(72,25111),(73,33277),(75,34524),(77,8465),(78,16688),(79,9862),(81,24457),(82,10746),(86,26139),(87,12955),(88,30737),(89,30515),(90,10404),(91,471),(92,10403)]	124.073708
551	[(0,6213),(2,35055),(3,8720),(4,16732),(6,34581),(7,27231),(8,34795),(12,1631),(13,21805),(18,16843),(21,23253),(26,16814),(27,12964),(30,27625),(32,17492),(33,19912),(34,30268),(35,26137),(36,11897),(37,9844),(39,12559),(41,23314),(42,12291),(43,28538),(46,11197),(49,15385),(50,17221),(51,24546),(52,33528),(53,35538),(54,4158),(55,8858),(56,22674),(58,31570),(59,952),(60,32696),(61,22553),(62,24893),(66,175),(69,17513),(70,56),(72,26414),(74,31258),(75,30119),(76,33630),(77,33908),(80,30074),(81,25944),(86,17793),(89,6979),(91,2862)]	119.233494
552	[(0,28267),(2,5101),(4,28992),(7,33811),(8,16067),(10,31492),(11,6333),(12,31595),(13,770),(14,334),(15,22046),(18,33971),(19,19515),(20,14510),(23,32521),(24,16060),(26,17458),(27,7890),(28,35823),(33,1856),(34,21559),(35,11871),(36,7192),(37,15750),(38,27655),(39,25816),(40,11732),(41,8848),(43,30777),(45,27644),(47,27233),(48,28376),(51,32258),(52,2032),(55,19773),(56,13553),(57,7010),(59,19095),(60,10673),(61,13104),(64,27094),(66,29416),(67,15328),(68,32631),(71,12432),(72,24956),(75,30154),(76,21545),(77,13432),(79,4411),(81,23742),(82,12043),(83,8761),(85,20006),(86,29412),(90,35847)]	119.752312
553	[(0,30470),(1,15208),(2,10220),(3,31594),(6,32505),(7,12114),(11,7190),(13,35735),(17,16787),(19,10446),(20,3218),(21,27757),(22,16105),(23,19869),(24,25489),(26,11151),(28,18364),(29,2087),(30,520),(32,9201),(33,14386),(35,31296),(36,26563),(37,5414),(38,17203),(40,21153),(47,18962),(49,5879),(50,849),(51,31978),(52,24957),(55,28869),(57,30433),(58,36613),(60,24087),(63,30634),(64,7932),(65,32204),(67,9108),(71,557),(74,4913),(75,24303),(76,17674),(77,13547),(79,7867),(81,23663),(85,2382),(86,6696),(87,14966),(88,21196),(91,7983)]	118.357421
554	[(0,29526),(1,16220),(6,29398),(7,32619),(10,1492),(13,13746),(14,11134),(16,10968),(20,4859),(24,19471),(30,30787),(31,20086),(33,35173),(36,30233),(39,18392),(41,13114),(42,20834),(44,32724),(48,24930),(50,12554),(51,35452),(52,17968),(53,19709),(54,12174),(55,35360),(56,7685),(57,26689),(59,10472),(60,23717),(61,28312),(62,32772),(65,34284),(68,35097),(69,27429),(71,4550),(72,25504),(73,14320),(75,17462),(76,11011),(77,26040),(80,5556),(81,155),(82,3979),(85,24425),(86,20087),(87,29498),(89,11207),(90,1852),(91,270),(92,15029)]	113.961746
555	[(0,23877),(1,14592),(2,8123),(3,11425),(4,12834),(10,35589),(11,28209),(12,6142),(13,3555),(15,2411),(18,13085),(21,7748),(22,5311),(23,30682),(28,35084),(31,25238),(32,33007),(39,14193),(43,29647),(50,32332),(52,3374),(54,23884),(55,35623),(56,1061),(57,14084),(58,1951),(59,33125),(62,11216),(63,29905),(64,21902),(65,34399),(66,14707),(69,27202),(70,11645),(75,6476),(76,17061),(77,4483),(78,17192),(79,7535),(80,31639),(81,3725),(84,16861),(86,12736),(87,18429),(89,2778),(90,2547),(91,14839),(92,25014)]	112.686868
556	[(2,33648),(5,23913),(8,20529),(10,29215),(11,26198),(13,30590),(15,20328),(17,33937),(22,35621),(25,18098),(26,36269),(27,18134),(30,11611),(31,8797),(32,10010),(33,3849),(37,12249),(38,33407),(40,19402),(41,14978),(42,14765),(43,16909),(45,2610),(46,29558),(49,29254),(52,30909),(53,27320),(54,29202),(57,33893),(58,462),(60,25779),(61,36117),(64,8738),(65,15814),(67,1238),(70,24276),(71,1774),(75,28634),(76,6416),(77,4118),(78,21121),(81,19815),(82,18446),(83,4289),(85,25850),(86,11178),(87,26924),(88,14948),(89,30297),(90,5916),(91,6105),(92,930)]	147.876169
557	[(2,21703),(3,13043),(4,12628),(5,10526),(7,24978),(8,2244),(10,23655),(11,24084),(12,32190),(13,10058),(15,19852),(16,22421),(17,11537),(18,33274),(20,34186),(21,11456),(22,35822),(26,29847),(28,35078),(29,17481),(30,33165),(31,5061),(32,32488),(33,16494),(34,11678),(36,24746),(38,18542),(40,31645),(41,17092),(42,22014),(43,17176),(45,25372),(46,35277),(48,241),(50,30749),(53,21160),(54,32249),(55,17870),(56,15253),(58,23350),(60,20052),(63,25341),(64,10456),(67,10791),(69,9013),(71,12585),(73,3523),(76,25701),(78,22851),(79,21392),(80,17063),(82,10836),(84,274),(85,23707),(87,19787),(90,9874),(91,4934)]	118.737781
558	[(0,22692),(1,2039),(4,26898),(7,22517),(8,14751),(9,4872),(10,25317),(12,848),(13,3398),(14,10952),(17,13983),(18,35232),(19,2733),(20,32687),(24,1046),(25,29012),(26,19311),(28,29825),(31,20126),(32,22263),(33,25817),(34,33865),(35,31729),(36,35062),(38,14979),(39,28764),(40,23015),(41,11367),(45,15002),(46,29961),(48,34626),(50,3443),(51,27660),(52,35680),(56,87),(57,11),(58,13819),(59,27529),(60,4311),(62,21804),(63,23346),(65,5273),(67,35233),(68,23747),(69,16711),(70,4177),(73,21759),(74,33305),(75,27414),(77,15415),(79,21988),(80,28906),(81,29134),(82,5039),(83,8058),(84,1559),(88,4160),(90,23067),(92,28802)]	113.366181
559	[(0,17291),(2,15510),(3,18430),(5,7252),(6,27124),(10,4170),(12,19570),(13,35220),(14,31991),(16,7093),(17,394),(18,17540),(19,27057),(20,35115),(21,29925),(22,31751),(23,18653),(27,33171),(28,26398),(29,35325),(31,16931),(32,14985),(33,12382),(34,17964),(35,25372),(36,4277),(37,25721),(39,26081),(41,665),(43,30561),(45,36078),(47,17992),(48,30202),(49,20716),(52,34794),(53,20503),(54,7622),(57,14624),(58,19390),(59,3026),(62,27662),(64,15909),(65,18423),(66,12359),(67,11003),(69,22191),(70,36277),(72,12774),(73,4431),(74,11077),(75,8939),(78,1768),(81,14087),(85,30778),(87,27373),(88,9992),(89,21959),(92,5073)]	122.329660
560	[(1,14681),(3,35379),(4,4057),(7,35398),(8,7291),(11,34161),(12,22691),(13,28870),(15,16546),(17,5485),(18,28122),(22,30468),(23,14855),(26,2197),(27,4730),(28,24446),(33,10793),(35,555),(37,30679),(39,12299),(40,892),(44,714),(45,35888),(46,18310),(47,30927),(48,34228),(49,2276),(50,32211),(51,20053),(52,5835),(54,18012),(57,26134),(58,20621),(59,17555),(60,31743),(61,32666),(62,28149),(63,8364),(69,5990),(70,29061),(71,36595),(74,27142),(75,22552),(77,4330),(78,25123),(79,7843),(80,17631),(84,4380),(85,6075),(87,31836),(88,26254),(89,5189),(90,10449),(92,31987)]	130.306242
561	[(2,287),(3,18453),(4,22223),(5,15654),(6,11462),(8,12091),(9,32316),(11,17716),(12,13422),(13,17959),(15,10494),(16,25121),(20,28191),(22,35922),(25,11568),(28,3491),(29,24690),(34,33580),(37,12928),(39,19229),(40,24301),(42,3005),(43,10815),(45,10710),(47,13858),(48,27727),(49,17082),(51,11393),(52,34457),(55,17305),(59,29491),(61,13493),(64,24231),(65,24577),(69,14734),(70,34291),(72,27007),(73,14462),(78,33025),(79,17731),(81,201),(82,35056),(83,2729),(84,27511),(86,18183),(88,35097),(89,27429),(90,3787)]	243.740506
562	[(0,27472),(1,11801),(2,21985),(4,10424),(6,25463),(9,8513),(12,21765),(13,25147),(15,14790),(16,4416),(18,6240),(19,9595),(22,23674),(23,25791),(25,19381),(28,16650),(30,26502),(31,18240),(33,18733),(34,26448),(35,20890),(36,677),(37,33475),(38,18426),(42,16244),(43,4823),(44,27709),(47,9035),(49,34296),(53,9339),(54,1394),(55,33730),(57,15452),(58,26024),(59,32094),(61,16431),(62,13894),(63,25555),(64,30319),(67,10170),(68,5077),(69,28904),(71,15944),(72,5643),(73,23488),(76,18294),(77,17786),(81,26780),(82,1472),(89,15993),(90,20742),(91,29807)]	263.187362
563	[(3,14673),(4,21174),(7,34866),(11,36570),(12,31885),(13,14105),(14,15977),(15,32346),(16,2529),(17,30528),(18,23884),(19,13374),(21,26411),(22,31941),(24,21279),(25,15246),(26,1348),(27,34792),(28,7879),(29,6817),(31,24104),(32,1190),(33,31329),(34,9346),(35,10121),(40,32991),(41,28863),(42,272),(44,5048),(49,7695),(52,6527),(53,27907),(55,29207),(56,20522),(58,3338),(60,27671),(61,22574),(63,22833),(64,11789),(65,26982),(68,25903),(71,34135),(72,20219),(75,36181),(77,28130),(78,18627),(79,34250),(80,26591),(81,15265),(82,25354),(88,16985),(89,35544),(92,19401)]	250.776361
564	[(2,10910),(5,2995),(7,16972),(8,28640),(9,22950),(11,32081),(14,15068),(15,23570),(17,16421),(19,19333),(22,5758),(23,2875),(27,31477),(28,18967),(29,27001),(30,20606),(33,20859),(40,32659),(41,22780),(43,340),(45,25588),(48,28300),(49,23724),(50,36549),(51,19992),(52,24396),(54,26906),(57,32212),(59,19903),(60,32097),(61,10388),(65,9836),(67,33821),(69,18135),(71,8854),(72,15652),(73,17522),(74,19914),(75,29368),(78,12866),(79,3437),(81,18204),(82,26829),(83,21225),(84,13883),(85,16351),(87,13681),(88,23937),(89,6486),(90,12573),(91,6647),(92,9220)]	245.850406
565	[(0,6161),(1,4133),(2,31613),(4,12703),(6,27190),(7,26553),(12,17669),(13,5855),(15,7795),(16,29380),(18,13709),(19,32770),(21,11930),(23,5838),(25,18129),(26,6897),(27,11223),(28,22908),(29,29449),(31,13737),(32,35090),(34,5833),(35,11821),(36,28084),(40,10834),(43,6218),(46,3943),(47,16221),(48,11979),(49,12632),(51,5893),(52,34246),(55,17023),(60,4215),(61,18053),(63,508),(66,3728),(68,5763),(70,25842),(71,8374),(72,33589),(75,35738),(76,15551),(77,30253),(78,1517),(79,13182),(81,21617),(83,34030),(84,18420),(86,36524),(87,34563),(88,17790),(92,25951)]	215.696933
566	[(2,3219),(3,36519),(4,2832),(10,21460),(11,36433),(12,9632),(15,33005),(16,22225),(17,33547),(19,14108),(20,20724),(24,36075),(25,28564),(26,28795),(30,33322),(35,24787),(38,4726),(45,17347),(46,27841),(47,26818),(48,5553),(55,32414),(56,2236),(58,28827),(61,8433),(64,27384),(65,23784),(66,18743),(67,35372),(70,22979),(71,8045),(73,9891),(74,13477),(75,13496),(76,27611),(77,19889),(79,28878),(80,8081),(81,27520),(82,6778),(83,3299),(85,14313),(88,20519),(91,5143),(92,34637)]	237.928868
567	[(0,8392),(1,28710),(2,2678),(3,18517),(5,31916),(6,36196),(7,12596),(14,2339),(15,19341),(16,32988),(17,145),(20,28132),(21,34373),(22,6456),(23,22939),(24,34440),(25,36481),(26,14895),(30,29236),(31,12748),(33,14315),(37,32952),(39,4558),(40,1032),(41,19492),(43,29555),(44,32567),(47,18685),(48,34568),(49,34572),(51,36442),(52,23130),(56,34939),(59,7626),(60,33970),(61,32333),(62,7877),(65,17058),(66,18728),(67,36691),(69,27023),(70,732),(71,16875),(73,25996),(75,25760),(76,30741),(77,27952),(80,8690),(82,5501),(83,15170),(85,31006),(86,35496),(87,1665),(88,26433),(90,12773),(91,17869)]	245.532751
568	[(0,36563),(1,16679),(2,16219),(3,7640),(4,24224),(5,26171),(7,5633),(8,36183),(9,4522),(12,2131),(13,24397),(14,2729),(15,27511),(16,18609),(19,3070),(21,361),(22,29534),(23,8171),(26,33265),(27,24194),(28,16736),(29,15528),(33,13024),(37,13954),(38,32121),(41,34539),(42,336),(46,30037),(48,8439),(49,7695),(54,10341),(55,33467),(57,13078),(58,25747),(60,10830),(61,1324),(63,20150),(66,20530),(69,10856),(70,15112),(74,25763),(75,34410),(76,27958),(77,28023),(78,10049),(80,34294),(82,9566),(83,3307),(85,28889),(86,1281),(88,11892),(91,13761)]	243.275015
569	[(1,35915),(2,28646),(3,5381),(5,32439),(6,22802),(7,1304),(8,2884),(9,19487),(10,34867),(13,25567),(19,15915),(20,27866),(21,15137),(22,28214),(23,8983),(25,15030),(26,22081),(28,310),(30,22575),(33,1399),(34,16657),(37,15355),(38,32380),(41,3910),(42,6719),(45,26148),(46,31844),(48,6702),(49,8933),(51,28230),(52,10917),(53,8986),(54,11010),(57,19154),(59,21470),(62,34219),(63,34315),(64,6176),(66,34193),(70,2197),(72,22409),(73,30585),(74,6159),(75,18747),(78,15998),(79,27397),(80,20254),(83,23431),(84,26533),(87,28976),(89,9578),(91,23168),(92,20624)]	238.085633
570	[(2,18663),(6,32863),(7,2025),(8,30448),(13,9196),(15,14886),(16,8086),(18,5278),(19,14470),(21,35405),(22,478),(23,26163),(26,36383),(27,18125),(28,8135),(29,10891),(30,16338),(31,32411),(32,2849),(34,8453),(36,21732),(37,31870),(38,12064),(39,29698),(42,20837),(43,2348),(45,29316),(46,5982),(47,9063),(49,17450),(50,19039),(53,17783),(56,22204),(57,9389),(58,26092),(61,33077),(63,31557),(65,7211),(66,25152),(69,33112),(71,25614),(72,1645),(73,28221),(77,30107),(78,2389),(80,25511),(82,29127),(84,721),(85,23828),(87,11119),(88,20761),(90,7684)]	245.509582
571	[(0,11152),(1,17514),(2,18306),(4,17243),(6,998),(7,17386),(10,5664),(11,20174),(15,11085),(16,5589),(17,9091),(18,19343),(19,9486),(21,15559),(22,3501),(24,23276),(25,5689),(29,19596),(32,7142),(34,3910),(36,3570),(37,19188),(42,35017),(45,19621),(47,19590),(48,16918),(53,23793),(54,1630),(55,1377),(58,7879),(59,3158),(60,10672),(64,8627),(65,3170),(66,971),(67,4925),(68,19537),(69,2216),(70,12050),(71,24732),(72,16768),(74,20459),(76,24670),(77,15874),(78,28616),(79,4003),(80,36628),(82,4867),(84,35097),(85,11901),(86,26262),(88,16371),(89,8154),(90,28930),(91,34006),(92,7711)]	236.719650
572	[(2,35100),(5,8655),(6,31982),(10,33802),(11,25655),(12,2002),(15,23127),(17,9896),(18,29235),(19,8873),(21,24390),(26,2545),(27,22190),(34,735),(35,24723),(36,21762),(43,457),(44,27886),(46,5073),(48,24864),(50,28048),(51,30106),(52,6135),(53,18555),(58,22505),(59,35138),(60,28047),(61,6504),(62,22180),(63,21700),(64,8522),(65,3992),(66,25337),(67,29856),(68,35311),(69,2040),(70,29155),(72,7689),(74,33532),(76,26549),(78,13957),(79,35797),(80,5044),(81,27433),(83,19200),(84,14108),(86,5917),(89,32979),(92,16760)]	252.902731
573	[(1,20863),(2,3334),(5,12216),(9,27682),(10,26545),(13,5972),(14,19606),(15,9309),(16,26600),(17,6907),(18,9078),(20,22686),(23,24562),(24,36028),(29,9707),(35,24112),(38,12015),(39,12740),(40,23321),(42,26397),(45,7366),(48,35600),(49,33101),(50,27639),(51,32848),(53,35308),(54,25013),(55,17663),(56,34116),(57,19040),(59,27624),(60,22772),(61,26590),(63,22584),(64,16325),(65,29573),(66,36275),(67,12622),(68,26662),(69,4828),(70,4312),(71,15538),(72,316),(73,28861),(76,3789),(80,36544),(85,25191),(87,19400),(89,20261),(90,3852)]	250.590504
574	[(0,33119),(1,26700),(3,14276),(4,6813),(5,12918),(6,21186),(7,35625),(8,14781),(9,30392),(11,18490),(15,14205),(16,15234),(17,15383),(18,11575),(19,4261),(22,9717),(25,33856),(27,20102),(30,29550),(31,13069),(32,19093),(34,15613),(35,28573),(36,19845),(39,8646),(43,7715),(46,19038),(47,4075),(48,30950),(52,27490),(53,2916),(57,25366),(59,21855),(63,21818),(64,5376),(65,13211),(66,24056),(67,30515),(69,31230),(70,31574),(71,23473),(73,16016),(75,1883),(77,19241),(78,12924),(79,14921),(82,5925),(83,8339),(87,18452),(91,20745),(92,3962)]	252.759451
575	[(0,6582),(2,31301),(3,30019),(6,27135),(7,4181),(8,11872),(9,31842),(10,17337),(11,36555),(12,32317),(13,5122),(14,7525),(15,22774),(18,15515),(24,3233),(26,14562),(28,30381),(29,2450),(30,22469),(31,26007),(32,12706),(34,23051),(39,35514),(41,29107),(42,30590),(46,27207),(47,20300),(48,4136),(49,21586),(51,6175),(53,2980),(54,30927),(55,23233),(57,33180),(58,464),(59,22969),(60,27066),(61,19118),(63,19464),(64,2450),(65,27214),(66,20665),(67,23287),(69,15009),(70,33691),(74,2735),(76,36513),(77,32579),(78,26528),(79,29676),(80,26516),(84,3302),(85,27497),(88,10321),(90,23431),(91,33169),(92,12175)]	184.121112
576	[(1,15151),(3,36460),(5,16398),(7,1557),(11,7713),(13,17204),(16,31451),(19,13277),(20,20829),(22,19068),(23,10196),(25,6498),(27,27392),(30,36192),(33,32817),(34,15512),(37,18786),(41,34260),(44,6309),(45,9868),(47,10646),(48,4276),(50,2776),(51,33251),(52,32891),(53,20597),(55,16168),(56,16710),(57,3127),(58,21925),(59,4561),(61,11423),(63,761),(65,6922),(67,32673),(68,27316),(69,21163),(70,24504),(72,1014),(73,28237),(74,10885),(75,33139),(79,7910),(89,2126),(90,14718),(92,35828)]	130.311365
577	[(1,17904),(2,36397),(4,826),(5,18420),(11,22191),(14,19029),(15,14683),(17,4642),(18,16996),(21,9929),(22,1967),(23,33236),(24,3213),(25,9886),(27,35949),(29,4350),(30,32350),(32,4980),(34,26669),(35,8314),(41,30835),(42,1217),(43,17737),(44,6823),(46,2059),(48,28644),(50,7083),(54,483),(58,8023),(62,25667),(63,31558),(69,34613),(70,5694),(71,24196),(72,32222),(73,7796),(74,19258),(78,35957),(80,30704),(82,23735),(83,1198),(84,29229),(86,23240)]	145.081840
578	[(0,16001),(2,16724),(3,18596),(4,26970),(6,17467),(8,10487),(10,28964),(12,11026),(15,17344),(17,32326),(18,2688),(23,4184),(27,7221),(31,6852),(32,14231),(33,34815),(34,5375),(37,20252),(39,13081),(42,26286),(43,6144),(45,34581),(48,33417),(49,32441),(50,17253),(58,26498),(60,19715),(62,6797),(64,18637),(66,5154),(67,32817),(68,15512),(71,15330),(72,28136),(76,2572),(77,30399),(79,26359),(80,26622),(81,1831),(82,10362),(84,32331),(85,33691),(88,31074),(89,26740),(90,16328),(92,27291)]	130.592825
579	[(0,27748),(2,21577),(3,18758),(4,11136),(5,13149),(7,34275),(11,1828),(14,33702),(16,25987),(17,32427),(18,16537),(22,25517),(23,23413),(24,35010),(25,27507),(26,8245),(27,25248),(28,29539),(29,33868),(31,22524),(32,25270),(33,31218),(34,29595),(35,28116),(37,26658),(38,15939),(42,14331),(44,20483),(45,11864),(47,17956),(49,35653),(50,5184),(52,15837),(53,35994),(59,3854),(60,7492),(62,429),(64,11651),(65,4608),(68,11664),(71,30173),(72,27434),(73,31559),(74,10419),(75,2793),(77,13603),(78,24747),(79,579),(83,8466),(84,31207),(85,15609),(86,27444),(88,28688),(89,21740),(90,14798)]	112.904832
580	[(0,25963),(3,16415),(4,17537),(7,8251),(11,19901),(14,8315),(17,3243),(18,3755),(20,1460),(25,30277),(28,34598),(30,28661),(32,3074),(33,6446),(34,29196),(35,8645),(36,13621),(38,35697),(39,16667),(41,15224),(44,35655),(46,22849),(47,31392),(48,33290),(49,13930),(50,5825),(53,24242),(56,22717),(58,30084),(60,25278),(61,7942),(62,31948),(64,20321),(69,20595),(71,27161),(74,1832),(75,1107),(76,23209),(78,16422),(80,36181),(82,19213),(84,21329),(86,14678),(89,5445)]	114.435012
581	[(2,19030),(3,24697),(4,31300),(5,34611),(6,6834),(7,35487),(8,35005),(9,20794),(11,14471),(13,32661),(14,6604),(16,9188),(17,12654),(18,25974),(19,12167),(20,19847),(21,10650),(22,13104),(24,69),(25,22289),(26,31615),(27,20211),(29,427),(30,13145),(31,34083),(33,9214),(35,23333),(36,30031),(37,23840),(39,8186),(40,10864),(41,14427),(45,12040),(48,22800),(49,17645),(51,26014),(56,32137),(57,15949),(58,27459),(61,103),(64,25819),(65,6580),(66,23156),(68,17743),(70,1730),(71,16086),(72,35550),(73,11413),(74,21979),(75,7791),(80,17109),(82,9837),(85,8071),(86,21847),(87,24627),(88,5782),(89,11684),(91,24226),(92,32431)]	118.186781
582	[(0,24897),(1,9150),(2,1149),(3,18474),(4,30081),(5,25362),(6,1203),(7,4336),(8,4235),(9,34576),(10,29083),(11,28931),(12,21415),(13,13587),(14,27982),(16,9177),(17,9329),(18,14941),(22,26609),(23,9049),(24,4991),(26,14909),(30,35989),(31,5926),(34,25260),(35,18980),(36,11200),(38,1336),(39,22303),(41,29945),(43,25669),(44,12325),(45,440),(48,7386),(49,20009),(51,2395),(52,25977),(53,4314),(55,19350),(56,18406),(57,1082),(58,16102),(59,20399),(63,12471),(65,30924),(67,21181),(68,30562),(71,8444),(75,5326),(78,29445),(79,36154),(84,3522),(86,23266),(89,15875),(91,22815)]	129.877928
583	[(1,25846),(4,9691),(8,32500),(12,35670),(19,8821),(20,24041),(21,26295),(22,11494),(24,27057),(25,15382),(26,23985),(28,32186),(30,15764),(31,8871),(32,27584),(33,15554),(34,27577),(35,30661),(39,13390),(42,4223),(46,22600),(48,630),(51,2799),(52,5307),(57,11329),(58,3992),(60,20476),(62,20942),(64,26805),(65,33503),(67,7301),(68,13615),(72,1195),(75,13560),(76,12604),(77,30247),(79,26019),(82,10959),(83,14697),(85,5381),(86,15921),(88,11615),(89,24751),(91,20676)]	119.601002
584	[(0,28601),(2,8311),(3,35211),(6,32244),(7,36294),(8,13675),(10,12863),(11,22654),(12,15364),(13,33629),(15,17124),(17,9976),(18,27943),(19,12042),(20,30777),(22,13135),(23,27578),(27,6960),(28,34395),(29,10856),(33,12076),(34,24512),(38,25289),(40,31830),(41,26100),(43,5683),(44,16831),(45,12248),(47,31084),(53,34966),(54,708),(55,11231),(56,27435),(59,26344),(60,9412),(61,26813),(62,1662),(66,35419),(69,7028),(70,342),(72,15887),(74,32464),(75,33321),(77,17295),(78,12730),(81,35341),(83,20011),(84,7154),(87,10570),(88,13899),(92,31017)]	139.080153
585	[(0,17863),(3,23769),(5,28635),(7,30224),(9,11013),(10,14125),(11,10670),(12,23679),(14,8731),(19,9747),(20,4727),(21,9611),(24,22878),(27,14963),(28,18657),(29,16584),(31,29374),(32,24573),(34,22770),(35,33488),(36,35945),(38,7725),(40,27955),(42,3994),(44,7961),(45,33858),(46,20108),(51,15745),(52,7517),(54,35666),(62,24587),(67,34329),(69,2945),(71,10147),(72,36481),(74,34138),(75,36219),(77,24613),(78,29159),(80,23420),(81,9647),(83,29451),(84,36711),(85,29249),(86,9563),(87,22423),(88,34970),(89,4770),(91,19742),(92,831)]	146.087161
586	[(0,113),(2,24938),(4,2840),(5,8268),(6,33961),(7,18796),(8,24576),(9,870),(17,9290),(19,30704),(22,32363),(23,35910),(24,11650),(25,18483),(27,8127),(28,16976),(31,32321),(33,19017),(36,21855),(37,22026),(40,16091),(41,33604),(44,2969),(47,28890),(48,26857),(52,12662),(55,363),(57,24282),(58,31195),(59,27724),(60,23778),(63,23595),(65,11832),(67,22466),(70,30984),(74,19347),(75,30916),(77,36398),(79,3018),(80,4473),(81,33028),(83,9794),(86,13602),(87,14777),(88,25080),(90,18827)]	131.046303
587	[(0,20868),(1,233),(3,22054),(4,649),(6,3821),(7,6525),(9,3727),(10,32896),(12,13017),(13,1397),(17,24007),(22,2853),(25,26145),(27,12390),(29,20559),(30,3603),(32,32428),(33,30049),(37,17160),(40,25344),(41,30257),(43,14153),(47,23139),(50,31689),(51,13046),(53,17345),(54,7879),(55,14115),(57,33297),(58,32999),(63,4101),(64,18279),(66,30088),(67,28402),(68,32797),(70,22602),(71,17101),(73,36608),(74,14348),(75,15672),(77,32628),(78,18818),(79,25937),(80,34610),(81,12719),(82,13350),(83,21701),(84,16367),(88,1963),(89,26785),(92,34442)]	122.666306
588	[(0,12291),(1,2236),(3,28827),(4,18898),(7,19553),(8,25144),(10,28176),(13,19393),(14,27084),(16,8476),(21,14754),(22,577),(24,21096),(25,4171),(26,12815),(27,29915),(29,9043),(32,2994),(33,20874),(34,20874),(36,18),(37,8116),(40,10705),(41,33339),(42,85),(45,10095),(47,13181),(48,27106),(49,25096),(50,4901),(53,24402),(56,2464),(57,27839),(59,18650),(60,26247),(62,23909),(63,34381),(64,963),(65,31469),(66,17693),(67,27513),(68,9481),(70,16811),(72,25902),(73,36156),(75,30961),(77,18898),(78,31834),(81,32613),(82,2841),(84,17626),(85,35762),(87,27682),(88,14832),(89,32600),(90,27212),(91,27230),(92,10251)]	114.825531
589	[(0,27749),(1,12217),(2,20890),(5,948),(6,5878),(7,36251),(8,19765),(10,33848),(11,12391),(12,23820),(13,3836),(15,14538),(16,2119),(20,18264),(21,1838),(22,29879),(23,16605),(24,12432),(25,24956),(26,22425),(27,13451),(28,14383),(29,27393),(32,13406),(36,8093),(38,28356),(39,4312),(40,33640),(41,19094),(43,27879),(44,23456),(45,23593),(50,1258),(51,36223),(54,30252),(56,7241),(57,19850),(59,36661),(60,11362),(61,14837),(62,2119),(63,24694),(66,9587),(67,15136),(68,11066),(70,11349),(71,7695),(75,33844),(76,36359),(77,215),(78,1602),(79,33396),(80,35184),(81,12968),(83,7657),(84,27361),(85,31730),(87,22162),(90,12140),(91,31366),(92,29136)]	117.724143
590	[(3,2587),(4,15138),(6,21462),(10,2375),(11,26030),(12,8460),(13,30381),(14,2450),(15,2108),(17,12378),(18,18092),(19,32268),(20,5670),(21,21995),(22,21816),(28,4170),(32,22668),(34,12250),(35,9754),(37,25874),(39,8291),(41,19393),(42,27084),(47,29406),(49,5466),(51,30490),(52,10036),(53,32810),(55,6209),(56,29518),(57,32372),(60,11994),(62,24044),(64,20140),(65,3810),(66,3741),(67,985),(70,17554),(71,3062),(72,36677),(73,3920),(75,32071),(76,33585),(77,32175),(78,32123),(79,31232),(80,21415),(82,6739),(84,31237),(85,2297),(86,5736),(87,754),(89,24137),(91,13970),(92,28719)]	118.455732
591	[(0,25690),(3,31524),(4,4897),(7,30265),(9,14843),(11,10832),(13,12715),(14,15968),(16,30772),(20,36330),(23,14503),(25,25480),(26,30987),(27,25422),(28,31553),(29,1001),(31,17237),(32,3765),(34,1345),(35,6124),(37,22034),(38,35739),(40,32315),(41,5264),(43,9817),(46,8578),(47,27956),(48,989),(53,23944),(54,6693),(55,21341),(56,22062),(57,8377),(58,21856),(61,1865),(62,8028),(63,32537),(64,901),(67,27480),(68,3180),(70,33659),(71,11705),(72,29341),(73,18687),(74,26394),(77,611),(78,7721),(79,33902),(80,15389),(81,2370),(84,6088),(85,33377),(86,10666),(87,32992),(88,15178),(91,34156)]	112.132257
592	[(0,4637),(5,24650),(10,1402),(17,28768),(18,24276),(25,2834),(35,19298),(36,20230),(38,28235),(41,19257),(45,23647),(46,23732),(48,27030),(51,20860),(52,28998),(55,18129),(58,23619),(59,23107),(60,19076),(61,10228),(62,31553),(65,25467),(66,19394),(67,30357),(71,29742),(72,5340),(73,7972),(75,4661),(77,34292),(79,22766),(80,26983),(81,34452),(84,3309),(85,6276),(86,2383),(88,24848),(90,2686),(91,32971)]	125.067777
593	[(4,411),(5,22904),(6,24506),(9,36173),(10,18897),(13,32521),(14,31724),(17,11350),(18,34366),(19,30989),(20,29926),(22,18800),(24,25987),(25,19434),(26,5913),(28,8366),(29,29747),(30,14093),(32,31229),(34,30490),(35,14078),(36,21221),(38,7882),(39,31408),(41,31072),(42,7065),(44,4821),(46,23065),(48,31624),(49,15595),(50,1920),(51,7435),(52,19765),(54,11960),(55,2673),(56,9524),(60,18443),(61,36240),(64,20099),(65,14596),(66,32789),(67,8331),(68,33270),(69,2989),(71,3534),(73,26917),(74,24596),(77,29738),(79,19783),(80,18798),(82,888),(84,1617),(87,1377),(90,29341),(91,29828)]	156.731053
594	[(0,4982),(1,4462),(3,27679),(5,14757),(7,27731),(9,35399),(10,34580),(11,35213),(12,15348),(15,268),(16,16986),(18,34429),(20,29549),(21,1951),(22,11915),(23,21466),(24,15388),(25,8944),(26,1129),(27,15615),(28,68),(31,26078),(33,27676),(35,31373),(36,17191),(38,3199),(39,7854),(40,30615),(42,1508),(43,2570),(44,5867),(45,17405),(47,34228),(48,5490),(49,2446),(51,15597),(52,30977),(54,35622),(56,31478),(58,34044),(60,4324),(61,1641),(62,16872),(64,16248),(65,1217),(66,11965),(67,16479),(69,28998),(72,12378),(73,21575),(77,35599),(82,14631),(83,33808),(84,9709),(85,1835),(86,4791),(87,23683),(88,13078),(89,32403),(90,11394),(92,29303)]	132.820034
595	[(2,17818),(5,4486),(8,36068),(9,19300),(10,5818),(17,10422),(18,36105),(20,8302),(21,19354),(22,3194),(26,32109),(27,30429),(28,11186),(30,20643),(31,197),(32,27505),(34,19240),(37,14959),(38,29169),(39,35782),(41,26515),(42,4000),(43,28682),(44,3548),(45,20566),(46,17361),(47,20032),(49,25710),(51,10881),(52,26683),(53,3406),(57,34721),(58,35727),(62,2789),(63,4369),(65,6362),(69,33175),(70,32701),(73,13673),(74,11076),(76,29227),(78,2027),(79,128),(81,18369),(83,19487),(84,16902),(88,24751),(91,34156)]	121.789796
596	[(2,35173),(3,28514),(7,26648),(8,27199),(10,10897),(11,27836),(12,36109),(13,31151),(14,34212),(15,6661),(17,6594),(19,33288),(20,12145),(22,21727),(23,16402),(25,20566),(26,8878),(27,21490),(31,10666),(32,12883),(33,17509),(34,28449),(36,9854),(38,29015),(40,50),(42,13423),(43,30840),(44,15719),(46,3736),(47,10643),(48,11542),(49,15338),(52,20823),(54,28833),(55,1117),(56,20079),(57,27585),(60,12670),(62,13686),(63,32231),(64,12944),(65,6285),(67,7470),(69,4861),(71,18935),(72,23013),(74,31085),(77,10260),(80,30563),(81,5717),(83,6665),(84,19986),(87,26049),(91,19288)]	112.052031
597	[(0,23632),(2,5975),(3,5453),(5,7503),(6,28156),(7,8022),(9,3124),(10,10889),(11,4366),(14,28841),(19,26241),(20,25473),(21,4572),(22,23386),(23,29798),(25,14000),(26,25207),(27,31100),(28,14799),(29,20980),(32,29569),(34,22657),(35,10339),(37,17255),(38,6896),(39,16881),(40,29857),(42,17536),(43,10119),(46,21990),(50,11935),(54,11172),(55,21425),(56,3954),(57,17964),(58,25372),(59,16448),(62,19339),(65,3305),(68,17700),(70,20436),(73,32252),(76,5224),(77,36263),(79,13402),(80,33235),(83,23620),(86,26430),(88,16273),(90,7754),(91,20565)]	117.775590
598	[(0,34007),(1,6807),(3,27893),(4,27217),(5,21807),(6,17754),(9,11613),(11,11457),(13,23109),(17,29390),(21,21337),(22,26621),(28,32495),(32,14230),(35,14252),(36,22746),(40,31384),(41,4450),(42,8591),(44,34715),(45,15947),(46,28898),(48,16592),(49,25591),(50,2400),(53,27882),(54,14106),(55,30269),(56,34628),(57,21043),(60,26096),(61,23683),(62,13078),(63,26478),(64,34517),(68,7495),(69,18481),(73,4752),(75,23135),(77,17629),(78,5220),(79,28109),(81,19443),(82,5790),(85,13860),(87,22290),(88,16471),(90,25482)]	121.520024
599	[(1,6099),(2,3766),(3,16732),(6,34091),(7,23313),(9,27634),(11,28423),(12,12829),(13,10071),(15,24775),(16,27287),(17,20115),(18,13637),(22,13097),(23,9610),(24,8631),(25,30234),(27,1122),(28,7239),(30,23797),(34,7324),(41,19215),(44,27429),(45,16857),(46,15382),(48,24298),(51,3783),(52,24237),(53,5320),(54,8031),(57,35139),(58,29788),(59,32458),(60,18525),(62,15463),(63,35086),(64,3981),(65,33036),(67,4749),(68,26627),(72,3213),(73,9886),(76,3188),(78,16783),(79,6599),(81,28749),(82,17088),(83,1557),(84,7204),(87,24213),(88,34814),(92,27248)]	116.071149
600	[(0,1362),(3,6555),(5,14030),(6,32477),(8,34983),(9,684),(11,3582),(12,27061),(13,30295),(14,32728),(15,25834),(16,35945),(17,11589),(19,14669),(21,2181),(22,11531),(24,28466),(27,11266),(33,23060),(34,12520),(37,1709),(39,31930),(41,16837),(43,33959),(47,19783),(54,35141),(55,14393),(56,32897),(58,4300),(59,7332),(60,1205),(62,13485),(63,10019),(64,31324),(65,30427),(67,32858),(68,12329),(69,1444),(71,31679),(72,15772),(74,19216),(77,22260),(80,31509),(81,27364),(84,14074),(86,28469),(88,17570),(92,21993)]	118.760572
601	[(1,4028),(2,29782),(5,16343),(6,12316),(9,35752),(15,24538),(19,17679),(23,19650),(25,15567),(27,3096),(30,35766),(32,9501),(35,35527),(38,20604),(39,28936),(40,17834),(42,14684),(43,24683),(44,2640),(46,865),(47,31698),(50,10183),(51,14859),(52,11979),(53,25858),(54,23308),(55,31138),(56,33262),(59,12965),(60,8252),(61,27409),(62,16110),(64,33703),(65,31697),(68,30306),(69,2480),(70,25450),(71,607),(73,15573),(76,29854),(78,17950),(79,7090),(81,9294),(85,5267),(88,29862),(90,18777),(91,29416),(92,15328)]	126.526304
602	[(2,17900),(3,2970),(4,22645),(7,33336),(10,14642),(11,2940),(14,11439),(15,12541),(16,21787),(17,23583),(19,12416),(20,36130),(23,26539),(26,14812),(27,20628),(28,7159),(29,9676),(33,6356),(35,3588),(36,32725),(37,34857),(38,2578),(39,26050),(40,3995),(41,35982),(42,22211),(45,34666),(47,3168),(49,24735),(50,28655),(51,31182),(53,28638),(54,28072),(55,36375),(56,32394),(61,20071),(63,21641),(66,28466),(67,2561),(69,33201),(70,7353),(71,31096),(72,18304),(73,33404),(75,32108),(76,20967),(78,27250),(79,17610),(81,12506),(82,21496),(83,30241),(86,11919),(88,4391),(92,316)]	148.808199
603	[(0,2161),(2,20914),(3,3798),(4,24016),(5,16073),(6,5508),(7,29853),(10,1768),(11,17395),(12,1007),(13,1471),(15,3972),(20,16342),(21,25957),(26,28907),(27,10334),(28,18108),(29,27340),(30,35401),(32,1960),(33,17556),(34,36441),(35,16851),(41,15201),(44,11575),(47,18282),(48,22369),(49,33768),(50,24356),(51,16956),(52,26892),(54,5549),(55,23997),(56,32125),(58,19886),(62,4894),(63,4190),(64,8582),(65,9949),(67,10082),(69,25401),(70,22032),(71,19359),(74,31147),(76,13021),(78,12136),(79,30709),(82,14203),(83,12438),(85,31065),(87,30051),(92,5140)]	124.048469
604	[(2,15984),(3,16773),(4,10919),(5,14753),(6,9413),(7,25316),(8,11375),(9,26437),(10,17971),(15,31892),(16,10760),(17,18011),(18,16071),(22,32780),(24,25239),(25,19560),(27,15177),(28,17974),(31,14803),(32,1639),(36,18989),(37,19874),(38,28148),(39,6791),(44,20058),(47,31448),(48,32246),(49,13226),(50,4945),(51,35946),(53,30670),(54,13208),(55,32279),(57,10345),(58,26343),(59,12535),(60,4214),(63,13344),(68,9365),(72,31847),(73,3326),(74,34288),(75,11718),(76,11238),(77,6244),(79,2697),(81,10400),(85,27188),(86,8398),(87,6781),(88,4772),(91,16384),(92,17913)]	116.239862
605	[(0,23422),(1,10650),(2,13104),(4,5795),(5,21927),(6,1475),(7,35562),(8,194),(11,16585),(18,30744),(19,21078),(22,4326),(23,3123),(25,23281),(26,8379),(29,800),(32,33964),(33,18527),(34,27490),(36,36476),(37,9268),(38,9010),(40,18746),(42,1773),(43,13238),(44,35438),(46,17185),(47,36295),(48,33209),(49,33520),(50,10753),(51,9363),(52,21062),(53,27608),(55,16645),(56,18347),(59,25881),(60,34103),(62,24269),(64,25758),(65,30824),(66,11783),(68,15355),(72,15544),(73,7590),(74,535),(77,588),(82,5296),(83,27690),(84,30237),(86,31467),(87,362),(91,32062)]	124.910626
606	[(1,31009),(4,4368),(5,12836),(8,11266),(10,14366),(11,32778),(12,21225),(13,10813),(14,16263),(16,35430),(19,16579),(20,20573),(21,32683),(22,26329),(23,20411),(30,22283),(32,25139),(33,14361),(35,7964),(36,32151),(37,21356),(38,888),(43,6566),(46,33315),(47,26617),(48,4841),(50,16989),(51,25724),(52,14884),(53,20470),(54,13129),(55,33129),(57,29279),(58,19582),(59,34629),(60,15627),(61,31913),(62,31363),(63,14486),(64,14922),(65,31919),(66,14648),(67,32648),(68,10764),(73,9153),(74,25433),(75,34025),(77,21809),(78,16402),(79,35134),(81,16665),(82,12524),(84,6048),(85,19219),(87,19531),(88,21194),(89,6300),(91,24117)]	123.178015
607	[(0,20121),(2,36025),(5,18020),(6,10980),(7,30018),(10,36320),(11,14320),(16,15018),(17,34635),(20,33857),(21,26587),(22,26488),(23,28253),(25,22127),(26,34732),(29,34519),(31,10238),(33,18571),(36,16978),(37,31061),(38,6897),(40,3783),(41,8187),(43,7298),(45,277),(46,14208),(47,23974),(49,20389),(51,31530),(52,32894),(53,21933),(54,29592),(55,9712),(56,12423),(57,4887),(58,31488),(60,27592),(62,24503),(63,7958),(66,7893),(67,31562),(69,23618),(73,13567),(74,5566),(75,36400),(78,7692),(80,13038),(82,9568),(83,34342),(84,12187),(85,10138),(87,16431),(88,13894),(89,5305),(90,26030),(91,8460),(92,30381)]	118.747110
608	[(0,11779),(1,30832),(2,8197),(4,10093),(5,28309),(8,25381),(9,88),(10,33586),(11,2005),(12,32983),(13,33233),(16,13275),(17,7551),(19,25394),(20,30894),(22,3612),(25,1047),(28,20933),(29,30533),(30,24889),(31,15079),(37,25039),(39,12904),(41,22125),(43,23560),(44,32565),(46,15778),(51,33803),(52,12501),(54,3293),(55,5750),(59,5130),(60,6853),(63,29223),(64,16938),(65,726),(66,19016),(70,4574),(71,7488),(72,30457),(73,13607),(74,33980),(76,9326),(77,29074),(78,29625),(79,19740),(80,7542),(81,34157),(83,21261),(84,5902),(86,31373),(87,869),(89,33087),(90,8128)]	121.981733
609	[(2,28499),(3,14794),(4,19705),(5,9285),(6,17775),(7,33712),(10,33948),(12,19672),(14,29026),(18,29836),(20,3290),(22,20921),(24,27546),(25,28743),(28,21442),(29,9280),(33,21563),(39,9705),(42,24333),(43,27616),(44,9423),(47,15016),(48,32882),(53,30594),(54,24609),(55,31766),(56,26251),(59,27709),(64,18898),(65,33868),(70,16525),(72,27581),(73,15964),(77,10957),(79,33550),(81,2898),(82,22238),(83,31647),(85,32256),(86,17448),(90,23073)]	127.959586
610	[(3,28810),(5,29101),(7,30613),(8,25054),(12,26572),(13,36437),(16,150),(17,31062),(18,30677),(21,26889),(23,1322),(24,26059),(25,29537),(26,13541),(27,2890),(29,29601),(35,30872),(39,3506),(40,6668),(42,34982),(43,3065),(44,7595),(46,29414),(47,35599),(50,18781),(52,16051),(54,11667),(56,5330),(57,26340),(58,27766),(59,9286),(60,36486),(61,27111),(63,12214),(64,9469),(65,8163),(66,1330),(67,23194),(68,24714),(69,28060),(74,31389),(76,31513),(78,23619),(79,29070),(81,2337),(82,34216),(83,7039),(84,9109),(86,26209),(87,11775),(89,33872),(91,10822)]	146.556783
611	[(0,3470),(1,15344),(2,35251),(3,16495),(5,23886),(6,4358),(7,18536),(8,7681),(9,20342),(10,12173),(11,36439),(12,36727),(14,10601),(15,21989),(18,11196),(20,28276),(21,25478),(22,29665),(23,2627),(27,35949),(28,12728),(29,12913),(31,835),(32,28968),(33,22323),(34,6789),(35,18627),(36,9950),(37,28381),(38,2079),(39,31708),(43,26643),(44,25172),(45,29523),(48,2210),(49,18028),(50,33044),(51,12474),(54,35523),(56,28984),(58,36692),(59,14100),(60,21469),(63,17921),(64,30613),(66,5012),(71,4090),(72,23258),(73,8690),(75,31203),(76,13541),(77,29459),(80,35449),(81,6678),(82,23862),(83,12780),(84,26084),(85,16801),(86,16547),(87,7069),(88,15270),(89,12423),(90,4887),(91,35355)]	115.681380
612	[(1,3242),(2,7112),(3,2257),(4,2922),(6,8470),(8,7862),(10,23301),(14,31306),(15,19163),(17,12399),(21,31939),(23,16760),(25,25308),(29,5863),(33,4212),(35,1000),(36,7383),(39,22399),(40,32135),(41,6468),(43,8604),(44,23515),(45,26136),(48,10510),(49,29079),(50,12074),(51,24687),(52,30078),(53,7720),(54,778),(55,9914),(56,33798),(57,25361),(59,26417),(61,29491),(62,22250),(63,2135),(66,34831),(68,5063),(70,7612),(72,4910),(76,35838),(77,29947),(78,22379),(81,2308),(82,25558),(87,30747),(90,11265),(91,28248),(92,20615)]	109.371787
613	[(1,34925),(2,1902),(3,26643),(4,25172),(5,12894),(7,33961),(8,15782),(9,31568),(10,35541),(11,29020),(12,24219),(13,859),(15,35580),(20,13325),(22,9726),(23,32924),(25,33690),(27,25244),(28,28375),(29,30336),(31,2626),(32,15583),(33,13184),(35,12822),(40,21183),(41,36137),(42,6640),(47,18778),(48,34533),(50,31479),(51,13714),(53,1499),(56,11116),(57,15072),(58,32026),(59,34742),(60,7567),(62,35497),(63,24298),(68,4701),(69,28400),(71,12963),(75,8810),(78,30250),(79,14869),(81,13280),(83,8139),(85,24255),(86,30226),(87,33149),(90,29309),(92,5083)]	121.176675
614	[(0,15520),(8,35353),(11,23748),(12,11463),(14,325),(15,20112),(16,12177),(18,32130),(19,26567),(20,32356),(21,32882),(24,3018),(26,1880),(31,13223),(32,3028),(34,14806),(36,26978),(37,15548),(39,16864),(41,9893),(42,12434),(43,306),(47,17179),(48,24404),(50,20826),(52,24887),(53,1593),(54,12368),(55,23472),(56,31767),(59,3521),(60,33320),(61,25117),(62,12986),(66,34791),(68,18015),(70,21708),(71,13846),(76,6466),(77,3429),(79,11867),(83,16699),(87,25776),(88,29358),(90,7284)]	128.480297
615	[(0,18207),(4,16084),(7,6237),(8,18598),(9,8556),(12,34525),(13,10912),(15,26503),(16,14032),(18,14748),(19,33693),(20,30723),(21,2976),(24,32722),(26,16236),(27,11778),(28,13586),(30,1289),(31,25890),(35,3447),(36,26316),(40,7176),(41,4504),(42,28875),(43,25918),(44,18560),(45,28452),(47,30644),(49,35722),(50,8898),(51,30109),(53,12956),(55,6487),(56,31830),(58,33531),(63,225),(65,7185),(68,34620),(70,32504),(73,36147),(74,24450),(75,20668),(77,2052),(78,10569),(79,23184),(80,13827),(81,10676),(82,6673),(85,32733),(86,8790),(89,3253),(90,33572),(91,34836),(92,9762)]	117.494758
616	[(0,32558),(2,33014),(3,36157),(6,1862),(7,462),(8,7296),(11,26835),(13,25146),(14,24002),(16,21122),(19,4223),(22,36445),(23,27998),(24,3321),(25,24065),(27,14352),(28,5857),(29,19193),(30,23436),(35,6876),(37,31972),(38,2619),(39,30382),(40,2097),(41,31528),(42,19852),(46,24467),(47,27149),(48,25089),(50,33345),(51,19760),(53,30924),(55,24409),(56,20025),(58,30913),(59,6863),(61,27161),(63,26592),(64,400),(65,9194),(66,5115),(67,15798),(68,10549),(69,32641),(71,24796),(72,26178),(73,6280),(74,14936),(78,6183),(79,219),(81,25420),(82,31081),(83,20613),(84,8025),(88,34623),(89,4115),(90,33553),(92,25129)]	113.144075
617	[(2,30474),(3,30806),(5,14249),(7,18981),(9,5634),(10,8636),(11,21381),(13,18295),(15,20552),(17,12990),(21,5836),(22,7459),(23,8646),(24,6211),(32,30069),(33,35004),(36,1353),(38,1697),(40,12302),(41,25582),(44,32719),(46,15818),(49,4011),(50,31914),(56,7104),(57,23198),(58,8671),(59,27779),(61,24499),(64,6013),(65,12949),(66,790),(68,32985),(71,25889),(72,13436),(73,26517),(75,5625),(78,20379),(79,19752),(80,16697),(81,31870),(82,12064),(84,4349),(85,4844),(86,20927),(90,3136)]	113.511679
618	[(0,19509),(1,25940),(2,20672),(3,27276),(4,35392),(5,8813),(7,20821),(8,24796),(10,8808),(11,22556),(14,20170),(16,19224),(19,11121),(20,11581),(21,21963),(23,14252),(24,6591),(25,18339),(27,12680),(29,14448),(31,3202),(32,15075),(33,14987),(34,21096),(35,1994),(37,27662),(41,11308),(42,25924),(44,1118),(45,22080),(46,31776),(47,22033),(48,20773),(49,29351),(50,351),(53,16002),(54,14172),(57,32939),(59,26041),(61,18061),(62,29545),(65,28890),(67,12698),(68,36265),(70,5599),(72,19187),(75,6685),(76,35121),(81,22167),(82,27977),(83,22510),(85,18858),(87,23706),(88,11584),(89,25160)]	142.622042
619	[(0,17456),(1,17120),(2,10308),(3,1485),(4,19100),(10,8807),(15,10636),(16,22537),(17,3972),(19,3395),(20,10488),(22,11590),(23,23794),(24,2974),(26,16861),(27,15431),(28,2852),(29,7803),(30,20094),(31,26891),(32,26521),(33,19848),(34,11637),(35,2462),(39,24636),(40,21116),(41,18625),(43,6208),(44,16790),(47,28087),(48,18356),(49,10180),(50,22674),(51,12414),(53,24633),(54,24884),(55,4266),(58,35405),(60,8890),(61,31339),(62,9410),(63,8557),(65,3969),(67,1341),(70,9618),(73,3933),(75,19205),(78,20215),(81,8356),(83,13761),(87,20493),(88,31131),(90,34612),(91,31947),(92,31758)]	116.983963
620	[(7,10935),(8,21529),(9,10298),(10,15619),(11,18169),(12,23572),(13,34631),(14,12864),(15,28288),(17,11613),(18,28476),(21,28775),(22,14510),(24,32199),(25,35125),(26,7791),(28,36383),(31,30015),(32,31766),(34,35440),(35,30455),(37,3581),(38,27863),(40,12355),(43,12063),(46,22302),(47,35873),(50,24541),(51,28980),(52,21004),(55,21837),(57,918),(58,8917),(59,3286),(60,3251),(61,5709),(65,3826),(66,29319),(67,15485),(70,11512),(72,6394),(73,30572),(74,18480),(77,36640),(79,32125),(80,3205),(81,33832),(82,25938),(83,5516),(84,4599),(86,8994),(88,18511),(91,5765)]	113.350410
621	[(2,28813),(5,26043),(7,2798),(8,7672),(10,17079),(12,4654),(13,34767),(14,3852),(15,27906),(17,21720),(18,6765),(19,18522),(20,36727),(21,8950),(23,5906),(27,576),(29,24588),(32,11708),(37,9982),(40,9487),(42,25204),(44,33451),(45,36388),(46,33719),(51,5425),(52,31962),(53,2414),(54,6780),(55,16709),(59,9450),(60,18213),(63,28950),(67,11283),(68,30712),(69,30864),(72,31100),(73,14799),(74,2689),(75,10431),(76,1744),(77,17935),(78,31522),(79,34817),(80,6987),(81,35448),(82,7766),(83,32636),(85,30950),(90,960)]	112.189096
622	[(1,29599),(3,16450),(7,36217),(8,14657),(10,19920),(11,28238),(12,12586),(13,34272),(15,15500),(20,1127),(21,2057),(25,27980),(26,21233),(28,16323),(31,14677),(34,11562),(35,7956),(37,29535),(38,33130),(39,1551),(41,24269),(43,25758),(44,3203),(45,14317),(54,31923),(55,30951),(56,9923),(57,9329),(59,14860),(60,15163),(62,35570),(63,14493),(66,27293),(68,24669),(72,6090),(73,6682),(74,13771),(75,273),(77,1143),(78,6238),(80,5525),(82,5943),(84,33420),(85,12374),(89,11384),(91,1782),(92,14447)]	132.950514
623	[(1,26680),(2,4108),(3,12958),(5,18033),(6,5008),(7,31373),(8,869),(9,33040),(10,3907),(11,21319),(12,9126),(16,29779),(17,33219),(18,33962),(20,35051),(22,11339),(23,1580),(24,31979),(25,1497),(27,835),(28,28968),(29,22323),(30,6789),(31,18627),(34,25181),(37,17165),(38,25910),(45,17995),(46,14262),(47,14671),(50,27107),(51,9993),(52,31049),(54,15907),(59,710),(60,17890),(64,26882),(65,15007),(68,33675),(69,26032),(70,3215),(71,25634),(74,12036),(75,21399),(76,17927),(79,25167),(80,10233),(81,28514),(82,1771),(84,20025),(86,5023),(87,33272),(88,13481),(89,27344),(90,18310),(91,26254),(92,32445)]	117.906217
624	[(0,9617),(2,20768),(5,25942),(11,34345),(13,6076),(14,26326),(15,7630),(18,19020),(19,22381),(21,12348),(22,30331),(23,15914),(24,5257),(25,1731),(27,16481),(29,19439),(30,677),(32,3485),(34,32019),(35,1634),(37,20740),(38,24234),(39,32669),(42,9512),(43,1405),(44,30879),(46,10240),(47,19697),(50,35542),(53,16252),(54,29820),(57,35863),(58,31488),(59,36699),(62,33778),(63,16196),(65,31599),(67,34580),(68,19240),(70,529),(71,2434),(72,23692),(74,6865),(75,25165),(78,32861),(84,14065),(85,9947),(87,15579),(89,20934),(90,27442),(91,3507)]	117.688620
625	[(2,23655),(5,1712),(8,36575),(9,20089),(11,28242),(12,16406),(13,36271),(14,796),(16,36168),(17,6902),(22,5501),(24,11651),(26,24286),(32,18667),(33,5575),(35,12923),(36,23661),(38,2943),(39,6931),(40,15193),(41,34981),(42,846),(45,12073),(47,33010),(48,20328),(53,32910),(55,24105),(56,16778),(57,8873),(58,15942),(59,16005),(60,6950),(61,3913),(62,14686),(64,25073),(65,28816),(68,10572),(70,9969),(71,23112),(72,18309),(73,17214),(74,31781),(75,20712),(76,35876),(78,27602),(79,36049),(81,4506),(82,32904),(83,1323),(84,12788),(86,27977),(88,6940),(89,24839),(92,2629)]	121.658381
626	[(0,28571),(1,13758),(2,33770),(3,8095),(4,27386),(5,18824),(6,34967),(7,17685),(8,33668),(9,22447),(11,1027),(12,26898),(13,19140),(16,21104),(17,14644),(19,29618),(21,12338),(22,1294),(23,32055),(24,31838),(25,34536),(26,2463),(28,23929),(29,26961),(31,28781),(33,26803),(34,22234),(36,14217),(37,28433),(38,29763),(39,12091),(40,27568),(42,8646),(44,34356),(46,8793),(47,24804),(48,29972),(50,36397),(51,31522),(53,17776),(54,34330),(56,36485),(57,23971),(59,25837),(60,19271),(62,20650),(66,21073),(67,9250),(69,1757),(71,21488),(72,8180),(74,21401),(75,20898),(80,31913),(82,36617),(83,10274),(88,55),(92,6509)]	131.644746
627	[(0,759),(1,28036),(2,15191),(6,22417),(8,30088),(11,14964),(12,22849),(13,26386),(14,18412),(16,32096),(18,25305),(22,21382),(23,16813),(24,27415),(25,28320),(26,26260),(27,8687),(33,10058),(34,15873),(36,28788),(39,10792),(43,19903),(44,22172),(45,23931),(49,31916),(51,19639),(57,5119),(61,15303),(64,28897),(65,15403),(68,954),(69,19306),(71,8290),(74,13321),(76,31253),(77,13699),(78,5579),(79,22926),(80,27837),(83,10504),(84,10546),(88,10306),(89,20673),(90,16324),(92,8842)]	134.333626
628	[(1,27571),(2,15283),(4,5969),(6,11089),(7,27746),(9,13899),(10,17197),(11,5224),(13,31522),(14,34817),(15,6987),(16,13223),(19,13621),(23,8442),(24,21887),(25,33617),(27,25914),(28,943),(31,29743),(33,2252),(35,24369),(36,13529),(37,34243),(39,23431),(40,33169),(41,12175),(44,25697),(45,31144),(46,8200),(50,18646),(51,14999),(52,30175),(53,2071),(56,30382),(60,8858),(61,31988),(64,20479),(65,406),(66,16047),(71,20465),(72,16873),(73,22298),(74,215),(76,2002),(80,30469),(81,25531),(82,4208),(83,24123),(85,15242),(87,7187),(88,17828),(91,11076)]	108.704196
629	[(2,2762),(4,20572),(5,17652),(6,15353),(13,24872),(14,18695),(17,15245),(19,22028),(22,11557),(23,28151),(24,30319),(29,32029),(32,28249),(33,10364),(34,11868),(37,13401),(38,20071),(39,31698),(41,21623),(42,20137),(43,427),(45,26854),(46,10332),(48,7361),(51,5071),(54,11398),(55,4765),(56,21078),(60,28274),(62,29110),(63,35327),(65,4017),(66,21353),(70,19713),(71,33243),(72,29938),(73,20192),(75,12245),(76,4079),(77,34876),(79,31687),(83,22155),(84,2597),(86,32915),(87,2865),(89,5507),(90,24969),(91,16272),(92,23980)]	106.918282
630	[(0,740),(3,30333),(5,15331),(7,19525),(8,33189),(9,34312),(11,13567),(12,29211),(14,35137),(16,21705),(17,32339),(18,6875),(22,29960),(23,20614),(24,23700),(26,36449),(27,29833),(28,24056),(29,21451),(31,34787),(34,27450),(35,9935),(37,17157),(41,24472),(43,17367),(44,2212),(45,8540),(46,31155),(47,25107),(48,32757),(49,1021),(53,26425),(56,36582),(59,27009),(61,33602),(62,22025),(63,28751),(64,34380),(65,31157),(66,31771),(68,4884),(71,34745),(72,15769),(73,23183),(74,21830),(75,13675),(77,11300),(78,2574),(79,8750),(81,18918),(82,19858),(83,12620),(85,17813),(91,10185)]	122.142319
631	[(1,28074),(2,29784),(3,27895),(4,31238),(9,32139),(10,31109),(12,25099),(17,8906),(20,32113),(21,10994),(23,331),(24,25472),(25,9049),(28,7460),(29,17627),(30,14250),(37,2473),(38,13163),(39,1060),(40,36134),(41,14374),(43,35075),(46,11926),(48,5260),(49,17585),(51,21750),(54,36726),(55,3328),(57,23438),(58,24523),(60,11411),(61,24122),(63,8268),(64,33961),(65,15782),(66,31234),(68,10294),(71,2722),(73,30986),(75,212),(77,2745),(78,27969),(81,30718),(82,29982),(87,34440),(88,817),(90,24956),(92,17617)]	115.262382
632	[(0,9200),(3,10380),(4,10092),(8,4486),(10,2781),(11,4710),(19,29108),(20,35429),(22,6762),(23,7021),(28,33383),(30,34603),(31,33971),(33,22435),(34,30736),(35,32970),(39,32078),(43,36465),(45,301),(47,21996),(49,35913),(50,27972),(52,3196),(54,1434),(55,8531),(57,25876),(58,938),(60,20109),(61,512),(64,29615),(66,11442),(67,23022),(68,15137),(71,25910),(74,16845),(75,8208),(77,626),(78,25524),(79,32793),(80,4929),(82,5886),(83,35510),(84,23995),(85,4455),(87,22607),(88,30376),(90,19742),(92,36114)]	108.028932
633	[(2,27415),(3,28320),(4,20185),(5,28989),(6,21754),(7,15192),(8,20492),(12,33096),(13,4422),(15,34218),(16,16923),(17,29867),(18,11436),(20,32009),(22,25934),(24,30683),(26,26509),(27,1276),(28,28139),(30,7189),(32,17081),(34,31451),(35,24272),(38,11824),(44,731),(46,21288),(47,19092),(52,28779),(53,26201),(56,22413),(57,10997),(58,13568),(59,11638),(61,30563),(62,5717),(63,15072),(65,25442),(66,14590),(67,27856),(68,17294),(71,27778),(72,23028),(74,12131),(76,16375),(77,15822),(78,35117),(79,10958),(81,21353),(83,24765),(85,8069),(86,8228),(87,4182),(88,30362),(89,13117)]	116.989901
634	[(0,11830),(2,24054),(3,32297),(7,22295),(10,21681),(13,7747),(17,14144),(18,19248),(21,32646),(22,31895),(24,7617),(25,32320),(26,21588),(27,11914),(28,4121),(29,26536),(30,1208),(33,19473),(34,16020),(35,6254),(36,32825),(39,34269),(40,9327),(41,27593),(44,1328),(45,31790),(46,18643),(47,23443),(49,438),(50,32923),(51,31241),(52,24278),(53,15820),(54,26938),(55,21617),(56,10477),(57,9064),(61,3230),(62,11559),(63,33946),(66,21202),(68,25198),(69,2936),(71,5150),(72,8492),(73,21113),(74,29096),(78,6272),(80,19244),(82,15346),(87,5441),(88,7226),(91,11007)]	119.154479
635	[(2,30810),(3,21152),(5,18845),(8,7678),(11,21554),(12,14942),(14,34534),(15,16583),(17,2308),(19,25403),(20,29414),(21,35599),(22,7566),(25,15191),(26,2211),(27,16092),(28,12239),(29,22875),(31,13472),(32,34981),(33,846),(34,12590),(40,33736),(41,13923),(42,19885),(43,34063),(45,7312),(46,31387),(50,29462),(51,31096),(52,18304),(54,27384),(55,12442),(57,26416),(58,36571),(64,28376),(66,12361),(68,31492),(69,13510),(70,7395),(72,21923),(73,31068),(74,25060),(78,19847),(79,10650),(81,19724),(83,15308),(85,16398),(87,769),(88,29784),(89,27895),(91,27376),(92,23773)]	121.993846
636	[(1,14841),(3,29295),(4,15414),(6,12985),(7,34121),(8,12210),(10,17895),(11,8422),(13,19900),(14,19553),(15,25144),(16,12712),(17,25779),(20,15351),(21,30903),(22,29997),(23,16986),(26,34483),(30,19176),(31,13467),(33,5765),(37,36646),(38,22004),(41,9153),(42,25433),(43,30609),(44,11761),(45,8055),(46,31016),(47,36574),(48,11211),(50,16211),(52,35735),(53,30690),(56,7265),(57,17200),(58,35230),(59,32533),(60,27725),(61,2519),(63,34071),(66,4416),(70,23674),(72,30916),(73,14278),(75,32632),(77,35054),(78,2543),(79,30068),(81,12564),(84,11842),(89,693),(91,34269),(92,36624)]	135.013603
637	[(1,30010),(2,19627),(3,2477),(5,34480),(7,3599),(13,22123),(15,14400),(16,30120),(17,34510),(18,13303),(20,353),(22,2507),(26,27039),(28,26793),(29,25345),(30,23205),(31,34092),(35,11221),(37,5957),(38,15733),(40,18472),(41,27006),(42,516),(43,4142),(44,22991),(49,1686),(50,19310),(51,93),(53,27225),(54,31080),(56,16594),(58,13809),(59,36303),(61,14880),(63,19929),(66,21620),(68,35448),(70,34007),(72,22410),(78,9755),(79,3161),(82,2654),(85,27248),(86,21705),(87,22072),(88,15576),(89,6714),(90,33509)]	109.946839
638	[(1,23146),(2,9821),(6,26816),(8,1693),(12,34913),(15,28324),(16,13067),(18,28642),(21,16410),(22,24720),(23,14987),(24,21096),(25,1994),(26,35268),(28,4823),(29,27709),(30,30488),(33,7410),(38,23862),(39,12780),(41,13859),(42,14423),(43,18049),(45,2301),(47,35061),(48,29788),(50,35407),(53,34721),(54,35727),(57,938),(59,11217),(63,22640),(64,14484),(65,31726),(66,20392),(67,34811),(68,36511),(69,12272),(70,13076),(72,6765),(73,21793),(77,33889),(78,20700),(80,24246),(82,33976),(84,31144),(85,11204),(86,2300),(89,29989),(91,1270),(92,22378)]	117.234461
639	[(0,3007),(1,25235),(2,25186),(3,10068),(4,22141),(5,20063),(6,6703),(8,31867),(9,32709),(10,25557),(11,31748),(12,21431),(16,6276),(17,2383),(19,13082),(20,31139),(22,19462),(23,33214),(24,31583),(25,8441),(27,30690),(29,19469),(30,1420),(32,29956),(33,21767),(34,19772),(36,8494),(37,19125),(41,8129),(42,27489),(43,35422),(44,33072),(45,2378),(47,14040),(48,22154),(49,13441),(50,471),(51,26828),(52,36435),(54,7889),(55,25109),(56,8574),(58,13299),(59,6149),(60,19443),(62,6944),(66,28042),(68,27430),(69,12665),(70,2762),(73,19745),(75,27501),(76,1600),(78,14784),(80,33876),(81,2295),(82,21848),(84,22446),(85,24476),(89,15175),(90,21654),(92,15918)]	125.192413
640	[(2,3909),(3,32266),(4,12022),(5,34813),(14,5962),(15,32527),(17,32995),(18,9852),(19,13765),(20,4516),(22,20038),(23,31140),(24,31273),(27,3420),(29,11241),(30,36019),(31,23553),(33,5952),(35,18337),(36,5789),(38,30404),(39,13180),(40,9205),(41,32938),(42,24931),(48,28334),(50,15268),(51,15554),(52,27577),(56,2092),(57,27929),(58,6584),(60,5154),(61,31630),(62,21014),(64,4498),(65,10050),(66,6733),(67,26189),(68,28865),(69,23753),(71,797),(73,34724),(75,29415),(76,33744),(77,26676),(78,17656),(79,9082),(80,11890),(82,31569),(86,8351),(87,18252),(88,15110),(89,13791),(92,11135)]	120.865884
641	[(4,13753),(5,22135),(7,3730),(8,6929),(11,11143),(14,22917),(16,26817),(17,35767),(20,31901),(23,6490),(25,10983),(27,30084),(31,28505),(33,19675),(34,36214),(35,34074),(36,21250),(37,14449),(39,4871),(41,5569),(42,34922),(43,6570),(46,19797),(49,2495),(51,32359),(53,21963),(57,18125),(59,28515),(60,11689),(61,20269),(63,14192),(64,30731),(65,6683),(68,20289),(69,24008),(70,23182),(71,27558),(73,20740),(74,17319),(78,6772),(80,9196),(81,13782),(82,9306),(83,28929),(84,4270),(85,30079),(87,10816),(88,21917),(89,14355),(90,20152),(92,33098)]	114.201827
642	[(0,17502),(1,22130),(2,9379),(7,5254),(9,12089),(10,5393),(15,34189),(19,27864),(20,5292),(22,3569),(24,25771),(28,4626),(29,917),(30,25690),(31,17408),(33,10660),(36,27312),(43,21144),(44,14581),(45,25035),(47,16883),(50,32626),(53,22257),(54,32463),(56,19247),(58,22747),(59,17219),(60,32842),(61,35578),(62,16246),(64,18222),(66,10216),(67,23464),(69,8615),(73,36516),(74,24320),(75,2114),(76,26782),(79,8196),(80,8843),(82,8200),(84,7956),(85,15435),(87,34928),(88,29806),(89,5395),(92,34624)]	116.527408
643	[(3,19788),(5,31878),(6,12364),(7,29808),(9,18605),(10,22466),(11,2746),(16,15136),(17,329),(18,10710),(19,30191),(20,17015),(21,28185),(22,3011),(23,32925),(25,20793),(29,26653),(30,2581),(35,26789),(36,348),(42,24339),(43,1503),(44,9703),(45,1438),(46,881),(47,10468),(50,27446),(51,7297),(52,15797),(53,10599),(54,2260),(56,10883),(60,14432),(61,9787),(62,21882),(63,31272),(65,15290),(66,9796),(67,12767),(70,24492),(73,23709),(75,8627),(79,26016),(80,1952),(81,30631),(82,16263),(83,2529),(84,30528),(87,1409),(89,34345),(90,20680),(91,22964),(92,35657)]	118.276374
644	[(0,31869),(1,4140),(2,28015),(3,29886),(4,33387),(5,31400),(6,23777),(9,25874),(12,16796),(13,16740),(14,9027),(15,10384),(16,16824),(17,10131),(18,29584),(19,21782),(20,31357),(22,36713),(24,36086),(26,13037),(27,11141),(28,32178),(31,5870),(36,12165),(37,23920),(39,19343),(40,20633),(41,12562),(43,27900),(44,11006),(45,27636),(48,13660),(51,25119),(53,14505),(56,34395),(57,10856),(58,15112),(60,6974),(61,9647),(64,23390),(66,3614),(69,2926),(71,5263),(72,34549),(73,23542),(74,16123),(77,16191),(78,20557),(79,13389),(81,26674),(82,12365),(83,48),(85,29447),(87,12419),(88,28348),(91,17743)]	140.939796
645	[(2,34124),(3,25979),(4,6622),(7,28256),(8,29493),(9,306),(10,13487),(14,14898),(15,10188),(17,13408),(18,13634),(19,4380),(20,31083),(22,27201),(23,8717),(25,23335),(27,3491),(30,22216),(31,22791),(34,14410),(36,33733),(37,23573),(39,3189),(41,2483),(44,32853),(47,10924),(51,32596),(52,27070),(54,35969),(56,34123),(58,5804),(60,14772),(61,35285),(62,10484),(63,24933),(64,10057),(66,7471),(67,3090),(68,28429),(70,21189),(72,23951),(74,25624),(75,5338),(77,15689),(78,7512),(84,33951),(86,16081),(89,27362),(92,21275)]	114.136340
646	[(0,34912),(1,32889),(4,3304),(6,23319),(7,33768),(8,30287),(10,8729),(11,14298),(13,33038),(14,18654),(15,34209),(16,21907),(17,32706),(18,32748),(19,19557),(21,4574),(23,15205),(25,31307),(27,31306),(28,544),(32,1352),(33,11602),(34,11538),(35,262),(38,33485),(41,28527),(44,11942),(45,14530),(46,15948),(49,28724),(50,31891),(51,4421),(54,3338),(55,20307),(57,34198),(59,34683),(61,16248),(62,1217),(63,7233),(65,20358),(66,27249),(67,33901),(69,22533),(70,9961),(72,35582),(73,4307),(77,30367),(78,19824),(79,33516),(80,20448),(84,22897),(85,2971),(87,4812),(88,32447),(90,17801),(91,26606)]	117.866739
647	[(4,17519),(5,11716),(6,9745),(8,32984),(10,9404),(11,24931),(13,29063),(14,16170),(15,1711),(18,33550),(21,25667),(22,22311),(23,8317),(24,21226),(25,25441),(27,13421),(28,28801),(29,26818),(30,34346),(31,131),(32,17678),(33,35198),(34,21770),(36,11668),(38,36314),(40,19971),(41,35400),(43,26805),(44,33503),(45,20814),(46,30445),(47,7150),(48,9183),(49,8089),(50,2129),(51,10008),(54,17963),(55,19743),(56,16929),(57,13112),(58,34567),(59,8271),(60,34599),(64,18376),(66,17416),(67,32161),(70,26208),(71,14915),(73,36409),(75,20337),(76,1025),(78,25760),(79,4325),(80,17271),(81,20832),(82,27327),(83,1540),(86,30100),(88,19482),(91,6381)]	129.979623
648	[(0,15657),(2,35794),(4,28284),(6,20979),(7,4038),(10,9764),(12,10134),(13,16208),(14,27501),(15,1600),(17,7168),(20,35503),(21,17430),(24,25641),(25,12640),(27,35769),(29,22237),(32,7482),(38,8779),(39,34873),(40,28531),(41,8197),(42,21848),(43,26209),(44,11775),(45,21363),(47,34856),(48,10185),(51,34160),(53,7941),(54,21676),(59,14823),(60,10126),(61,9836),(63,14058),(64,17808),(65,28111),(69,9721),(73,34765),(74,34155),(76,34808),(78,25355),(82,1943),(86,33218),(88,18843),(89,23117),(92,9211)]	121.363106
649	[(1,3963),(3,31082),(7,12252),(8,34146),(9,10497),(13,34704),(14,36366),(15,21998),(18,2764),(21,36532),(22,11133),(24,30131),(26,926),(27,6207),(30,1506),(31,33052),(34,25775),(36,1322),(37,26059),(38,33178),(39,14836),(40,29260),(41,18137),(42,26476),(44,20080),(45,7078),(47,1681),(48,16740),(49,35477),(50,17941),(51,13754),(54,16635),(59,3167),(61,31260),(62,17294),(64,15651),(67,8252),(70,7614),(72,239),(74,28407),(75,29671),(76,28728),(77,29192),(79,36458),(85,7142),(88,17205),(89,32263),(91,35064)]	122.783754
650	[(3,8270),(6,12310),(7,25435),(8,12891),(10,22720),(12,5348),(13,6608),(14,28595),(15,12338),(17,34182),(18,18875),(19,8794),(20,32723),(21,35062),(23,27057),(24,15382),(25,28190),(26,24293),(27,10956),(30,24098),(31,31965),(34,11465),(38,7563),(39,34173),(40,29674),(41,8640),(42,32208),(43,36519),(44,2832),(46,22475),(48,14603),(49,21644),(50,29640),(51,35161),(54,36241),(56,25799),(58,22960),(59,14834),(60,13990),(62,16947),(63,7462),(64,34715),(65,30053),(66,36143),(68,34505),(69,30693),(70,24964),(71,31860),(74,30225),(76,21229),(79,22661),(80,19499),(82,18627),(83,9950),(84,34281),(85,24451),(86,18349),(89,26016),(90,26379),(91,7440)]	111.945488
651	[(2,21931),(3,7834),(5,8957),(7,4472),(11,17035),(12,8850),(13,34451),(14,1880),(20,35042),(22,4550),(24,186),(27,17651),(30,23426),(31,35575),(34,7926),(35,11399),(36,26611),(38,27415),(39,28320),(40,20185),(41,28989),(42,21754),(43,15192),(44,34848),(45,6595),(46,7409),(48,19639),(50,17021),(52,19642),(54,11562),(57,1538),(59,31816),(60,26751),(61,33856),(62,20741),(64,4113),(68,36008),(69,23297),(70,17091),(71,10597),(72,36341),(73,5443),(74,9774),(75,32899),(76,9771),(77,15064),(79,26370),(80,19458),(84,26049),(85,9982),(91,24608),(92,2743)]	122.591615
652	[(0,17453),(1,947),(4,9778),(6,13184),(8,31778),(10,10317),(14,12282),(15,30347),(16,1141),(17,2030),(18,18334),(20,31835),(21,33778),(22,12149),(23,9959),(25,26356),(27,23540),(29,16326),(30,29455),(32,6082),(33,27012),(34,26568),(36,16491),(37,1010),(38,9159),(41,7544),(42,15597),(43,3685),(44,1214),(45,18143),(47,3886),(48,33282),(49,16667),(51,9395),(52,1698),(53,6534),(57,22725),(59,28598),(60,22229),(61,31536),(62,26674),(63,3201),(64,15466),(65,9651),(67,24729),(68,4499),(69,30126),(70,30206),(71,34992),(72,31244),(76,24430),(78,2616),(82,16654),(83,10669),(85,26698),(86,16637),(87,5192),(89,29190),(90,32787),(91,30085),(92,23714)]	117.746396
653	[(0,32411),(4,15243),(6,8110),(9,31419),(10,32042),(12,35601),(13,4795),(15,8802),(17,3842),(19,7030),(21,28187),(23,4641),(24,12309),(29,27135),(30,5990),(31,14874),(34,5477),(35,18666),(36,29766),(37,22185),(39,34269),(42,20666),(44,24494),(46,20608),(47,35576),(48,12529),(49,35174),(51,2091),(56,11133),(59,24408),(62,18080),(63,25120),(64,14107),(65,12701),(66,16886),(70,531),(71,23812),(72,30504),(73,18527),(74,22370),(75,36594),(76,26697),(79,27813),(80,8699),(83,4309),(86,1599),(87,12330),(89,35764),(90,35602),(92,28161)]	136.662693
654	[(0,26786),(2,4865),(4,1443),(5,24012),(6,6741),(7,9279),(8,23162),(9,36601),(10,9381),(11,15003),(12,20215),(19,7635),(21,20506),(23,8737),(26,33394),(28,10624),(29,28507),(30,34576),(33,660),(38,9146),(40,8962),(42,5846),(44,15739),(48,36012),(49,22244),(50,31211),(51,10311),(52,18340),(54,30450),(55,9571),(56,5342),(57,16514),(58,11337),(60,23272),(62,33752),(63,2169),(64,32848),(65,28609),(66,30583),(67,6915),(68,31934),(70,20721),(72,28340),(73,17170),(74,27531),(75,35345),(76,3327),(77,9718),(78,20292),(80,17064),(82,31140),(83,25267),(84,14676),(85,35089),(87,31517),(89,24017),(90,9744)]	116.866049
655	[(0,8428),(1,19840),(2,9360),(6,25244),(7,28375),(8,34924),(9,20093),(12,11230),(13,29114),(16,34336),(17,4709),(18,16027),(21,11285),(22,20401),(23,18911),(24,10869),(27,16506),(30,29860),(32,26599),(34,20227),(35,36218),(43,26678),(44,36161),(45,4575),(49,26242),(51,31358),(54,5379),(55,36065),(56,23075),(60,30215),(62,7272),(63,32910),(64,62),(65,8330),(66,25589),(67,16616),(68,34095),(69,12805),(71,13445),(72,4935),(74,27624),(75,35524),(76,30395),(77,32525),(78,17616),(79,5965),(80,5898),(81,8530),(82,17128),(83,5364),(84,13563),(85,19775),(86,18972),(87,23470),(89,33402),(90,29954),(91,36604),(92,12191)]	129.134688
656	[(1,9177),(2,9329),(4,11462),(6,30403),(7,22626),(8,13586),(13,21980),(14,27859),(15,6526),(16,3387),(17,16839),(22,28376),(25,30362),(26,2479),(27,21330),(29,20955),(31,13840),(33,17265),(34,16483),(35,9665),(36,20052),(37,18223),(40,28868),(42,34971),(44,29057),(46,23272),(47,4837),(50,36060),(51,19498),(56,16504),(58,28749),(60,30914),(61,35817),(64,2819),(65,8701),(66,27709),(67,32247),(68,6122),(70,26385),(71,33480),(74,913),(75,14627),(76,3342),(77,34375),(78,20241),(79,3133),(82,27360),(83,7393),(84,8528),(86,6701),(90,971),(92,31014)]	154.686846
657	[(0,10224),(1,21618),(2,20289),(4,36016),(5,10462),(6,19123),(8,19663),(11,9880),(12,14710),(13,13505),(14,4670),(15,31681),(17,16363),(18,5472),(19,14139),(21,16684),(24,15752),(26,6663),(27,23422),(28,24737),(29,13723),(31,29785),(33,10542),(34,24142),(35,11752),(36,25184),(39,3629),(42,20583),(43,12660),(44,10968),(46,20075),(47,13189),(48,30238),(50,29406),(51,10860),(52,16975),(53,1460),(54,631),(55,31016),(56,36574),(58,597),(60,10101),(61,36270),(62,10149),(70,26978),(71,19823),(74,9424),(78,36506),(80,1360),(82,8687),(83,26808),(84,9513),(86,19685),(87,11571),(88,12791),(89,34652),(90,536),(91,5668)]	256.133430
658	[(0,36213),(3,12056),(4,35469),(7,21642),(8,31182),(11,15741),(15,2587),(16,15138),(18,27082),(20,7068),(21,30841),(23,12959),(27,1841),(28,268),(29,21072),(30,11570),(31,18708),(32,5875),(33,20252),(34,21274),(36,28222),(39,5405),(40,17093),(41,14441),(42,20847),(45,15941),(46,11816),(47,22369),(48,33768),(50,33203),(52,11691),(53,33878),(54,13985),(55,28117),(58,33004),(59,22516),(63,34334),(65,9078),(69,26625),(70,11371),(75,29899),(76,31526),(77,24317),(79,11820),(88,29781),(91,5369),(92,7447)]	247.408063
659	[(3,35781),(4,27906),(5,6188),(6,26431),(8,5141),(10,27088),(11,5092),(13,23580),(14,22292),(15,4594),(16,11973),(17,14820),(18,31447),(20,31235),(21,30203),(23,17423),(24,34397),(25,9817),(28,7638),(29,15029),(30,28089),(31,10692),(32,11351),(33,7381),(34,32189),(42,10835),(46,22448),(48,14676),(49,31126),(50,15266),(51,13948),(52,10551),(54,24250),(57,9827),(59,26012),(61,24164),(62,3751),(63,2823),(65,14204),(67,11873),(68,36236),(70,10834),(71,3351),(73,6620),(77,34128),(80,30604),(82,12201),(85,11259),(86,11038),(87,1660),(90,10863),(92,33926)]	250.456257
660	[(0,24006),(2,12652),(4,25615),(8,20063),(11,19049),(14,23752),(15,32500),(18,30444),(20,32078),(24,4085),(25,33337),(26,33195),(29,34150),(31,6797),(35,20661),(36,35053),(38,33530),(39,12084),(40,15115),(42,11080),(45,29458),(47,35621),(48,1305),(49,34479),(51,12890),(52,17806),(53,24874),(54,23528),(58,7079),(60,15233),(61,9152),(63,5935),(64,5831),(66,16478),(67,13288),(68,26947),(70,11658),(71,5134),(72,36014),(74,1007),(76,25539),(77,33602),(80,1922),(81,5790),(82,2234),(83,29762),(85,33532),(87,24204),(88,18222),(90,9352),(91,17897)]	239.183632
661	[(0,13857),(1,2091),(6,15243),(13,29527),(14,27185),(15,36517),(17,33579),(19,12187),(20,11970),(23,5277),(25,14764),(26,3216),(28,8123),(30,10183),(32,1229),(33,8721),(37,23056),(38,26968),(41,22394),(42,12935),(43,9374),(45,4803),(47,23600),(49,28978),(50,36035),(51,25018),(53,20909),(55,20615),(56,22749),(57,27870),(58,9408),(59,29576),(60,32693),(61,11270),(63,32774),(65,13080),(69,26002),(73,3125),(74,22827),(85,32724),(86,4057),(87,28662),(88,29231),(90,5577),(91,8832),(92,4030)]	243.749894
662	[(0,23252),(5,20291),(7,17660),(8,9816),(10,24069),(12,35681),(13,26303),(15,25544),(16,2306),(17,13468),(20,7745),(21,17044),(22,18148),(28,22000),(29,7466),(30,24537),(32,22058),(34,4167),(35,10378),(36,17704),(37,36684),(38,36096),(39,10205),(40,3384),(41,35715),(42,13341),(47,3534),(48,790),(50,16486),(51,28761),(53,6921),(55,3332),(58,23987),(59,20688),(60,15922),(61,35286),(62,6144),(63,21202),(66,7630),(67,4360),(68,24186),(69,29697),(71,13759),(72,20421),(73,17329),(74,885),(75,8627),(76,3170),(77,22324),(80,3736),(83,16021),(84,31528),(85,33547),(87,28848)]	258.549923
663	[(1,17189),(2,16476),(3,23396),(4,33831),(7,11294),(8,22488),(9,1269),(13,35495),(16,23742),(17,12043),(18,8761),(20,30879),(21,6799),(22,14553),(24,26826),(25,32395),(26,35395),(27,21446),(28,9810),(29,18065),(30,784),(31,21567),(32,30223),(34,2315),(35,21408),(36,9640),(38,22519),(40,18822),(43,4357),(45,32956),(46,10874),(48,14755),(49,35230),(52,16964),(53,24076),(54,2482),(55,21621),(56,28533),(57,23166),(59,24295),(60,34288),(62,25937),(63,34610),(64,33057),(65,36408),(67,1484),(70,2019),(71,5306),(72,18419),(74,34249),(75,11997),(77,3251),(79,2422),(81,12234),(82,375),(85,34153),(88,12617),(89,13263),(91,35854),(92,19585)]	249.589987
664	[(0,15825),(1,6218),(4,34460),(6,22505),(8,3151),(10,26156),(11,15186),(14,29635),(17,16179),(19,10174),(24,23978),(26,24423),(28,16602),(31,8279),(35,9023),(37,4573),(39,19797),(43,355),(44,995),(45,18031),(47,9356),(51,16927),(53,22514),(55,120),(57,9144),(58,35531),(59,5003),(60,21541),(61,2009),(63,14332),(64,12682),(67,6217),(69,6734),(70,10618),(73,27406),(74,13082),(75,21910),(77,26938),(78,21617),(80,13940),(82,25838),(85,17400),(86,23844),(87,31481),(88,13528),(90,32539),(91,23805),(92,10985)]	236.574972
665	[(0,1035),(1,15997),(5,28867),(7,11228),(8,421),(10,10639),(13,13939),(15,4751),(16,15090),(17,23058),(20,7488),(25,9228),(26,29596),(29,11110),(30,2428),(32,31624),(33,15595),(34,1920),(36,31406),(37,20067),(38,29755),(39,15141),(42,23987),(43,15946),(44,17934),(46,15565),(48,19749),(49,31363),(50,14486),(52,13602),(53,8486),(54,3921),(55,34126),(58,10554),(59,34108),(60,19593),(61,2721),(62,10501),(63,14236),(64,36357),(66,9157),(67,20474),(69,13736),(70,7826),(73,23777),(75,18630),(76,13099),(77,1306),(79,31587),(80,26874),(82,21229),(84,36231),(85,6384),(86,24153),(87,2048),(90,8363),(92,19159)]	242.963160
666	[(0,26326),(1,31151),(2,24014),(7,28593),(9,9493),(10,23304),(14,15594),(15,30086),(16,24354),(18,11936),(20,10144),(22,13223),(23,28052),(24,19927),(27,36498),(28,11130),(29,552),(30,5159),(33,25861),(35,21995),(37,28283),(39,5557),(40,32470),(41,35332),(46,20096),(47,9272),(48,8454),(49,7880),(50,31417),(52,14009),(55,34492),(56,24082),(57,15727),(59,29035),(60,17326),(63,21063),(64,21559),(65,11871),(66,1513),(69,24053),(73,25188),(74,13570),(75,18165),(76,9310),(77,28628),(80,16515),(81,34447),(83,32468),(86,2165),(89,8177),(90,14025),(91,34741),(92,5392)]	253.344359
667	[(3,17977),(5,28845),(7,30303),(8,20883),(9,20413),(10,13771),(11,19378),(15,7964),(16,32151),(18,18196),(21,9394),(24,5483),(26,7452),(27,559),(29,2247),(31,17542),(33,15400),(34,10753),(36,20288),(38,33082),(39,10730),(40,8546),(41,18473),(42,20127),(43,15169),(45,18248),(47,22168),(48,13184),(50,12822),(52,2345),(54,28836),(56,32399),(58,4813),(60,5608),(61,7813),(62,7005),(63,28780),(67,27077),(68,10125),(69,12565),(70,13679),(72,2559),(75,10639),(76,12964),(77,5818),(78,34163),(79,9477),(81,13588),(82,27603),(83,8948),(84,31231),(87,11075),(88,1621),(89,5480),(90,9171),(91,10061),(92,28745)]	236.625179
668	[(2,27320),(4,15657),(5,33293),(7,36336),(9,17717),(10,25349),(11,5352),(14,6328),(19,27532),(20,29690),(24,32885),(25,33715),(28,7532),(29,36631),(30,2275),(32,11730),(33,16149),(38,1788),(41,10896),(42,634),(43,3982),(48,6441),(49,30485),(50,35619),(51,5392),(52,26872),(53,20620),(56,28516),(57,31510),(59,2841),(61,4183),(62,27580),(63,6621),(66,29247),(67,22696),(68,6663),(71,19751),(72,29357),(73,18631),(74,6048),(75,19219),(78,22044),(79,30874),(81,75),(83,5315),(84,10087),(85,28468),(88,34416),(91,20013),(92,17661)]	268.582563
669	[(0,11060),(2,25086),(3,21685),(4,15143),(6,10532),(10,36585),(11,27380),(12,393),(14,11271),(16,7270),(17,13977),(18,2504),(19,33840),(20,30346),(21,8860),(25,27561),(27,2817),(29,11853),(31,17868),(34,24245),(36,15213),(38,21910),(39,20635),(42,10697),(44,34286),(45,8101),(46,4598),(48,644),(49,35133),(50,11417),(54,17638),(55,15374),(56,32550),(60,35287),(62,492),(65,24911),(66,5994),(68,9761),(69,26683),(70,3406),(74,7863),(75,12745),(76,32030),(77,31128),(78,6032),(79,2188),(80,33940),(81,20135),(82,22058),(85,3148),(86,20043),(89,1175),(90,35000),(92,24568)]	259.834190
670	[(5,30530),(6,1314),(7,1912),(8,6605),(9,7374),(12,19633),(13,20901),(16,9280),(17,490),(18,21166),(20,6687),(21,20276),(26,6357),(27,30009),(29,7435),(32,20684),(33,30158),(36,25932),(37,23139),(38,1743),(41,22397),(43,5884),(45,3551),(47,10576),(48,15274),(49,35441),(51,28100),(52,26759),(53,17620),(54,14695),(55,2813),(56,25283),(57,22413),(60,7453),(62,32938),(64,7043),(65,24799),(66,28141),(67,7375),(70,21633),(72,25705),(73,25028),(75,36616),(76,29865),(81,2684),(82,15801),(85,30274),(86,23313),(89,15876),(90,1900),(92,30201)]	274.747309
671	[(0,11624),(1,34559),(2,2370),(3,13562),(7,31687),(8,9896),(12,19804),(13,28862),(14,35141),(15,4155),(17,8288),(18,8220),(19,25025),(24,36709),(25,19929),(27,30536),(30,21555),(31,27095),(33,20333),(37,29148),(38,5172),(39,13583),(42,32631),(43,4175),(46,19006),(47,1693),(49,24865),(50,3213),(51,3792),(56,32113),(57,10994),(59,24207),(60,2310),(61,17999),(66,14122),(72,27415),(73,35636),(74,12037),(75,10379),(76,19390),(77,3026),(78,28503),(79,9576),(80,21332),(82,791),(83,32546),(84,8541),(86,16660),(87,21237),(88,35229),(89,22529),(90,11076),(91,12198),(92,16022)]	161.744171
672	[(0,31206),(2,31545),(4,31748),(6,17601),(9,15500),(11,31952),(12,36303),(14,21586),(15,18213),(17,15784),(18,5725),(19,4271),(20,27408),(22,9702),(23,3149),(24,3989),(26,10377),(27,10200),(29,22402),(30,17737),(31,11360),(32,6371),(33,6342),(34,2714),(35,2157),(36,14433),(37,5212),(40,18910),(41,22391),(42,5570),(45,295),(46,5212),(48,15555),(49,21771),(50,4457),(51,18499),(52,26900),(55,13759),(57,27033),(62,9214),(63,27831),(64,26278),(66,35351),(67,18091),(68,13514),(69,28008),(71,19269),(73,32404),(75,33060),(76,27090),(79,32082),(81,14581),(82,25035),(83,29025),(84,11937),(85,13451),(86,13329),(87,27299),(88,18111),(89,14686),(91,21748),(92,23793)]	140.535746
673	[(3,8523),(4,7236),(5,10824),(7,35948),(8,28952),(14,2178),(15,1874),(16,27510),(18,10822),(20,17208),(21,29740),(25,27362),(27,21016),(28,20879),(29,20796),(30,12484),(31,14839),(32,12213),(33,1892),(39,13756),(42,3811),(44,5821),(46,28700),(47,26348),(48,28356),(50,14118),(52,3990),(54,2596),(55,30450),(58,33064),(59,21179),(61,23409),(62,15899),(66,11673),(68,15764),(69,8871),(70,15261),(72,32697),(73,20276),(74,8078),(75,20051),(76,23925),(77,25569),(78,12131),(80,34432),(81,2945),(82,5288),(85,14345),(87,35096),(89,31797),(90,5934),(91,26707)]	117.764839
674	[(0,24567),(2,7082),(3,25684),(4,27966),(8,15319),(9,14103),(11,34544),(12,33844),(14,34045),(15,6885),(18,6352),(20,22280),(23,29413),(24,3393),(26,7345),(29,7559),(30,25700),(31,13196),(34,12783),(36,7605),(37,30324),(39,35390),(44,29015),(46,26701),(47,17078),(48,12393),(49,23931),(51,3145),(53,26509),(54,1276),(55,28139),(57,11182),(59,30292),(61,20164),(65,7058),(68,10748),(71,28557),(74,21912),(76,24800),(79,9048),(81,23911),(82,27862),(83,30929),(85,33336),(86,4420),(88,21425),(89,23603),(90,15500),(91,19329)]	110.379809
675	[(1,1427),(7,10014),(8,36363),(10,25135),(11,31031),(12,2192),(13,27868),(14,220),(16,20347),(19,10214),(21,23454),(22,19202),(23,35240),(26,25292),(28,30652),(30,35758),(31,16507),(35,23365),(36,10361),(37,5305),(40,3574),(43,23729),(46,7726),(47,26113),(51,10767),(52,13554),(56,17626),(58,29991),(59,28796),(61,4288),(63,10446),(64,3218),(66,7861),(72,4859),(74,23239),(76,3116),(78,15421),(79,13865),(82,30330),(84,3532),(85,29879),(86,16605),(87,31530),(88,3478),(89,21289),(90,35300),(91,31672)]	115.053560
676	[(0,11476),(3,22546),(4,15393),(6,13737),(7,35090),(8,2804),(9,7861),(14,8430),(16,35292),(18,5244),(20,8096),(23,26495),(24,22088),(26,17777),(32,26553),(36,21425),(37,3954),(47,11278),(49,16774),(51,32471),(53,33297),(54,32999),(56,5537),(57,7882),(60,11377),(61,15988),(64,10255),(65,36510),(66,3308),(67,14569),(69,30053),(70,25845),(71,29534),(72,21888),(73,31873),(76,4292),(77,24874),(78,9621),(79,16294),(80,17705),(81,32997),(82,25909),(83,17934),(84,27331),(85,267),(86,12127),(88,27810),(89,34041),(91,31086)]	111.075443
677	[(0,8706),(1,14711),(2,16237),(3,18467),(4,36160),(6,2000),(7,4145),(9,23347),(10,9278),(11,16277),(12,30753),(13,18559),(14,6534),(17,26963),(18,18974),(22,10130),(25,30656),(31,29869),(33,3182),(34,29394),(35,29715),(36,24578),(37,35255),(40,21402),(41,22682),(44,19484),(45,11356),(48,29791),(50,20264),(51,8280),(54,23417),(55,7573),(56,18312),(57,29055),(62,26473),(63,32939),(64,9516),(70,6747),(73,33349),(74,26669),(75,30609),(76,6799),(77,14553),(83,5822),(85,17634),(86,7229),(87,10958),(89,9750),(90,26182)]	124.868875
678	[(2,31959),(3,11756),(6,25424),(10,26717),(13,27816),(14,3633),(15,29397),(17,11681),(19,7362),(20,7321),(21,20852),(22,12389),(23,3785),(26,21147),(27,11381),(29,18877),(30,31215),(31,3110),(36,27532),(37,15613),(38,27061),(39,707),(40,12038),(41,22879),(42,26763),(43,19770),(45,11291),(47,6545),(48,2394),(49,34626),(51,557),(52,32313),(53,34466),(54,12473),(55,14108),(57,5917),(66,34573),(67,21666),(68,795),(70,10056),(72,20839),(76,34017),(77,31154),(79,25500),(80,16520),(81,36424),(84,34279),(86,34180),(92,32043)]	111.046703
679	[(0,7637),(3,30651),(4,21694),(7,2913),(8,34823),(9,3113),(11,6714),(13,6960),(15,35013),(16,3623),(17,31761),(18,2012),(19,11361),(24,12290),(25,31691),(27,52),(28,14478),(29,18021),(30,13645),(31,22569),(32,28459),(33,12673),(34,15953),(36,7152),(37,4581),(38,13762),(39,11045),(40,8581),(41,27505),(42,1285),(45,13923),(46,19885),(53,9054),(54,32275),(55,19517),(56,6817),(57,23412),(61,30620),(63,21066),(66,8417),(67,31887),(70,32224),(72,22449),(73,14164),(74,17576),(77,5153),(79,24834),(80,30768),(81,8109),(82,15619),(83,12863),(84,33531),(85,5668),(86,1785),(87,19583),(89,27013),(91,18230)]	111.463827
680	[(0,34197),(1,10577),(3,27668),(6,17346),(7,24138),(8,32168),(10,35225),(11,26304),(13,23992),(15,35095),(17,18631),(18,6048),(19,19219),(20,21380),(21,3157),(22,21639),(23,13645),(24,7204),(28,35294),(29,23855),(31,29214),(32,31832),(33,28008),(34,36178),(35,3621),(38,30621),(39,25713),(41,23881),(43,6254),(44,27888),(45,21804),(46,22444),(48,17693),(49,27513),(51,11821),(52,13239),(54,13859),(56,35781),(58,15351),(59,30903),(62,13912),(63,7029),(65,3861),(66,23622),(67,24695),(68,17689),(70,29950),(72,1327),(74,10888),(78,31259),(81,30311),(82,6777),(83,23410),(84,32304),(88,8535),(90,5219)]	111.069922
681	[(0,29946),(1,23792),(2,26826),(4,6608),(5,28595),(6,12338),(7,1294),(8,31111),(11,17631),(12,19888),(14,33821),(15,28500),(16,23045),(17,27438),(18,26086),(22,26096),(23,35671),(24,18178),(25,28374),(27,26261),(28,35051),(31,9296),(32,167),(33,17397),(36,28388),(37,30219),(38,36174),(40,30124),(43,22591),(44,21467),(45,832),(46,36347),(47,29683),(49,8226),(51,2889),(54,32730),(55,13968),(56,35109),(59,1909),(60,20378),(61,28044),(62,34268),(67,19072),(70,16027),(71,15353),(79,15206),(81,5458),(82,8483),(86,1433),(87,5952),(89,16350),(90,26253),(91,16105),(92,28700)]	135.747005
682	[(1,9184),(3,34450),(4,32426),(5,32736),(7,8083),(8,9284),(12,11936),(13,26455),(14,14581),(15,25035),(17,1205),(18,35570),(20,27738),(21,16833),(22,2782),(24,23428),(25,34127),(26,30371),(27,26503),(28,14679),(31,15232),(32,5600),(35,33199),(38,15481),(39,20371),(40,7771),(42,11377),(43,14312),(44,4698),(45,14889),(47,29700),(49,24804),(50,25574),(51,12362),(52,8135),(53,10891),(54,16335),(55,4462),(56,34266),(58,26512),(59,4334),(61,13122),(62,36505),(64,6564),(66,13913),(67,437),(69,20936),(70,20999),(71,34381),(72,36266),(73,21532),(74,19380),(75,23846),(76,2934),(79,24559),(80,6794),(82,12350),(85,9442),(86,11606),(88,21103),(89,25724),(90,35302),(91,33449)]	110.447343
683	[(2,24775),(3,27287),(5,34149),(6,8578),(7,34587),(14,15502),(16,19204),(19,30658),(20,30873),(21,16346),(26,24461),(34,5017),(35,33847),(38,16146),(40,28011),(41,14251),(42,15950),(43,15392),(44,4077),(45,2650),(46,23319),(49,8310),(50,31876),(52,13308),(54,23035),(55,1470),(57,21446),(58,7401),(59,29173),(60,25249),(61,29706),(66,12690),(69,24740),(72,30389),(73,11129),(74,1976),(75,29327),(78,32534),(81,34910),(82,21458),(83,3593),(84,19998),(86,20118),(87,31385),(88,5576),(89,3421),(90,26006),(91,14502)]	111.734527
684	[(1,20014),(2,15332),(8,6762),(9,7021),(15,15313),(19,18967),(20,32000),(23,33349),(25,35793),(26,16029),(27,24880),(30,18961),(31,6312),(32,20469),(33,4981),(38,17606),(39,22728),(40,10302),(42,33627),(43,12906),(45,6658),(52,14881),(53,4873),(55,23116),(59,7168),(61,26305),(62,22909),(65,3447),(67,14693),(70,23637),(71,24234),(72,29909),(74,158),(76,19496),(78,3239),(80,10805),(82,7639),(86,11607),(90,8342)]	125.287117
685	[(3,10950),(7,7751),(11,1788),(18,31532),(21,25168),(22,26820),(24,487),(26,34300),(27,5638),(29,16177),(31,25554),(34,17927),(35,28785),(37,19270),(38,33370),(41,18956),(42,32911),(44,30568),(48,32081),(52,36391),(53,3622),(54,3685),(57,2729),(58,27511),(59,5490),(61,33898),(62,445),(63,12490),(66,3814),(70,1882),(71,32972),(73,17017),(74,13097),(75,6615),(76,20881),(78,10067),(80,34665),(81,10594),(83,30185),(86,21366),(89,19557)]	111.956639
686	[(0,8985),(1,30583),(2,20410),(3,27701),(7,9775),(8,20967),(9,6530),(10,4780),(11,19520),(12,4973),(13,31680),(14,16956),(15,24904),(16,16572),(17,26389),(18,21679),(19,16444),(20,29643),(23,9037),(24,11639),(27,7406),(28,1008),(29,4396),(30,7558),(31,18994),(33,36214),(34,604),(35,29816),(36,731),(42,17536),(43,10119),(45,11778),(47,22901),(48,9081),(49,30429),(50,27951),(52,35549),(53,6389),(54,23955),(55,28835),(56,28911),(58,34482),(59,7507),(60,33250),(61,29678),(63,3533),(64,26275),(67,28118),(68,12316),(69,10721),(72,30908),(73,12940),(76,4041),(78,24484),(79,11034),(80,975),(83,20355),(84,28293),(85,18765),(86,2447),(88,5701),(90,17768),(91,11205)]	126.540928
687	[(1,24713),(2,5956),(3,27481),(4,1744),(5,5741),(6,27908),(7,21839),(8,28034),(9,1954),(10,33654),(13,31630),(14,21014),(16,18772),(18,7066),(19,9385),(21,24899),(23,35697),(24,16667),(25,35748),(28,8090),(29,1445),(30,12346),(33,2449),(35,31548),(38,17064),(40,10339),(43,1614),(44,6961),(46,25314),(48,36399),(49,8556),(52,6953),(54,3959),(56,34961),(57,23901),(58,17480),(61,18820),(62,19229),(63,24301),(64,3148),(68,34669),(70,15069),(71,25429),(73,7678),(75,35829),(76,28981),(77,10262),(78,6697),(79,19863),(80,17182),(81,32674),(83,30756),(85,9845),(86,24299),(87,34635),(88,11533),(90,58)]	112.163821
688	[(0,1261),(2,6907),(6,16533),(7,6539),(9,27250),(10,22325),(12,16061),(13,1573),(14,8032),(15,5252),(18,15091),(19,9573),(20,1901),(23,36445),(24,4953),(25,18824),(26,19540),(27,15940),(32,25955),(33,36081),(37,21992),(38,1187),(39,24198),(40,31827),(42,17615),(44,385),(46,30260),(47,2042),(48,670),(49,22682),(52,26748),(54,14248),(56,6923),(57,17805),(58,15978),(60,11770),(62,34336),(65,32527),(67,12397),(69,10704),(70,25732),(72,32327),(73,11037),(74,7912),(76,1112),(78,26271),(80,27947),(81,25574),(82,16252),(83,32122),(86,9765),(88,32552),(91,8410),(92,24558)]	108.423002
689	[(0,33554),(2,7495),(3,5296),(5,10736),(6,27842),(7,7560),(8,32810),(10,32495),(12,301),(13,12198),(15,27461),(16,1460),(17,11301),(18,28083),(19,32327),(20,36135),(22,18216),(24,18116),(27,32946),(28,24510),(29,33657),(30,29880),(34,14270),(35,31192),(37,22914),(38,23030),(39,33760),(40,9876),(41,19424),(43,33900),(45,9740),(48,25838),(49,12463),(51,14070),(53,20257),(55,30774),(56,11204),(58,12367),(61,2122),(62,11356),(64,5565),(65,35359),(66,30713),(67,33792),(68,35985),(69,22676),(70,105),(72,19562),(73,13595),(75,9967),(77,5751),(78,10638),(79,10554),(81,13542),(83,32185),(84,36435),(86,25828),(87,24591),(88,2101),(89,30007),(90,25563),(92,2644)]	120.186026
690	[(6,13195),(7,26756),(11,2976),(12,6284),(13,28677),(14,14329),(16,6572),(17,18484),(18,10007),(20,2293),(24,24766),(25,4063),(26,4055),(30,1412),(31,11737),(34,3478),(35,21647),(36,24966),(37,32782),(38,1328),(39,24827),(40,11098),(43,2395),(44,1394),(45,8893),(49,17631),(50,19888),(53,28315),(55,20391),(57,966),(58,8384),(59,18911),(60,35018),(62,35573),(64,25117),(65,30896),(66,18988),(67,11400),(68,12710),(70,19823),(71,32843),(72,8018),(73,9016),(74,15432),(75,26175),(76,25658),(77,29429),(78,2430),(79,26195),(81,3407),(83,30038),(84,17522),(85,19914),(86,27633),(87,15879),(89,30185),(91,28159)]	142.487699
691	[(0,21418),(2,8634),(4,36119),(6,2014),(10,21551),(11,17909),(14,25528),(19,681),(21,22774),(22,31968),(23,24881),(25,22865),(26,10052),(27,5408),(28,16126),(29,26577),(30,32259),(32,15907),(33,12229),(34,30359),(35,17406),(36,17381),(39,33112),(40,32130),(42,11005),(44,28097),(47,3805),(50,24307),(53,21575),(56,17271),(57,20832),(59,10272),(64,2246),(65,4632),(68,24474),(69,22406),(70,29702),(71,2868),(72,34002),(73,27745),(74,34722),(75,7177),(76,21478),(77,27206),(78,6710),(80,29898),(81,17147),(82,23401),(84,6521),(86,5541),(87,19558),(88,5646),(89,3986),(90,14330),(91,19111)]	111.400589
692	[(0,33088),(3,35364),(5,24893),(7,3083),(8,6874),(9,22495),(14,12153),(15,25663),(16,22935),(20,29448),(22,3080),(26,27766),(28,3342),(29,22822),(30,9231),(32,23115),(34,29464),(36,24918),(37,25822),(40,9217),(42,318),(43,24118),(44,7999),(45,27588),(48,12271),(50,21575),(53,33032),(54,9360),(55,27813),(56,8699),(61,1610),(63,5746),(64,25527),(66,4316),(67,27585),(68,27941),(69,26715),(70,27164),(71,15623),(73,15347),(74,213),(75,27283),(76,33459),(77,3810),(80,32520),(81,25919),(82,18240),(84,711),(85,4089),(87,26128),(89,10298),(90,15619),(91,12863),(92,22654)]	117.711209
693	[(2,11597),(3,28032),(4,9798),(6,5372),(8,27246),(18,28967),(19,21060),(21,19360),(22,24579),(23,31326),(24,35508),(27,24746),(29,26051),(32,34143),(33,12719),(34,13350),(35,21701),(36,22779),(37,31189),(38,19975),(39,10649),(40,28912),(43,4859),(45,20125),(46,22198),(47,14202),(51,19640),(55,32312),(56,11648),(58,12458),(59,11475),(60,26037),(61,16788),(62,35694),(63,32960),(66,418),(68,29214),(69,9529),(73,29993),(74,23212),(75,9603),(79,12416),(80,36130),(82,2964),(83,2637),(84,30346),(85,8860),(86,489),(87,27156),(89,29149),(90,14855)]	129.092262
694	[(2,3204),(3,12312),(4,187),(6,23265),(7,10521),(8,21888),(9,7547),(10,28690),(11,3247),(12,1645),(13,33504),(14,16017),(15,30408),(16,26167),(30,32851),(31,6953),(33,28216),(36,25497),(37,1379),(38,18028),(41,20853),(43,21861),(44,16744),(46,336),(47,14180),(48,27142),(49,16626),(52,9332),(53,13233),(55,35706),(56,3204),(57,12312),(58,5478),(59,20199),(60,11390),(61,21406),(62,6410),(67,1788),(68,31092),(73,10058),(74,15873),(75,31631),(78,15318),(79,18659),(80,2524),(81,30312),(84,26322),(87,21727),(88,10260),(89,24666),(92,9307)]	117.570441
695	[(1,5355),(7,13445),(9,29793),(11,19803),(14,6529),(15,15525),(16,20942),(17,11254),(18,13092),(20,10913),(21,1597),(22,13503),(25,8612),(26,18844),(30,18836),(32,17852),(34,15190),(35,32948),(38,36047),(40,9030),(41,25874),(45,26073),(46,30529),(48,31297),(49,2532),(50,17000),(51,36222),(52,28624),(54,21512),(56,295),(58,32184),(60,24897),(61,9150),(63,36249),(64,5689),(66,5007),(67,4852),(69,35378),(71,16685),(74,35615),(76,33920),(78,5707),(79,24799),(80,14961),(81,77),(82,29535),(83,33130),(84,8720),(85,29921),(87,26526),(89,787),(90,27635),(91,14773)]	115.556740
696	[(4,8231),(5,22551),(9,20059),(10,26117),(14,16841),(15,16109),(16,10438),(17,6763),(19,19473),(20,16020),(21,6254),(25,217),(27,18237),(30,4794),(31,26269),(32,14130),(33,9678),(35,30471),(36,15317),(38,3361),(42,8602),(45,5151),(48,19714),(49,4317),(53,12130),(54,4637),(58,24313),(64,35577),(65,33545),(66,30070),(68,26426),(70,21423),(71,6480),(72,32449),(73,9555),(74,30688),(75,21960),(76,19926),(78,16502),(80,15049),(86,22614),(88,34992),(89,25439),(91,4301),(92,10971)]	108.727655
697	[(0,3884),(2,11299),(3,4244),(7,26693),(10,7227),(14,35940),(15,19283),(16,2897),(17,30469),(18,25531),(20,932),(22,19046),(23,14931),(25,18639),(29,10331),(30,12111),(31,6083),(32,20579),(34,24010),(36,2271),(37,31505),(38,21533),(39,11326),(40,6495),(42,4821),(44,33401),(49,14688),(53,27374),(55,571),(56,27072),(57,3671),(58,3047),(59,21013),(60,18289),(61,965),(62,10531),(63,33484),(64,21835),(65,2111),(67,5430),(68,35237),(71,232),(72,29928),(73,14229),(74,24306),(78,20402),(79,11890),(81,762),(82,991),(85,3410),(86,28000),(87,21654),(88,2241),(89,7483),(90,7173),(91,32826),(92,8554)]	109.112569
698	[(0,7508),(1,20023),(3,15754),(6,33647),(9,1346),(10,23518),(14,15065),(15,6179),(17,4869),(19,9793),(20,24182),(21,25318),(22,15688),(23,34914),(24,19152),(25,23078),(27,1483),(28,19259),(29,15058),(31,5341),(32,31125),(34,31254),(36,33235),(39,20211),(41,18903),(43,17303),(44,24815),(45,32959),(48,28502),(49,23492),(50,4442),(51,7327),(52,27986),(53,32417),(54,11627),(57,14747),(58,2120),(59,23285),(60,27402),(61,17868),(63,9212),(66,29636),(70,6803),(71,32077),(73,9416),(74,15342),(75,17918),(76,64),(77,805),(78,19318),(80,21490),(82,8370),(83,16853),(86,18445),(88,32638),(90,13668),(92,2920)]	118.279597
699	[(1,17907),(2,126),(3,20815),(4,1299),(6,1329),(8,9373),(9,26919),(11,22742),(12,10637),(14,24366),(19,8536),(23,34099),(24,35684),(25,36698),(26,7399),(27,3279),(28,71),(29,4979),(31,13551),(32,7078),(34,7463),(38,31539),(39,17752),(40,2679),(41,8356),(42,10354),(43,14489),(45,18288),(46,707),(48,7916),(50,2882),(52,12496),(53,8537),(54,14136),(55,16216),(57,9559),(60,6081),(61,4543),(62,19209),(63,12707),(64,22855),(66,13884),(80,25925),(82,34537),(84,197),(89,11807),(91,3784),(92,3682)]	134.085565
700	[(0,28974),(3,5998),(9,18603),(10,2401),(11,2550),(12,32413),(15,12995),(20,5451),(22,8650),(23,15677),(25,24796),(26,26569),(27,27126),(28,35650),(29,28763),(30,3112),(31,36421),(32,25287),(35,35346),(36,24935),(39,31110),(41,30873),(42,12810),(44,36046),(45,12254),(46,6013),(47,16735),(48,18277),(49,20659),(50,32788),(52,18835),(53,12326),(54,36509),(55,23344),(56,17205),(57,32263),(59,6863),(60,22025),(62,12472),(63,21811),(64,30047),(67,20590),(68,18599),(70,10061),(71,28745),(74,34032),(77,25122),(79,21444),(80,35430),(81,32777),(82,26126),(83,10941),(84,18165),(85,9310),(86,28628),(88,35056),(89,31745),(90,26376),(92,10160)]	114.921621
701	[(0,18776),(1,28072),(4,8543),(5,36670),(7,23780),(8,5086),(9,19059),(10,4905),(11,19622),(12,22402),(13,11965),(14,16479),(16,28998),(18,12110),(19,15095),(21,14985),(25,18618),(26,26842),(30,33753),(31,28990),(32,1545),(34,14174),(35,23080),(36,18995),(37,15821),(40,35980),(41,12039),(42,5667),(43,30041),(45,7495),(46,6720),(48,2438),(49,6123),(50,24475),(51,15312),(52,14698),(53,33677),(56,26426),(57,11376),(60,4015),(61,13828),(62,27051),(63,28158),(64,5574),(65,15263),(67,17005),(68,12695),(69,607),(71,15573),(74,8533),(75,12905),(76,33244),(78,35597),(80,32149),(81,3315),(83,33561),(87,21377),(88,31090),(89,16329),(90,25758),(91,3203),(92,19730)]	127.170981
702	[(2,24400),(3,27348),(5,16007),(11,18914),(13,24335),(15,29493),(16,306),(17,35377),(18,22616),(19,1455),(20,7679),(21,31612),(22,36631),(23,33711),(29,29933),(30,13128),(32,10014),(33,19277),(34,85),(37,29841),(41,11127),(42,18942),(44,27550),(45,33008),(47,6434),(49,36478),(52,10083),(54,17084),(55,36084),(56,1824),(59,34022),(60,35995),(61,5504),(63,10090),(65,12255),(66,2552),(68,35654),(69,9838),(71,16898),(74,28983),(75,22436),(79,10895),(80,30514),(87,31989),(90,24723),(92,3539)]	131.054583
703	[(0,17637),(3,31983),(4,13796),(5,8111),(6,12621),(14,31906),(17,22514),(18,10651),(19,19182),(20,26168),(21,524),(24,13813),(26,10074),(28,10906),(31,9715),(32,13997),(33,12755),(34,26867),(36,6120),(37,33396),(38,35184),(40,20915),(41,24535),(42,23400),(45,30239),(48,21189),(49,26297),(50,30241),(52,16449),(53,6713),(54,28437),(55,23909),(60,17948),(62,35874),(63,28366),(64,28037),(67,1709),(68,29780),(69,7729),(70,16551),(72,5578),(75,13943),(76,25909),(78,29052),(80,11175),(81,31852),(85,8476),(86,11653),(87,3132),(89,24640),(92,16725)]	114.454565
704	[(1,20497),(2,22649),(4,19685),(5,33455),(9,13011),(11,3620),(12,20300),(13,28649),(15,33642),(16,30415),(18,32064),(19,13402),(20,11561),(22,28273),(23,23557),(24,10894),(25,36359),(28,23781),(35,32475),(36,22715),(41,19015),(44,23823),(45,26197),(46,29366),(47,12163),(49,9305),(51,16171),(55,27456),(59,3248),(61,23493),(63,8293),(64,10839),(65,11483),(67,31907),(68,10925),(69,25568),(71,35764),(72,35602),(73,8983),(74,27158),(75,34588),(76,31047),(78,3336),(79,13683),(80,6185),(81,6147),(83,19366),(85,10125),(86,33557),(88,30168),(90,2501),(91,2571)]	112.098705
705	[(1,4421),(3,34483),(5,20537),(8,2066),(9,5669),(13,25273),(16,25494),(17,24890),(19,31714),(20,19253),(21,9706),(22,4208),(24,3998),(25,28408),(32,29160),(37,947),(40,33772),(41,27078),(42,2789),(43,20845),(44,9259),(45,24617),(46,36343),(47,16946),(50,27830),(51,9752),(54,36127),(55,5420),(56,16744),(57,856),(60,23512),(61,9977),(62,7597),(64,5342),(65,9453),(68,32440),(71,19425),(73,35621),(76,26337),(80,23389),(81,32829),(83,13992),(84,33329),(86,22192),(87,8121)]	111.048888
706	[(1,36281),(7,24912),(9,9654),(11,20701),(12,35603),(13,424),(14,6115),(16,30513),(17,34429),(19,29549),(20,28380),(21,777),(22,2477),(23,17587),(25,30707),(28,22218),(29,1457),(32,13653),(33,13719),(34,2093),(35,2369),(36,25161),(39,8160),(42,8610),(43,1786),(44,20660),(45,23072),(46,22232),(47,35785),(48,25211),(49,7236),(50,10824),(53,33624),(54,6782),(55,33928),(59,6295),(60,27678),(62,30123),(66,21492),(68,14724),(70,21431),(71,1056),(72,11768),(73,7024),(75,15045),(76,27998),(81,14245),(84,33236),(88,24370),(89,3342),(90,34375)]	128.497362
707	[(0,27770),(1,30988),(2,4327),(3,24612),(7,4252),(8,1384),(11,1983),(12,5411),(13,22474),(14,25645),(15,15063),(16,24385),(17,35777),(18,26497),(19,27725),(20,25958),(21,28553),(22,3704),(23,26425),(24,13285),(25,25816),(26,15813),(27,33483),(29,16500),(31,11412),(32,16361),(33,11630),(35,26078),(36,35854),(37,14643),(38,15746),(39,4940),(41,14695),(42,2813),(45,15710),(47,23658),(49,9549),(51,19684),(54,3156),(55,2479),(56,31264),(57,26759),(58,18010),(60,27450),(61,25577),(62,19707),(63,15136),(64,329),(67,31053),(68,5549),(71,15713),(73,14634),(74,4377),(77,11846),(78,2715),(80,22995),(83,22221),(85,30102),(86,21503),(87,4346),(88,14629),(91,21698),(92,7017)]	138.730886
708	[(3,31206),(5,10824),(8,4373),(10,23675),(11,24752),(12,34778),(14,23684),(15,33237),(17,2816),(20,21825),(22,4736),(24,6489),(26,14257),(27,25158),(29,34714),(35,10429),(41,15712),(46,22454),(48,5731),(49,5362),(50,24311),(52,2766),(53,29759),(56,9901),(58,18595),(61,2492),(62,36529),(64,4289),(66,19159),(67,11327),(70,1588),(72,19954),(73,12979),(75,12755),(78,36189),(79,17981),(80,34872),(82,18313),(84,1987),(85,9434),(86,3104),(87,22327),(88,3364),(89,20301),(91,9306),(92,33220)]	110.751831
709	[(1,18417),(2,30221),(3,29914),(6,25734),(7,6434),(9,2278),(12,8690),(14,18772),(17,13950),(22,34508),(23,13795),(24,6751),(25,1897),(26,12636),(32,1970),(33,22522),(34,28027),(35,1070),(37,1636),(41,6137),(42,5708),(43,7484),(44,27820),(45,9913),(47,10056),(48,12817),(49,24659),(50,7401),(51,22740),(52,1192),(53,13508),(55,6149),(56,19443),(58,6944),(59,3440),(60,1066),(61,23903),(62,23206),(63,10839),(67,19224),(69,11936),(70,26455),(72,7256),(73,19364),(74,27687),(75,16178),(76,25185),(80,28693),(84,36189),(86,2760),(87,36125),(88,617),(90,33848),(91,12391)]	122.265147
710	[(1,4815),(2,4767),(4,17517),(5,14673),(6,28359),(8,33961),(9,18796),(10,24576),(11,33323),(15,34883),(17,22095),(19,22621),(20,17911),(21,20056),(22,13494),(26,27464),(27,33252),(28,22880),(29,7823),(30,6679),(31,36302),(32,10783),(35,17363),(36,34785),(40,19312),(41,11297),(44,1381),(45,19313),(48,15425),(50,13366),(53,4203),(55,6824),(56,31938),(58,911),(60,33646),(61,15773),(62,28605),(64,3191),(66,2532),(68,197),(70,16363),(71,9100),(72,18739),(73,9026),(77,34489),(80,27741),(81,12097),(82,32296),(83,19522),(84,6520),(86,23567),(89,10309),(91,13439)]	118.482299
711	[(1,35826),(3,6788),(4,27391),(6,14936),(7,29852),(10,9864),(11,7261),(12,27160),(16,34424),(18,4842),(19,20934),(20,27442),(21,25752),(22,27357),(23,7987),(26,32283),(28,212),(30,2745),(31,966),(32,8384),(33,18911),(34,8292),(35,21909),(37,24152),(38,10408),(40,35896),(43,26761),(49,19746),(50,31899),(51,31863),(52,4172),(55,28499),(56,28890),(64,34936),(65,20030),(66,15934),(68,11807),(70,8818),(71,4113),(73,1176),(76,22239),(78,33132),(79,28394),(81,10934),(82,34340),(84,32379),(85,14074),(89,18568),(90,12599),(92,346)]	118.726229
712	[(0,18340),(2,2601),(3,29408),(5,5966),(6,24829),(7,8407),(9,34468),(12,26932),(14,18882),(16,6831),(20,23329),(21,16000),(22,33555),(25,26743),(26,6405),(27,23425),(28,28526),(29,211),(30,34908),(31,16576),(32,4522),(36,36661),(37,13966),(38,5818),(39,34163),(40,15850),(42,25072),(43,25613),(44,3749),(48,19672),(49,9028),(50,35021),(52,32262),(54,23350),(56,35947),(58,7478),(59,19045),(61,3272),(62,18689),(63,32620),(66,27467),(68,28068),(70,16639),(71,470),(72,31592),(74,21270),(76,10505),(82,19876),(84,13196),(85,2166),(88,33094),(89,487),(91,28847)]	119.074882
713	[(1,5315),(7,25278),(8,6861),(10,4728),(11,6556),(12,26469),(13,3266),(22,26107),(24,12336),(25,29309),(26,32794),(27,16924),(29,30390),(30,36043),(31,11870),(33,10436),(34,18549),(36,30201),(38,6034),(42,3426),(43,29992),(44,401),(45,20072),(47,24572),(48,17827),(49,30502),(51,29747),(53,15198),(54,28662),(55,29231),(57,10044),(59,30217),(65,10135),(66,32348),(67,30147),(75,18092),(76,15042),(77,14160),(78,20578),(79,32645),(82,25371),(83,32657),(85,11745),(86,23068),(88,10822),(89,33147)]	113.357896
714	[(2,2960),(4,29748),(6,22778),(7,3871),(10,7223),(11,12555),(13,5965),(16,3005),(17,18672),(18,9993),(20,19082),(21,11866),(22,1314),(23,20042),(28,4119),(29,21296),(31,15259),(33,9282),(34,13734),(35,12167),(36,19847),(37,24737),(38,13723),(40,4947),(44,15181),(45,29036),(47,30353),(50,24219),(54,23435),(55,29076),(56,23157),(57,23134),(60,29541),(61,6539),(62,30820),(63,30433),(64,24413),(65,25191),(66,172),(67,11167),(68,19604),(70,20115),(72,14572),(73,34173),(74,20305),(76,32783),(79,27682),(81,23767),(85,975),(86,28509),(87,3782),(90,11592),(91,35303),(92,4691)]	124.308457
715	[(0,28387),(2,3885),(3,34481),(4,16046),(5,20632),(6,36667),(7,18862),(8,35840),(12,605),(13,30602),(14,32032),(16,26551),(19,8863),(20,7412),(21,7960),(26,36467),(27,9814),(28,5400),(30,11270),(32,29),(35,12773),(36,17869),(37,12853),(40,31713),(42,6069),(43,24682),(47,3833),(48,10935),(50,26386),(51,15152),(55,25195),(56,1314),(60,28536),(61,35740),(64,23730),(65,32532),(66,11348),(67,35579),(68,35451),(69,6579),(71,32790),(72,15193),(73,34492),(75,14374),(76,24711),(78,33570),(80,13569),(82,9029),(84,33739),(86,4141),(88,34718),(89,1666),(91,11062)]	110.785495
716	[(1,22525),(2,12760),(3,35760),(4,15005),(9,2628),(12,2956),(14,29471),(15,22097),(17,25701),(21,35064),(22,796),(23,20608),(24,21277),(27,4464),(30,16301),(33,32471),(34,12796),(35,3724),(36,6896),(37,16007),(39,29031),(41,33098),(43,31446),(44,31269),(47,13351),(48,13136),(52,31091),(54,14347),(55,7781),(56,25852),(58,31749),(59,17471),(61,10156),(64,4708),(66,32595),(69,6296),(70,1700),(72,7198),(75,11011),(76,36321),(78,30767),(79,7727),(80,32904),(82,10442),(86,10750),(87,22533),(88,9961),(90,35582),(91,5625)]	132.126169
717	[(0,7987),(3,30634),(4,32254),(6,24827),(7,20529),(8,2127),(9,21454),(10,437),(13,400),(15,31830),(18,11455),(19,3160),(20,33618),(21,29029),(23,28466),(27,22248),(28,22658),(29,267),(30,19570),(35,25677),(36,34133),(38,4408),(41,25416),(42,12237),(48,5257),(49,1731),(50,17726),(51,6664),(52,24671),(53,19710),(55,8252),(56,27409),(57,36327),(58,24596),(59,4533),(60,24848),(61,28168),(62,25140),(63,17701),(68,6148),(69,15777),(70,7807),(71,31961),(72,13287),(73,2314),(77,1788),(81,30956),(82,2579),(83,29488),(85,28636),(87,7132),(88,10365),(91,24644),(92,11725)]	118.531606
718	[(0,33563),(1,31923),(2,30951),(3,9923),(4,30808),(5,5086),(7,2831),(8,1693),(12,24457),(13,26194),(14,16563),(15,31654),(17,32839),(20,32019),(22,19476),(26,7115),(27,33769),(30,16129),(31,29873),(32,4098),(34,30772),(36,17228),(37,19211),(38,22457),(40,33295),(41,35789),(45,10664),(46,8348),(47,15184),(48,5546),(50,29205),(54,24665),(56,31930),(58,10366),(60,9889),(62,21003),(64,8105),(67,26642),(68,10280),(69,12367),(71,6860),(72,18193),(74,15530),(76,22560),(77,24539),(79,8651),(80,26705),(82,34412),(83,32777),(84,25050),(86,1778),(88,8799),(89,198),(90,21002),(92,19382)]	118.110248
719	[(0,25254),(5,29724),(9,21232),(11,7841),(12,28253),(14,529),(15,32583),(18,4878),(19,36104),(21,5771),(22,9932),(23,1472),(26,22941),(27,3197),(28,24589),(29,10679),(31,15478),(32,10920),(33,34945),(34,12968),(37,36513),(38,18170),(39,22622),(41,12539),(44,10893),(45,1923),(46,36590),(47,13602),(48,14777),(49,24445),(51,24538),(54,29913),(55,32836),(57,33074),(58,34432),(59,2945),(60,5288),(63,32183),(64,5510),(65,35185),(66,6837),(67,10612),(69,28410),(71,29432),(72,8850),(76,12084),(77,15115),(78,30809),(83,15552),(84,20496),(86,1267),(88,32830),(89,6837),(91,31144)]	119.403680
720	[(0,9450),(1,6439),(4,28700),(6,35880),(7,23736),(9,31495),(10,13368),(11,12864),(14,16115),(16,3288),(17,12878),(18,35211),(19,30607),(20,18506),(21,940),(22,2588),(24,2898),(25,22238),(30,1292),(31,35255),(32,15360),(35,9002),(36,18266),(39,33640),(40,3909),(41,32266),(42,24300),(43,13086),(44,4212),(47,17926),(48,10942),(51,4207),(52,888),(55,11192),(57,9805),(58,25257),(59,10085),(61,29308),(62,7374),(66,20126),(68,32531),(73,20178),(76,11425),(77,26028),(81,5269),(82,35836),(84,24327),(86,20047),(87,12933),(88,10329),(89,20233),(90,33652)]	124.487687
721	[(0,2505),(1,30795),(2,25275),(4,8611),(5,27394),(10,9664),(14,12754),(15,30736),(17,3339),(20,8640),(21,19995),(23,35146),(25,8790),(26,26151),(29,2013),(31,24963),(32,18749),(33,14125),(34,10670),(37,2929),(38,29086),(42,7102),(44,10124),(49,13748),(50,5379),(51,6007),(52,3094),(55,10128),(56,29038),(57,2889),(59,36303),(60,4869),(62,31979),(64,926),(65,30269),(66,11147),(68,19939),(69,91),(70,6796),(71,29104),(76,1368),(78,29203),(79,2687),(82,34550),(83,6595),(85,21274),(86,18072),(88,36375),(89,32394),(90,4196),(91,15887)]	117.422228
722	[(0,32068),(1,27325),(3,2546),(4,26285),(5,15788),(8,15443),(11,12342),(12,7238),(14,32467),(19,24350),(20,16076),(24,22800),(25,17645),(27,2778),(28,2547),(29,5207),(30,34410),(31,3939),(33,12704),(37,6785),(38,30554),(40,32582),(41,34431),(43,10717),(44,19382),(45,19773),(47,30428),(49,5412),(51,5016),(52,8724),(54,17793),(56,7747),(57,35369),(61,24579),(62,31326),(63,11533),(64,5343),(65,29984),(70,33074),(72,5041),(73,23651),(74,9206),(78,27980),(79,30603),(80,18079),(82,3850),(84,27600),(85,18295),(86,20047),(87,33897),(88,11050),(89,12521),(91,10866),(92,35388)]	116.150395
723	[(2,34523),(6,25031),(7,1217),(8,11965),(9,1489),(11,27304),(12,15134),(13,13680),(14,8123),(17,29988),(19,10512),(20,3583),(21,4212),(22,1358),(24,6541),(26,29028),(28,11485),(29,31538),(30,93),(32,15212),(35,20027),(36,11222),(38,6603),(40,947),(42,9807),(46,9905),(47,6790),(48,13874),(51,5288),(53,30618),(55,36168),(57,34649),(58,9088),(61,31855),(65,10576),(66,7166),(67,27425),(70,2273),(72,6789),(73,18627),(75,3524),(76,17868),(78,20957),(79,33930),(81,234),(84,21583),(85,34861),(86,317),(87,14735),(88,18390),(89,11097),(92,3676)]	123.041315
724	[(0,13916),(2,19068),(3,35254),(4,30363),(5,30619),(8,10680),(9,24932),(11,10645),(13,2630),(14,28339),(15,2510),(17,7337),(18,9318),(19,7024),(21,15045),(22,4953),(24,24839),(26,19143),(27,16484),(31,35126),(33,14014),(35,26121),(37,13247),(38,30126),(39,17899),(40,17855),(42,17139),(45,10115),(46,32819),(47,27979),(49,20366),(50,13851),(51,10044),(53,2797),(54,29594),(55,35003),(56,30955),(57,28290),(60,31893),(62,22774),(63,31968),(66,12897),(67,25717),(68,30338),(69,30483),(70,6178),(72,28106),(73,1222),(76,6973),(77,8324),(79,22770),(80,30401),(81,9548),(83,13017),(84,1397),(87,30736),(88,32970),(89,4283),(90,21034),(91,2646),(92,21507)]	131.932613
725	[(2,6986),(4,35672),(5,8434),(6,3045),(9,21852),(10,9839),(12,11901),(13,9868),(15,20529),(16,2127),(17,21454),(20,21438),(22,6491),(23,4583),(25,33828),(31,26454),(34,18500),(36,13386),(38,10183),(39,14859),(40,36578),(41,17865),(42,27317),(43,14007),(46,33865),(47,31729),(49,4340),(55,13641),(56,31234),(57,3120),(58,20008),(60,21557),(61,4388),(63,22023),(64,1305),(67,25198),(71,23331),(72,15926),(73,18397),(74,14555),(75,14003),(76,14069),(77,30643),(78,15388),(79,8944),(81,28615),(84,12101),(85,14559),(86,31846),(88,17786),(90,17039),(91,24000)]	111.176045
726	[(0,15811),(1,19105),(2,15194),(3,31775),(5,17187),(6,3658),(8,25685),(9,7822),(10,9124),(11,26532),(13,15377),(15,33670),(16,28039),(17,10381),(18,12768),(20,15487),(22,7796),(24,23986),(27,27550),(28,21376),(29,1056),(30,11768),(39,2927),(41,25823),(42,13882),(44,33049),(45,26736),(47,17212),(50,26491),(54,5365),(56,6414),(57,8277),(58,623),(64,5341),(65,5530),(67,17409),(68,5733),(69,31857),(72,9917),(74,1245),(75,6469),(77,19117),(79,618),(82,35134),(84,14965),(85,27355),(86,11199),(88,16773),(90,27712)]	119.378015
727	[(0,132),(3,20717),(4,11044),(5,25676),(7,13751),(9,16543),(10,19480),(12,16757),(14,7659),(15,14077),(17,26558),(18,4892),(20,12134),(21,34788),(23,25627),(26,400),(27,19566),(28,17913),(29,3099),(31,36143),(33,22422),(34,23067),(36,1816),(40,19034),(41,32660),(42,20150),(43,11176),(47,10024),(48,17910),(52,31448),(53,21920),(56,17348),(57,28203),(59,28483),(60,16544),(61,27297),(62,15364),(63,6966),(64,29712),(66,21852),(67,9839),(68,29408),(72,5055),(73,2481),(74,29160),(76,13464),(77,13449),(78,35757),(80,25821),(84,27570),(85,17207),(86,20357),(87,23037),(89,9553),(90,27563),(91,24710),(92,16488)]	123.845746
728	[(1,23722),(2,32621),(3,12291),(4,25647),(5,4749),(6,26627),(14,10413),(15,21678),(16,26479),(17,35023),(18,14089),(19,28696),(21,13041),(26,5820),(27,28568),(30,32837),(33,1451),(34,28124),(37,23179),(38,34977),(39,20782),(40,8399),(42,9387),(44,28957),(46,3907),(47,18431),(48,32418),(49,10081),(53,17144),(54,10486),(56,13623),(59,24381),(62,31987),(63,34815),(64,19385),(65,1566),(66,31391),(68,35913),(71,6306),(72,35570),(74,19382),(77,16042),(78,3226),(81,10576),(82,7166),(84,22269),(86,26126),(87,10941),(88,18165),(90,2699)]	116.774191
729	[(1,1023),(2,18245),(5,2461),(6,18257),(8,17399),(9,4971),(10,15529),(15,8592),(17,172),(20,24083),(23,29420),(24,19077),(25,26794),(26,20423),(30,11764),(31,27139),(32,33420),(33,10296),(34,17100),(35,3519),(36,31026),(37,9314),(38,18638),(39,18027),(40,11739),(45,23878),(46,28212),(47,6086),(48,17910),(49,7519),(50,35264),(51,22865),(53,1695),(54,35984),(55,27538),(56,19128),(57,25144),(58,32970),(61,30148),(66,12138),(69,27730),(70,12301),(71,6002),(72,26594),(73,29566),(75,32721),(76,21948),(77,32595),(80,11262),(81,28192),(84,6535),(87,20185),(88,5157),(91,22848),(92,19385)]	111.417338
730	[(1,15575),(2,19190),(3,2233),(4,20244),(5,12030),(6,27403),(9,78),(11,2802),(12,808),(13,3563),(15,25273),(17,13223),(20,3204),(23,5399),(24,11345),(26,24431),(27,22551),(29,7257),(30,33746),(31,28405),(33,26346),(34,17590),(37,31054),(39,18355),(42,28243),(43,28310),(44,35953),(45,31239),(47,21866),(48,1682),(49,3739),(50,32015),(51,23004),(52,32101),(53,23654),(55,6355),(56,7507),(57,1979),(59,26227),(60,14353),(63,33124),(64,26484),(65,34441),(66,6464),(67,32984),(68,1436),(70,12062),(71,10025),(72,30023),(73,19923),(75,26491),(78,4386),(82,5143),(83,17877),(84,26634),(85,31629),(87,35378),(88,3911),(89,25815),(91,8876),(92,15065)]	111.911745
731	[(3,10636),(4,32235),(5,22390),(6,27005),(7,30077),(9,822),(10,17562),(11,20247),(13,35506),(14,27373),(16,35276),(17,16772),(18,6314),(20,24387),(21,29873),(24,32516),(25,5271),(26,8819),(27,2518),(29,8185),(31,768),(32,627),(34,3399),(36,19233),(37,16224),(39,4996),(40,1267),(41,1426),(42,12537),(44,26984),(45,19199),(46,19233),(47,25967),(48,2382),(53,5235),(54,26764),(56,23493),(58,27195),(60,6414),(62,5188),(63,35291),(64,21603),(66,34691),(67,36049),(68,8342),(72,30265),(74,14843),(76,10832),(79,10040),(80,11886),(83,33353),(84,19403),(86,5784),(87,9081),(88,22306),(89,27265),(91,34021),(92,10743)]	120.702580
732	[(1,6491),(2,6959),(9,27369),(10,31621),(12,35461),(13,36646),(14,12762),(18,29011),(19,33867),(20,31599),(21,30406),(23,31811),(24,5786),(25,28754),(34,15300),(35,19329),(37,10169),(38,36053),(39,21397),(41,32975),(42,33823),(43,581),(50,26743),(51,6405),(52,23425),(54,25397),(55,15358),(56,1804),(58,26772),(59,21226),(62,2810),(63,13174),(64,6502),(65,24534),(66,24250),(68,6676),(69,8583),(71,28830),(72,36271),(73,33273),(74,29424),(79,18263),(80,25225),(81,10081),(82,28472),(86,21765),(87,2315),(89,30890),(91,15542)]	115.469680
733	[(2,11415),(10,28745),(11,13878),(12,19181),(13,22726),(15,31305),(19,32925),(20,33090),(24,2014),(25,32177),(26,24301),(28,299),(29,3135),(30,24671),(32,4425),(36,27777),(39,2298),(42,35058),(43,14251),(44,25850),(45,20358),(46,4098),(48,525),(49,18107),(51,16909),(53,3651),(54,36044),(55,26893),(57,15604),(58,29001),(61,15462),(63,29244),(65,19207),(67,15564),(68,31603),(69,5678),(71,16754),(74,4601),(76,4073),(81,20244),(82,12030),(83,30791),(84,16597),(85,4653),(86,11252),(89,1301),(90,2321),(91,1011),(92,3931)]	133.632393
734	[(0,21612),(2,17507),(3,13218),(5,30405),(6,31593),(7,10343),(8,28492),(9,29044),(10,10206),(11,6452),(12,216),(13,30461),(14,16220),(17,20079),(21,2951),(22,773),(23,16668),(26,10703),(27,16079),(28,27318),(31,25830),(35,8357),(36,13436),(37,31740),(38,4121),(39,13774),(40,1817),(41,23594),(44,10955),(45,26144),(49,11038),(50,9497),(51,28067),(52,35895),(54,35772),(59,10113),(60,18569),(65,13537),(68,29433),(69,17223),(70,14057),(71,32528),(72,2544),(73,17074),(75,36038),(77,26333),(78,28036),(79,30154),(86,27733),(87,5150),(88,8492),(89,24901),(90,27565),(91,19735)]	121.445726
735	[(0,25488),(2,6725),(3,28728),(4,29192),(6,32423),(7,17398),(8,3745),(10,10334),(11,34339),(12,22607),(16,4525),(17,35535),(21,18413),(22,23807),(24,3270),(25,20596),(27,30593),(29,12538),(31,14566),(32,14778),(34,35989),(35,23241),(39,33263),(40,17432),(43,14858),(46,18009),(47,20817),(49,13274),(50,16241),(51,34900),(53,35198),(54,21770),(56,11668),(58,23314),(59,9302),(60,35972),(64,30823),(66,36232),(67,28224),(69,2716),(70,23646),(71,7135),(72,28252),(73,7631),(76,29112),(77,34325),(79,27017),(80,236),(81,14401),(82,3661),(86,24356),(87,3839),(88,32896),(89,36440),(90,8653),(91,33107),(92,4782)]	116.114936
736	[(0,5971),(1,5057),(3,33252),(4,26862),(7,10862),(10,25683),(11,21201),(12,3410),(14,24380),(16,929),(26,16555),(27,852),(29,27264),(31,15811),(32,19105),(33,27280),(35,19307),(36,19009),(39,30171),(40,19475),(41,28636),(42,5397),(43,4036),(44,17486),(45,24068),(46,10930),(48,24253),(49,1700),(51,12975),(52,8550),(54,19038),(55,36125),(57,10507),(61,9036),(64,13302),(69,3761),(70,14649),(73,4217),(77,19740),(78,5097),(83,8991),(85,25677),(86,36170),(87,11660),(90,29748),(91,35900)]	120.442833
737	[(0,5622),(2,25726),(3,1837),(4,29987),(5,27435),(7,20578),(11,2895),(12,14325),(13,34619),(15,2548),(16,12980),(18,34931),(19,8531),(20,13702),(21,3775),(23,22959),(27,34885),(28,6976),(30,14565),(31,4575),(33,11491),(35,7220),(39,4365),(40,26665),(41,25929),(42,8604),(46,11472),(47,26199),(51,17234),(52,17370),(53,25829),(54,35743),(55,30964),(57,13144),(59,30810),(60,21152),(61,10728),(63,29255),(66,35655),(70,5763),(73,1773),(76,22308),(78,32817),(79,25026),(82,32823),(84,14734),(85,34291),(86,20370),(87,32182),(88,6498),(89,19686)]	117.708029
738	[(1,20578),(3,33995),(4,35260),(5,35864),(6,4509),(9,16591),(10,32784),(11,19503),(12,9496),(13,18197),(14,34785),(16,35249),(18,24423),(19,26046),(23,20549),(24,7783),(25,24709),(27,12934),(28,135),(29,13186),(30,16357),(31,10926),(33,14351),(34,22532),(36,12946),(39,36369),(40,3218),(44,2623),(45,17216),(48,21145),(49,19245),(50,30305),(52,24065),(54,5187),(56,7439),(57,34221),(60,11983),(61,5191),(64,23953),(65,21301),(66,29302),(67,24601),(69,23824),(70,10458),(72,5328),(75,22496),(76,20690),(77,9385),(78,18035),(79,16589),(83,13226),(84,4945),(85,35633),(86,16052),(87,27160),(88,3787),(91,26020),(92,33884)]	114.648579
739	[(1,28665),(3,32493),(4,8640),(5,19995),(8,15683),(9,34463),(10,16205),(13,10788),(17,15212),(18,30343),(21,33909),(23,31673),(25,29708),(26,30124),(28,23945),(31,35329),(32,28633),(34,25064),(39,28841),(40,30653),(41,19982),(42,27822),(43,8597),(48,1387),(49,11240),(53,5536),(54,22407),(56,14590),(57,28815),(58,25691),(59,25520),(64,32203),(67,15511),(68,27228),(70,9827),(73,8833),(74,16040),(77,5985),(78,19983),(80,28244),(81,26434),(82,1008),(84,26228),(86,1733),(87,14731),(88,11762),(89,17375),(91,21489)]	120.311559
740	[(1,16077),(2,25383),(4,28021),(5,18138),(7,12996),(8,17721),(10,11802),(11,31465),(12,1948),(14,7455),(16,19505),(17,8107),(18,21596),(20,24338),(22,25264),(23,8742),(24,34400),(26,20504),(28,33740),(29,7772),(32,36066),(34,22589),(36,20558),(38,25210),(39,31937),(40,10854),(41,31355),(42,20454),(43,17344),(44,35322),(45,32457),(47,4102),(50,4896),(55,1525),(59,31016),(62,35925),(65,11133),(68,30415),(70,27941),(71,17236),(73,22832),(74,8727),(75,32308),(77,36555),(79,9990),(81,20333),(82,11315),(86,14808),(88,20016),(89,30978),(90,22026),(92,1498)]	119.859339
741	[(1,26181),(5,24702),(6,21753),(8,7685),(11,4310),(12,12140),(14,1123),(15,273),(17,32943),(21,35299),(22,9001),(24,25077),(25,20726),(26,1332),(27,20572),(28,33425),(31,25843),(33,28986),(35,12154),(36,12323),(37,1022),(38,8944),(40,16189),(42,21080),(43,18959),(45,36298),(48,33413),(50,2679),(51,31282),(53,22185),(55,34946),(56,32537),(57,12012),(59,8922),(62,28580),(63,20006),(64,29412),(65,13742),(66,26087),(68,4053),(70,4568),(71,5837),(72,30461),(73,32418),(74,25663),(75,22935),(76,3700),(78,10079),(81,2445),(82,2496),(83,30576),(84,6465),(85,153),(86,28284),(88,32653),(90,680),(91,6997)]	115.885876
742	[(0,20388),(1,8665),(2,2768),(5,29602),(6,7884),(9,27295),(11,17841),(14,24520),(16,34809),(18,34010),(19,14000),(23,20806),(29,16134),(30,2015),(31,34751),(32,20317),(34,22533),(35,9961),(36,3535),(37,31563),(39,8698),(43,23499),(44,8814),(46,11916),(47,744),(48,15667),(50,8655),(51,24584),(52,35999),(53,13063),(55,16565),(59,15149),(62,1119),(65,3923),(68,10846),(70,14386),(73,24635),(74,16449),(75,3059),(81,4296),(82,7753),(83,23992),(85,6105),(86,8317),(87,1933),(88,14702),(89,25824),(91,3015),(92,376)]	127.959992
743	[(0,5625),(3,32823),(7,6761),(8,15417),(9,34934),(10,6565),(12,29192),(15,7814),(16,29170),(19,27150),(21,8791),(22,16465),(24,10889),(27,17611),(30,15329),(33,14440),(35,28599),(37,29846),(38,15474),(39,11547),(40,17151),(42,12993),(43,17032),(45,3186),(47,9512),(49,5554),(50,4194),(51,7241),(55,9599),(57,27121),(58,34286),(59,8101),(60,26055),(62,28384),(68,27056),(70,25369),(71,14669),(73,2181),(75,21702),(76,10221),(77,32373),(79,5220),(80,33554),(81,3606),(82,3233),(83,26681),(84,7699),(85,4284),(89,32811),(91,16292),(92,13701)]	121.037058
744	[(1,26120),(2,2204),(3,13231),(4,31965),(5,2510),(7,7337),(8,3248),(13,3585),(16,19426),(18,4928),(20,5723),(21,19901),(22,14398),(28,19683),(30,24719),(32,20885),(36,15459),(38,32378),(39,21660),(41,16656),(42,9899),(43,6045),(45,8365),(46,3848),(48,33771),(49,6368),(50,34394),(52,16585),(53,18660),(55,33952),(56,11753),(57,6286),(59,11791),(60,13828),(61,15898),(63,28875),(66,131),(67,21752),(70,2694),(72,11221),(73,25719),(75,36305),(76,29246),(78,14318),(79,19873),(80,16437),(81,3814),(84,25476),(85,25056),(86,9133),(87,28770),(88,26924),(91,21761)]	115.991318
745	[(0,34387),(1,3471),(2,17913),(3,3099),(4,24223),(5,31491),(7,33691),(9,17732),(10,23594),(11,27640),(12,25452),(16,36549),(17,19992),(18,8729),(21,7713),(25,26298),(26,19142),(30,28959),(35,262),(38,29475),(40,13671),(41,19227),(42,16457),(43,4939),(44,7214),(46,21742),(53,10301),(55,19567),(56,17975),(57,31825),(58,18671),(61,23800),(62,41),(63,33860),(65,10264),(69,5820),(70,789),(71,29044),(76,20736),(77,16505),(78,15901),(80,32356),(81,32882),(84,26284),(85,8065),(86,5599),(90,28822),(91,15541),(92,24546)]	113.619930
746	[(0,36451),(2,290),(4,1058),(5,5606),(6,29953),(7,29314),(8,27212),(9,27230),(10,34958),(11,35641),(13,23297),(14,13617),(15,25097),(16,20523),(17,8386),(20,22185),(24,11246),(25,28199),(28,19798),(33,22109),(34,35163),(36,16229),(37,6921),(38,30111),(39,27323),(40,15375),(41,613),(43,15326),(44,2446),(45,25946),(46,7972),(49,6293),(50,11676),(52,20260),(53,23054),(55,19808),(56,15731),(58,29212),(59,11198),(62,5702),(63,5378),(66,6016),(68,22718),(70,32534),(75,31176),(76,6137),(77,5708),(78,7484),(79,22064),(80,3512),(81,33700),(82,27790),(84,35281),(89,323),(92,35761)]	110.177807
747	[(1,14701),(4,24909),(5,516),(7,4411),(10,32638),(11,36682),(13,16387),(14,36407),(15,36484),(16,1864),(17,14786),(18,28289),(19,16311),(21,35136),(23,3187),(24,20538),(25,14445),(26,29577),(27,20533),(28,1843),(30,21097),(31,18465),(34,16949),(35,27764),(36,1408),(37,1587),(41,25207),(42,31100),(44,13857),(45,3684),(46,26853),(49,23634),(50,22792),(52,28487),(53,15661),(55,6250),(56,30483),(63,1667),(64,3013),(65,29830),(66,20948),(68,16769),(70,14966),(72,25258),(74,8105),(76,9157),(78,35646),(80,6937),(81,2724),(82,5858),(83,24438),(85,29587),(86,16569),(90,14289),(91,34259),(92,28799)]	109.329839
748	[(4,17217),(6,28425),(9,4114),(10,14600),(11,3400),(12,13385),(13,36357),(15,9157),(16,20474),(18,22410),(20,2562),(21,13091),(22,18229),(23,20575),(24,26752),(25,36092),(29,2834),(31,35293),(33,15704),(35,35353),(36,35354),(38,26027),(39,14134),(40,29901),(44,30324),(45,18595),(47,17514),(48,20917),(50,15028),(52,2167),(56,28131),(57,6127),(59,14182),(61,29316),(65,7412),(66,7960),(67,6549),(69,7082),(70,25684),(71,29723),(73,5491),(74,23245),(76,30397),(78,33617),(79,27946),(80,20896),(81,14980),(85,18542),(86,31531),(87,18779),(88,25322),(89,1538),(91,31816)]	112.751837
749	[(0,1837),(1,29987),(5,1373),(8,32720),(9,7762),(12,33510),(16,27456),(17,11050),(19,57),(20,5447),(21,6162),(22,6036),(24,33826),(25,13473),(28,16344),(29,16187),(31,33350),(35,30277),(36,14337),(38,21890),(39,7767),(42,2452),(44,30558),(50,20414),(54,20725),(57,19808),(58,35147),(60,29054),(61,7343),(62,33758),(64,24560),(65,23618),(66,3232),(67,32966),(68,6903),(71,16872),(73,16248),(76,22918),(78,2409),(82,23592),(83,29172),(85,23788),(87,28431),(88,35212),(90,10786),(92,9643)]	105.034416
750	[(0,3395),(1,14027),(2,19823),(3,16158),(5,27320),(8,29769),(9,28376),(12,29119),(14,35881),(15,17106),(16,28292),(17,30435),(20,4986),(21,36315),(23,25421),(24,28033),(25,269),(27,5155),(31,7127),(33,34673),(34,89),(39,8587),(42,21126),(43,18857),(45,18690),(46,4885),(48,35885),(52,483),(53,18849),(54,11630),(56,20403),(57,26986),(58,26063),(59,19194),(60,28110),(61,4915),(65,30805),(66,28783),(67,23405),(69,13764),(70,29473),(71,28962),(72,24110),(73,16595),(76,20995),(77,13759),(81,30361),(82,19805),(83,35111),(84,19908),(87,17425),(89,9106),(90,26692),(91,2826)]	109.228410
751	[(3,17523),(5,20486),(6,10384),(10,23806),(11,8319),(12,25838),(13,12463),(14,28383),(15,10530),(18,32508),(20,2933),(24,32106),(25,239),(26,25736),(28,35596),(29,33324),(30,17497),(31,7607),(34,23246),(35,33232),(37,7435),(39,22782),(41,13145),(42,17270),(43,33153),(45,28172),(47,4005),(49,10017),(52,916),(54,7556),(56,29394),(57,25158),(65,8741),(66,12528),(67,31),(68,20021),(69,22028),(71,1956),(72,25767),(75,8583),(76,3855),(77,11862),(78,16722),(79,3569),(84,33712),(88,15386),(90,35484)]	135.260473
752	[(0,10177),(1,15229),(2,35513),(3,14640),(5,29110),(6,35327),(7,32654),(8,21326),(10,5566),(11,24278),(14,2954),(15,35585),(22,15038),(24,78),(25,21254),(26,35975),(27,35352),(29,25183),(32,21184),(34,5830),(37,33516),(38,4268),(40,34550),(41,22731),(42,29484),(46,5883),(48,30885),(49,2262),(51,8502),(54,35390),(55,8676),(60,4929),(61,5684),(62,11598),(63,15910),(65,31149),(68,36604),(70,10108),(72,27334),(74,17958),(75,1803),(76,2795),(79,26611),(81,9967),(83,19508),(87,6123),(88,24475),(91,22782)]	119.536858
753	[(3,9559),(5,940),(6,2588),(7,33766),(8,20477),(9,25762),(12,2921),(14,3732),(16,28995),(18,28721),(20,32811),(22,6898),(23,22521),(26,13278),(28,6076),(29,26326),(31,27240),(32,25159),(36,26454),(38,17684),(39,30671),(40,4647),(41,1952),(42,30631),(43,36517),(45,33579),(48,33947),(52,20588),(53,14132),(57,10469),(62,33146),(64,32830),(67,31797),(68,5934),(69,21019),(70,16706),(71,20516),(72,34024),(73,23965),(74,23874),(75,13335),(76,4992),(78,11355),(80,11454),(81,13565),(82,18266),(89,22),(90,11045)]	131.781667
754	[(0,8919),(1,28418),(4,11680),(5,20664),(6,30710),(7,22200),(15,33596),(16,3730),(17,6929),(18,29351),(20,3829),(22,4375),(23,1340),(31,27414),(34,8258),(35,2558),(36,29012),(37,12266),(38,16645),(39,25083),(40,18886),(41,7584),(42,33483),(44,17029),(47,17905),(48,4806),(50,784),(51,28207),(52,7163),(53,4772),(58,31563),(60,3611),(62,16731),(63,20440),(68,13654),(70,9721),(73,8787),(76,19791),(77,29861),(79,10096),(80,10808),(81,16549),(84,17160),(90,29521)]	113.205004
755	[(1,19952),(2,1847),(3,29261),(6,22154),(7,16230),(9,19491),(10,18697),(11,3601),(15,25117),(16,12986),(18,31533),(20,5703),(23,11157),(26,30184),(28,15713),(29,5073),(31,6356),(32,12824),(33,12845),(34,7131),(35,23680),(36,25404),(37,13181),(38,27106),(39,14254),(41,16798),(47,9753),(49,16867),(50,13780),(52,5984),(54,22792),(55,7944),(57,15520),(60,15429),(62,24267),(64,28340),(66,3329),(69,27399),(70,15233),(73,25637),(78,14052),(79,32861),(80,27959),(81,32125),(82,3205),(83,21960),(84,19926),(91,34311),(92,6704)]	217.229960
756	[(0,23512),(4,1733),(5,14731),(6,4088),(7,31921),(8,1884),(11,15870),(12,9480),(13,30064),(14,15610),(15,26190),(16,9331),(17,27707),(18,33452),(21,11999),(22,9508),(23,35973),(26,26181),(28,18221),(29,34880),(30,33387),(31,31400),(34,7352),(36,1702),(38,677),(40,17291),(43,9130),(45,3345),(47,20545),(48,36182),(51,33353),(54,18401),(55,2657),(56,32072),(60,15630),(61,7064),(62,861),(64,36067),(69,19700),(70,11255),(74,30586),(75,29316),(76,5982),(77,21151),(79,16987),(81,36322),(82,20755),(86,33331),(87,19408),(89,35824),(90,554),(91,33163)]	241.599039
757	[(0,11165),(2,893),(4,16803),(5,14044),(7,5562),(9,21665),(10,20334),(15,21155),(16,17196),(17,8199),(18,29221),(19,31257),(22,34138),(26,1138),(27,24793),(29,24930),(33,17720),(34,32791),(35,1088),(36,30118),(37,21353),(39,24765),(41,19043),(42,11179),(44,9234),(48,13274),(49,16241),(52,32535),(53,3645),(55,24578),(56,7005),(58,12673),(59,12596),(61,17682),(63,29870),(64,34654),(66,12156),(68,23265),(69,10521),(70,10003),(74,28681),(75,32128),(76,32720),(77,20623),(79,1926),(81,20958),(82,12857),(85,27254),(87,8722),(88,20515),(89,31963),(92,32983)]	247.328145
758	[(0,29620),(2,926),(3,6207),(6,16869),(7,7412),(8,36311),(13,21958),(16,4476),(17,36233),(18,31943),(19,30834),(21,5722),(22,7642),(23,13590),(24,32001),(25,11602),(29,3285),(31,9631),(35,4551),(36,26860),(38,7477),(40,29694),(42,5005),(44,26893),(45,6231),(47,16427),(48,2257),(51,15810),(52,25420),(53,33951),(55,16081),(56,28291),(59,8312),(61,5349),(64,6311),(66,3417),(67,8658),(69,6368),(70,1223),(71,12371),(72,7827),(73,29441),(74,5425),(76,25238),(77,33007),(79,19165),(80,33116),(81,30650),(82,2138),(84,4626),(85,917),(86,2468),(89,35649),(92,15919)]	245.047509
759	[(0,10925),(1,25568),(3,10425),(4,31145),(5,32755),(8,34650),(10,17452),(11,2456),(13,34465),(14,31463),(15,30622),(17,10820),(18,46),(19,17324),(21,25049),(22,14205),(24,13151),(25,15603),(26,16724),(28,23232),(29,26935),(34,13038),(36,15160),(39,2270),(40,16167),(41,10526),(43,19527),(47,28076),(50,35530),(51,27424),(52,10684),(55,6490),(58,11790),(59,7443),(60,24564),(62,5583),(64,20914),(67,6577),(68,20396),(69,14472),(72,8812),(75,29710),(78,7919),(80,36506),(85,10268),(86,4898),(87,17461),(89,8772),(91,2954),(92,27368)]	240.463613
760	[(0,30707),(5,27790),(11,35601),(12,5837),(13,7290),(14,17794),(16,9484),(17,35167),(19,21281),(20,29139),(22,8133),(24,11516),(27,17184),(28,33029),(34,1695),(35,35984),(36,33095),(38,9036),(46,10243),(47,28143),(49,10171),(54,21175),(56,33800),(58,30041),(60,1058),(61,1505),(62,30523),(63,21563),(65,19975),(67,11525),(68,12144),(69,8545),(71,12182),(72,26560),(73,19742),(75,27977),(76,22510),(79,5623),(80,4901),(81,15376),(84,7692),(86,9477),(89,32768),(90,19867),(91,8435)]	242.249784
761	[(2,11611),(4,4604),(5,18320),(10,17261),(11,33780),(12,35372),(14,28425),(17,16784),(18,9965),(19,31417),(24,15609),(25,27444),(28,6861),(29,2890),(31,32792),(32,843),(36,24016),(37,817),(39,32894),(40,32369),(42,13942),(45,16721),(46,11214),(48,3065),(49,13034),(51,29081),(52,34879),(53,12112),(54,21733),(55,25054),(56,4768),(58,31702),(60,25045),(67,20031),(69,34551),(73,30562),(76,28307),(77,5977),(83,2340),(84,19262),(86,9835),(88,32934),(90,30065)]	239.483315
762	[(1,4270),(2,9849),(3,15921),(4,27143),(5,9672),(13,9053),(14,20022),(18,2587),(19,36173),(20,18897),(22,17690),(23,12014),(25,35653),(26,11054),(28,22553),(29,24893),(32,35136),(34,5359),(35,7243),(36,26730),(42,22960),(43,13019),(44,29267),(46,11979),(47,25858),(48,23126),(51,22236),(52,23546),(53,13466),(56,29005),(57,31686),(58,14186),(59,3061),(60,8526),(65,11192),(67,7353),(69,1535),(71,29289),(72,3605),(73,7773),(74,36190),(75,6754),(76,16884),(78,8568),(79,36644),(81,32258),(84,4170),(88,24777),(89,8217),(90,25314)]	265.202995
763	[(0,11853),(2,23332),(4,24630),(6,6183),(7,11418),(9,31328),(10,32138),(11,22821),(14,15579),(16,19186),(17,33327),(18,20494),(19,18716),(20,36206),(21,28344),(26,29465),(28,12309),(30,7229),(31,10958),(33,3888),(34,12103),(35,15643),(39,34113),(40,12627),(42,29764),(46,21409),(48,8126),(49,21948),(50,6222),(51,29268),(53,3619),(55,30774),(57,1767),(58,15941),(60,35370),(61,9685),(63,6575),(64,12772),(66,21851),(67,34837),(68,453),(69,10763),(71,25711),(74,2757),(76,9687),(80,34573),(81,7110),(82,16463),(83,20237),(84,36009),(86,8828),(88,4052),(89,6180),(90,24649),(92,16742)]	246.630048
764	[(0,17082),(1,16245),(3,31842),(5,33894),(8,10301),(11,1162),(14,7486),(15,16318),(16,34628),(17,21043),(18,3243),(19,4040),(20,12019),(25,1241),(27,13640),(30,12406),(31,12538),(32,33647),(33,6297),(34,30048),(36,33187),(37,19533),(38,30689),(40,24750),(43,33916),(44,33602),(45,22025),(47,20668),(48,1962),(49,19588),(52,26269),(53,19749),(55,36617),(56,21716),(58,21868),(59,11900),(62,26620),(63,7450),(64,8413),(69,11717),(70,27469),(71,9273),(73,25491),(74,22684),(77,7248),(78,23308),(79,21227),(80,11822),(81,1030),(82,18970),(83,17813),(84,17942),(87,35649),(89,11234),(90,22525),(91,32450),(92,26680)]	248.579782
765	[(0,19529),(1,11058),(2,29884),(3,32347),(4,27666),(5,17607),(6,26601),(7,8811),(9,3297),(10,15935),(12,31980),(13,25857),(14,25966),(15,26331),(16,18445),(19,23866),(20,22540),(21,1056),(22,11768),(24,22900),(26,15944),(27,5643),(28,4638),(29,22109),(31,28988),(32,32788),(34,26125),(35,21773),(36,30641),(37,21249),(39,5238),(40,1567),(41,7178),(43,13212),(44,25195),(45,1314),(46,32532),(47,11107),(48,35496),(49,2977),(50,25328),(51,12924),(52,10304),(53,2481),(55,9446),(56,6754),(57,6680),(60,30584),(63,3553),(64,33172),(65,4671),(70,31194),(71,812),(72,22370),(73,10678),(75,632),(76,31201),(77,11059),(79,25698),(80,12010),(81,2064),(84,21719),(86,23825),(87,17225),(88,28896),(89,30539),(90,4793),(91,36501),(92,10661)]	240.769000
766	[(0,24701),(1,30898),(2,33549),(3,3367),(5,1511),(7,17536),(9,32306),(10,12363),(11,32627),(12,34255),(13,4113),(16,34551),(20,22151),(21,16033),(25,1302),(26,6805),(27,2288),(28,24227),(29,18063),(31,31243),(34,35833),(35,631),(36,9851),(37,2102),(39,30498),(40,36714),(41,3582),(42,25643),(43,4988),(44,5554),(50,2532),(51,17000),(54,17170),(57,16584),(58,33381),(60,15714),(64,15484),(65,23348),(67,4955),(68,20834),(70,7351),(72,23090),(75,9758),(76,8619),(77,34368),(79,23018),(80,22518),(81,23169),(82,26154),(83,5039),(85,311),(86,30890),(87,34349),(88,30256),(89,21462),(91,19163),(92,6443)]	269.705170
767	[(3,28396),(4,26613),(7,32877),(10,13187),(11,29321),(15,6941),(16,9515),(17,21051),(18,16491),(19,25461),(20,19340),(21,12368),(22,23472),(23,35729),(26,8393),(30,34959),(31,15466),(33,8911),(34,30793),(35,15848),(36,5562),(38,24604),(39,18277),(40,20655),(43,33838),(44,15104),(45,17260),(47,29215),(48,14296),(49,6019),(50,15468),(51,7901),(52,25184),(53,27171),(54,23977),(57,20493),(58,31131),(59,13083),(61,17448),(63,23404),(65,16374),(66,28509),(67,3782),(69,7606),(70,6966),(72,20657),(74,31704),(75,25855),(76,12833),(77,34557),(81,4500),(82,13666),(83,8945),(85,24751),(89,20759),(90,2714)]	234.546026
768	[(2,17883),(3,1353),(5,25355),(6,7541),(7,27616),(8,31763),(9,22819),(10,31095),(12,2712),(13,24107),(14,25916),(16,8781),(18,33975),(19,29227),(20,18393),(21,31782),(23,13587),(24,27982),(25,10218),(26,2162),(27,32722),(29,17237),(30,3765),(32,31540),(33,19325),(37,1424),(39,32899),(40,3838),(42,11040),(43,9763),(47,19747),(48,21733),(50,15832),(51,32743),(52,20245),(53,30933),(55,16110),(59,13384),(61,25904),(63,3472),(64,24412),(65,12776),(66,3815),(67,19693),(68,14381),(69,24292),(72,30108),(73,12792),(74,9338),(76,14630),(77,13212),(79,13326),(82,15914),(85,25363),(89,17354),(90,1085),(91,1680),(92,19106)]	248.840717
769	[(0,33849),(1,32156),(3,23129),(6,5869),(7,2069),(8,800),(9,6135),(10,24733),(12,25952),(16,19229),(17,4530),(18,22243),(19,15724),(23,18931),(24,27182),(25,9737),(26,29235),(28,17535),(30,17324),(31,1821),(32,28960),(33,19903),(34,11998),(35,281),(36,22483),(37,1170),(38,20880),(39,2377),(41,433),(42,14694),(46,25417),(48,13459),(50,17108),(51,21294),(55,28898),(57,21179),(59,34217),(64,36032),(71,35274),(73,16828),(74,15925),(75,9087),(76,24612),(80,28560),(82,1240),(83,24897),(84,9150),(85,1149),(86,18474),(87,1688),(91,32975),(92,33823)]	196.847977
770	[(0,35798),(1,30839),(3,12342),(6,8784),(8,33705),(11,19186),(12,23149),(13,30900),(14,21697),(16,26571),(17,29010),(20,13846),(22,12281),(23,29007),(24,34178),(26,17980),(28,21855),(30,35150),(31,2006),(35,15659),(39,6267),(40,8360),(42,32252),(44,6836),(45,5987),(47,31046),(48,18975),(49,12120),(50,27498),(53,6493),(55,36052),(56,23247),(57,18868),(58,64),(59,11533),(65,18542),(67,7780),(68,21816),(69,33959),(70,17662),(72,23242),(74,6633),(75,638),(76,8229),(77,33662),(78,24758),(79,2141),(84,16372),(85,34683),(90,31335),(91,19377),(92,17257)]	118.220111
771	[(0,23368),(1,27342),(2,5021),(3,1036),(4,21091),(5,27133),(7,30411),(8,21196),(14,4435),(15,23984),(18,36626),(19,14089),(20,25708),(21,23359),(24,32779),(27,29865),(28,31383),(29,16984),(30,32779),(34,35098),(35,9587),(36,24582),(38,25949),(42,24626),(43,22825),(45,35618),(46,7995),(47,20236),(48,19297),(49,3933),(50,8340),(51,21178),(53,6004),(54,23549),(56,34464),(59,29034),(61,13319),(62,19367),(63,3503),(67,19494),(74,4441),(75,6938),(76,19507),(79,25458),(80,23784),(81,18743),(82,35476),(83,19637),(84,13505),(86,24585),(87,24712),(91,33202),(92,14251)]	116.873420
772	[(0,24032),(3,11441),(4,29680),(5,14658),(6,23810),(8,385),(10,14976),(16,18986),(17,9575),(19,32472),(24,11995),(25,35371),(31,22879),(32,593),(33,34139),(34,12124),(36,36643),(37,23702),(38,28461),(39,10767),(40,13554),(45,23014),(47,27844),(49,16913),(56,33943),(59,17926),(60,6644),(61,12071),(64,26947),(65,1499),(68,4711),(70,6369),(71,18061),(73,32921),(74,13269),(75,17712),(76,26442),(77,21167),(78,24674),(80,738),(82,27217),(83,21807),(84,13723),(88,33485),(89,9653),(90,20843),(91,15384)]	135.941307
773	[(0,689),(1,23628),(2,9743),(5,26470),(6,26195),(7,720),(9,10153),(11,4316),(12,27770),(13,30988),(14,4327),(15,17468),(17,289),(18,17306),(20,19990),(21,19656),(22,10603),(23,202),(27,31597),(29,32200),(33,18301),(36,6047),(40,5929),(41,22801),(42,2551),(44,5656),(46,26178),(48,26677),(49,5444),(50,4590),(54,17892),(56,32909),(58,33621),(59,14106),(60,15510),(61,18430),(62,12835),(63,35304),(64,29799),(66,18580),(67,6463),(68,6845),(70,20631),(71,33876),(72,14746),(73,12641),(76,893),(77,33086),(78,15375),(79,8696),(80,19608),(83,19561),(84,5981),(85,36559),(88,3523),(89,16714),(90,17418),(91,24650)]	106.302899
774	[(4,29560),(5,32203),(6,7763),(8,25303),(9,31385),(10,17254),(12,23243),(15,13756),(17,7152),(18,16839),(21,9625),(22,2502),(26,12072),(27,33471),(33,5972),(35,20723),(36,15145),(38,36418),(39,14363),(43,26245),(45,25523),(48,4114),(50,2661),(52,1187),(53,24198),(54,31827),(55,17657),(56,1485),(57,2332),(59,21521),(60,24320),(62,1872),(64,36300),(65,13174),(67,20788),(68,24559),(72,35461),(73,6677),(75,7417),(78,29212),(80,5123),(81,6995),(82,5653),(86,21836),(87,27645),(88,6254),(89,27888),(90,13230),(91,3910),(92,8851)]	105.671610
775	[(1,26607),(2,15592),(4,25057),(8,11656),(10,10581),(12,9337),(14,7867),(15,14305),(16,12577),(18,13569),(19,12744),(24,31047),(26,3336),(28,19925),(29,1050),(30,27943),(31,18548),(32,7355),(36,22367),(37,9124),(38,11514),(39,9323),(40,18024),(45,25783),(46,17067),(47,15648),(49,18004),(50,7888),(51,21457),(52,15602),(53,27096),(56,17766),(57,7944),(58,9832),(59,12045),(60,13767),(62,20345),(63,27617),(65,26159),(68,17260),(69,4960),(71,19707),(72,15136),(73,11066),(74,35573),(76,25117),(78,32761),(79,33142),(80,4412),(81,3669),(83,3125),(84,22827),(86,25896),(92,33222)]	117.062382
776	[(0,17676),(1,2246),(2,4632),(4,4686),(6,16468),(8,30081),(9,33012),(11,20887),(12,33968),(14,5527),(15,25043),(18,14912),(23,20999),(26,17622),(29,9395),(30,33712),(32,6279),(35,30326),(37,9930),(39,7052),(40,28076),(44,32399),(45,12583),(46,5333),(47,31620),(48,12962),(49,20947),(52,29364),(54,13726),(55,24296),(56,14784),(57,7422),(58,9056),(61,3390),(63,25390),(65,10519),(69,21744),(70,10532),(81,13286),(83,27807),(84,20484),(87,31268),(88,5945),(91,35375),(92,4064)]	108.896419
777	[(1,8543),(2,7946),(3,17375),(4,19640),(6,5534),(7,11919),(9,5601),(10,11667),(14,34434),(15,30285),(17,32813),(19,21509),(20,35669),(23,17398),(27,21368),(28,819),(30,18068),(32,29458),(33,32167),(34,4492),(35,15513),(36,2794),(38,28685),(40,21673),(41,18518),(42,17352),(43,5479),(45,31933),(46,18730),(49,1944),(50,9462),(51,3904),(52,29279),(53,3896),(54,28217),(56,16303),(57,15787),(59,9449),(61,29033),(63,36270),(64,36152),(66,6235),(67,33409),(68,2007),(71,24700),(72,19636),(73,32363),(74,782),(75,26248),(77,28868),(79,14516),(80,35028),(82,6595),(83,32025),(86,16554),(87,4075),(88,30950),(89,13800),(90,9455),(91,34837),(92,453)]	107.419956
778	[(1,13),(3,27341),(4,33406),(6,2950),(8,27593),(9,24068),(10,26449),(12,4498),(13,35885),(15,10404),(16,14127),(18,5123),(20,22930),(22,13543),(23,3920),(25,7392),(26,22771),(27,24371),(28,851),(31,7820),(36,19285),(37,12203),(38,21434),(41,25285),(43,10621),(44,9707),(45,21000),(50,27405),(51,6697),(53,18246),(55,12460),(57,12386),(62,7144),(63,10560),(64,18729),(65,3412),(68,487),(71,35931),(74,24919),(76,5509),(77,31671),(80,23397),(81,34504),(83,27258),(86,16734),(87,8599),(90,29549),(91,31061),(92,6897)]	107.979566
779	[(4,16927),(6,22514),(7,25433),(9,9691),(12,32063),(13,17638),(14,15374),(16,21944),(17,12737),(18,28256),(22,27463),(26,28550),(27,20885),(31,959),(32,323),(34,18071),(35,4452),(36,32459),(37,6454),(39,19364),(42,28467),(43,20245),(47,9075),(49,14236),(50,35173),(51,28514),(54,17080),(57,5893),(58,27216),(60,11124),(63,110),(64,26005),(65,17965),(66,523),(67,3081),(69,35506),(70,23574),(71,28196),(73,12839),(76,1695),(77,12298),(78,20200),(79,12285),(80,14749),(81,17998),(84,936),(87,36573),(88,8584),(89,26416),(92,18702)]	115.348151
780	[(0,8885),(1,18641),(4,35059),(5,14391),(6,21118),(7,34233),(9,27108),(11,5325),(13,12133),(14,10901),(15,5520),(16,15414),(18,1211),(20,34229),(25,15261),(26,17734),(27,2054),(28,7935),(30,7984),(35,19532),(36,10633),(40,23356),(43,13763),(46,16621),(48,4178),(49,29056),(54,9083),(56,13821),(57,36612),(58,19515),(59,14510),(60,24938),(61,20198),(62,7792),(63,2943),(64,6931),(65,15193),(66,34492),(70,14688),(71,18034),(72,9802),(73,20040),(74,1326),(75,32967),(77,35686),(79,36239),(80,26356),(81,20422),(82,19203),(83,2933),(86,5804),(87,14587),(89,9999),(90,21589),(91,9434),(92,3104)]	119.282987
781	[(0,6028),(2,36641),(4,5551),(7,7234),(8,33318),(9,8896),(10,8887),(11,20544),(12,23481),(22,17086),(25,6845),(27,20485),(30,2399),(35,24496),(36,6359),(37,7936),(38,30953),(39,26755),(41,24264),(42,15681),(43,29601),(45,13404),(47,16829),(53,32188),(54,1675),(55,30405),(56,4966),(57,13911),(58,13632),(59,16058),(60,14636),(61,27928),(62,1828),(64,5707),(65,8024),(68,1329),(69,4717),(70,8320),(71,20997),(72,26943),(73,27355),(75,14678),(78,27284),(80,28035),(83,26670),(84,34206),(85,26328),(87,9246),(89,186),(91,22306),(92,2724)]	131.836318
782	[(0,8013),(3,23195),(5,28390),(7,20179),(9,22223),(11,1672),(13,27849),(14,7761),(15,6331),(16,183),(17,32797),(22,5235),(24,25975),(28,31376),(29,9496),(31,668),(32,2707),(34,5819),(36,14104),(37,12338),(38,17124),(40,31646),(41,6367),(42,19864),(43,34334),(45,9078),(47,22367),(48,33043),(49,28997),(50,1512),(52,25613),(53,3749),(58,34718),(60,7422),(64,20897),(68,15304),(69,31005),(71,8484),(74,22331),(76,33630),(77,8946),(78,4687),(79,28266),(80,27664),(83,15996),(84,5885),(86,33249),(87,22459),(90,7656),(92,8457)]	110.955928
783	[(2,26992),(3,6137),(4,1028),(7,31211),(8,10311),(9,26667),(10,8029),(11,25358),(12,19301),(14,5673),(16,9752),(19,12070),(20,5709),(21,12227),(23,30907),(25,366),(26,27890),(29,18789),(30,35626),(31,29538),(32,22348),(35,5206),(36,17447),(37,8337),(40,20359),(41,16894),(42,24338),(43,25095),(44,29197),(45,20105),(46,10271),(47,6968),(48,20186),(49,6613),(51,18534),(54,20245),(56,25881),(57,30114),(59,5326),(60,1479),(63,34657),(64,36536),(67,34935),(70,21382),(71,1392),(72,10799),(74,9476),(82,2414),(83,28579),(85,13091),(86,26796),(89,33766),(90,20477),(91,11341),(92,28199)]	121.224368
784	[(0,18119),(1,30449),(2,10912),(6,446),(7,9145),(8,29585),(9,15189),(11,12989),(13,31759),(20,31394),(29,33370),(31,14681),(32,29293),(33,26956),(34,4173),(35,13984),(36,18663),(37,4596),(40,34297),(44,7028),(45,342),(46,27596),(52,7495),(53,6720),(55,10974),(59,14677),(62,12734),(63,24147),(64,29625),(65,3781),(66,33372),(70,12069),(71,13318),(75,21879),(76,26341),(77,28694),(78,23122),(79,25062),(80,10631),(81,328),(84,34543),(86,25229),(89,11559),(90,22958),(91,7913),(92,6415)]	113.762080
785	[(0,24981),(1,9988),(4,31256),(5,24274),(6,16171),(8,4908),(11,21275),(14,13756),(16,125),(17,6187),(19,8904),(20,17028),(21,35941),(23,12238),(24,5648),(27,16638),(31,23271),(34,19707),(35,24582),(36,33911),(38,11357),(39,10554),(40,34108),(41,1413),(42,27633),(51,34215),(52,16604),(53,738),(55,25713),(56,32498),(57,33664),(58,36200),(59,27337),(60,14341),(61,24373),(65,32365),(66,32897),(69,15242),(70,6997),(71,32272),(72,19652),(73,25356),(74,9452),(75,23539),(79,33592),(80,15523),(81,494),(82,16086),(85,11675),(86,27318),(88,12563),(89,10045),(91,11822),(92,27053)]	115.890660
786	[(1,2207),(2,1673),(5,25031),(6,11963),(8,3240),(10,20057),(11,3671),(12,1515),(14,17571),(16,24487),(17,22672),(18,29846),(20,9378),(22,24989),(24,18050),(25,12535),(26,4214),(29,6449),(30,31130),(31,19292),(34,18349),(35,16054),(36,33057),(39,5562),(42,2165),(45,14529),(47,21632),(49,13774),(50,1817),(51,23594),(54,23749),(55,23637),(56,3938),(57,6667),(61,4527),(62,11632),(68,32273),(69,20385),(70,19144),(71,28938),(72,6585),(73,21665),(76,8815),(77,15404),(79,6699),(80,15937),(81,17460),(82,871),(84,34395),(86,26351),(87,30884),(88,28547),(89,1090),(90,18753)]	117.883930
787	[(1,34012),(2,5443),(3,16391),(4,6557),(5,1999),(6,22908),(7,29449),(9,26409),(10,30871),(11,28688),(12,27885),(14,28992),(17,27540),(18,20562),(19,27812),(21,66),(22,12845),(23,7131),(24,2388),(25,10024),(27,646),(28,12406),(31,33717),(32,22420),(33,13594),(34,6512),(37,1298),(38,196),(39,7905),(41,1357),(43,10976),(46,1612),(49,14132),(51,4596),(53,9485),(55,17905),(56,4806),(57,20742),(59,1130),(60,19096),(61,812),(62,8426),(63,26354),(64,10922),(69,11475),(71,22617),(72,140),(73,26129),(74,6951),(75,17667),(77,15755),(81,12563),(82,14324),(84,5065),(88,32946),(91,16285),(92,32908)]	124.488509
788	[(1,19438),(5,1304),(7,28187),(9,4989),(10,6826),(13,32719),(15,9986),(17,20648),(18,33149),(19,7755),(22,2779),(24,20163),(25,4410),(28,15699),(32,21368),(33,428),(35,20874),(37,18),(38,16117),(41,20530),(42,757),(44,14763),(45,19661),(46,9903),(47,14691),(48,19195),(49,36560),(50,28385),(51,24061),(52,15257),(54,2839),(55,36568),(60,2894),(61,7173),(62,23812),(64,14137),(65,13289),(69,6413),(72,22400),(73,19681),(74,33567),(77,19567),(78,17975),(80,3496),(81,26695),(82,5922),(84,17127),(85,24048),(86,16540),(87,30774),(88,11204),(90,11359),(91,31847),(92,31847)]	125.797076
789	[(0,1412),(1,11737),(7,23865),(11,24635),(13,10875),(14,19720),(17,32823),(19,13359),(24,19808),(25,35147),(27,3835),(28,14827),(30,26108),(32,4405),(33,13876),(36,26378),(37,21590),(39,20803),(41,13598),(42,25804),(43,15097),(44,19413),(46,22929),(47,9142),(48,15653),(51,20133),(54,34979),(55,33489),(56,11680),(57,20664),(60,13033),(62,3003),(64,11633),(65,29943),(66,3895),(67,9158),(70,11209),(71,16395),(72,14028),(74,603),(75,29286),(76,20827),(80,12614),(82,19220),(83,28706),(84,7552),(87,13780),(89,5984),(90,21771),(91,34641)]	127.224086
790	[(0,22430),(2,2942),(3,19086),(4,4660),(5,14816),(8,23536),(9,34135),(10,5858),(11,24438),(13,7900),(14,709),(15,26415),(16,34145),(17,24726),(19,834),(20,33277),(21,34628),(22,24629),(23,36524),(24,1983),(25,30813),(26,31833),(28,2838),(29,28429),(31,15849),(32,21435),(35,693),(36,8565),(38,17440),(40,23014),(41,35956),(44,33838),(46,22154),(47,381),(49,20402),(51,18344),(55,14731),(56,11762),(57,25413),(60,5926),(62,21007),(63,27134),(64,27338),(65,1661),(66,18780),(67,29770),(70,16929),(71,13112),(72,13410),(75,31493),(78,21795),(80,9200),(84,32300),(86,21349),(89,24203),(90,15967),(91,16383)]	119.421729
791	[(1,27009),(3,32454),(4,14476),(5,4042),(7,32440),(9,7513),(10,20630),(11,6900),(12,29541),(13,25570),(14,18623),(15,12839),(16,34188),(19,35130),(22,35234),(24,25291),(25,11343),(26,3625),(27,31071),(28,19410),(29,25995),(30,27372),(32,23763),(33,1116),(37,26842),(38,24399),(39,25130),(41,9613),(42,10691),(48,22582),(49,1846),(50,22090),(52,26886),(53,4385),(54,10471),(56,6020),(57,28119),(59,2921),(61,15444),(62,9287),(63,3993),(64,22519),(66,34356),(68,12962),(69,20947),(71,28811),(76,6217),(77,21267),(78,18134),(80,25748),(81,4922),(82,2638),(83,34445),(84,18735),(85,32150),(89,36325),(90,2163),(92,14524)]	111.190017
792	[(0,27585),(1,27941),(2,10410),(4,19520),(5,34243),(6,32195),(9,24604),(10,18952),(12,35606),(13,9816),(15,33140),(16,31657),(19,11586),(20,35221),(27,5360),(28,5955),(29,35534),(30,20018),(31,5427),(32,12693),(33,9756),(34,7948),(37,7501),(38,35928),(42,15870),(45,31451),(46,649),(50,4373),(52,23675),(54,27108),(57,36096),(59,7284),(60,15095),(62,17677),(63,35943),(68,14128),(69,12123),(70,15760),(71,26837),(72,15533),(75,8574),(76,12914),(77,24185),(79,2271),(80,31505),(81,33925),(84,25248),(85,15842),(86,2325),(89,13412),(90,3002)]	119.149980
793	[(0,19226),(1,28811),(3,25001),(4,14443),(6,6604),(10,26094),(13,5408),(17,11240),(18,36257),(20,2276),(22,3847),(23,359),(26,12778),(27,22031),(28,19743),(29,16929),(33,34124),(34,25979),(35,6622),(36,30696),(37,4597),(38,30699),(41,2464),(42,27839),(45,6969),(46,30264),(49,24825),(51,26244),(52,12929),(53,29315),(56,29682),(58,24949),(59,10465),(60,20507),(62,15511),(64,13292),(65,6400),(67,27757),(68,18830),(70,19831),(71,12834),(74,16038),(76,2616),(77,8563),(79,7607),(81,10851),(83,36225),(84,14723),(85,31984),(87,33990),(89,24436),(92,32846)]	111.049512
794	[(1,31820),(2,4685),(3,11370),(5,17891),(6,7494),(8,8170),(11,1279),(12,27474),(13,27380),(14,393),(16,32955),(17,6034),(19,32245),(22,9159),(26,35542),(29,12466),(31,33546),(32,19627),(33,7322),(37,19778),(38,11633),(40,3681),(41,35475),(42,28912),(44,2018),(46,1167),(47,30777),(49,26053),(50,27706),(51,25998),(52,4727),(53,675),(55,34806),(57,7780),(59,8613),(60,10761),(61,24418),(63,22145),(66,6275),(67,23376),(70,21694),(71,2825),(72,12839),(73,32702),(74,30339),(75,1426),(76,12537),(77,22575),(84,24269),(87,4732),(88,18686),(89,12462),(90,2892),(92,5317)]	109.921428
795	[(0,27573),(2,32893),(3,30064),(4,24376),(5,10581),(7,9337),(8,6984),(9,32179),(10,31162),(11,12078),(12,25968),(13,23910),(14,7385),(16,657),(19,34940),(20,26134),(21,34319),(27,12027),(29,27284),(30,12125),(31,29612),(33,29951),(35,25039),(39,9552),(40,33268),(41,35500),(42,314),(43,21330),(44,30436),(45,14369),(47,6641),(48,13026),(50,16701),(58,173),(59,4398),(60,23950),(61,30853),(62,14190),(64,13877),(65,29350),(66,26135),(69,32673),(70,27316),(71,8071),(72,21847),(73,24627),(74,5782),(75,10644),(76,124),(77,36297),(79,27465),(81,8391),(84,30217),(87,36157),(89,33540)]	112.155453
796	[(1,29217),(2,13903),(3,23093),(4,21100),(6,11347),(7,20159),(8,15999),(11,34524),(13,28094),(14,32239),(16,16068),(19,11859),(20,20853),(21,32704),(22,32524),(25,3167),(26,25772),(27,17068),(29,33045),(30,15891),(31,25350),(33,2245),(35,28808),(36,3693),(37,32055),(38,12259),(40,6294),(43,22377),(44,19516),(45,12792),(48,2147),(49,8323),(51,29958),(52,31072),(53,6561),(54,13573),(56,11579),(58,5314),(61,34156),(62,19350),(64,21474),(67,29262),(68,23698),(69,9078),(76,24687),(78,7346),(79,27838),(80,5142),(82,14316),(84,287),(85,18453),(86,22223),(87,15654),(88,11462),(92,5975)]	117.753812
797	[(1,20347),(3,27523),(6,18903),(9,2489),(10,27368),(12,36454),(16,14084),(17,1951),(19,18801),(21,13981),(22,16123),(23,12917),(28,5986),(32,23553),(33,35179),(34,15839),(36,636),(38,14287),(44,19476),(45,35317),(48,2679),(49,31282),(50,25796),(52,6578),(53,18300),(55,8308),(56,21887),(57,33617),(60,30635),(62,31959),(63,11756),(65,33965),(66,5261),(67,7757),(69,32486),(71,10113),(73,29280),(74,18004),(75,12603),(76,5542),(77,1817),(80,22890),(81,36707),(83,26756),(84,14820),(87,33194),(88,15018),(92,19814)]	119.266896
798	[(0,10509),(1,775),(2,14831),(5,1492),(7,31942),(8,36395),(9,8144),(12,22414),(13,22814),(15,33581),(17,20501),(19,23604),(20,9408),(21,28821),(22,18670),(23,26164),(26,33500),(28,34365),(29,19483),(30,11735),(31,36456),(34,32307),(35,5596),(36,13142),(41,7071),(42,9644),(43,33302),(44,32462),(46,27311),(49,13599),(50,31079),(52,1118),(53,27797),(59,8029),(60,25291),(61,23851),(62,13643),(64,16549),(65,2941),(66,16045),(67,15963),(68,15437),(69,1991),(70,7365),(71,35447),(72,25777),(73,27539),(76,26553),(87,30777),(89,27644),(90,10796)]	129.782993
799	[(0,18685),(1,34568),(4,7675),(6,20903),(7,13865),(9,11871),(11,19567),(15,16827),(18,30770),(19,608),(20,16104),(21,19999),(23,18459),(26,17909),(30,2189),(32,27910),(33,25241),(35,5633),(36,36183),(37,4522),(39,33312),(42,17445),(44,35187),(45,26661),(46,2389),(48,4362),(52,29881),(53,2675),(58,23363),(59,20354),(60,17529),(61,34632),(62,35680),(65,31186),(66,33879),(67,14545),(69,4440),(70,14102),(73,28694),(74,20569),(75,31003),(78,27020),(80,29550),(81,13069),(83,20755),(85,29945),(88,32638),(90,16641)]	107.974702
800	[(0,1886),(1,13768),(3,34252),(5,35849),(8,4865),(9,7022),(10,34960),(11,16009),(12,33648),(13,11495),(14,29175),(19,11080),(21,32815),(24,32968),(25,19905),(27,33747),(28,23397),(29,13222),(30,9774),(31,33336),(32,36482),(35,7725),(36,18085),(39,18502),(40,19004),(41,36074),(43,23048),(44,8766),(45,34980),(48,13589),(49,6849),(50,1971),(58,15355),(60,35802),(66,12099),(67,27081),(71,17657),(72,24658),(73,35387),(74,20134),(77,18092),(78,27663),(81,30762),(85,31975),(86,29520),(87,17729),(88,4847),(89,35084),(91,30884),(92,22264)]	119.174576
801	[(1,33369),(4,35549),(5,10520),(6,34735),(10,36634),(11,5744),(12,35439),(13,11148),(14,28872),(18,8722),(19,20515),(20,536),(21,867),(23,6074),(24,21376),(25,1056),(26,35210),(29,20977),(32,27436),(33,5467),(34,33181),(35,11090),(40,17900),(41,26310),(42,16709),(45,19885),(46,34063),(50,7963),(54,19323),(55,17596),(57,12741),(60,17090),(63,363),(64,22347),(65,8943),(67,19586),(68,20872),(69,29236),(70,28717),(71,2050),(72,7524),(74,3554),(75,11915),(76,21466),(80,3573),(81,7726),(83,23380),(84,2160),(85,32498),(86,33664),(87,24240),(90,4998),(91,3514),(92,15767)]	121.050938
802	[(0,31716),(5,29972),(6,21704),(7,21117),(9,16711),(10,4177),(12,21266),(13,15057),(16,35604),(17,33415),(22,7081),(23,35805),(29,35731),(30,29168),(31,6773),(33,33144),(37,11350),(38,28044),(41,925),(44,23066),(46,19078),(47,15167),(49,32753),(52,4654),(53,16945),(57,7775),(58,35947),(61,8437),(62,7256),(63,19364),(64,27687),(65,25150),(67,32400),(68,16301),(69,20412),(70,22232),(73,6471),(74,27130),(76,32196),(77,22549),(78,14891),(79,14752),(84,21067),(85,16535),(86,11082),(88,18905),(89,16270)]	123.185335
803	[(1,25823),(2,23485),(6,4620),(16,3773),(21,23224),(22,10511),(23,30587),(26,34923),(28,13093),(30,23179),(32,32331),(33,33691),(36,25220),(38,34639),(39,8891),(42,26133),(43,24962),(44,31077),(46,11025),(54,28321),(56,31949),(62,11508),(64,28572),(65,6853),(69,190),(70,24823),(72,11741),(73,29643),(75,35948),(76,28952),(77,19988),(78,20576),(79,9809),(81,3855),(82,11862),(83,16722),(84,24940),(86,2982),(87,6262),(88,14858),(91,18009),(92,29145)]	112.621466
804	[(0,24277),(1,25990),(4,20206),(5,1511),(8,3485),(10,9582),(13,21217),(14,16319),(17,29042),(18,22033),(21,34575),(22,25928),(24,35584),(27,7873),(29,4491),(32,31405),(34,24977),(36,36447),(37,31055),(38,6066),(39,32147),(43,22942),(45,23894),(47,8020),(48,6021),(50,3111),(52,34043),(56,6969),(57,30264),(60,18988),(61,12514),(62,27025),(63,5145),(66,23910),(67,16501),(68,15281),(70,19815),(71,27917),(73,20864),(77,14304),(78,1093),(79,25075),(80,9628),(81,29786),(82,967),(84,19384),(85,5945),(86,23786),(87,15725)]	123.927386
805	[(1,9415),(2,7638),(5,18367),(7,36428),(8,26017),(10,5254),(13,538),(14,21798),(17,22894),(18,34567),(19,8271),(20,34599),(23,18286),(24,33875),(25,17105),(27,3861),(34,32715),(35,34811),(36,36511),(37,30115),(39,32433),(43,12247),(45,28697),(47,4063),(51,17863),(52,20836),(56,9024),(57,27730),(58,5794),(60,26764),(62,20797),(65,33313),(67,25439),(70,21557),(71,4388),(74,11230),(80,29083),(81,28931),(82,30734),(83,9305),(84,14515),(87,17655),(89,15913),(90,18716),(91,36206)]	116.157491
806	[(1,14246),(2,22063),(4,13845),(5,20300),(6,28649),(7,23459),(8,20131),(9,7126),(10,30749),(11,32134),(12,6049),(13,10833),(14,22088),(18,6259),(19,9630),(20,26191),(22,15981),(24,16733),(25,24789),(26,20983),(27,9489),(29,31556),(31,6684),(32,3645),(34,22383),(37,20322),(41,8139),(43,11217),(44,29859),(47,7098),(48,29376),(53,31520),(54,14980),(55,32389),(56,33250),(58,1577),(61,29618),(63,12338),(64,17124),(66,18129),(67,30197),(68,23998),(70,6002),(72,18531),(73,652),(76,34194),(77,14039),(78,1490),(79,4380),(80,6075),(82,33315),(83,24107),(84,25916),(86,31924),(87,18484),(88,10007),(91,32456)]	112.513868
807	[(0,15768),(1,10173),(2,23289),(3,5875),(5,30113),(6,6927),(7,14310),(10,35606),(11,3275),(13,7050),(14,24682),(17,21247),(19,15206),(20,30820),(21,30433),(22,36613),(24,682),(25,6836),(26,23111),(29,23623),(30,6765),(31,25178),(32,32030),(35,9895),(36,18437),(38,14295),(39,32079),(40,31658),(43,17544),(44,21837),(45,36056),(48,1851),(49,24735),(52,21137),(54,4022),(55,20120),(56,36118),(57,19299),(59,12923),(61,27863),(62,34407),(63,30778),(66,35788),(68,29257),(75,27248),(76,21282),(78,16007),(79,22770),(82,31053),(83,14571),(84,14766),(86,7917),(87,30207),(89,20929),(90,1964)]	135.987277
808	[(2,18606),(3,28043),(4,599),(5,6877),(6,15767),(7,14857),(8,28403),(10,29497),(15,34260),(17,12694),(19,9525),(20,4386),(23,14894),(24,12192),(25,19677),(27,20797),(29,32053),(30,27676),(33,35057),(34,11304),(37,15703),(38,21581),(39,33433),(41,21901),(43,30186),(44,6384),(51,33918),(54,14672),(55,24129),(56,25625),(57,14347),(58,14561),(62,10874),(64,1917),(65,19247),(67,24196),(68,2608),(70,25050),(71,2100),(72,15236),(73,18087),(76,15812),(77,4803),(78,9648),(79,14286),(80,1739),(81,27263),(82,31555),(83,26077),(85,4166),(87,21821),(88,9789),(89,4481),(90,30999),(91,23292),(92,14429)]	113.830390
809	[(1,30043),(2,3917),(3,35456),(4,20091),(5,15983),(7,32760),(10,32085),(11,13169),(12,11506),(15,17402),(16,13811),(17,26893),(18,34648),(25,12317),(26,13467),(29,22365),(37,22624),(38,10372),(39,1928),(40,36101),(42,14149),(43,23748),(44,11463),(46,21037),(47,30789),(48,25774),(49,24126),(50,29696),(55,14441),(56,20847),(58,23945),(59,230),(62,33206),(66,36015),(68,22295),(69,15022),(70,33296),(72,3537),(73,30499),(74,18333),(76,25282),(78,27801),(79,8702),(81,15906),(82,21925),(83,4561),(85,17687),(87,4828),(90,35340),(92,12943)]	121.524173
810	[(0,35572),(1,8792),(2,30425),(4,26091),(5,35569),(6,11423),(7,32011),(8,30450),(10,15683),(12,28499),(14,15791),(16,33479),(17,24118),(18,7999),(21,19090),(22,1945),(23,21252),(24,20645),(27,34224),(28,17194),(29,24052),(32,4220),(35,21479),(37,23665),(39,15310),(40,8884),(41,10),(44,5088),(45,912),(49,22163),(50,14499),(51,16331),(54,13694),(55,12103),(62,14008),(63,13119),(65,32576),(66,30885),(68,24440),(69,7585),(70,34934),(75,24406),(77,26212),(78,4677),(84,34496),(85,33788),(86,21473),(89,11233),(90,34842),(91,4177),(92,5849)]	109.429242
811	[(3,19867),(5,27634),(7,17700),(8,12520),(9,30017),(10,30552),(13,23743),(15,19885),(18,35383),(19,31752),(20,21815),(23,28542),(24,18592),(26,23336),(27,25354),(28,21880),(30,3220),(32,4595),(37,31795),(40,33487),(41,26481),(42,14654),(44,24513),(46,16741),(48,31972),(49,7131),(50,23680),(51,17981),(52,9816),(53,25156),(54,33087),(55,8383),(56,16983),(58,12862),(59,9134),(60,24489),(63,24556),(64,8878),(65,21490),(66,29135),(67,29579),(69,31605),(71,15268),(72,20457),(73,2859),(74,5509),(75,21486),(76,26447),(77,10854),(78,26406),(79,34378),(80,25269),(81,8006),(83,33620),(84,19620),(85,10138),(86,24486),(91,15506)]	118.358789
812	[(0,9696),(1,8035),(3,15368),(6,35310),(7,1006),(10,25352),(12,691),(13,7360),(18,32491),(20,31885),(21,22947),(22,19664),(23,36530),(24,5672),(28,28343),(32,8058),(33,8775),(34,26091),(36,17457),(37,17715),(38,23153),(39,11096),(40,3068),(43,26241),(44,26527),(45,9689),(47,5746),(49,28675),(51,11075),(52,1621),(54,22188),(55,26345),(56,11705),(58,5162),(59,28733),(61,20607),(62,36001),(64,10724),(65,8400),(68,18880),(72,4904),(73,23376),(76,21586),(80,25041),(84,2072),(86,1396),(87,34251),(88,10851),(90,20405),(91,20072)]	120.797651
813	[(0,16366),(2,29915),(3,28414),(8,24694),(9,9866),(10,12978),(11,11384),(12,30455),(14,15954),(19,19394),(22,30276),(23,2460),(24,6365),(25,36185),(26,34297),(28,13129),(30,35852),(31,17897),(32,7029),(35,35282),(36,16982),(39,7526),(40,28116),(42,26658),(44,11015),(45,7292),(46,28342),(47,5403),(48,13754),(51,13025),(55,22163),(56,14499),(57,16331),(58,7682),(59,32848),(63,350),(64,29197),(65,24601),(66,17140),(67,12229),(68,30359),(69,17406),(72,698),(73,23105),(75,12531),(76,26031),(78,19396),(79,29803),(81,15739),(84,8703),(86,3120),(87,2638),(88,14041),(90,5290),(92,16906)]	124.729460
814	[(4,1094),(5,6975),(6,1385),(9,25150),(12,36076),(13,9031),(16,6720),(18,2791),(20,35130),(21,17958),(22,30876),(23,32420),(24,19728),(25,30471),(26,4484),(27,14568),(28,16028),(32,35857),(34,13480),(35,7577),(36,4636),(38,6826),(39,1562),(40,15703),(41,12637),(42,32536),(43,33878),(46,16999),(48,31659),(51,32089),(52,30659),(53,14291),(58,31582),(59,4544),(60,34466),(62,9411),(64,29097),(65,10506),(66,13831),(67,4962),(70,27460),(71,20745),(72,23216),(73,15405),(74,4490),(75,34532),(76,26579),(77,22091),(78,2225),(79,13934),(83,8885),(84,6394),(86,20983),(87,9489),(88,29653),(92,15854)]	119.586067
815	[(1,34402),(2,10012),(4,35265),(5,30982),(6,5641),(7,4998),(9,10773),(11,36090),(13,22448),(14,19761),(15,468),(16,23513),(19,33309),(21,13868),(23,16156),(24,26663),(25,18251),(27,30594),(30,21439),(32,2701),(34,36659),(36,29528),(37,23325),(38,3037),(39,21937),(44,33751),(46,22126),(49,32052),(51,19806),(53,32118),(56,10577),(57,4047),(58,33729),(59,22975),(60,28460),(62,6482),(64,14667),(67,19887),(68,12415),(72,24830),(74,26561),(76,33759),(81,13456),(86,5069),(87,35491),(88,16378),(89,20557),(90,13389),(92,25734)]	112.152187
816	[(0,2243),(1,33158),(2,21035),(3,4481),(4,30999),(5,469),(6,26764),(8,19389),(9,6441),(10,30485),(11,34167),(13,22239),(14,19053),(16,29523),(17,30451),(18,36704),(20,36521),(21,296),(24,15488),(25,19581),(28,11952),(29,5628),(30,19319),(31,2371),(32,4598),(34,27939),(35,27402),(36,1051),(37,14142),(38,1925),(40,21970),(42,4042),(44,23634),(45,28274),(46,32151),(47,21356),(48,888),(50,29598),(52,30682),(54,9882),(55,3461),(56,11047),(58,2621),(60,7486),(63,21401),(64,20898),(67,22301),(68,12765),(72,24458),(76,7540),(77,7080),(78,1932),(81,3778),(82,3151),(83,36152),(86,17977),(89,16587),(91,1101)]	136.901993
817	[(0,22261),(2,7562),(3,27729),(4,22735),(5,12966),(6,19407),(10,18368),(11,8608),(16,15806),(17,8048),(18,25549),(19,34211),(26,26161),(27,9413),(28,23189),(32,18313),(34,1987),(35,9434),(36,22986),(38,13654),(40,9721),(41,30234),(42,367),(43,13069),(44,19093),(47,5217),(49,33277),(50,11147),(54,10758),(55,10541),(58,5045),(59,21330),(61,20955),(63,18411),(65,1891),(66,13905),(68,35744),(70,24759),(74,13548),(77,8400),(78,1514),(79,3034),(82,2385),(83,34431),(86,26827),(87,34112),(89,18630),(90,13099),(91,8711)]	122.828487
818	[(0,29023),(6,26525),(7,16160),(8,33352),(11,33625),(12,11321),(14,28596),(17,17794),(20,30924),(21,35172),(26,2296),(27,14201),(29,31554),(31,32086),(32,15357),(34,7221),(35,32450),(38,8135),(39,4455),(40,7339),(41,27340),(42,13304),(44,30918),(45,24182),(46,13945),(49,11621),(51,7412),(53,36467),(54,9814),(55,15514),(56,11988),(57,30430),(58,32105),(59,17557),(60,3718),(61,5988),(63,31010),(65,16915),(68,7151),(70,8457),(71,15931),(72,6882),(74,28208),(76,21562),(77,13427),(79,9935),(81,2536),(82,24978),(83,30765),(84,28476),(85,14015),(88,12090),(89,21177),(90,23614),(91,30019),(92,7936)]	113.530314
819	[(0,30353),(2,18640),(3,18066),(4,19705),(5,33576),(6,2698),(7,14574),(9,22136),(10,8902),(12,20692),(16,3379),(19,30123),(20,14974),(22,21046),(24,19582),(25,34629),(26,15627),(27,5434),(29,22873),(32,29206),(38,36720),(39,10828),(40,13033),(41,17976),(42,16062),(44,36016),(45,10462),(46,30756),(48,25067),(50,21802),(51,21556),(52,21302),(54,10528),(57,10560),(58,18729),(60,3272),(61,10419),(63,33893),(64,32781),(65,15238),(66,16338),(68,990),(70,16306),(71,8702),(72,35551),(76,7788),(79,36701),(82,25769),(84,2634),(85,30691),(86,34420),(87,25735),(88,3677),(89,14662),(90,7146),(91,36528)]	110.243516
820	[(0,32177),(1,16672),(3,5771),(4,9932),(5,2121),(9,10186),(12,12629),(14,20680),(15,4009),(20,27909),(21,17644),(22,11397),(25,14260),(28,12789),(29,36523),(33,12424),(35,7780),(36,21816),(39,21873),(40,3177),(42,13917),(43,32844),(44,11715),(45,35342),(46,25657),(51,7395),(52,11375),(56,31338),(57,26283),(59,17088),(60,15096),(62,10964),(64,14147),(65,1986),(66,32163),(67,5095),(68,32916),(69,14331),(70,7970),(71,6857),(73,7015),(75,26086),(79,29494),(80,24913),(81,13517),(82,33390),(85,10151),(90,27124),(91,22487)]	109.720276
821	[(0,24713),(4,22796),(6,20683),(7,35907),(8,19908),(12,21308),(14,14420),(15,30566),(16,32634),(17,372),(18,12219),(20,9212),(22,35118),(23,15740),(26,20527),(27,1298),(28,29444),(29,20101),(31,32641),(33,7211),(34,25152),(35,22521),(38,16533),(39,25570),(42,6459),(43,22714),(44,21920),(46,13834),(48,16249),(49,18348),(51,35772),(55,13831),(56,4962),(57,6282),(60,17300),(61,8098),(62,16762),(63,12352),(71,30633),(73,6170),(75,18353),(77,36226),(78,35388),(79,33422),(80,4887),(81,7138),(83,3254),(85,29291),(87,25730),(91,8099),(92,2973)]	121.148148
822	[(0,28520),(2,32647),(5,36546),(6,8688),(7,6446),(8,7958),(9,28245),(11,14351),(14,8113),(18,5123),(20,22930),(21,34932),(23,15578),(24,13419),(25,23946),(29,5005),(30,31101),(32,10693),(33,22054),(36,31814),(37,6837),(40,6859),(42,8026),(43,9621),(44,16294),(45,36612),(48,13547),(50,7867),(52,5210),(53,33112),(54,32130),(56,13467),(58,5765),(63,7418),(64,21054),(65,14693),(67,3161),(70,26809),(71,35306),(72,35457),(74,20527),(75,4967),(76,3718),(78,12767),(79,24847),(80,23086),(82,29700),(84,22597),(87,3016),(88,14944),(89,25362),(90,1203),(91,7019),(92,23830)]	123.036452
823	[(0,13044),(2,13156),(4,16555),(5,28699),(8,5841),(9,9321),(11,31005),(15,12522),(16,14585),(18,30094),(19,11893),(20,15048),(21,7313),(24,17314),(25,5611),(26,12161),(29,20538),(31,15412),(32,26390),(36,28356),(37,24358),(38,18829),(40,12230),(44,13622),(46,1192),(48,13852),(52,19895),(54,1657),(57,33738),(58,31608),(59,8051),(60,24116),(63,8685),(64,21628),(65,16407),(66,17251),(70,3215),(71,8138),(72,5942),(73,23996),(77,18117),(78,19135),(79,22852),(82,20274),(83,25778),(84,36501),(85,10661),(87,32244),(89,20755),(91,29945),(92,9801)]	112.043503
824	[(0,7753),(1,20891),(2,19517),(4,2373),(5,3627),(8,8832),(10,9188),(12,36330),(15,34318),(16,29113),(18,14073),(19,22183),(22,24461),(28,10818),(30,6167),(31,32398),(33,31020),(34,8896),(36,31632),(37,11662),(38,21120),(39,821),(40,5637),(41,22534),(43,18644),(45,24120),(46,35408),(47,8621),(48,8781),(49,16297),(50,11305),(52,33193),(56,18002),(57,35303),(58,8787),(61,10971),(63,11403),(65,26535),(67,4768),(69,2117),(70,14042),(71,30140),(75,11998),(76,35125),(77,7791),(79,20609),(82,137),(83,26095),(84,14225),(85,20421),(86,17329),(91,36052),(92,23247)]	120.316696
825	[(0,35196),(1,32219),(2,31547),(3,29331),(4,25103),(5,36628),(10,28147),(12,8543),(13,27335),(14,31921),(15,25976),(16,3221),(18,34148),(19,12543),(21,11450),(22,35161),(25,25582),(28,35644),(32,32574),(33,1445),(35,12933),(36,26295),(39,27714),(41,2839),(43,13887),(45,7606),(46,33629),(48,35997),(49,16044),(50,12279),(51,4854),(53,2974),(54,1231),(55,5028),(56,1856),(57,21559),(58,14053),(59,28702),(61,23763),(62,26540),(65,28441),(66,15362),(68,19135),(69,22852),(75,31281),(77,30781),(80,15602),(81,28812),(88,29428),(89,15202),(90,30627),(92,4097)]	123.213638
826	[(0,7024),(2,15045),(3,4953),(5,6882),(6,34423),(8,25768),(9,30294),(10,20766),(11,17087),(12,33862),(13,20067),(16,17644),(17,11397),(18,19146),(19,21553),(21,16880),(23,16787),(24,31409),(25,24240),(27,20802),(28,3136),(29,25705),(30,35742),(31,8619),(34,16875),(36,25996),(37,1493),(43,12880),(44,23875),(46,21003),(49,28514),(50,1771),(54,11243),(55,14348),(56,17928),(57,7823),(60,15020),(63,19876),(65,15402),(66,10827),(67,4503),(68,14437),(70,14088),(71,16674),(74,9594),(76,22986),(78,9927),(79,9620),(82,13838),(83,3826),(84,29319),(89,23253)]	117.703554
827	[(5,20061),(6,12499),(7,11028),(9,33188),(12,28871),(13,9120),(14,36472),(16,7231),(17,18758),(19,1620),(20,21036),(22,36057),(23,3960),(24,29046),(25,17371),(26,30496),(28,13547),(29,31579),(30,18080),(31,20719),(32,5302),(33,23744),(34,19668),(37,14920),(38,21619),(40,13459),(42,20530),(43,757),(44,12172),(45,14120),(46,25279),(47,29901),(49,17565),(50,26022),(51,30813),(52,18554),(53,1200),(55,18725),(57,5830),(58,26567),(59,32356),(60,32882),(61,27194),(62,27023),(65,22135),(67,36396),(68,19044),(76,33077),(77,12297),(80,20694),(82,11851),(83,34527),(84,3697),(87,25488),(91,34906)]	111.836566
828	[(0,4759),(2,5251),(3,9512),(4,29008),(6,21760),(8,3861),(12,32284),(13,9702),(16,15736),(18,4695),(19,12794),(20,36368),(21,31878),(22,35932),(24,7670),(28,23303),(31,17617),(32,26152),(34,1014),(36,36614),(42,8921),(44,22346),(45,19331),(46,1362),(50,36104),(52,32063),(53,1888),(56,11348),(58,28135),(59,19764),(60,25170),(62,12900),(63,4412),(67,5126),(68,30333),(69,28109),(71,33306),(72,22051),(73,14004),(74,13285),(75,25816),(76,11732),(77,8848),(78,11042),(79,7355),(80,24621),(81,6940),(82,24839),(84,6699),(85,18919),(86,31548),(87,10379),(88,19390),(89,3026),(91,5739),(92,12447)]	110.745003
829	[(2,26637),(3,1343),(4,4716),(5,18268),(6,24519),(7,21330),(11,36713),(12,19458),(13,19659),(15,36087),(16,24894),(18,30683),(20,9847),(21,13927),(22,18099),(23,33233),(24,20109),(25,26158),(27,26138),(31,5487),(32,11428),(35,23458),(41,20219),(43,11122),(44,27071),(45,35864),(46,4509),(48,36274),(49,10391),(50,12734),(51,30930),(53,32997),(54,25909),(55,35645),(56,19804),(58,7028),(59,34897),(61,1201),(64,120),(67,33079),(68,11721),(70,28752),(71,26437),(72,17971),(73,19018),(75,4459),(76,10682),(77,2526),(80,6811),(82,33809),(83,32402),(84,22549),(85,14891),(87,27846),(89,33375),(90,7822),(92,26441)]	118.465053
830	[(1,33643),(6,15766),(12,10303),(13,1749),(14,14730),(17,34521),(18,24115),(20,15344),(21,25402),(22,6583),(23,15902),(25,1928),(26,2360),(27,28501),(28,14746),(29,31472),(31,26638),(32,25595),(34,11508),(39,4034),(40,3032),(41,30180),(42,20535),(43,24677),(44,17824),(52,34412),(57,25385),(59,10609),(62,9327),(63,27593),(67,4287),(68,5004),(70,34111),(76,142),(78,13660),(80,7420),(81,25621),(86,10957),(87,22582),(91,26614),(92,18541)]	118.643065
831	[(0,14294),(2,32801),(3,26607),(4,15592),(5,20156),(6,23992),(8,2872),(11,25958),(12,28553),(13,3768),(14,34508),(20,19132),(24,27203),(26,6318),(27,25591),(30,8923),(33,27722),(34,29062),(35,28168),(37,21695),(40,6225),(41,15449),(43,7894),(44,17166),(45,2987),(47,4829),(49,35689),(52,566),(54,9890),(56,1449),(57,20758),(58,27416),(59,6635),(60,22601),(62,24772),(63,24355),(64,9366),(65,10200),(67,29722),(68,5800),(69,8342),(70,22444),(72,23835),(73,15354),(75,33160),(76,29823),(78,22858),(84,32149),(85,3315),(87,23183),(88,21830),(89,13675),(91,32588),(92,19907)]	118.716205
832	[(0,20512),(5,4509),(8,30446),(11,19155),(12,22663),(13,2603),(15,3189),(17,31503),(21,17771),(22,33846),(28,21413),(31,10178),(32,31865),(33,5687),(34,21863),(38,19835),(41,19924),(43,1186),(46,2190),(47,33649),(48,23836),(50,36531),(55,16673),(56,22489),(58,31768),(60,17818),(61,11693),(62,4748),(63,24313),(65,31347),(68,22794),(69,32577),(70,27902),(73,6858),(74,17059),(76,8278),(78,10165),(79,20416),(83,29683),(85,5938),(88,16975),(89,28793),(91,2103)]	115.572936
833	[(1,36249),(2,36407),(4,1093),(6,23452),(7,277),(9,2448),(10,2392),(11,2207),(12,4091),(13,19498),(14,27702),(16,25362),(17,12085),(18,18001),(19,34904),(20,7399),(22,33550),(24,2898),(25,9890),(27,9539),(29,4865),(30,35608),(32,765),(34,26320),(36,19266),(37,13326),(39,32136),(40,9387),(41,2604),(44,28514),(46,27186),(47,15462),(48,32341),(56,17223),(57,15301),(59,12945),(61,17452),(63,3778),(64,21985),(66,29161),(68,16025),(69,23096),(70,14867),(76,13523),(79,25738),(84,32979),(86,15322),(88,4382),(89,13826),(92,29176)]	134.915152
834	[(0,6638),(2,35814),(3,15679),(4,3951),(5,15585),(6,16360),(7,9007),(8,20531),(9,15432),(12,16814),(13,28447),(15,13576),(16,26444),(17,18906),(18,461),(20,28745),(22,25570),(23,18623),(24,12323),(25,23108),(27,27390),(30,31548),(31,33999),(33,22418),(34,13098),(35,23254),(36,15328),(39,4165),(42,28822),(43,6610),(44,30860),(48,20692),(49,30908),(50,3361),(51,22190),(53,18215),(54,9879),(55,23039),(57,155),(58,26891),(59,26521),(60,19848),(62,26933),(66,26125),(68,29215),(71,27140),(72,18998),(77,18156),(78,8413),(81,33418),(82,152),(84,29524),(85,11192),(89,4428),(90,10004),(91,26472)]	117.392906
835	[(2,27137),(3,2632),(4,19580),(6,1926),(7,16616),(8,34095),(11,19033),(12,2716),(13,27517),(14,20348),(15,8940),(16,36306),(17,5828),(22,33194),(25,33371),(30,20722),(31,29154),(34,9246),(36,12754),(37,23995),(38,18545),(39,32886),(40,21678),(41,23461),(42,6381),(45,16454),(47,31909),(48,13972),(49,20539),(50,24646),(55,8688),(56,4204),(58,26520),(61,16069),(63,11991),(65,15661),(66,12205),(67,11290),(68,14971),(69,36688),(71,874),(73,13205),(74,3804),(75,33529),(77,19005),(78,10665),(82,17508),(83,28735),(85,25037),(87,32952),(88,17618),(89,21953),(92,339)]	118.623494
836	[(1,9664),(2,31439),(3,15881),(4,7580),(5,19012),(6,6232),(8,4170),(9,33681),(12,31720),(14,3728),(15,14432),(18,34646),(20,23441),(22,30755),(24,36486),(25,17735),(26,24752),(27,34778),(29,34398),(32,4954),(33,24667),(35,25442),(37,2392),(38,34672),(39,25972),(43,32597),(44,35922),(48,19240),(50,1734),(51,35250),(52,26279),(53,26983),(54,15795),(56,36427),(59,24911),(60,5994),(62,11055),(63,22946),(64,27332),(70,36223),(73,33041),(74,8855),(75,14359),(76,20937),(78,14636),(80,33025),(81,7288),(83,35462),(84,17287),(85,30523),(86,21563),(87,23654),(88,28866),(89,30075),(90,474),(91,8057),(92,12886)]	111.940204
837	[(0,34554),(2,36286),(3,28175),(5,18305),(12,6306),(13,35570),(14,14493),(15,29053),(16,27562),(17,7991),(18,36433),(19,9632),(27,13354),(28,21582),(29,17540),(30,27057),(31,4234),(33,28276),(35,19021),(37,27254),(39,8722),(40,20515),(41,9020),(42,6190),(45,18024),(46,28189),(47,29250),(48,31647),(52,35123),(57,13384),(61,24146),(62,26636),(66,18910),(67,22391),(69,27430),(70,6843),(71,2449),(73,22343),(74,8687),(75,18586),(76,9833),(78,8347),(79,16886),(80,23806),(82,23925),(83,18867),(84,31691),(85,35129),(86,18323),(87,17145),(90,373),(92,823)]	124.506856
838	[(1,16404),(2,30411),(4,10752),(7,18168),(8,25545),(13,1074),(14,27958),(15,13896),(16,34828),(20,28612),(21,8180),(22,29163),(24,30548),(25,25334),(28,35269),(29,5691),(30,28588),(31,34056),(32,10068),(34,33778),(35,29804),(36,17471),(38,24447),(40,36467),(41,5300),(42,1558),(43,5636),(46,10310),(48,19132),(49,29544),(50,17652),(51,15353),(57,5742),(58,11843),(59,11889),(61,35249),(63,24423),(65,5702),(66,5378),(69,17803),(70,6204),(71,7100),(73,1529),(75,1944),(77,3127),(79,30716),(81,22492),(83,12488),(85,27006),(86,20684),(87,18149),(88,21859),(89,17487),(90,30703),(91,13062)]	129.290960
839	[(0,8969),(1,28892),(3,1623),(11,8652),(12,9400),(13,29301),(15,3405),(17,13466),(20,29005),(23,23746),(24,19096),(25,812),(26,22370),(27,26557),(29,26365),(31,12583),(32,3259),(36,17415),(37,24898),(38,17255),(39,24342),(41,27003),(42,32560),(44,18326),(47,4135),(50,2323),(51,6099),(52,3766),(53,16732),(57,24415),(58,23071),(59,4650),(60,9618),(62,5361),(63,13873),(65,2743),(66,5275),(70,25967),(73,12788),(75,36114),(76,23078),(79,28131),(83,29636),(85,35053),(86,29293),(87,24094),(91,20064),(92,18299)]	126.514322
840	[(0,6417),(1,27783),(2,35011),(3,25172),(4,29523),(5,30451),(8,3210),(9,35412),(10,31245),(11,22829),(12,8167),(14,299),(15,3917),(16,7186),(17,27262),(18,7452),(23,2345),(27,17430),(30,13149),(33,22641),(34,17538),(36,9768),(37,7784),(39,10786),(41,5333),(42,31620),(43,17844),(44,29210),(45,31393),(46,2040),(47,29155),(48,5284),(50,27604),(51,25535),(54,9918),(56,29658),(57,27309),(60,6601),(61,8011),(63,36452),(65,29957),(66,19277),(68,20415),(69,30673),(72,12032),(73,26894),(76,13727),(77,25882),(78,8327),(80,2280),(81,22873),(83,19450),(84,14639),(87,28337),(88,14163),(92,27637)]	112.443688
841	[(0,3341),(2,15569),(3,6769),(4,3012),(5,17881),(6,7662),(7,20517),(11,16604),(14,20895),(15,21537),(18,5882),(19,9340),(22,4226),(23,27089),(26,30963),(31,32811),(34,2200),(37,16569),(40,21550),(42,299),(43,3135),(44,24671),(45,20320),(46,3827),(47,23550),(48,27926),(50,24197),(51,28477),(52,20665),(53,23287),(55,11381),(57,18877),(58,31215),(63,3032),(64,30180),(66,34068),(67,4278),(68,31670),(69,35615),(70,28918),(71,24155),(72,32264),(73,19625),(74,25704),(77,16772),(78,25357),(79,23036),(81,2240),(83,5586),(84,32315),(85,5264),(86,32864),(87,19421),(88,28733),(90,15179),(91,27181),(92,9502)]	116.839798
842	[(0,17653),(1,14845),(2,847),(7,5548),(9,8718),(11,36292),(14,35973),(16,2554),(22,25016),(25,3597),(28,10002),(29,34874),(30,26827),(31,34112),(34,32036),(35,34554),(37,13458),(38,32654),(39,26740),(40,16328),(41,32133),(42,18511),(43,22541),(44,6255),(45,6092),(46,27675),(47,17013),(48,30665),(49,29290),(51,11742),(52,16233),(53,15809),(55,20356),(59,2646),(61,32227),(62,34792),(64,5851),(65,34947),(66,8725),(67,12011),(68,5307),(70,31126),(71,7213),(74,7587),(76,19444),(77,34307),(78,25308),(82,5428),(83,11899),(84,27742),(85,32390),(86,2256),(87,2337),(89,14020),(90,34917),(91,16559)]	155.763011
843	[(1,15017),(2,30045),(4,34712),(5,12225),(6,4808),(9,7900),(10,753),(11,31950),(12,210),(13,26961),(15,20384),(16,33347),(17,29130),(20,3627),(21,25506),(23,35983),(24,21381),(26,24905),(28,21097),(30,4298),(32,35848),(34,20159),(35,2741),(39,24704),(42,32065),(43,13612),(44,25765),(45,22325),(46,5821),(48,36668),(52,1865),(54,2979),(55,17607),(56,26601),(57,8811),(58,23826),(59,23218),(65,17486),(69,16928),(70,3314),(77,12490),(80,23327),(81,27879),(83,19597),(84,23323),(85,34256),(86,16718),(89,35908),(91,30404)]	120.345119
844	[(4,26865),(5,22143),(8,33239),(11,19849),(12,20517),(14,22426),(16,9245),(17,1918),(18,7856),(19,32719),(21,9197),(24,9406),(26,2910),(27,34288),(29,25937),(32,33308),(33,33730),(34,22994),(36,20069),(38,33835),(40,26524),(42,19912),(43,30268),(44,34613),(45,9949),(47,5769),(48,36155),(49,11437),(52,31777),(54,36048),(56,23428),(57,2609),(58,25405),(60,14765),(61,35083),(63,13371),(64,9843),(65,20023),(67,24433),(72,11266),(74,6436),(78,9703),(79,1438),(80,881),(81,10468),(84,8064),(85,34137),(86,15634),(87,17885),(88,17358),(91,28074),(92,26730)]	112.805772
845	[(1,5470),(2,24551),(3,35875),(4,7358),(6,15878),(7,31813),(9,12998),(10,25860),(12,15475),(14,24776),(15,10280),(16,11359),(20,15014),(22,28384),(25,20219),(26,28688),(27,15139),(32,11660),(34,9176),(36,34713),(40,10960),(42,25272),(45,12584),(46,19291),(47,22174),(48,29442),(50,9101),(52,18785),(55,20777),(62,21504),(66,16124),(67,24012),(68,31394),(71,32061),(72,33861),(74,34883),(76,24675),(77,28251),(80,13672),(82,5384),(89,20842),(90,1870),(92,3168)]	121.522508
846	[(2,27064),(3,27772),(6,139),(9,8964),(11,30614),(12,20261),(15,16988),(17,26806),(19,27225),(22,26065),(24,25175),(28,12736),(29,4359),(30,35663),(31,11084),(35,14963),(36,19654),(37,27170),(38,2744),(39,33763),(41,18369),(42,35190),(44,8414),(45,5993),(47,34207),(49,22865),(50,12737),(51,15818),(53,18211),(58,29844),(61,26704),(62,31546),(63,24420),(65,33214),(66,11565),(69,27662),(71,15909),(72,18423),(74,22266),(75,1024),(77,3682),(78,34097),(79,29974),(80,9178),(82,26888),(83,33673),(87,7664),(88,24062),(89,442),(91,4501),(92,19476)]	133.548825
847	[(0,27973),(2,4),(5,21045),(7,1171),(9,24365),(13,27828),(14,35566),(16,23757),(17,14253),(18,14846),(19,1500),(20,30490),(23,18549),(24,17895),(25,21430),(26,15279),(28,8551),(30,28090),(31,10544),(32,11187),(33,10295),(34,19239),(35,4200),(37,30130),(38,18848),(39,17335),(40,1609),(41,6559),(42,32990),(43,28321),(46,19968),(47,27993),(48,12859),(49,15970),(50,35514),(52,17669),(53,35555),(54,2737),(55,4293),(59,10435),(62,14717),(63,11420),(64,34733),(66,948),(69,20694),(71,2222),(75,18958),(77,901),(79,29741),(81,16942),(84,28367),(85,15888),(86,31721),(88,30657),(89,18948),(90,5319)]	124.393961
848	[(0,10483),(1,11030),(2,29296),(3,20057),(6,31786),(8,21105),(10,25207),(11,31100),(12,14799),(14,15424),(15,19245),(16,7612),(18,153),(19,28284),(20,18197),(21,34785),(22,16184),(25,32175),(29,12554),(32,9907),(35,7287),(36,22671),(37,1310),(39,3001),(41,12538),(43,27487),(48,28810),(52,20928),(53,29486),(54,21263),(55,1613),(56,736),(57,32036),(59,23927),(60,18352),(62,18790),(63,3859),(65,30842),(66,9124),(67,11514),(70,5337),(73,35566),(74,32219),(75,31547),(76,3492),(80,536),(81,867),(82,13469),(83,24337),(87,18185),(88,25572),(89,2061),(90,12154)]	111.231474
849	[(1,4368),(2,12836),(8,12031),(9,18375),(12,30078),(14,16308),(15,12735),(16,9551),(17,14749),(19,10806),(22,7190),(24,4067),(26,35280),(27,29879),(28,16605),(30,7896),(31,7134),(32,10918),(35,276),(37,14818),(38,36026),(41,8769),(43,28198),(44,17144),(48,13669),(51,24740),(54,30389),(56,22138),(60,29082),(61,36237),(62,33431),(63,6419),(66,34143),(67,33057),(68,9774),(69,16439),(70,12123),(71,15760),(73,20813),(74,31249),(76,32963),(77,2475),(80,12057),(81,33054),(83,21212),(85,27958),(86,28023),(87,8879),(88,19836),(89,14357),(91,21024),(92,34525)]	108.782930
850	[(1,15334),(2,4054),(4,12073),(5,34066),(6,20019),(8,11384),(10,16373),(13,30446),(17,20872),(18,8797),(19,2329),(21,5537),(22,18556),(23,10330),(24,10695),(27,16280),(28,17741),(31,24287),(35,15559),(37,14435),(39,18646),(40,14999),(42,7892),(43,22984),(46,2282),(47,4911),(48,10781),(49,33611),(51,5462),(52,28554),(53,4530),(54,22344),(55,22231),(57,1505),(58,19183),(59,10426),(62,1868),(63,28884),(64,35370),(65,19799),(66,5780),(67,13512),(69,18476),(70,17837),(72,18512),(75,3655),(77,11396),(79,6942),(84,23508),(85,29104),(86,2995),(87,24504),(88,12470),(89,13307),(91,108)]	141.418694
851	[(1,10044),(4,35901),(6,14870),(8,19389),(9,5085),(11,25924),(13,36067),(14,19309),(15,31891),(16,19257),(17,19582),(19,33419),(20,28419),(21,28466),(23,27469),(25,20778),(26,35753),(27,12608),(28,31572),(29,3363),(30,19912),(32,6268),(33,15128),(34,11048),(36,6069),(38,5058),(44,33485),(45,17617),(47,16972),(48,3143),(50,32175),(51,32123),(52,31316),(55,19850),(56,32198),(59,428),(61,32632),(62,8317),(65,35852),(68,10087),(70,18302),(71,3912),(72,35130),(73,17958),(74,1803),(75,2795),(77,16413),(79,28120),(80,2752),(82,21132),(85,25846),(88,34892),(89,4167),(90,15098),(91,17608)]	118.482694
852	[(0,7659),(1,14077),(4,28634),(5,35774),(6,26164),(8,19303),(9,20224),(10,34409),(11,23027),(13,29955),(17,10981),(18,12484),(19,11385),(20,14239),(21,26813),(22,35487),(23,20155),(26,32519),(32,33669),(34,1448),(35,5661),(36,31597),(37,32006),(39,14760),(41,29105),(42,24064),(43,11877),(44,22508),(47,36300),(48,13174),(49,6502),(50,24534),(52,2833),(54,17928),(55,31609),(57,12468),(58,6876),(59,4387),(66,25976),(67,33539),(70,2998),(75,4617),(76,5962),(77,32527),(81,21832),(82,24010),(83,34915),(86,7670),(89,29359),(91,21736)]	116.135675
853	[(0,28994),(1,108),(2,15295),(3,16640),(7,19690),(8,24048),(9,16540),(10,30774),(11,11204),(15,8760),(16,26902),(20,19322),(21,29821),(22,23753),(25,21799),(26,21986),(27,19585),(28,31099),(29,23199),(30,12440),(32,2168),(34,29876),(36,3581),(38,14890),(39,16271),(41,33900),(44,32888),(50,12339),(52,29262),(54,23840),(56,17546),(57,1333),(58,35385),(60,6314),(61,29354),(64,2059),(66,28644),(67,19027),(69,21191),(70,12791),(75,1065),(76,32815),(78,26444),(80,36268),(83,3263),(84,14912),(86,27932),(87,18665),(88,19525),(91,13870),(92,35815)]	163.592572
854	[(0,10304),(1,11291),(3,29622),(4,29658),(5,33094),(7,24822),(11,18043),(12,5930),(15,23362),(16,16063),(17,13743),(18,16779),(19,17127),(22,14552),(23,31208),(24,13958),(25,27421),(26,1298),(28,27256),(31,28611),(32,7555),(33,33212),(34,19188),(36,15162),(39,5756),(40,36481),(41,23146),(43,28432),(44,33473),(45,19540),(46,20238),(47,23041),(48,517),(49,1884),(50,32179),(51,1655),(52,713),(53,32108),(54,20967),(55,24984),(57,2164),(59,27711),(61,4826),(65,2369),(66,701),(67,13530),(68,26528),(72,18952),(74,6086),(75,24803),(76,5268),(77,24509),(78,36372),(79,9813),(82,25395),(83,4771),(84,10849),(86,32919),(87,16176),(90,295),(91,5212)]	264.876891
855	[(1,27859),(2,11567),(4,3839),(5,32896),(7,13017),(8,6666),(10,15463),(11,35086),(12,3981),(13,10779),(14,18706),(15,4539),(18,17445),(23,26331),(24,35698),(25,22954),(26,31396),(30,12031),(32,908),(33,6246),(35,9798),(37,6014),(38,5194),(40,2758),(41,19602),(45,7703),(46,16525),(48,24934),(51,11494),(53,29472),(54,22395),(55,14144),(59,35726),(60,28257),(61,1633),(62,19987),(64,12660),(65,10968),(67,11704),(70,18414),(71,30373),(72,25359),(74,19883),(75,18382),(78,18189),(81,22568),(82,15778),(83,8104),(84,25853),(85,18587),(88,3021),(89,6806),(92,28237)]	255.930537
856	[(0,8687),(1,20037),(2,17077),(5,6143),(7,14711),(8,11858),(9,35015),(13,32884),(14,5089),(15,27762),(16,21930),(21,10957),(22,27448),(23,18164),(24,23470),(27,3043),(28,36149),(30,34922),(31,12278),(32,14642),(33,16349),(37,19332),(39,13040),(40,7430),(41,25021),(43,2437),(44,175),(45,1863),(46,7479),(49,27919),(52,15646),(54,25040),(55,8168),(57,19269),(65,6791),(68,4590),(70,18872),(72,32040),(74,15892),(79,19622),(80,22402),(81,18999),(85,29917),(86,34681),(87,21814),(88,25330),(89,782),(90,26248),(91,19514)]	265.758993
857	[(2,35167),(4,21281),(5,34950),(11,16102),(12,8936),(13,15464),(15,19021),(16,24898),(17,31823),(19,2324),(22,30640),(23,11679),(24,25593),(26,1105),(27,16884),(29,11586),(30,35221),(31,6113),(33,35629),(34,13772),(35,12457),(36,26058),(37,25466),(38,1649),(39,6859),(40,12489),(41,28680),(43,13621),(44,20065),(45,8546),(46,18473),(48,6823),(49,25706),(50,3156),(51,13117),(54,20836),(59,27312),(61,20289),(63,36016),(64,10462),(65,30756),(67,22397),(69,15201),(71,27986),(74,1645),(75,28221),(76,3090),(77,11851),(79,13048),(80,27201),(81,20257),(83,5930),(84,11930),(85,9481),(86,36521),(87,4323),(88,28498),(91,4295),(92,33044)]	241.814677
858	[(4,15298),(7,34493),(8,22298),(11,25903),(12,19644),(13,33600),(15,24695),(16,19343),(17,2711),(19,31576),(21,36082),(23,15373),(25,31735),(29,25923),(30,15293),(31,9634),(32,24802),(33,28281),(34,14582),(35,4926),(37,2766),(38,15565),(39,12738),(40,19341),(45,23533),(46,32428),(48,30552),(50,33337),(53,14116),(54,769),(55,26730),(56,669),(58,21476),(59,933),(60,35193),(61,7031),(65,3817),(66,26881),(67,12241),(70,2458),(71,26104),(72,33358),(73,291),(74,17911),(75,20056),(77,32105),(79,29444),(80,27236),(82,10194),(84,16062),(86,31728),(87,35374),(90,27037)]	244.959445
859	[(0,27407),(1,20432),(5,31989),(7,7523),(8,7590),(9,535),(10,23274),(11,20553),(12,28142),(13,4025),(15,35606),(16,3275),(18,7050),(19,19294),(21,19442),(22,7701),(29,26171),(30,36010),(34,676),(35,25100),(37,14301),(38,20403),(39,26986),(40,2463),(41,9722),(42,7429),(43,4208),(45,3998),(46,28408),(48,25766),(50,18248),(51,18680),(52,15564),(54,26806),(55,29698),(57,1874),(58,27510),(59,9794),(62,13602),(63,14777),(65,13817),(66,722),(67,30793),(68,30293),(69,18359),(70,2352),(71,3347),(73,2520),(75,31992),(77,13898),(79,2229),(81,13928),(85,29167),(87,31138),(91,3170)]	249.998829
860	[(1,10481),(4,36314),(5,34943),(7,7162),(8,14653),(9,24967),(11,10277),(15,6138),(18,31724),(21,17154),(22,10038),(26,12716),(31,29892),(32,33165),(36,15881),(37,7580),(38,19012),(44,7574),(46,5051),(47,10103),(48,1246),(51,33624),(52,6782),(53,33928),(54,2555),(55,31162),(56,12078),(57,19650),(58,8709),(60,8491),(63,14757),(64,33693),(65,7773),(68,602),(69,3903),(74,23678),(75,24854),(77,13038),(79,4481),(80,35229),(81,22529),(82,11335),(85,29399),(88,5645),(90,9000),(92,12784)]	258.962159
861	[(3,27312),(4,32206),(7,20479),(8,406),(9,2517),(10,2427),(12,7078),(13,14452),(14,32621),(15,9302),(16,14765),(17,16909),(19,3651),(20,2315),(21,21408),(23,33541),(24,24348),(26,8344),(31,5313),(32,3969),(34,4849),(37,25256),(39,29858),(40,17711),(46,961),(48,17328),(49,10135),(50,7872),(51,29159),(54,220),(55,30521),(56,9606),(58,28359),(59,2660),(60,12460),(63,18154),(64,27518),(65,29400),(68,10702),(69,21749),(70,15214),(71,4264),(73,36314),(74,34943),(75,1084),(76,28711),(80,6486),(82,3915),(83,36491),(85,30637),(87,28054),(89,2379)]	244.037560
862	[(0,23049),(1,30593),(3,6056),(6,26091),(7,35569),(8,11548),(14,30310),(19,29584),(20,21782),(21,31357),(22,5087),(24,1157),(28,34745),(32,36404),(34,32412),(35,19876),(37,13196),(41,2557),(44,22554),(45,5776),(46,23938),(47,33707),(48,3946),(56,14052),(60,2027),(61,27897),(63,33694),(64,9342),(66,1095),(67,5941),(69,24599),(70,27649),(72,1988),(73,26780),(74,16517),(75,9178),(81,15931),(84,31200),(85,13833),(87,20902),(88,12372),(89,1494),(90,18442)]	246.083826
863	[(0,1006),(4,29979),(6,10397),(8,23760),(12,23755),(14,6681),(15,14036),(16,30609),(18,34146),(21,2989),(23,35468),(24,7716),(25,3514),(26,6660),(31,35203),(32,12164),(35,12214),(36,1423),(37,12546),(40,20579),(43,27215),(44,33769),(47,14621),(48,32168),(49,17706),(51,13037),(52,11141),(53,32178),(56,21131),(57,21336),(59,4036),(61,31583),(62,8441),(64,30690),(66,7964),(67,12176),(68,1581),(69,36062),(71,29652),(75,16334),(79,33625),(80,15031),(81,30),(82,28408),(83,32122),(86,8034),(87,35489),(88,24041),(90,22466),(91,2746),(92,19862)]	241.960546
864	[(1,30087),(4,35405),(5,10096),(9,17297),(10,23097),(11,31229),(12,27177),(13,30420),(14,24181),(17,22424),(21,640),(22,36396),(24,5404),(25,6779),(26,22624),(28,2093),(29,5667),(32,16906),(34,19546),(37,24500),(38,6776),(39,31412),(40,3192),(41,29751),(44,23989),(45,6436),(47,20013),(50,24940),(52,23136),(53,29098),(54,19551),(55,21947),(58,36349),(59,2752),(61,5552),(64,30035),(66,12899),(69,26872),(70,27313),(72,34622),(74,9034),(76,11341),(78,1531),(79,28357),(81,31489),(82,33715),(85,13013),(87,16055)]	268.679847
865	[(1,12931),(4,33913),(6,23662),(9,12870),(10,32562),(11,13682),(13,162),(14,21500),(15,12240),(19,21783),(21,16767),(23,15115),(24,30809),(25,31321),(26,9503),(27,22915),(28,10499),(29,1504),(30,5223),(31,35166),(32,7221),(33,12760),(34,36401),(35,35871),(37,15401),(41,10712),(42,15667),(48,29933),(49,19891),(51,19073),(52,35731),(54,9273),(56,21984),(58,23897),(59,25196),(60,35596),(61,4183),(62,8985),(63,3642),(64,11065),(66,21675),(67,4542),(68,21517),(75,20403),(76,8238),(79,32901),(83,19940),(84,19782),(85,32841),(87,22209),(88,6543),(90,10350),(91,6621),(92,20460)]	255.823665
866	[(0,4482),(2,24083),(5,17640),(6,15410),(12,34991),(13,35093),(15,98),(17,11532),(19,27164),(20,15623),(24,18535),(26,31187),(27,19588),(29,31682),(30,4283),(31,21034),(32,2646),(34,32227),(35,34792),(37,28061),(39,1042),(40,24591),(41,2101),(42,30363),(45,30044),(47,21216),(49,72),(53,23672),(55,18861),(63,22580),(64,22026),(66,1498),(69,11325),(70,12764),(74,36536),(84,24002),(86,16491),(87,35731),(91,17710)]	263.769528
867	[(1,17843),(3,20673),(8,21078),(9,20447),(10,22516),(12,29838),(13,34562),(18,8727),(19,21405),(21,31778),(24,3825),(26,8894),(27,24257),(29,10964),(30,16272),(33,27856),(34,17294),(36,15651),(38,19106),(40,10092),(44,24937),(46,17952),(47,19206),(48,1086),(51,12576),(52,5854),(53,1694),(54,36248),(55,18961),(56,34482),(57,29323),(59,1747),(61,32136),(62,9387),(64,26134),(67,12069),(68,13318),(70,13528),(72,28854),(75,20158),(76,21115),(79,24746),(82,32510),(84,8445),(85,31802),(86,2627),(89,21040),(91,3356),(92,7152)]	242.210355
868	[(2,14628),(3,24031),(4,29263),(6,20744),(8,3287),(9,22758),(10,15127),(11,30251),(12,19134),(16,4840),(17,14717),(18,11420),(20,14135),(21,33362),(22,7667),(23,15342),(24,12135),(25,20480),(26,32574),(29,6234),(30,11232),(31,15840),(32,27929),(35,5101),(36,26493),(39,13966),(40,16302),(41,12356),(42,16823),(43,24140),(44,23467),(45,14461),(47,28257),(48,1633),(51,11113),(52,23549),(57,23102),(59,24158),(60,29361),(64,17446),(66,12270),(68,8577),(70,7999),(71,27588),(72,15244),(73,24465),(76,25546),(77,11051),(79,35781),(82,17084),(84,1155),(85,31403),(86,21683),(88,8750),(90,25515)]	134.706112
869	[(0,18743),(1,35372),(5,16927),(6,29880),(7,34636),(10,11801),(11,21985),(16,23961),(19,28),(20,27493),(22,33992),(23,7450),(24,8413),(26,21394),(27,24443),(28,10417),(29,34122),(31,33533),(34,20631),(35,27815),(36,32735),(40,35492),(41,5512),(46,34612),(48,2264),(49,18022),(50,20431),(51,31344),(52,20024),(54,35095),(56,28050),(60,11208),(62,8171),(64,3086),(67,17690),(69,5384),(70,11911),(71,30165),(72,13309),(74,2069),(76,16859),(78,25200),(79,9601),(81,27213),(82,3007),(83,20611),(87,11239),(88,29104),(89,35741),(90,19099),(91,19193)]	150.579430
870	[(0,19420),(1,25847),(4,4796),(7,32542),(11,29774),(12,15255),(13,10994),(14,2773),(16,28187),(19,3069),(21,16803),(22,14044),(23,24762),(25,3465),(28,2890),(30,27103),(31,14604),(32,30205),(33,17017),(36,34868),(37,13329),(41,627),(43,29428),(44,33343),(45,18761),(46,25858),(47,23308),(50,10841),(51,12739),(52,27959),(54,5282),(55,4864),(56,17580),(57,21409),(60,15362),(63,3592),(65,31122),(68,26051),(69,760),(70,4850),(71,7156),(73,33927),(74,30803),(75,17350),(76,16961),(78,25626),(79,521),(81,35007),(82,7787),(84,16617),(86,31110),(90,30097),(92,2021)]	143.286491
871	[(0,4898),(1,17461),(5,5866),(11,32055),(12,12259),(14,15082),(15,31861),(17,33544),(18,20010),(19,18995),(21,10364),(25,9468),(29,24004),(32,29467),(33,10317),(34,19202),(37,3503),(38,25457),(39,33497),(40,32875),(41,8562),(44,10066),(48,12864),(49,28288),(50,35632),(51,20857),(53,35032),(54,9376),(55,29102),(56,36657),(59,33393),(61,23651),(63,1995),(64,20866),(65,9232),(66,5395),(68,14175),(69,14872),(72,36010),(76,7281),(77,32552),(79,29869),(84,4655),(86,8579),(88,1830),(90,35710),(91,26433)]	143.602803
872	[(0,32866),(1,3769),(3,26360),(7,17854),(9,25608),(10,15566),(21,33954),(28,10861),(29,6137),(30,1028),(31,9913),(33,30599),(34,13855),(37,20560),(38,14353),(40,26500),(43,7227),(44,515),(47,13962),(49,6630),(52,20802),(53,3136),(55,4954),(56,24667),(57,8566),(58,6792),(59,10478),(61,36648),(64,27717),(65,28657),(66,18586),(67,9833),(68,30521),(69,11775),(74,10513),(77,15914),(80,6328),(82,9892),(83,23589),(85,22059),(86,29875),(90,7211),(92,24483)]	136.867114
873	[(0,24420),(1,26950),(2,13647),(4,36005),(6,1917),(7,8209),(8,12532),(9,16445),(10,21045),(12,6556),(13,2242),(15,10207),(17,5551),(18,11528),(19,13447),(20,8604),(22,11348),(23,35579),(24,29019),(25,27276),(26,3188),(29,18703),(31,18509),(32,18345),(33,16877),(34,8216),(35,11781),(36,26001),(39,9319),(40,14811),(41,31492),(42,6333),(44,150),(45,31062),(47,16710),(49,2391),(51,32177),(52,18608),(53,23956),(54,21619),(56,35755),(57,15954),(60,35601),(61,5837),(62,7290),(63,19255),(65,14270),(66,6749),(67,34832),(68,35903),(70,31209),(71,4346),(72,14629),(73,29271),(75,7503),(76,20756),(80,26213),(83,16889),(84,25949),(88,28198),(89,6639),(91,795),(92,3223)]	114.621461
874	[(0,3224),(1,30687),(3,3725),(4,30155),(6,17438),(10,16079),(11,16128),(13,12192),(16,31551),(17,10378),(18,15125),(19,760),(21,12133),(23,32558),(24,24702),(25,21109),(26,26404),(27,16806),(29,31982),(31,31605),(33,6855),(35,15131),(38,15541),(40,671),(41,24635),(42,11791),(43,5589),(44,1581),(45,34438),(46,36271),(47,33273),(48,29424),(52,29709),(54,27094),(57,23069),(59,22643),(65,8103),(66,13055),(67,3819),(68,31782),(70,32337),(72,3247),(73,1645),(74,28221),(75,3090),(76,11851),(78,32492),(79,26675),(81,13763),(83,27535),(87,22216),(88,3211),(89,31325),(91,550)]	116.214788
875	[(1,29189),(3,14644),(7,17469),(10,10462),(12,25679),(14,7618),(15,20570),(16,33059),(17,7487),(22,6609),(25,33579),(26,3976),(27,35254),(28,30363),(30,15535),(31,12230),(32,21797),(33,19676),(36,36182),(37,8175),(38,11429),(40,20158),(41,7674),(44,28648),(46,36005),(48,10163),(50,33498),(51,1177),(54,8455),(59,32055),(60,31838),(61,34536),(63,34228),(64,2276),(69,34256),(70,16718),(71,27055),(73,19694),(74,14652),(75,3129),(77,23324),(78,11275),(79,14861),(80,5987),(81,13772),(82,25453),(83,9306),(84,17501),(85,9727),(86,24082),(90,27958),(91,6990)]	128.881848
876	[(0,15744),(3,21431),(5,22786),(6,36560),(7,13420),(9,313),(10,2306),(12,23072),(14,32389),(15,25051),(16,13328),(17,36046),(18,3114),(20,6715),(22,34909),(25,25212),(26,15313),(31,11748),(32,14402),(33,3802),(34,3492),(35,4451),(36,34004),(38,11579),(41,26331),(43,10152),(45,7648),(46,31025),(49,29908),(50,31565),(51,6913),(52,22257),(53,17331),(54,636),(55,29194),(57,24085),(60,35796),(61,12030),(62,14004),(63,13285),(66,13011),(67,36489),(68,5390),(70,16379),(73,12716),(75,4567),(77,13961),(78,14797),(79,34594),(80,21632),(84,7181),(85,14613),(87,4585),(88,19429),(89,21366),(92,35538)]	111.356262
877	[(0,8984),(3,34689),(5,16379),(6,4026),(7,24376),(8,10581),(9,31271),(15,2309),(16,6922),(18,622),(19,36367),(20,17908),(24,16094),(28,8714),(30,24930),(32,30691),(33,28468),(34,26198),(36,4100),(37,27645),(38,32473),(39,17902),(40,33811),(41,15359),(42,6055),(43,6892),(44,27674),(46,29043),(47,2903),(50,25086),(52,4920),(54,35278),(55,31442),(59,15584),(61,13514),(62,15957),(64,30344),(65,753),(66,31950),(68,17078),(69,25832),(70,32521),(72,5184),(73,23453),(74,34844),(75,8229),(76,21514),(77,4273),(78,35827),(79,2918),(82,1407),(84,24197),(85,11821),(86,28084),(88,28291),(91,5108),(92,20589)]	141.065280
878	[(0,31117),(2,2954),(3,15775),(4,25426),(5,19941),(7,7652),(10,1374),(13,31430),(15,23228),(18,7808),(20,25641),(21,29824),(22,5332),(24,4264),(25,13511),(26,34235),(28,21276),(31,12439),(37,11796),(39,35852),(42,11174),(45,6597),(46,32916),(50,27415),(51,35636),(52,20253),(53,8452),(54,8616),(59,17862),(60,33890),(61,26126),(62,8653),(64,8800),(67,30620),(72,11297),(73,23720),(77,10182),(82,14748),(83,33693),(85,19828),(86,7988),(90,28121),(92,22763)]	120.220455
879	[(1,20371),(2,7771),(4,34119),(5,21130),(7,24132),(10,27600),(11,32875),(13,34735),(14,11916),(16,25967),(17,2382),(19,7506),(21,28166),(25,6199),(26,9990),(28,22815),(33,18825),(34,35595),(35,15218),(36,4715),(42,11238),(43,6244),(45,17728),(49,30208),(50,919),(52,25064),(54,26693),(56,27250),(57,22325),(58,5821),(60,3034),(62,27940),(64,8683),(65,35336),(66,30153),(68,10096),(69,18956),(70,32911),(72,32748),(73,35538),(75,18026),(77,34039),(78,26885),(79,10783),(80,20089),(81,28556),(82,21470),(85,34219),(86,34584),(87,27256),(88,13574),(89,20511),(90,31661),(91,1511)]	160.535185
880	[(0,11574),(5,11237),(6,28993),(8,2506),(9,24457),(10,26194),(11,26460),(12,27607),(13,10278),(15,8517),(18,17368),(19,19403),(20,8489),(23,9757),(28,4188),(29,26468),(35,17114),(37,19920),(38,28238),(39,2086),(42,36164),(46,31972),(47,2619),(49,27975),(50,22787),(51,34088),(52,25601),(55,7897),(56,16936),(58,8003),(62,22922),(63,11515),(64,33293),(66,11306),(68,3936),(69,4461),(70,35306),(71,11715),(72,35203),(73,36403),(75,30303),(76,4658),(77,33693),(78,30723),(79,20963),(80,25134),(81,5438),(84,6885),(91,7885),(92,26213)]	122.507910
881	[(1,5819),(5,15182),(6,13365),(12,385),(14,14976),(15,20092),(17,11748),(18,12534),(21,29947),(23,17082),(25,1854),(26,2593),(27,34222),(28,25799),(29,6858),(30,29084),(31,32306),(32,4478),(37,23118),(40,24053),(41,23723),(43,27468),(44,34290),(45,32649),(48,4566),(49,25600),(50,16601),(52,654),(54,9237),(58,26924),(59,24795),(61,16215),(62,9517),(63,11792),(64,27326),(65,862),(66,6705),(67,31995),(68,10400),(71,17024),(72,32000),(82,28021),(83,18138),(85,18052),(86,8369),(87,6134),(89,14294),(91,19156)]	114.214545
882	[(0,9763),(1,22476),(4,31457),(6,32063),(7,1888),(8,13916),(9,24519),(10,7136),(11,12952),(14,12227),(16,21350),(18,23343),(19,30790),(20,13479),(21,29491),(24,11402),(29,3538),(30,26615),(32,13924),(35,5102),(36,21512),(38,295),(39,5212),(41,26797),(42,23445),(43,14257),(44,25158),(45,24831),(47,32731),(48,12984),(49,15097),(50,35689),(53,26401),(54,3726),(55,13360),(57,9534),(59,8592),(61,6027),(65,28453),(66,34600),(67,13893),(68,6361),(69,33449),(70,1474),(71,8984),(76,4260),(78,24107),(79,33567),(81,32174),(82,25883),(84,17495),(87,7427),(88,5725),(92,33793)]	107.457742
883	[(4,2367),(8,2210),(9,18028),(10,21185),(11,12824),(16,5955),(17,35534),(18,20018),(19,35415),(20,31177),(22,7890),(23,26968),(25,21738),(28,35976),(29,31614),(31,12621),(32,14572),(33,34173),(35,29821),(37,2258),(41,34134),(42,29989),(46,22054),(47,24272),(49,34064),(50,36208),(52,848),(53,3398),(54,10459),(55,27472),(56,11801),(57,21985),(63,29546),(66,34156),(68,21571),(69,36209),(70,1298),(72,6559),(73,1661),(74,34988),(77,35884),(78,31590),(80,14417),(84,7652),(85,6499),(86,6310),(87,36054),(90,18542),(91,33126)]	133.892945
884	[(0,14491),(1,4197),(5,23644),(8,31268),(11,8377),(12,29569),(14,22657),(16,11599),(17,24106),(20,14067),(21,11860),(24,335),(25,13044),(26,34287),(29,20635),(30,12659),(31,11728),(32,6173),(35,22704),(36,8021),(38,35308),(42,7497),(43,30585),(46,2427),(47,29525),(49,34946),(50,36466),(51,510),(52,30717),(53,24842),(55,26169),(56,27169),(59,20001),(63,36454),(64,5601),(65,11667),(67,5330),(69,19518),(70,22872),(71,3795),(73,22809),(76,7845),(77,20982),(78,36209),(79,18321),(81,367),(83,1369),(84,22019),(86,35917),(88,35189),(89,1164),(90,26421)]	113.814305
885	[(4,35193),(5,34096),(6,25091),(7,33680),(8,34596),(9,5205),(11,15026),(12,23032),(13,27102),(14,20094),(16,35563),(17,10311),(18,18340),(20,570),(21,23190),(22,28993),(25,17798),(28,31268),(30,24419),(32,1452),(35,18494),(36,25374),(37,20217),(39,23647),(40,22985),(46,17646),(50,22009),(54,7892),(56,12894),(58,33961),(59,29388),(60,19586),(64,10496),(66,1592),(70,15065),(74,10874),(75,8829),(76,10163),(79,10467),(80,30179),(81,5883),(83,2480),(85,35125),(87,16776),(88,26171),(89,30193),(92,12623)]	115.702190
886	[(3,29152),(4,1329),(7,1502),(11,14385),(14,20216),(16,13490),(17,18641),(18,1675),(19,30405),(20,25930),(21,17893),(22,24973),(23,7321),(24,1368),(26,9608),(27,899),(30,28770),(31,9203),(33,20511),(35,22252),(38,17841),(39,11446),(40,35754),(41,31626),(43,1191),(44,33110),(45,6340),(46,1920),(47,7435),(48,19765),(55,35877),(56,7366),(63,6104),(65,27239),(68,32715),(69,853),(72,13939),(73,25111),(74,23704),(75,2229),(76,2374),(78,25274),(81,3348),(82,20359),(84,33106),(85,4072),(86,20746),(87,11214),(90,5313),(91,15725)]	136.385868
887	[(2,35287),(3,19183),(4,12967),(5,28482),(7,12057),(8,9714),(13,27214),(14,20665),(15,27945),(16,19348),(17,28051),(18,32938),(19,34670),(20,28244),(21,26434),(22,10570),(23,13899),(27,22808),(28,8648),(30,5575),(32,12923),(33,23661),(34,30307),(35,24524),(36,26034),(39,27192),(42,21942),(43,32445),(44,27873),(52,30571),(54,6722),(55,5295),(56,27710),(59,15519),(60,20936),(61,28235),(63,36588),(64,14024),(65,33852),(66,22286),(68,20024),(69,19699),(71,16117),(74,22080),(76,2289),(80,8274),(82,19572),(83,34572),(86,2929),(87,3774),(90,8071),(92,10023)]	126.269546
888	[(0,35134),(1,24235),(3,1685),(4,28409),(5,31804),(8,11927),(10,14105),(11,28698),(12,29297),(15,28905),(16,24031),(17,417),(19,10487),(21,34480),(23,21095),(24,20207),(28,15581),(29,34749),(32,5208),(34,15764),(37,11245),(38,25993),(43,24535),(45,24879),(47,5231),(48,25425),(50,19943),(51,36615),(52,8387),(53,28525),(55,13568),(56,11638),(59,7436),(61,7366),(64,19537),(67,26780),(68,2121),(73,32817),(74,25026),(75,28430),(76,5176),(78,23711),(79,32429),(81,10770),(82,31792),(83,32650),(84,30765),(86,5145),(89,3165),(91,21734)]	129.863785
889	[(0,26264),(1,33912),(6,6949),(8,8435),(11,32296),(13,29420),(14,32321),(16,29932),(19,22683),(23,28299),(24,954),(26,10784),(27,32472),(28,22933),(31,13552),(32,6443),(33,25670),(35,32454),(37,28422),(38,7907),(39,15472),(40,9012),(42,24865),(43,3213),(45,13902),(47,19095),(51,4886),(52,12963),(54,26801),(57,16168),(60,16743),(61,21956),(63,33548),(64,35240),(66,23171),(68,21023),(70,9212),(72,26482),(75,11309),(76,9680),(77,19039),(80,22589),(82,14578),(85,36203),(87,30178),(90,12784),(91,4968),(92,3754)]	109.771449
890	[(0,11536),(1,240),(2,2685),(3,573),(8,5764),(10,10328),(12,14175),(14,10144),(16,33039),(19,20705),(20,5964),(23,7260),(26,33391),(28,30828),(29,17669),(30,8204),(31,6726),(33,17590),(36,12585),(37,30123),(38,5382),(45,31907),(46,10925),(47,1460),(48,631),(49,31016),(50,36574),(52,33965),(53,7497),(54,30585),(56,26866),(57,18249),(61,8299),(64,14152),(66,10955),(67,9983),(70,35000),(73,10784),(74,32472),(75,33141),(76,2577),(78,2418),(79,31793),(80,15023),(82,1546),(84,33417),(85,32441),(86,19529),(87,14229),(88,31190),(89,14656),(91,12291),(92,2163)]	117.350810
891	[(1,15377),(3,33670),(4,31664),(7,17066),(9,24990),(11,29987),(14,28610),(17,6456),(22,22343),(23,8687),(26,25214),(27,21207),(29,32050),(31,10997),(34,13614),(37,35196),(39,8244),(42,30566),(43,32634),(45,28410),(46,6504),(49,32576),(51,29054),(52,7343),(53,24482),(54,18520),(56,30464),(57,11531),(58,31602),(59,12987),(60,36069),(62,34068),(63,11155),(65,31057),(69,2027),(70,27693),(72,26502),(73,18240),(75,28909),(76,69),(77,3678),(78,3988),(79,31228),(80,22718),(81,30136),(83,21727),(84,10260),(87,26655),(89,20839),(90,30632),(91,3496),(92,30834)]	132.858314
892	[(3,1956),(4,16157),(6,11091),(8,21345),(9,6003),(10,14132),(12,20807),(14,33389),(17,6638),(18,22279),(19,22172),(20,31087),(22,24665),(23,29780),(24,7729),(25,16551),(30,1944),(32,16338),(33,15829),(34,27454),(35,11574),(41,10339),(43,16394),(45,21291),(47,23321),(48,24956),(49,24448),(50,4776),(51,11960),(52,16889),(54,13050),(57,36160),(59,14783),(60,17131),(62,5880),(63,36235),(64,29688),(65,25123),(67,22757),(68,35634),(69,12406),(70,29993),(71,17181),(72,12450),(73,31308),(74,13478),(77,9359),(79,30183),(80,3579),(81,13796),(82,8111),(83,12621),(86,18440),(87,32102),(89,31293),(92,29246)]	122.488624
893	[(0,18378),(1,34571),(5,16889),(7,34417),(8,22433),(9,3675),(10,7420),(11,3014),(12,15785),(15,4308),(16,34376),(17,1378),(18,36360),(19,18834),(20,2762),(24,21208),(26,20104),(27,22503),(28,6819),(30,19770),(31,18836),(33,17852),(37,9824),(38,30028),(39,8142),(40,34592),(43,30444),(46,21796),(47,4018),(51,12779),(52,2056),(53,23353),(54,10952),(55,27278),(57,20079),(58,20521),(59,32064),(61,14170),(62,32525),(64,20049),(66,33201),(67,15944),(68,17494),(70,24193),(71,36596),(72,2826),(77,36637),(78,14377),(79,20010),(80,33511),(81,31904),(82,13333),(84,5031),(85,29301),(86,13912),(87,20771),(88,22745),(89,807),(91,27111),(92,1737)]	118.628445
894	[(0,5070),(1,22549),(2,14891),(3,14752),(4,20641),(5,14490),(6,702),(7,3879),(10,7141),(11,20334),(13,33157),(15,4025),(18,23336),(20,6216),(21,702),(24,21008),(25,19952),(28,17762),(29,3683),(33,4203),(37,17821),(38,5517),(39,21993),(40,3779),(41,15150),(42,15528),(43,9548),(45,8880),(48,28201),(52,34127),(53,30371),(55,25992),(57,8650),(59,33435),(60,9913),(61,9815),(62,19765),(67,34255),(68,16141),(70,8611),(71,27394),(73,7752),(74,9823),(77,13987),(79,23356),(83,20329),(84,10123),(85,29755),(86,15141),(87,35174),(89,2066),(90,5669),(92,35011)]	135.576804
895	[(0,13045),(2,13258),(3,16319),(4,7177),(6,35641),(8,23297),(9,17091),(10,33186),(11,7377),(12,14088),(13,5670),(14,29619),(17,27592),(20,26406),(21,22376),(22,23256),(23,5960),(25,35217),(26,24131),(27,35257),(28,9033),(30,35709),(31,6136),(34,30314),(37,4847),(38,35084),(42,9186),(43,10888),(44,12402),(45,7753),(46,20891),(47,5139),(50,30750),(51,28389),(52,6398),(53,10103),(59,32127),(64,34155),(65,31421),(66,695),(67,19698),(68,1918),(70,10641),(71,12709),(73,7713),(77,4007),(80,26472),(81,26777),(82,35304),(85,2149),(89,29532),(91,7004),(92,27800)]	122.659161
896	[(0,3103),(1,8388),(2,10956),(3,3230),(6,2505),(8,5178),(9,7163),(11,9156),(12,23669),(13,36465),(14,36639),(15,8573),(16,29148),(17,5172),(19,2815),(20,9388),(22,28129),(23,8629),(24,1791),(27,25922),(28,28175),(31,28406),(32,3695),(33,4554),(34,10064),(35,14770),(36,33651),(38,30905),(42,34837),(44,28528),(45,12960),(46,17659),(47,26020),(50,1444),(52,450),(54,10919),(55,34272),(56,16550),(57,28986),(58,282),(59,16698),(60,32415),(61,4583),(63,18923),(64,21172),(65,17006),(66,11506),(67,6287),(68,20018),(72,19678),(73,9607),(75,32166),(76,30156),(77,11358),(82,2174),(86,9882),(88,23454)]	118.439592
897	[(0,13913),(1,3653),(3,22041),(4,15257),(5,12121),(6,7723),(8,30394),(12,26509),(14,30479),(17,33800),(18,31841),(20,2196),(21,29112),(22,27988),(24,35995),(25,14704),(28,6771),(31,4652),(32,34204),(34,5344),(35,28733),(36,36141),(38,3592),(41,6436),(43,24708),(45,26781),(46,26076),(48,15576),(52,24830),(54,21927),(55,35806),(58,27859),(59,11567),(62,15064),(66,16692),(67,24691),(68,23402),(69,34308),(70,27161),(73,27374),(79,35931),(80,21963),(81,20276),(85,9166),(86,24430),(90,28860),(92,33886)]	113.828598
898	[(0,24889),(2,24581),(3,1124),(5,35818),(13,30847),(15,23642),(16,19248),(17,8554),(18,13360),(21,55),(24,8680),(25,10514),(27,32955),(28,6034),(30,36011),(32,24436),(36,2565),(37,17822),(39,18269),(41,24042),(44,3536),(46,5758),(47,74),(48,18962),(51,23320),(55,30066),(57,1233),(58,13656),(59,36216),(62,33823),(64,3686),(66,35078),(67,17481),(68,4876),(70,34236),(71,25981),(72,301),(77,13919),(78,18362),(79,30119),(80,33630),(81,33908),(88,12607),(89,8833)]	105.732190
899	[(0,16457),(1,4939),(2,18432),(3,34491),(4,13985),(5,18378),(6,32869),(7,17218),(11,36418),(12,27094),(14,26727),(16,7347),(17,18683),(19,16335),(20,25935),(21,12677),(22,21837),(23,36056),(24,23877),(25,175),(26,1863),(27,27722),(28,8158),(29,22507),(30,19139),(31,25300),(32,8740),(34,10114),(35,19338),(36,29322),(38,11564),(39,27691),(41,3637),(42,157),(43,20701),(44,35309),(53,9227),(55,11844),(57,6593),(58,32877),(59,1073),(60,19911),(64,36213),(66,31632),(67,15532),(68,30067),(70,16520),(71,36424),(72,34614),(73,10073),(76,29557),(77,11969),(78,1396),(80,5716),(81,15632),(82,24382),(83,27350),(86,5047),(87,28839),(88,31586),(89,3168),(90,7237),(91,31729),(92,15452)]	127.979552
900	[(0,7515),(2,4273),(3,23739),(4,7286),(5,15968),(8,12823),(9,15360),(10,10325),(11,30396),(13,10210),(14,5653),(16,8772),(18,2954),(19,27368),(21,18360),(24,4445),(27,3983),(29,8936),(30,24734),(31,3887),(32,16954),(34,25509),(35,28368),(36,1773),(38,14286),(39,11352),(41,31694),(42,16412),(45,9396),(47,24734),(48,3887),(49,35853),(50,27112),(51,17807),(53,28856),(54,18279),(55,34655),(56,19305),(57,8390),(58,36027),(59,23452),(60,277),(61,33807),(62,36318),(64,10739),(65,33672),(67,6740),(68,18971),(69,24786),(74,29594),(75,12066),(76,8557),(78,3969),(84,19690),(85,24048),(86,16540),(87,30774),(88,11204),(92,32597)]	119.926263
901	[(1,19750),(2,35630),(4,24501),(7,15298),(8,8009),(9,11488),(11,30163),(12,31863),(13,36039),(14,4484),(15,9031),(16,27303),(17,3482),(18,26106),(20,18503),(22,26108),(23,16086),(26,22078),(27,22573),(28,25993),(30,30784),(33,22223),(35,4322),(36,25781),(37,8927),(41,31077),(43,14427),(46,17585),(47,30586),(48,7037),(50,14929),(51,5051),(52,18039),(53,20302),(57,5655),(58,14267),(59,31066),(62,26213),(63,27147),(65,17156),(67,16024),(68,16504),(69,380),(70,34115),(71,12445),(72,9631),(75,23100),(77,7642),(78,26804),(81,1157),(83,2884),(84,19487),(85,34867),(87,28502),(89,8770),(90,32126),(91,14161)]	124.236949
902	[(2,4764),(3,11029),(7,1354),(8,16685),(10,6536),(11,32330),(13,7165),(17,19298),(18,20230),(19,20917),(23,31033),(26,27217),(27,10673),(29,3202),(31,19337),(32,24051),(33,4866),(36,2804),(37,5761),(40,35101),(41,16728),(44,30454),(45,761),(47,6922),(51,30581),(52,7099),(53,35808),(57,20437),(60,10116),(61,7377),(62,8362),(63,22125),(64,23137),(65,19025),(66,32962),(69,15833),(70,6164),(71,7953),(72,27231),(73,34795),(76,28281),(79,168),(80,7245),(83,7115),(84,29193),(85,24410),(87,34860),(89,4500),(90,8928),(91,28709),(92,30320)]	161.048959
903	[(0,2216),(2,7927),(3,35794),(8,16771),(9,31925),(11,13403),(22,16976),(23,8904),(26,3277),(27,29388),(28,6814),(29,25145),(30,3921),(31,28932),(32,22380),(35,15027),(40,28282),(42,4464),(45,21039),(46,25171),(47,6270),(48,2068),(49,8139),(51,20109),(52,26158),(54,2540),(56,6571),(58,107),(59,10384),(61,12506),(62,21496),(63,19342),(64,17772),(68,28336),(69,25263),(71,991),(72,9438),(74,15222),(75,774),(76,19642),(78,11562),(81,18403),(83,167),(85,32767),(89,135),(90,20462),(92,29659)]	128.993563
904	[(2,11033),(3,7283),(5,9903),(6,14691),(7,19195),(8,30279),(9,23891),(11,27832),(12,28452),(14,23373),(15,3248),(16,15785),(20,7387),(21,4513),(22,8466),(23,27987),(24,34790),(25,34171),(27,18560),(28,19945),(29,19951),(32,6),(34,15685),(37,28432),(38,33473),(41,11961),(42,11342),(43,13020),(45,22436),(47,23845),(48,2229),(49,15411),(50,19132),(52,26208),(54,34720),(55,11193),(56,14507),(58,11189),(59,28410),(61,13141),(66,9618),(67,16680),(68,31686),(70,33851),(71,5852),(75,21438),(77,6491),(79,20254),(80,8007),(81,14069),(82,30643),(83,25468),(86,4821),(87,30903),(88,10833)]	129.097977
905	[(1,944),(2,35219),(3,20029),(4,8493),(5,20494),(6,4564),(7,10365),(8,35632),(9,20857),(11,4273),(12,35827),(13,2918),(14,24489),(15,15241),(16,24019),(17,23948),(20,2586),(21,33600),(22,24819),(24,18196),(25,28188),(26,26199),(28,16993),(29,8682),(30,32969),(32,33417),(33,24797),(34,24157),(35,26177),(36,34072),(38,23337),(39,26769),(41,31972),(42,7131),(43,2388),(44,10024),(46,27499),(48,16069),(49,8803),(51,31770),(54,6117),(57,25665),(58,19179),(63,25576),(65,507),(66,15492),(70,34391),(71,29528),(74,13368),(76,31349),(78,28118),(84,13426),(85,26959),(87,8840),(88,21959),(89,7279),(90,4269),(92,14919)]	117.054071
906	[(0,14693),(2,3161),(3,22106),(4,12848),(5,32334),(6,10929),(7,23540),(9,3723),(11,24284),(12,4070),(16,29120),(18,13180),(19,9205),(20,32938),(21,24931),(26,16682),(29,6388),(31,17884),(32,7175),(34,7665),(35,7126),(37,35906),(39,25845),(40,30908),(42,27421),(43,1298),(45,6559),(48,11798),(51,26966),(52,34396),(54,32066),(57,15258),(58,4609),(59,34430),(61,10834),(62,20396),(63,14472),(68,32989),(70,22678),(71,11098),(73,8699),(74,31374),(75,22695),(76,13251),(80,14931),(83,29748),(87,33590),(91,1870),(92,5394)]	108.336805
907	[(1,28799),(7,3725),(10,16844),(11,19935),(12,20119),(13,23236),(16,28669),(17,22388),(19,15522),(20,1108),(21,24734),(22,3887),(23,16954),(26,11417),(30,34252),(32,12139),(34,35702),(36,4952),(38,21043),(39,29343),(45,19976),(46,17762),(50,21842),(53,32336),(55,9036),(56,29468),(58,7228),(59,29227),(61,2027),(62,27897),(64,33694),(65,9805),(66,15890),(67,31617),(68,34409),(69,5778),(70,24710),(71,16488),(73,10244),(74,10878),(79,11332),(81,12346),(82,20552),(84,33402),(87,28900),(88,3750),(90,5785),(91,33175),(92,3590)]	121.878683
908	[(0,28488),(1,32385),(2,3434),(3,2747),(4,11254),(6,16251),(7,11677),(9,2805),(10,25876),(11,9755),(12,3161),(17,24275),(20,24717),(23,11885),(24,19325),(26,9594),(27,1288),(28,15348),(30,24807),(31,19580),(32,1142),(33,15808),(34,26807),(35,10206),(36,34145),(37,4154),(38,3281),(39,15959),(40,25450),(43,30165),(44,7992),(46,27602),(48,24370),(49,14280),(50,16778),(51,8873),(52,14749),(55,24866),(56,15356),(59,34454),(61,19460),(62,4099),(63,14797),(66,5869),(67,2069),(68,800),(69,31969),(70,15196),(72,23227),(74,20802),(75,32207),(78,11556),(80,28979),(82,23357),(84,30604),(86,29018),(87,14019),(88,36680),(89,346),(92,20184)]	120.478119
909	[(1,17303),(2,33200),(3,9050),(5,8726),(8,14498),(9,18402),(10,36432),(13,11822),(14,27053),(15,15610),(16,33077),(18,1351),(21,14366),(24,32724),(27,34648),(29,25079),(32,208),(35,16729),(39,35707),(40,2302),(42,8331),(44,4324),(45,36184),(47,32367),(48,29260),(49,18137),(50,26229),(51,1664),(53,32849),(54,32277),(55,973),(58,19335),(60,25690),(61,17408),(62,24288),(65,998),(66,17386),(68,27219),(69,3111),(71,12938),(72,17347),(73,28924),(74,32102),(78,23378),(81,10685),(82,7687),(88,28624),(90,9686),(91,26295)]	119.080091
910	[(0,36537),(1,2030),(3,14363),(6,3579),(7,14633),(8,16915),(10,20600),(11,33471),(13,32623),(16,3754),(17,27275),(18,4890),(19,13097),(20,9610),(21,8631),(24,536),(25,5668),(27,32145),(28,28366),(29,2118),(30,26163),(31,7640),(32,24224),(33,1136),(34,11222),(35,33101),(36,22129),(38,22252),(39,25731),(41,765),(45,12423),(46,4887),(47,31488),(48,36699),(50,27351),(51,28762),(54,7359),(55,25986),(56,33395),(58,15853),(59,11965),(61,11327),(64,24892),(66,35582),(68,8769),(70,28198),(71,6639),(73,8678),(77,22473),(79,8281),(84,9087),(86,20585),(88,14685),(89,23272),(91,31848),(92,31358)]	121.929814
911	[(3,33698),(4,34493),(5,30039),(8,2097),(9,36669),(10,5926),(13,2111),(14,9213),(16,2416),(17,18473),(19,25078),(20,15359),(21,8034),(22,35489),(23,24041),(24,12061),(25,30783),(26,13986),(29,16068),(30,20190),(31,22009),(32,12852),(33,34324),(34,28842),(35,26869),(36,8281),(39,8956),(40,17958),(41,1803),(43,18566),(44,17428),(45,3357),(46,9905),(47,20851),(50,18031),(54,27374),(59,13297),(60,1299),(65,23098),(70,26333),(71,22782),(72,1903),(74,675),(77,30140),(78,30358),(79,15620),(80,2700),(85,30931),(91,11098)]	156.794762
912	[(0,13086),(4,15402),(5,13445),(6,4280),(9,13169),(11,18180),(13,17161),(14,9709),(15,5642),(19,32162),(22,12156),(23,11913),(25,33503),(26,9883),(28,469),(30,35833),(31,11301),(32,17830),(34,8275),(35,30511),(38,5223),(39,18807),(40,15971),(42,2568),(44,28957),(46,3907),(47,21319),(52,3960),(55,1567),(57,9696),(58,8035),(61,23969),(65,23646),(66,7135),(67,29133),(69,25629),(71,34985),(74,27474),(75,27380),(83,9069),(84,27965),(86,30421),(88,27797),(89,21807),(90,13723)]	119.557988
913	[(0,24558),(2,5382),(3,8570),(6,3570),(7,21950),(9,4732),(10,18686),(11,6171),(12,22689),(16,23139),(18,12841),(19,3765),(21,34871),(22,4837),(25,14956),(28,5179),(30,22713),(33,18151),(34,33868),(36,9055),(37,31315),(38,8946),(45,4089),(46,18748),(47,5759),(49,21068),(51,5101),(53,26008),(56,17179),(57,5306),(59,18085),(60,29043),(62,7861),(63,4797),(64,31802),(65,19761),(68,14615),(69,7793),(73,5140),(74,10176),(78,9790),(79,23195),(81,28390),(85,35921),(87,13767),(88,32635),(91,21255)]	121.989158
914	[(3,32599),(4,11591),(6,1832),(8,9692),(9,17855),(12,30022),(14,2744),(15,33763),(16,565),(17,12702),(18,5248),(19,3704),(20,26425),(21,13285),(23,31854),(26,16475),(28,15221),(29,19113),(30,19584),(31,33360),(33,21969),(34,2252),(35,18012),(37,21188),(39,17849),(43,30844),(45,22555),(46,19478),(49,8082),(50,29056),(51,17163),(52,21095),(56,33056),(58,10420),(59,34147),(61,10621),(62,9707),(65,4662),(66,10972),(68,9577),(72,14617),(73,506),(79,10675),(81,8733),(83,36628),(87,14605),(90,23561),(92,34013)]	122.621095
915	[(0,3989),(1,16727),(6,21145),(7,1898),(10,36526),(11,35079),(12,21973),(14,26593),(15,12261),(16,2993),(18,24074),(19,18016),(21,6711),(22,27234),(23,35840),(25,2274),(28,8256),(30,14018),(35,17147),(40,22577),(41,26405),(42,27860),(43,10569),(44,19966),(48,18639),(50,36320),(51,20644),(53,36467),(54,5464),(55,33186),(56,8548),(57,4925),(59,2078),(60,14291),(61,3160),(62,33618),(65,3729),(66,26991),(68,12736),(69,24477),(71,29532),(72,31889),(73,19722),(75,18220),(78,8784),(80,3272),(81,10419),(84,27496),(85,6021),(87,11391),(88,30965),(92,3611)]	122.009264
916	[(1,26056),(3,33672),(4,3788),(8,31097),(9,22878),(10,23882),(12,8780),(15,2984),(20,2734),(21,22650),(22,32610),(28,4139),(29,9148),(32,1526),(33,6811),(34,8534),(37,15563),(39,33254),(41,28020),(43,9387),(49,3873),(50,23977),(51,34352),(54,15534),(55,36211),(59,30945),(60,12813),(61,29876),(63,20788),(64,13630),(65,6059),(66,14695),(67,34688),(68,33038),(69,18654),(70,1715),(71,33805),(73,33337),(74,19744),(75,1053),(78,28655),(79,31182),(82,16821),(86,36088),(87,32523),(89,9079),(91,33410)]	118.835901
917	[(1,36373),(2,25544),(3,4150),(4,10790),(5,17547),(9,29330),(10,27643),(12,15600),(13,33925),(14,15648),(16,15533),(18,28847),(19,34032),(20,15697),(21,12530),(23,27439),(24,24678),(25,16282),(28,22241),(29,16106),(34,31141),(35,30023),(39,18021),(41,26730),(43,22952),(44,26540),(45,13585),(46,28710),(47,2678),(48,18517),(50,22756),(51,20617),(52,14637),(53,9824),(54,9129),(55,34076),(57,35082),(58,19478),(60,1508),(61,1972),(62,3837),(64,10449),(66,33303),(67,24445),(68,26145),(70,27399),(72,30037),(74,13149),(76,29177),(77,16003),(81,1835),(84,28752),(86,10662),(88,25400),(90,22012),(91,13450),(92,239)]	120.076216
918	[(0,16097),(2,36228),(3,6014),(4,5194),(9,25344),(10,13655),(12,18704),(13,21779),(14,12314),(15,25806),(17,26089),(19,31460),(20,21524),(23,34021),(24,34999),(25,34201),(27,10818),(28,8830),(29,32625),(31,31635),(32,3648),(33,3666),(34,32572),(37,26218),(39,11470),(40,21816),(42,2369),(43,25161),(44,19511),(50,9351),(52,28191),(56,13936),(60,30278),(64,18587),(65,5866),(67,10317),(68,11878),(69,17032),(72,23616),(75,29466),(77,24949),(78,10465),(79,30940),(83,29139),(84,1985),(85,22778),(86,3871),(88,6699),(89,15937),(90,14585),(92,16144)]	116.941139
919	[(5,17010),(6,19957),(8,30877),(9,7491),(12,23524),(14,31926),(15,18434),(17,29357),(18,18631),(20,7760),(21,32626),(24,30432),(25,9642),(26,223),(28,5681),(29,18083),(30,10358),(31,36261),(33,36411),(37,19368),(39,15135),(42,33344),(43,23041),(44,517),(45,25976),(46,33539),(47,14268),(48,1611),(49,2159),(50,19937),(51,22470),(52,30046),(53,34361),(57,1573),(59,6104),(60,7064),(62,10178),(65,33432),(66,16841),(70,1413),(71,8569),(73,18454),(74,18256),(82,11672),(84,9820),(86,21782),(87,35605),(89,13840),(91,17265),(92,33394)]	140.272548
920	[(0,14483),(2,1596),(4,26539),(5,6367),(6,19864),(8,16012),(9,6883),(11,20061),(12,12499),(14,8903),(17,11813),(18,23104),(29,5520),(33,16744),(36,10918),(38,347),(39,31620),(42,16436),(45,15135),(47,19615),(49,28286),(53,12432),(57,24963),(58,25174),(64,13660),(65,31152),(68,23586),(69,20041),(70,33801),(72,27147),(76,15927),(77,10661),(79,9825),(80,33346),(81,681),(85,96),(89,4820),(91,26809)]	122.721469
921	[(0,9929),(1,1967),(2,16623),(3,28362),(5,7904),(6,23328),(7,29007),(10,25430),(11,30929),(14,31675),(15,16667),(17,7445),(22,36682),(25,29540),(28,24156),(31,30899),(32,130),(33,27516),(34,29058),(37,8475),(42,16017),(43,35209),(45,8666),(47,29115),(48,12397),(50,10704),(51,18873),(53,11713),(54,20540),(55,14182),(56,29589),(57,21750),(58,6489),(62,9358),(63,7897),(65,8502),(69,10694),(71,11579),(72,12208),(74,7009),(77,21711),(79,17057),(80,14424),(81,30790),(82,28371),(83,22302),(84,32163),(85,3048),(87,17686),(88,19885),(90,17853),(91,17873)]	120.234563
922	[(0,19406),(3,9758),(5,13909),(9,19487),(11,13417),(14,863),(15,31885),(17,16322),(19,6372),(20,35803),(21,21335),(22,24505),(24,21853),(25,12054),(29,17938),(30,30159),(31,13714),(34,32876),(35,21452),(36,22272),(37,26941),(38,24802),(40,20856),(41,11584),(42,35694),(43,15890),(44,12232),(45,6398),(47,33854),(49,20175),(51,34126),(52,1159),(53,31309),(54,19338),(55,14726),(58,21257),(59,15625),(60,30745),(61,19669),(63,35058),(65,32578),(68,32679),(69,7145),(77,3253),(80,32073),(83,23193),(84,31455),(87,12212),(89,5172),(91,29056),(92,17163)]	109.422463
923	[(1,1636),(2,27287),(4,14294),(6,19156),(7,1146),(8,8184),(11,7299),(13,23519),(16,659),(17,21633),(18,22467),(20,908),(21,34326),(22,17414),(23,32987),(24,17711),(28,11276),(29,7196),(31,26608),(32,16899),(33,10046),(34,14925),(35,20326),(37,10349),(38,1177),(40,21351),(41,2968),(42,22296),(43,9323),(45,5544),(46,21836),(49,10793),(50,31004),(51,2804),(53,30356),(54,25296),(55,20279),(57,3256),(59,35826),(62,220),(63,30521),(64,11775),(65,1403),(69,31445),(71,1386),(73,30719),(74,33046),(75,7552),(77,36123),(79,25245),(82,1572),(83,29878),(84,7849),(85,22920),(87,12873),(88,331),(89,25472),(90,28678)]	115.679379
924	[(2,14579),(4,190),(6,17593),(8,24044),(11,7551),(12,26447),(13,10854),(16,15358),(18,36158),(19,35095),(20,22705),(23,10317),(24,7246),(25,22575),(27,10371),(28,30627),(30,32373),(32,5220),(34,24911),(36,11392),(37,19120),(41,3601),(45,1613),(46,34615),(48,11605),(52,1112),(56,14095),(57,26261),(58,6936),(59,29738),(60,15089),(61,10548),(62,3030),(63,16866),(64,3071),(67,23598),(68,5427),(72,30738),(74,26649),(76,14176),(77,10029),(80,23917),(82,16938),(89,34210),(90,3130),(92,13162)]	122.700299
925	[(0,6654),(1,9779),(2,98),(3,26286),(4,11432),(5,15517),(8,22927),(11,28580),(12,2812),(13,26654),(14,20267),(15,33356),(16,33929),(17,28181),(18,6294),(19,24356),(20,3839),(22,27132),(23,18461),(24,11254),(25,13092),(28,30556),(32,18961),(33,34482),(34,7507),(35,1979),(38,2476),(40,6259),(41,9630),(43,24820),(45,5536),(46,22407),(50,14221),(52,32582),(54,18036),(57,34619),(59,1168),(60,21078),(62,25280),(64,32685),(67,14608),(68,15078),(69,33499),(70,19838),(71,1239),(72,34241),(73,31824),(74,18607),(76,10521),(77,8171),(78,22059),(80,5547),(82,12068),(84,8710),(85,17388),(86,7594),(87,13131),(88,31117),(90,9556),(91,2155)]	118.705830
926	[(2,4895),(6,16296),(8,2300),(9,30036),(11,24850),(15,35490),(17,19710),(21,16655),(22,15827),(24,24905),(25,33856),(26,13611),(28,23576),(29,833),(30,17202),(31,28634),(32,31999),(33,14940),(34,23923),(35,22982),(38,32491),(40,23020),(41,27031),(42,13544),(43,25848),(48,19670),(52,29384),(53,2931),(54,15100),(57,7592),(61,29802),(62,32736),(63,32830),(65,24439),(66,4579),(70,8939),(71,30073),(72,28097),(75,22901),(76,2900),(77,31017),(79,15010),(81,13421),(82,10737),(84,45),(87,18108),(88,30502),(91,1689)]	120.061478
927	[(0,20476),(2,33170),(3,28821),(4,18670),(6,29397),(8,21579),(12,33582),(13,14196),(14,35890),(15,22961),(16,32609),(18,30869),(21,1670),(24,25434),(26,33119),(27,26700),(32,2389),(36,28358),(38,17986),(39,17484),(40,1407),(41,10080),(42,8598),(43,16037),(44,18626),(45,11856),(46,23754),(53,20392),(54,34811),(55,36511),(56,30115),(57,3807),(58,4321),(60,19083),(63,34568),(64,15143),(65,23128),(66,20470),(67,31633),(68,154),(70,20269),(72,4058),(73,24875),(74,35388),(75,33422),(76,4887),(77,35355),(78,26771),(80,30491),(82,25220),(83,33983),(86,36447),(87,28209),(88,6142),(90,30157),(91,26252)]	153.304331
928	[(5,24954),(6,1344),(7,3784),(8,3682),(9,15103),(10,13431),(11,17709),(13,25302),(14,12205),(15,12812),(16,3350),(17,35883),(18,2281),(21,23851),(22,4607),(29,23226),(32,35878),(35,1782),(36,14447),(39,21256),(40,22742),(41,10637),(43,32378),(45,10798),(47,28364),(48,8084),(50,20306),(51,4149),(54,2178),(58,34993),(59,11318),(62,28451),(64,25324),(65,12364),(66,9586),(67,30844),(68,21554),(71,8117),(72,13025),(74,16854),(78,13093),(80,10895),(81,30514),(83,22773),(85,19461),(86,34009),(88,18002),(89,35303),(91,26816),(92,443)]	123.269479
929	[(0,33190),(2,20090),(5,2468),(6,20924),(8,9410),(9,8557),(11,25781),(12,8927),(13,29440),(14,13178),(16,341),(17,30879),(18,6799),(20,26502),(21,18240),(23,7678),(27,402),(32,24928),(34,13149),(36,18702),(39,27441),(40,11198),(41,757),(43,20403),(44,8238),(48,19940),(52,23185),(58,27773),(60,20849),(62,17173),(63,10550),(64,31688),(65,8575),(68,6699),(69,15937),(70,17460),(71,19209),(74,3979),(77,4769),(78,14782),(82,1957),(85,9812),(86,19515),(89,26609),(90,9049),(91,4667),(92,22606)]	117.915104
930	[(1,28306),(3,12621),(4,18199),(5,32838),(6,36556),(7,28838),(10,18221),(11,26686),(13,8283),(14,1284),(17,28512),(20,32363),(21,23538),(26,35100),(27,17470),(29,13296),(30,22206),(33,29575),(35,15396),(36,28758),(40,16966),(43,32383),(44,27122),(45,14281),(47,16680),(48,31270),(49,29353),(50,12220),(51,23727),(53,11442),(56,15850),(57,16950),(58,9864),(59,7261),(60,14467),(62,36483),(63,19494),(66,4288),(69,17857),(70,15204),(72,7438),(77,8707),(78,25597),(80,16258),(81,12465),(82,7768),(84,19947),(85,28430),(87,20381),(89,8164),(90,7454),(91,20978),(92,33891)]	108.991245
931	[(0,35934),(1,9388),(3,28129),(4,14260),(5,19293),(7,22808),(10,17499),(13,32782),(14,1328),(15,24827),(17,18732),(18,8503),(20,26069),(21,16949),(23,9050),(26,4101),(27,10961),(28,21662),(29,2332),(32,29635),(36,27215),(37,17692),(38,18253),(42,22342),(45,30455),(47,13070),(48,26012),(50,31133),(51,4138),(53,26263),(54,10483),(55,11030),(57,2818),(58,6290),(59,4786),(61,27622),(62,16521),(65,8963),(68,32497),(71,2715),(73,8181),(74,11167),(75,19604),(76,36095),(78,6166),(79,3100),(82,30534),(83,5080),(89,2398),(91,34687)]	114.402365
932	[(0,35129),(1,18323),(3,28090),(5,4404),(6,16624),(8,2436),(9,23552),(10,11948),(11,29187),(12,27053),(13,28496),(14,3468),(15,34539),(16,14067),(17,2652),(18,15597),(19,8036),(24,24576),(25,11452),(26,25797),(27,36187),(28,24337),(29,25022),(32,4146),(33,18125),(34,22530),(36,33944),(38,28712),(41,24684),(42,2709),(43,19129),(45,34862),(47,30754),(51,9149),(52,19543),(53,10305),(55,25462),(56,29811),(58,7200),(59,3419),(60,4016),(61,32612),(62,11249),(63,25618),(64,32688),(65,25388),(67,23450),(68,19696),(69,34017),(71,12348),(72,30331),(73,18739),(74,26025),(75,8724),(77,5612),(79,14078),(81,20691),(82,1326),(83,15086),(84,887),(85,3300),(86,29868),(87,14062),(88,5801),(89,10931)]	124.006205
933	[(0,14911),(1,13205),(2,27984),(3,7413),(6,3766),(7,29921),(10,5986),(11,24553),(12,13353),(15,32644),(17,4877),(18,35142),(20,28854),(21,28816),(23,32320),(25,21662),(26,2332),(28,18232),(30,17693),(31,18764),(33,16037),(35,18337),(36,5789),(37,8773),(38,34937),(39,5225),(40,33234),(41,5593),(43,29735),(44,33804),(45,12920),(52,21618),(53,18077),(58,2636),(59,30472),(60,579),(64,32764),(65,35159),(66,259),(67,34783),(68,2659),(69,36045),(70,35988),(73,10248),(75,15153),(76,15094),(77,35749),(79,11465),(82,15980),(83,9528),(84,31382),(85,26095),(86,32479),(87,28314),(90,9056),(92,21506)]	120.936636
934	[(0,32199),(1,2107),(2,31028),(7,1446),(9,7568),(10,27825),(11,4958),(12,13849),(13,19116),(15,26994),(19,36436),(20,2255),(21,25480),(26,19133),(27,33641),(28,957),(29,343),(31,20476),(36,8058),(37,1559),(38,14790),(39,22490),(41,33759),(42,28518),(43,6468),(48,15348),(50,3736),(53,16021),(54,31528),(55,34447),(56,36429),(60,6328),(61,21397),(63,26849),(65,31841),(67,1219),(70,18240),(75,36673),(76,31695),(79,28888),(80,6315),(82,23385),(84,9135),(85,8746),(88,33376),(90,3781),(92,1119)]	116.137857
935	[(0,7284),(1,23635),(5,4985),(6,25501),(7,11950),(8,2028),(9,31184),(13,7097),(15,15501),(18,21045),(20,33089),(21,13624),(24,35956),(26,2961),(28,28276),(31,14028),(32,3166),(35,24262),(38,15448),(43,6562),(44,34617),(45,15061),(49,11210),(50,14787),(52,36617),(53,21716),(55,26754),(58,35854),(60,29630),(62,13970),(63,915),(64,16955),(65,14529),(66,30238),(67,10136),(68,12861),(70,30486),(72,21136),(73,7181),(74,14613),(77,19592),(79,30257),(81,6787),(83,23540),(85,23394),(86,10791),(88,9013),(90,31826),(91,12809)]	120.441279
936	[(4,11266),(5,243),(6,1339),(7,2897),(9,50),(12,32653),(13,16004),(14,33182),(16,2242),(17,9005),(18,22623),(21,16591),(23,20337),(24,31738),(26,2229),(30,10377),(32,9060),(33,91),(35,21228),(38,19314),(40,5120),(41,18482),(43,8597),(45,27147),(48,30117),(49,2560),(50,356),(52,2176),(53,1518),(54,1076),(59,16039),(61,21739),(63,36249),(64,19573),(65,13025),(67,20252),(71,34770),(73,13114),(74,20834),(77,1610),(82,32727),(83,6087),(85,12160),(88,33258),(89,5306),(91,18085),(92,605)]	152.629100
937	[(0,25013),(4,35652),(5,10247),(7,488),(10,36394),(11,17036),(13,15150),(14,15528),(15,9548),(17,26555),(18,18512),(19,13525),(20,14335),(21,10372),(22,1928),(23,10761),(24,18401),(25,28654),(28,32577),(29,27902),(30,135),(32,1641),(34,22216),(35,13638),(36,25651),(37,27853),(38,32384),(39,9638),(41,32559),(43,26655),(44,18964),(47,26165),(49,422),(50,28798),(51,6867),(53,14952),(55,16117),(58,15720),(59,28695),(61,31171),(62,7472),(65,28711),(67,25738),(68,11404),(69,22083),(70,26571),(74,29018),(75,17520),(76,8719),(78,5697),(79,17054),(81,10905),(82,19075),(83,35886),(84,6038),(85,30026),(86,8736),(87,36581),(90,6945),(91,3294),(92,18993)]	126.974056
938	[(4,12799),(5,16632),(7,478),(8,29293),(9,6855),(10,12628),(12,26334),(14,31508),(15,34527),(16,23560),(17,26230),(18,17694),(21,20114),(22,29472),(23,17960),(24,8562),(25,23955),(26,459),(27,11197),(28,20424),(30,14404),(31,6366),(34,33816),(36,12592),(39,20377),(40,13396),(41,11370),(44,36701),(47,1526),(49,14001),(50,28945),(51,4630),(52,7088),(53,32427),(54,10335),(55,24104),(57,30735),(60,21323),(61,16019),(66,4421),(70,25701),(72,5122),(73,31494),(74,27868),(76,25763),(78,23874),(79,13335),(81,33219),(83,21852),(85,20971),(87,2692),(88,22595)]	120.996197
939	[(0,22199),(4,15931),(9,28240),(10,32688),(12,31883),(18,34611),(19,36434),(20,18564),(21,26777),(22,35304),(25,2149),(26,10744),(27,25296),(33,29003),(34,9209),(36,27936),(37,34768),(38,24110),(39,16595),(40,24497),(41,33880),(43,5853),(44,35040),(48,23261),(49,20143),(52,21934),(53,12847),(56,36383),(57,21082),(58,32122),(59,33266),(61,10324),(62,8765),(64,11469),(65,36633),(67,6572),(70,9973),(71,356),(73,28924),(75,2160),(77,7272),(80,19570),(81,34946),(84,31647),(87,2924),(89,31604)]	118.915446
940	[(2,25941),(5,11817),(7,36081),(9,5172),(10,13583),(11,14081),(15,22012),(16,15893),(17,32090),(22,9862),(24,24457),(26,8188),(29,18157),(34,10538),(35,3179),(36,20111),(37,30428),(38,19626),(40,23082),(41,23000),(43,31150),(44,16510),(46,22499),(49,15980),(52,8869),(53,5915),(55,16799),(57,22764),(60,5031),(61,29301),(62,13912),(63,20771),(64,29766),(65,22185),(66,10108),(69,28728),(70,29192),(72,10182),(75,31587),(79,14400),(80,172),(82,12908),(83,10444),(84,34694),(86,11436),(89,23941),(92,32672)]	128.966129
941	[(0,29068),(1,36115),(2,5877),(4,9286),(6,12462),(7,25261),(12,29892),(13,33165),(14,5061),(15,32488),(16,8000),(20,30605),(21,26985),(23,14788),(28,36403),(33,29183),(34,2231),(35,8354),(38,17793),(39,3320),(40,4470),(41,21796),(42,32677),(43,14658),(44,4897),(46,13601),(47,34963),(48,433),(49,17132),(51,23112),(53,18220),(54,29584),(56,22063),(58,22),(60,7633),(61,15248),(63,28699),(69,15894),(70,36165),(72,23975),(73,25526),(75,32198),(77,32106),(78,27799),(79,14216),(81,13202),(83,1832),(84,14890),(88,3469),(90,9976),(91,16330),(92,2647)]	118.734068
942	[(0,25053),(1,13903),(2,16172),(3,6709),(4,1664),(7,19616),(8,5567),(11,21521),(12,4121),(13,26536),(14,22697),(15,29042),(17,18204),(24,35885),(25,1020),(26,33206),(27,21624),(28,4211),(30,15803),(32,21400),(33,15410),(34,8444),(35,8148),(39,17480),(40,13524),(41,12300),(44,17524),(46,21723),(47,6734),(48,10618),(50,11974),(53,27244),(57,30686),(58,19744),(59,23922),(60,27143),(61,9672),(63,5949),(64,3062),(67,18735),(68,32150),(70,31282),(72,35551),(73,24501),(75,22985),(77,14424),(79,22691),(80,23974),(82,20389),(84,18452),(88,35298),(89,14480),(90,9949),(91,31887),(92,10612)]	115.269690
943	[(2,21208),(3,12067),(6,4970),(7,32056),(8,12234),(9,27423),(10,32941),(11,21341),(12,11019),(13,18846),(14,9616),(17,23959),(18,31343),(19,15256),(20,21786),(21,1717),(22,33916),(23,33602),(25,33285),(28,4723),(30,33832),(32,1528),(33,2122),(34,17475),(35,4901),(36,20076),(37,13182),(39,17957),(42,26507),(43,9159),(45,9805),(46,8214),(47,13932),(48,10113),(50,29280),(51,18004),(55,25638),(57,12324),(59,33701),(62,4567),(66,15839),(69,2535),(70,29507),(71,23751),(73,35316),(74,23318),(75,21549),(76,9658),(78,31023),(84,27041),(85,35373),(87,21328),(88,27101),(89,28041),(91,20329)]	119.698353
944	[(0,9830),(1,23278),(2,9373),(3,27030),(9,20686),(12,4241),(13,12762),(16,4691),(20,26260),(21,8687),(22,26808),(26,7676),(29,14390),(31,33369),(34,8322),(35,16738),(37,29751),(40,30348),(41,30046),(43,8206),(45,18863),(49,23206),(50,7351),(51,1070),(52,16561),(53,32752),(55,21053),(56,22009),(57,12852),(58,6430),(60,12439),(62,8593),(63,35985),(64,26880),(65,31426),(67,6582),(68,17299),(72,9963),(73,35489),(74,13718),(76,6441),(79,33496),(80,23532),(81,16796),(82,23354),(84,30409),(86,22598),(88,6506),(89,16959),(90,12341),(91,21564),(92,14663)]	135.977566
945	[(2,30424),(3,16031),(6,6005),(7,30507),(9,31747),(10,1958),(12,20634),(14,6728),(15,8424),(16,31404),(17,6627),(18,22220),(19,1650),(20,6261),(24,11832),(29,2062),(30,6461),(31,34039),(32,26885),(33,10783),(35,13161),(36,27941),(37,17236),(39,22832),(41,36370),(43,12715),(44,15968),(47,17553),(48,5464),(49,10597),(51,12156),(52,11913),(54,12473),(57,9151),(58,688),(60,26361),(61,2545),(62,11072),(63,34747),(66,28587),(67,25605),(68,24703),(70,10863),(71,27253),(72,29833),(73,24056),(74,21451),(76,6720),(80,36099),(83,17047),(84,14296),(85,7719),(86,18802),(87,2834),(88,1386),(89,15996),(90,22174),(91,29442)]	115.251212
946	[(0,8586),(1,12114),(3,11172),(4,20611),(5,19596),(7,421),(16,15024),(19,37),(20,2169),(21,3667),(22,31225),(23,12252),(24,11780),(26,9367),(29,9144),(30,12699),(34,13693),(37,1399),(38,13010),(39,17896),(40,16866),(42,7127),(46,4293),(48,9019),(51,4214),(55,23758),(58,8095),(63,12211),(64,15090),(65,20498),(66,25412),(70,10192),(71,22976),(72,11393),(73,34457),(76,17305),(77,8606),(81,4662),(82,10972),(83,33291),(85,171),(86,28482),(89,33417),(90,32441),(91,17253)]	110.519849
947	[(0,7392),(2,12939),(3,3439),(4,10458),(6,15891),(7,25350),(9,1732),(10,26847),(11,33006),(13,7081),(16,31466),(17,21235),(18,24479),(20,18008),(23,9801),(24,30758),(27,27161),(29,26592),(33,10228),(35,18652),(38,6903),(41,16872),(42,29292),(45,23021),(46,14922),(47,14513),(48,4145),(49,29060),(50,24402),(51,30747),(54,12811),(57,11835),(59,22699),(60,18202),(61,2289),(62,24055),(65,21115),(68,22346),(69,19331),(71,35061),(72,29496),(73,18966),(75,15331),(77,19525),(78,33189),(80,13812),(81,8351),(82,11656),(83,30637),(87,26850),(90,23646),(91,2003)]	107.812305
948	[(1,17609),(3,18560),(6,13605),(8,11082),(9,8145),(11,29674),(13,12016),(14,36674),(15,35142),(16,22552),(18,4330),(19,21271),(22,14435),(23,25458),(24,12442),(25,33255),(28,30752),(29,5174),(30,32856),(31,17307),(36,2446),(37,25946),(38,19268),(39,3433),(42,16849),(44,29404),(48,12880),(49,36046),(50,12254),(51,16523),(52,17563),(59,29409),(60,3466),(61,16746),(62,31470),(63,4658),(64,33693),(67,15429),(74,19643),(77,901),(81,11941),(83,8260),(84,16503),(85,21456),(87,380),(89,15841),(90,19089),(92,20716)]	209.210245
949	[(1,28708),(3,35500),(4,15160),(7,35383),(8,29620),(12,22664),(14,33268),(15,5062),(18,36488),(19,28817),(21,28918),(22,6865),(23,26932),(24,27170),(25,26637),(26,1343),(29,3902),(32,7254),(33,26936),(35,27515),(36,26813),(38,17686),(39,5654),(45,14425),(47,18850),(49,31936),(52,34047),(53,30551),(56,27677),(57,24458),(61,30737),(62,21451),(64,283),(65,13101),(66,1279),(67,14153),(69,14046),(70,1067),(71,17832),(74,9734),(75,1494),(76,18442),(78,31185),(80,7916),(81,34916),(82,13609),(86,8292),(87,12391),(91,28913),(92,27353)]	241.623767
950	[(0,31257),(1,34555),(3,2886),(4,24832),(6,8828),(8,11043),(9,31353),(11,35170),(12,2744),(13,8519),(15,32276),(17,3526),(18,6910),(20,21696),(21,21869),(23,27630),(24,23039),(25,30179),(26,20330),(28,30695),(29,19938),(30,16393),(31,1359),(32,16342),(33,11795),(34,28870),(35,9819),(37,17869),(38,27297),(39,15364),(40,33629),(43,17378),(44,9068),(45,6947),(49,8453),(50,7982),(54,22246),(56,33197),(57,4979),(59,807),(60,18686),(62,6949),(63,21657),(64,20188),(66,11904),(67,36389),(71,4148),(75,32903),(76,13645),(77,7204),(79,22342),(80,485),(84,15482),(87,22868),(88,31232),(91,26664)]	252.698345
951	[(0,2538),(4,411),(5,4258),(6,30445),(7,7150),(11,12218),(12,30228),(14,34497),(18,36400),(19,4805),(21,6293),(22,11676),(25,26672),(26,36696),(27,22507),(28,19139),(29,2271),(31,33488),(34,33416),(36,23857),(37,11252),(40,13547),(41,6984),(42,32179),(43,27263),(44,31555),(46,16530),(48,22831),(49,2393),(50,31279),(51,21520),(52,31294),(54,31799),(55,4983),(57,32109),(58,23779),(61,6345),(62,10663),(66,8638),(68,13522),(70,12171),(73,23163),(74,34771),(76,14634),(78,5420),(79,31274),(82,24966),(83,1146),(86,30728),(87,32860),(88,599),(89,16247),(90,10773),(91,26270)]	238.587697
952	[(1,21592),(2,31028),(3,31580),(4,18448),(5,9254),(6,33832),(10,14267),(12,7407),(13,30724),(15,877),(17,33270),(18,28322),(20,31874),(21,26099),(23,30167),(24,34343),(29,439),(30,8918),(32,35106),(33,2846),(34,5743),(35,3883),(38,34902),(39,28048),(40,30106),(41,31969),(42,20639),(43,24239),(44,9574),(45,12971),(46,20372),(47,22776),(48,30749),(49,32134),(50,6049),(51,29997),(52,21072),(53,11570),(55,11398),(57,1713),(58,18832),(59,27760),(60,16359),(63,22914),(64,6396),(65,9648),(66,14286),(67,11352),(68,2454),(69,35016),(70,2932),(71,10801),(73,3329),(74,24355),(76,30406),(78,32818),(82,36083),(85,14519),(87,5320),(88,31266),(91,24283),(92,19705)]	242.892469
953	[(0,23134),(3,2126),(4,33134),(5,21336),(8,6212),(9,7631),(10,1480),(11,25140),(12,25334),(14,15724),(18,8480),(21,29900),(22,982),(24,34997),(25,19088),(26,22736),(27,33272),(28,18837),(30,1578),(32,7488),(33,33081),(34,13947),(36,20865),(37,36290),(39,30898),(40,32041),(41,11268),(43,8392),(44,28710),(45,1924),(46,5980),(49,358),(50,20794),(51,26773),(52,17281),(53,35761),(54,19495),(58,36521),(59,296),(60,2365),(61,16825),(62,33551),(63,22218),(64,31657),(66,27670),(67,15212),(68,22179),(69,2985),(70,18064),(71,2515),(78,6015),(79,4610),(81,34612),(83,2491),(85,30544),(86,27818),(90,19037),(91,3377)]	247.031073
954	[(6,4874),(7,14327),(10,33993),(11,32240),(12,8113),(13,18495),(17,13060),(18,3648),(19,3666),(20,7610),(21,16582),(22,26842),(25,10339),(26,13147),(29,26041),(32,24210),(33,29919),(34,8572),(35,26648),(37,26539),(38,6367),(39,847),(45,33506),(46,24338),(49,35234),(51,10252),(52,14418),(53,17153),(54,22271),(56,32365),(57,18075),(58,4952),(59,34577),(60,28215),(62,13220),(63,35578),(64,16246),(68,33703),(70,11047),(72,7828),(73,30438),(74,20848),(75,28361),(76,1742),(78,27807),(79,22215),(80,2718),(82,17363),(83,34817),(84,14520),(86,23265),(87,6820),(88,12940)]	235.634268
955	[(0,20715),(1,22221),(4,29006),(5,32653),(7,3681),(12,15089),(13,9974),(14,20769),(15,2019),(16,26186),(17,26238),(19,27765),(21,27540),(24,5326),(25,5545),(26,17904),(27,13860),(29,32385),(31,14828),(33,3155),(34,4729),(35,16120),(36,3663),(41,24289),(42,27547),(43,35797),(44,7833),(47,17631),(48,958),(51,25317),(53,8240),(55,18182),(56,18201),(58,7294),(59,15492),(61,27546),(62,35706),(64,3129),(65,564),(66,6496),(67,34614),(70,1007),(71,1471),(72,23315),(73,15210),(74,3922),(75,2047),(78,20186),(79,32755),(80,22470),(82,25340),(83,26986),(84,1786),(85,20660),(86,7249),(88,32471),(89,7678),(90,5027),(91,1249),(92,22111)]	258.344236
956	[(0,10159),(2,2300),(3,2195),(4,24343),(8,14806),(10,23299),(11,24986),(12,21335),(14,3796),(16,35283),(20,15794),(21,2249),(23,15355),(28,1201),(36,20432),(41,31590),(42,34414),(43,27335),(44,31921),(45,1213),(46,26546),(47,17654),(50,8634),(51,27234),(52,18292),(53,26824),(55,26566),(56,13142),(57,27876),(59,1267),(61,1521),(63,14175),(65,17226),(66,6591),(67,10914),(69,10164),(70,34052),(71,7729),(72,21333),(74,21273),(75,5931),(76,28709),(77,30320),(78,30033),(79,28784),(81,35265),(83,2260),(85,17053),(86,8418),(90,23020),(92,29070)]	244.744198
957	[(4,7380),(5,32372),(8,19212),(9,13983),(11,16467),(17,12321),(18,16643),(19,21084),(20,19082),(21,21754),(24,9434),(25,846),(27,9530),(28,640),(30,25051),(31,13328),(32,36046),(33,3114),(36,26406),(37,34378),(39,26156),(40,4692),(46,26205),(47,5173),(48,2115),(49,8597),(53,7111),(54,31701),(56,28337),(57,28128),(58,14997),(59,15749),(65,8375),(66,29165),(68,33097),(69,16774),(70,35703),(75,35480),(81,36635),(85,19665),(88,29677),(89,35064),(90,24906),(91,28548),(92,3186)]	243.924657
958	[(1,22515),(2,327),(5,21855),(7,19641),(9,11439),(10,5058),(12,622),(13,36367),(19,1907),(20,29867),(21,11436),(25,32624),(26,35696),(27,11045),(30,19010),(31,7932),(34,31317),(36,33133),(37,2372),(39,21511),(40,18181),(42,20044),(45,21887),(48,20079),(51,20384),(56,29709),(57,5795),(59,11240),(61,30894),(62,1419),(63,34082),(68,8521),(69,20657),(72,30136),(74,13152),(75,34955),(76,14485),(79,16239),(80,17724),(81,30487),(82,30165),(84,24399),(86,29942),(88,12936),(89,29234),(90,13022),(92,310)]	248.326269
959	[(0,26080),(1,15618),(2,10609),(5,886),(6,3813),(7,20829),(8,34141),(9,33794),(10,18588),(11,14658),(12,4897),(14,24358),(15,18829),(19,25122),(21,19474),(24,5760),(26,6656),(28,15981),(29,34561),(33,30523),(34,2587),(35,15138),(36,32568),(38,12712),(39,28279),(40,10130),(41,6136),(52,31333),(53,17158),(55,6540),(59,4120),(60,33258),(61,5306),(64,8368),(65,31593),(67,20075),(68,13189),(69,33644),(70,22807),(71,21370),(73,4153),(74,7089),(76,12327),(77,15889),(78,30125),(79,4531),(83,11568),(85,21323),(86,1031),(87,3976),(88,35254),(91,24921),(92,18484)]	275.007617
960	[(3,34102),(4,10698),(6,15440),(7,6574),(11,31667),(13,11327),(14,4811),(15,17787),(17,9831),(18,5630),(20,4123),(23,8344),(24,3879),(26,20456),(29,13512),(30,9921),(31,13873),(32,19418),(33,949),(34,30954),(35,16685),(36,4477),(39,18376),(42,5062),(43,1520),(45,212),(51,13748),(52,5379),(53,1710),(54,36289),(55,34828),(58,24694),(59,16838),(60,14953),(61,24624),(63,24495),(64,1436),(70,10754),(72,25701),(75,13977),(76,2504),(77,33840),(78,30346),(79,13133),(81,34852),(83,28526),(84,211),(85,6270),(86,2068),(87,8139),(89,24255),(91,34348)]	254.483000
961	[(0,34111),(3,9495),(5,16535),(7,11937),(8,31945),(9,27252),(11,18391),(12,3362),(13,7383),(15,7428),(16,34226),(18,8693),(19,18959),(20,20599),(21,31076),(28,18785),(30,34341),(32,33275),(35,25314),(37,36399),(38,20798),(39,31525),(42,28773),(43,5463),(44,33807),(46,14117),(47,20187),(49,13504),(51,10000),(53,10128),(55,10977),(56,19815),(57,18446),(60,27167),(62,7993),(63,30851),(64,12925),(67,34371),(68,36662),(69,30837),(71,26980),(72,33906),(73,27586),(74,17707),(75,23418),(76,26551),(78,24893),(80,20500),(81,22452),(82,14469),(86,340),(87,15026),(88,8809),(91,6334),(92,729)]	245.330854
962	[(0,1992),(3,36591),(6,24583),(8,9315),(10,4736),(11,23429),(12,20196),(13,13183),(14,4499),(15,8618),(17,22050),(18,34556),(19,13162),(20,12826),(21,20612),(22,4669),(23,3739),(25,27056),(26,26484),(28,12055),(29,26029),(33,17199),(34,6702),(35,28833),(37,15471),(39,22742),(40,8213),(41,2656),(42,6513),(47,21557),(48,4388),(49,22632),(52,32839),(53,27753),(55,7541),(56,30880),(58,7900),(59,20583),(60,1245),(61,6469),(65,15692),(66,12542),(67,18736),(71,29220),(72,9746),(73,14788),(76,24248),(79,13615),(81,33352),(83,11355),(87,34263),(90,17215),(92,9288)]	191.450752
963	[(0,32570),(1,28271),(2,1251),(5,8872),(9,35948),(11,35558),(15,5108),(17,11784),(20,19934),(22,16989),(23,25724),(25,29005),(26,31270),(28,24520),(29,17157),(30,2451),(31,30177),(33,32855),(38,17204),(41,36406),(45,24530),(47,4447),(48,6829),(50,30350),(51,18393),(54,4695),(55,7599),(57,33244),(60,30732),(61,31884),(65,33401),(70,24910),(71,11768),(74,6344),(75,34502),(76,19640),(79,33880),(82,13126),(85,18694),(87,16824),(88,10610),(89,36390),(90,24015),(91,16817)]	117.381414
964	[(1,24998),(2,6011),(3,2727),(7,11577),(8,16361),(9,8979),(11,6334),(12,729),(13,24351),(18,31384),(21,31810),(23,25917),(24,29813),(25,15508),(26,34648),(29,2492),(33,11823),(37,15808),(40,11944),(41,8481),(45,30107),(46,1849),(47,18723),(48,7219),(50,12467),(51,9339),(52,1394),(53,33730),(54,14150),(55,5230),(56,7933),(57,32780),(58,3586),(59,30012),(60,26201),(61,30099),(67,29829),(70,16863),(71,33674),(74,22441),(75,15428),(78,23608),(84,19996),(86,6569),(87,34205),(89,13036),(90,22623)]	111.293565
965	[(0,12883),(2,17484),(3,1578),(6,33460),(11,4019),(13,31217),(15,4791),(16,7400),(18,16267),(19,18563),(20,19433),(21,18185),(22,18531),(24,4067),(26,10482),(27,1066),(29,20924),(32,29189),(33,8562),(34,23955),(35,28835),(36,28911),(37,32227),(38,5033),(39,8768),(43,16543),(44,19384),(45,5945),(47,26408),(48,24323),(51,5136),(52,32659),(53,22780),(54,5536),(55,22407),(60,21035),(61,33022),(62,28869),(63,6530),(64,1428),(65,31937),(67,32384),(69,31037),(70,27834),(71,8717),(72,15017),(73,10781),(75,24136),(76,3674),(77,14181),(80,18586),(81,9833),(82,30521),(83,11775),(84,1403),(85,13863),(87,35270),(88,5361),(89,13873),(90,32479)]	122.061440
966	[(2,18476),(4,29622),(7,2814),(12,33494),(13,6612),(14,12830),(15,5710),(16,7519),(17,29065),(20,29003),(21,9209),(23,1227),(24,29669),(25,32842),(26,35578),(30,22799),(31,36392),(32,3779),(34,15807),(36,36637),(37,14377),(38,33568),(41,8731),(42,21364),(43,21824),(44,8174),(45,34821),(46,9536),(47,14045),(48,10885),(52,35749),(55,2477),(56,29142),(58,34859),(59,10832),(61,26234),(62,31221),(63,22135),(65,19674),(67,16875),(69,30772),(72,36281),(75,29034),(76,17538),(77,16716),(83,35922),(86,16013),(88,6070),(91,29208)]	135.278382
967	[(1,35270),(3,3933),(4,369),(5,25864),(7,33536),(11,1127),(12,6624),(13,24446),(15,5620),(16,35917),(19,17815),(21,9912),(22,22506),(25,3455),(26,16595),(30,31032),(32,5172),(33,30055),(34,8810),(35,26176),(40,5305),(43,6214),(45,22863),(47,24554),(51,21728),(53,3405),(55,20917),(57,14456),(59,15722),(60,32343),(61,30660),(63,8572),(66,30471),(68,24641),(71,24305),(72,24561),(73,25294),(76,15621),(78,27523),(79,36244),(80,32749),(83,13010),(84,10444),(85,19727),(86,26947),(87,1499),(89,4948),(90,28169)]	109.802446
968	[(1,14949),(2,17050),(3,15406),(4,8119),(6,18540),(7,29500),(8,30323),(9,6471),(10,9635),(12,1483),(14,1025),(16,5259),(17,31922),(20,22643),(22,13586),(23,35638),(24,7477),(25,22675),(26,12743),(27,10304),(28,2481),(29,29160),(31,27528),(33,1631),(34,21805),(35,13298),(38,21465),(43,32088),(44,10061),(45,28745),(46,13878),(51,33016),(54,28603),(55,3373),(65,17450),(66,19039),(70,21519),(71,3636),(72,33278),(76,24670),(79,4888),(83,1728),(88,14460)]	108.673827
969	[(0,17424),(2,29514),(3,32873),(4,34110),(9,11471),(14,20554),(15,10347),(16,30438),(21,11132),(22,28261),(23,17519),(24,11716),(28,26395),(30,10356),(31,10803),(37,31796),(38,27870),(39,19205),(40,34654),(41,34012),(43,13717),(44,8102),(47,1346),(48,7859),(50,8719),(52,25082),(55,6778),(56,35974),(57,13728),(60,7504),(62,22680),(63,31215),(64,3110),(65,19965),(66,34916),(68,20351),(69,8085),(76,12017),(79,13467),(80,16895),(82,17199),(84,36540),(85,36569),(86,23708),(87,12422),(88,7249),(89,6184),(91,10075)]	111.948923
970	[(0,35083),(1,14669),(2,14273),(3,20402),(4,11890),(6,25730),(11,10900),(13,808),(15,16273),(16,20141),(20,28456),(21,10198),(22,32346),(23,2529),(24,30528),(26,8064),(27,31453),(28,13490),(30,26645),(32,16554),(34,21358),(37,16051),(39,4426),(40,24081),(41,24043),(42,21044),(43,16874),(47,29600),(50,18226),(52,13932),(56,8110),(57,26959),(60,18324),(62,773),(63,2566),(64,26951),(66,1712),(69,2980),(73,17078),(74,12393),(75,12014),(77,26187),(78,22642),(79,29189),(81,5612),(83,10036),(84,32810),(88,32751),(89,1022),(91,36473),(92,16362)]	115.724660
971	[(1,4469),(2,10264),(3,13700),(4,10830),(5,1324),(7,5645),(9,25677),(10,34133),(13,30597),(15,3818),(17,6471),(18,24935),(19,22902),(21,30468),(22,14855),(23,13771),(24,2040),(25,29155),(27,8254),(31,19474),(34,21828),(35,9986),(40,34345),(41,20680),(43,2670),(44,26944),(45,12222),(47,3932),(50,4942),(51,16077),(52,16574),(54,30139),(55,2253),(61,26019),(64,10959),(65,15838),(66,1093),(67,25075),(68,35150),(69,17649),(71,31406),(73,15780),(75,933),(76,26231),(77,18291),(78,10601),(79,32297),(80,16493),(83,11075),(85,26980),(86,22393),(87,3595),(90,7926),(91,23363),(92,20354)]	127.269579
972	[(0,33147),(2,18552),(3,17586),(5,31757),(6,10423),(8,11185),(9,28373),(10,19462),(14,10692),(15,11351),(16,7381),(17,32189),(18,2393),(19,25448),(20,26692),(21,33209),(24,25730),(28,7185),(32,5214),(33,368),(36,9241),(39,32869),(40,30420),(41,24181),(47,35303),(49,30283),(52,24262),(53,21054),(54,14693),(55,36064),(56,17491),(57,32395),(58,22846),(63,4697),(64,24772),(68,8603),(69,26177),(70,26301),(71,23615),(72,15621),(74,20479),(75,406),(76,24673),(77,20031),(79,22725),(82,11138),(83,14764),(84,20209),(85,19799),(86,11755),(87,27332),(89,36067),(90,2782),(92,10767)]	130.087562
973	[(0,7263),(3,10820),(5,12848),(6,28179),(7,667),(8,34618),(11,30875),(12,35175),(14,29837),(16,17652),(19,30272),(20,5380),(21,29476),(24,16405),(25,35344),(27,16054),(31,14000),(32,23324),(33,2986),(38,3694),(41,9639),(43,7388),(45,4124),(47,10399),(48,8465),(50,13799),(51,16561),(52,32752),(53,25341),(54,6358),(57,26564),(58,30203),(61,10104),(62,28823),(64,17103),(66,4644),(67,33742),(68,9496),(69,35235),(70,14866),(74,3640),(75,34026),(76,32760),(80,25205),(81,21232),(82,33989),(83,35447),(84,35145),(85,5052),(89,12618),(90,8967),(92,8790)]	117.366049
974	[(3,4257),(7,29933),(8,19891),(9,19203),(10,2933),(11,13819),(12,34688),(13,33038),(15,11233),(16,34842),(17,4177),(19,21266),(20,15057),(22,5342),(23,16514),(25,32881),(26,3115),(31,6606),(33,31667),(34,192),(35,12142),(36,6901),(37,18441),(39,28278),(41,13263),(42,1017),(45,7623),(46,24987),(47,18662),(48,29143),(51,23858),(53,35867),(55,21336),(58,11074),(61,23447),(67,11951),(68,8257),(70,34372),(72,35251),(76,1312),(77,29000),(78,8269),(79,24579),(80,31326),(82,1938),(83,3367),(85,30998),(88,28374),(89,18493),(90,14165),(91,31624),(92,15595)]	135.487242
975	[(0,31757),(2,3144),(3,10517),(6,20696),(8,31082),(9,18332),(10,7318),(11,2426),(12,20429),(13,34871),(14,4837),(15,12389),(16,3785),(18,20073),(20,13910),(22,8169),(23,28865),(24,23753),(25,6473),(26,29077),(27,17469),(29,32839),(30,27753),(33,3221),(35,7347),(36,7153),(37,15234),(38,15383),(39,24042),(42,25685),(44,35492),(45,5512),(48,27017),(50,22987),(54,18853),(56,10931),(57,8134),(61,34405),(62,3816),(64,8976),(66,30393),(67,8595),(70,13293),(71,35195),(72,21650),(76,27911),(78,32119),(79,19269),(81,309),(82,26314),(86,12318),(88,25727),(89,17174),(90,25127)]	132.716355
976	[(0,14742),(2,20410),(4,22682),(9,15703),(10,21581),(11,33433),(12,34644),(13,18700),(14,5445),(17,6395),(18,10053),(19,23685),(21,20359),(23,33106),(24,25276),(25,9459),(28,11700),(29,19547),(33,30983),(34,3399),(35,2814),(37,38),(40,18480),(43,23441),(44,7621),(46,10639),(47,28447),(49,21955),(54,7264),(57,18410),(58,5470),(59,847),(62,8083),(63,21589),(64,9434),(67,5216),(69,18674),(70,7867),(72,32843),(73,33086),(75,17788),(76,24644),(83,1121),(87,25563),(89,2070),(90,16880)]	120.438437
977	[(0,22840),(1,8588),(2,28967),(3,33623),(7,21765),(8,25147),(9,23266),(12,19748),(16,19345),(17,19856),(18,29164),(19,18236),(20,29610),(21,10335),(23,21302),(25,6259),(26,793),(28,20732),(29,4157),(31,7550),(38,21095),(39,21520),(40,31294),(43,27135),(45,25361),(47,35178),(48,23789),(53,21176),(54,36458),(55,18260),(57,19418),(59,7012),(61,4171),(62,12815),(63,22304),(64,25526),(65,27938),(68,7161),(69,3773),(71,3526),(73,13838),(75,34704),(79,11239),(80,29104),(83,8914),(86,2863),(88,4599),(90,18757),(91,7021)]	116.821268
978	[(1,27741),(2,12097),(3,9024),(5,3498),(6,22542),(7,4438),(13,15310),(15,34159),(18,23764),(19,18505),(21,27911),(23,32119),(24,19269),(26,24168),(27,14599),(29,31430),(31,12742),(33,9514),(34,2888),(35,18031),(36,22020),(37,18872),(38,816),(39,20779),(40,25384),(41,33215),(42,10540),(43,8560),(45,4896),(48,891),(50,2070),(51,23809),(53,4895),(54,35992),(59,35828),(60,26556),(62,9611),(63,25474),(64,3502),(65,11829),(67,24623),(70,25316),(73,5697),(74,29863),(76,19459),(78,27729),(79,32391),(80,25284),(81,7570),(83,14660),(84,13511),(86,26223),(87,4843),(88,20314),(89,21834),(91,16410),(92,13738)]	123.008250
979	[(1,16878),(3,36430),(10,17298),(12,20443),(14,35933),(15,23106),(16,32342),(19,7975),(20,30686),(26,20643),(27,19059),(28,35092),(29,25498),(30,17949),(32,29945),(35,25213),(37,21692),(38,35970),(39,26166),(41,5687),(48,32775),(49,36434),(54,32809),(55,21961),(59,34385),(60,36128),(61,16115),(62,25884),(63,4458),(64,25695),(66,2674),(67,21962),(68,23792),(69,32200),(71,11105),(73,510),(78,30385),(79,3138),(81,5457),(83,27567),(84,10615),(85,20598),(88,33355),(89,16376),(90,35083),(91,14669)]	121.802638
980	[(0,5015),(3,33788),(4,29912),(7,21640),(9,25016),(10,24211),(12,17030),(13,22690),(17,28903),(18,3181),(22,25066),(23,14764),(24,3216),(28,9532),(29,34784),(30,31485),(31,11400),(33,12507),(34,1574),(35,24386),(36,20299),(37,30322),(38,20743),(39,3818),(41,12922),(43,14777),(44,25080),(47,3459),(48,7772),(51,36066),(53,14548),(54,32073),(55,35603),(56,8318),(57,7885),(58,26213),(59,27147),(63,25200),(66,1132),(67,33319),(69,12115),(70,25254),(71,31748),(73,34522),(74,15474),(75,33066),(76,3011),(77,32925),(79,13625),(80,11479),(82,18322),(83,30906),(85,23929),(86,13161),(87,13295),(89,30870),(90,21855),(92,2292)]	133.803200
981	[(0,12060),(1,5967),(3,36527),(6,22392),(8,20036),(9,989),(10,29270),(11,8969),(12,5446),(14,29397),(16,23372),(19,18725),(20,16993),(22,16754),(25,7097),(26,10902),(27,28846),(30,8147),(32,36372),(33,24870),(34,35424),(35,15866),(38,25910),(42,3099),(44,21175),(45,10777),(46,11337),(47,14863),(48,13917),(52,29306),(53,7625),(54,30888),(56,13487),(58,26247),(61,30458),(62,16068),(63,20190),(64,6096),(65,33339),(67,3066),(69,19323),(70,17596),(71,28708),(72,16690),(73,22893),(75,7145),(76,2057),(78,6099),(79,35556),(81,15520),(87,12696),(88,782),(89,26248),(91,16661),(92,2214)]	120.765595
982	[(0,18351),(1,5726),(3,11603),(4,9705),(6,15046),(8,8954),(9,15199),(12,34428),(13,27335),(14,31921),(16,14862),(18,5347),(20,10911),(21,35135),(25,28377),(26,22739),(27,30252),(29,29454),(32,18549),(36,27275),(38,7124),(39,13283),(41,7664),(44,35172),(48,398),(50,30342),(52,5872),(53,12091),(54,32316),(55,12411),(56,7874),(58,33590),(63,7081),(66,26632),(68,493),(69,24052),(71,27929),(72,6584),(73,18720),(75,9228),(76,16530),(77,33152),(79,11261),(81,31298),(82,2074),(83,11884),(88,16528),(89,10005),(91,32759),(92,13748)]	139.894063
983	[(3,17866),(6,18556),(7,36283),(9,26722),(10,1956),(11,16157),(17,33512),(19,27778),(21,28143),(22,32150),(24,2699),(25,7502),(26,20291),(29,6921),(31,26882),(32,15294),(33,5987),(34,13772),(35,25453),(38,2041),(39,26160),(41,14135),(42,17769),(43,14597),(45,26625),(46,23792),(49,35815),(53,7601),(54,2773),(55,29418),(56,29660),(57,25523),(59,21604),(60,11518),(61,6080),(64,7227),(65,3402),(66,33310),(67,8935),(68,11194),(70,12778),(71,22031),(72,20154),(73,16942),(74,26856),(75,9173),(77,36235),(78,29688),(79,33191),(80,21284),(82,26678),(83,36161),(84,4575),(85,12679),(86,221),(88,33846),(89,12455),(90,8663),(92,13556)]	120.073021
984	[(0,5388),(3,5615),(4,27936),(5,34768),(6,659),(9,23342),(10,6535),(11,1235),(12,12003),(14,21614),(16,24395),(17,35790),(18,15483),(21,14789),(23,14718),(24,5638),(25,7754),(26,25516),(27,13843),(28,1618),(29,14553),(34,31753),(35,14333),(36,22669),(37,9992),(40,23654),(41,31344),(42,20024),(43,23238),(45,13056),(46,8756),(47,22877),(48,28266),(49,27664),(51,2366),(52,28595),(53,19455),(54,35997),(55,16044),(58,5910),(60,33338),(62,3297),(63,15428),(66,23608),(68,35235),(71,29916),(73,19116),(74,19361),(76,22781),(78,30153),(80,10096),(81,11891),(82,12847),(85,27954),(86,18339),(88,12680),(89,837)]	111.440635
985	[(2,19887),(3,12634),(4,30182),(5,36005),(6,18978),(7,3240),(9,21672),(10,32575),(13,11782),(15,26435),(17,34727),(23,4669),(24,3739),(27,8279),(29,27022),(34,26478),(35,3909),(36,32266),(41,26927),(45,16632),(46,767),(47,15849),(48,21435),(49,33802),(50,25655),(51,26141),(53,17034),(55,30991),(59,35882),(62,28743),(65,4086),(66,25193),(69,21707),(71,27129),(72,21497),(73,28098),(74,2515),(75,27604),(78,30028),(79,11717),(80,34097),(81,29974),(82,34502),(83,19640),(85,5534),(86,11919),(87,31199),(89,10394),(90,36188),(91,18988),(92,23050)]	118.453149
986	[(1,29554),(3,29330),(4,27643),(6,1437),(7,15021),(9,19923),(10,30274),(12,36596),(13,2826),(15,19257),(19,8491),(20,26920),(22,8252),(23,22271),(25,7499),(26,27766),(27,9286),(30,23851),(31,13643),(37,31752),(38,24486),(42,20863),(43,10936),(44,26922),(45,27806),(49,23951),(51,25624),(52,5338),(55,11152),(57,36351),(60,23769),(63,31139),(64,9072),(65,29757),(67,33110),(68,21210),(70,24581),(72,32391),(73,11803),(74,8883),(77,4596),(79,1935),(81,23410),(82,27907),(84,31769),(87,6521),(88,10285),(90,16422),(91,13271),(92,36354)]	121.418480
987	[(2,21414),(4,18063),(6,36715),(8,16594),(9,24616),(13,18870),(14,13044),(16,28527),(19,2457),(21,34382),(22,35732),(23,12260),(24,257),(34,14858),(35,8684),(37,1207),(41,7345),(48,30021),(50,30630),(52,18498),(53,34449),(54,30077),(55,32226),(56,9681),(58,316),(59,2644),(60,26016),(61,1952),(62,30631),(63,16263),(66,14825),(68,11544),(69,14327),(70,28641),(71,34137),(74,14311),(75,12246),(76,2709),(77,4972),(80,11358),(81,22558),(83,28589),(84,19625),(86,1994),(88,14897),(89,31277),(90,5855),(91,21919)]	120.387185
988	[(4,14267),(6,25991),(8,33725),(10,4531),(12,33838),(15,1058),(18,16288),(19,1396),(20,36324),(21,22538),(22,12849),(23,6417),(24,27783),(25,26422),(26,1594),(27,25501),(31,25319),(32,9012),(35,5458),(36,8483),(39,24683),(40,14632),(41,17995),(42,14262),(43,3686),(45,35078),(46,26881),(47,12241),(48,3020),(49,29264),(53,8936),(54,15464),(56,20799),(59,6412),(61,17303),(65,28403),(66,34835),(69,39),(70,22601),(71,26766),(74,23077),(77,6145),(79,13399),(81,3869),(83,10043),(84,19911),(85,10120),(86,34355),(91,17427),(92,4568)]	129.081562
989	[(2,34135),(3,20219),(4,10320),(7,33629),(12,17990),(13,25027),(16,2788),(17,15460),(19,31430),(20,23942),(22,23760),(23,33614),(25,34064),(26,35351),(27,29462),(29,17510),(30,27651),(32,16941),(33,7826),(35,18697),(36,3601),(38,13721),(39,30249),(40,4113),(42,5804),(43,33537),(48,35303),(49,8787),(51,27557),(52,17552),(53,26501),(56,16529),(57,20514),(59,21351),(60,2968),(63,23723),(64,28450),(65,22051),(66,30791),(68,31128),(73,11231),(78,36694),(79,23495),(80,25691),(81,25520),(82,23174),(83,24210),(84,1667),(85,3013),(87,25664),(88,30198),(90,12518),(91,23059),(92,20996)]	120.673214
990	[(0,25326),(2,11993),(3,5539),(5,2287),(6,3914),(7,28021),(8,18138),(10,30594),(11,12138),(14,9957),(18,12695),(19,8716),(20,16143),(21,27290),(22,6477),(23,35966),(24,25004),(25,7865),(28,21850),(29,7427),(30,16820),(31,34501),(36,22799),(39,30537),(40,32694),(41,10517),(42,23791),(44,26110),(47,34318),(48,29113),(54,22494),(55,36237),(56,33431),(58,21042),(59,28532),(60,8672),(62,16660),(65,23212),(66,13001),(67,36210),(68,15468),(69,12415),(70,24808),(71,3824),(72,34327),(74,8394),(76,25353),(77,34772),(78,3416),(79,31774),(82,1128),(83,12883),(84,21283),(88,25381),(89,7299),(90,20908),(91,21695)]	108.415614
991	[(0,12705),(2,10666),(3,32992),(4,15178),(5,3756),(6,10568),(7,13239),(8,26084),(9,29719),(10,17452),(11,35880),(14,32330),(16,22049),(18,6006),(20,16868),(22,15438),(23,18721),(24,31498),(27,18416),(28,33821),(32,8269),(33,15531),(36,32567),(38,15735),(39,10635),(40,12306),(41,26115),(44,30485),(45,34167),(46,19860),(48,21001),(49,28646),(50,8302),(51,31533),(52,29994),(53,29705),(57,3413),(58,25217),(59,5454),(60,15585),(61,16919),(63,5830),(64,26567),(66,30465),(67,34839),(70,12017),(71,25010),(73,28028),(75,10058),(76,13827),(80,13074),(81,26397),(82,28426),(86,36586),(88,34184),(90,30937),(91,25580),(92,2581)]	137.532165
992	[(1,16846),(2,20411),(5,29989),(7,12365),(9,31642),(13,32526),(14,5080),(16,29883),(17,1897),(18,15272),(19,15064),(20,3712),(21,22610),(23,30218),(25,24847),(26,23086),(28,5690),(31,35202),(34,9384),(35,4310),(36,5117),(37,22161),(38,18681),(39,22965),(40,18512),(42,20098),(43,27425),(46,28871),(47,34592),(49,7847),(50,19890),(55,19804),(56,30242),(60,33239),(61,26420),(62,30307),(63,12723),(64,7899),(65,30962),(67,29401),(69,32210),(71,10473),(72,17877),(73,26634),(74,28842),(75,26869),(76,3214),(77,2204),(79,35455),(82,2598),(83,1144),(84,16748),(85,21305),(87,34664),(88,26868),(91,32345),(92,22292)]	112.576377
993	[(1,10996),(3,8423),(4,26299),(5,13671),(6,19227),(7,23249),(8,19763),(9,29273),(14,24083),(19,33950),(21,31770),(22,8639),(24,13984),(25,18663),(26,24764),(27,25022),(28,15594),(29,16284),(30,3412),(31,24185),(33,8448),(37,32592),(38,14868),(39,22391),(41,19030),(42,17483),(43,28255),(44,16452),(47,3289),(50,21080),(51,18959),(52,21460),(53,32282),(56,19471),(57,19762),(58,26011),(59,25865),(61,17317),(62,29670),(63,34784),(64,33433),(66,21901),(68,30186),(70,33034),(71,8669),(73,25928),(74,26900),(79,25134),(81,23115),(82,9961),(86,13977),(87,11224),(89,34699),(90,14132),(91,27655),(92,25816)]	110.303308
994	[(0,25247),(1,33637),(2,15397),(3,12539),(6,22497),(7,30068),(8,6901),(9,15350),(10,21787),(14,11582),(18,13278),(19,4381),(21,22127),(22,9463),(24,5944),(27,14416),(31,16627),(33,33501),(37,19229),(38,24301),(41,6201),(43,23329),(44,16000),(48,24009),(49,22826),(50,9209),(54,22731),(55,14471),(57,22465),(58,3575),(64,3875),(66,10071),(68,11614),(69,5204),(70,19572),(71,34572),(72,23216),(74,19837),(76,2731),(79,19517),(80,6817),(81,23412),(85,19840),(86,9360),(89,14032),(92,21958)]	121.894688
995	[(2,26037),(4,21755),(5,20925),(8,3258),(10,19973),(11,27303),(13,26592),(14,12204),(15,3872),(16,22390),(18,1291),(19,36658),(20,13707),(24,20586),(25,31202),(28,31433),(29,26755),(31,24264),(33,32404),(35,31225),(36,16650),(37,17985),(44,10098),(46,30699),(54,8649),(56,4537),(57,27726),(58,9223),(61,15156),(64,20729),(70,4878),(71,8782),(73,33743),(74,21474),(84,16300),(86,7464),(87,8817),(89,34001),(92,35884)]	126.316720
996	[(1,19662),(4,5295),(5,10504),(6,30584),(8,36628),(9,33201),(10,15944),(12,35080),(13,30493),(14,21394),(15,24443),(17,29350),(18,17751),(19,20050),(20,4862),(22,32682),(24,2382),(27,22409),(30,17885),(31,7278),(32,12338),(35,14523),(36,35472),(37,13032),(40,27293),(41,32507),(43,13902),(44,12162),(45,28102),(46,10671),(47,9136),(48,28246),(50,30990),(51,9456),(52,33780),(54,34548),(55,16693),(56,13499),(59,34935),(61,35559),(65,6714),(67,6960),(70,35566),(76,17258),(78,32101),(79,23654),(80,31344),(82,26469),(84,3519),(85,31026),(87,23735),(88,1198),(89,31942)]	122.333535
997	[(0,23821),(3,33914),(6,17702),(9,1980),(12,10077),(13,5204),(14,30217),(15,16420),(16,878),(19,34710),(21,7030),(25,7294),(26,15492),(30,16885),(32,9382),(33,2549),(34,5508),(35,29853),(37,33535),(38,13075),(39,35044),(40,11326),(41,20451),(45,31538),(46,8018),(47,26228),(50,29332),(53,33483),(55,26016),(56,1952),(57,23040),(58,9410),(59,2664),(60,32867),(62,9107),(63,2652),(64,13424),(65,31730),(66,31967),(67,5691),(68,30979),(70,21902),(71,30023),(75,32847),(76,13775),(77,7559),(78,10470),(80,19257),(81,3896),(82,28217),(86,32356),(87,9377),(88,5916),(89,6105),(90,29355),(91,21033),(92,377)]	115.266144
998	[(1,13636),(2,28902),(3,18006),(4,26048),(5,12756),(8,4198),(10,16284),(12,31994),(13,10476),(14,28201),(15,33777),(16,15906),(17,1216),(18,13906),(19,6338),(21,20777),(27,13308),(30,9936),(31,35420),(32,16633),(34,30309),(36,29505),(37,19063),(39,33297),(40,12029),(41,18495),(45,2578),(47,32552),(48,4534),(51,1600),(55,34727),(57,14861),(58,23111),(59,15924),(61,3003),(62,15594),(63,16284),(64,3412),(65,35169),(66,3737),(67,335),(68,31840),(69,31834),(70,20889),(71,21579),(72,27845),(73,27371),(74,5315),(75,10087),(76,34450),(78,17138),(79,31206),(82,1250),(84,28614),(85,13679),(86,9928),(87,15991),(89,16978),(90,1951),(92,18801)]	120.888720
999	[(1,5244),(2,21118),(4,23279),(8,16332),(11,21140),(12,141),(13,33307),(14,11689),(15,13281),(16,32746),(17,27319),(18,18093),(19,9579),(20,572),(24,5950),(26,10490),(27,33239),(28,18968),(29,36304),(30,27967),(32,11016),(33,16248),(34,1217),(35,7233),(39,16580),(40,32973),(41,12464),(42,13348),(43,32868),(50,34078),(52,31153),(54,34603),(55,33971),(57,8576),(60,30498),(62,31511),(64,17375),(67,11041),(68,21242),(69,19425),(70,6301),(72,7164),(75,14616),(78,1353),(79,34586),(81,30868),(82,29694),(83,33267),(84,13423),(87,36010),(90,3120),(91,20008)]	147.623423
